contractSymbol,openInterest,volume,snapshot_date
QQQ261005C00450000,0.0,2.0,2026-10-05
QQQ261005P00450000,238.0,0.0,2026-10-05
QQQ261005C00455000,0.0,0.0,2026-10-05
QQQ261005P00455000,98.0,0.0,2026-10-05
QQQ261005C00460000,0.0,0.0,2026-10-05
QQQ261005P00460000,193.0,0.0,2026-10-05
QQQ261005C00465000,0.0,0.0,2026-10-05
QQQ261005P00465000,774.0,0.0,2026-10-05
QQQ261005C00470000,0.0,0.0,2026-10-05
QQQ261005P00470000,362.0,0.0,2026-10-05
QQQ261005C00475000,0.0,0.0,2026-10-05
QQQ261005P00475000,175.0,0.0,2026-10-05
QQQ261005C00480000,0.0,0.0,2026-10-05
QQQ261005P00480000,180.0,0.0,2026-10-05
QQQ261005C00485000,0.0,0.0,2026-10-05
QQQ261005P00485000,50.0,0.0,2026-10-05
QQQ261005C00490000,0.0,20.0,2026-10-05
QQQ261005P00490000,137.0,0.0,2026-10-05
QQQ261005C00495000,0.0,20.0,2026-10-05
QQQ261005P00495000,264.0,0.0,2026-10-05
QQQ261005C00500000,0.0,7.0,2026-10-05
QQQ261005P00500000,122.0,0.0,2026-10-05
QQQ261005C00505000,0.0,7.0,2026-10-05
QQQ261005P00505000,324.0,0.0,2026-10-05
QQQ261005C00510000,0.0,3.0,2026-10-05
QQQ261005P00510000,265.0,0.0,2026-10-05
QQQ261005C00515000,0.0,3.0,2026-10-05
QQQ261005P00515000,764.0,0.0,2026-10-05
QQQ261005C00520000,0.0,5.0,2026-10-05
QQQ261005P00520000,482.0,0.0,2026-10-05
QQQ261005C00525000,0.0,5.0,2026-10-05
QQQ261005P00525000,1422.0,0.0,2026-10-05
QQQ261005C00530000,11.0,0.0,2026-10-05
QQQ261005P00530000,555.0,0.0,2026-10-05
QQQ261005C00535000,0.0,0.0,2026-10-05
QQQ261005P00535000,828.0,0.0,2026-10-05
QQQ261005C00540000,0.0,0.0,2026-10-05
QQQ261005P00540000,827.0,0.0,2026-10-05
QQQ261005C00545000,0.0,0.0,2026-10-05
QQQ261005P00545000,977.0,0.0,2026-10-05
QQQ261005C00550000,0.0,0.0,2026-10-05
QQQ261005P00550000,613.0,0.0,2026-10-05
QQQ261005C00555000,0.0,0.0,2026-10-05
QQQ261005P00555000,1124.0,0.0,2026-10-05
QQQ261005C00560000,0.0,0.0,2026-10-05
QQQ261005P00560000,10608.0,10178.0,2026-10-05
QQQ261005C00565000,0.0,0.0,2026-10-05
QQQ261005P00565000,2402.0,0.0,2026-10-05
QQQ261005C00570000,0.0,0.0,2026-10-05
QQQ261005P00570000,1559.0,0.0,2026-10-05
QQQ261005C00575000,0.0,0.0,2026-10-05
QQQ261005P00575000,948.0,0.0,2026-10-05
QQQ261005C00580000,0.0,0.0,2026-10-05
QQQ261005P00580000,10038.0,0.0,2026-10-05
QQQ261005C00585000,0.0,0.0,2026-10-05
QQQ261005P00585000,8320.0,0.0,2026-10-05
QQQ261005C00590000,0.0,0.0,2026-10-05
QQQ261005P00590000,4227.0,0.0,2026-10-05
QQQ261005C00595000,0.0,0.0,2026-10-05
QQQ261005P00595000,1839.0,0.0,2026-10-05
QQQ261005C00600000,15.0,10.0,2026-10-05
QQQ261005P00600000,2409.0,0.0,2026-10-05
QQQ261005C00605000,0.0,0.0,2026-10-05
QQQ261005P00605000,1996.0,0.0,2026-10-05
QQQ261005C00610000,0.0,0.0,2026-10-05
QQQ261005P00610000,1788.0,0.0,2026-10-05
QQQ261005C00615000,0.0,0.0,2026-10-05
QQQ261005P00615000,856.0,0.0,2026-10-05
QQQ261005C00620000,0.0,0.0,2026-10-05
QQQ261005P00620000,350.0,0.0,2026-10-05
QQQ261005C00625000,0.0,0.0,2026-10-05
QQQ261005P00625000,3192.0,0.0,2026-10-05
QQQ261005C00630000,0.0,0.0,2026-10-05
QQQ261005P00630000,786.0,0.0,2026-10-05
QQQ261005C00635000,1.0,0.0,2026-10-05
QQQ261005P00635000,1115.0,0.0,2026-10-05
QQQ261005C00640000,0.0,0.0,2026-10-05
QQQ261005P00640000,1098.0,0.0,2026-10-05
QQQ261005C00645000,0.0,0.0,2026-10-05
QQQ261005P00645000,691.0,34.0,2026-10-05
QQQ261005C00650000,0.0,0.0,2026-10-05
QQQ261005P00650000,853.0,0.0,2026-10-05
QQQ261005C00655000,0.0,0.0,2026-10-05
QQQ261005P00655000,1467.0,0.0,2026-10-05
QQQ261005C00660000,6.0,0.0,2026-10-05
QQQ261005P00660000,13482.0,17.0,2026-10-05
QQQ261005C00665000,0.0,0.0,2026-10-05
QQQ261005P00665000,6503.0,1.0,2026-10-05
QQQ261005C00670000,7.0,0.0,2026-10-05
QQQ261005P00670000,1864.0,0.0,2026-10-05
QQQ261005C00675000,9.0,9.0,2026-10-05
QQQ261005P00675000,2034.0,5.0,2026-10-05
QQQ261005C00680000,3.0,2.0,2026-10-05
QQQ261005P00680000,3502.0,15.0,2026-10-05
QQQ261005C00685000,0.0,0.0,2026-10-05
QQQ261005P00685000,2405.0,17.0,2026-10-05
QQQ261005C00689000,0.0,0.0,2026-10-05
QQQ261005P00689000,1248.0,30.0,2026-10-05
QQQ261005C00690000,37.0,32.0,2026-10-05
QQQ261005P00690000,2646.0,1.0,2026-10-05
QQQ261005C00691000,2.0,3.0,2026-10-05
QQQ261005P00691000,1361.0,50.0,2026-10-05
QQQ261005C00692000,1.0,8.0,2026-10-05
QQQ261005P00692000,1357.0,0.0,2026-10-05
QQQ261005C00693000,1.0,8.0,2026-10-05
QQQ261005P00693000,1385.0,0.0,2026-10-05
QQQ261005C00694000,2.0,0.0,2026-10-05
QQQ261005P00694000,677.0,4.0,2026-10-05
QQQ261005C00695000,48.0,32.0,2026-10-05
QQQ261005P00695000,2313.0,5.0,2026-10-05
QQQ261005C00696000,2.0,2.0,2026-10-05
QQQ261005P00696000,930.0,5.0,2026-10-05
QQQ261005C00697000,1.0,0.0,2026-10-05
QQQ261005P00697000,266.0,3.0,2026-10-05
QQQ261005C00698000,9.0,1.0,2026-10-05
QQQ261005P00698000,1765.0,24.0,2026-10-05
QQQ261005C00699000,22.0,22.0,2026-10-05
QQQ261005P00699000,1925.0,5.0,2026-10-05
QQQ261005C00700000,13.0,4.0,2026-10-05
QQQ261005P00700000,7930.0,2057.0,2026-10-05
QQQ261005C00701000,24.0,22.0,2026-10-05
QQQ261005P00701000,2016.0,3177.0,2026-10-05
QQQ261005C00702000,2.0,2.0,2026-10-05
QQQ261005P00702000,405.0,1682.0,2026-10-05
QQQ261005C00703000,2.0,2.0,2026-10-05
QQQ261005P00703000,260.0,1560.0,2026-10-05
QQQ261005C00704000,27.0,20.0,2026-10-05
QQQ261005P00704000,561.0,1579.0,2026-10-05
QQQ261005C00705000,3.0,1.0,2026-10-05
QQQ261005P00705000,2078.0,387.0,2026-10-05
QQQ261005C00706000,12.0,14.0,2026-10-05
QQQ261005P00706000,1802.0,470.0,2026-10-05
QQQ261005C00707000,4.0,10.0,2026-10-05
QQQ261005P00707000,1414.0,468.0,2026-10-05
QQQ261005C00708000,3.0,3.0,2026-10-05
QQQ261005P00708000,194.0,2184.0,2026-10-05
QQQ261005C00709000,3.0,0.0,2026-10-05
QQQ261005P00709000,668.0,3463.0,2026-10-05
QQQ261005C00710000,11.0,8.0,2026-10-05
QQQ261005P00710000,2194.0,3223.0,2026-10-05
QQQ261005C00711000,14.0,9.0,2026-10-05
QQQ261005P00711000,5043.0,2395.0,2026-10-05
QQQ261005C00712000,8.0,9.0,2026-10-05
QQQ261005P00712000,795.0,7044.0,2026-10-05
QQQ261005C00713000,16.0,15.0,2026-10-05
QQQ261005P00713000,917.0,3097.0,2026-10-05
QQQ261005C00714000,2.0,2.0,2026-10-05
QQQ261005P00714000,1836.0,84.0,2026-10-05
QQQ261005C00715000,93.0,27.0,2026-10-05
QQQ261005P00715000,3171.0,297.0,2026-10-05
QQQ261005C00716000,2.0,14.0,2026-10-05
QQQ261005P00716000,607.0,454.0,2026-10-05
QQQ261005C00717000,67.0,19.0,2026-10-05
QQQ261005P00717000,1409.0,379.0,2026-10-05
QQQ261005C00718000,1.0,2.0,2026-10-05
QQQ261005P00718000,1154.0,1149.0,2026-10-05
QQQ261005C00719000,8.0,12.0,2026-10-05
QQQ261005P00719000,2864.0,833.0,2026-10-05
QQQ261005C00720000,149.0,99.0,2026-10-05
QQQ261005P00720000,4614.0,1319.0,2026-10-05
QQQ261005C00721000,18.0,23.0,2026-10-05
QQQ261005P00721000,1133.0,1199.0,2026-10-05
QQQ261005C00722000,170.0,174.0,2026-10-05
QQQ261005P00722000,1459.0,1251.0,2026-10-05
QQQ261005C00723000,175.0,164.0,2026-10-05
QQQ261005P00723000,1185.0,1424.0,2026-10-05
QQQ261005C00724000,15.0,213.0,2026-10-05
QQQ261005P00724000,596.0,1261.0,2026-10-05
QQQ261005C00725000,192.0,259.0,2026-10-05
QQQ261005P00725000,7893.0,2762.0,2026-10-05
QQQ261005C00726000,34.0,25.0,2026-10-05
QQQ261005P00726000,1063.0,2973.0,2026-10-05
QQQ261005C00727000,25.0,40.0,2026-10-05
QQQ261005P00727000,1949.0,2900.0,2026-10-05
QQQ261005C00728000,89.0,55.0,2026-10-05
QQQ261005P00728000,2603.0,3132.0,2026-10-05
QQQ261005C00729000,186.0,40.0,2026-10-05
QQQ261005P00729000,1184.0,2405.0,2026-10-05
QQQ261005C00730000,266.0,152.0,2026-10-05
QQQ261005P00730000,4035.0,4074.0,2026-10-05
QQQ261005C00731000,115.0,31.0,2026-10-05
QQQ261005P00731000,1824.0,4826.0,2026-10-05
QQQ261005C00732000,403.0,302.0,2026-10-05
QQQ261005P00732000,4021.0,4229.0,2026-10-05
QQQ261005C00733000,192.0,144.0,2026-10-05
QQQ261005P00733000,5816.0,1626.0,2026-10-05
QQQ261005C00734000,281.0,15.0,2026-10-05
QQQ261005P00734000,2688.0,7072.0,2026-10-05
QQQ261005C00735000,340.0,101.0,2026-10-05
QQQ261005P00735000,9324.0,9414.0,2026-10-05
QQQ261005C00736000,525.0,70.0,2026-10-05
QQQ261005P00736000,18921.0,9794.0,2026-10-05
QQQ261005C00737000,483.0,45.0,2026-10-05
QQQ261005P00737000,3881.0,4983.0,2026-10-05
QQQ261005C00738000,694.0,247.0,2026-10-05
QQQ261005P00738000,2678.0,4718.0,2026-10-05
QQQ261005C00739000,621.0,232.0,2026-10-05
QQQ261005P00739000,3862.0,3951.0,2026-10-05
QQQ261005C00740000,1350.0,445.0,2026-10-05
QQQ261005P00740000,6655.0,17330.0,2026-10-05
QQQ261005C00741000,876.0,350.0,2026-10-05
QQQ261005P00741000,2901.0,9579.0,2026-10-05
QQQ261005C00742000,760.0,271.0,2026-10-05
QQQ261005P00742000,4135.0,11866.0,2026-10-05
QQQ261005C00743000,1495.0,404.0,2026-10-05
QQQ261005P00743000,2772.0,18382.0,2026-10-05
QQQ261005C00744000,1017.0,583.0,2026-10-05
QQQ261005P00744000,3628.0,17854.0,2026-10-05
QQQ261005C00745000,2062.0,2569.0,2026-10-05
QQQ261005P00745000,6459.0,40159.0,2026-10-05
QQQ261005C00746000,1216.0,1417.0,2026-10-05
QQQ261005P00746000,3082.0,40571.0,2026-10-05
QQQ261005C00747000,1447.0,7233.0,2026-10-05
QQQ261005P00747000,3822.0,66325.0,2026-10-05
QQQ261005C00748000,2167.0,7090.0,2026-10-05
QQQ261005P00748000,6293.0,101990.0,2026-10-05
QQQ261005C00749000,2768.0,10874.0,2026-10-05
QQQ261005P00749000,3812.0,88174.0,2026-10-05
QQQ261005C00750000,7188.0,45926.0,2026-10-05
QQQ261005P00750000,6360.0,251422.0,2026-10-05
QQQ261005C00751000,2995.0,62332.0,2026-10-05
QQQ261005P00751000,2623.0,178550.0,2026-10-05
QQQ261005C00752000,3421.0,141711.0,2026-10-05
QQQ261005P00752000,1857.0,312744.0,2026-10-05
QQQ261005C00753000,5844.0,292001.0,2026-10-05
QQQ261005P00753000,1617.0,514016.0,2026-10-05
QQQ261005C00754000,3619.0,421987.0,2026-10-05
QQQ261005P00754000,879.0,407402.0,2026-10-05
QQQ261005C00755000,18720.0,453950.0,2026-10-05
QQQ261005P00755000,732.0,384079.0,2026-10-05
QQQ261005C00756000,2544.0,340055.0,2026-10-05
QQQ261005P00756000,306.0,226529.0,2026-10-05
QQQ261005C00757000,3180.0,179758.0,2026-10-05
QQQ261005P00757000,177.0,82913.0,2026-10-05
QQQ261005C00758000,1573.0,77955.0,2026-10-05
QQQ261005P00758000,103.0,9914.0,2026-10-05
QQQ261005C00759000,1731.0,29501.0,2026-10-05
QQQ261005P00759000,397.0,3370.0,2026-10-05
QQQ261005C00760000,10945.0,38707.0,2026-10-05
QQQ261005P00760000,120.0,2493.0,2026-10-05
QQQ261005C00761000,1873.0,13032.0,2026-10-05
QQQ261005P00761000,16.0,318.0,2026-10-05
QQQ261005C00762000,1797.0,11665.0,2026-10-05
QQQ261005P00762000,49.0,96.0,2026-10-05
QQQ261005C00763000,1953.0,5363.0,2026-10-05
QQQ261005P00763000,7.0,81.0,2026-10-05
QQQ261005C00764000,1437.0,6318.0,2026-10-05
QQQ261005P00764000,0.0,20.0,2026-10-05
QQQ261005C00765000,4692.0,3791.0,2026-10-05
QQQ261005P00765000,8.0,38.0,2026-10-05
QQQ261005C00766000,1779.0,1540.0,2026-10-05
QQQ261005P00766000,0.0,4.0,2026-10-05
QQQ261005C00767000,1421.0,2618.0,2026-10-05
QQQ261005P00767000,0.0,2.0,2026-10-05
QQQ261005C00768000,1364.0,503.0,2026-10-05
QQQ261005P00768000,0.0,5.0,2026-10-05
QQQ261005C00769000,1340.0,578.0,2026-10-05
QQQ261005P00769000,0.0,0.0,2026-10-05
QQQ261005C00770000,4633.0,631.0,2026-10-05
QQQ261005P00770000,0.0,163.0,2026-10-05
QQQ261005C00771000,1380.0,39.0,2026-10-05
QQQ261005P00771000,30.0,37.0,2026-10-05
QQQ261005C00772000,429.0,9.0,2026-10-05
QQQ261005P00772000,0.0,0.0,2026-10-05
QQQ261005C00773000,814.0,102.0,2026-10-05
QQQ261005P00773000,0.0,3.0,2026-10-05
QQQ261005C00774000,406.0,65.0,2026-10-05
QQQ261005P00774000,0.0,1.0,2026-10-05
QQQ261005C00775000,2966.0,135.0,2026-10-05
QQQ261005P00775000,0.0,44.0,2026-10-05
QQQ261005C00776000,0.0,124.0,2026-10-05
QQQ261005P00776000,0.0,33.0,2026-10-05
QQQ261005C00777000,0.0,16.0,2026-10-05
QQQ261005P00777000,0.0,7.0,2026-10-05
QQQ261005C00778000,0.0,0.0,2026-10-05
QQQ261005P00778000,0.0,1.0,2026-10-05
QQQ261005C00779000,0.0,100.0,2026-10-05
QQQ261005P00779000,0.0,1.0,2026-10-05
QQQ261005C00780000,1927.0,21.0,2026-10-05
QQQ261005P00780000,31.0,40.0,2026-10-05
QQQ261005C00781000,0.0,0.0,2026-10-05
QQQ261005P00781000,0.0,1.0,2026-10-05
QQQ261005C00782000,0.0,0.0,2026-10-05
QQQ261005P00782000,0.0,0.0,2026-10-05
QQQ261005C00783000,0.0,0.0,2026-10-05
QQQ261005P00783000,0.0,1.0,2026-10-05
QQQ261005C00784000,0.0,0.0,2026-10-05
QQQ261005P00784000,0.0,1.0,2026-10-05
QQQ261005C00785000,841.0,31.0,2026-10-05
QQQ261005P00785000,0.0,51.0,2026-10-05
QQQ261005C00786000,0.0,0.0,2026-10-05
QQQ261005P00786000,0.0,1.0,2026-10-05
QQQ261005C00787000,0.0,0.0,2026-10-05
QQQ261005P00787000,0.0,1.0,2026-10-05
QQQ261005C00788000,0.0,0.0,2026-10-05
QQQ261005P00788000,0.0,1.0,2026-10-05
QQQ261005C00789000,0.0,0.0,2026-10-05
QQQ261005P00789000,0.0,1.0,2026-10-05
QQQ261005C00790000,110.0,1.0,2026-10-05
QQQ261005P00790000,0.0,3.0,2026-10-05
QQQ261005C00791000,0.0,0.0,2026-10-05
QQQ261005P00791000,0.0,4.0,2026-10-05
QQQ261005C00792000,0.0,0.0,2026-10-05
QQQ261005P00792000,0.0,1.0,2026-10-05
QQQ261005C00793000,0.0,0.0,2026-10-05
QQQ261005P00793000,0.0,1.0,2026-10-05
QQQ261005C00794000,0.0,0.0,2026-10-05
QQQ261005P00794000,0.0,1.0,2026-10-05
QQQ261005C00795000,105.0,0.0,2026-10-05
QQQ261005P00795000,0.0,1.0,2026-10-05
QQQ261005C00796000,0.0,0.0,2026-10-05
QQQ261005P00796000,0.0,0.0,2026-10-05
QQQ261005C00797000,0.0,0.0,2026-10-05
QQQ261005P00797000,0.0,1.0,2026-10-05
QQQ261005C00798000,0.0,0.0,2026-10-05
QQQ261005P00798000,0.0,1.0,2026-10-05
QQQ261005C00799000,0.0,0.0,2026-10-05
QQQ261005P00799000,0.0,1.0,2026-10-05
QQQ261005C00800000,100.0,0.0,2026-10-05
QQQ261005P00800000,0.0,1.0,2026-10-05
QQQ261005C00801000,0.0,0.0,2026-10-05
QQQ261005P00801000,0.0,0.0,2026-10-05
QQQ261005C00802000,0.0,0.0,2026-10-05
QQQ261005P00802000,0.0,0.0,2026-10-05
QQQ261005C00803000,0.0,0.0,2026-10-05
QQQ261005P00803000,0.0,1.0,2026-10-05
QQQ261005C00804000,0.0,0.0,2026-10-05
QQQ261005P00804000,0.0,1.0,2026-10-05
QQQ261005C00805000,169.0,0.0,2026-10-05
QQQ261005P00805000,0.0,1.0,2026-10-05
QQQ261005C00806000,0.0,0.0,2026-10-05
QQQ261005P00806000,0.0,1.0,2026-10-05
QQQ261005C00807000,0.0,0.0,2026-10-05
QQQ261005P00807000,0.0,1.0,2026-10-05
QQQ261005C00808000,0.0,0.0,2026-10-05
QQQ261005P00808000,0.0,1.0,2026-10-05
QQQ261005C00809000,0.0,0.0,2026-10-05
QQQ261005P00809000,0.0,1.0,2026-10-05
QQQ261005C00810000,41.0,0.0,2026-10-05
QQQ261005P00810000,0.0,1.0,2026-10-05
QQQ261005C00815000,95.0,0.0,2026-10-05
QQQ261005P00815000,0.0,0.0,2026-10-05
QQQ261005C00820000,172.0,0.0,2026-10-05
QQQ261005P00820000,0.0,0.0,2026-10-05
QQQ261005C00825000,360.0,0.0,2026-10-05
QQQ261005P00825000,0.0,0.0,2026-10-05
QQQ261005C00830000,239.0,7.0,2026-10-05
QQQ261005P00830000,0.0,0.0,2026-10-05
QQQ261005C00835000,341.0,0.0,2026-10-05
QQQ261005P00835000,0.0,0.0,2026-10-05
QQQ261005C00840000,27.0,0.0,2026-10-05
QQQ261005P00840000,0.0,0.0,2026-10-05
QQQ261005C00845000,80.0,0.0,2026-10-05
QQQ261005P00845000,0.0,0.0,2026-10-05
QQQ261005C00850000,81.0,0.0,2026-10-05
QQQ261005P00850000,0.0,0.0,2026-10-05
QQQ261005C00855000,0.0,0.0,2026-10-05
QQQ261005P00855000,0.0,0.0,2026-10-05
QQQ261005C00860000,29.0,0.0,2026-10-05
QQQ261005P00860000,0.0,0.0,2026-10-05
QQQ261005C00865000,45.0,0.0,2026-10-05
QQQ261005P00865000,0.0,0.0,2026-10-05
QQQ261005C00870000,84.0,0.0,2026-10-05
QQQ261005P00870000,0.0,0.0,2026-10-05
QQQ261005C00875000,40.0,0.0,2026-10-05
QQQ261005P00875000,0.0,0.0,2026-10-05
QQQ261005C00880000,20.0,103.0,2026-10-05
QQQ261005P00880000,0.0,0.0,2026-10-05
QQQ261005C00885000,0.0,0.0,2026-10-05
QQQ261005P00885000,0.0,0.0,2026-10-05
QQQ261005C00890000,0.0,0.0,2026-10-05
QQQ261005P00890000,0.0,0.0,2026-10-05
QQQ261005C00895000,0.0,0.0,2026-10-05
QQQ261005P00895000,0.0,0.0,2026-10-05
QQQ261005C00900000,0.0,0.0,2026-10-05
QQQ261005P00900000,0.0,0.0,2026-10-05
QQQ261006C00500000,0.0,0.0,2026-10-05
QQQ261006P00500000,50.0,3.0,2026-10-05
QQQ261006C00505000,0.0,0.0,2026-10-05
QQQ261006P00505000,285.0,0.0,2026-10-05
QQQ261006C00510000,0.0,0.0,2026-10-05
QQQ261006P00510000,229.0,0.0,2026-10-05
QQQ261006C00515000,0.0,0.0,2026-10-05
QQQ261006P00515000,1008.0,0.0,2026-10-05
QQQ261006C00520000,0.0,0.0,2026-10-05
QQQ261006P00520000,906.0,49.0,2026-10-05
QQQ261006C00525000,17.0,17.0,2026-10-05
QQQ261006P00525000,737.0,313.0,2026-10-05
QQQ261006C00530000,11.0,11.0,2026-10-05
QQQ261006P00530000,681.0,240.0,2026-10-05
QQQ261006C00535000,0.0,0.0,2026-10-05
QQQ261006P00535000,431.0,223.0,2026-10-05
QQQ261006C00540000,0.0,0.0,2026-10-05
QQQ261006P00540000,568.0,1595.0,2026-10-05
QQQ261006C00545000,0.0,0.0,2026-10-05
QQQ261006P00545000,280.0,556.0,2026-10-05
QQQ261006C00550000,0.0,0.0,2026-10-05
QQQ261006P00550000,843.0,894.0,2026-10-05
QQQ261006C00555000,0.0,0.0,2026-10-05
QQQ261006P00555000,272.0,294.0,2026-10-05
QQQ261006C00560000,0.0,0.0,2026-10-05
QQQ261006P00560000,356.0,132.0,2026-10-05
QQQ261006C00565000,0.0,0.0,2026-10-05
QQQ261006P00565000,397.0,749.0,2026-10-05
QQQ261006C00570000,0.0,0.0,2026-10-05
QQQ261006P00570000,396.0,785.0,2026-10-05
QQQ261006C00575000,0.0,0.0,2026-10-05
QQQ261006P00575000,331.0,761.0,2026-10-05
QQQ261006C00580000,0.0,0.0,2026-10-05
QQQ261006P00580000,272.0,1267.0,2026-10-05
QQQ261006C00585000,0.0,0.0,2026-10-05
QQQ261006P00585000,605.0,55.0,2026-10-05
QQQ261006C00590000,0.0,0.0,2026-10-05
QQQ261006P00590000,568.0,673.0,2026-10-05
QQQ261006C00595000,0.0,0.0,2026-10-05
QQQ261006P00595000,368.0,215.0,2026-10-05
QQQ261006C00600000,2.0,11.0,2026-10-05
QQQ261006P00600000,48.0,703.0,2026-10-05
QQQ261006C00605000,0.0,0.0,2026-10-05
QQQ261006P00605000,284.0,11427.0,2026-10-05
QQQ261006C00610000,0.0,0.0,2026-10-05
QQQ261006P00610000,197.0,2740.0,2026-10-05
QQQ261006C00615000,0.0,0.0,2026-10-05
QQQ261006P00615000,392.0,2415.0,2026-10-05
QQQ261006C00620000,0.0,0.0,2026-10-05
QQQ261006P00620000,37.0,3490.0,2026-10-05
QQQ261006C00625000,0.0,0.0,2026-10-05
QQQ261006P00625000,30.0,3704.0,2026-10-05
QQQ261006C00630000,0.0,0.0,2026-10-05
QQQ261006P00630000,79.0,2384.0,2026-10-05
QQQ261006C00635000,0.0,0.0,2026-10-05
QQQ261006P00635000,76.0,2077.0,2026-10-05
QQQ261006C00640000,0.0,0.0,2026-10-05
QQQ261006P00640000,90.0,1637.0,2026-10-05
QQQ261006C00645000,0.0,0.0,2026-10-05
QQQ261006P00645000,290.0,2079.0,2026-10-05
QQQ261006C00650000,2.0,2.0,2026-10-05
QQQ261006P00650000,3311.0,1888.0,2026-10-05
QQQ261006C00655000,0.0,0.0,2026-10-05
QQQ261006P00655000,359.0,785.0,2026-10-05
QQQ261006C00660000,0.0,0.0,2026-10-05
QQQ261006P00660000,4270.0,926.0,2026-10-05
QQQ261006C00665000,0.0,0.0,2026-10-05
QQQ261006P00665000,3249.0,1787.0,2026-10-05
QQQ261006C00670000,0.0,0.0,2026-10-05
QQQ261006P00670000,311.0,1322.0,2026-10-05
QQQ261006C00675000,0.0,0.0,2026-10-05
QQQ261006P00675000,166.0,1987.0,2026-10-05
QQQ261006C00680000,1.0,0.0,2026-10-05
QQQ261006P00680000,204.0,2845.0,2026-10-05
QQQ261006C00685000,0.0,0.0,2026-10-05
QQQ261006P00685000,414.0,2811.0,2026-10-05
QQQ261006C00690000,5.0,36.0,2026-10-05
QQQ261006P00690000,880.0,2894.0,2026-10-05
QQQ261006C00691000,0.0,4.0,2026-10-05
QQQ261006P00691000,126.0,4002.0,2026-10-05
QQQ261006C00692000,0.0,0.0,2026-10-05
QQQ261006P00692000,332.0,1781.0,2026-10-05
QQQ261006C00693000,0.0,0.0,2026-10-05
QQQ261006P00693000,99.0,1800.0,2026-10-05
QQQ261006C00694000,0.0,0.0,2026-10-05
QQQ261006P00694000,211.0,1973.0,2026-10-05
QQQ261006C00695000,37.0,38.0,2026-10-05
QQQ261006P00695000,912.0,2511.0,2026-10-05
QQQ261006C00696000,1.0,0.0,2026-10-05
QQQ261006P00696000,229.0,2090.0,2026-10-05
QQQ261006C00697000,1.0,0.0,2026-10-05
QQQ261006P00697000,816.0,1737.0,2026-10-05
QQQ261006C00698000,1.0,0.0,2026-10-05
QQQ261006P00698000,242.0,2272.0,2026-10-05
QQQ261006C00699000,0.0,1.0,2026-10-05
QQQ261006P00699000,140.0,2563.0,2026-10-05
QQQ261006C00700000,71.0,2.0,2026-10-05
QQQ261006P00700000,651.0,2685.0,2026-10-05
QQQ261006C00701000,5.0,0.0,2026-10-05
QQQ261006P00701000,273.0,2844.0,2026-10-05
QQQ261006C00702000,0.0,0.0,2026-10-05
QQQ261006P00702000,76.0,2353.0,2026-10-05
QQQ261006C00703000,8.0,4.0,2026-10-05
QQQ261006P00703000,839.0,2998.0,2026-10-05
QQQ261006C00704000,0.0,0.0,2026-10-05
QQQ261006P00704000,198.0,2263.0,2026-10-05
QQQ261006C00705000,8.0,7.0,2026-10-05
QQQ261006P00705000,2853.0,1560.0,2026-10-05
QQQ261006C00706000,5.0,1.0,2026-10-05
QQQ261006P00706000,1473.0,1616.0,2026-10-05
QQQ261006C00707000,79.0,0.0,2026-10-05
QQQ261006P00707000,588.0,2924.0,2026-10-05
QQQ261006C00708000,0.0,0.0,2026-10-05
QQQ261006P00708000,122.0,578.0,2026-10-05
QQQ261006C00709000,3.0,0.0,2026-10-05
QQQ261006P00709000,669.0,458.0,2026-10-05
QQQ261006C00710000,9.0,18.0,2026-10-05
QQQ261006P00710000,1762.0,837.0,2026-10-05
QQQ261006C00711000,10.0,0.0,2026-10-05
QQQ261006P00711000,716.0,631.0,2026-10-05
QQQ261006C00712000,16.0,1.0,2026-10-05
QQQ261006P00712000,381.0,888.0,2026-10-05
QQQ261006C00713000,2.0,0.0,2026-10-05
QQQ261006P00713000,687.0,859.0,2026-10-05
QQQ261006C00714000,2.0,0.0,2026-10-05
QQQ261006P00714000,295.0,148.0,2026-10-05
QQQ261006C00715000,45.0,45.0,2026-10-05
QQQ261006P00715000,5606.0,292.0,2026-10-05
QQQ261006C00716000,25.0,1.0,2026-10-05
QQQ261006P00716000,305.0,62.0,2026-10-05
QQQ261006C00717000,3.0,1.0,2026-10-05
QQQ261006P00717000,240.0,31.0,2026-10-05
QQQ261006C00718000,1.0,15.0,2026-10-05
QQQ261006P00718000,222.0,96.0,2026-10-05
QQQ261006C00719000,9.0,4.0,2026-10-05
QQQ261006P00719000,203.0,666.0,2026-10-05
QQQ261006C00720000,59.0,48.0,2026-10-05
QQQ261006P00720000,1023.0,1424.0,2026-10-05
QQQ261006C00721000,5.0,2.0,2026-10-05
QQQ261006P00721000,527.0,374.0,2026-10-05
QQQ261006C00722000,26.0,96.0,2026-10-05
QQQ261006P00722000,346.0,369.0,2026-10-05
QQQ261006C00723000,25.0,246.0,2026-10-05
QQQ261006P00723000,537.0,365.0,2026-10-05
QQQ261006C00724000,27.0,4.0,2026-10-05
QQQ261006P00724000,473.0,281.0,2026-10-05
QQQ261006C00725000,73.0,17.0,2026-10-05
QQQ261006P00725000,1485.0,786.0,2026-10-05
QQQ261006C00726000,34.0,30.0,2026-10-05
QQQ261006P00726000,262.0,754.0,2026-10-05
QQQ261006C00727000,22.0,6.0,2026-10-05
QQQ261006P00727000,800.0,1352.0,2026-10-05
QQQ261006C00728000,36.0,2.0,2026-10-05
QQQ261006P00728000,758.0,850.0,2026-10-05
QQQ261006C00729000,15.0,0.0,2026-10-05
QQQ261006P00729000,370.0,1155.0,2026-10-05
QQQ261006C00730000,346.0,155.0,2026-10-05
QQQ261006P00730000,1578.0,2657.0,2026-10-05
QQQ261006C00731000,187.0,7.0,2026-10-05
QQQ261006P00731000,399.0,1533.0,2026-10-05
QQQ261006C00732000,349.0,151.0,2026-10-05
QQQ261006P00732000,530.0,1238.0,2026-10-05
QQQ261006C00733000,68.0,31.0,2026-10-05
QQQ261006P00733000,843.0,3111.0,2026-10-05
QQQ261006C00734000,66.0,20.0,2026-10-05
QQQ261006P00734000,551.0,1697.0,2026-10-05
QQQ261006C00735000,310.0,82.0,2026-10-05
QQQ261006P00735000,851.0,5120.0,2026-10-05
QQQ261006C00736000,61.0,37.0,2026-10-05
QQQ261006P00736000,5738.0,4992.0,2026-10-05
QQQ261006C00737000,188.0,20.0,2026-10-05
QQQ261006P00737000,1473.0,2640.0,2026-10-05
QQQ261006C00738000,1318.0,75.0,2026-10-05
QQQ261006P00738000,2340.0,3161.0,2026-10-05
QQQ261006C00739000,368.0,41.0,2026-10-05
QQQ261006P00739000,974.0,3117.0,2026-10-05
QQQ261006C00740000,1688.0,311.0,2026-10-05
QQQ261006P00740000,25530.0,69001.0,2026-10-05
QQQ261006C00741000,167.0,157.0,2026-10-05
QQQ261006P00741000,709.0,4166.0,2026-10-05
QQQ261006C00742000,398.0,75.0,2026-10-05
QQQ261006P00742000,767.0,4980.0,2026-10-05
QQQ261006C00743000,503.0,275.0,2026-10-05
QQQ261006P00743000,639.0,6956.0,2026-10-05
QQQ261006C00744000,348.0,268.0,2026-10-05
QQQ261006P00744000,737.0,36035.0,2026-10-05
QQQ261006C00745000,755.0,392.0,2026-10-05
QQQ261006P00745000,1003.0,17160.0,2026-10-05
QQQ261006C00746000,232.0,506.0,2026-10-05
QQQ261006P00746000,1214.0,10260.0,2026-10-05
QQQ261006C00747000,781.0,497.0,2026-10-05
QQQ261006P00747000,559.0,16930.0,2026-10-05
QQQ261006C00748000,1001.0,898.0,2026-10-05
QQQ261006P00748000,823.0,38292.0,2026-10-05
QQQ261006C00749000,898.0,2081.0,2026-10-05
QQQ261006P00749000,1334.0,183879.0,2026-10-05
QQQ261006C00750000,1912.0,8461.0,2026-10-05
QQQ261006P00750000,910.0,65109.0,2026-10-05
QQQ261006C00751000,922.0,7013.0,2026-10-05
QQQ261006P00751000,266.0,30605.0,2026-10-05
QQQ261006C00752000,1327.0,17303.0,2026-10-05
QQQ261006P00752000,339.0,32877.0,2026-10-05
QQQ261006C00753000,697.0,32693.0,2026-10-05
QQQ261006P00753000,483.0,45815.0,2026-10-05
QQQ261006C00754000,875.0,28614.0,2026-10-05
QQQ261006P00754000,99.0,42771.0,2026-10-05
QQQ261006C00755000,1212.0,47201.0,2026-10-05
QQQ261006P00755000,161.0,56196.0,2026-10-05
QQQ261006C00756000,551.0,34161.0,2026-10-05
QQQ261006P00756000,65.0,36117.0,2026-10-05
QQQ261006C00757000,1997.0,27414.0,2026-10-05
QQQ261006P00757000,63.0,12554.0,2026-10-05
QQQ261006C00758000,574.0,19034.0,2026-10-05
QQQ261006P00758000,60.0,4304.0,2026-10-05
QQQ261006C00759000,449.0,12826.0,2026-10-05
QQQ261006P00759000,21.0,2071.0,2026-10-05
QQQ261006C00760000,1238.0,21241.0,2026-10-05
QQQ261006P00760000,70.0,4752.0,2026-10-05
QQQ261006C00761000,298.0,13503.0,2026-10-05
QQQ261006P00761000,47.0,253.0,2026-10-05
QQQ261006C00762000,882.0,9991.0,2026-10-05
QQQ261006P00762000,9.0,337.0,2026-10-05
QQQ261006C00763000,578.0,11854.0,2026-10-05
QQQ261006P00763000,3.0,43.0,2026-10-05
QQQ261006C00764000,468.0,5406.0,2026-10-05
QQQ261006P00764000,6.0,176.0,2026-10-05
QQQ261006C00765000,853.0,7365.0,2026-10-05
QQQ261006P00765000,3.0,265.0,2026-10-05
QQQ261006C00766000,511.0,2965.0,2026-10-05
QQQ261006P00766000,3.0,53.0,2026-10-05
QQQ261006C00767000,159.0,2128.0,2026-10-05
QQQ261006P00767000,0.0,24.0,2026-10-05
QQQ261006C00768000,294.0,6516.0,2026-10-05
QQQ261006P00768000,1.0,55.0,2026-10-05
QQQ261006C00769000,377.0,751.0,2026-10-05
QQQ261006P00769000,0.0,1.0,2026-10-05
QQQ261006C00770000,2857.0,2807.0,2026-10-05
QQQ261006P00770000,5.0,34.0,2026-10-05
QQQ261006C00771000,445.0,4494.0,2026-10-05
QQQ261006P00771000,0.0,0.0,2026-10-05
QQQ261006C00772000,223.0,1581.0,2026-10-05
QQQ261006P00772000,0.0,0.0,2026-10-05
QQQ261006C00773000,78.0,563.0,2026-10-05
QQQ261006P00773000,0.0,0.0,2026-10-05
QQQ261006C00774000,392.0,519.0,2026-10-05
QQQ261006P00774000,0.0,30.0,2026-10-05
QQQ261006C00775000,278.0,976.0,2026-10-05
QQQ261006P00775000,0.0,0.0,2026-10-05
QQQ261006C00776000,0.0,917.0,2026-10-05
QQQ261006P00776000,0.0,0.0,2026-10-05
QQQ261006C00777000,0.0,784.0,2026-10-05
QQQ261006P00777000,0.0,0.0,2026-10-05
QQQ261006C00778000,0.0,316.0,2026-10-05
QQQ261006P00778000,0.0,0.0,2026-10-05
QQQ261006C00779000,0.0,80.0,2026-10-05
QQQ261006P00779000,0.0,0.0,2026-10-05
QQQ261006C00780000,530.0,183.0,2026-10-05
QQQ261006P00780000,0.0,33.0,2026-10-05
QQQ261006C00781000,0.0,2.0,2026-10-05
QQQ261006P00781000,0.0,0.0,2026-10-05
QQQ261006C00782000,0.0,0.0,2026-10-05
QQQ261006P00782000,0.0,0.0,2026-10-05
QQQ261006C00783000,0.0,0.0,2026-10-05
QQQ261006P00783000,0.0,0.0,2026-10-05
QQQ261006C00784000,0.0,0.0,2026-10-05
QQQ261006P00784000,0.0,0.0,2026-10-05
QQQ261006C00785000,413.0,1.0,2026-10-05
QQQ261006P00785000,0.0,0.0,2026-10-05
QQQ261006C00786000,0.0,0.0,2026-10-05
QQQ261006P00786000,0.0,0.0,2026-10-05
QQQ261006C00787000,0.0,0.0,2026-10-05
QQQ261006P00787000,0.0,0.0,2026-10-05
QQQ261006C00788000,0.0,0.0,2026-10-05
QQQ261006P00788000,0.0,0.0,2026-10-05
QQQ261006C00789000,0.0,0.0,2026-10-05
QQQ261006P00789000,0.0,0.0,2026-10-05
QQQ261006C00790000,567.0,0.0,2026-10-05
QQQ261006P00790000,0.0,0.0,2026-10-05
QQQ261006C00791000,0.0,0.0,2026-10-05
QQQ261006P00791000,0.0,0.0,2026-10-05
QQQ261006C00792000,0.0,6.0,2026-10-05
QQQ261006P00792000,0.0,2.0,2026-10-05
QQQ261006C00793000,0.0,0.0,2026-10-05
QQQ261006P00793000,0.0,0.0,2026-10-05
QQQ261006C00794000,0.0,0.0,2026-10-05
QQQ261006P00794000,0.0,0.0,2026-10-05
QQQ261006C00795000,65.0,2.0,2026-10-05
QQQ261006P00795000,0.0,0.0,2026-10-05
QQQ261006C00796000,0.0,0.0,2026-10-05
QQQ261006P00796000,0.0,0.0,2026-10-05
QQQ261006C00797000,0.0,0.0,2026-10-05
QQQ261006P00797000,0.0,0.0,2026-10-05
QQQ261006C00798000,0.0,0.0,2026-10-05
QQQ261006P00798000,0.0,0.0,2026-10-05
QQQ261006C00799000,0.0,0.0,2026-10-05
QQQ261006P00799000,0.0,0.0,2026-10-05
QQQ261006C00800000,361.0,8.0,2026-10-05
QQQ261006P00800000,0.0,0.0,2026-10-05
QQQ261006C00801000,0.0,0.0,2026-10-05
QQQ261006P00801000,0.0,0.0,2026-10-05
QQQ261006C00802000,0.0,0.0,2026-10-05
QQQ261006P00802000,0.0,0.0,2026-10-05
QQQ261006C00803000,0.0,0.0,2026-10-05
QQQ261006P00803000,0.0,0.0,2026-10-05
QQQ261006C00804000,0.0,0.0,2026-10-05
QQQ261006P00804000,0.0,0.0,2026-10-05
QQQ261006C00805000,182.0,0.0,2026-10-05
QQQ261006P00805000,0.0,0.0,2026-10-05
QQQ261006C00806000,0.0,0.0,2026-10-05
QQQ261006P00806000,0.0,0.0,2026-10-05
QQQ261006C00807000,0.0,0.0,2026-10-05
QQQ261006P00807000,0.0,0.0,2026-10-05
QQQ261006C00808000,0.0,0.0,2026-10-05
QQQ261006P00808000,0.0,0.0,2026-10-05
QQQ261006C00809000,0.0,0.0,2026-10-05
QQQ261006P00809000,0.0,0.0,2026-10-05
QQQ261006C00810000,207.0,0.0,2026-10-05
QQQ261006P00810000,0.0,0.0,2026-10-05
QQQ261006C00815000,33.0,0.0,2026-10-05
QQQ261006P00815000,0.0,0.0,2026-10-05
QQQ261006C00820000,41.0,80.0,2026-10-05
QQQ261006P00820000,0.0,0.0,2026-10-05
QQQ261006C00825000,79.0,0.0,2026-10-05
QQQ261006P00825000,0.0,0.0,2026-10-05
QQQ261006C00830000,1.0,0.0,2026-10-05
QQQ261006P00830000,0.0,0.0,2026-10-05
QQQ261006C00835000,0.0,0.0,2026-10-05
QQQ261006P00835000,0.0,0.0,2026-10-05
QQQ261006C00840000,0.0,0.0,2026-10-05
QQQ261006P00840000,0.0,0.0,2026-10-05
QQQ261006C00845000,0.0,0.0,2026-10-05
QQQ261006P00845000,0.0,0.0,2026-10-05
QQQ261006C00850000,4.0,0.0,2026-10-05
QQQ261006P00850000,0.0,0.0,2026-10-05
QQQ261006C00855000,10.0,0.0,2026-10-05
QQQ261006P00855000,0.0,0.0,2026-10-05
QQQ261006C00860000,0.0,0.0,2026-10-05
QQQ261006P00860000,0.0,0.0,2026-10-05
QQQ261006C00865000,0.0,0.0,2026-10-05
QQQ261006P00865000,0.0,0.0,2026-10-05
QQQ261006C00870000,0.0,0.0,2026-10-05
QQQ261006P00870000,0.0,0.0,2026-10-05
QQQ261006C00875000,0.0,0.0,2026-10-05
QQQ261006P00875000,0.0,0.0,2026-10-05
QQQ261006C00880000,0.0,0.0,2026-10-05
QQQ261006P00880000,0.0,0.0,2026-10-05
QQQ261006C00885000,0.0,0.0,2026-10-05
QQQ261006P00885000,0.0,0.0,2026-10-05
QQQ261006C00890000,0.0,0.0,2026-10-05
QQQ261006P00890000,0.0,0.0,2026-10-05
QQQ261006C00895000,0.0,0.0,2026-10-05
QQQ261006P00895000,0.0,0.0,2026-10-05
QQQ261006C00900000,0.0,0.0,2026-10-05
QQQ261006P00900000,0.0,0.0,2026-10-05
QQQ261007C00500000,0.0,0.0,2026-10-05
QQQ261007P00500000,349.0,3.0,2026-10-05
QQQ261007C00505000,0.0,0.0,2026-10-05
QQQ261007P00505000,449.0,46.0,2026-10-05
QQQ261007C00510000,0.0,0.0,2026-10-05
QQQ261007P00510000,675.0,2.0,2026-10-05
QQQ261007C00515000,0.0,0.0,2026-10-05
QQQ261007P00515000,769.0,469.0,2026-10-05
QQQ261007C00520000,0.0,0.0,2026-10-05
QQQ261007P00520000,163.0,165.0,2026-10-05
QQQ261007C00525000,0.0,17.0,2026-10-05
QQQ261007P00525000,407.0,50.0,2026-10-05
QQQ261007C00530000,0.0,11.0,2026-10-05
QQQ261007P00530000,310.0,0.0,2026-10-05
QQQ261007C00535000,0.0,0.0,2026-10-05
QQQ261007P00535000,248.0,0.0,2026-10-05
QQQ261007C00540000,0.0,0.0,2026-10-05
QQQ261007P00540000,340.0,0.0,2026-10-05
QQQ261007C00545000,0.0,0.0,2026-10-05
QQQ261007P00545000,365.0,0.0,2026-10-05
QQQ261007C00550000,0.0,0.0,2026-10-05
QQQ261007P00550000,527.0,0.0,2026-10-05
QQQ261007C00555000,0.0,0.0,2026-10-05
QQQ261007P00555000,251.0,283.0,2026-10-05
QQQ261007C00560000,0.0,0.0,2026-10-05
QQQ261007P00560000,223.0,1029.0,2026-10-05
QQQ261007C00565000,0.0,0.0,2026-10-05
QQQ261007P00565000,229.0,197.0,2026-10-05
QQQ261007C00570000,0.0,0.0,2026-10-05
QQQ261007P00570000,144.0,80.0,2026-10-05
QQQ261007C00575000,0.0,0.0,2026-10-05
QQQ261007P00575000,222.0,205.0,2026-10-05
QQQ261007C00580000,0.0,0.0,2026-10-05
QQQ261007P00580000,213.0,160.0,2026-10-05
QQQ261007C00585000,0.0,0.0,2026-10-05
QQQ261007P00585000,172.0,98.0,2026-10-05
QQQ261007C00590000,0.0,0.0,2026-10-05
QQQ261007P00590000,109.0,441.0,2026-10-05
QQQ261007C00595000,0.0,0.0,2026-10-05
QQQ261007P00595000,175.0,1271.0,2026-10-05
QQQ261007C00600000,7.0,0.0,2026-10-05
QQQ261007P00600000,152.0,356.0,2026-10-05
QQQ261007C00605000,30.0,0.0,2026-10-05
QQQ261007P00605000,120.0,1176.0,2026-10-05
QQQ261007C00610000,0.0,0.0,2026-10-05
QQQ261007P00610000,468.0,1578.0,2026-10-05
QQQ261007C00615000,0.0,0.0,2026-10-05
QQQ261007P00615000,106.0,1176.0,2026-10-05
QQQ261007C00620000,0.0,0.0,2026-10-05
QQQ261007P00620000,102.0,246.0,2026-10-05
QQQ261007C00625000,30.0,0.0,2026-10-05
QQQ261007P00625000,26.0,188.0,2026-10-05
QQQ261007C00630000,1.0,0.0,2026-10-05
QQQ261007P00630000,770.0,160.0,2026-10-05
QQQ261007C00635000,1.0,0.0,2026-10-05
QQQ261007P00635000,143.0,210.0,2026-10-05
QQQ261007C00640000,31.0,0.0,2026-10-05
QQQ261007P00640000,500.0,490.0,2026-10-05
QQQ261007C00645000,3.0,0.0,2026-10-05
QQQ261007P00645000,603.0,180.0,2026-10-05
QQQ261007C00650000,1.0,0.0,2026-10-05
QQQ261007P00650000,360.0,33.0,2026-10-05
QQQ261007C00655000,0.0,0.0,2026-10-05
QQQ261007P00655000,2372.0,179.0,2026-10-05
QQQ261007C00660000,0.0,0.0,2026-10-05
QQQ261007P00660000,1127.0,493.0,2026-10-05
QQQ261007C00665000,0.0,0.0,2026-10-05
QQQ261007P00665000,4278.0,15.0,2026-10-05
QQQ261007C00670000,0.0,0.0,2026-10-05
QQQ261007P00670000,5071.0,232.0,2026-10-05
QQQ261007C00675000,0.0,0.0,2026-10-05
QQQ261007P00675000,13193.0,103.0,2026-10-05
QQQ261007C00680000,15.0,0.0,2026-10-05
QQQ261007P00680000,1408.0,20.0,2026-10-05
QQQ261007C00685000,6.0,6.0,2026-10-05
QQQ261007P00685000,1893.0,323.0,2026-10-05
QQQ261007C00690000,5.0,0.0,2026-10-05
QQQ261007P00690000,688.0,217.0,2026-10-05
QQQ261007C00691000,0.0,0.0,2026-10-05
QQQ261007P00691000,210.0,216.0,2026-10-05
QQQ261007C00692000,0.0,0.0,2026-10-05
QQQ261007P00692000,386.0,221.0,2026-10-05
QQQ261007C00693000,0.0,0.0,2026-10-05
QQQ261007P00693000,174.0,216.0,2026-10-05
QQQ261007C00694000,0.0,0.0,2026-10-05
QQQ261007P00694000,198.0,260.0,2026-10-05
QQQ261007C00695000,44.0,4.0,2026-10-05
QQQ261007P00695000,227.0,147.0,2026-10-05
QQQ261007C00696000,0.0,0.0,2026-10-05
QQQ261007P00696000,60.0,111.0,2026-10-05
QQQ261007C00697000,0.0,0.0,2026-10-05
QQQ261007P00697000,449.0,1232.0,2026-10-05
QQQ261007C00698000,0.0,0.0,2026-10-05
QQQ261007P00698000,336.0,1482.0,2026-10-05
QQQ261007C00699000,0.0,0.0,2026-10-05
QQQ261007P00699000,337.0,470.0,2026-10-05
QQQ261007C00700000,4.0,1.0,2026-10-05
QQQ261007P00700000,598.0,334.0,2026-10-05
QQQ261007C00701000,5.0,0.0,2026-10-05
QQQ261007P00701000,86.0,3098.0,2026-10-05
QQQ261007C00702000,1.0,0.0,2026-10-05
QQQ261007P00702000,323.0,548.0,2026-10-05
QQQ261007C00703000,5.0,0.0,2026-10-05
QQQ261007P00703000,222.0,129.0,2026-10-05
QQQ261007C00704000,10.0,0.0,2026-10-05
QQQ261007P00704000,981.0,11.0,2026-10-05
QQQ261007C00705000,10.0,10.0,2026-10-05
QQQ261007P00705000,1463.0,65.0,2026-10-05
QQQ261007C00706000,5.0,0.0,2026-10-05
QQQ261007P00706000,1312.0,321.0,2026-10-05
QQQ261007C00707000,1.0,0.0,2026-10-05
QQQ261007P00707000,301.0,113.0,2026-10-05
QQQ261007C00708000,0.0,0.0,2026-10-05
QQQ261007P00708000,151.0,25.0,2026-10-05
QQQ261007C00709000,3.0,1.0,2026-10-05
QQQ261007P00709000,412.0,66.0,2026-10-05
QQQ261007C00710000,11.0,2.0,2026-10-05
QQQ261007P00710000,543.0,48.0,2026-10-05
QQQ261007C00711000,12.0,3.0,2026-10-05
QQQ261007P00711000,479.0,13.0,2026-10-05
QQQ261007C00712000,30.0,1.0,2026-10-05
QQQ261007P00712000,207.0,33.0,2026-10-05
QQQ261007C00713000,25.0,35.0,2026-10-05
QQQ261007P00713000,171.0,36.0,2026-10-05
QQQ261007C00714000,1.0,0.0,2026-10-05
QQQ261007P00714000,564.0,61.0,2026-10-05
QQQ261007C00715000,58.0,15.0,2026-10-05
QQQ261007P00715000,1486.0,112.0,2026-10-05
QQQ261007C00716000,3.0,1.0,2026-10-05
QQQ261007P00716000,1278.0,32.0,2026-10-05
QQQ261007C00717000,6.0,1.0,2026-10-05
QQQ261007P00717000,3449.0,140.0,2026-10-05
QQQ261007C00718000,3.0,1.0,2026-10-05
QQQ261007P00718000,454.0,37.0,2026-10-05
QQQ261007C00719000,17.0,1.0,2026-10-05
QQQ261007P00719000,212.0,43.0,2026-10-05
QQQ261007C00720000,14.0,18.0,2026-10-05
QQQ261007P00720000,1611.0,1186.0,2026-10-05
QQQ261007C00721000,7.0,0.0,2026-10-05
QQQ261007P00721000,180.0,62.0,2026-10-05
QQQ261007C00722000,53.0,1.0,2026-10-05
QQQ261007P00722000,274.0,74.0,2026-10-05
QQQ261007C00723000,35.0,7.0,2026-10-05
QQQ261007P00723000,469.0,99.0,2026-10-05
QQQ261007C00724000,3.0,0.0,2026-10-05
QQQ261007P00724000,194.0,210.0,2026-10-05
QQQ261007C00725000,18.0,0.0,2026-10-05
QQQ261007P00725000,1401.0,1839.0,2026-10-05
QQQ261007C00726000,105.0,0.0,2026-10-05
QQQ261007P00726000,452.0,46.0,2026-10-05
QQQ261007C00727000,115.0,0.0,2026-10-05
QQQ261007P00727000,371.0,196.0,2026-10-05
QQQ261007C00728000,239.0,28.0,2026-10-05
QQQ261007P00728000,575.0,461.0,2026-10-05
QQQ261007C00729000,17.0,0.0,2026-10-05
QQQ261007P00729000,244.0,200.0,2026-10-05
QQQ261007C00730000,180.0,50.0,2026-10-05
QQQ261007P00730000,2354.0,777.0,2026-10-05
QQQ261007C00731000,95.0,4.0,2026-10-05
QQQ261007P00731000,354.0,1011.0,2026-10-05
QQQ261007C00732000,15.0,32.0,2026-10-05
QQQ261007P00732000,147.0,281.0,2026-10-05
QQQ261007C00733000,173.0,2.0,2026-10-05
QQQ261007P00733000,345.0,375.0,2026-10-05
QQQ261007C00734000,69.0,0.0,2026-10-05
QQQ261007P00734000,337.0,848.0,2026-10-05
QQQ261007C00735000,172.0,68.0,2026-10-05
QQQ261007P00735000,879.0,1092.0,2026-10-05
QQQ261007C00736000,251.0,25.0,2026-10-05
QQQ261007P00736000,311.0,1310.0,2026-10-05
QQQ261007C00737000,196.0,16.0,2026-10-05
QQQ261007P00737000,511.0,762.0,2026-10-05
QQQ261007C00738000,407.0,12.0,2026-10-05
QQQ261007P00738000,1672.0,2055.0,2026-10-05
QQQ261007C00739000,173.0,61.0,2026-10-05
QQQ261007P00739000,354.0,375.0,2026-10-05
QQQ261007C00740000,2453.0,200.0,2026-10-05
QQQ261007P00740000,1038.0,3375.0,2026-10-05
QQQ261007C00741000,397.0,28.0,2026-10-05
QQQ261007P00741000,529.0,534.0,2026-10-05
QQQ261007C00742000,155.0,124.0,2026-10-05
QQQ261007P00742000,430.0,1200.0,2026-10-05
QQQ261007C00743000,447.0,95.0,2026-10-05
QQQ261007P00743000,359.0,2640.0,2026-10-05
QQQ261007C00744000,342.0,42.0,2026-10-05
QQQ261007P00744000,350.0,2384.0,2026-10-05
QQQ261007C00745000,666.0,381.0,2026-10-05
QQQ261007P00745000,586.0,5977.0,2026-10-05
QQQ261007C00746000,202.0,60.0,2026-10-05
QQQ261007P00746000,261.0,1736.0,2026-10-05
QQQ261007C00747000,145.0,199.0,2026-10-05
QQQ261007P00747000,225.0,2167.0,2026-10-05
QQQ261007C00748000,397.0,359.0,2026-10-05
QQQ261007P00748000,652.0,6221.0,2026-10-05
QQQ261007C00749000,375.0,416.0,2026-10-05
QQQ261007P00749000,620.0,6440.0,2026-10-05
QQQ261007C00750000,1370.0,2044.0,2026-10-05
QQQ261007P00750000,538.0,10496.0,2026-10-05
QQQ261007C00751000,369.0,1082.0,2026-10-05
QQQ261007P00751000,336.0,4494.0,2026-10-05
QQQ261007C00752000,1797.0,5991.0,2026-10-05
QQQ261007P00752000,196.0,5651.0,2026-10-05
QQQ261007C00753000,157.0,10812.0,2026-10-05
QQQ261007P00753000,439.0,6911.0,2026-10-05
QQQ261007C00754000,332.0,6551.0,2026-10-05
QQQ261007P00754000,199.0,6132.0,2026-10-05
QQQ261007C00755000,1539.0,9305.0,2026-10-05
QQQ261007P00755000,824.0,5408.0,2026-10-05
QQQ261007C00756000,520.0,4809.0,2026-10-05
QQQ261007P00756000,69.0,3339.0,2026-10-05
QQQ261007C00757000,615.0,4997.0,2026-10-05
QQQ261007P00757000,24.0,1433.0,2026-10-05
QQQ261007C00758000,269.0,4254.0,2026-10-05
QQQ261007P00758000,12.0,816.0,2026-10-05
QQQ261007C00759000,357.0,5647.0,2026-10-05
QQQ261007P00759000,17.0,318.0,2026-10-05
QQQ261007C00760000,5365.0,10566.0,2026-10-05
QQQ261007P00760000,81.0,542.0,2026-10-05
QQQ261007C00761000,473.0,2063.0,2026-10-05
QQQ261007P00761000,6.0,146.0,2026-10-05
QQQ261007C00762000,963.0,14974.0,2026-10-05
QQQ261007P00762000,6.0,44.0,2026-10-05
QQQ261007C00763000,3504.0,3302.0,2026-10-05
QQQ261007P00763000,10.0,54.0,2026-10-05
QQQ261007C00764000,466.0,1615.0,2026-10-05
QQQ261007P00764000,2.0,6.0,2026-10-05
QQQ261007C00765000,1508.0,3318.0,2026-10-05
QQQ261007P00765000,7.0,102.0,2026-10-05
QQQ261007C00766000,424.0,1780.0,2026-10-05
QQQ261007P00766000,1.0,15.0,2026-10-05
QQQ261007C00767000,389.0,3509.0,2026-10-05
QQQ261007P00767000,0.0,3.0,2026-10-05
QQQ261007C00768000,503.0,1708.0,2026-10-05
QQQ261007P00768000,1.0,12.0,2026-10-05
QQQ261007C00769000,309.0,1717.0,2026-10-05
QQQ261007P00769000,0.0,6.0,2026-10-05
QQQ261007C00770000,2082.0,851.0,2026-10-05
QQQ261007P00770000,2.0,80.0,2026-10-05
QQQ261007C00771000,499.0,387.0,2026-10-05
QQQ261007P00771000,0.0,0.0,2026-10-05
QQQ261007C00772000,451.0,253.0,2026-10-05
QQQ261007P00772000,0.0,1.0,2026-10-05
QQQ261007C00773000,437.0,296.0,2026-10-05
QQQ261007P00773000,0.0,4.0,2026-10-05
QQQ261007C00774000,296.0,321.0,2026-10-05
QQQ261007P00774000,0.0,0.0,2026-10-05
QQQ261007C00775000,802.0,2272.0,2026-10-05
QQQ261007P00775000,0.0,0.0,2026-10-05
QQQ261007C00776000,0.0,2042.0,2026-10-05
QQQ261007P00776000,0.0,0.0,2026-10-05
QQQ261007C00777000,0.0,68.0,2026-10-05
QQQ261007P00777000,0.0,0.0,2026-10-05
QQQ261007C00778000,0.0,52.0,2026-10-05
QQQ261007P00778000,0.0,0.0,2026-10-05
QQQ261007C00779000,0.0,224.0,2026-10-05
QQQ261007P00779000,0.0,0.0,2026-10-05
QQQ261007C00780000,514.0,385.0,2026-10-05
QQQ261007P00780000,0.0,0.0,2026-10-05
QQQ261007C00781000,0.0,90.0,2026-10-05
QQQ261007P00781000,0.0,0.0,2026-10-05
QQQ261007C00782000,0.0,66.0,2026-10-05
QQQ261007P00782000,0.0,0.0,2026-10-05
QQQ261007C00783000,0.0,223.0,2026-10-05
QQQ261007P00783000,0.0,0.0,2026-10-05
QQQ261007C00784000,0.0,8.0,2026-10-05
QQQ261007P00784000,0.0,0.0,2026-10-05
QQQ261007C00785000,216.0,47.0,2026-10-05
QQQ261007P00785000,0.0,0.0,2026-10-05
QQQ261007C00786000,0.0,0.0,2026-10-05
QQQ261007P00786000,0.0,0.0,2026-10-05
QQQ261007C00787000,0.0,5.0,2026-10-05
QQQ261007P00787000,0.0,0.0,2026-10-05
QQQ261007C00788000,0.0,0.0,2026-10-05
QQQ261007P00788000,0.0,0.0,2026-10-05
QQQ261007C00789000,0.0,5.0,2026-10-05
QQQ261007P00789000,0.0,0.0,2026-10-05
QQQ261007C00790000,161.0,18.0,2026-10-05
QQQ261007P00790000,0.0,0.0,2026-10-05
QQQ261007C00791000,0.0,0.0,2026-10-05
QQQ261007P00791000,0.0,0.0,2026-10-05
QQQ261007C00792000,0.0,10.0,2026-10-05
QQQ261007P00792000,0.0,0.0,2026-10-05
QQQ261007C00793000,0.0,100.0,2026-10-05
QQQ261007P00793000,0.0,0.0,2026-10-05
QQQ261007C00794000,0.0,1.0,2026-10-05
QQQ261007P00794000,0.0,0.0,2026-10-05
QQQ261007C00795000,111.0,0.0,2026-10-05
QQQ261007P00795000,0.0,0.0,2026-10-05
QQQ261007C00796000,0.0,0.0,2026-10-05
QQQ261007P00796000,0.0,0.0,2026-10-05
QQQ261007C00797000,0.0,0.0,2026-10-05
QQQ261007P00797000,0.0,0.0,2026-10-05
QQQ261007C00798000,0.0,0.0,2026-10-05
QQQ261007P00798000,0.0,0.0,2026-10-05
QQQ261007C00799000,0.0,0.0,2026-10-05
QQQ261007P00799000,0.0,0.0,2026-10-05
QQQ261007C00800000,2718.0,0.0,2026-10-05
QQQ261007P00800000,0.0,0.0,2026-10-05
QQQ261007C00801000,0.0,0.0,2026-10-05
QQQ261007P00801000,0.0,0.0,2026-10-05
QQQ261007C00802000,0.0,0.0,2026-10-05
QQQ261007P00802000,0.0,0.0,2026-10-05
QQQ261007C00803000,0.0,0.0,2026-10-05
QQQ261007P00803000,0.0,0.0,2026-10-05
QQQ261007C00804000,0.0,0.0,2026-10-05
QQQ261007P00804000,0.0,0.0,2026-10-05
QQQ261007C00805000,180.0,0.0,2026-10-05
QQQ261007P00805000,0.0,0.0,2026-10-05
QQQ261007C00806000,0.0,0.0,2026-10-05
QQQ261007P00806000,0.0,0.0,2026-10-05
QQQ261007C00807000,0.0,0.0,2026-10-05
QQQ261007P00807000,0.0,0.0,2026-10-05
QQQ261007C00808000,0.0,0.0,2026-10-05
QQQ261007P00808000,0.0,0.0,2026-10-05
QQQ261007C00809000,0.0,0.0,2026-10-05
QQQ261007P00809000,0.0,0.0,2026-10-05
QQQ261007C00810000,80.0,0.0,2026-10-05
QQQ261007P00810000,0.0,0.0,2026-10-05
QQQ261007C00815000,47.0,0.0,2026-10-05
QQQ261007P00815000,0.0,0.0,2026-10-05
QQQ261007C00820000,58.0,0.0,2026-10-05
QQQ261007P00820000,0.0,0.0,2026-10-05
QQQ261007C00825000,32.0,0.0,2026-10-05
QQQ261007P00825000,0.0,0.0,2026-10-05
QQQ261007C00830000,29.0,0.0,2026-10-05
QQQ261007P00830000,0.0,0.0,2026-10-05
QQQ261007C00835000,0.0,0.0,2026-10-05
QQQ261007P00835000,0.0,0.0,2026-10-05
QQQ261007C00840000,0.0,0.0,2026-10-05
QQQ261007P00840000,0.0,0.0,2026-10-05
QQQ261007C00845000,40.0,0.0,2026-10-05
QQQ261007P00845000,0.0,0.0,2026-10-05
QQQ261007C00850000,0.0,0.0,2026-10-05
QQQ261007P00850000,0.0,0.0,2026-10-05
QQQ261007C00855000,0.0,0.0,2026-10-05
QQQ261007P00855000,0.0,0.0,2026-10-05
QQQ261007C00860000,0.0,0.0,2026-10-05
QQQ261007P00860000,0.0,0.0,2026-10-05
QQQ261007C00865000,0.0,0.0,2026-10-05
QQQ261007P00865000,0.0,0.0,2026-10-05
QQQ261007C00870000,0.0,0.0,2026-10-05
QQQ261007P00870000,0.0,0.0,2026-10-05
QQQ261007C00875000,0.0,0.0,2026-10-05
QQQ261007P00875000,0.0,0.0,2026-10-05
QQQ261007C00880000,0.0,0.0,2026-10-05
QQQ261007P00880000,0.0,0.0,2026-10-05
QQQ261007C00885000,0.0,0.0,2026-10-05
QQQ261007P00885000,0.0,0.0,2026-10-05
QQQ261007C00890000,0.0,0.0,2026-10-05
QQQ261007P00890000,0.0,0.0,2026-10-05
QQQ261007C00895000,0.0,0.0,2026-10-05
QQQ261007P00895000,0.0,0.0,2026-10-05
QQQ261007C00900000,1.0,0.0,2026-10-05
QQQ261007P00900000,0.0,0.0,2026-10-05
QQQ261008C00500000,0.0,2.0,2026-10-05
QQQ261008P00500000,284.0,343.0,2026-10-05
QQQ261008C00505000,0.0,0.0,2026-10-05
QQQ261008P00505000,366.0,87.0,2026-10-05
QQQ261008C00510000,0.0,0.0,2026-10-05
QQQ261008P00510000,274.0,0.0,2026-10-05
QQQ261008C00515000,0.0,0.0,2026-10-05
QQQ261008P00515000,193.0,0.0,2026-10-05
QQQ261008C00520000,0.0,0.0,2026-10-05
QQQ261008P00520000,289.0,0.0,2026-10-05
QQQ261008C00525000,0.0,0.0,2026-10-05
QQQ261008P00525000,348.0,0.0,2026-10-05
QQQ261008C00530000,0.0,0.0,2026-10-05
QQQ261008P00530000,290.0,0.0,2026-10-05
QQQ261008C00535000,0.0,0.0,2026-10-05
QQQ261008P00535000,487.0,0.0,2026-10-05
QQQ261008C00540000,0.0,0.0,2026-10-05
QQQ261008P00540000,799.0,196.0,2026-10-05
QQQ261008C00545000,0.0,0.0,2026-10-05
QQQ261008P00545000,229.0,0.0,2026-10-05
QQQ261008C00550000,0.0,0.0,2026-10-05
QQQ261008P00550000,296.0,294.0,2026-10-05
QQQ261008C00555000,0.0,0.0,2026-10-05
QQQ261008P00555000,155.0,2425.0,2026-10-05
QQQ261008C00560000,0.0,0.0,2026-10-05
QQQ261008P00560000,297.0,0.0,2026-10-05
QQQ261008C00565000,0.0,0.0,2026-10-05
QQQ261008P00565000,40.0,294.0,2026-10-05
QQQ261008C00570000,0.0,0.0,2026-10-05
QQQ261008P00570000,119.0,80.0,2026-10-05
QQQ261008C00575000,0.0,0.0,2026-10-05
QQQ261008P00575000,212.0,196.0,2026-10-05
QQQ261008C00580000,1.0,0.0,2026-10-05
QQQ261008P00580000,266.0,0.0,2026-10-05
QQQ261008C00585000,0.0,0.0,2026-10-05
QQQ261008P00585000,62.0,0.0,2026-10-05
QQQ261008C00590000,0.0,0.0,2026-10-05
QQQ261008P00590000,82.0,0.0,2026-10-05
QQQ261008C00595000,0.0,0.0,2026-10-05
QQQ261008P00595000,353.0,83.0,2026-10-05
QQQ261008C00600000,0.0,0.0,2026-10-05
QQQ261008P00600000,210.0,98.0,2026-10-05
QQQ261008C00605000,1.0,0.0,2026-10-05
QQQ261008P00605000,318.0,0.0,2026-10-05
QQQ261008C00610000,1.0,0.0,2026-10-05
QQQ261008P00610000,208.0,0.0,2026-10-05
QQQ261008C00615000,1.0,0.0,2026-10-05
QQQ261008P00615000,460.0,40.0,2026-10-05
QQQ261008C00620000,1.0,0.0,2026-10-05
QQQ261008P00620000,845.0,0.0,2026-10-05
QQQ261008C00625000,1.0,0.0,2026-10-05
QQQ261008P00625000,17.0,51.0,2026-10-05
QQQ261008C00630000,1.0,0.0,2026-10-05
QQQ261008P00630000,156.0,51.0,2026-10-05
QQQ261008C00635000,1.0,0.0,2026-10-05
QQQ261008P00635000,180.0,4.0,2026-10-05
QQQ261008C00640000,30.0,0.0,2026-10-05
QQQ261008P00640000,573.0,394.0,2026-10-05
QQQ261008C00645000,30.0,0.0,2026-10-05
QQQ261008P00645000,333.0,1.0,2026-10-05
QQQ261008C00650000,1.0,0.0,2026-10-05
QQQ261008P00650000,63.0,27.0,2026-10-05
QQQ261008C00655000,1.0,0.0,2026-10-05
QQQ261008P00655000,105.0,140.0,2026-10-05
QQQ261008C00660000,0.0,0.0,2026-10-05
QQQ261008P00660000,120.0,2.0,2026-10-05
QQQ261008C00665000,0.0,0.0,2026-10-05
QQQ261008P00665000,4001.0,6.0,2026-10-05
QQQ261008C00670000,0.0,0.0,2026-10-05
QQQ261008P00670000,5565.0,100.0,2026-10-05
QQQ261008C00675000,0.0,0.0,2026-10-05
QQQ261008P00675000,6154.0,323.0,2026-10-05
QQQ261008C00680000,0.0,0.0,2026-10-05
QQQ261008P00680000,92.0,18.0,2026-10-05
QQQ261008C00685000,1.0,0.0,2026-10-05
QQQ261008P00685000,215.0,98.0,2026-10-05
QQQ261008C00690000,11.0,0.0,2026-10-05
QQQ261008P00690000,246.0,73.0,2026-10-05
QQQ261008C00691000,0.0,0.0,2026-10-05
QQQ261008P00691000,111.0,1.0,2026-10-05
QQQ261008C00692000,0.0,0.0,2026-10-05
QQQ261008P00692000,788.0,766.0,2026-10-05
QQQ261008C00693000,0.0,0.0,2026-10-05
QQQ261008P00693000,204.0,100.0,2026-10-05
QQQ261008C00694000,0.0,0.0,2026-10-05
QQQ261008P00694000,60.0,13.0,2026-10-05
QQQ261008C00695000,34.0,0.0,2026-10-05
QQQ261008P00695000,239.0,89.0,2026-10-05
QQQ261008C00696000,0.0,0.0,2026-10-05
QQQ261008P00696000,103.0,0.0,2026-10-05
QQQ261008C00697000,0.0,0.0,2026-10-05
QQQ261008P00697000,61.0,1.0,2026-10-05
QQQ261008C00698000,0.0,0.0,2026-10-05
QQQ261008P00698000,311.0,8.0,2026-10-05
QQQ261008C00699000,0.0,0.0,2026-10-05
QQQ261008P00699000,300.0,0.0,2026-10-05
QQQ261008C00700000,4.0,0.0,2026-10-05
QQQ261008P00700000,489.0,52.0,2026-10-05
QQQ261008C00701000,1.0,0.0,2026-10-05
QQQ261008P00701000,208.0,12.0,2026-10-05
QQQ261008C00702000,1.0,0.0,2026-10-05
QQQ261008P00702000,242.0,75.0,2026-10-05
QQQ261008C00703000,0.0,0.0,2026-10-05
QQQ261008P00703000,473.0,384.0,2026-10-05
QQQ261008C00704000,0.0,0.0,2026-10-05
QQQ261008P00704000,153.0,1.0,2026-10-05
QQQ261008C00705000,8.0,0.0,2026-10-05
QQQ261008P00705000,218.0,41.0,2026-10-05
QQQ261008C00706000,1.0,10.0,2026-10-05
QQQ261008P00706000,799.0,26.0,2026-10-05
QQQ261008C00707000,2.0,0.0,2026-10-05
QQQ261008P00707000,626.0,23.0,2026-10-05
QQQ261008C00708000,8.0,1.0,2026-10-05
QQQ261008P00708000,1150.0,4.0,2026-10-05
QQQ261008C00709000,5.0,0.0,2026-10-05
QQQ261008P00709000,248.0,158.0,2026-10-05
QQQ261008C00710000,12.0,0.0,2026-10-05
QQQ261008P00710000,315.0,219.0,2026-10-05
QQQ261008C00711000,0.0,0.0,2026-10-05
QQQ261008P00711000,615.0,128.0,2026-10-05
QQQ261008C00712000,2.0,0.0,2026-10-05
QQQ261008P00712000,115.0,128.0,2026-10-05
QQQ261008C00713000,1.0,0.0,2026-10-05
QQQ261008P00713000,1337.0,1188.0,2026-10-05
QQQ261008C00714000,3.0,0.0,2026-10-05
QQQ261008P00714000,128.0,26.0,2026-10-05
QQQ261008C00715000,46.0,1.0,2026-10-05
QQQ261008P00715000,537.0,39.0,2026-10-05
QQQ261008C00716000,3.0,0.0,2026-10-05
QQQ261008P00716000,697.0,21.0,2026-10-05
QQQ261008C00717000,0.0,0.0,2026-10-05
QQQ261008P00717000,632.0,633.0,2026-10-05
QQQ261008C00718000,4.0,1.0,2026-10-05
QQQ261008P00718000,1241.0,25.0,2026-10-05
QQQ261008C00719000,0.0,0.0,2026-10-05
QQQ261008P00719000,354.0,37.0,2026-10-05
QQQ261008C00720000,3.0,1.0,2026-10-05
QQQ261008P00720000,424.0,174.0,2026-10-05
QQQ261008C00721000,0.0,5.0,2026-10-05
QQQ261008P00721000,2525.0,1129.0,2026-10-05
QQQ261008C00722000,2.0,0.0,2026-10-05
QQQ261008P00722000,96.0,41.0,2026-10-05
QQQ261008C00723000,12.0,0.0,2026-10-05
QQQ261008P00723000,181.0,145.0,2026-10-05
QQQ261008C00724000,6.0,2.0,2026-10-05
QQQ261008P00724000,584.0,324.0,2026-10-05
QQQ261008C00725000,8.0,0.0,2026-10-05
QQQ261008P00725000,1360.0,1347.0,2026-10-05
QQQ261008C00726000,30.0,0.0,2026-10-05
QQQ261008P00726000,117.0,2759.0,2026-10-05
QQQ261008C00727000,97.0,0.0,2026-10-05
QQQ261008P00727000,143.0,152.0,2026-10-05
QQQ261008C00728000,163.0,1.0,2026-10-05
QQQ261008P00728000,232.0,245.0,2026-10-05
QQQ261008C00729000,101.0,0.0,2026-10-05
QQQ261008P00729000,816.0,3246.0,2026-10-05
QQQ261008C00730000,151.0,0.0,2026-10-05
QQQ261008P00730000,583.0,476.0,2026-10-05
QQQ261008C00731000,20.0,3.0,2026-10-05
QQQ261008P00731000,305.0,667.0,2026-10-05
QQQ261008C00732000,64.0,3.0,2026-10-05
QQQ261008P00732000,215.0,178.0,2026-10-05
QQQ261008C00733000,82.0,3.0,2026-10-05
QQQ261008P00733000,89.0,92.0,2026-10-05
QQQ261008C00734000,134.0,3.0,2026-10-05
QQQ261008P00734000,511.0,70.0,2026-10-05
QQQ261008C00735000,309.0,12.0,2026-10-05
QQQ261008P00735000,713.0,719.0,2026-10-05
QQQ261008C00736000,103.0,0.0,2026-10-05
QQQ261008P00736000,169.0,345.0,2026-10-05
QQQ261008C00737000,168.0,1.0,2026-10-05
QQQ261008P00737000,580.0,394.0,2026-10-05
QQQ261008C00738000,252.0,3.0,2026-10-05
QQQ261008P00738000,277.0,254.0,2026-10-05
QQQ261008C00739000,320.0,3.0,2026-10-05
QQQ261008P00739000,484.0,113.0,2026-10-05
QQQ261008C00740000,1485.0,146.0,2026-10-05
QQQ261008P00740000,845.0,1701.0,2026-10-05
QQQ261008C00741000,922.0,13.0,2026-10-05
QQQ261008P00741000,261.0,205.0,2026-10-05
QQQ261008C00742000,255.0,160.0,2026-10-05
QQQ261008P00742000,705.0,114.0,2026-10-05
QQQ261008C00743000,560.0,25.0,2026-10-05
QQQ261008P00743000,245.0,225.0,2026-10-05
QQQ261008C00744000,265.0,73.0,2026-10-05
QQQ261008P00744000,524.0,1788.0,2026-10-05
QQQ261008C00745000,585.0,92.0,2026-10-05
QQQ261008P00745000,372.0,3189.0,2026-10-05
QQQ261008C00746000,197.0,35.0,2026-10-05
QQQ261008P00746000,153.0,1235.0,2026-10-05
QQQ261008C00747000,285.0,79.0,2026-10-05
QQQ261008P00747000,285.0,991.0,2026-10-05
QQQ261008C00748000,390.0,125.0,2026-10-05
QQQ261008P00748000,373.0,474.0,2026-10-05
QQQ261008C00749000,239.0,159.0,2026-10-05
QQQ261008P00749000,2204.0,14009.0,2026-10-05
QQQ261008C00750000,762.0,740.0,2026-10-05
QQQ261008P00750000,729.0,1835.0,2026-10-05
QQQ261008C00751000,255.0,816.0,2026-10-05
QQQ261008P00751000,112.0,3717.0,2026-10-05
QQQ261008C00752000,823.0,748.0,2026-10-05
QQQ261008P00752000,161.0,1171.0,2026-10-05
QQQ261008C00753000,260.0,1552.0,2026-10-05
QQQ261008P00753000,114.0,1676.0,2026-10-05
QQQ261008C00754000,266.0,1097.0,2026-10-05
QQQ261008P00754000,81.0,1309.0,2026-10-05
QQQ261008C00755000,1475.0,1456.0,2026-10-05
QQQ261008P00755000,278.0,2250.0,2026-10-05
QQQ261008C00756000,179.0,1585.0,2026-10-05
QQQ261008P00756000,6.0,980.0,2026-10-05
QQQ261008C00757000,150.0,710.0,2026-10-05
QQQ261008P00757000,205.0,540.0,2026-10-05
QQQ261008C00758000,225.0,577.0,2026-10-05
QQQ261008P00758000,2.0,57.0,2026-10-05
QQQ261008C00759000,1148.0,709.0,2026-10-05
QQQ261008P00759000,7.0,144.0,2026-10-05
QQQ261008C00760000,408.0,3215.0,2026-10-05
QQQ261008P00760000,7.0,938.0,2026-10-05
QQQ261008C00761000,218.0,442.0,2026-10-05
QQQ261008P00761000,0.0,18.0,2026-10-05
QQQ261008C00762000,249.0,331.0,2026-10-05
QQQ261008P00762000,2.0,16.0,2026-10-05
QQQ261008C00763000,171.0,2037.0,2026-10-05
QQQ261008P00763000,0.0,21.0,2026-10-05
QQQ261008C00764000,99.0,685.0,2026-10-05
QQQ261008P00764000,1.0,25.0,2026-10-05
QQQ261008C00765000,685.0,1104.0,2026-10-05
QQQ261008P00765000,23.0,6.0,2026-10-05
QQQ261008C00766000,203.0,155.0,2026-10-05
QQQ261008P00766000,0.0,6.0,2026-10-05
QQQ261008C00767000,115.0,174.0,2026-10-05
QQQ261008P00767000,1.0,35.0,2026-10-05
QQQ261008C00768000,424.0,110.0,2026-10-05
QQQ261008P00768000,0.0,2.0,2026-10-05
QQQ261008C00769000,137.0,208.0,2026-10-05
QQQ261008P00769000,0.0,2.0,2026-10-05
QQQ261008C00770000,559.0,1826.0,2026-10-05
QQQ261008P00770000,1326.0,1331.0,2026-10-05
QQQ261008C00771000,109.0,623.0,2026-10-05
QQQ261008P00771000,0.0,0.0,2026-10-05
QQQ261008C00772000,345.0,318.0,2026-10-05
QQQ261008P00772000,4.0,0.0,2026-10-05
QQQ261008C00773000,482.0,233.0,2026-10-05
QQQ261008P00773000,0.0,0.0,2026-10-05
QQQ261008C00774000,218.0,73.0,2026-10-05
QQQ261008P00774000,0.0,0.0,2026-10-05
QQQ261008C00775000,679.0,322.0,2026-10-05
QQQ261008P00775000,0.0,2.0,2026-10-05
QQQ261008C00776000,0.0,99.0,2026-10-05
QQQ261008P00776000,0.0,0.0,2026-10-05
QQQ261008C00777000,0.0,50.0,2026-10-05
QQQ261008P00777000,0.0,0.0,2026-10-05
QQQ261008C00778000,0.0,8.0,2026-10-05
QQQ261008P00778000,0.0,0.0,2026-10-05
QQQ261008C00779000,0.0,36.0,2026-10-05
QQQ261008P00779000,0.0,0.0,2026-10-05
QQQ261008C00780000,757.0,69.0,2026-10-05
QQQ261008P00780000,0.0,0.0,2026-10-05
QQQ261008C00781000,0.0,2.0,2026-10-05
QQQ261008P00781000,0.0,0.0,2026-10-05
QQQ261008C00782000,0.0,0.0,2026-10-05
QQQ261008P00782000,0.0,0.0,2026-10-05
QQQ261008C00783000,0.0,51.0,2026-10-05
QQQ261008P00783000,0.0,0.0,2026-10-05
QQQ261008C00784000,0.0,0.0,2026-10-05
QQQ261008P00784000,0.0,0.0,2026-10-05
QQQ261008C00785000,357.0,16.0,2026-10-05
QQQ261008P00785000,0.0,0.0,2026-10-05
QQQ261008C00786000,0.0,0.0,2026-10-05
QQQ261008P00786000,0.0,0.0,2026-10-05
QQQ261008C00787000,0.0,200.0,2026-10-05
QQQ261008P00787000,0.0,0.0,2026-10-05
QQQ261008C00788000,0.0,42.0,2026-10-05
QQQ261008P00788000,0.0,0.0,2026-10-05
QQQ261008C00789000,0.0,3.0,2026-10-05
QQQ261008P00789000,0.0,0.0,2026-10-05
QQQ261008C00790000,134.0,60.0,2026-10-05
QQQ261008P00790000,0.0,0.0,2026-10-05
QQQ261008C00791000,0.0,2.0,2026-10-05
QQQ261008P00791000,0.0,0.0,2026-10-05
QQQ261008C00792000,0.0,0.0,2026-10-05
QQQ261008P00792000,0.0,0.0,2026-10-05
QQQ261008C00793000,0.0,206.0,2026-10-05
QQQ261008P00793000,0.0,0.0,2026-10-05
QQQ261008C00794000,0.0,0.0,2026-10-05
QQQ261008P00794000,0.0,0.0,2026-10-05
QQQ261008C00795000,59.0,41.0,2026-10-05
QQQ261008P00795000,0.0,0.0,2026-10-05
QQQ261008C00796000,0.0,0.0,2026-10-05
QQQ261008P00796000,0.0,0.0,2026-10-05
QQQ261008C00797000,0.0,0.0,2026-10-05
QQQ261008P00797000,0.0,0.0,2026-10-05
QQQ261008C00798000,0.0,4.0,2026-10-05
QQQ261008P00798000,0.0,0.0,2026-10-05
QQQ261008C00799000,0.0,0.0,2026-10-05
QQQ261008P00799000,0.0,0.0,2026-10-05
QQQ261008C00800000,90.0,0.0,2026-10-05
QQQ261008P00800000,0.0,0.0,2026-10-05
QQQ261008C00801000,0.0,0.0,2026-10-05
QQQ261008P00801000,0.0,0.0,2026-10-05
QQQ261008C00802000,0.0,0.0,2026-10-05
QQQ261008P00802000,0.0,0.0,2026-10-05
QQQ261008C00803000,0.0,0.0,2026-10-05
QQQ261008P00803000,0.0,0.0,2026-10-05
QQQ261008C00804000,0.0,0.0,2026-10-05
QQQ261008P00804000,0.0,0.0,2026-10-05
QQQ261008C00805000,107.0,0.0,2026-10-05
QQQ261008P00805000,0.0,0.0,2026-10-05
QQQ261008C00806000,0.0,0.0,2026-10-05
QQQ261008P00806000,0.0,0.0,2026-10-05
QQQ261008C00807000,0.0,0.0,2026-10-05
QQQ261008P00807000,0.0,0.0,2026-10-05
QQQ261008C00808000,0.0,0.0,2026-10-05
QQQ261008P00808000,0.0,0.0,2026-10-05
QQQ261008C00809000,0.0,0.0,2026-10-05
QQQ261008P00809000,0.0,0.0,2026-10-05
QQQ261008C00810000,188.0,0.0,2026-10-05
QQQ261008P00810000,0.0,0.0,2026-10-05
QQQ261008C00815000,172.0,0.0,2026-10-05
QQQ261008P00815000,0.0,0.0,2026-10-05
QQQ261008C00820000,46.0,5.0,2026-10-05
QQQ261008P00820000,0.0,0.0,2026-10-05
QQQ261008C00825000,52.0,0.0,2026-10-05
QQQ261008P00825000,0.0,0.0,2026-10-05
QQQ261008C00830000,88.0,0.0,2026-10-05
QQQ261008P00830000,0.0,0.0,2026-10-05
QQQ261008C00835000,173.0,0.0,2026-10-05
QQQ261008P00835000,0.0,0.0,2026-10-05
QQQ261008C00840000,40.0,0.0,2026-10-05
QQQ261008P00840000,0.0,0.0,2026-10-05
QQQ261008C00845000,0.0,0.0,2026-10-05
QQQ261008P00845000,0.0,0.0,2026-10-05
QQQ261008C00850000,0.0,0.0,2026-10-05
QQQ261008P00850000,0.0,0.0,2026-10-05
QQQ261008C00855000,0.0,0.0,2026-10-05
QQQ261008P00855000,0.0,0.0,2026-10-05
QQQ261008C00860000,8.0,0.0,2026-10-05
QQQ261008P00860000,0.0,0.0,2026-10-05
QQQ261008C00865000,0.0,0.0,2026-10-05
QQQ261008P00865000,0.0,0.0,2026-10-05
QQQ261008C00870000,0.0,0.0,2026-10-05
QQQ261008P00870000,0.0,0.0,2026-10-05
QQQ261008C00875000,0.0,0.0,2026-10-05
QQQ261008P00875000,0.0,0.0,2026-10-05
QQQ261008C00880000,0.0,0.0,2026-10-05
QQQ261008P00880000,0.0,0.0,2026-10-05
QQQ261008C00885000,0.0,0.0,2026-10-05
QQQ261008P00885000,0.0,0.0,2026-10-05
QQQ261008C00890000,0.0,0.0,2026-10-05
QQQ261008P00890000,0.0,0.0,2026-10-05
QQQ261008C00895000,0.0,0.0,2026-10-05
QQQ261008P00895000,0.0,0.0,2026-10-05
QQQ261008C00900000,0.0,0.0,2026-10-05
QQQ261008P00900000,0.0,0.0,2026-10-05
QQQ261009C00450000,3.0,0.0,2026-10-05
QQQ261009P00450000,1179.0,1391.0,2026-10-05
QQQ261009C00455000,2.0,0.0,2026-10-05
QQQ261009P00455000,388.0,31.0,2026-10-05
QQQ261009C00460000,0.0,0.0,2026-10-05
QQQ261009P00460000,332.0,926.0,2026-10-05
QQQ261009C00465000,0.0,0.0,2026-10-05
QQQ261009P00465000,287.0,35.0,2026-10-05
QQQ261009C00470000,0.0,0.0,2026-10-05
QQQ261009P00470000,332.0,0.0,2026-10-05
QQQ261009C00475000,0.0,0.0,2026-10-05
QQQ261009P00475000,267.0,0.0,2026-10-05
QQQ261009C00480000,0.0,0.0,2026-10-05
QQQ261009P00480000,498.0,80.0,2026-10-05
QQQ261009C00485000,0.0,0.0,2026-10-05
QQQ261009P00485000,349.0,80.0,2026-10-05
QQQ261009C00490000,0.0,0.0,2026-10-05
QQQ261009P00490000,229.0,650.0,2026-10-05
QQQ261009C00495000,0.0,0.0,2026-10-05
QQQ261009P00495000,454.0,162.0,2026-10-05
QQQ261009C00500000,46.0,0.0,2026-10-05
QQQ261009P00500000,782.0,650.0,2026-10-05
QQQ261009C00505000,0.0,0.0,2026-10-05
QQQ261009P00505000,458.0,2000.0,2026-10-05
QQQ261009C00510000,20.0,0.0,2026-10-05
QQQ261009P00510000,653.0,1540.0,2026-10-05
QQQ261009C00515000,0.0,0.0,2026-10-05
QQQ261009P00515000,8169.0,2000.0,2026-10-05
QQQ261009C00520000,5.0,0.0,2026-10-05
QQQ261009P00520000,395.0,1680.0,2026-10-05
QQQ261009C00525000,0.0,0.0,2026-10-05
QQQ261009P00525000,275.0,2181.0,2026-10-05
QQQ261009C00530000,10.0,0.0,2026-10-05
QQQ261009P00530000,449.0,2320.0,2026-10-05
QQQ261009C00535000,10.0,0.0,2026-10-05
QQQ261009P00535000,491.0,1928.0,2026-10-05
QQQ261009C00540000,0.0,0.0,2026-10-05
QQQ261009P00540000,205.0,1760.0,2026-10-05
QQQ261009C00545000,3.0,0.0,2026-10-05
QQQ261009P00545000,695.0,876.0,2026-10-05
QQQ261009C00550000,1.0,0.0,2026-10-05
QQQ261009P00550000,1747.0,1718.0,2026-10-05
QQQ261009C00555000,225.0,233.0,2026-10-05
QQQ261009P00555000,684.0,2159.0,2026-10-05
QQQ261009C00560000,16.0,0.0,2026-10-05
QQQ261009P00560000,234.0,970.0,2026-10-05
QQQ261009C00565000,1.0,0.0,2026-10-05
QQQ261009P00565000,191.0,854.0,2026-10-05
QQQ261009C00570000,2.0,0.0,2026-10-05
QQQ261009P00570000,675.0,677.0,2026-10-05
QQQ261009C00575000,3.0,0.0,2026-10-05
QQQ261009P00575000,257.0,961.0,2026-10-05
QQQ261009C00580000,10.0,0.0,2026-10-05
QQQ261009P00580000,854.0,255.0,2026-10-05
QQQ261009C00585000,12.0,0.0,2026-10-05
QQQ261009P00585000,1024.0,360.0,2026-10-05
QQQ261009C00590000,1.0,0.0,2026-10-05
QQQ261009P00590000,693.0,113.0,2026-10-05
QQQ261009C00595000,16.0,0.0,2026-10-05
QQQ261009P00595000,716.0,499.0,2026-10-05
QQQ261009C00600000,7.0,2.0,2026-10-05
QQQ261009P00600000,1647.0,582.0,2026-10-05
QQQ261009C00605000,18.0,0.0,2026-10-05
QQQ261009P00605000,923.0,590.0,2026-10-05
QQQ261009C00610000,2.0,0.0,2026-10-05
QQQ261009P00610000,296.0,621.0,2026-10-05
QQQ261009C00615000,2.0,0.0,2026-10-05
QQQ261009P00615000,421.0,592.0,2026-10-05
QQQ261009C00620000,10.0,0.0,2026-10-05
QQQ261009P00620000,1198.0,1469.0,2026-10-05
QQQ261009C00625000,14.0,2.0,2026-10-05
QQQ261009P00625000,307.0,2296.0,2026-10-05
QQQ261009C00630000,25.0,0.0,2026-10-05
QQQ261009P00630000,498.0,1676.0,2026-10-05
QQQ261009C00635000,5.0,0.0,2026-10-05
QQQ261009P00635000,466.0,44.0,2026-10-05
QQQ261009C00640000,18.0,5.0,2026-10-05
QQQ261009P00640000,1632.0,136.0,2026-10-05
QQQ261009C00645000,5.0,3.0,2026-10-05
QQQ261009P00645000,972.0,18.0,2026-10-05
QQQ261009C00650000,95.0,21.0,2026-10-05
QQQ261009P00650000,2454.0,524.0,2026-10-05
QQQ261009C00655000,25.0,13.0,2026-10-05
QQQ261009P00655000,2545.0,1046.0,2026-10-05
QQQ261009C00660000,79.0,59.0,2026-10-05
QQQ261009P00660000,3925.0,316.0,2026-10-05
QQQ261009C00665000,62.0,2.0,2026-10-05
QQQ261009P00665000,2269.0,16.0,2026-10-05
QQQ261009C00670000,24.0,0.0,2026-10-05
QQQ261009P00670000,2096.0,100.0,2026-10-05
QQQ261009C00675000,67.0,10.0,2026-10-05
QQQ261009P00675000,1168.0,952.0,2026-10-05
QQQ261009C00676000,12.0,0.0,2026-10-05
QQQ261009P00676000,158.0,404.0,2026-10-05
QQQ261009C00677000,4.0,0.0,2026-10-05
QQQ261009P00677000,95.0,247.0,2026-10-05
QQQ261009C00678000,2.0,0.0,2026-10-05
QQQ261009P00678000,653.0,1.0,2026-10-05
QQQ261009C00679000,2.0,0.0,2026-10-05
QQQ261009P00679000,1737.0,448.0,2026-10-05
QQQ261009C00680000,36.0,3.0,2026-10-05
QQQ261009P00680000,8512.0,564.0,2026-10-05
QQQ261009C00681000,2.0,0.0,2026-10-05
QQQ261009P00681000,5624.0,0.0,2026-10-05
QQQ261009C00682000,1.0,0.0,2026-10-05
QQQ261009P00682000,122.0,7.0,2026-10-05
QQQ261009C00683000,0.0,0.0,2026-10-05
QQQ261009P00683000,139.0,346.0,2026-10-05
QQQ261009C00684000,0.0,0.0,2026-10-05
QQQ261009P00684000,202.0,343.0,2026-10-05
QQQ261009C00685000,15.0,3.0,2026-10-05
QQQ261009P00685000,845.0,141.0,2026-10-05
QQQ261009C00686000,3.0,0.0,2026-10-05
QQQ261009P00686000,5654.0,6.0,2026-10-05
QQQ261009C00687000,1.0,0.0,2026-10-05
QQQ261009P00687000,2252.0,37.0,2026-10-05
QQQ261009C00688000,14.0,1.0,2026-10-05
QQQ261009P00688000,4132.0,1.0,2026-10-05
QQQ261009C00689000,4.0,0.0,2026-10-05
QQQ261009P00689000,330.0,1.0,2026-10-05
QQQ261009C00690000,87.0,4.0,2026-10-05
QQQ261009P00690000,2358.0,1013.0,2026-10-05
QQQ261009C00691000,5.0,0.0,2026-10-05
QQQ261009P00691000,419.0,165.0,2026-10-05
QQQ261009C00692000,11.0,0.0,2026-10-05
QQQ261009P00692000,319.0,395.0,2026-10-05
QQQ261009C00693000,2.0,0.0,2026-10-05
QQQ261009P00693000,752.0,480.0,2026-10-05
QQQ261009C00694000,15.0,1.0,2026-10-05
QQQ261009P00694000,1193.0,765.0,2026-10-05
QQQ261009C00695000,55.0,1.0,2026-10-05
QQQ261009P00695000,1175.0,1289.0,2026-10-05
QQQ261009C00696000,14.0,0.0,2026-10-05
QQQ261009P00696000,568.0,1390.0,2026-10-05
QQQ261009C00697000,68.0,0.0,2026-10-05
QQQ261009P00697000,357.0,377.0,2026-10-05
QQQ261009C00698000,11.0,0.0,2026-10-05
QQQ261009P00698000,729.0,928.0,2026-10-05
QQQ261009C00699000,22.0,4.0,2026-10-05
QQQ261009P00699000,1410.0,156.0,2026-10-05
QQQ261009C00700000,1206.0,21.0,2026-10-05
QQQ261009P00700000,5829.0,2205.0,2026-10-05
QQQ261009C00701000,145.0,1.0,2026-10-05
QQQ261009P00701000,4014.0,770.0,2026-10-05
QQQ261009C00702000,116.0,0.0,2026-10-05
QQQ261009P00702000,3549.0,76.0,2026-10-05
QQQ261009C00703000,75.0,0.0,2026-10-05
QQQ261009P00703000,1323.0,1842.0,2026-10-05
QQQ261009C00704000,69.0,0.0,2026-10-05
QQQ261009P00704000,1653.0,298.0,2026-10-05
QQQ261009C00705000,399.0,15.0,2026-10-05
QQQ261009P00705000,3404.0,1128.0,2026-10-05
QQQ261009C00706000,229.0,10.0,2026-10-05
QQQ261009P00706000,2165.0,289.0,2026-10-05
QQQ261009C00707000,120.0,13.0,2026-10-05
QQQ261009P00707000,1522.0,135.0,2026-10-05
QQQ261009C00708000,93.0,3.0,2026-10-05
QQQ261009P00708000,1547.0,281.0,2026-10-05
QQQ261009C00709000,154.0,4.0,2026-10-05
QQQ261009P00709000,1296.0,93.0,2026-10-05
QQQ261009C00710000,1179.0,15.0,2026-10-05
QQQ261009P00710000,8721.0,1517.0,2026-10-05
QQQ261009C00711000,160.0,2.0,2026-10-05
QQQ261009P00711000,832.0,419.0,2026-10-05
QQQ261009C00712000,669.0,2.0,2026-10-05
QQQ261009P00712000,506.0,73.0,2026-10-05
QQQ261009C00713000,151.0,5.0,2026-10-05
QQQ261009P00713000,713.0,314.0,2026-10-05
QQQ261009C00714000,168.0,3.0,2026-10-05
QQQ261009P00714000,2139.0,2453.0,2026-10-05
QQQ261009C00715000,1060.0,16.0,2026-10-05
QQQ261009P00715000,19545.0,6194.0,2026-10-05
QQQ261009C00716000,440.0,12.0,2026-10-05
QQQ261009P00716000,683.0,659.0,2026-10-05
QQQ261009C00717000,397.0,3.0,2026-10-05
QQQ261009P00717000,2742.0,66.0,2026-10-05
QQQ261009C00718000,357.0,8.0,2026-10-05
QQQ261009P00718000,1776.0,437.0,2026-10-05
QQQ261009C00719000,575.0,5.0,2026-10-05
QQQ261009P00719000,1099.0,483.0,2026-10-05
QQQ261009C00720000,1427.0,97.0,2026-10-05
QQQ261009P00720000,6160.0,2298.0,2026-10-05
QQQ261009C00721000,533.0,12.0,2026-10-05
QQQ261009P00721000,706.0,725.0,2026-10-05
QQQ261009C00722000,350.0,12.0,2026-10-05
QQQ261009P00722000,1524.0,530.0,2026-10-05
QQQ261009C00723000,223.0,105.0,2026-10-05
QQQ261009P00723000,1066.0,424.0,2026-10-05
QQQ261009C00724000,350.0,207.0,2026-10-05
QQQ261009P00724000,717.0,397.0,2026-10-05
QQQ261009C00725000,1387.0,51.0,2026-10-05
QQQ261009P00725000,7097.0,7202.0,2026-10-05
QQQ261009C00726000,208.0,4.0,2026-10-05
QQQ261009P00726000,771.0,601.0,2026-10-05
QQQ261009C00727000,220.0,9.0,2026-10-05
QQQ261009P00727000,4707.0,627.0,2026-10-05
QQQ261009C00728000,473.0,18.0,2026-10-05
QQQ261009P00728000,847.0,907.0,2026-10-05
QQQ261009C00729000,393.0,5.0,2026-10-05
QQQ261009P00729000,1091.0,592.0,2026-10-05
QQQ261009C00730000,2003.0,702.0,2026-10-05
QQQ261009P00730000,26930.0,11040.0,2026-10-05
QQQ261009C00731000,431.0,212.0,2026-10-05
QQQ261009P00731000,922.0,774.0,2026-10-05
QQQ261009C00732000,509.0,17.0,2026-10-05
QQQ261009P00732000,1261.0,1917.0,2026-10-05
QQQ261009C00733000,526.0,18.0,2026-10-05
QQQ261009P00733000,846.0,744.0,2026-10-05
QQQ261009C00734000,1857.0,116.0,2026-10-05
QQQ261009P00734000,910.0,680.0,2026-10-05
QQQ261009C00735000,1952.0,505.0,2026-10-05
QQQ261009P00735000,4465.0,6156.0,2026-10-05
QQQ261009C00736000,651.0,26.0,2026-10-05
QQQ261009P00736000,1021.0,5384.0,2026-10-05
QQQ261009C00737000,319.0,100.0,2026-10-05
QQQ261009P00737000,1725.0,1838.0,2026-10-05
QQQ261009C00738000,1331.0,20.0,2026-10-05
QQQ261009P00738000,1503.0,1157.0,2026-10-05
QQQ261009C00739000,2480.0,568.0,2026-10-05
QQQ261009P00739000,1637.0,1939.0,2026-10-05
QQQ261009C00740000,2881.0,691.0,2026-10-05
QQQ261009P00740000,5448.0,8681.0,2026-10-05
QQQ261009C00741000,1080.0,84.0,2026-10-05
QQQ261009P00741000,1222.0,1275.0,2026-10-05
QQQ261009C00742000,586.0,52.0,2026-10-05
QQQ261009P00742000,1345.0,2518.0,2026-10-05
QQQ261009C00743000,1417.0,113.0,2026-10-05
QQQ261009P00743000,1216.0,1976.0,2026-10-05
QQQ261009C00744000,802.0,65.0,2026-10-05
QQQ261009P00744000,1840.0,4900.0,2026-10-05
QQQ261009C00745000,3666.0,615.0,2026-10-05
QQQ261009P00745000,4713.0,9319.0,2026-10-05
QQQ261009C00746000,1410.0,208.0,2026-10-05
QQQ261009P00746000,831.0,1298.0,2026-10-05
QQQ261009C00747000,1723.0,181.0,2026-10-05
QQQ261009P00747000,922.0,2149.0,2026-10-05
QQQ261009C00748000,6698.0,501.0,2026-10-05
QQQ261009P00748000,1528.0,2688.0,2026-10-05
QQQ261009C00749000,4532.0,608.0,2026-10-05
QQQ261009P00749000,7244.0,6505.0,2026-10-05
QQQ261009C00750000,10018.0,5595.0,2026-10-05
QQQ261009P00750000,3503.0,20162.0,2026-10-05
QQQ261009C00751000,1221.0,1317.0,2026-10-05
QQQ261009P00751000,861.0,2980.0,2026-10-05
QQQ261009C00752000,4623.0,2033.0,2026-10-05
QQQ261009P00752000,3597.0,5059.0,2026-10-05
QQQ261009C00753000,1782.0,1766.0,2026-10-05
QQQ261009P00753000,1036.0,6904.0,2026-10-05
QQQ261009C00754000,21053.0,3184.0,2026-10-05
QQQ261009P00754000,466.0,7213.0,2026-10-05
QQQ261009C00755000,3765.0,8037.0,2026-10-05
QQQ261009P00755000,644.0,6564.0,2026-10-05
QQQ261009C00756000,1864.0,2832.0,2026-10-05
QQQ261009P00756000,102.0,1954.0,2026-10-05
QQQ261009C00757000,898.0,3831.0,2026-10-05
QQQ261009P00757000,111.0,1541.0,2026-10-05
QQQ261009C00758000,1983.0,4145.0,2026-10-05
QQQ261009P00758000,43.0,985.0,2026-10-05
QQQ261009C00759000,1117.0,3775.0,2026-10-05
QQQ261009P00759000,52.0,969.0,2026-10-05
QQQ261009C00760000,10820.0,14250.0,2026-10-05
QQQ261009P00760000,451.0,1451.0,2026-10-05
QQQ261009C00761000,1353.0,3230.0,2026-10-05
QQQ261009P00761000,37.0,175.0,2026-10-05
QQQ261009C00762000,1249.0,5018.0,2026-10-05
QQQ261009P00762000,63.0,109.0,2026-10-05
QQQ261009C00763000,795.0,2227.0,2026-10-05
QQQ261009P00763000,27.0,17.0,2026-10-05
QQQ261009C00764000,1015.0,2366.0,2026-10-05
QQQ261009P00764000,6.0,22.0,2026-10-05
QQQ261009C00765000,2225.0,5501.0,2026-10-05
QQQ261009P00765000,142.0,76.0,2026-10-05
QQQ261009C00766000,1457.0,2608.0,2026-10-05
QQQ261009P00766000,1.0,16.0,2026-10-05
QQQ261009C00767000,894.0,2463.0,2026-10-05
QQQ261009P00767000,0.0,31.0,2026-10-05
QQQ261009C00768000,823.0,1791.0,2026-10-05
QQQ261009P00768000,6.0,3.0,2026-10-05
QQQ261009C00769000,773.0,1034.0,2026-10-05
QQQ261009P00769000,22.0,102.0,2026-10-05
QQQ261009C00770000,3731.0,3176.0,2026-10-05
QQQ261009P00770000,80.0,11.0,2026-10-05
QQQ261009C00771000,602.0,1029.0,2026-10-05
QQQ261009P00771000,0.0,2.0,2026-10-05
QQQ261009C00772000,842.0,2381.0,2026-10-05
QQQ261009P00772000,3.0,116.0,2026-10-05
QQQ261009C00773000,405.0,623.0,2026-10-05
QQQ261009P00773000,3.0,5.0,2026-10-05
QQQ261009C00774000,521.0,975.0,2026-10-05
QQQ261009P00774000,0.0,8.0,2026-10-05
QQQ261009C00775000,1994.0,7419.0,2026-10-05
QQQ261009P00775000,4.0,0.0,2026-10-05
QQQ261009C00776000,0.0,1029.0,2026-10-05
QQQ261009P00776000,0.0,0.0,2026-10-05
QQQ261009C00777000,0.0,449.0,2026-10-05
QQQ261009P00777000,0.0,0.0,2026-10-05
QQQ261009C00778000,0.0,477.0,2026-10-05
QQQ261009P00778000,0.0,0.0,2026-10-05
QQQ261009C00779000,0.0,210.0,2026-10-05
QQQ261009P00779000,0.0,0.0,2026-10-05
QQQ261009C00780000,6438.0,2390.0,2026-10-05
QQQ261009P00780000,0.0,0.0,2026-10-05
QQQ261009C00781000,0.0,89.0,2026-10-05
QQQ261009P00781000,0.0,0.0,2026-10-05
QQQ261009C00782000,0.0,338.0,2026-10-05
QQQ261009P00782000,0.0,0.0,2026-10-05
QQQ261009C00783000,0.0,173.0,2026-10-05
QQQ261009P00783000,0.0,0.0,2026-10-05
QQQ261009C00784000,0.0,25.0,2026-10-05
QQQ261009P00784000,0.0,0.0,2026-10-05
QQQ261009C00785000,5623.0,643.0,2026-10-05
QQQ261009P00785000,0.0,0.0,2026-10-05
QQQ261009C00786000,0.0,7.0,2026-10-05
QQQ261009P00786000,0.0,0.0,2026-10-05
QQQ261009C00787000,0.0,19.0,2026-10-05
QQQ261009P00787000,0.0,0.0,2026-10-05
QQQ261009C00788000,0.0,366.0,2026-10-05
QQQ261009P00788000,0.0,0.0,2026-10-05
QQQ261009C00789000,0.0,2.0,2026-10-05
QQQ261009P00789000,0.0,0.0,2026-10-05
QQQ261009C00790000,3295.0,147.0,2026-10-05
QQQ261009P00790000,0.0,0.0,2026-10-05
QQQ261009C00791000,0.0,20.0,2026-10-05
QQQ261009P00791000,0.0,0.0,2026-10-05
QQQ261009C00792000,0.0,0.0,2026-10-05
QQQ261009P00792000,0.0,0.0,2026-10-05
QQQ261009C00793000,0.0,216.0,2026-10-05
QQQ261009P00793000,0.0,0.0,2026-10-05
QQQ261009C00794000,0.0,690.0,2026-10-05
QQQ261009P00794000,0.0,0.0,2026-10-05
QQQ261009C00795000,1438.0,191.0,2026-10-05
QQQ261009P00795000,0.0,0.0,2026-10-05
QQQ261009C00796000,0.0,65.0,2026-10-05
QQQ261009P00796000,0.0,0.0,2026-10-05
QQQ261009C00797000,0.0,0.0,2026-10-05
QQQ261009P00797000,0.0,0.0,2026-10-05
QQQ261009C00798000,0.0,0.0,2026-10-05
QQQ261009P00798000,0.0,0.0,2026-10-05
QQQ261009C00799000,0.0,0.0,2026-10-05
QQQ261009P00799000,0.0,0.0,2026-10-05
QQQ261009C00800000,1302.0,68.0,2026-10-05
QQQ261009P00800000,0.0,0.0,2026-10-05
QQQ261009C00801000,0.0,0.0,2026-10-05
QQQ261009P00801000,0.0,0.0,2026-10-05
QQQ261009C00802000,0.0,0.0,2026-10-05
QQQ261009P00802000,0.0,0.0,2026-10-05
QQQ261009C00803000,0.0,0.0,2026-10-05
QQQ261009P00803000,0.0,0.0,2026-10-05
QQQ261009C00804000,0.0,0.0,2026-10-05
QQQ261009P00804000,0.0,0.0,2026-10-05
QQQ261009C00805000,1764.0,2.0,2026-10-05
QQQ261009P00805000,0.0,0.0,2026-10-05
QQQ261009C00806000,0.0,0.0,2026-10-05
QQQ261009P00806000,0.0,0.0,2026-10-05
QQQ261009C00807000,0.0,730.0,2026-10-05
QQQ261009P00807000,0.0,0.0,2026-10-05
QQQ261009C00808000,0.0,0.0,2026-10-05
QQQ261009P00808000,0.0,0.0,2026-10-05
QQQ261009C00809000,0.0,0.0,2026-10-05
QQQ261009P00809000,0.0,0.0,2026-10-05
QQQ261009C00810000,334.0,23.0,2026-10-05
QQQ261009P00810000,0.0,0.0,2026-10-05
QQQ261009C00815000,122.0,13.0,2026-10-05
QQQ261009P00815000,0.0,0.0,2026-10-05
QQQ261009C00820000,310.0,5.0,2026-10-05
QQQ261009P00820000,0.0,0.0,2026-10-05
QQQ261009C00825000,186.0,5.0,2026-10-05
QQQ261009P00825000,0.0,0.0,2026-10-05
QQQ261009C00830000,124.0,0.0,2026-10-05
QQQ261009P00830000,0.0,0.0,2026-10-05
QQQ261009C00835000,158.0,0.0,2026-10-05
QQQ261009P00835000,0.0,0.0,2026-10-05
QQQ261009C00840000,169.0,0.0,2026-10-05
QQQ261009P00840000,0.0,0.0,2026-10-05
QQQ261009C00845000,233.0,0.0,2026-10-05
QQQ261009P00845000,0.0,0.0,2026-10-05
QQQ261009C00850000,112.0,0.0,2026-10-05
QQQ261009P00850000,0.0,0.0,2026-10-05
QQQ261009C00860000,538.0,0.0,2026-10-05
QQQ261009P00860000,0.0,0.0,2026-10-05
QQQ261009C00870000,120.0,0.0,2026-10-05
QQQ261009P00870000,0.0,0.0,2026-10-05
QQQ261009C00880000,94.0,0.0,2026-10-05
QQQ261009P00880000,0.0,0.0,2026-10-05
QQQ261009C00885000,63.0,0.0,2026-10-05
QQQ261009P00885000,0.0,0.0,2026-10-05
QQQ261009C00890000,50.0,0.0,2026-10-05
QQQ261009P00890000,0.0,0.0,2026-10-05
QQQ261009C00895000,40.0,0.0,2026-10-05
QQQ261009P00895000,0.0,0.0,2026-10-05
QQQ261009C00900000,92.0,1.0,2026-10-05
QQQ261009P00900000,0.0,0.0,2026-10-05
QQQ261009C00905000,29.0,0.0,2026-10-05
QQQ261009P00905000,0.0,0.0,2026-10-05
QQQ261009C00910000,10.0,0.0,2026-10-05
QQQ261009P00910000,0.0,0.0,2026-10-05
QQQ261009C00915000,30.0,0.0,2026-10-05
QQQ261009P00915000,0.0,0.0,2026-10-05
QQQ261009C00920000,0.0,0.0,2026-10-05
QQQ261009P00920000,0.0,0.0,2026-10-05
QQQ261009C00925000,0.0,0.0,2026-10-05
QQQ261009P00925000,0.0,0.0,2026-10-05
QQQ261009C00930000,0.0,0.0,2026-10-05
QQQ261009P00930000,0.0,0.0,2026-10-05
QQQ261009C00935000,0.0,0.0,2026-10-05
QQQ261009P00935000,0.0,0.0,2026-10-05
QQQ261009C00940000,0.0,0.0,2026-10-05
QQQ261009P00940000,0.0,0.0,2026-10-05
QQQ261009C00945000,0.0,0.0,2026-10-05
QQQ261009P00945000,0.0,0.0,2026-10-05
QQQ261009C00950000,9.0,2.0,2026-10-05
QQQ261009P00950000,0.0,0.0,2026-10-05
QQQ261012C00450000,0.0,0.0,2026-10-05
QQQ261012P00450000,15.0,0.0,2026-10-05
QQQ261012C00455000,0.0,0.0,2026-10-05
QQQ261012P00455000,0.0,490.0,2026-10-05
QQQ261012C00460000,0.0,0.0,2026-10-05
QQQ261012P00460000,0.0,392.0,2026-10-05
QQQ261012C00465000,0.0,0.0,2026-10-05
QQQ261012P00465000,60.0,240.0,2026-10-05
QQQ261012C00470000,0.0,0.0,2026-10-05
QQQ261012P00470000,0.0,320.0,2026-10-05
QQQ261012C00475000,0.0,0.0,2026-10-05
QQQ261012P00475000,40.0,766.0,2026-10-05
QQQ261012C00480000,0.0,0.0,2026-10-05
QQQ261012P00480000,0.0,800.0,2026-10-05
QQQ261012C00485000,0.0,0.0,2026-10-05
QQQ261012P00485000,0.0,1600.0,2026-10-05
QQQ261012C00490000,0.0,0.0,2026-10-05
QQQ261012P00490000,40.0,1460.0,2026-10-05
QQQ261012C00495000,0.0,0.0,2026-10-05
QQQ261012P00495000,0.0,1840.0,2026-10-05
QQQ261012C00500000,0.0,0.0,2026-10-05
QQQ261012P00500000,21.0,1520.0,2026-10-05
QQQ261012C00505000,0.0,0.0,2026-10-05
QQQ261012P00505000,0.0,1800.0,2026-10-05
QQQ261012C00510000,0.0,0.0,2026-10-05
QQQ261012P00510000,40.0,1680.0,2026-10-05
QQQ261012C00515000,0.0,0.0,2026-10-05
QQQ261012P00515000,20.0,1200.0,2026-10-05
QQQ261012C00520000,0.0,0.0,2026-10-05
QQQ261012P00520000,44.0,1840.0,2026-10-05
QQQ261012C00525000,0.0,0.0,2026-10-05
QQQ261012P00525000,36.0,1764.0,2026-10-05
QQQ261012C00530000,0.0,0.0,2026-10-05
QQQ261012P00530000,161.0,1584.0,2026-10-05
QQQ261012C00535000,0.0,0.0,2026-10-05
QQQ261012P00535000,196.0,686.0,2026-10-05
QQQ261012C00540000,0.0,0.0,2026-10-05
QQQ261012P00540000,51.0,60.0,2026-10-05
QQQ261012C00545000,0.0,0.0,2026-10-05
QQQ261012P00545000,47.0,140.0,2026-10-05
QQQ261012C00550000,0.0,0.0,2026-10-05
QQQ261012P00550000,125.0,60.0,2026-10-05
QQQ261012C00555000,0.0,0.0,2026-10-05
QQQ261012P00555000,126.0,20.0,2026-10-05
QQQ261012C00560000,0.0,0.0,2026-10-05
QQQ261012P00560000,123.0,80.0,2026-10-05
QQQ261012C00565000,0.0,0.0,2026-10-05
QQQ261012P00565000,94.0,200.0,2026-10-05
QQQ261012C00570000,0.0,0.0,2026-10-05
QQQ261012P00570000,165.0,280.0,2026-10-05
QQQ261012C00575000,0.0,0.0,2026-10-05
QQQ261012P00575000,85.0,1746.0,2026-10-05
QQQ261012C00580000,0.0,0.0,2026-10-05
QQQ261012P00580000,171.0,398.0,2026-10-05
QQQ261012C00585000,0.0,0.0,2026-10-05
QQQ261012P00585000,60.0,1484.0,2026-10-05
QQQ261012C00590000,0.0,0.0,2026-10-05
QQQ261012P00590000,91.0,5400.0,2026-10-05
QQQ261012C00595000,0.0,0.0,2026-10-05
QQQ261012P00595000,46.0,2059.0,2026-10-05
QQQ261012C00600000,0.0,5.0,2026-10-05
QQQ261012P00600000,55.0,1925.0,2026-10-05
QQQ261012C00605000,0.0,0.0,2026-10-05
QQQ261012P00605000,130.0,60.0,2026-10-05
QQQ261012C00610000,0.0,0.0,2026-10-05
QQQ261012P00610000,149.0,2879.0,2026-10-05
QQQ261012C00615000,0.0,0.0,2026-10-05
QQQ261012P00615000,40.0,695.0,2026-10-05
QQQ261012C00620000,0.0,0.0,2026-10-05
QQQ261012P00620000,92.0,4258.0,2026-10-05
QQQ261012C00625000,0.0,0.0,2026-10-05
QQQ261012P00625000,3.0,733.0,2026-10-05
QQQ261012C00630000,0.0,0.0,2026-10-05
QQQ261012P00630000,10.0,915.0,2026-10-05
QQQ261012C00635000,0.0,0.0,2026-10-05
QQQ261012P00635000,26.0,27.0,2026-10-05
QQQ261012C00640000,0.0,0.0,2026-10-05
QQQ261012P00640000,23.0,1889.0,2026-10-05
QQQ261012C00645000,0.0,0.0,2026-10-05
QQQ261012P00645000,7.0,911.0,2026-10-05
QQQ261012C00650000,0.0,0.0,2026-10-05
QQQ261012P00650000,96.0,1405.0,2026-10-05
QQQ261012C00655000,0.0,0.0,2026-10-05
QQQ261012P00655000,17.0,13.0,2026-10-05
QQQ261012C00660000,0.0,0.0,2026-10-05
QQQ261012P00660000,68.0,1.0,2026-10-05
QQQ261012C00665000,0.0,0.0,2026-10-05
QQQ261012P00665000,73.0,527.0,2026-10-05
QQQ261012C00670000,0.0,0.0,2026-10-05
QQQ261012P00670000,21.0,38.0,2026-10-05
QQQ261012C00675000,0.0,0.0,2026-10-05
QQQ261012P00675000,89.0,22.0,2026-10-05
QQQ261012C00680000,1.0,0.0,2026-10-05
QQQ261012P00680000,121.0,36.0,2026-10-05
QQQ261012C00685000,0.0,0.0,2026-10-05
QQQ261012P00685000,141.0,26.0,2026-10-05
QQQ261012C00689000,0.0,0.0,2026-10-05
QQQ261012P00689000,9.0,4891.0,2026-10-05
QQQ261012C00690000,10.0,0.0,2026-10-05
QQQ261012P00690000,327.0,233.0,2026-10-05
QQQ261012C00691000,0.0,0.0,2026-10-05
QQQ261012P00691000,6.0,184.0,2026-10-05
QQQ261012C00692000,0.0,0.0,2026-10-05
QQQ261012P00692000,15.0,4787.0,2026-10-05
QQQ261012C00693000,0.0,0.0,2026-10-05
QQQ261012P00693000,4.0,49.0,2026-10-05
QQQ261012C00694000,0.0,0.0,2026-10-05
QQQ261012P00694000,5.0,11.0,2026-10-05
QQQ261012C00695000,27.0,30.0,2026-10-05
QQQ261012P00695000,148.0,489.0,2026-10-05
QQQ261012C00696000,0.0,1.0,2026-10-05
QQQ261012P00696000,160.0,0.0,2026-10-05
QQQ261012C00697000,0.0,0.0,2026-10-05
QQQ261012P00697000,24.0,5.0,2026-10-05
QQQ261012C00698000,0.0,0.0,2026-10-05
QQQ261012P00698000,4.0,18.0,2026-10-05
QQQ261012C00699000,0.0,20.0,2026-10-05
QQQ261012P00699000,92.0,96.0,2026-10-05
QQQ261012C00700000,8.0,13.0,2026-10-05
QQQ261012P00700000,541.0,233.0,2026-10-05
QQQ261012C00701000,1.0,20.0,2026-10-05
QQQ261012P00701000,48.0,3.0,2026-10-05
QQQ261012C00702000,0.0,0.0,2026-10-05
QQQ261012P00702000,411.0,37.0,2026-10-05
QQQ261012C00703000,0.0,0.0,2026-10-05
QQQ261012P00703000,59.0,0.0,2026-10-05
QQQ261012C00704000,0.0,0.0,2026-10-05
QQQ261012P00704000,42.0,348.0,2026-10-05
QQQ261012C00705000,4.0,0.0,2026-10-05
QQQ261012P00705000,575.0,205.0,2026-10-05
QQQ261012C00706000,0.0,0.0,2026-10-05
QQQ261012P00706000,14.0,32.0,2026-10-05
QQQ261012C00707000,0.0,0.0,2026-10-05
QQQ261012P00707000,17.0,44.0,2026-10-05
QQQ261012C00708000,0.0,0.0,2026-10-05
QQQ261012P00708000,102.0,18.0,2026-10-05
QQQ261012C00709000,0.0,0.0,2026-10-05
QQQ261012P00709000,28.0,13.0,2026-10-05
QQQ261012C00710000,32.0,13.0,2026-10-05
QQQ261012P00710000,336.0,179.0,2026-10-05
QQQ261012C00711000,0.0,0.0,2026-10-05
QQQ261012P00711000,32.0,35.0,2026-10-05
QQQ261012C00712000,1.0,0.0,2026-10-05
QQQ261012P00712000,72.0,181.0,2026-10-05
QQQ261012C00713000,0.0,2.0,2026-10-05
QQQ261012P00713000,129.0,115.0,2026-10-05
QQQ261012C00714000,1.0,0.0,2026-10-05
QQQ261012P00714000,57.0,105.0,2026-10-05
QQQ261012C00715000,26.0,0.0,2026-10-05
QQQ261012P00715000,1643.0,1011.0,2026-10-05
QQQ261012C00716000,0.0,0.0,2026-10-05
QQQ261012P00716000,62.0,33.0,2026-10-05
QQQ261012C00717000,2.0,0.0,2026-10-05
QQQ261012P00717000,539.0,24.0,2026-10-05
QQQ261012C00718000,0.0,0.0,2026-10-05
QQQ261012P00718000,64.0,383.0,2026-10-05
QQQ261012C00719000,0.0,0.0,2026-10-05
QQQ261012P00719000,165.0,1584.0,2026-10-05
QQQ261012C00720000,17.0,23.0,2026-10-05
QQQ261012P00720000,1678.0,598.0,2026-10-05
QQQ261012C00721000,0.0,0.0,2026-10-05
QQQ261012P00721000,684.0,72.0,2026-10-05
QQQ261012C00722000,2.0,0.0,2026-10-05
QQQ261012P00722000,82.0,58.0,2026-10-05
QQQ261012C00723000,3.0,4.0,2026-10-05
QQQ261012P00723000,85.0,41.0,2026-10-05
QQQ261012C00724000,3.0,0.0,2026-10-05
QQQ261012P00724000,28.0,85.0,2026-10-05
QQQ261012C00725000,15.0,8.0,2026-10-05
QQQ261012P00725000,1267.0,1964.0,2026-10-05
QQQ261012C00726000,4.0,5.0,2026-10-05
QQQ261012P00726000,48.0,342.0,2026-10-05
QQQ261012C00727000,1.0,0.0,2026-10-05
QQQ261012P00727000,184.0,138.0,2026-10-05
QQQ261012C00728000,55.0,1.0,2026-10-05
QQQ261012P00728000,189.0,270.0,2026-10-05
QQQ261012C00729000,0.0,0.0,2026-10-05
QQQ261012P00729000,188.0,1878.0,2026-10-05
QQQ261012C00730000,95.0,14.0,2026-10-05
QQQ261012P00730000,740.0,983.0,2026-10-05
QQQ261012C00731000,18.0,1.0,2026-10-05
QQQ261012P00731000,1062.0,228.0,2026-10-05
QQQ261012C00732000,0.0,6.0,2026-10-05
QQQ261012P00732000,140.0,261.0,2026-10-05
QQQ261012C00733000,7.0,25.0,2026-10-05
QQQ261012P00733000,58.0,171.0,2026-10-05
QQQ261012C00734000,13.0,2.0,2026-10-05
QQQ261012P00734000,43.0,189.0,2026-10-05
QQQ261012C00735000,217.0,30.0,2026-10-05
QQQ261012P00735000,771.0,792.0,2026-10-05
QQQ261012C00736000,96.0,8.0,2026-10-05
QQQ261012P00736000,130.0,141.0,2026-10-05
QQQ261012C00737000,96.0,12.0,2026-10-05
QQQ261012P00737000,86.0,115.0,2026-10-05
QQQ261012C00738000,123.0,16.0,2026-10-05
QQQ261012P00738000,104.0,12737.0,2026-10-05
QQQ261012C00739000,71.0,4.0,2026-10-05
QQQ261012P00739000,129.0,182.0,2026-10-05
QQQ261012C00740000,603.0,49.0,2026-10-05
QQQ261012P00740000,833.0,911.0,2026-10-05
QQQ261012C00741000,162.0,58.0,2026-10-05
QQQ261012P00741000,158.0,393.0,2026-10-05
QQQ261012C00742000,223.0,16.0,2026-10-05
QQQ261012P00742000,2103.0,424.0,2026-10-05
QQQ261012C00743000,66.0,300.0,2026-10-05
QQQ261012P00743000,241.0,199.0,2026-10-05
QQQ261012C00744000,237.0,152.0,2026-10-05
QQQ261012P00744000,164.0,1179.0,2026-10-05
QQQ261012C00745000,356.0,307.0,2026-10-05
QQQ261012P00745000,278.0,641.0,2026-10-05
QQQ261012C00746000,33.0,566.0,2026-10-05
QQQ261012P00746000,76.0,161.0,2026-10-05
QQQ261012C00747000,223.0,224.0,2026-10-05
QQQ261012P00747000,128.0,259.0,2026-10-05
QQQ261012C00748000,30.0,308.0,2026-10-05
QQQ261012P00748000,135.0,221.0,2026-10-05
QQQ261012C00749000,57.0,189.0,2026-10-05
QQQ261012P00749000,270.0,389.0,2026-10-05
QQQ261012C00750000,729.0,255.0,2026-10-05
QQQ261012P00750000,1064.0,1981.0,2026-10-05
QQQ261012C00751000,137.0,920.0,2026-10-05
QQQ261012P00751000,57.0,777.0,2026-10-05
QQQ261012C00752000,491.0,546.0,2026-10-05
QQQ261012P00752000,80.0,1057.0,2026-10-05
QQQ261012C00753000,452.0,392.0,2026-10-05
QQQ261012P00753000,110.0,1813.0,2026-10-05
QQQ261012C00754000,55.0,769.0,2026-10-05
QQQ261012P00754000,154.0,1996.0,2026-10-05
QQQ261012C00755000,1196.0,992.0,2026-10-05
QQQ261012P00755000,25.0,1106.0,2026-10-05
QQQ261012C00756000,154.0,497.0,2026-10-05
QQQ261012P00756000,13.0,698.0,2026-10-05
QQQ261012C00757000,61.0,353.0,2026-10-05
QQQ261012P00757000,1.0,520.0,2026-10-05
QQQ261012C00758000,132.0,205.0,2026-10-05
QQQ261012P00758000,1.0,65.0,2026-10-05
QQQ261012C00759000,182.0,109.0,2026-10-05
QQQ261012P00759000,2.0,64.0,2026-10-05
QQQ261012C00760000,562.0,659.0,2026-10-05
QQQ261012P00760000,8.0,265.0,2026-10-05
QQQ261012C00761000,62.0,314.0,2026-10-05
QQQ261012P00761000,1.0,615.0,2026-10-05
QQQ261012C00762000,111.0,415.0,2026-10-05
QQQ261012P00762000,0.0,512.0,2026-10-05
QQQ261012C00763000,83.0,295.0,2026-10-05
QQQ261012P00763000,2.0,225.0,2026-10-05
QQQ261012C00764000,49.0,166.0,2026-10-05
QQQ261012P00764000,0.0,181.0,2026-10-05
QQQ261012C00765000,494.0,1102.0,2026-10-05
QQQ261012P00765000,0.0,128.0,2026-10-05
QQQ261012C00766000,57.0,360.0,2026-10-05
QQQ261012P00766000,0.0,2.0,2026-10-05
QQQ261012C00767000,64.0,148.0,2026-10-05
QQQ261012P00767000,1.0,4.0,2026-10-05
QQQ261012C00768000,240.0,65.0,2026-10-05
QQQ261012P00768000,1.0,2.0,2026-10-05
QQQ261012C00769000,207.0,101.0,2026-10-05
QQQ261012P00769000,0.0,0.0,2026-10-05
QQQ261012C00770000,230.0,291.0,2026-10-05
QQQ261012P00770000,14.0,2.0,2026-10-05
QQQ261012C00771000,422.0,170.0,2026-10-05
QQQ261012P00771000,0.0,1.0,2026-10-05
QQQ261012C00772000,225.0,197.0,2026-10-05
QQQ261012P00772000,0.0,0.0,2026-10-05
QQQ261012C00773000,100.0,212.0,2026-10-05
QQQ261012P00773000,0.0,5.0,2026-10-05
QQQ261012C00774000,170.0,170.0,2026-10-05
QQQ261012P00774000,0.0,0.0,2026-10-05
QQQ261012C00775000,134.0,666.0,2026-10-05
QQQ261012P00775000,5.0,0.0,2026-10-05
QQQ261012C00780000,84.0,556.0,2026-10-05
QQQ261012P00780000,0.0,0.0,2026-10-05
QQQ261012C00785000,222.0,2144.0,2026-10-05
QQQ261012P00785000,0.0,0.0,2026-10-05
QQQ261012C00790000,124.0,533.0,2026-10-05
QQQ261012P00790000,0.0,0.0,2026-10-05
QQQ261012C00795000,251.0,21.0,2026-10-05
QQQ261012P00795000,0.0,0.0,2026-10-05
QQQ261012C00800000,206.0,62.0,2026-10-05
QQQ261012P00800000,0.0,15.0,2026-10-05
QQQ261012C00805000,113.0,2.0,2026-10-05
QQQ261012P00805000,0.0,0.0,2026-10-05
QQQ261012C00810000,80.0,0.0,2026-10-05
QQQ261012P00810000,0.0,0.0,2026-10-05
QQQ261012C00815000,10.0,1.0,2026-10-05
QQQ261012P00815000,0.0,0.0,2026-10-05
QQQ261012C00820000,38.0,0.0,2026-10-05
QQQ261012P00820000,0.0,0.0,2026-10-05
QQQ261012C00825000,40.0,0.0,2026-10-05
QQQ261012P00825000,0.0,0.0,2026-10-05
QQQ261012C00830000,40.0,1.0,2026-10-05
QQQ261012P00830000,0.0,0.0,2026-10-05
QQQ261012C00835000,130.0,0.0,2026-10-05
QQQ261012P00835000,0.0,0.0,2026-10-05
QQQ261012C00840000,175.0,0.0,2026-10-05
QQQ261012P00840000,0.0,0.0,2026-10-05
QQQ261012C00845000,46.0,0.0,2026-10-05
QQQ261012P00845000,0.0,0.0,2026-10-05
QQQ261012C00850000,0.0,0.0,2026-10-05
QQQ261012P00850000,0.0,0.0,2026-10-05
QQQ261012C00855000,0.0,0.0,2026-10-05
QQQ261012P00855000,0.0,0.0,2026-10-05
QQQ261012C00860000,0.0,0.0,2026-10-05
QQQ261012P00860000,0.0,0.0,2026-10-05
QQQ261012C00865000,0.0,0.0,2026-10-05
QQQ261012P00865000,0.0,0.0,2026-10-05
QQQ261012C00870000,0.0,0.0,2026-10-05
QQQ261012P00870000,0.0,0.0,2026-10-05
QQQ261012C00875000,0.0,0.0,2026-10-05
QQQ261012P00875000,0.0,0.0,2026-10-05
QQQ261012C00880000,0.0,0.0,2026-10-05
QQQ261012P00880000,0.0,0.0,2026-10-05
QQQ261012C00885000,0.0,0.0,2026-10-05
QQQ261012P00885000,0.0,0.0,2026-10-05
QQQ261012C00890000,0.0,0.0,2026-10-05
QQQ261012P00890000,0.0,0.0,2026-10-05
QQQ261012C00895000,0.0,0.0,2026-10-05
QQQ261012P00895000,0.0,0.0,2026-10-05
QQQ261012C00900000,2.0,0.0,2026-10-05
QQQ261012P00900000,0.0,0.0,2026-10-05
QQQ261013C00450000,0.0,0.0,2026-10-05
QQQ261013P00450000,147.0,0.0,2026-10-05
QQQ261013C00455000,0.0,0.0,2026-10-05
QQQ261013P00455000,122.0,0.0,2026-10-05
QQQ261013C00460000,0.0,0.0,2026-10-05
QQQ261013P00460000,196.0,0.0,2026-10-05
QQQ261013C00465000,0.0,0.0,2026-10-05
QQQ261013P00465000,147.0,2058.0,2026-10-05
QQQ261013C00470000,0.0,0.0,2026-10-05
QQQ261013P00470000,185.0,2058.0,2026-10-05
QQQ261013C00475000,0.0,0.0,2026-10-05
QQQ261013P00475000,196.0,1176.0,2026-10-05
QQQ261013C00480000,0.0,0.0,2026-10-05
QQQ261013P00480000,347.0,1960.0,2026-10-05
QQQ261013C00485000,0.0,0.0,2026-10-05
QQQ261013P00485000,7.0,1646.0,2026-10-05
QQQ261013C00490000,0.0,0.0,2026-10-05
QQQ261013P00490000,0.0,1942.0,2026-10-05
QQQ261013C00495000,0.0,0.0,2026-10-05
QQQ261013P00495000,0.0,1764.0,2026-10-05
QQQ261013C00500000,0.0,0.0,2026-10-05
QQQ261013P00500000,73.0,1176.0,2026-10-05
QQQ261013C00505000,0.0,0.0,2026-10-05
QQQ261013P00505000,0.0,80.0,2026-10-05
QQQ261013C00510000,0.0,0.0,2026-10-05
QQQ261013P00510000,50.0,872.0,2026-10-05
QQQ261013C00515000,0.0,0.0,2026-10-05
QQQ261013P00515000,35.0,1360.0,2026-10-05
QQQ261013C00520000,0.0,0.0,2026-10-05
QQQ261013P00520000,53.0,140.0,2026-10-05
QQQ261013C00525000,0.0,0.0,2026-10-05
QQQ261013P00525000,43.0,60.0,2026-10-05
QQQ261013C00530000,0.0,0.0,2026-10-05
QQQ261013P00530000,47.0,60.0,2026-10-05
QQQ261013C00535000,0.0,0.0,2026-10-05
QQQ261013P00535000,61.0,0.0,2026-10-05
QQQ261013C00540000,0.0,0.0,2026-10-05
QQQ261013P00540000,88.0,0.0,2026-10-05
QQQ261013C00545000,0.0,0.0,2026-10-05
QQQ261013P00545000,95.0,0.0,2026-10-05
QQQ261013C00550000,0.0,0.0,2026-10-05
QQQ261013P00550000,293.0,98.0,2026-10-05
QQQ261013C00555000,0.0,0.0,2026-10-05
QQQ261013P00555000,90.0,0.0,2026-10-05
QQQ261013C00560000,0.0,0.0,2026-10-05
QQQ261013P00560000,90.0,0.0,2026-10-05
QQQ261013C00565000,0.0,0.0,2026-10-05
QQQ261013P00565000,157.0,0.0,2026-10-05
QQQ261013C00570000,0.0,0.0,2026-10-05
QQQ261013P00570000,70.0,0.0,2026-10-05
QQQ261013C00575000,0.0,0.0,2026-10-05
QQQ261013P00575000,105.0,702.0,2026-10-05
QQQ261013C00580000,0.0,0.0,2026-10-05
QQQ261013P00580000,26.0,160.0,2026-10-05
QQQ261013C00585000,0.0,0.0,2026-10-05
QQQ261013P00585000,15.0,80.0,2026-10-05
QQQ261013C00590000,0.0,0.0,2026-10-05
QQQ261013P00590000,18.0,0.0,2026-10-05
QQQ261013C00595000,0.0,0.0,2026-10-05
QQQ261013P00595000,22.0,2963.0,2026-10-05
QQQ261013C00600000,0.0,0.0,2026-10-05
QQQ261013P00600000,36.0,1105.0,2026-10-05
QQQ261013C00605000,0.0,0.0,2026-10-05
QQQ261013P00605000,6.0,911.0,2026-10-05
QQQ261013C00610000,0.0,0.0,2026-10-05
QQQ261013P00610000,35.0,1265.0,2026-10-05
QQQ261013C00615000,0.0,0.0,2026-10-05
QQQ261013P00615000,0.0,80.0,2026-10-05
QQQ261013C00620000,0.0,0.0,2026-10-05
QQQ261013P00620000,37.0,0.0,2026-10-05
QQQ261013C00625000,0.0,0.0,2026-10-05
QQQ261013P00625000,0.0,0.0,2026-10-05
QQQ261013C00630000,0.0,0.0,2026-10-05
QQQ261013P00630000,1.0,2.0,2026-10-05
QQQ261013C00635000,0.0,0.0,2026-10-05
QQQ261013P00635000,67.0,0.0,2026-10-05
QQQ261013C00640000,0.0,0.0,2026-10-05
QQQ261013P00640000,4.0,1.0,2026-10-05
QQQ261013C00645000,0.0,0.0,2026-10-05
QQQ261013P00645000,32.0,0.0,2026-10-05
QQQ261013C00650000,0.0,0.0,2026-10-05
QQQ261013P00650000,64.0,8.0,2026-10-05
QQQ261013C00655000,0.0,0.0,2026-10-05
QQQ261013P00655000,75.0,10.0,2026-10-05
QQQ261013C00660000,0.0,0.0,2026-10-05
QQQ261013P00660000,65.0,4.0,2026-10-05
QQQ261013C00665000,0.0,0.0,2026-10-05
QQQ261013P00665000,75.0,3.0,2026-10-05
QQQ261013C00670000,0.0,0.0,2026-10-05
QQQ261013P00670000,34.0,54.0,2026-10-05
QQQ261013C00675000,0.0,0.0,2026-10-05
QQQ261013P00675000,128.0,1.0,2026-10-05
QQQ261013C00680000,1.0,0.0,2026-10-05
QQQ261013P00680000,180.0,75.0,2026-10-05
QQQ261013C00685000,1.0,0.0,2026-10-05
QQQ261013P00685000,48.0,161.0,2026-10-05
QQQ261013C00689000,0.0,0.0,2026-10-05
QQQ261013P00689000,608.0,1.0,2026-10-05
QQQ261013C00690000,10.0,0.0,2026-10-05
QQQ261013P00690000,306.0,20.0,2026-10-05
QQQ261013C00691000,0.0,0.0,2026-10-05
QQQ261013P00691000,2.0,1.0,2026-10-05
QQQ261013C00692000,0.0,0.0,2026-10-05
QQQ261013P00692000,1.0,0.0,2026-10-05
QQQ261013C00693000,0.0,0.0,2026-10-05
QQQ261013P00693000,1.0,0.0,2026-10-05
QQQ261013C00694000,3.0,0.0,2026-10-05
QQQ261013P00694000,8.0,18.0,2026-10-05
QQQ261013C00695000,16.0,0.0,2026-10-05
QQQ261013P00695000,157.0,3.0,2026-10-05
QQQ261013C00696000,0.0,0.0,2026-10-05
QQQ261013P00696000,2.0,0.0,2026-10-05
QQQ261013C00697000,0.0,0.0,2026-10-05
QQQ261013P00697000,30.0,0.0,2026-10-05
QQQ261013C00698000,0.0,0.0,2026-10-05
QQQ261013P00698000,60.0,50.0,2026-10-05
QQQ261013C00699000,0.0,0.0,2026-10-05
QQQ261013P00699000,14.0,0.0,2026-10-05
QQQ261013C00700000,11.0,6.0,2026-10-05
QQQ261013P00700000,237.0,50.0,2026-10-05
QQQ261013C00701000,0.0,0.0,2026-10-05
QQQ261013P00701000,4.0,0.0,2026-10-05
QQQ261013C00702000,0.0,0.0,2026-10-05
QQQ261013P00702000,39.0,8.0,2026-10-05
QQQ261013C00703000,0.0,0.0,2026-10-05
QQQ261013P00703000,31.0,0.0,2026-10-05
QQQ261013C00704000,0.0,0.0,2026-10-05
QQQ261013P00704000,28.0,1.0,2026-10-05
QQQ261013C00705000,1.0,2.0,2026-10-05
QQQ261013P00705000,693.0,14.0,2026-10-05
QQQ261013C00706000,0.0,0.0,2026-10-05
QQQ261013P00706000,8.0,0.0,2026-10-05
QQQ261013C00707000,0.0,0.0,2026-10-05
QQQ261013P00707000,50.0,2.0,2026-10-05
QQQ261013C00708000,0.0,0.0,2026-10-05
QQQ261013P00708000,613.0,14.0,2026-10-05
QQQ261013C00709000,0.0,0.0,2026-10-05
QQQ261013P00709000,98.0,0.0,2026-10-05
QQQ261013C00710000,16.0,1.0,2026-10-05
QQQ261013P00710000,609.0,70.0,2026-10-05
QQQ261013C00711000,0.0,0.0,2026-10-05
QQQ261013P00711000,32.0,0.0,2026-10-05
QQQ261013C00712000,0.0,0.0,2026-10-05
QQQ261013P00712000,7.0,0.0,2026-10-05
QQQ261013C00713000,0.0,0.0,2026-10-05
QQQ261013P00713000,28.0,30.0,2026-10-05
QQQ261013C00714000,0.0,0.0,2026-10-05
QQQ261013P00714000,18.0,14.0,2026-10-05
QQQ261013C00715000,17.0,7.0,2026-10-05
QQQ261013P00715000,139.0,24.0,2026-10-05
QQQ261013C00716000,0.0,0.0,2026-10-05
QQQ261013P00716000,61.0,51.0,2026-10-05
QQQ261013C00717000,1.0,0.0,2026-10-05
QQQ261013P00717000,49.0,67.0,2026-10-05
QQQ261013C00718000,0.0,0.0,2026-10-05
QQQ261013P00718000,362.0,78.0,2026-10-05
QQQ261013C00719000,0.0,0.0,2026-10-05
QQQ261013P00719000,28.0,787.0,2026-10-05
QQQ261013C00720000,18.0,6.0,2026-10-05
QQQ261013P00720000,10102.0,10128.0,2026-10-05
QQQ261013C00721000,1.0,0.0,2026-10-05
QQQ261013P00721000,45.0,0.0,2026-10-05
QQQ261013C00722000,5.0,28.0,2026-10-05
QQQ261013P00722000,41.0,23.0,2026-10-05
QQQ261013C00723000,0.0,2.0,2026-10-05
QQQ261013P00723000,46.0,35.0,2026-10-05
QQQ261013C00724000,0.0,10.0,2026-10-05
QQQ261013P00724000,5.0,27.0,2026-10-05
QQQ261013C00725000,5.0,12.0,2026-10-05
QQQ261013P00725000,269.0,77.0,2026-10-05
QQQ261013C00726000,1.0,0.0,2026-10-05
QQQ261013P00726000,27.0,12.0,2026-10-05
QQQ261013C00727000,5.0,0.0,2026-10-05
QQQ261013P00727000,29.0,235.0,2026-10-05
QQQ261013C00728000,0.0,0.0,2026-10-05
QQQ261013P00728000,32.0,6.0,2026-10-05
QQQ261013C00729000,47.0,0.0,2026-10-05
QQQ261013P00729000,17.0,842.0,2026-10-05
QQQ261013C00730000,6.0,12.0,2026-10-05
QQQ261013P00730000,530.0,2906.0,2026-10-05
QQQ261013C00731000,49.0,29.0,2026-10-05
QQQ261013P00731000,28.0,43.0,2026-10-05
QQQ261013C00732000,1.0,0.0,2026-10-05
QQQ261013P00732000,27.0,69.0,2026-10-05
QQQ261013C00733000,1.0,0.0,2026-10-05
QQQ261013P00733000,36.0,76.0,2026-10-05
QQQ261013C00734000,2.0,2.0,2026-10-05
QQQ261013P00734000,37.0,47.0,2026-10-05
QQQ261013C00735000,161.0,5.0,2026-10-05
QQQ261013P00735000,402.0,175.0,2026-10-05
QQQ261013C00736000,8.0,7.0,2026-10-05
QQQ261013P00736000,50.0,25.0,2026-10-05
QQQ261013C00737000,11.0,0.0,2026-10-05
QQQ261013P00737000,47.0,34.0,2026-10-05
QQQ261013C00738000,107.0,3.0,2026-10-05
QQQ261013P00738000,53.0,41.0,2026-10-05
QQQ261013C00739000,32.0,8.0,2026-10-05
QQQ261013P00739000,41.0,19.0,2026-10-05
QQQ261013C00740000,361.0,16.0,2026-10-05
QQQ261013P00740000,359.0,10469.0,2026-10-05
QQQ261013C00741000,29.0,62.0,2026-10-05
QQQ261013P00741000,94.0,43.0,2026-10-05
QQQ261013C00742000,28.0,1.0,2026-10-05
QQQ261013P00742000,158.0,6.0,2026-10-05
QQQ261013C00743000,110.0,3.0,2026-10-05
QQQ261013P00743000,19.0,70.0,2026-10-05
QQQ261013C00744000,36.0,2.0,2026-10-05
QQQ261013P00744000,444.0,264.0,2026-10-05
QQQ261013C00745000,444.0,4.0,2026-10-05
QQQ261013P00745000,71.0,659.0,2026-10-05
QQQ261013C00746000,42.0,3.0,2026-10-05
QQQ261013P00746000,52.0,76.0,2026-10-05
QQQ261013C00747000,115.0,12.0,2026-10-05
QQQ261013P00747000,416.0,328.0,2026-10-05
QQQ261013C00748000,29.0,5.0,2026-10-05
QQQ261013P00748000,15.0,69.0,2026-10-05
QQQ261013C00749000,91.0,19.0,2026-10-05
QQQ261013P00749000,34.0,38.0,2026-10-05
QQQ261013C00750000,829.0,127.0,2026-10-05
QQQ261013P00750000,77.0,301.0,2026-10-05
QQQ261013C00751000,95.0,156.0,2026-10-05
QQQ261013P00751000,32.0,143.0,2026-10-05
QQQ261013C00752000,205.0,149.0,2026-10-05
QQQ261013P00752000,19.0,180.0,2026-10-05
QQQ261013C00753000,97.0,280.0,2026-10-05
QQQ261013P00753000,59.0,280.0,2026-10-05
QQQ261013C00754000,95.0,97.0,2026-10-05
QQQ261013P00754000,48.0,274.0,2026-10-05
QQQ261013C00755000,275.0,234.0,2026-10-05
QQQ261013P00755000,43.0,492.0,2026-10-05
QQQ261013C00756000,20.0,134.0,2026-10-05
QQQ261013P00756000,9.0,225.0,2026-10-05
QQQ261013C00757000,32.0,56.0,2026-10-05
QQQ261013P00757000,1.0,58.0,2026-10-05
QQQ261013C00758000,45.0,94.0,2026-10-05
QQQ261013P00758000,7.0,66.0,2026-10-05
QQQ261013C00759000,14.0,79.0,2026-10-05
QQQ261013P00759000,0.0,6.0,2026-10-05
QQQ261013C00760000,560.0,432.0,2026-10-05
QQQ261013P00760000,60.0,649.0,2026-10-05
QQQ261013C00761000,49.0,64.0,2026-10-05
QQQ261013P00761000,1.0,7.0,2026-10-05
QQQ261013C00762000,112.0,92.0,2026-10-05
QQQ261013P00762000,0.0,8.0,2026-10-05
QQQ261013C00763000,20.0,85.0,2026-10-05
QQQ261013P00763000,0.0,2.0,2026-10-05
QQQ261013C00764000,21.0,128.0,2026-10-05
QQQ261013P00764000,0.0,0.0,2026-10-05
QQQ261013C00765000,241.0,1783.0,2026-10-05
QQQ261013P00765000,0.0,8.0,2026-10-05
QQQ261013C00766000,183.0,87.0,2026-10-05
QQQ261013P00766000,0.0,0.0,2026-10-05
QQQ261013C00767000,74.0,157.0,2026-10-05
QQQ261013P00767000,0.0,2.0,2026-10-05
QQQ261013C00768000,72.0,42.0,2026-10-05
QQQ261013P00768000,0.0,1.0,2026-10-05
QQQ261013C00769000,52.0,60.0,2026-10-05
QQQ261013P00769000,1.0,0.0,2026-10-05
QQQ261013C00770000,174.0,63.0,2026-10-05
QQQ261013P00770000,0.0,2.0,2026-10-05
QQQ261013C00771000,236.0,62.0,2026-10-05
QQQ261013P00771000,0.0,0.0,2026-10-05
QQQ261013C00772000,65.0,31.0,2026-10-05
QQQ261013P00772000,17.0,1.0,2026-10-05
QQQ261013C00773000,53.0,231.0,2026-10-05
QQQ261013P00773000,0.0,0.0,2026-10-05
QQQ261013C00774000,69.0,150.0,2026-10-05
QQQ261013P00774000,0.0,0.0,2026-10-05
QQQ261013C00775000,64.0,107.0,2026-10-05
QQQ261013P00775000,0.0,0.0,2026-10-05
QQQ261013C00780000,63.0,426.0,2026-10-05
QQQ261013P00780000,25.0,0.0,2026-10-05
QQQ261013C00785000,45.0,634.0,2026-10-05
QQQ261013P00785000,0.0,0.0,2026-10-05
QQQ261013C00790000,197.0,27.0,2026-10-05
QQQ261013P00790000,0.0,0.0,2026-10-05
QQQ261013C00795000,0.0,12.0,2026-10-05
QQQ261013P00795000,0.0,0.0,2026-10-05
QQQ261013C00800000,227.0,3.0,2026-10-05
QQQ261013P00800000,0.0,0.0,2026-10-05
QQQ261013C00805000,129.0,3.0,2026-10-05
QQQ261013P00805000,0.0,0.0,2026-10-05
QQQ261013C00810000,5.0,62.0,2026-10-05
QQQ261013P00810000,0.0,0.0,2026-10-05
QQQ261013C00815000,0.0,0.0,2026-10-05
QQQ261013P00815000,0.0,0.0,2026-10-05
QQQ261013C00820000,0.0,0.0,2026-10-05
QQQ261013P00820000,0.0,0.0,2026-10-05
QQQ261013C00825000,11.0,0.0,2026-10-05
QQQ261013P00825000,0.0,0.0,2026-10-05
QQQ261013C00830000,100.0,0.0,2026-10-05
QQQ261013P00830000,0.0,0.0,2026-10-05
QQQ261013C00835000,10.0,0.0,2026-10-05
QQQ261013P00835000,0.0,0.0,2026-10-05
QQQ261013C00840000,0.0,0.0,2026-10-05
QQQ261013P00840000,0.0,0.0,2026-10-05
QQQ261013C00845000,0.0,0.0,2026-10-05
QQQ261013P00845000,0.0,0.0,2026-10-05
QQQ261013C00850000,1.0,0.0,2026-10-05
QQQ261013P00850000,0.0,0.0,2026-10-05
QQQ261013C00855000,0.0,0.0,2026-10-05
QQQ261013P00855000,0.0,0.0,2026-10-05
QQQ261013C00860000,0.0,0.0,2026-10-05
QQQ261013P00860000,0.0,0.0,2026-10-05
QQQ261013C00865000,0.0,0.0,2026-10-05
QQQ261013P00865000,0.0,0.0,2026-10-05
QQQ261013C00870000,0.0,0.0,2026-10-05
QQQ261013P00870000,0.0,0.0,2026-10-05
QQQ261013C00875000,0.0,0.0,2026-10-05
QQQ261013P00875000,0.0,0.0,2026-10-05
QQQ261013C00880000,0.0,0.0,2026-10-05
QQQ261013P00880000,0.0,0.0,2026-10-05
QQQ261013C00885000,0.0,0.0,2026-10-05
QQQ261013P00885000,0.0,0.0,2026-10-05
QQQ261013C00890000,0.0,0.0,2026-10-05
QQQ261013P00890000,0.0,0.0,2026-10-05
QQQ261013C00895000,0.0,0.0,2026-10-05
QQQ261013P00895000,0.0,0.0,2026-10-05
QQQ261013C00900000,0.0,0.0,2026-10-05
QQQ261013P00900000,0.0,0.0,2026-10-05
QQQ261014C00450000,0.0,0.0,2026-10-05
QQQ261014P00450000,10.0,0.0,2026-10-05
QQQ261014C00455000,0.0,0.0,2026-10-05
QQQ261014P00455000,200.0,0.0,2026-10-05
QQQ261014C00460000,0.0,0.0,2026-10-05
QQQ261014P00460000,10.0,20.0,2026-10-05
QQQ261014C00465000,0.0,0.0,2026-10-05
QQQ261014P00465000,34.0,0.0,2026-10-05
QQQ261014C00470000,0.0,0.0,2026-10-05
QQQ261014P00470000,15.0,0.0,2026-10-05
QQQ261014C00475000,0.0,0.0,2026-10-05
QQQ261014P00475000,52.0,0.0,2026-10-05
QQQ261014C00480000,0.0,0.0,2026-10-05
QQQ261014P00480000,37.0,0.0,2026-10-05
QQQ261014C00485000,0.0,0.0,2026-10-05
QQQ261014P00485000,18.0,60.0,2026-10-05
QQQ261014C00490000,0.0,0.0,2026-10-05
QQQ261014P00490000,10.0,0.0,2026-10-05
QQQ261014C00495000,0.0,0.0,2026-10-05
QQQ261014P00495000,36.0,0.0,2026-10-05
QQQ261014C00500000,0.0,0.0,2026-10-05
QQQ261014P00500000,49.0,0.0,2026-10-05
QQQ261014C00505000,0.0,0.0,2026-10-05
QQQ261014P00505000,50.0,0.0,2026-10-05
QQQ261014C00510000,0.0,0.0,2026-10-05
QQQ261014P00510000,29.0,0.0,2026-10-05
QQQ261014C00515000,0.0,0.0,2026-10-05
QQQ261014P00515000,65.0,0.0,2026-10-05
QQQ261014C00520000,0.0,0.0,2026-10-05
QQQ261014P00520000,50.0,0.0,2026-10-05
QQQ261014C00525000,0.0,0.0,2026-10-05
QQQ261014P00525000,122.0,60.0,2026-10-05
QQQ261014C00530000,0.0,0.0,2026-10-05
QQQ261014P00530000,43.0,198.0,2026-10-05
QQQ261014C00535000,0.0,0.0,2026-10-05
QQQ261014P00535000,53.0,846.0,2026-10-05
QQQ261014C00540000,0.0,0.0,2026-10-05
QQQ261014P00540000,70.0,1024.0,2026-10-05
QQQ261014C00545000,0.0,0.0,2026-10-05
QQQ261014P00545000,33.0,948.0,2026-10-05
QQQ261014C00550000,0.0,0.0,2026-10-05
QQQ261014P00550000,77.0,1026.0,2026-10-05
QQQ261014C00555000,0.0,0.0,2026-10-05
QQQ261014P00555000,65.0,902.0,2026-10-05
QQQ261014C00560000,0.0,0.0,2026-10-05
QQQ261014P00560000,22.0,922.0,2026-10-05
QQQ261014C00565000,0.0,0.0,2026-10-05
QQQ261014P00565000,10.0,904.0,2026-10-05
QQQ261014C00570000,0.0,0.0,2026-10-05
QQQ261014P00570000,151.0,824.0,2026-10-05
QQQ261014C00575000,0.0,0.0,2026-10-05
QQQ261014P00575000,18.0,850.0,2026-10-05
QQQ261014C00580000,0.0,0.0,2026-10-05
QQQ261014P00580000,80.0,60.0,2026-10-05
QQQ261014C00585000,0.0,0.0,2026-10-05
QQQ261014P00585000,11.0,276.0,2026-10-05
QQQ261014C00590000,0.0,0.0,2026-10-05
QQQ261014P00590000,0.0,1090.0,2026-10-05
QQQ261014C00595000,0.0,0.0,2026-10-05
QQQ261014P00595000,6.0,574.0,2026-10-05
QQQ261014C00600000,0.0,0.0,2026-10-05
QQQ261014P00600000,137.0,908.0,2026-10-05
QQQ261014C00605000,0.0,0.0,2026-10-05
QQQ261014P00605000,10.0,882.0,2026-10-05
QQQ261014C00610000,0.0,0.0,2026-10-05
QQQ261014P00610000,0.0,20.0,2026-10-05
QQQ261014C00615000,0.0,0.0,2026-10-05
QQQ261014P00615000,1.0,160.0,2026-10-05
QQQ261014C00620000,0.0,0.0,2026-10-05
QQQ261014P00620000,0.0,0.0,2026-10-05
QQQ261014C00625000,0.0,0.0,2026-10-05
QQQ261014P00625000,0.0,0.0,2026-10-05
QQQ261014C00630000,0.0,0.0,2026-10-05
QQQ261014P00630000,123.0,0.0,2026-10-05
QQQ261014C00635000,0.0,0.0,2026-10-05
QQQ261014P00635000,11.0,2.0,2026-10-05
QQQ261014C00640000,0.0,0.0,2026-10-05
QQQ261014P00640000,53.0,0.0,2026-10-05
QQQ261014C00645000,0.0,0.0,2026-10-05
QQQ261014P00645000,46.0,0.0,2026-10-05
QQQ261014C00650000,0.0,0.0,2026-10-05
QQQ261014P00650000,50.0,417.0,2026-10-05
QQQ261014C00655000,0.0,0.0,2026-10-05
QQQ261014P00655000,5.0,0.0,2026-10-05
QQQ261014C00660000,0.0,0.0,2026-10-05
QQQ261014P00660000,14.0,1.0,2026-10-05
QQQ261014C00665000,0.0,0.0,2026-10-05
QQQ261014P00665000,22.0,5.0,2026-10-05
QQQ261014C00670000,0.0,0.0,2026-10-05
QQQ261014P00670000,62.0,37.0,2026-10-05
QQQ261014C00675000,1.0,0.0,2026-10-05
QQQ261014P00675000,58.0,36.0,2026-10-05
QQQ261014C00680000,0.0,0.0,2026-10-05
QQQ261014P00680000,94.0,5.0,2026-10-05
QQQ261014C00685000,1.0,0.0,2026-10-05
QQQ261014P00685000,18.0,56.0,2026-10-05
QQQ261014C00690000,10.0,0.0,2026-10-05
QQQ261014P00690000,909.0,161.0,2026-10-05
QQQ261014C00695000,10.0,0.0,2026-10-05
QQQ261014P00695000,23.0,1.0,2026-10-05
QQQ261014C00696000,0.0,0.0,2026-10-05
QQQ261014P00696000,7.0,10.0,2026-10-05
QQQ261014C00697000,0.0,0.0,2026-10-05
QQQ261014P00697000,10.0,1.0,2026-10-05
QQQ261014C00698000,0.0,0.0,2026-10-05
QQQ261014P00698000,25.0,0.0,2026-10-05
QQQ261014C00699000,2.0,0.0,2026-10-05
QQQ261014P00699000,23.0,0.0,2026-10-05
QQQ261014C00700000,1.0,0.0,2026-10-05
QQQ261014P00700000,186.0,567.0,2026-10-05
QQQ261014C00701000,0.0,0.0,2026-10-05
QQQ261014P00701000,12.0,0.0,2026-10-05
QQQ261014C00702000,0.0,0.0,2026-10-05
QQQ261014P00702000,54.0,0.0,2026-10-05
QQQ261014C00703000,0.0,0.0,2026-10-05
QQQ261014P00703000,32.0,180.0,2026-10-05
QQQ261014C00704000,0.0,0.0,2026-10-05
QQQ261014P00704000,43.0,27.0,2026-10-05
QQQ261014C00705000,0.0,24.0,2026-10-05
QQQ261014P00705000,679.0,88.0,2026-10-05
QQQ261014C00706000,0.0,0.0,2026-10-05
QQQ261014P00706000,28.0,37.0,2026-10-05
QQQ261014C00707000,0.0,0.0,2026-10-05
QQQ261014P00707000,57.0,25.0,2026-10-05
QQQ261014C00708000,0.0,0.0,2026-10-05
QQQ261014P00708000,19.0,0.0,2026-10-05
QQQ261014C00709000,0.0,0.0,2026-10-05
QQQ261014P00709000,28.0,37.0,2026-10-05
QQQ261014C00710000,10.0,0.0,2026-10-05
QQQ261014P00710000,105.0,311.0,2026-10-05
QQQ261014C00711000,0.0,0.0,2026-10-05
QQQ261014P00711000,46.0,0.0,2026-10-05
QQQ261014C00712000,1.0,1.0,2026-10-05
QQQ261014P00712000,53.0,0.0,2026-10-05
QQQ261014C00713000,0.0,0.0,2026-10-05
QQQ261014P00713000,32.0,3.0,2026-10-05
QQQ261014C00714000,0.0,0.0,2026-10-05
QQQ261014P00714000,23.0,2.0,2026-10-05
QQQ261014C00715000,12.0,9.0,2026-10-05
QQQ261014P00715000,102.0,43.0,2026-10-05
QQQ261014C00716000,0.0,0.0,2026-10-05
QQQ261014P00716000,23.0,2.0,2026-10-05
QQQ261014C00717000,0.0,0.0,2026-10-05
QQQ261014P00717000,47.0,35.0,2026-10-05
QQQ261014C00718000,0.0,0.0,2026-10-05
QQQ261014P00718000,56.0,22.0,2026-10-05
QQQ261014C00719000,0.0,0.0,2026-10-05
QQQ261014P00719000,14.0,5.0,2026-10-05
QQQ261014C00720000,0.0,3.0,2026-10-05
QQQ261014P00720000,194.0,91.0,2026-10-05
QQQ261014C00721000,0.0,0.0,2026-10-05
QQQ261014P00721000,17.0,14.0,2026-10-05
QQQ261014C00722000,0.0,0.0,2026-10-05
QQQ261014P00722000,343.0,8.0,2026-10-05
QQQ261014C00723000,0.0,15.0,2026-10-05
QQQ261014P00723000,28.0,4.0,2026-10-05
QQQ261014C00724000,0.0,1.0,2026-10-05
QQQ261014P00724000,29.0,11.0,2026-10-05
QQQ261014C00725000,1.0,33.0,2026-10-05
QQQ261014P00725000,157.0,482.0,2026-10-05
QQQ261014C00726000,0.0,0.0,2026-10-05
QQQ261014P00726000,15.0,7.0,2026-10-05
QQQ261014C00727000,0.0,0.0,2026-10-05
QQQ261014P00727000,18.0,20.0,2026-10-05
QQQ261014C00728000,4.0,5.0,2026-10-05
QQQ261014P00728000,36.0,26.0,2026-10-05
QQQ261014C00729000,0.0,0.0,2026-10-05
QQQ261014P00729000,59.0,33.0,2026-10-05
QQQ261014C00730000,213.0,6.0,2026-10-05
QQQ261014P00730000,147.0,345.0,2026-10-05
QQQ261014C00731000,0.0,0.0,2026-10-05
QQQ261014P00731000,69.0,57.0,2026-10-05
QQQ261014C00732000,10.0,3.0,2026-10-05
QQQ261014P00732000,666.0,41.0,2026-10-05
QQQ261014C00733000,1.0,0.0,2026-10-05
QQQ261014P00733000,713.0,7.0,2026-10-05
QQQ261014C00734000,16.0,0.0,2026-10-05
QQQ261014P00734000,20.0,104.0,2026-10-05
QQQ261014C00735000,78.0,1.0,2026-10-05
QQQ261014P00735000,158.0,194.0,2026-10-05
QQQ261014C00736000,1.0,0.0,2026-10-05
QQQ261014P00736000,22.0,6.0,2026-10-05
QQQ261014C00737000,18.0,5.0,2026-10-05
QQQ261014P00737000,27.0,16.0,2026-10-05
QQQ261014C00738000,21.0,0.0,2026-10-05
QQQ261014P00738000,423.0,32.0,2026-10-05
QQQ261014C00739000,22.0,2.0,2026-10-05
QQQ261014P00739000,47.0,19.0,2026-10-05
QQQ261014C00740000,182.0,3.0,2026-10-05
QQQ261014P00740000,164.0,170.0,2026-10-05
QQQ261014C00741000,8.0,0.0,2026-10-05
QQQ261014P00741000,14.0,29.0,2026-10-05
QQQ261014C00742000,59.0,99.0,2026-10-05
QQQ261014P00742000,486.0,23.0,2026-10-05
QQQ261014C00743000,13.0,1.0,2026-10-05
QQQ261014P00743000,59.0,53.0,2026-10-05
QQQ261014C00744000,111.0,130.0,2026-10-05
QQQ261014P00744000,41.0,16.0,2026-10-05
QQQ261014C00745000,185.0,15.0,2026-10-05
QQQ261014P00745000,340.0,92.0,2026-10-05
QQQ261014C00746000,14.0,6.0,2026-10-05
QQQ261014P00746000,26.0,71.0,2026-10-05
QQQ261014C00747000,26.0,16.0,2026-10-05
QQQ261014P00747000,8.0,11.0,2026-10-05
QQQ261014C00748000,10.0,15.0,2026-10-05
QQQ261014P00748000,57.0,284.0,2026-10-05
QQQ261014C00749000,13.0,12.0,2026-10-05
QQQ261014P00749000,19.0,7.0,2026-10-05
QQQ261014C00750000,218.0,16.0,2026-10-05
QQQ261014P00750000,76.0,251.0,2026-10-05
QQQ261014C00751000,21.0,22.0,2026-10-05
QQQ261014P00751000,33.0,16.0,2026-10-05
QQQ261014C00752000,96.0,148.0,2026-10-05
QQQ261014P00752000,18.0,87.0,2026-10-05
QQQ261014C00753000,17.0,40.0,2026-10-05
QQQ261014P00753000,175.0,314.0,2026-10-05
QQQ261014C00754000,309.0,380.0,2026-10-05
QQQ261014P00754000,9.0,83.0,2026-10-05
QQQ261014C00755000,2533.0,251.0,2026-10-05
QQQ261014P00755000,15.0,391.0,2026-10-05
QQQ261014C00756000,24.0,29.0,2026-10-05
QQQ261014P00756000,3.0,65.0,2026-10-05
QQQ261014C00757000,393.0,18.0,2026-10-05
QQQ261014P00757000,50.0,88.0,2026-10-05
QQQ261014C00758000,67.0,11.0,2026-10-05
QQQ261014P00758000,2.0,57.0,2026-10-05
QQQ261014C00759000,12.0,27.0,2026-10-05
QQQ261014P00759000,4.0,40.0,2026-10-05
QQQ261014C00760000,612.0,160.0,2026-10-05
QQQ261014P00760000,3.0,34.0,2026-10-05
QQQ261014C00761000,60.0,35.0,2026-10-05
QQQ261014P00761000,0.0,0.0,2026-10-05
QQQ261014C00762000,37.0,60.0,2026-10-05
QQQ261014P00762000,6.0,1.0,2026-10-05
QQQ261014C00763000,29.0,14.0,2026-10-05
QQQ261014P00763000,0.0,1.0,2026-10-05
QQQ261014C00764000,21.0,41.0,2026-10-05
QQQ261014P00764000,0.0,1.0,2026-10-05
QQQ261014C00765000,199.0,106.0,2026-10-05
QQQ261014P00765000,12.0,7.0,2026-10-05
QQQ261014C00766000,71.0,38.0,2026-10-05
QQQ261014P00766000,0.0,5.0,2026-10-05
QQQ261014C00767000,42.0,23.0,2026-10-05
QQQ261014P00767000,0.0,0.0,2026-10-05
QQQ261014C00768000,3.0,9.0,2026-10-05
QQQ261014P00768000,0.0,0.0,2026-10-05
QQQ261014C00769000,20.0,17.0,2026-10-05
QQQ261014P00769000,0.0,0.0,2026-10-05
QQQ261014C00770000,552.0,48.0,2026-10-05
QQQ261014P00770000,11.0,20.0,2026-10-05
QQQ261014C00771000,120.0,6.0,2026-10-05
QQQ261014P00771000,0.0,0.0,2026-10-05
QQQ261014C00772000,3.0,19.0,2026-10-05
QQQ261014P00772000,0.0,0.0,2026-10-05
QQQ261014C00773000,49.0,16.0,2026-10-05
QQQ261014P00773000,0.0,0.0,2026-10-05
QQQ261014C00774000,37.0,480.0,2026-10-05
QQQ261014P00774000,0.0,0.0,2026-10-05
QQQ261014C00775000,54.0,533.0,2026-10-05
QQQ261014P00775000,1.0,0.0,2026-10-05
QQQ261014C00780000,1448.0,73.0,2026-10-05
QQQ261014P00780000,0.0,0.0,2026-10-05
QQQ261014C00785000,91.0,286.0,2026-10-05
QQQ261014P00785000,0.0,0.0,2026-10-05
QQQ261014C00790000,38.0,124.0,2026-10-05
QQQ261014P00790000,0.0,0.0,2026-10-05
QQQ261014C00795000,5.0,187.0,2026-10-05
QQQ261014P00795000,0.0,0.0,2026-10-05
QQQ261014C00800000,10.0,12.0,2026-10-05
QQQ261014P00800000,0.0,0.0,2026-10-05
QQQ261014C00805000,160.0,170.0,2026-10-05
QQQ261014P00805000,0.0,1.0,2026-10-05
QQQ261014C00810000,78.0,130.0,2026-10-05
QQQ261014P00810000,0.0,0.0,2026-10-05
QQQ261014C00815000,5.0,40.0,2026-10-05
QQQ261014P00815000,0.0,0.0,2026-10-05
QQQ261014C00820000,24.0,120.0,2026-10-05
QQQ261014P00820000,0.0,0.0,2026-10-05
QQQ261014C00825000,40.0,20.0,2026-10-05
QQQ261014P00825000,0.0,0.0,2026-10-05
QQQ261014C00830000,0.0,60.0,2026-10-05
QQQ261014P00830000,0.0,0.0,2026-10-05
QQQ261014C00835000,0.0,0.0,2026-10-05
QQQ261014P00835000,0.0,0.0,2026-10-05
QQQ261014C00840000,0.0,0.0,2026-10-05
QQQ261014P00840000,0.0,0.0,2026-10-05
QQQ261014C00845000,0.0,0.0,2026-10-05
QQQ261014P00845000,0.0,0.0,2026-10-05
QQQ261014C00850000,0.0,0.0,2026-10-05
QQQ261014P00850000,0.0,0.0,2026-10-05
QQQ261014C00855000,0.0,0.0,2026-10-05
QQQ261014P00855000,0.0,0.0,2026-10-05
QQQ261014C00860000,0.0,0.0,2026-10-05
QQQ261014P00860000,0.0,0.0,2026-10-05
QQQ261014C00865000,0.0,0.0,2026-10-05
QQQ261014P00865000,0.0,0.0,2026-10-05
QQQ261014C00870000,0.0,0.0,2026-10-05
QQQ261014P00870000,0.0,0.0,2026-10-05
QQQ261014C00875000,0.0,0.0,2026-10-05
QQQ261014P00875000,0.0,0.0,2026-10-05
QQQ261014C00880000,0.0,0.0,2026-10-05
QQQ261014P00880000,0.0,0.0,2026-10-05
QQQ261014C00885000,0.0,0.0,2026-10-05
QQQ261014P00885000,0.0,0.0,2026-10-05
QQQ261014C00890000,0.0,0.0,2026-10-05
QQQ261014P00890000,0.0,0.0,2026-10-05
QQQ261014C00895000,0.0,0.0,2026-10-05
QQQ261014P00895000,0.0,0.0,2026-10-05
QQQ261014C00900000,0.0,0.0,2026-10-05
QQQ261014P00900000,0.0,0.0,2026-10-05
QQQ261015C00450000,0.0,0.0,2026-10-05
QQQ261015P00450000,0.0,0.0,2026-10-05
QQQ261015C00455000,0.0,0.0,2026-10-05
QQQ261015P00455000,10.0,0.0,2026-10-05
QQQ261015C00460000,0.0,0.0,2026-10-05
QQQ261015P00460000,0.0,0.0,2026-10-05
QQQ261015C00465000,0.0,0.0,2026-10-05
QQQ261015P00465000,0.0,0.0,2026-10-05
QQQ261015C00470000,0.0,0.0,2026-10-05
QQQ261015P00470000,0.0,0.0,2026-10-05
QQQ261015C00475000,0.0,0.0,2026-10-05
QQQ261015P00475000,0.0,0.0,2026-10-05
QQQ261015C00480000,0.0,0.0,2026-10-05
QQQ261015P00480000,0.0,0.0,2026-10-05
QQQ261015C00485000,0.0,0.0,2026-10-05
QQQ261015P00485000,24.0,0.0,2026-10-05
QQQ261015C00490000,0.0,0.0,2026-10-05
QQQ261015P00490000,0.0,0.0,2026-10-05
QQQ261015C00495000,0.0,0.0,2026-10-05
QQQ261015P00495000,10.0,0.0,2026-10-05
QQQ261015C00500000,0.0,0.0,2026-10-05
QQQ261015P00500000,17.0,0.0,2026-10-05
QQQ261015C00505000,0.0,0.0,2026-10-05
QQQ261015P00505000,20.0,0.0,2026-10-05
QQQ261015C00510000,0.0,0.0,2026-10-05
QQQ261015P00510000,60.0,0.0,2026-10-05
QQQ261015C00515000,0.0,0.0,2026-10-05
QQQ261015P00515000,100.0,0.0,2026-10-05
QQQ261015C00520000,0.0,0.0,2026-10-05
QQQ261015P00520000,97.0,412.0,2026-10-05
QQQ261015C00525000,0.0,0.0,2026-10-05
QQQ261015P00525000,16.0,0.0,2026-10-05
QQQ261015C00530000,0.0,0.0,2026-10-05
QQQ261015P00530000,30.0,748.0,2026-10-05
QQQ261015C00535000,0.0,0.0,2026-10-05
QQQ261015P00535000,0.0,950.0,2026-10-05
QQQ261015C00540000,0.0,0.0,2026-10-05
QQQ261015P00540000,0.0,200.0,2026-10-05
QQQ261015C00545000,0.0,0.0,2026-10-05
QQQ261015P00545000,32.0,400.0,2026-10-05
QQQ261015C00550000,0.0,0.0,2026-10-05
QQQ261015P00550000,51.0,21.0,2026-10-05
QQQ261015C00555000,0.0,0.0,2026-10-05
QQQ261015P00555000,10.0,0.0,2026-10-05
QQQ261015C00560000,0.0,0.0,2026-10-05
QQQ261015P00560000,0.0,0.0,2026-10-05
QQQ261015C00565000,0.0,0.0,2026-10-05
QQQ261015P00565000,0.0,0.0,2026-10-05
QQQ261015C00570000,0.0,0.0,2026-10-05
QQQ261015P00570000,0.0,20.0,2026-10-05
QQQ261015C00575000,0.0,0.0,2026-10-05
QQQ261015P00575000,0.0,0.0,2026-10-05
QQQ261015C00580000,0.0,0.0,2026-10-05
QQQ261015P00580000,0.0,0.0,2026-10-05
QQQ261015C00585000,0.0,0.0,2026-10-05
QQQ261015P00585000,0.0,0.0,2026-10-05
QQQ261015C00590000,0.0,0.0,2026-10-05
QQQ261015P00590000,0.0,0.0,2026-10-05
QQQ261015C00595000,0.0,0.0,2026-10-05
QQQ261015P00595000,0.0,0.0,2026-10-05
QQQ261015C00600000,0.0,0.0,2026-10-05
QQQ261015P00600000,0.0,10.0,2026-10-05
QQQ261015C00605000,0.0,0.0,2026-10-05
QQQ261015P00605000,0.0,0.0,2026-10-05
QQQ261015C00610000,0.0,0.0,2026-10-05
QQQ261015P00610000,0.0,0.0,2026-10-05
QQQ261015C00615000,0.0,0.0,2026-10-05
QQQ261015P00615000,1.0,0.0,2026-10-05
QQQ261015C00620000,0.0,0.0,2026-10-05
QQQ261015P00620000,0.0,0.0,2026-10-05
QQQ261015C00625000,0.0,0.0,2026-10-05
QQQ261015P00625000,0.0,0.0,2026-10-05
QQQ261015C00630000,0.0,0.0,2026-10-05
QQQ261015P00630000,2.0,0.0,2026-10-05
QQQ261015C00635000,0.0,0.0,2026-10-05
QQQ261015P00635000,0.0,1.0,2026-10-05
QQQ261015C00640000,0.0,0.0,2026-10-05
QQQ261015P00640000,0.0,34.0,2026-10-05
QQQ261015C00645000,0.0,0.0,2026-10-05
QQQ261015P00645000,70.0,130.0,2026-10-05
QQQ261015C00650000,0.0,0.0,2026-10-05
QQQ261015P00650000,1.0,0.0,2026-10-05
QQQ261015C00655000,0.0,0.0,2026-10-05
QQQ261015P00655000,0.0,0.0,2026-10-05
QQQ261015C00660000,0.0,0.0,2026-10-05
QQQ261015P00660000,0.0,183.0,2026-10-05
QQQ261015C00665000,0.0,0.0,2026-10-05
QQQ261015P00665000,79.0,1.0,2026-10-05
QQQ261015C00670000,0.0,0.0,2026-10-05
QQQ261015P00670000,250.0,11.0,2026-10-05
QQQ261015C00675000,0.0,0.0,2026-10-05
QQQ261015P00675000,90.0,22.0,2026-10-05
QQQ261015C00680000,1.0,0.0,2026-10-05
QQQ261015P00680000,144.0,81.0,2026-10-05
QQQ261015C00685000,0.0,0.0,2026-10-05
QQQ261015P00685000,193.0,1.0,2026-10-05
QQQ261015C00690000,0.0,0.0,2026-10-05
QQQ261015P00690000,282.0,25.0,2026-10-05
QQQ261015C00691000,0.0,0.0,2026-10-05
QQQ261015P00691000,4.0,0.0,2026-10-05
QQQ261015C00692000,0.0,0.0,2026-10-05
QQQ261015P00692000,0.0,1.0,2026-10-05
QQQ261015C00693000,0.0,0.0,2026-10-05
QQQ261015P00693000,12.0,2.0,2026-10-05
QQQ261015C00694000,0.0,0.0,2026-10-05
QQQ261015P00694000,0.0,0.0,2026-10-05
QQQ261015C00695000,4.0,0.0,2026-10-05
QQQ261015P00695000,460.0,38.0,2026-10-05
QQQ261015C00696000,3.0,3.0,2026-10-05
QQQ261015P00696000,7.0,0.0,2026-10-05
QQQ261015C00697000,0.0,0.0,2026-10-05
QQQ261015P00697000,1.0,0.0,2026-10-05
QQQ261015C00698000,0.0,0.0,2026-10-05
QQQ261015P00698000,1.0,18.0,2026-10-05
QQQ261015C00699000,0.0,0.0,2026-10-05
QQQ261015P00699000,1.0,0.0,2026-10-05
QQQ261015C00700000,16.0,4.0,2026-10-05
QQQ261015P00700000,323.0,51.0,2026-10-05
QQQ261015C00701000,0.0,0.0,2026-10-05
QQQ261015P00701000,4.0,0.0,2026-10-05
QQQ261015C00702000,0.0,0.0,2026-10-05
QQQ261015P00702000,15.0,6.0,2026-10-05
QQQ261015C00703000,5.0,0.0,2026-10-05
QQQ261015P00703000,15.0,0.0,2026-10-05
QQQ261015C00704000,0.0,0.0,2026-10-05
QQQ261015P00704000,6.0,0.0,2026-10-05
QQQ261015C00705000,0.0,0.0,2026-10-05
QQQ261015P00705000,121.0,10.0,2026-10-05
QQQ261015C00706000,0.0,0.0,2026-10-05
QQQ261015P00706000,3.0,14.0,2026-10-05
QQQ261015C00707000,0.0,0.0,2026-10-05
QQQ261015P00707000,2.0,2.0,2026-10-05
QQQ261015C00708000,0.0,0.0,2026-10-05
QQQ261015P00708000,11.0,1.0,2026-10-05
QQQ261015C00709000,0.0,0.0,2026-10-05
QQQ261015P00709000,7.0,5.0,2026-10-05
QQQ261015C00710000,2.0,1.0,2026-10-05
QQQ261015P00710000,187.0,83.0,2026-10-05
QQQ261015C00711000,0.0,0.0,2026-10-05
QQQ261015P00711000,44.0,7.0,2026-10-05
QQQ261015C00712000,0.0,0.0,2026-10-05
QQQ261015P00712000,135.0,23.0,2026-10-05
QQQ261015C00713000,0.0,2.0,2026-10-05
QQQ261015P00713000,81.0,30.0,2026-10-05
QQQ261015C00714000,0.0,0.0,2026-10-05
QQQ261015P00714000,218.0,69.0,2026-10-05
QQQ261015C00715000,2.0,0.0,2026-10-05
QQQ261015P00715000,339.0,259.0,2026-10-05
QQQ261015C00716000,0.0,1.0,2026-10-05
QQQ261015P00716000,78.0,5.0,2026-10-05
QQQ261015C00717000,0.0,0.0,2026-10-05
QQQ261015P00717000,33.0,7.0,2026-10-05
QQQ261015C00718000,0.0,0.0,2026-10-05
QQQ261015P00718000,40.0,11.0,2026-10-05
QQQ261015C00719000,0.0,1.0,2026-10-05
QQQ261015P00719000,7.0,29.0,2026-10-05
QQQ261015C00720000,16.0,4.0,2026-10-05
QQQ261015P00720000,347.0,162.0,2026-10-05
QQQ261015C00721000,0.0,0.0,2026-10-05
QQQ261015P00721000,16.0,13.0,2026-10-05
QQQ261015C00722000,0.0,1.0,2026-10-05
QQQ261015P00722000,104.0,102.0,2026-10-05
QQQ261015C00723000,0.0,2.0,2026-10-05
QQQ261015P00723000,14.0,57.0,2026-10-05
QQQ261015C00724000,0.0,1.0,2026-10-05
QQQ261015P00724000,4.0,20.0,2026-10-05
QQQ261015C00725000,1.0,0.0,2026-10-05
QQQ261015P00725000,2173.0,145.0,2026-10-05
QQQ261015C00726000,0.0,1.0,2026-10-05
QQQ261015P00726000,9.0,16.0,2026-10-05
QQQ261015C00727000,0.0,0.0,2026-10-05
QQQ261015P00727000,34.0,7.0,2026-10-05
QQQ261015C00728000,0.0,0.0,2026-10-05
QQQ261015P00728000,85.0,21.0,2026-10-05
QQQ261015C00729000,0.0,0.0,2026-10-05
QQQ261015P00729000,4.0,21.0,2026-10-05
QQQ261015C00730000,21.0,0.0,2026-10-05
QQQ261015P00730000,184.0,236.0,2026-10-05
QQQ261015C00731000,15.0,8.0,2026-10-05
QQQ261015P00731000,9.0,68.0,2026-10-05
QQQ261015C00732000,0.0,0.0,2026-10-05
QQQ261015P00732000,50.0,14.0,2026-10-05
QQQ261015C00733000,2.0,4.0,2026-10-05
QQQ261015P00733000,57.0,27.0,2026-10-05
QQQ261015C00734000,1.0,1.0,2026-10-05
QQQ261015P00734000,4.0,53.0,2026-10-05
QQQ261015C00735000,11.0,0.0,2026-10-05
QQQ261015P00735000,649.0,98.0,2026-10-05
QQQ261015C00736000,0.0,4.0,2026-10-05
QQQ261015P00736000,9.0,16.0,2026-10-05
QQQ261015C00737000,7.0,0.0,2026-10-05
QQQ261015P00737000,12.0,28.0,2026-10-05
QQQ261015C00738000,1.0,0.0,2026-10-05
QQQ261015P00738000,31.0,13.0,2026-10-05
QQQ261015C00739000,2.0,0.0,2026-10-05
QQQ261015P00739000,23.0,106.0,2026-10-05
QQQ261015C00740000,178.0,31.0,2026-10-05
QQQ261015P00740000,2775.0,950.0,2026-10-05
QQQ261015C00741000,2.0,0.0,2026-10-05
QQQ261015P00741000,21.0,36.0,2026-10-05
QQQ261015C00742000,1.0,0.0,2026-10-05
QQQ261015P00742000,22.0,24.0,2026-10-05
QQQ261015C00743000,10.0,10.0,2026-10-05
QQQ261015P00743000,26.0,15.0,2026-10-05
QQQ261015C00744000,6.0,33.0,2026-10-05
QQQ261015P00744000,10.0,8.0,2026-10-05
QQQ261015C00745000,127.0,51.0,2026-10-05
QQQ261015P00745000,323.0,166.0,2026-10-05
QQQ261015C00746000,1.0,0.0,2026-10-05
QQQ261015P00746000,12.0,88.0,2026-10-05
QQQ261015C00747000,10.0,3.0,2026-10-05
QQQ261015P00747000,28.0,89.0,2026-10-05
QQQ261015C00748000,58.0,3.0,2026-10-05
QQQ261015P00748000,21.0,197.0,2026-10-05
QQQ261015C00749000,76.0,25.0,2026-10-05
QQQ261015P00749000,126.0,110.0,2026-10-05
QQQ261015C00750000,2108.0,50.0,2026-10-05
QQQ261015P00750000,106.0,334.0,2026-10-05
QQQ261015C00751000,17.0,234.0,2026-10-05
QQQ261015P00751000,35.0,67.0,2026-10-05
QQQ261015C00752000,28.0,18.0,2026-10-05
QQQ261015P00752000,73.0,279.0,2026-10-05
QQQ261015C00753000,37.0,93.0,2026-10-05
QQQ261015P00753000,27.0,304.0,2026-10-05
QQQ261015C00754000,22.0,313.0,2026-10-05
QQQ261015P00754000,28.0,207.0,2026-10-05
QQQ261015C00755000,220.0,189.0,2026-10-05
QQQ261015P00755000,27.0,366.0,2026-10-05
QQQ261015C00756000,31.0,35.0,2026-10-05
QQQ261015P00756000,3.0,297.0,2026-10-05
QQQ261015C00757000,34.0,64.0,2026-10-05
QQQ261015P00757000,1.0,106.0,2026-10-05
QQQ261015C00758000,19.0,35.0,2026-10-05
QQQ261015P00758000,1.0,2.0,2026-10-05
QQQ261015C00759000,16.0,20.0,2026-10-05
QQQ261015P00759000,0.0,6.0,2026-10-05
QQQ261015C00760000,207.0,182.0,2026-10-05
QQQ261015P00760000,6.0,57.0,2026-10-05
QQQ261015C00761000,77.0,77.0,2026-10-05
QQQ261015P00761000,0.0,6.0,2026-10-05
QQQ261015C00762000,19.0,21.0,2026-10-05
QQQ261015P00762000,0.0,15.0,2026-10-05
QQQ261015C00763000,35.0,15.0,2026-10-05
QQQ261015P00763000,0.0,6.0,2026-10-05
QQQ261015C00764000,45.0,28.0,2026-10-05
QQQ261015P00764000,0.0,6.0,2026-10-05
QQQ261015C00765000,2099.0,163.0,2026-10-05
QQQ261015P00765000,2.0,1.0,2026-10-05
QQQ261015C00766000,17.0,79.0,2026-10-05
QQQ261015P00766000,0.0,10.0,2026-10-05
QQQ261015C00767000,52.0,37.0,2026-10-05
QQQ261015P00767000,0.0,0.0,2026-10-05
QQQ261015C00768000,15.0,26.0,2026-10-05
QQQ261015P00768000,0.0,0.0,2026-10-05
QQQ261015C00769000,15.0,50.0,2026-10-05
QQQ261015P00769000,0.0,0.0,2026-10-05
QQQ261015C00770000,316.0,243.0,2026-10-05
QQQ261015P00770000,1.0,5.0,2026-10-05
QQQ261015C00771000,82.0,61.0,2026-10-05
QQQ261015P00771000,0.0,0.0,2026-10-05
QQQ261015C00772000,15.0,32.0,2026-10-05
QQQ261015P00772000,1.0,0.0,2026-10-05
QQQ261015C00773000,34.0,74.0,2026-10-05
QQQ261015P00773000,0.0,1.0,2026-10-05
QQQ261015C00774000,5.0,197.0,2026-10-05
QQQ261015P00774000,0.0,0.0,2026-10-05
QQQ261015C00775000,289.0,324.0,2026-10-05
QQQ261015P00775000,0.0,0.0,2026-10-05
QQQ261015C00780000,202.0,242.0,2026-10-05
QQQ261015P00780000,0.0,0.0,2026-10-05
QQQ261015C00785000,223.0,200.0,2026-10-05
QQQ261015P00785000,1.0,0.0,2026-10-05
QQQ261015C00790000,88.0,82.0,2026-10-05
QQQ261015P00790000,0.0,0.0,2026-10-05
QQQ261015C00795000,55.0,18.0,2026-10-05
QQQ261015P00795000,0.0,0.0,2026-10-05
QQQ261015C00800000,30.0,40.0,2026-10-05
QQQ261015P00800000,0.0,0.0,2026-10-05
QQQ261015C00805000,0.0,0.0,2026-10-05
QQQ261015P00805000,0.0,2.0,2026-10-05
QQQ261015C00810000,100.0,2.0,2026-10-05
QQQ261015P00810000,0.0,0.0,2026-10-05
QQQ261015C00815000,10.0,0.0,2026-10-05
QQQ261015P00815000,0.0,0.0,2026-10-05
QQQ261015C00820000,0.0,20.0,2026-10-05
QQQ261015P00820000,0.0,0.0,2026-10-05
QQQ261015C00825000,0.0,0.0,2026-10-05
QQQ261015P00825000,0.0,0.0,2026-10-05
QQQ261015C00830000,0.0,0.0,2026-10-05
QQQ261015P00830000,0.0,0.0,2026-10-05
QQQ261015C00835000,0.0,0.0,2026-10-05
QQQ261015P00835000,0.0,0.0,2026-10-05
QQQ261015C00840000,0.0,0.0,2026-10-05
QQQ261015P00840000,0.0,0.0,2026-10-05
QQQ261015C00845000,0.0,0.0,2026-10-05
QQQ261015P00845000,0.0,0.0,2026-10-05
QQQ261015C00850000,0.0,0.0,2026-10-05
QQQ261015P00850000,0.0,0.0,2026-10-05
QQQ261015C00855000,0.0,0.0,2026-10-05
QQQ261015P00855000,0.0,0.0,2026-10-05
QQQ261015C00860000,0.0,1.0,2026-10-05
QQQ261015P00860000,0.0,0.0,2026-10-05
QQQ261015C00865000,0.0,0.0,2026-10-05
QQQ261015P00865000,0.0,0.0,2026-10-05
QQQ261015C00870000,0.0,0.0,2026-10-05
QQQ261015P00870000,0.0,0.0,2026-10-05
QQQ261015C00875000,0.0,0.0,2026-10-05
QQQ261015P00875000,0.0,0.0,2026-10-05
QQQ261015C00880000,0.0,0.0,2026-10-05
QQQ261015P00880000,0.0,0.0,2026-10-05
QQQ261015C00885000,0.0,0.0,2026-10-05
QQQ261015P00885000,0.0,0.0,2026-10-05
QQQ261015C00890000,0.0,0.0,2026-10-05
QQQ261015P00890000,0.0,0.0,2026-10-05
QQQ261015C00895000,0.0,0.0,2026-10-05
QQQ261015P00895000,0.0,0.0,2026-10-05
QQQ261015C00900000,0.0,0.0,2026-10-05
QQQ261015P00900000,0.0,0.0,2026-10-05
QQQ261016C00300000,14.0,0.0,2026-10-05
QQQ261016P00300000,4920.0,0.0,2026-10-05
QQQ261016C00305000,0.0,0.0,2026-10-05
QQQ261016P00305000,830.0,0.0,2026-10-05
QQQ261016C00310000,11.0,0.0,2026-10-05
QQQ261016P00310000,337.0,0.0,2026-10-05
QQQ261016C00315000,10.0,0.0,2026-10-05
QQQ261016P00315000,483.0,0.0,2026-10-05
QQQ261016C00320000,11.0,0.0,2026-10-05
QQQ261016P00320000,288.0,0.0,2026-10-05
QQQ261016C00325000,10.0,0.0,2026-10-05
QQQ261016P00325000,322.0,0.0,2026-10-05
QQQ261016C00330000,13.0,0.0,2026-10-05
QQQ261016P00330000,445.0,0.0,2026-10-05
QQQ261016C00335000,17.0,0.0,2026-10-05
QQQ261016P00335000,380.0,0.0,2026-10-05
QQQ261016C00340000,2.0,0.0,2026-10-05
QQQ261016P00340000,758.0,1259.0,2026-10-05
QQQ261016C00345000,2.0,0.0,2026-10-05
QQQ261016P00345000,773.0,0.0,2026-10-05
QQQ261016C00350000,13.0,0.0,2026-10-05
QQQ261016P00350000,832.0,390.0,2026-10-05
QQQ261016C00355000,151.0,0.0,2026-10-05
QQQ261016P00355000,991.0,30.0,2026-10-05
QQQ261016C00360000,200.0,0.0,2026-10-05
QQQ261016P00360000,433.0,0.0,2026-10-05
QQQ261016C00365000,4.0,0.0,2026-10-05
QQQ261016P00365000,315.0,224.0,2026-10-05
QQQ261016C00370000,17.0,0.0,2026-10-05
QQQ261016P00370000,783.0,0.0,2026-10-05
QQQ261016C00375000,1.0,0.0,2026-10-05
QQQ261016P00375000,362.0,0.0,2026-10-05
QQQ261016C00380000,53.0,0.0,2026-10-05
QQQ261016P00380000,831.0,1.0,2026-10-05
QQQ261016C00385000,33.0,0.0,2026-10-05
QQQ261016P00385000,854.0,0.0,2026-10-05
QQQ261016C00390000,6.0,0.0,2026-10-05
QQQ261016P00390000,658.0,0.0,2026-10-05
QQQ261016C00395000,34.0,0.0,2026-10-05
QQQ261016P00395000,382.0,0.0,2026-10-05
QQQ261016C00400000,384.0,4.0,2026-10-05
QQQ261016P00400000,1858.0,3.0,2026-10-05
QQQ261016C00405000,3.0,0.0,2026-10-05
QQQ261016P00405000,766.0,2.0,2026-10-05
QQQ261016C00410000,5.0,0.0,2026-10-05
QQQ261016P00410000,848.0,0.0,2026-10-05
QQQ261016C00415000,0.0,0.0,2026-10-05
QQQ261016P00415000,772.0,0.0,2026-10-05
QQQ261016C00420000,3.0,0.0,2026-10-05
QQQ261016P00420000,507.0,0.0,2026-10-05
QQQ261016C00425000,13.0,1.0,2026-10-05
QQQ261016P00425000,480.0,0.0,2026-10-05
QQQ261016C00430000,1.0,0.0,2026-10-05
QQQ261016P00430000,488.0,160.0,2026-10-05
QQQ261016C00435000,66.0,0.0,2026-10-05
QQQ261016P00435000,844.0,10.0,2026-10-05
QQQ261016C00440000,62.0,0.0,2026-10-05
QQQ261016P00440000,1042.0,2.0,2026-10-05
QQQ261016C00445000,1.0,0.0,2026-10-05
QQQ261016P00445000,1459.0,0.0,2026-10-05
QQQ261016C00450000,71.0,0.0,2026-10-05
QQQ261016P00450000,11286.0,22.0,2026-10-05
QQQ261016C00455000,3.0,0.0,2026-10-05
QQQ261016P00455000,562.0,0.0,2026-10-05
QQQ261016C00460000,80.0,0.0,2026-10-05
QQQ261016P00460000,1260.0,1360.0,2026-10-05
QQQ261016C00465000,63.0,0.0,2026-10-05
QQQ261016P00465000,640.0,60.0,2026-10-05
QQQ261016C00470000,55.0,0.0,2026-10-05
QQQ261016P00470000,2102.0,522.0,2026-10-05
QQQ261016C00475000,48.0,0.0,2026-10-05
QQQ261016P00475000,735.0,30.0,2026-10-05
QQQ261016C00480000,24.0,0.0,2026-10-05
QQQ261016P00480000,26689.0,6.0,2026-10-05
QQQ261016C00485000,52.0,0.0,2026-10-05
QQQ261016P00485000,443.0,0.0,2026-10-05
QQQ261016C00490000,34.0,0.0,2026-10-05
QQQ261016P00490000,2581.0,0.0,2026-10-05
QQQ261016C00495000,56.0,0.0,2026-10-05
QQQ261016P00495000,722.0,361.0,2026-10-05
QQQ261016C00500000,94.0,0.0,2026-10-05
QQQ261016P00500000,7368.0,71.0,2026-10-05
QQQ261016C00505000,7.0,0.0,2026-10-05
QQQ261016P00505000,1207.0,840.0,2026-10-05
QQQ261016C00510000,12.0,0.0,2026-10-05
QQQ261016P00510000,1112.0,892.0,2026-10-05
QQQ261016C00515000,17.0,0.0,2026-10-05
QQQ261016P00515000,12442.0,923.0,2026-10-05
QQQ261016C00520000,50.0,0.0,2026-10-05
QQQ261016P00520000,5903.0,661.0,2026-10-05
QQQ261016C00525000,32.0,0.0,2026-10-05
QQQ261016P00525000,5424.0,523.0,2026-10-05
QQQ261016C00530000,41.0,0.0,2026-10-05
QQQ261016P00530000,1755.0,13.0,2026-10-05
QQQ261016C00535000,76.0,0.0,2026-10-05
QQQ261016P00535000,1561.0,376.0,2026-10-05
QQQ261016C00540000,236.0,0.0,2026-10-05
QQQ261016P00540000,7848.0,81.0,2026-10-05
QQQ261016C00545000,31.0,2.0,2026-10-05
QQQ261016P00545000,916.0,1.0,2026-10-05
QQQ261016C00550000,131.0,0.0,2026-10-05
QQQ261016P00550000,16908.0,649.0,2026-10-05
QQQ261016C00555000,85.0,0.0,2026-10-05
QQQ261016P00555000,1634.0,0.0,2026-10-05
QQQ261016C00560000,104.0,0.0,2026-10-05
QQQ261016P00560000,2952.0,12.0,2026-10-05
QQQ261016C00565000,159.0,0.0,2026-10-05
QQQ261016P00565000,984.0,0.0,2026-10-05
QQQ261016C00570000,74.0,0.0,2026-10-05
QQQ261016P00570000,16198.0,15.0,2026-10-05
QQQ261016C00575000,142.0,0.0,2026-10-05
QQQ261016P00575000,5143.0,44.0,2026-10-05
QQQ261016C00580000,414.0,2.0,2026-10-05
QQQ261016P00580000,4375.0,12.0,2026-10-05
QQQ261016C00585000,93.0,0.0,2026-10-05
QQQ261016P00585000,3899.0,1.0,2026-10-05
QQQ261016C00590000,289.0,0.0,2026-10-05
QQQ261016P00590000,4460.0,5.0,2026-10-05
QQQ261016C00595000,219.0,0.0,2026-10-05
QQQ261016P00595000,8610.0,13.0,2026-10-05
QQQ261016C00600000,582.0,5.0,2026-10-05
QQQ261016P00600000,13646.0,83.0,2026-10-05
QQQ261016C00605000,361.0,0.0,2026-10-05
QQQ261016P00605000,11430.0,22.0,2026-10-05
QQQ261016C00610000,338.0,0.0,2026-10-05
QQQ261016P00610000,17826.0,6.0,2026-10-05
QQQ261016C00615000,478.0,133.0,2026-10-05
QQQ261016P00615000,4738.0,667.0,2026-10-05
QQQ261016C00620000,394.0,200.0,2026-10-05
QQQ261016P00620000,26936.0,755.0,2026-10-05
QQQ261016C00621000,2.0,0.0,2026-10-05
QQQ261016P00621000,96.0,1.0,2026-10-05
QQQ261016C00622000,0.0,0.0,2026-10-05
QQQ261016P00622000,11.0,0.0,2026-10-05
QQQ261016C00623000,0.0,0.0,2026-10-05
QQQ261016P00623000,569.0,0.0,2026-10-05
QQQ261016C00624000,0.0,0.0,2026-10-05
QQQ261016P00624000,29.0,0.0,2026-10-05
QQQ261016C00625000,1807.0,1.0,2026-10-05
QQQ261016P00625000,12552.0,11.0,2026-10-05
QQQ261016C00626000,0.0,0.0,2026-10-05
QQQ261016P00626000,0.0,2.0,2026-10-05
QQQ261016C00627000,0.0,0.0,2026-10-05
QQQ261016P00627000,20.0,60.0,2026-10-05
QQQ261016C00628000,0.0,0.0,2026-10-05
QQQ261016P00628000,10.0,0.0,2026-10-05
QQQ261016C00629000,0.0,0.0,2026-10-05
QQQ261016P00629000,0.0,20.0,2026-10-05
QQQ261016C00630000,1055.0,221.0,2026-10-05
QQQ261016P00630000,20712.0,151.0,2026-10-05
QQQ261016C00631000,0.0,0.0,2026-10-05
QQQ261016P00631000,88.0,0.0,2026-10-05
QQQ261016C00632000,2.0,0.0,2026-10-05
QQQ261016P00632000,1.0,0.0,2026-10-05
QQQ261016C00633000,0.0,0.0,2026-10-05
QQQ261016P00633000,247.0,0.0,2026-10-05
QQQ261016C00634000,0.0,0.0,2026-10-05
QQQ261016P00634000,108.0,2.0,2026-10-05
QQQ261016C00635000,292.0,6.0,2026-10-05
QQQ261016P00635000,3577.0,707.0,2026-10-05
QQQ261016C00636000,0.0,0.0,2026-10-05
QQQ261016P00636000,66.0,0.0,2026-10-05
QQQ261016C00637000,0.0,0.0,2026-10-05
QQQ261016P00637000,256.0,0.0,2026-10-05
QQQ261016C00638000,2.0,0.0,2026-10-05
QQQ261016P00638000,47.0,1.0,2026-10-05
QQQ261016C00639000,0.0,0.0,2026-10-05
QQQ261016P00639000,8.0,0.0,2026-10-05
QQQ261016C00640000,332.0,15.0,2026-10-05
QQQ261016P00640000,26086.0,715.0,2026-10-05
QQQ261016C00641000,1.0,0.0,2026-10-05
QQQ261016P00641000,18.0,0.0,2026-10-05
QQQ261016C00642000,0.0,0.0,2026-10-05
QQQ261016P00642000,467.0,2.0,2026-10-05
QQQ261016C00643000,0.0,0.0,2026-10-05
QQQ261016P00643000,71.0,0.0,2026-10-05
QQQ261016C00644000,0.0,0.0,2026-10-05
QQQ261016P00644000,12.0,0.0,2026-10-05
QQQ261016C00645000,307.0,6.0,2026-10-05
QQQ261016P00645000,3904.0,38.0,2026-10-05
QQQ261016C00646000,0.0,0.0,2026-10-05
QQQ261016P00646000,235.0,0.0,2026-10-05
QQQ261016C00647000,0.0,0.0,2026-10-05
QQQ261016P00647000,71.0,0.0,2026-10-05
QQQ261016C00648000,0.0,0.0,2026-10-05
QQQ261016P00648000,49.0,0.0,2026-10-05
QQQ261016C00649000,0.0,0.0,2026-10-05
QQQ261016P00649000,91.0,0.0,2026-10-05
QQQ261016C00650000,1669.0,9.0,2026-10-05
QQQ261016P00650000,28090.0,348.0,2026-10-05
QQQ261016C00651000,2.0,0.0,2026-10-05
QQQ261016P00651000,302.0,2.0,2026-10-05
QQQ261016C00652000,103.0,0.0,2026-10-05
QQQ261016P00652000,799.0,1.0,2026-10-05
QQQ261016C00653000,91.0,0.0,2026-10-05
QQQ261016P00653000,728.0,6.0,2026-10-05
QQQ261016C00654000,8.0,0.0,2026-10-05
QQQ261016P00654000,593.0,0.0,2026-10-05
QQQ261016C00655000,933.0,0.0,2026-10-05
QQQ261016P00655000,8476.0,107.0,2026-10-05
QQQ261016C00656000,107.0,0.0,2026-10-05
QQQ261016P00656000,2176.0,10.0,2026-10-05
QQQ261016C00657000,18.0,0.0,2026-10-05
QQQ261016P00657000,732.0,6.0,2026-10-05
QQQ261016C00658000,15.0,0.0,2026-10-05
QQQ261016P00658000,543.0,7.0,2026-10-05
QQQ261016C00659000,29.0,0.0,2026-10-05
QQQ261016P00659000,814.0,7.0,2026-10-05
QQQ261016C00660000,1052.0,69.0,2026-10-05
QQQ261016P00660000,31750.0,7863.0,2026-10-05
QQQ261016C00661000,14.0,0.0,2026-10-05
QQQ261016P00661000,1110.0,1.0,2026-10-05
QQQ261016C00662000,8.0,0.0,2026-10-05
QQQ261016P00662000,1733.0,3.0,2026-10-05
QQQ261016C00663000,12.0,0.0,2026-10-05
QQQ261016P00663000,4787.0,3.0,2026-10-05
QQQ261016C00664000,37.0,0.0,2026-10-05
QQQ261016P00664000,2199.0,0.0,2026-10-05
QQQ261016C00665000,481.0,1.0,2026-10-05
QQQ261016P00665000,12676.0,343.0,2026-10-05
QQQ261016C00666000,9.0,0.0,2026-10-05
QQQ261016P00666000,603.0,3.0,2026-10-05
QQQ261016C00667000,39.0,0.0,2026-10-05
QQQ261016P00667000,873.0,12.0,2026-10-05
QQQ261016C00668000,8.0,0.0,2026-10-05
QQQ261016P00668000,713.0,111.0,2026-10-05
QQQ261016C00669000,17.0,0.0,2026-10-05
QQQ261016P00669000,4518.0,36.0,2026-10-05
QQQ261016C00670000,665.0,9.0,2026-10-05
QQQ261016P00670000,49208.0,362.0,2026-10-05
QQQ261016C00671000,27.0,0.0,2026-10-05
QQQ261016P00671000,662.0,15.0,2026-10-05
QQQ261016C00672000,121.0,0.0,2026-10-05
QQQ261016P00672000,580.0,14.0,2026-10-05
QQQ261016C00673000,24.0,0.0,2026-10-05
QQQ261016P00673000,3784.0,261.0,2026-10-05
QQQ261016C00674000,58.0,15.0,2026-10-05
QQQ261016P00674000,7106.0,50.0,2026-10-05
QQQ261016C00675000,518.0,30.0,2026-10-05
QQQ261016P00675000,23661.0,4330.0,2026-10-05
QQQ261016C00676000,60.0,2.0,2026-10-05
QQQ261016P00676000,579.0,24.0,2026-10-05
QQQ261016C00677000,178.0,0.0,2026-10-05
QQQ261016P00677000,1076.0,7.0,2026-10-05
QQQ261016C00678000,59.0,0.0,2026-10-05
QQQ261016P00678000,2110.0,15.0,2026-10-05
QQQ261016C00679000,66.0,3.0,2026-10-05
QQQ261016P00679000,1366.0,2.0,2026-10-05
QQQ261016C00680000,1500.0,59.0,2026-10-05
QQQ261016P00680000,34467.0,2923.0,2026-10-05
QQQ261016C00681000,45.0,4.0,2026-10-05
QQQ261016P00681000,1711.0,4.0,2026-10-05
QQQ261016C00682000,55.0,6.0,2026-10-05
QQQ261016P00682000,2009.0,10.0,2026-10-05
QQQ261016C00683000,119.0,4.0,2026-10-05
QQQ261016P00683000,2508.0,17.0,2026-10-05
QQQ261016C00684000,61.0,8.0,2026-10-05
QQQ261016P00684000,814.0,6.0,2026-10-05
QQQ261016C00685000,1128.0,6.0,2026-10-05
QQQ261016P00685000,12453.0,465.0,2026-10-05
QQQ261016C00686000,118.0,8.0,2026-10-05
QQQ261016P00686000,1381.0,49.0,2026-10-05
QQQ261016C00687000,91.0,6.0,2026-10-05
QQQ261016P00687000,1863.0,191.0,2026-10-05
QQQ261016C00688000,98.0,8.0,2026-10-05
QQQ261016P00688000,991.0,10.0,2026-10-05
QQQ261016C00689000,231.0,8.0,2026-10-05
QQQ261016P00689000,1248.0,25.0,2026-10-05
QQQ261016C00690000,2664.0,12.0,2026-10-05
QQQ261016P00690000,27320.0,472.0,2026-10-05
QQQ261016C00691000,108.0,10.0,2026-10-05
QQQ261016P00691000,946.0,8.0,2026-10-05
QQQ261016C00692000,310.0,10.0,2026-10-05
QQQ261016P00692000,1064.0,12.0,2026-10-05
QQQ261016C00693000,150.0,8.0,2026-10-05
QQQ261016P00693000,1885.0,4.0,2026-10-05
QQQ261016C00694000,117.0,9.0,2026-10-05
QQQ261016P00694000,829.0,32.0,2026-10-05
QQQ261016C00695000,1165.0,8.0,2026-10-05
QQQ261016P00695000,36680.0,24236.0,2026-10-05
QQQ261016C00696000,105.0,10.0,2026-10-05
QQQ261016P00696000,1756.0,3.0,2026-10-05
QQQ261016C00697000,77.0,17.0,2026-10-05
QQQ261016P00697000,1490.0,124.0,2026-10-05
QQQ261016C00698000,325.0,29.0,2026-10-05
QQQ261016P00698000,794.0,213.0,2026-10-05
QQQ261016C00699000,121.0,41.0,2026-10-05
QQQ261016P00699000,1970.0,33.0,2026-10-05
QQQ261016C00700000,10037.0,113.0,2026-10-05
QQQ261016P00700000,62272.0,10138.0,2026-10-05
QQQ261016C00701000,257.0,43.0,2026-10-05
QQQ261016P00701000,1303.0,179.0,2026-10-05
QQQ261016C00702000,267.0,20.0,2026-10-05
QQQ261016P00702000,2107.0,186.0,2026-10-05
QQQ261016C00703000,244.0,60.0,2026-10-05
QQQ261016P00703000,2814.0,170.0,2026-10-05
QQQ261016C00704000,250.0,58.0,2026-10-05
QQQ261016P00704000,1460.0,52.0,2026-10-05
QQQ261016C00705000,4201.0,62.0,2026-10-05
QQQ261016P00705000,43950.0,34429.0,2026-10-05
QQQ261016C00706000,627.0,54.0,2026-10-05
QQQ261016P00706000,6645.0,105.0,2026-10-05
QQQ261016C00707000,1061.0,33.0,2026-10-05
QQQ261016P00707000,2422.0,65.0,2026-10-05
QQQ261016C00708000,1316.0,54.0,2026-10-05
QQQ261016P00708000,2437.0,151.0,2026-10-05
QQQ261016C00709000,1312.0,152.0,2026-10-05
QQQ261016P00709000,1823.0,71.0,2026-10-05
QQQ261016C00710000,5360.0,341.0,2026-10-05
QQQ261016P00710000,25728.0,2582.0,2026-10-05
QQQ261016C00711000,769.0,57.0,2026-10-05
QQQ261016P00711000,2718.0,247.0,2026-10-05
QQQ261016C00712000,8844.0,48.0,2026-10-05
QQQ261016P00712000,14358.0,432.0,2026-10-05
QQQ261016C00713000,1452.0,62.0,2026-10-05
QQQ261016P00713000,7917.0,601.0,2026-10-05
QQQ261016C00714000,2616.0,85.0,2026-10-05
QQQ261016P00714000,2773.0,275.0,2026-10-05
QQQ261016C00715000,7331.0,154.0,2026-10-05
QQQ261016P00715000,14695.0,1791.0,2026-10-05
QQQ261016C00716000,1499.0,92.0,2026-10-05
QQQ261016P00716000,12051.0,277.0,2026-10-05
QQQ261016C00717000,2275.0,67.0,2026-10-05
QQQ261016P00717000,3319.0,1652.0,2026-10-05
QQQ261016C00718000,9293.0,176.0,2026-10-05
QQQ261016P00718000,5462.0,278.0,2026-10-05
QQQ261016C00719000,3181.0,69.0,2026-10-05
QQQ261016P00719000,4772.0,430.0,2026-10-05
QQQ261016C00720000,19022.0,318.0,2026-10-05
QQQ261016P00720000,15228.0,2551.0,2026-10-05
QQQ261016C00721000,2026.0,102.0,2026-10-05
QQQ261016P00721000,1695.0,523.0,2026-10-05
QQQ261016C00722000,1092.0,135.0,2026-10-05
QQQ261016P00722000,4841.0,850.0,2026-10-05
QQQ261016C00723000,1476.0,204.0,2026-10-05
QQQ261016P00723000,2247.0,520.0,2026-10-05
QQQ261016C00724000,1713.0,245.0,2026-10-05
QQQ261016P00724000,1599.0,218.0,2026-10-05
QQQ261016C00725000,10194.0,303.0,2026-10-05
QQQ261016P00725000,22319.0,2850.0,2026-10-05
QQQ261016C00726000,2156.0,89.0,2026-10-05
QQQ261016P00726000,1073.0,324.0,2026-10-05
QQQ261016C00727000,1883.0,1086.0,2026-10-05
QQQ261016P00727000,1205.0,364.0,2026-10-05
QQQ261016C00728000,2278.0,145.0,2026-10-05
QQQ261016P00728000,2703.0,390.0,2026-10-05
QQQ261016C00729000,1543.0,258.0,2026-10-05
QQQ261016P00729000,2791.0,296.0,2026-10-05
QQQ261016C00730000,16422.0,808.0,2026-10-05
QQQ261016P00730000,22485.0,5114.0,2026-10-05
QQQ261016C00731000,2861.0,185.0,2026-10-05
QQQ261016P00731000,1853.0,421.0,2026-10-05
QQQ261016C00732000,1321.0,217.0,2026-10-05
QQQ261016P00732000,6706.0,1617.0,2026-10-05
QQQ261016C00733000,1751.0,153.0,2026-10-05
QQQ261016P00733000,1924.0,389.0,2026-10-05
QQQ261016C00734000,4025.0,183.0,2026-10-05
QQQ261016P00734000,6218.0,508.0,2026-10-05
QQQ261016C00735000,10866.0,312.0,2026-10-05
QQQ261016P00735000,7982.0,2765.0,2026-10-05
QQQ261016C00736000,1366.0,298.0,2026-10-05
QQQ261016P00736000,1971.0,404.0,2026-10-05
QQQ261016C00737000,969.0,277.0,2026-10-05
QQQ261016P00737000,1394.0,449.0,2026-10-05
QQQ261016C00738000,1780.0,261.0,2026-10-05
QQQ261016P00738000,2269.0,591.0,2026-10-05
QQQ261016C00739000,2770.0,473.0,2026-10-05
QQQ261016P00739000,2102.0,422.0,2026-10-05
QQQ261016C00740000,27554.0,2250.0,2026-10-05
QQQ261016P00740000,21216.0,10011.0,2026-10-05
QQQ261016C00741000,1424.0,198.0,2026-10-05
QQQ261016P00741000,2439.0,602.0,2026-10-05
QQQ261016C00742000,1890.0,219.0,2026-10-05
QQQ261016P00742000,2190.0,458.0,2026-10-05
QQQ261016C00743000,2183.0,315.0,2026-10-05
QQQ261016P00743000,1238.0,956.0,2026-10-05
QQQ261016C00744000,2227.0,273.0,2026-10-05
QQQ261016P00744000,1184.0,676.0,2026-10-05
QQQ261016C00745000,14099.0,2249.0,2026-10-05
QQQ261016P00745000,7500.0,8663.0,2026-10-05
QQQ261016C00746000,4576.0,324.0,2026-10-05
QQQ261016P00746000,2339.0,519.0,2026-10-05
QQQ261016C00747000,3185.0,280.0,2026-10-05
QQQ261016P00747000,1404.0,1344.0,2026-10-05
QQQ261016C00748000,3596.0,210.0,2026-10-05
QQQ261016P00748000,667.0,578.0,2026-10-05
QQQ261016C00749000,2710.0,190.0,2026-10-05
QQQ261016P00749000,790.0,725.0,2026-10-05
QQQ261016C00750000,38841.0,8492.0,2026-10-05
QQQ261016P00750000,6513.0,6989.0,2026-10-05
QQQ261016C00751000,1340.0,335.0,2026-10-05
QQQ261016P00751000,443.0,1302.0,2026-10-05
QQQ261016C00752000,5151.0,1538.0,2026-10-05
QQQ261016P00752000,1232.0,2051.0,2026-10-05
QQQ261016C00753000,1463.0,1552.0,2026-10-05
QQQ261016P00753000,333.0,2053.0,2026-10-05
QQQ261016C00754000,875.0,1418.0,2026-10-05
QQQ261016P00754000,128.0,2025.0,2026-10-05
QQQ261016C00755000,21134.0,4527.0,2026-10-05
QQQ261016P00755000,528.0,7097.0,2026-10-05
QQQ261016C00756000,6439.0,2077.0,2026-10-05
QQQ261016P00756000,628.0,1635.0,2026-10-05
QQQ261016C00757000,2977.0,1280.0,2026-10-05
QQQ261016P00757000,379.0,950.0,2026-10-05
QQQ261016C00758000,1251.0,1378.0,2026-10-05
QQQ261016P00758000,99.0,96.0,2026-10-05
QQQ261016C00759000,2210.0,1119.0,2026-10-05
QQQ261016P00759000,69.0,75.0,2026-10-05
QQQ261016C00760000,79712.0,12409.0,2026-10-05
QQQ261016P00760000,2081.0,643.0,2026-10-05
QQQ261016C00761000,1506.0,2099.0,2026-10-05
QQQ261016P00761000,74.0,12.0,2026-10-05
QQQ261016C00762000,1185.0,1341.0,2026-10-05
QQQ261016P00762000,78.0,50.0,2026-10-05
QQQ261016C00763000,2051.0,2314.0,2026-10-05
QQQ261016P00763000,45.0,47.0,2026-10-05
QQQ261016C00764000,1284.0,2103.0,2026-10-05
QQQ261016P00764000,57.0,34.0,2026-10-05
QQQ261016C00765000,18206.0,5614.0,2026-10-05
QQQ261016P00765000,603.0,137.0,2026-10-05
QQQ261016C00766000,2157.0,2155.0,2026-10-05
QQQ261016P00766000,32.0,24.0,2026-10-05
QQQ261016C00767000,1485.0,6579.0,2026-10-05
QQQ261016P00767000,41.0,32.0,2026-10-05
QQQ261016C00768000,1074.0,1623.0,2026-10-05
QQQ261016P00768000,23.0,13.0,2026-10-05
QQQ261016C00769000,1447.0,1542.0,2026-10-05
QQQ261016P00769000,22.0,21.0,2026-10-05
QQQ261016C00770000,31272.0,7290.0,2026-10-05
QQQ261016P00770000,218.0,47.0,2026-10-05
QQQ261016C00771000,1432.0,995.0,2026-10-05
QQQ261016P00771000,30.0,18.0,2026-10-05
QQQ261016C00772000,2752.0,982.0,2026-10-05
QQQ261016P00772000,18.0,14.0,2026-10-05
QQQ261016C00773000,1592.0,611.0,2026-10-05
QQQ261016P00773000,12.0,8.0,2026-10-05
QQQ261016C00774000,2604.0,705.0,2026-10-05
QQQ261016P00774000,35.0,6.0,2026-10-05
QQQ261016C00775000,46408.0,1451.0,2026-10-05
QQQ261016P00775000,389.0,56.0,2026-10-05
QQQ261016C00780000,19826.0,2095.0,2026-10-05
QQQ261016P00780000,48.0,11.0,2026-10-05
QQQ261016C00785000,20253.0,1682.0,2026-10-05
QQQ261016P00785000,0.0,2.0,2026-10-05
QQQ261016C00790000,8124.0,1953.0,2026-10-05
QQQ261016P00790000,0.0,20.0,2026-10-05
QQQ261016C00795000,4540.0,1379.0,2026-10-05
QQQ261016P00795000,2.0,2.0,2026-10-05
QQQ261016C00800000,22706.0,2802.0,2026-10-05
QQQ261016P00800000,8.0,6.0,2026-10-05
QQQ261016C00805000,2915.0,243.0,2026-10-05
QQQ261016P00805000,0.0,0.0,2026-10-05
QQQ261016C00810000,2866.0,148.0,2026-10-05
QQQ261016P00810000,0.0,0.0,2026-10-05
QQQ261016C00815000,2112.0,240.0,2026-10-05
QQQ261016P00815000,0.0,0.0,2026-10-05
QQQ261016C00820000,5098.0,9.0,2026-10-05
QQQ261016P00820000,1.0,0.0,2026-10-05
QQQ261016C00825000,7411.0,29.0,2026-10-05
QQQ261016P00825000,10.0,2.0,2026-10-05
QQQ261016C00830000,2717.0,30.0,2026-10-05
QQQ261016P00830000,0.0,0.0,2026-10-05
QQQ261016C00835000,1900.0,10.0,2026-10-05
QQQ261016P00835000,0.0,0.0,2026-10-05
QQQ261016C00840000,3729.0,31.0,2026-10-05
QQQ261016P00840000,0.0,0.0,2026-10-05
QQQ261016C00845000,1700.0,0.0,2026-10-05
QQQ261016P00845000,0.0,0.0,2026-10-05
QQQ261016C00850000,7157.0,78.0,2026-10-05
QQQ261016P00850000,0.0,0.0,2026-10-05
QQQ261016C00855000,664.0,0.0,2026-10-05
QQQ261016P00855000,1.0,0.0,2026-10-05
QQQ261016C00860000,849.0,11.0,2026-10-05
QQQ261016P00860000,1.0,0.0,2026-10-05
QQQ261016C00865000,1005.0,1.0,2026-10-05
QQQ261016P00865000,0.0,0.0,2026-10-05
QQQ261016C00870000,355.0,1.0,2026-10-05
QQQ261016P00870000,0.0,0.0,2026-10-05
QQQ261016C00875000,285.0,0.0,2026-10-05
QQQ261016P00875000,0.0,0.0,2026-10-05
QQQ261016C00880000,1338.0,2.0,2026-10-05
QQQ261016P00880000,0.0,0.0,2026-10-05
QQQ261016C00885000,3332.0,0.0,2026-10-05
QQQ261016P00885000,0.0,0.0,2026-10-05
QQQ261016C00890000,290.0,0.0,2026-10-05
QQQ261016P00890000,0.0,0.0,2026-10-05
QQQ261016C00895000,462.0,0.0,2026-10-05
QQQ261016P00895000,0.0,0.0,2026-10-05
QQQ261016C00900000,17848.0,0.0,2026-10-05
QQQ261016P00900000,0.0,0.0,2026-10-05
QQQ261016C00905000,208.0,0.0,2026-10-05
QQQ261016P00905000,0.0,0.0,2026-10-05
QQQ261016C00910000,571.0,0.0,2026-10-05
QQQ261016P00910000,0.0,0.0,2026-10-05
QQQ261016C00915000,267.0,0.0,2026-10-05
QQQ261016P00915000,0.0,0.0,2026-10-05
QQQ261016C00920000,6492.0,2.0,2026-10-05
QQQ261016P00920000,0.0,0.0,2026-10-05
QQQ261016C00925000,893.0,0.0,2026-10-05
QQQ261016P00925000,0.0,0.0,2026-10-05
QQQ261016C00930000,144.0,0.0,2026-10-05
QQQ261016P00930000,0.0,0.0,2026-10-05
QQQ261016C00935000,81.0,0.0,2026-10-05
QQQ261016P00935000,0.0,0.0,2026-10-05
QQQ261016C00940000,659.0,0.0,2026-10-05
QQQ261016P00940000,0.0,0.0,2026-10-05
QQQ261016C00945000,225.0,2.0,2026-10-05
QQQ261016P00945000,0.0,0.0,2026-10-05
QQQ261016C00950000,907.0,3.0,2026-10-05
QQQ261016P00950000,0.0,0.0,2026-10-05
QQQ261016C00955000,1184.0,0.0,2026-10-05
QQQ261016P00955000,0.0,0.0,2026-10-05
QQQ261016C00960000,180.0,0.0,2026-10-05
QQQ261016P00960000,0.0,0.0,2026-10-05
QQQ261016C00965000,113.0,0.0,2026-10-05
QQQ261016P00965000,0.0,0.0,2026-10-05
QQQ261016C00970000,15745.0,0.0,2026-10-05
QQQ261016P00970000,0.0,0.0,2026-10-05
QQQ261016C00975000,98.0,0.0,2026-10-05
QQQ261016P00975000,0.0,0.0,2026-10-05
QQQ261016C00980000,164.0,0.0,2026-10-05
QQQ261016P00980000,0.0,0.0,2026-10-05
QQQ261016C00985000,30.0,0.0,2026-10-05
QQQ261016P00985000,0.0,0.0,2026-10-05
QQQ261016C00990000,1011.0,0.0,2026-10-05
QQQ261016P00990000,0.0,0.0,2026-10-05
QQQ261016C00995000,0.0,0.0,2026-10-05
QQQ261016P00995000,0.0,0.0,2026-10-05
QQQ261016C01000000,40.0,0.0,2026-10-05
QQQ261016P01000000,0.0,0.0,2026-10-05
QQQ261016C01005000,0.0,0.0,2026-10-05
QQQ261016P01005000,0.0,0.0,2026-10-05
QQQ261016C01010000,182.0,0.0,2026-10-05
QQQ261016P01010000,0.0,0.0,2026-10-05
QQQ261016C01015000,2.0,0.0,2026-10-05
QQQ261016P01015000,0.0,0.0,2026-10-05
QQQ261016C01020000,11.0,0.0,2026-10-05
QQQ261016P01020000,0.0,0.0,2026-10-05
QQQ261016C01025000,50.0,0.0,2026-10-05
QQQ261016P01025000,0.0,0.0,2026-10-05
QQQ261016C01030000,3.0,0.0,2026-10-05
QQQ261016P01030000,0.0,0.0,2026-10-05
QQQ261016C01035000,50.0,0.0,2026-10-05
QQQ261016P01035000,0.0,0.0,2026-10-05
QQQ261016C01040000,30.0,0.0,2026-10-05
QQQ261016P01040000,0.0,0.0,2026-10-05
QQQ261016C01045000,1.0,0.0,2026-10-05
QQQ261016P01045000,0.0,0.0,2026-10-05
QQQ261016C01050000,191.0,0.0,2026-10-05
QQQ261016P01050000,0.0,0.0,2026-10-05
QQQ261016C01055000,5.0,0.0,2026-10-05
QQQ261016P01055000,0.0,0.0,2026-10-05
QQQ261016C01060000,16.0,0.0,2026-10-05
QQQ261016P01060000,0.0,0.0,2026-10-05
QQQ261016C01065000,6.0,0.0,2026-10-05
QQQ261016P01065000,0.0,0.0,2026-10-05
QQQ261016C01070000,3.0,0.0,2026-10-05
QQQ261016P01070000,0.0,0.0,2026-10-05
QQQ261016C01075000,687.0,0.0,2026-10-05
QQQ261016P01075000,0.0,0.0,2026-10-05
QQQ261016C01080000,2068.0,0.0,2026-10-05
QQQ261016P01080000,0.0,0.0,2026-10-05
QQQ261016C01085000,8716.0,0.0,2026-10-05
QQQ261016P01085000,1.0,0.0,2026-10-05
QQQ261019C00680000,0.0,2.0,2026-10-05
QQQ261019P00680000,0.0,399.0,2026-10-05
QQQ261019C00685000,0.0,0.0,2026-10-05
QQQ261019P00685000,0.0,103.0,2026-10-05
QQQ261019C00690000,0.0,0.0,2026-10-05
QQQ261019P00690000,0.0,65.0,2026-10-05
QQQ261019C00695000,0.0,0.0,2026-10-05
QQQ261019P00695000,0.0,163.0,2026-10-05
QQQ261019C00700000,0.0,1.0,2026-10-05
QQQ261019P00700000,0.0,210.0,2026-10-05
QQQ261019C00705000,0.0,17.0,2026-10-05
QQQ261019P00705000,0.0,103.0,2026-10-05
QQQ261019C00710000,0.0,2.0,2026-10-05
QQQ261019P00710000,0.0,66.0,2026-10-05
QQQ261019C00715000,0.0,0.0,2026-10-05
QQQ261019P00715000,0.0,347.0,2026-10-05
QQQ261019C00720000,0.0,15.0,2026-10-05
QQQ261019P00720000,0.0,1753.0,2026-10-05
QQQ261019C00725000,0.0,11.0,2026-10-05
QQQ261019P00725000,0.0,403.0,2026-10-05
QQQ261019C00730000,0.0,5.0,2026-10-05
QQQ261019P00730000,0.0,1800.0,2026-10-05
QQQ261019C00735000,0.0,0.0,2026-10-05
QQQ261019P00735000,0.0,479.0,2026-10-05
QQQ261019C00740000,0.0,149.0,2026-10-05
QQQ261019P00740000,0.0,836.0,2026-10-05
QQQ261019C00745000,0.0,202.0,2026-10-05
QQQ261019P00745000,0.0,1566.0,2026-10-05
QQQ261019C00750000,0.0,264.0,2026-10-05
QQQ261019P00750000,0.0,1497.0,2026-10-05
QQQ261019C00755000,0.0,588.0,2026-10-05
QQQ261019P00755000,0.0,1430.0,2026-10-05
QQQ261019C00760000,0.0,484.0,2026-10-05
QQQ261019P00760000,0.0,94.0,2026-10-05
QQQ261019C00765000,0.0,611.0,2026-10-05
QQQ261019P00765000,0.0,20.0,2026-10-05
QQQ261019C00770000,0.0,750.0,2026-10-05
QQQ261019P00770000,0.0,4.0,2026-10-05
QQQ261019C00775000,0.0,1387.0,2026-10-05
QQQ261019P00775000,0.0,0.0,2026-10-05
QQQ261019C00780000,0.0,825.0,2026-10-05
QQQ261019P00780000,0.0,0.0,2026-10-05
QQQ261019C00785000,0.0,286.0,2026-10-05
QQQ261019P00785000,0.0,0.0,2026-10-05
QQQ261019C00790000,0.0,139.0,2026-10-05
QQQ261019P00790000,0.0,0.0,2026-10-05
QQQ261019C00795000,0.0,106.0,2026-10-05
QQQ261019P00795000,0.0,0.0,2026-10-05
QQQ261019C00800000,0.0,18.0,2026-10-05
QQQ261019P00800000,0.0,0.0,2026-10-05
QQQ261019C00805000,0.0,50.0,2026-10-05
QQQ261019P00805000,0.0,0.0,2026-10-05
QQQ261019C00810000,0.0,1.0,2026-10-05
QQQ261019P00810000,0.0,0.0,2026-10-05
QQQ261019C00815000,0.0,0.0,2026-10-05
QQQ261019P00815000,0.0,0.0,2026-10-05
QQQ261019C00820000,0.0,13.0,2026-10-05
QQQ261019P00820000,0.0,0.0,2026-10-05
QQQ261019C00825000,0.0,6.0,2026-10-05
QQQ261019P00825000,0.0,0.0,2026-10-05
QQQ261023C00450000,1.0,0.0,2026-10-05
QQQ261023P00450000,1799.0,40.0,2026-10-05
QQQ261023C00455000,1.0,0.0,2026-10-05
QQQ261023P00455000,163.0,500.0,2026-10-05
QQQ261023C00460000,0.0,0.0,2026-10-05
QQQ261023P00460000,209.0,360.0,2026-10-05
QQQ261023C00465000,0.0,0.0,2026-10-05
QQQ261023P00465000,178.0,654.0,2026-10-05
QQQ261023C00470000,0.0,0.0,2026-10-05
QQQ261023P00470000,812.0,318.0,2026-10-05
QQQ261023C00475000,0.0,0.0,2026-10-05
QQQ261023P00475000,252.0,500.0,2026-10-05
QQQ261023C00480000,0.0,0.0,2026-10-05
QQQ261023P00480000,137.0,460.0,2026-10-05
QQQ261023C00485000,0.0,0.0,2026-10-05
QQQ261023P00485000,109.0,440.0,2026-10-05
QQQ261023C00490000,0.0,0.0,2026-10-05
QQQ261023P00490000,210.0,974.0,2026-10-05
QQQ261023C00495000,0.0,0.0,2026-10-05
QQQ261023P00495000,164.0,964.0,2026-10-05
QQQ261023C00500000,8.0,0.0,2026-10-05
QQQ261023P00500000,125.0,482.0,2026-10-05
QQQ261023C00505000,0.0,0.0,2026-10-05
QQQ261023P00505000,56.0,534.0,2026-10-05
QQQ261023C00510000,20.0,0.0,2026-10-05
QQQ261023P00510000,82.0,314.0,2026-10-05
QQQ261023C00515000,2.0,0.0,2026-10-05
QQQ261023P00515000,256.0,0.0,2026-10-05
QQQ261023C00520000,10.0,0.0,2026-10-05
QQQ261023P00520000,229.0,1.0,2026-10-05
QQQ261023C00525000,0.0,0.0,2026-10-05
QQQ261023P00525000,115.0,20.0,2026-10-05
QQQ261023C00530000,0.0,0.0,2026-10-05
QQQ261023P00530000,137.0,0.0,2026-10-05
QQQ261023C00535000,13.0,0.0,2026-10-05
QQQ261023P00535000,30.0,0.0,2026-10-05
QQQ261023C00540000,11.0,0.0,2026-10-05
QQQ261023P00540000,217.0,0.0,2026-10-05
QQQ261023C00545000,3.0,3.0,2026-10-05
QQQ261023P00545000,206.0,0.0,2026-10-05
QQQ261023C00550000,0.0,0.0,2026-10-05
QQQ261023P00550000,369.0,0.0,2026-10-05
QQQ261023C00555000,0.0,225.0,2026-10-05
QQQ261023P00555000,70.0,0.0,2026-10-05
QQQ261023C00560000,0.0,0.0,2026-10-05
QQQ261023P00560000,153.0,1.0,2026-10-05
QQQ261023C00565000,3.0,0.0,2026-10-05
QQQ261023P00565000,346.0,11.0,2026-10-05
QQQ261023C00570000,1.0,0.0,2026-10-05
QQQ261023P00570000,202.0,0.0,2026-10-05
QQQ261023C00575000,3.0,0.0,2026-10-05
QQQ261023P00575000,347.0,1.0,2026-10-05
QQQ261023C00580000,13.0,0.0,2026-10-05
QQQ261023P00580000,111.0,2.0,2026-10-05
QQQ261023C00585000,11.0,0.0,2026-10-05
QQQ261023P00585000,122.0,81.0,2026-10-05
QQQ261023C00590000,1.0,1.0,2026-10-05
QQQ261023P00590000,199.0,2.0,2026-10-05
QQQ261023C00595000,0.0,0.0,2026-10-05
QQQ261023P00595000,191.0,0.0,2026-10-05
QQQ261023C00600000,3.0,1.0,2026-10-05
QQQ261023P00600000,647.0,55.0,2026-10-05
QQQ261023C00605000,0.0,0.0,2026-10-05
QQQ261023P00605000,451.0,1.0,2026-10-05
QQQ261023C00610000,3.0,1.0,2026-10-05
QQQ261023P00610000,1150.0,9.0,2026-10-05
QQQ261023C00615000,6.0,1.0,2026-10-05
QQQ261023P00615000,301.0,1.0,2026-10-05
QQQ261023C00620000,5.0,1.0,2026-10-05
QQQ261023P00620000,510.0,10.0,2026-10-05
QQQ261023C00625000,17.0,1.0,2026-10-05
QQQ261023P00625000,423.0,36.0,2026-10-05
QQQ261023C00630000,10.0,0.0,2026-10-05
QQQ261023P00630000,413.0,26.0,2026-10-05
QQQ261023C00635000,18.0,0.0,2026-10-05
QQQ261023P00635000,901.0,344.0,2026-10-05
QQQ261023C00640000,18.0,20.0,2026-10-05
QQQ261023P00640000,2864.0,78.0,2026-10-05
QQQ261023C00645000,13.0,4.0,2026-10-05
QQQ261023P00645000,891.0,75.0,2026-10-05
QQQ261023C00650000,25.0,19.0,2026-10-05
QQQ261023P00650000,2551.0,89.0,2026-10-05
QQQ261023C00655000,3.0,11.0,2026-10-05
QQQ261023P00655000,1304.0,25.0,2026-10-05
QQQ261023C00660000,53.0,1.0,2026-10-05
QQQ261023P00660000,1173.0,74.0,2026-10-05
QQQ261023C00665000,70.0,57.0,2026-10-05
QQQ261023P00665000,754.0,108.0,2026-10-05
QQQ261023C00670000,13.0,4.0,2026-10-05
QQQ261023P00670000,1569.0,733.0,2026-10-05
QQQ261023C00675000,19.0,15.0,2026-10-05
QQQ261023P00675000,1616.0,664.0,2026-10-05
QQQ261023C00676000,0.0,0.0,2026-10-05
QQQ261023P00676000,399.0,53.0,2026-10-05
QQQ261023C00677000,2.0,0.0,2026-10-05
QQQ261023P00677000,171.0,1.0,2026-10-05
QQQ261023C00678000,4.0,0.0,2026-10-05
QQQ261023P00678000,249.0,7.0,2026-10-05
QQQ261023C00679000,2.0,0.0,2026-10-05
QQQ261023P00679000,247.0,36.0,2026-10-05
QQQ261023C00680000,19.0,2.0,2026-10-05
QQQ261023P00680000,2617.0,1959.0,2026-10-05
QQQ261023C00681000,0.0,0.0,2026-10-05
QQQ261023P00681000,261.0,65.0,2026-10-05
QQQ261023C00682000,0.0,0.0,2026-10-05
QQQ261023P00682000,452.0,1.0,2026-10-05
QQQ261023C00683000,2.0,0.0,2026-10-05
QQQ261023P00683000,310.0,39.0,2026-10-05
QQQ261023C00684000,1.0,0.0,2026-10-05
QQQ261023P00684000,205.0,5.0,2026-10-05
QQQ261023C00685000,43.0,0.0,2026-10-05
QQQ261023P00685000,3420.0,296.0,2026-10-05
QQQ261023C00686000,3.0,0.0,2026-10-05
QQQ261023P00686000,137.0,7.0,2026-10-05
QQQ261023C00687000,1.0,0.0,2026-10-05
QQQ261023P00687000,217.0,18.0,2026-10-05
QQQ261023C00688000,2.0,0.0,2026-10-05
QQQ261023P00688000,251.0,28.0,2026-10-05
QQQ261023C00689000,5.0,0.0,2026-10-05
QQQ261023P00689000,383.0,63.0,2026-10-05
QQQ261023C00690000,35.0,0.0,2026-10-05
QQQ261023P00690000,2735.0,256.0,2026-10-05
QQQ261023C00691000,10.0,0.0,2026-10-05
QQQ261023P00691000,242.0,13.0,2026-10-05
QQQ261023C00692000,7.0,8.0,2026-10-05
QQQ261023P00692000,499.0,9.0,2026-10-05
QQQ261023C00693000,13.0,0.0,2026-10-05
QQQ261023P00693000,137.0,34.0,2026-10-05
QQQ261023C00694000,9.0,0.0,2026-10-05
QQQ261023P00694000,251.0,5.0,2026-10-05
QQQ261023C00695000,120.0,6.0,2026-10-05
QQQ261023P00695000,1833.0,1945.0,2026-10-05
QQQ261023C00696000,26.0,0.0,2026-10-05
QQQ261023P00696000,463.0,116.0,2026-10-05
QQQ261023C00697000,48.0,0.0,2026-10-05
QQQ261023P00697000,139.0,289.0,2026-10-05
QQQ261023C00698000,13.0,0.0,2026-10-05
QQQ261023P00698000,284.0,17.0,2026-10-05
QQQ261023C00699000,61.0,0.0,2026-10-05
QQQ261023P00699000,151.0,112.0,2026-10-05
QQQ261023C00700000,523.0,24.0,2026-10-05
QQQ261023P00700000,3775.0,2767.0,2026-10-05
QQQ261023C00701000,158.0,1.0,2026-10-05
QQQ261023P00701000,288.0,69.0,2026-10-05
QQQ261023C00702000,288.0,0.0,2026-10-05
QQQ261023P00702000,551.0,112.0,2026-10-05
QQQ261023C00703000,354.0,0.0,2026-10-05
QQQ261023P00703000,244.0,75.0,2026-10-05
QQQ261023C00704000,133.0,0.0,2026-10-05
QQQ261023P00704000,182.0,89.0,2026-10-05
QQQ261023C00705000,241.0,3.0,2026-10-05
QQQ261023P00705000,964.0,250.0,2026-10-05
QQQ261023C00706000,220.0,0.0,2026-10-05
QQQ261023P00706000,332.0,97.0,2026-10-05
QQQ261023C00707000,275.0,4.0,2026-10-05
QQQ261023P00707000,715.0,35.0,2026-10-05
QQQ261023C00708000,273.0,0.0,2026-10-05
QQQ261023P00708000,627.0,51.0,2026-10-05
QQQ261023C00709000,324.0,0.0,2026-10-05
QQQ261023P00709000,218.0,43.0,2026-10-05
QQQ261023C00710000,544.0,17.0,2026-10-05
QQQ261023P00710000,1048.0,599.0,2026-10-05
QQQ261023C00711000,385.0,0.0,2026-10-05
QQQ261023P00711000,12103.0,106.0,2026-10-05
QQQ261023C00712000,170.0,10.0,2026-10-05
QQQ261023P00712000,181.0,27.0,2026-10-05
QQQ261023C00713000,213.0,0.0,2026-10-05
QQQ261023P00713000,674.0,196.0,2026-10-05
QQQ261023C00714000,264.0,0.0,2026-10-05
QQQ261023P00714000,218.0,2126.0,2026-10-05
QQQ261023C00715000,468.0,3.0,2026-10-05
QQQ261023P00715000,1288.0,521.0,2026-10-05
QQQ261023C00716000,365.0,8.0,2026-10-05
QQQ261023P00716000,893.0,91.0,2026-10-05
QQQ261023C00717000,356.0,3.0,2026-10-05
QQQ261023P00717000,842.0,34.0,2026-10-05
QQQ261023C00718000,94.0,4.0,2026-10-05
QQQ261023P00718000,529.0,55.0,2026-10-05
QQQ261023C00719000,133.0,13.0,2026-10-05
QQQ261023P00719000,191.0,37.0,2026-10-05
QQQ261023C00720000,664.0,52.0,2026-10-05
QQQ261023P00720000,4196.0,440.0,2026-10-05
QQQ261023C00721000,367.0,14.0,2026-10-05
QQQ261023P00721000,359.0,101.0,2026-10-05
QQQ261023C00722000,350.0,4.0,2026-10-05
QQQ261023P00722000,1438.0,14.0,2026-10-05
QQQ261023C00723000,423.0,2.0,2026-10-05
QQQ261023P00723000,355.0,17.0,2026-10-05
QQQ261023C00724000,28.0,4.0,2026-10-05
QQQ261023P00724000,156.0,12.0,2026-10-05
QQQ261023C00725000,424.0,20.0,2026-10-05
QQQ261023P00725000,1119.0,553.0,2026-10-05
QQQ261023C00726000,87.0,2.0,2026-10-05
QQQ261023P00726000,238.0,152.0,2026-10-05
QQQ261023C00727000,209.0,4.0,2026-10-05
QQQ261023P00727000,377.0,58.0,2026-10-05
QQQ261023C00728000,48.0,20.0,2026-10-05
QQQ261023P00728000,232.0,116.0,2026-10-05
QQQ261023C00729000,287.0,6.0,2026-10-05
QQQ261023P00729000,334.0,16.0,2026-10-05
QQQ261023C00730000,649.0,1059.0,2026-10-05
QQQ261023P00730000,1356.0,1635.0,2026-10-05
QQQ261023C00731000,182.0,66.0,2026-10-05
QQQ261023P00731000,227.0,143.0,2026-10-05
QQQ261023C00732000,186.0,71.0,2026-10-05
QQQ261023P00732000,178.0,71.0,2026-10-05
QQQ261023C00733000,112.0,68.0,2026-10-05
QQQ261023P00733000,258.0,36.0,2026-10-05
QQQ261023C00734000,90.0,76.0,2026-10-05
QQQ261023P00734000,4115.0,4029.0,2026-10-05
QQQ261023C00735000,583.0,134.0,2026-10-05
QQQ261023P00735000,950.0,1433.0,2026-10-05
QQQ261023C00736000,215.0,85.0,2026-10-05
QQQ261023P00736000,175.0,12.0,2026-10-05
QQQ261023C00737000,334.0,46.0,2026-10-05
QQQ261023P00737000,496.0,15.0,2026-10-05
QQQ261023C00738000,205.0,20.0,2026-10-05
QQQ261023P00738000,629.0,59.0,2026-10-05
QQQ261023C00739000,447.0,18.0,2026-10-05
QQQ261023P00739000,393.0,140.0,2026-10-05
QQQ261023C00740000,3354.0,115.0,2026-10-05
QQQ261023P00740000,2429.0,824.0,2026-10-05
QQQ261023C00741000,203.0,53.0,2026-10-05
QQQ261023P00741000,258.0,83.0,2026-10-05
QQQ261023C00742000,510.0,80.0,2026-10-05
QQQ261023P00742000,120.0,4142.0,2026-10-05
QQQ261023C00743000,231.0,43.0,2026-10-05
QQQ261023P00743000,206.0,47.0,2026-10-05
QQQ261023C00744000,184.0,42.0,2026-10-05
QQQ261023P00744000,187.0,63.0,2026-10-05
QQQ261023C00745000,1171.0,182.0,2026-10-05
QQQ261023P00745000,587.0,603.0,2026-10-05
QQQ261023C00746000,831.0,19.0,2026-10-05
QQQ261023P00746000,420.0,145.0,2026-10-05
QQQ261023C00747000,231.0,15.0,2026-10-05
QQQ261023P00747000,338.0,100.0,2026-10-05
QQQ261023C00748000,235.0,28.0,2026-10-05
QQQ261023P00748000,103.0,40.0,2026-10-05
QQQ261023C00749000,554.0,18.0,2026-10-05
QQQ261023P00749000,101.0,100.0,2026-10-05
QQQ261023C00750000,2354.0,314.0,2026-10-05
QQQ261023P00750000,482.0,330.0,2026-10-05
QQQ261023C00751000,186.0,38.0,2026-10-05
QQQ261023P00751000,79.0,47.0,2026-10-05
QQQ261023C00752000,343.0,526.0,2026-10-05
QQQ261023P00752000,83.0,122.0,2026-10-05
QQQ261023C00753000,567.0,174.0,2026-10-05
QQQ261023P00753000,61.0,226.0,2026-10-05
QQQ261023C00754000,166.0,73.0,2026-10-05
QQQ261023P00754000,80.0,230.0,2026-10-05
QQQ261023C00755000,7133.0,1712.0,2026-10-05
QQQ261023P00755000,541.0,542.0,2026-10-05
QQQ261023C00756000,275.0,174.0,2026-10-05
QQQ261023P00756000,23.0,41.0,2026-10-05
QQQ261023C00757000,360.0,57.0,2026-10-05
QQQ261023P00757000,216.0,67.0,2026-10-05
QQQ261023C00758000,250.0,62.0,2026-10-05
QQQ261023P00758000,50.0,113.0,2026-10-05
QQQ261023C00759000,1250.0,40.0,2026-10-05
QQQ261023P00759000,34.0,19.0,2026-10-05
QQQ261023C00760000,6459.0,1841.0,2026-10-05
QQQ261023P00760000,106.0,62.0,2026-10-05
QQQ261023C00761000,565.0,88.0,2026-10-05
QQQ261023P00761000,49.0,7.0,2026-10-05
QQQ261023C00762000,831.0,90.0,2026-10-05
QQQ261023P00762000,34.0,8.0,2026-10-05
QQQ261023C00763000,408.0,1213.0,2026-10-05
QQQ261023P00763000,24.0,2.0,2026-10-05
QQQ261023C00764000,452.0,37.0,2026-10-05
QQQ261023P00764000,31.0,1.0,2026-10-05
QQQ261023C00765000,1862.0,2962.0,2026-10-05
QQQ261023P00765000,28.0,8.0,2026-10-05
QQQ261023C00766000,422.0,175.0,2026-10-05
QQQ261023P00766000,19.0,0.0,2026-10-05
QQQ261023C00767000,583.0,200.0,2026-10-05
QQQ261023P00767000,17.0,0.0,2026-10-05
QQQ261023C00768000,696.0,270.0,2026-10-05
QQQ261023P00768000,39.0,0.0,2026-10-05
QQQ261023C00769000,232.0,181.0,2026-10-05
QQQ261023P00769000,20.0,7.0,2026-10-05
QQQ261023C00770000,1546.0,1674.0,2026-10-05
QQQ261023P00770000,40.0,55.0,2026-10-05
QQQ261023C00771000,456.0,124.0,2026-10-05
QQQ261023P00771000,21.0,2.0,2026-10-05
QQQ261023C00772000,359.0,307.0,2026-10-05
QQQ261023P00772000,0.0,0.0,2026-10-05
QQQ261023C00773000,143.0,46.0,2026-10-05
QQQ261023P00773000,16.0,2.0,2026-10-05
QQQ261023C00774000,490.0,80.0,2026-10-05
QQQ261023P00774000,15.0,8.0,2026-10-05
QQQ261023C00775000,3721.0,467.0,2026-10-05
QQQ261023P00775000,11.0,0.0,2026-10-05
QQQ261023C00780000,3234.0,641.0,2026-10-05
QQQ261023P00780000,306.0,5.0,2026-10-05
QQQ261023C00785000,7024.0,856.0,2026-10-05
QQQ261023P00785000,106.0,4.0,2026-10-05
QQQ261023C00790000,4876.0,491.0,2026-10-05
QQQ261023P00790000,0.0,2.0,2026-10-05
QQQ261023C00795000,2102.0,692.0,2026-10-05
QQQ261023P00795000,0.0,2.0,2026-10-05
QQQ261023C00800000,1768.0,653.0,2026-10-05
QQQ261023P00800000,2.0,0.0,2026-10-05
QQQ261023C00805000,530.0,195.0,2026-10-05
QQQ261023P00805000,0.0,0.0,2026-10-05
QQQ261023C00810000,2176.0,34.0,2026-10-05
QQQ261023P00810000,0.0,2.0,2026-10-05
QQQ261023C00815000,385.0,11.0,2026-10-05
QQQ261023P00815000,0.0,0.0,2026-10-05
QQQ261023C00820000,628.0,2.0,2026-10-05
QQQ261023P00820000,0.0,0.0,2026-10-05
QQQ261023C00825000,269.0,15.0,2026-10-05
QQQ261023P00825000,0.0,2.0,2026-10-05
QQQ261023C00830000,275.0,3.0,2026-10-05
QQQ261023P00830000,0.0,0.0,2026-10-05
QQQ261023C00835000,42.0,0.0,2026-10-05
QQQ261023P00835000,0.0,0.0,2026-10-05
QQQ261023C00840000,146.0,0.0,2026-10-05
QQQ261023P00840000,0.0,0.0,2026-10-05
QQQ261023C00845000,157.0,140.0,2026-10-05
QQQ261023P00845000,0.0,0.0,2026-10-05
QQQ261023C00850000,554.0,152.0,2026-10-05
QQQ261023P00850000,0.0,0.0,2026-10-05
QQQ261023C00860000,125.0,256.0,2026-10-05
QQQ261023P00860000,0.0,0.0,2026-10-05
QQQ261023C00870000,165.0,0.0,2026-10-05
QQQ261023P00870000,0.0,0.0,2026-10-05
QQQ261023C00880000,172.0,0.0,2026-10-05
QQQ261023P00880000,0.0,0.0,2026-10-05
QQQ261023C00885000,45.0,21.0,2026-10-05
QQQ261023P00885000,0.0,0.0,2026-10-05
QQQ261023C00890000,23.0,0.0,2026-10-05
QQQ261023P00890000,0.0,0.0,2026-10-05
QQQ261023C00895000,35.0,1.0,2026-10-05
QQQ261023P00895000,0.0,0.0,2026-10-05
QQQ261023C00900000,72.0,0.0,2026-10-05
QQQ261023P00900000,0.0,0.0,2026-10-05
QQQ261023C00905000,16.0,0.0,2026-10-05
QQQ261023P00905000,0.0,0.0,2026-10-05
QQQ261023C00910000,45.0,0.0,2026-10-05
QQQ261023P00910000,0.0,0.0,2026-10-05
QQQ261023C00915000,0.0,0.0,2026-10-05
QQQ261023P00915000,0.0,0.0,2026-10-05
QQQ261023C00920000,10.0,0.0,2026-10-05
QQQ261023P00920000,0.0,0.0,2026-10-05
QQQ261023C00925000,0.0,0.0,2026-10-05
QQQ261023P00925000,0.0,0.0,2026-10-05
QQQ261023C00930000,0.0,0.0,2026-10-05
QQQ261023P00930000,0.0,0.0,2026-10-05
QQQ261023C00935000,2.0,0.0,2026-10-05
QQQ261023P00935000,0.0,0.0,2026-10-05
QQQ261023C00940000,0.0,0.0,2026-10-05
QQQ261023P00940000,0.0,0.0,2026-10-05
QQQ261023C00945000,0.0,0.0,2026-10-05
QQQ261023P00945000,0.0,0.0,2026-10-05
QQQ261023C00950000,0.0,0.0,2026-10-05
QQQ261023P00950000,0.0,0.0,2026-10-05
QQQ261030C00470000,1.0,0.0,2026-10-05
QQQ261030P00470000,844.0,990.0,2026-10-05
QQQ261030C00475000,1.0,0.0,2026-10-05
QQQ261030P00475000,53.0,888.0,2026-10-05
QQQ261030C00480000,1.0,0.0,2026-10-05
QQQ261030P00480000,151.0,902.0,2026-10-05
QQQ261030C00485000,2.0,0.0,2026-10-05
QQQ261030P00485000,373.0,483.0,2026-10-05
QQQ261030C00490000,1.0,0.0,2026-10-05
QQQ261030P00490000,142.0,762.0,2026-10-05
QQQ261030C00495000,1.0,0.0,2026-10-05
QQQ261030P00495000,244.0,732.0,2026-10-05
QQQ261030C00500000,6.0,0.0,2026-10-05
QQQ261030P00500000,623.0,895.0,2026-10-05
QQQ261030C00505000,0.0,0.0,2026-10-05
QQQ261030P00505000,77.0,526.0,2026-10-05
QQQ261030C00510000,2.0,0.0,2026-10-05
QQQ261030P00510000,138.0,298.0,2026-10-05
QQQ261030C00515000,1.0,0.0,2026-10-05
QQQ261030P00515000,53.0,344.0,2026-10-05
QQQ261030C00520000,3.0,0.0,2026-10-05
QQQ261030P00520000,264.0,127.0,2026-10-05
QQQ261030C00525000,11.0,0.0,2026-10-05
QQQ261030P00525000,116.0,8.0,2026-10-05
QQQ261030C00530000,11.0,0.0,2026-10-05
QQQ261030P00530000,290.0,58.0,2026-10-05
QQQ261030C00535000,10.0,0.0,2026-10-05
QQQ261030P00535000,394.0,57.0,2026-10-05
QQQ261030C00540000,12.0,0.0,2026-10-05
QQQ261030P00540000,428.0,34.0,2026-10-05
QQQ261030C00545000,0.0,0.0,2026-10-05
QQQ261030P00545000,1018.0,14.0,2026-10-05
QQQ261030C00550000,85.0,2.0,2026-10-05
QQQ261030P00550000,597.0,9.0,2026-10-05
QQQ261030C00555000,10.0,0.0,2026-10-05
QQQ261030P00555000,129.0,53.0,2026-10-05
QQQ261030C00560000,24.0,0.0,2026-10-05
QQQ261030P00560000,270.0,15.0,2026-10-05
QQQ261030C00565000,2.0,0.0,2026-10-05
QQQ261030P00565000,241.0,3.0,2026-10-05
QQQ261030C00570000,6.0,0.0,2026-10-05
QQQ261030P00570000,448.0,155.0,2026-10-05
QQQ261030C00575000,3.0,0.0,2026-10-05
QQQ261030P00575000,564.0,46.0,2026-10-05
QQQ261030C00580000,46.0,0.0,2026-10-05
QQQ261030P00580000,521.0,57.0,2026-10-05
QQQ261030C00585000,6.0,0.0,2026-10-05
QQQ261030P00585000,430.0,8.0,2026-10-05
QQQ261030C00590000,16.0,0.0,2026-10-05
QQQ261030P00590000,1629.0,39.0,2026-10-05
QQQ261030C00595000,14.0,0.0,2026-10-05
QQQ261030P00595000,253.0,34.0,2026-10-05
QQQ261030C00600000,226.0,6.0,2026-10-05
QQQ261030P00600000,10958.0,237.0,2026-10-05
QQQ261030C00601000,5.0,0.0,2026-10-05
QQQ261030P00601000,121.0,0.0,2026-10-05
QQQ261030C00602000,5.0,0.0,2026-10-05
QQQ261030P00602000,57.0,0.0,2026-10-05
QQQ261030C00603000,0.0,0.0,2026-10-05
QQQ261030P00603000,155.0,0.0,2026-10-05
QQQ261030C00604000,1.0,0.0,2026-10-05
QQQ261030P00604000,68.0,4.0,2026-10-05
QQQ261030C00605000,1.0,0.0,2026-10-05
QQQ261030P00605000,459.0,15.0,2026-10-05
QQQ261030C00606000,2.0,0.0,2026-10-05
QQQ261030P00606000,135.0,0.0,2026-10-05
QQQ261030C00607000,0.0,0.0,2026-10-05
QQQ261030P00607000,105.0,0.0,2026-10-05
QQQ261030C00608000,3.0,0.0,2026-10-05
QQQ261030P00608000,42.0,0.0,2026-10-05
QQQ261030C00609000,1.0,0.0,2026-10-05
QQQ261030P00609000,102.0,0.0,2026-10-05
QQQ261030C00610000,31.0,0.0,2026-10-05
QQQ261030P00610000,1544.0,84.0,2026-10-05
QQQ261030C00611000,0.0,0.0,2026-10-05
QQQ261030P00611000,114.0,0.0,2026-10-05
QQQ261030C00612000,0.0,0.0,2026-10-05
QQQ261030P00612000,192.0,0.0,2026-10-05
QQQ261030C00613000,1.0,0.0,2026-10-05
QQQ261030P00613000,86.0,0.0,2026-10-05
QQQ261030C00614000,3.0,0.0,2026-10-05
QQQ261030P00614000,82.0,0.0,2026-10-05
QQQ261030C00615000,7.0,0.0,2026-10-05
QQQ261030P00615000,381.0,8.0,2026-10-05
QQQ261030C00616000,3.0,0.0,2026-10-05
QQQ261030P00616000,195.0,103.0,2026-10-05
QQQ261030C00617000,2.0,0.0,2026-10-05
QQQ261030P00617000,171.0,2.0,2026-10-05
QQQ261030C00618000,1.0,0.0,2026-10-05
QQQ261030P00618000,172.0,0.0,2026-10-05
QQQ261030C00619000,4.0,0.0,2026-10-05
QQQ261030P00619000,67.0,1.0,2026-10-05
QQQ261030C00620000,20.0,2.0,2026-10-05
QQQ261030P00620000,954.0,47.0,2026-10-05
QQQ261030C00621000,2.0,0.0,2026-10-05
QQQ261030P00621000,106.0,0.0,2026-10-05
QQQ261030C00622000,4.0,0.0,2026-10-05
QQQ261030P00622000,104.0,1.0,2026-10-05
QQQ261030C00623000,3.0,0.0,2026-10-05
QQQ261030P00623000,203.0,0.0,2026-10-05
QQQ261030C00624000,2.0,0.0,2026-10-05
QQQ261030P00624000,30.0,0.0,2026-10-05
QQQ261030C00625000,89.0,0.0,2026-10-05
QQQ261030P00625000,830.0,287.0,2026-10-05
QQQ261030C00626000,8.0,0.0,2026-10-05
QQQ261030P00626000,18.0,0.0,2026-10-05
QQQ261030C00627000,1.0,0.0,2026-10-05
QQQ261030P00627000,74.0,0.0,2026-10-05
QQQ261030C00628000,0.0,0.0,2026-10-05
QQQ261030P00628000,49.0,1.0,2026-10-05
QQQ261030C00629000,1.0,0.0,2026-10-05
QQQ261030P00629000,35.0,0.0,2026-10-05
QQQ261030C00630000,26.0,2.0,2026-10-05
QQQ261030P00630000,1339.0,202.0,2026-10-05
QQQ261030C00631000,2.0,0.0,2026-10-05
QQQ261030P00631000,94.0,5.0,2026-10-05
QQQ261030C00632000,102.0,0.0,2026-10-05
QQQ261030P00632000,68.0,1.0,2026-10-05
QQQ261030C00633000,76.0,0.0,2026-10-05
QQQ261030P00633000,99.0,2.0,2026-10-05
QQQ261030C00634000,3.0,0.0,2026-10-05
QQQ261030P00634000,117.0,1.0,2026-10-05
QQQ261030C00635000,47.0,1.0,2026-10-05
QQQ261030P00635000,375.0,77.0,2026-10-05
QQQ261030C00636000,5.0,0.0,2026-10-05
QQQ261030P00636000,307.0,8.0,2026-10-05
QQQ261030C00637000,2.0,0.0,2026-10-05
QQQ261030P00637000,377.0,2.0,2026-10-05
QQQ261030C00638000,3.0,0.0,2026-10-05
QQQ261030P00638000,103.0,2.0,2026-10-05
QQQ261030C00639000,4.0,0.0,2026-10-05
QQQ261030P00639000,64.0,0.0,2026-10-05
QQQ261030C00640000,53.0,1.0,2026-10-05
QQQ261030P00640000,36688.0,111.0,2026-10-05
QQQ261030C00641000,1.0,0.0,2026-10-05
QQQ261030P00641000,147.0,1.0,2026-10-05
QQQ261030C00642000,3.0,0.0,2026-10-05
QQQ261030P00642000,54.0,0.0,2026-10-05
QQQ261030C00643000,4.0,0.0,2026-10-05
QQQ261030P00643000,677.0,1.0,2026-10-05
QQQ261030C00644000,4.0,0.0,2026-10-05
QQQ261030P00644000,67.0,2.0,2026-10-05
QQQ261030C00645000,51.0,1.0,2026-10-05
QQQ261030P00645000,874.0,38.0,2026-10-05
QQQ261030C00646000,1.0,0.0,2026-10-05
QQQ261030P00646000,91.0,3.0,2026-10-05
QQQ261030C00647000,3.0,0.0,2026-10-05
QQQ261030P00647000,57.0,11.0,2026-10-05
QQQ261030C00648000,10.0,0.0,2026-10-05
QQQ261030P00648000,154.0,9.0,2026-10-05
QQQ261030C00649000,2.0,0.0,2026-10-05
QQQ261030P00649000,378.0,1.0,2026-10-05
QQQ261030C00650000,88.0,0.0,2026-10-05
QQQ261030P00650000,5568.0,523.0,2026-10-05
QQQ261030C00651000,7.0,0.0,2026-10-05
QQQ261030P00651000,156.0,7.0,2026-10-05
QQQ261030C00652000,0.0,0.0,2026-10-05
QQQ261030P00652000,199.0,240.0,2026-10-05
QQQ261030C00653000,1.0,0.0,2026-10-05
QQQ261030P00653000,126.0,1.0,2026-10-05
QQQ261030C00654000,3.0,0.0,2026-10-05
QQQ261030P00654000,384.0,501.0,2026-10-05
QQQ261030C00655000,107.0,4.0,2026-10-05
QQQ261030P00655000,6201.0,241.0,2026-10-05
QQQ261030C00656000,87.0,0.0,2026-10-05
QQQ261030P00656000,123.0,503.0,2026-10-05
QQQ261030C00657000,2.0,0.0,2026-10-05
QQQ261030P00657000,127.0,35.0,2026-10-05
QQQ261030C00658000,2.0,0.0,2026-10-05
QQQ261030P00658000,194.0,525.0,2026-10-05
QQQ261030C00659000,6.0,0.0,2026-10-05
QQQ261030P00659000,367.0,26.0,2026-10-05
QQQ261030C00660000,106.0,0.0,2026-10-05
QQQ261030P00660000,7264.0,773.0,2026-10-05
QQQ261030C00661000,8.0,0.0,2026-10-05
QQQ261030P00661000,143.0,16.0,2026-10-05
QQQ261030C00662000,2.0,0.0,2026-10-05
QQQ261030P00662000,356.0,0.0,2026-10-05
QQQ261030C00663000,0.0,0.0,2026-10-05
QQQ261030P00663000,1816.0,119.0,2026-10-05
QQQ261030C00664000,106.0,0.0,2026-10-05
QQQ261030P00664000,224.0,50.0,2026-10-05
QQQ261030C00665000,15.0,0.0,2026-10-05
QQQ261030P00665000,3477.0,280.0,2026-10-05
QQQ261030C00666000,16.0,56.0,2026-10-05
QQQ261030P00666000,360.0,11.0,2026-10-05
QQQ261030C00667000,3.0,0.0,2026-10-05
QQQ261030P00667000,386.0,21.0,2026-10-05
QQQ261030C00668000,23.0,1.0,2026-10-05
QQQ261030P00668000,265.0,97.0,2026-10-05
QQQ261030C00669000,3.0,0.0,2026-10-05
QQQ261030P00669000,201.0,27.0,2026-10-05
QQQ261030C00670000,80.0,0.0,2026-10-05
QQQ261030P00670000,4607.0,259.0,2026-10-05
QQQ261030C00671000,14.0,0.0,2026-10-05
QQQ261030P00671000,202.0,5.0,2026-10-05
QQQ261030C00672000,12.0,0.0,2026-10-05
QQQ261030P00672000,234.0,65.0,2026-10-05
QQQ261030C00673000,102.0,0.0,2026-10-05
QQQ261030P00673000,225.0,17.0,2026-10-05
QQQ261030C00674000,28.0,0.0,2026-10-05
QQQ261030P00674000,385.0,19.0,2026-10-05
QQQ261030C00675000,30.0,0.0,2026-10-05
QQQ261030P00675000,5311.0,725.0,2026-10-05
QQQ261030C00676000,15.0,0.0,2026-10-05
QQQ261030P00676000,2158.0,274.0,2026-10-05
QQQ261030C00677000,73.0,0.0,2026-10-05
QQQ261030P00677000,203.0,3.0,2026-10-05
QQQ261030C00678000,8.0,0.0,2026-10-05
QQQ261030P00678000,331.0,59.0,2026-10-05
QQQ261030C00679000,86.0,0.0,2026-10-05
QQQ261030P00679000,376.0,29.0,2026-10-05
QQQ261030C00680000,115.0,1.0,2026-10-05
QQQ261030P00680000,14928.0,3121.0,2026-10-05
QQQ261030C00681000,89.0,0.0,2026-10-05
QQQ261030P00681000,489.0,18.0,2026-10-05
QQQ261030C00682000,96.0,0.0,2026-10-05
QQQ261030P00682000,140.0,9.0,2026-10-05
QQQ261030C00683000,45.0,0.0,2026-10-05
QQQ261030P00683000,99.0,23.0,2026-10-05
QQQ261030C00684000,49.0,5.0,2026-10-05
QQQ261030P00684000,215.0,85.0,2026-10-05
QQQ261030C00685000,69.0,4.0,2026-10-05
QQQ261030P00685000,56684.0,552.0,2026-10-05
QQQ261030C00686000,32.0,0.0,2026-10-05
QQQ261030P00686000,512.0,273.0,2026-10-05
QQQ261030C00687000,295.0,1.0,2026-10-05
QQQ261030P00687000,163.0,42.0,2026-10-05
QQQ261030C00688000,10.0,0.0,2026-10-05
QQQ261030P00688000,335.0,67.0,2026-10-05
QQQ261030C00689000,13.0,0.0,2026-10-05
QQQ261030P00689000,306.0,91.0,2026-10-05
QQQ261030C00690000,71.0,1.0,2026-10-05
QQQ261030P00690000,41580.0,1651.0,2026-10-05
QQQ261030C00691000,31.0,0.0,2026-10-05
QQQ261030P00691000,153.0,10.0,2026-10-05
QQQ261030C00692000,33.0,0.0,2026-10-05
QQQ261030P00692000,748.0,59.0,2026-10-05
QQQ261030C00693000,109.0,0.0,2026-10-05
QQQ261030P00693000,279.0,10.0,2026-10-05
QQQ261030C00694000,94.0,0.0,2026-10-05
QQQ261030P00694000,114.0,69.0,2026-10-05
QQQ261030C00695000,354.0,4.0,2026-10-05
QQQ261030P00695000,5643.0,317.0,2026-10-05
QQQ261030C00696000,183.0,2.0,2026-10-05
QQQ261030P00696000,377.0,92.0,2026-10-05
QQQ261030C00697000,103.0,0.0,2026-10-05
QQQ261030P00697000,517.0,6.0,2026-10-05
QQQ261030C00698000,111.0,0.0,2026-10-05
QQQ261030P00698000,379.0,60.0,2026-10-05
QQQ261030C00699000,134.0,2.0,2026-10-05
QQQ261030P00699000,239.0,84.0,2026-10-05
QQQ261030C00700000,1222.0,42.0,2026-10-05
QQQ261030P00700000,38705.0,1481.0,2026-10-05
QQQ261030C00701000,256.0,2.0,2026-10-05
QQQ261030P00701000,964.0,118.0,2026-10-05
QQQ261030C00702000,203.0,2.0,2026-10-05
QQQ261030P00702000,970.0,121.0,2026-10-05
QQQ261030C00703000,138.0,4.0,2026-10-05
QQQ261030P00703000,396.0,60.0,2026-10-05
QQQ261030C00704000,284.0,4.0,2026-10-05
QQQ261030P00704000,298.0,122.0,2026-10-05
QQQ261030C00705000,546.0,2.0,2026-10-05
QQQ261030P00705000,1866.0,495.0,2026-10-05
QQQ261030C00706000,129.0,3.0,2026-10-05
QQQ261030P00706000,1427.0,117.0,2026-10-05
QQQ261030C00707000,280.0,2.0,2026-10-05
QQQ261030P00707000,2187.0,26.0,2026-10-05
QQQ261030C00708000,362.0,6.0,2026-10-05
QQQ261030P00708000,1311.0,23.0,2026-10-05
QQQ261030C00709000,205.0,3.0,2026-10-05
QQQ261030P00709000,462.0,25.0,2026-10-05
QQQ261030C00710000,899.0,69.0,2026-10-05
QQQ261030P00710000,12200.0,1852.0,2026-10-05
QQQ261030C00711000,235.0,8.0,2026-10-05
QQQ261030P00711000,733.0,26.0,2026-10-05
QQQ261030C00712000,278.0,7.0,2026-10-05
QQQ261030P00712000,613.0,199.0,2026-10-05
QQQ261030C00713000,158.0,7.0,2026-10-05
QQQ261030P00713000,672.0,20.0,2026-10-05
QQQ261030C00714000,429.0,6.0,2026-10-05
QQQ261030P00714000,419.0,89.0,2026-10-05
QQQ261030C00715000,676.0,24.0,2026-10-05
QQQ261030P00715000,22694.0,573.0,2026-10-05
QQQ261030C00716000,407.0,2.0,2026-10-05
QQQ261030P00716000,4020.0,119.0,2026-10-05
QQQ261030C00717000,413.0,4.0,2026-10-05
QQQ261030P00717000,698.0,34.0,2026-10-05
QQQ261030C00718000,456.0,3.0,2026-10-05
QQQ261030P00718000,875.0,73.0,2026-10-05
QQQ261030C00719000,374.0,2.0,2026-10-05
QQQ261030P00719000,838.0,71.0,2026-10-05
QQQ261030C00720000,1717.0,36.0,2026-10-05
QQQ261030P00720000,31719.0,1599.0,2026-10-05
QQQ261030C00721000,410.0,15.0,2026-10-05
QQQ261030P00721000,364.0,39.0,2026-10-05
QQQ261030C00722000,387.0,4.0,2026-10-05
QQQ261030P00722000,911.0,293.0,2026-10-05
QQQ261030C00723000,494.0,7.0,2026-10-05
QQQ261030P00723000,680.0,92.0,2026-10-05
QQQ261030C00724000,168.0,6.0,2026-10-05
QQQ261030P00724000,453.0,221.0,2026-10-05
QQQ261030C00725000,570.0,69.0,2026-10-05
QQQ261030P00725000,62244.0,493.0,2026-10-05
QQQ261030C00726000,374.0,10.0,2026-10-05
QQQ261030P00726000,1735.0,23.0,2026-10-05
QQQ261030C00727000,356.0,9.0,2026-10-05
QQQ261030P00727000,919.0,43.0,2026-10-05
QQQ261030C00728000,384.0,14.0,2026-10-05
QQQ261030P00728000,380.0,192.0,2026-10-05
QQQ261030C00729000,501.0,6.0,2026-10-05
QQQ261030P00729000,355.0,124.0,2026-10-05
QQQ261030C00730000,2328.0,447.0,2026-10-05
QQQ261030P00730000,7256.0,1912.0,2026-10-05
QQQ261030C00731000,236.0,45.0,2026-10-05
QQQ261030P00731000,269.0,45.0,2026-10-05
QQQ261030C00732000,310.0,52.0,2026-10-05
QQQ261030P00732000,2380.0,87.0,2026-10-05
QQQ261030C00733000,213.0,53.0,2026-10-05
QQQ261030P00733000,367.0,53.0,2026-10-05
QQQ261030C00734000,308.0,41.0,2026-10-05
QQQ261030P00734000,310.0,14.0,2026-10-05
QQQ261030C00735000,1284.0,102.0,2026-10-05
QQQ261030P00735000,6328.0,1085.0,2026-10-05
QQQ261030C00736000,291.0,60.0,2026-10-05
QQQ261030P00736000,717.0,27.0,2026-10-05
QQQ261030C00737000,430.0,60.0,2026-10-05
QQQ261030P00737000,557.0,172.0,2026-10-05
QQQ261030C00738000,288.0,90.0,2026-10-05
QQQ261030P00738000,398.0,138.0,2026-10-05
QQQ261030C00739000,515.0,91.0,2026-10-05
QQQ261030P00739000,309.0,74.0,2026-10-05
QQQ261030C00740000,4592.0,341.0,2026-10-05
QQQ261030P00740000,6010.0,1299.0,2026-10-05
QQQ261030C00741000,589.0,56.0,2026-10-05
QQQ261030P00741000,372.0,154.0,2026-10-05
QQQ261030C00742000,424.0,102.0,2026-10-05
QQQ261030P00742000,515.0,498.0,2026-10-05
QQQ261030C00743000,631.0,55.0,2026-10-05
QQQ261030P00743000,427.0,425.0,2026-10-05
QQQ261030C00744000,1092.0,82.0,2026-10-05
QQQ261030P00744000,501.0,42.0,2026-10-05
QQQ261030C00745000,1201.0,133.0,2026-10-05
QQQ261030P00745000,1040.0,10898.0,2026-10-05
QQQ261030C00746000,566.0,46.0,2026-10-05
QQQ261030P00746000,529.0,55.0,2026-10-05
QQQ261030C00747000,464.0,90.0,2026-10-05
QQQ261030P00747000,218.0,93.0,2026-10-05
QQQ261030C00748000,497.0,62.0,2026-10-05
QQQ261030P00748000,79.0,115.0,2026-10-05
QQQ261030C00749000,469.0,207.0,2026-10-05
QQQ261030P00749000,391.0,128.0,2026-10-05
QQQ261030C00750000,7789.0,1145.0,2026-10-05
QQQ261030P00750000,1417.0,994.0,2026-10-05
QQQ261030C00751000,483.0,85.0,2026-10-05
QQQ261030P00751000,432.0,286.0,2026-10-05
QQQ261030C00752000,206.0,110.0,2026-10-05
QQQ261030P00752000,160.0,301.0,2026-10-05
QQQ261030C00753000,474.0,329.0,2026-10-05
QQQ261030P00753000,254.0,372.0,2026-10-05
QQQ261030C00754000,184.0,205.0,2026-10-05
QQQ261030P00754000,69.0,151.0,2026-10-05
QQQ261030C00755000,4462.0,821.0,2026-10-05
QQQ261030P00755000,289.0,403.0,2026-10-05
QQQ261030C00756000,4874.0,484.0,2026-10-05
QQQ261030P00756000,308.0,284.0,2026-10-05
QQQ261030C00757000,171.0,116.0,2026-10-05
QQQ261030P00757000,45.0,60.0,2026-10-05
QQQ261030C00758000,828.0,59.0,2026-10-05
QQQ261030P00758000,14.0,4.0,2026-10-05
QQQ261030C00759000,827.0,121.0,2026-10-05
QQQ261030P00759000,4.0,9.0,2026-10-05
QQQ261030C00760000,7305.0,1063.0,2026-10-05
QQQ261030P00760000,720.0,125.0,2026-10-05
QQQ261030C00761000,391.0,66.0,2026-10-05
QQQ261030P00761000,24.0,3.0,2026-10-05
QQQ261030C00762000,133.0,114.0,2026-10-05
QQQ261030P00762000,8.0,1.0,2026-10-05
QQQ261030C00763000,133.0,99.0,2026-10-05
QQQ261030P00763000,79.0,24.0,2026-10-05
QQQ261030C00764000,105.0,36.0,2026-10-05
QQQ261030P00764000,5.0,3.0,2026-10-05
QQQ261030C00765000,4499.0,2473.0,2026-10-05
QQQ261030P00765000,101.0,63.0,2026-10-05
QQQ261030C00766000,235.0,50.0,2026-10-05
QQQ261030P00766000,83.0,3.0,2026-10-05
QQQ261030C00767000,999.0,598.0,2026-10-05
QQQ261030P00767000,7.0,0.0,2026-10-05
QQQ261030C00768000,319.0,72.0,2026-10-05
QQQ261030P00768000,3.0,0.0,2026-10-05
QQQ261030C00769000,269.0,55.0,2026-10-05
QQQ261030P00769000,3.0,0.0,2026-10-05
QQQ261030C00770000,7608.0,3480.0,2026-10-05
QQQ261030P00770000,854.0,14.0,2026-10-05
QQQ261030C00771000,355.0,2733.0,2026-10-05
QQQ261030P00771000,4.0,5.0,2026-10-05
QQQ261030C00772000,531.0,125.0,2026-10-05
QQQ261030P00772000,1.0,2.0,2026-10-05
QQQ261030C00773000,696.0,38.0,2026-10-05
QQQ261030P00773000,79.0,0.0,2026-10-05
QQQ261030C00774000,611.0,258.0,2026-10-05
QQQ261030P00774000,3.0,0.0,2026-10-05
QQQ261030C00775000,6209.0,676.0,2026-10-05
QQQ261030P00775000,208.0,2.0,2026-10-05
QQQ261030C00780000,7239.0,1626.0,2026-10-05
QQQ261030P00780000,32.0,1.0,2026-10-05
QQQ261030C00785000,6777.0,1230.0,2026-10-05
QQQ261030P00785000,76.0,4.0,2026-10-05
QQQ261030C00790000,14282.0,862.0,2026-10-05
QQQ261030P00790000,71.0,3.0,2026-10-05
QQQ261030C00795000,1643.0,562.0,2026-10-05
QQQ261030P00795000,54.0,4.0,2026-10-05
QQQ261030C00800000,3705.0,6197.0,2026-10-05
QQQ261030P00800000,8.0,39.0,2026-10-05
QQQ261030C00805000,986.0,288.0,2026-10-05
QQQ261030P00805000,0.0,0.0,2026-10-05
QQQ261030C00810000,4835.0,661.0,2026-10-05
QQQ261030P00810000,0.0,0.0,2026-10-05
QQQ261030C00815000,483.0,89.0,2026-10-05
QQQ261030P00815000,0.0,0.0,2026-10-05
QQQ261030C00820000,1418.0,378.0,2026-10-05
QQQ261030P00820000,0.0,0.0,2026-10-05
QQQ261030C00825000,820.0,6.0,2026-10-05
QQQ261030P00825000,0.0,0.0,2026-10-05
QQQ261030C00830000,835.0,64.0,2026-10-05
QQQ261030P00830000,0.0,0.0,2026-10-05
QQQ261030C00835000,348.0,43.0,2026-10-05
QQQ261030P00835000,0.0,0.0,2026-10-05
QQQ261030C00840000,507.0,8.0,2026-10-05
QQQ261030P00840000,2.0,2.0,2026-10-05
QQQ261030C00845000,318.0,17.0,2026-10-05
QQQ261030P00845000,0.0,0.0,2026-10-05
QQQ261030C00850000,591.0,40.0,2026-10-05
QQQ261030P00850000,0.0,0.0,2026-10-05
QQQ261030C00855000,337.0,7.0,2026-10-05
QQQ261030P00855000,0.0,0.0,2026-10-05
QQQ261030C00860000,144.0,37.0,2026-10-05
QQQ261030P00860000,0.0,0.0,2026-10-05
QQQ261030C00865000,142.0,16.0,2026-10-05
QQQ261030P00865000,0.0,0.0,2026-10-05
QQQ261030C00870000,231.0,20.0,2026-10-05
QQQ261030P00870000,4.0,1.0,2026-10-05
QQQ261030C00875000,241.0,576.0,2026-10-05
QQQ261030P00875000,0.0,1.0,2026-10-05
QQQ261030C00880000,63.0,120.0,2026-10-05
QQQ261030P00880000,0.0,0.0,2026-10-05
QQQ261030C00885000,134.0,300.0,2026-10-05
QQQ261030P00885000,0.0,0.0,2026-10-05
QQQ261030C00890000,113.0,14.0,2026-10-05
QQQ261030P00890000,0.0,0.0,2026-10-05
QQQ261030C00895000,50.0,0.0,2026-10-05
QQQ261030P00895000,0.0,0.0,2026-10-05
QQQ261030C00900000,144.0,0.0,2026-10-05
QQQ261030P00900000,0.0,0.0,2026-10-05
QQQ261106C00475000,0.0,0.0,2026-10-05
QQQ261106P00475000,465.0,47.0,2026-10-05
QQQ261106C00480000,0.0,0.0,2026-10-05
QQQ261106P00480000,19.0,12.0,2026-10-05
QQQ261106C00485000,0.0,0.0,2026-10-05
QQQ261106P00485000,29.0,0.0,2026-10-05
QQQ261106C00490000,0.0,0.0,2026-10-05
QQQ261106P00490000,19.0,0.0,2026-10-05
QQQ261106C00495000,0.0,0.0,2026-10-05
QQQ261106P00495000,39.0,20.0,2026-10-05
QQQ261106C00500000,1.0,0.0,2026-10-05
QQQ261106P00500000,25.0,0.0,2026-10-05
QQQ261106C00505000,0.0,0.0,2026-10-05
QQQ261106P00505000,23.0,34.0,2026-10-05
QQQ261106C00510000,0.0,0.0,2026-10-05
QQQ261106P00510000,20.0,4.0,2026-10-05
QQQ261106C00515000,0.0,0.0,2026-10-05
QQQ261106P00515000,23.0,0.0,2026-10-05
QQQ261106C00520000,0.0,0.0,2026-10-05
QQQ261106P00520000,111.0,154.0,2026-10-05
QQQ261106C00525000,0.0,0.0,2026-10-05
QQQ261106P00525000,16.0,0.0,2026-10-05
QQQ261106C00530000,0.0,0.0,2026-10-05
QQQ261106P00530000,11.0,0.0,2026-10-05
QQQ261106C00535000,0.0,0.0,2026-10-05
QQQ261106P00535000,13.0,0.0,2026-10-05
QQQ261106C00540000,0.0,0.0,2026-10-05
QQQ261106P00540000,9.0,62.0,2026-10-05
QQQ261106C00545000,2.0,2.0,2026-10-05
QQQ261106P00545000,19.0,6.0,2026-10-05
QQQ261106C00550000,0.0,0.0,2026-10-05
QQQ261106P00550000,85.0,0.0,2026-10-05
QQQ261106C00555000,0.0,0.0,2026-10-05
QQQ261106P00555000,80.0,0.0,2026-10-05
QQQ261106C00560000,0.0,0.0,2026-10-05
QQQ261106P00560000,11.0,0.0,2026-10-05
QQQ261106C00565000,0.0,0.0,2026-10-05
QQQ261106P00565000,26.0,1.0,2026-10-05
QQQ261106C00570000,0.0,0.0,2026-10-05
QQQ261106P00570000,17.0,7.0,2026-10-05
QQQ261106C00575000,0.0,0.0,2026-10-05
QQQ261106P00575000,39.0,203.0,2026-10-05
QQQ261106C00580000,5.0,5.0,2026-10-05
QQQ261106P00580000,123.0,236.0,2026-10-05
QQQ261106C00585000,0.0,0.0,2026-10-05
QQQ261106P00585000,272.0,4.0,2026-10-05
QQQ261106C00590000,0.0,0.0,2026-10-05
QQQ261106P00590000,118.0,22.0,2026-10-05
QQQ261106C00595000,0.0,0.0,2026-10-05
QQQ261106P00595000,65.0,2.0,2026-10-05
QQQ261106C00600000,3.0,1.0,2026-10-05
QQQ261106P00600000,156.0,29.0,2026-10-05
QQQ261106C00605000,1.0,0.0,2026-10-05
QQQ261106P00605000,38.0,32.0,2026-10-05
QQQ261106C00610000,0.0,0.0,2026-10-05
QQQ261106P00610000,123.0,49.0,2026-10-05
QQQ261106C00615000,0.0,1.0,2026-10-05
QQQ261106P00615000,31.0,10.0,2026-10-05
QQQ261106C00620000,0.0,1.0,2026-10-05
QQQ261106P00620000,93.0,24.0,2026-10-05
QQQ261106C00625000,0.0,1.0,2026-10-05
QQQ261106P00625000,94.0,4.0,2026-10-05
QQQ261106C00630000,0.0,0.0,2026-10-05
QQQ261106P00630000,180.0,47.0,2026-10-05
QQQ261106C00635000,0.0,0.0,2026-10-05
QQQ261106P00635000,83.0,21.0,2026-10-05
QQQ261106C00640000,38.0,0.0,2026-10-05
QQQ261106P00640000,153.0,53.0,2026-10-05
QQQ261106C00645000,1.0,0.0,2026-10-05
QQQ261106P00645000,439.0,257.0,2026-10-05
QQQ261106C00650000,1.0,0.0,2026-10-05
QQQ261106P00650000,344.0,33.0,2026-10-05
QQQ261106C00655000,1.0,0.0,2026-10-05
QQQ261106P00655000,380.0,24.0,2026-10-05
QQQ261106C00660000,2.0,0.0,2026-10-05
QQQ261106P00660000,515.0,63.0,2026-10-05
QQQ261106C00665000,0.0,0.0,2026-10-05
QQQ261106P00665000,348.0,33.0,2026-10-05
QQQ261106C00670000,6.0,2.0,2026-10-05
QQQ261106P00670000,1353.0,236.0,2026-10-05
QQQ261106C00675000,1.0,0.0,2026-10-05
QQQ261106P00675000,7994.0,63.0,2026-10-05
QQQ261106C00680000,13.0,0.0,2026-10-05
QQQ261106P00680000,628.0,2757.0,2026-10-05
QQQ261106C00685000,0.0,3.0,2026-10-05
QQQ261106P00685000,1409.0,306.0,2026-10-05
QQQ261106C00686000,0.0,2.0,2026-10-05
QQQ261106P00686000,51.0,5.0,2026-10-05
QQQ261106C00687000,0.0,0.0,2026-10-05
QQQ261106P00687000,42.0,32.0,2026-10-05
QQQ261106C00688000,0.0,0.0,2026-10-05
QQQ261106P00688000,160.0,17.0,2026-10-05
QQQ261106C00689000,0.0,0.0,2026-10-05
QQQ261106P00689000,44.0,43.0,2026-10-05
QQQ261106C00690000,3.0,8.0,2026-10-05
QQQ261106P00690000,2615.0,241.0,2026-10-05
QQQ261106C00691000,1.0,0.0,2026-10-05
QQQ261106P00691000,212.0,43.0,2026-10-05
QQQ261106C00692000,1.0,0.0,2026-10-05
QQQ261106P00692000,105.0,17.0,2026-10-05
QQQ261106C00693000,0.0,0.0,2026-10-05
QQQ261106P00693000,85.0,15.0,2026-10-05
QQQ261106C00694000,0.0,0.0,2026-10-05
QQQ261106P00694000,35.0,18.0,2026-10-05
QQQ261106C00695000,0.0,0.0,2026-10-05
QQQ261106P00695000,697.0,81.0,2026-10-05
QQQ261106C00696000,1.0,0.0,2026-10-05
QQQ261106P00696000,85.0,6.0,2026-10-05
QQQ261106C00697000,0.0,0.0,2026-10-05
QQQ261106P00697000,219.0,73.0,2026-10-05
QQQ261106C00698000,1.0,0.0,2026-10-05
QQQ261106P00698000,288.0,73.0,2026-10-05
QQQ261106C00699000,3.0,0.0,2026-10-05
QQQ261106P00699000,176.0,229.0,2026-10-05
QQQ261106C00700000,6.0,3.0,2026-10-05
QQQ261106P00700000,556.0,202.0,2026-10-05
QQQ261106C00701000,1.0,0.0,2026-10-05
QQQ261106P00701000,278.0,22.0,2026-10-05
QQQ261106C00702000,1.0,0.0,2026-10-05
QQQ261106P00702000,116.0,9.0,2026-10-05
QQQ261106C00703000,0.0,0.0,2026-10-05
QQQ261106P00703000,47.0,267.0,2026-10-05
QQQ261106C00704000,0.0,0.0,2026-10-05
QQQ261106P00704000,71.0,130.0,2026-10-05
QQQ261106C00705000,7.0,0.0,2026-10-05
QQQ261106P00705000,562.0,189.0,2026-10-05
QQQ261106C00706000,1.0,2.0,2026-10-05
QQQ261106P00706000,20.0,64.0,2026-10-05
QQQ261106C00707000,6.0,0.0,2026-10-05
QQQ261106P00707000,43.0,29.0,2026-10-05
QQQ261106C00708000,0.0,4.0,2026-10-05
QQQ261106P00708000,119.0,2.0,2026-10-05
QQQ261106C00709000,1.0,0.0,2026-10-05
QQQ261106P00709000,73.0,68.0,2026-10-05
QQQ261106C00710000,38.0,6.0,2026-10-05
QQQ261106P00710000,464.0,323.0,2026-10-05
QQQ261106C00711000,2.0,0.0,2026-10-05
QQQ261106P00711000,19.0,25.0,2026-10-05
QQQ261106C00712000,1.0,0.0,2026-10-05
QQQ261106P00712000,43.0,11.0,2026-10-05
QQQ261106C00713000,0.0,0.0,2026-10-05
QQQ261106P00713000,14065.0,214.0,2026-10-05
QQQ261106C00714000,1.0,0.0,2026-10-05
QQQ261106P00714000,560.0,9.0,2026-10-05
QQQ261106C00715000,14.0,0.0,2026-10-05
QQQ261106P00715000,314.0,462.0,2026-10-05
QQQ261106C00716000,0.0,4.0,2026-10-05
QQQ261106P00716000,12.0,49.0,2026-10-05
QQQ261106C00717000,1.0,0.0,2026-10-05
QQQ261106P00717000,88.0,78.0,2026-10-05
QQQ261106C00718000,3.0,0.0,2026-10-05
QQQ261106P00718000,55.0,62.0,2026-10-05
QQQ261106C00719000,1.0,0.0,2026-10-05
QQQ261106P00719000,35.0,8.0,2026-10-05
QQQ261106C00720000,36.0,1.0,2026-10-05
QQQ261106P00720000,4090.0,155.0,2026-10-05
QQQ261106C00721000,0.0,0.0,2026-10-05
QQQ261106P00721000,71.0,19.0,2026-10-05
QQQ261106C00722000,3.0,0.0,2026-10-05
QQQ261106P00722000,114.0,8.0,2026-10-05
QQQ261106C00723000,1.0,0.0,2026-10-05
QQQ261106P00723000,56.0,21.0,2026-10-05
QQQ261106C00724000,4.0,0.0,2026-10-05
QQQ261106P00724000,105.0,14.0,2026-10-05
QQQ261106C00725000,43.0,2.0,2026-10-05
QQQ261106P00725000,288.0,93.0,2026-10-05
QQQ261106C00726000,0.0,4.0,2026-10-05
QQQ261106P00726000,26.0,99.0,2026-10-05
QQQ261106C00727000,30.0,4.0,2026-10-05
QQQ261106P00727000,133.0,163.0,2026-10-05
QQQ261106C00728000,5.0,0.0,2026-10-05
QQQ261106P00728000,1978.0,39.0,2026-10-05
QQQ261106C00729000,12.0,1.0,2026-10-05
QQQ261106P00729000,165.0,7.0,2026-10-05
QQQ261106C00730000,92.0,9.0,2026-10-05
QQQ261106P00730000,923.0,102.0,2026-10-05
QQQ261106C00731000,12.0,1.0,2026-10-05
QQQ261106P00731000,43.0,4.0,2026-10-05
QQQ261106C00732000,24.0,13.0,2026-10-05
QQQ261106P00732000,71.0,28.0,2026-10-05
QQQ261106C00733000,36.0,9.0,2026-10-05
QQQ261106P00733000,74.0,40.0,2026-10-05
QQQ261106C00734000,15.0,0.0,2026-10-05
QQQ261106P00734000,47.0,2.0,2026-10-05
QQQ261106C00735000,121.0,13.0,2026-10-05
QQQ261106P00735000,188.0,74.0,2026-10-05
QQQ261106C00736000,41.0,22.0,2026-10-05
QQQ261106P00736000,72.0,15.0,2026-10-05
QQQ261106C00737000,37.0,9.0,2026-10-05
QQQ261106P00737000,373.0,114.0,2026-10-05
QQQ261106C00738000,197.0,7.0,2026-10-05
QQQ261106P00738000,204.0,15.0,2026-10-05
QQQ261106C00739000,133.0,4.0,2026-10-05
QQQ261106P00739000,231.0,52.0,2026-10-05
QQQ261106C00740000,227.0,188.0,2026-10-05
QQQ261106P00740000,248.0,2698.0,2026-10-05
QQQ261106C00741000,87.0,3.0,2026-10-05
QQQ261106P00741000,586.0,2.0,2026-10-05
QQQ261106C00742000,58.0,20.0,2026-10-05
QQQ261106P00742000,347.0,23.0,2026-10-05
QQQ261106C00743000,50.0,24.0,2026-10-05
QQQ261106P00743000,333.0,6.0,2026-10-05
QQQ261106C00744000,105.0,3.0,2026-10-05
QQQ261106P00744000,249.0,32.0,2026-10-05
QQQ261106C00745000,272.0,42.0,2026-10-05
QQQ261106P00745000,158.0,67.0,2026-10-05
QQQ261106C00746000,208.0,16.0,2026-10-05
QQQ261106P00746000,99.0,89.0,2026-10-05
QQQ261106C00747000,17.0,3.0,2026-10-05
QQQ261106P00747000,13.0,11.0,2026-10-05
QQQ261106C00748000,80.0,16.0,2026-10-05
QQQ261106P00748000,117.0,56.0,2026-10-05
QQQ261106C00749000,110.0,11.0,2026-10-05
QQQ261106P00749000,351.0,361.0,2026-10-05
QQQ261106C00750000,457.0,92.0,2026-10-05
QQQ261106P00750000,295.0,549.0,2026-10-05
QQQ261106C00751000,115.0,34.0,2026-10-05
QQQ261106P00751000,75.0,109.0,2026-10-05
QQQ261106C00752000,105.0,196.0,2026-10-05
QQQ261106P00752000,66.0,390.0,2026-10-05
QQQ261106C00753000,93.0,53.0,2026-10-05
QQQ261106P00753000,50.0,255.0,2026-10-05
QQQ261106C00754000,106.0,95.0,2026-10-05
QQQ261106P00754000,31.0,255.0,2026-10-05
QQQ261106C00755000,348.0,554.0,2026-10-05
QQQ261106P00755000,74.0,367.0,2026-10-05
QQQ261106C00756000,83.0,41.0,2026-10-05
QQQ261106P00756000,12.0,123.0,2026-10-05
QQQ261106C00757000,100.0,56.0,2026-10-05
QQQ261106P00757000,0.0,29.0,2026-10-05
QQQ261106C00758000,14.0,18.0,2026-10-05
QQQ261106P00758000,2.0,3.0,2026-10-05
QQQ261106C00759000,158.0,21.0,2026-10-05
QQQ261106P00759000,0.0,0.0,2026-10-05
QQQ261106C00760000,1732.0,591.0,2026-10-05
QQQ261106P00760000,30.0,36.0,2026-10-05
QQQ261106C00761000,25.0,20.0,2026-10-05
QQQ261106P00761000,1.0,25.0,2026-10-05
QQQ261106C00762000,32.0,23.0,2026-10-05
QQQ261106P00762000,0.0,16.0,2026-10-05
QQQ261106C00763000,48.0,27.0,2026-10-05
QQQ261106P00763000,1.0,2.0,2026-10-05
QQQ261106C00764000,73.0,18.0,2026-10-05
QQQ261106P00764000,1.0,1.0,2026-10-05
QQQ261106C00765000,267.0,223.0,2026-10-05
QQQ261106P00765000,46.0,1.0,2026-10-05
QQQ261106C00766000,83.0,10.0,2026-10-05
QQQ261106P00766000,7.0,7.0,2026-10-05
QQQ261106C00767000,36.0,30.0,2026-10-05
QQQ261106P00767000,1.0,0.0,2026-10-05
QQQ261106C00768000,27.0,24.0,2026-10-05
QQQ261106P00768000,4.0,7.0,2026-10-05
QQQ261106C00769000,59.0,10.0,2026-10-05
QQQ261106P00769000,0.0,0.0,2026-10-05
QQQ261106C00770000,1460.0,2170.0,2026-10-05
QQQ261106P00770000,8.0,3.0,2026-10-05
QQQ261106C00771000,118.0,140.0,2026-10-05
QQQ261106P00771000,0.0,0.0,2026-10-05
QQQ261106C00772000,49.0,143.0,2026-10-05
QQQ261106P00772000,0.0,0.0,2026-10-05
QQQ261106C00773000,190.0,6.0,2026-10-05
QQQ261106P00773000,0.0,0.0,2026-10-05
QQQ261106C00774000,141.0,30.0,2026-10-05
QQQ261106P00774000,0.0,0.0,2026-10-05
QQQ261106C00775000,1394.0,319.0,2026-10-05
QQQ261106P00775000,1051.0,3.0,2026-10-05
QQQ261106C00780000,503.0,279.0,2026-10-05
QQQ261106P00780000,17.0,5.0,2026-10-05
QQQ261106C00785000,481.0,239.0,2026-10-05
QQQ261106P00785000,5.0,0.0,2026-10-05
QQQ261106C00790000,5916.0,235.0,2026-10-05
QQQ261106P00790000,2.0,1.0,2026-10-05
QQQ261106C00795000,658.0,182.0,2026-10-05
QQQ261106P00795000,0.0,4.0,2026-10-05
QQQ261106C00800000,869.0,371.0,2026-10-05
QQQ261106P00800000,4.0,0.0,2026-10-05
QQQ261106C00805000,928.0,176.0,2026-10-05
QQQ261106P00805000,0.0,0.0,2026-10-05
QQQ261106C00810000,1108.0,210.0,2026-10-05
QQQ261106P00810000,0.0,1.0,2026-10-05
QQQ261106C00815000,228.0,667.0,2026-10-05
QQQ261106P00815000,0.0,0.0,2026-10-05
QQQ261106C00820000,427.0,61.0,2026-10-05
QQQ261106P00820000,0.0,0.0,2026-10-05
QQQ261106C00825000,244.0,354.0,2026-10-05
QQQ261106P00825000,0.0,0.0,2026-10-05
QQQ261106C00830000,75.0,34.0,2026-10-05
QQQ261106P00830000,0.0,0.0,2026-10-05
QQQ261106C00835000,33.0,21.0,2026-10-05
QQQ261106P00835000,0.0,0.0,2026-10-05
QQQ261106C00840000,25.0,21.0,2026-10-05
QQQ261106P00840000,0.0,0.0,2026-10-05
QQQ261106C00845000,70.0,14.0,2026-10-05
QQQ261106P00845000,0.0,0.0,2026-10-05
QQQ261106C00850000,22.0,1.0,2026-10-05
QQQ261106P00850000,0.0,0.0,2026-10-05
QQQ261106C00855000,35.0,24.0,2026-10-05
QQQ261106P00855000,0.0,0.0,2026-10-05
QQQ261106C00860000,10.0,9.0,2026-10-05
QQQ261106P00860000,0.0,0.0,2026-10-05
QQQ261106C00865000,25.0,2.0,2026-10-05
QQQ261106P00865000,0.0,0.0,2026-10-05
QQQ261106C00870000,14.0,210.0,2026-10-05
QQQ261106P00870000,0.0,5.0,2026-10-05
QQQ261106C00875000,7.0,56.0,2026-10-05
QQQ261106P00875000,0.0,0.0,2026-10-05
QQQ261106C00880000,4.0,46.0,2026-10-05
QQQ261106P00880000,0.0,0.0,2026-10-05
QQQ261106C00885000,11.0,156.0,2026-10-05
QQQ261106P00885000,0.0,0.0,2026-10-05
QQQ261106C00890000,10.0,32.0,2026-10-05
QQQ261106P00890000,0.0,0.0,2026-10-05
QQQ261106C00895000,0.0,0.0,2026-10-05
QQQ261106P00895000,0.0,0.0,2026-10-05
QQQ261106C00900000,8.0,0.0,2026-10-05
QQQ261106P00900000,0.0,0.0,2026-10-05
QQQ261113C00480000,0.0,0.0,2026-10-05
QQQ261113P00480000,21.0,406.0,2026-10-05
QQQ261113C00485000,0.0,0.0,2026-10-05
QQQ261113P00485000,14.0,115.0,2026-10-05
QQQ261113C00490000,0.0,0.0,2026-10-05
QQQ261113P00490000,33.0,120.0,2026-10-05
QQQ261113C00495000,0.0,0.0,2026-10-05
QQQ261113P00495000,49.0,328.0,2026-10-05
QQQ261113C00500000,0.0,0.0,2026-10-05
QQQ261113P00500000,1.0,544.0,2026-10-05
QQQ261113C00505000,0.0,0.0,2026-10-05
QQQ261113P00505000,3.0,96.0,2026-10-05
QQQ261113C00510000,0.0,0.0,2026-10-05
QQQ261113P00510000,1.0,136.0,2026-10-05
QQQ261113C00515000,0.0,0.0,2026-10-05
QQQ261113P00515000,4.0,4.0,2026-10-05
QQQ261113C00520000,0.0,0.0,2026-10-05
QQQ261113P00520000,7.0,100.0,2026-10-05
QQQ261113C00525000,0.0,0.0,2026-10-05
QQQ261113P00525000,14.0,66.0,2026-10-05
QQQ261113C00530000,0.0,0.0,2026-10-05
QQQ261113P00530000,32.0,0.0,2026-10-05
QQQ261113C00535000,0.0,0.0,2026-10-05
QQQ261113P00535000,3.0,0.0,2026-10-05
QQQ261113C00540000,0.0,0.0,2026-10-05
QQQ261113P00540000,1.0,0.0,2026-10-05
QQQ261113C00545000,0.0,0.0,2026-10-05
QQQ261113P00545000,14.0,16.0,2026-10-05
QQQ261113C00550000,0.0,0.0,2026-10-05
QQQ261113P00550000,7.0,97.0,2026-10-05
QQQ261113C00555000,0.0,0.0,2026-10-05
QQQ261113P00555000,40.0,6.0,2026-10-05
QQQ261113C00560000,0.0,0.0,2026-10-05
QQQ261113P00560000,21.0,3.0,2026-10-05
QQQ261113C00565000,0.0,0.0,2026-10-05
QQQ261113P00565000,3.0,14.0,2026-10-05
QQQ261113C00570000,0.0,0.0,2026-10-05
QQQ261113P00570000,28.0,3.0,2026-10-05
QQQ261113C00575000,0.0,0.0,2026-10-05
QQQ261113P00575000,12.0,8.0,2026-10-05
QQQ261113C00580000,0.0,1.0,2026-10-05
QQQ261113P00580000,12.0,51.0,2026-10-05
QQQ261113C00585000,0.0,0.0,2026-10-05
QQQ261113P00585000,22.0,24.0,2026-10-05
QQQ261113C00590000,0.0,0.0,2026-10-05
QQQ261113P00590000,9.0,2.0,2026-10-05
QQQ261113C00595000,0.0,0.0,2026-10-05
QQQ261113P00595000,3.0,0.0,2026-10-05
QQQ261113C00600000,0.0,0.0,2026-10-05
QQQ261113P00600000,41.0,43.0,2026-10-05
QQQ261113C00605000,0.0,0.0,2026-10-05
QQQ261113P00605000,4.0,3.0,2026-10-05
QQQ261113C00610000,0.0,0.0,2026-10-05
QQQ261113P00610000,25.0,70.0,2026-10-05
QQQ261113C00615000,0.0,0.0,2026-10-05
QQQ261113P00615000,11.0,15.0,2026-10-05
QQQ261113C00620000,0.0,0.0,2026-10-05
QQQ261113P00620000,47.0,13.0,2026-10-05
QQQ261113C00625000,0.0,0.0,2026-10-05
QQQ261113P00625000,58.0,8.0,2026-10-05
QQQ261113C00630000,1.0,1.0,2026-10-05
QQQ261113P00630000,76.0,38.0,2026-10-05
QQQ261113C00635000,0.0,0.0,2026-10-05
QQQ261113P00635000,3.0,6.0,2026-10-05
QQQ261113C00640000,0.0,0.0,2026-10-05
QQQ261113P00640000,15.0,5.0,2026-10-05
QQQ261113C00645000,7.0,0.0,2026-10-05
QQQ261113P00645000,0.0,36.0,2026-10-05
QQQ261113C00650000,0.0,3.0,2026-10-05
QQQ261113P00650000,34.0,56.0,2026-10-05
QQQ261113C00655000,0.0,0.0,2026-10-05
QQQ261113P00655000,5.0,45.0,2026-10-05
QQQ261113C00660000,0.0,0.0,2026-10-05
QQQ261113P00660000,590.0,57.0,2026-10-05
QQQ261113C00665000,13.0,0.0,2026-10-05
QQQ261113P00665000,48.0,9.0,2026-10-05
QQQ261113C00670000,1.0,0.0,2026-10-05
QQQ261113P00670000,30.0,42.0,2026-10-05
QQQ261113C00675000,0.0,0.0,2026-10-05
QQQ261113P00675000,211.0,158.0,2026-10-05
QQQ261113C00680000,1.0,0.0,2026-10-05
QQQ261113P00680000,174.0,330.0,2026-10-05
QQQ261113C00685000,0.0,0.0,2026-10-05
QQQ261113P00685000,83.0,82.0,2026-10-05
QQQ261113C00690000,0.0,0.0,2026-10-05
QQQ261113P00690000,56.0,263.0,2026-10-05
QQQ261113C00691000,0.0,0.0,2026-10-05
QQQ261113P00691000,26.0,29.0,2026-10-05
QQQ261113C00692000,0.0,0.0,2026-10-05
QQQ261113P00692000,24.0,6.0,2026-10-05
QQQ261113C00693000,0.0,0.0,2026-10-05
QQQ261113P00693000,15.0,31.0,2026-10-05
QQQ261113C00694000,0.0,0.0,2026-10-05
QQQ261113P00694000,6.0,1.0,2026-10-05
QQQ261113C00695000,1.0,1.0,2026-10-05
QQQ261113P00695000,153.0,217.0,2026-10-05
QQQ261113C00696000,0.0,0.0,2026-10-05
QQQ261113P00696000,9.0,12.0,2026-10-05
QQQ261113C00697000,0.0,0.0,2026-10-05
QQQ261113P00697000,12.0,23.0,2026-10-05
QQQ261113C00698000,0.0,0.0,2026-10-05
QQQ261113P00698000,19.0,34.0,2026-10-05
QQQ261113C00699000,0.0,0.0,2026-10-05
QQQ261113P00699000,28.0,31.0,2026-10-05
QQQ261113C00700000,0.0,1.0,2026-10-05
QQQ261113P00700000,149.0,288.0,2026-10-05
QQQ261113C00701000,0.0,0.0,2026-10-05
QQQ261113P00701000,10.0,52.0,2026-10-05
QQQ261113C00702000,0.0,0.0,2026-10-05
QQQ261113P00702000,0.0,25.0,2026-10-05
QQQ261113C00703000,0.0,0.0,2026-10-05
QQQ261113P00703000,2.0,31.0,2026-10-05
QQQ261113C00704000,0.0,0.0,2026-10-05
QQQ261113P00704000,3.0,48.0,2026-10-05
QQQ261113C00705000,8.0,0.0,2026-10-05
QQQ261113P00705000,116.0,349.0,2026-10-05
QQQ261113C00706000,0.0,1.0,2026-10-05
QQQ261113P00706000,13.0,27.0,2026-10-05
QQQ261113C00707000,0.0,0.0,2026-10-05
QQQ261113P00707000,3.0,14.0,2026-10-05
QQQ261113C00708000,0.0,0.0,2026-10-05
QQQ261113P00708000,2.0,29.0,2026-10-05
QQQ261113C00709000,1.0,0.0,2026-10-05
QQQ261113P00709000,15.0,12.0,2026-10-05
QQQ261113C00710000,0.0,0.0,2026-10-05
QQQ261113P00710000,111.0,85.0,2026-10-05
QQQ261113C00711000,9.0,0.0,2026-10-05
QQQ261113P00711000,6.0,22.0,2026-10-05
QQQ261113C00712000,0.0,0.0,2026-10-05
QQQ261113P00712000,1.0,15.0,2026-10-05
QQQ261113C00713000,0.0,0.0,2026-10-05
QQQ261113P00713000,2.0,9.0,2026-10-05
QQQ261113C00714000,0.0,0.0,2026-10-05
QQQ261113P00714000,11.0,22.0,2026-10-05
QQQ261113C00715000,0.0,0.0,2026-10-05
QQQ261113P00715000,46.0,45.0,2026-10-05
QQQ261113C00716000,0.0,0.0,2026-10-05
QQQ261113P00716000,3.0,6.0,2026-10-05
QQQ261113C00717000,0.0,0.0,2026-10-05
QQQ261113P00717000,39.0,14.0,2026-10-05
QQQ261113C00718000,0.0,0.0,2026-10-05
QQQ261113P00718000,12.0,8.0,2026-10-05
QQQ261113C00719000,0.0,0.0,2026-10-05
QQQ261113P00719000,43.0,5.0,2026-10-05
QQQ261113C00720000,6.0,2.0,2026-10-05
QQQ261113P00720000,63.0,49.0,2026-10-05
QQQ261113C00721000,0.0,0.0,2026-10-05
QQQ261113P00721000,22.0,4.0,2026-10-05
QQQ261113C00722000,0.0,0.0,2026-10-05
QQQ261113P00722000,9.0,13.0,2026-10-05
QQQ261113C00723000,0.0,0.0,2026-10-05
QQQ261113P00723000,8.0,12.0,2026-10-05
QQQ261113C00724000,1.0,0.0,2026-10-05
QQQ261113P00724000,7.0,12.0,2026-10-05
QQQ261113C00725000,14.0,2.0,2026-10-05
QQQ261113P00725000,157.0,35.0,2026-10-05
QQQ261113C00726000,0.0,0.0,2026-10-05
QQQ261113P00726000,19.0,5.0,2026-10-05
QQQ261113C00727000,0.0,0.0,2026-10-05
QQQ261113P00727000,20.0,511.0,2026-10-05
QQQ261113C00728000,1.0,1.0,2026-10-05
QQQ261113P00728000,31.0,13.0,2026-10-05
QQQ261113C00729000,0.0,0.0,2026-10-05
QQQ261113P00729000,7.0,11.0,2026-10-05
QQQ261113C00730000,23.0,1.0,2026-10-05
QQQ261113P00730000,126.0,66.0,2026-10-05
QQQ261113C00731000,11.0,2.0,2026-10-05
QQQ261113P00731000,98.0,7.0,2026-10-05
QQQ261113C00732000,0.0,0.0,2026-10-05
QQQ261113P00732000,117.0,10.0,2026-10-05
QQQ261113C00733000,0.0,0.0,2026-10-05
QQQ261113P00733000,47.0,9.0,2026-10-05
QQQ261113C00734000,21.0,0.0,2026-10-05
QQQ261113P00734000,7.0,3.0,2026-10-05
QQQ261113C00735000,27.0,9.0,2026-10-05
QQQ261113P00735000,98.0,37.0,2026-10-05
QQQ261113C00736000,2.0,0.0,2026-10-05
QQQ261113P00736000,4.0,3.0,2026-10-05
QQQ261113C00737000,3.0,0.0,2026-10-05
QQQ261113P00737000,11.0,3.0,2026-10-05
QQQ261113C00738000,11.0,16.0,2026-10-05
QQQ261113P00738000,67.0,2.0,2026-10-05
QQQ261113C00739000,33.0,1.0,2026-10-05
QQQ261113P00739000,7.0,9.0,2026-10-05
QQQ261113C00740000,22.0,18.0,2026-10-05
QQQ261113P00740000,71.0,52.0,2026-10-05
QQQ261113C00741000,9.0,1.0,2026-10-05
QQQ261113P00741000,5.0,14.0,2026-10-05
QQQ261113C00742000,5.0,1.0,2026-10-05
QQQ261113P00742000,39.0,12.0,2026-10-05
QQQ261113C00743000,5.0,18.0,2026-10-05
QQQ261113P00743000,45.0,31.0,2026-10-05
QQQ261113C00744000,11.0,0.0,2026-10-05
QQQ261113P00744000,30.0,4.0,2026-10-05
QQQ261113C00745000,22.0,25.0,2026-10-05
QQQ261113P00745000,35.0,18.0,2026-10-05
QQQ261113C00746000,9.0,15.0,2026-10-05
QQQ261113P00746000,18.0,2.0,2026-10-05
QQQ261113C00747000,8.0,0.0,2026-10-05
QQQ261113P00747000,5.0,8.0,2026-10-05
QQQ261113C00748000,6.0,42.0,2026-10-05
QQQ261113P00748000,2.0,17.0,2026-10-05
QQQ261113C00749000,246.0,2.0,2026-10-05
QQQ261113P00749000,5.0,24.0,2026-10-05
QQQ261113C00750000,296.0,32.0,2026-10-05
QQQ261113P00750000,99.0,87.0,2026-10-05
QQQ261113C00751000,111.0,21.0,2026-10-05
QQQ261113P00751000,28.0,42.0,2026-10-05
QQQ261113C00752000,8.0,126.0,2026-10-05
QQQ261113P00752000,245.0,307.0,2026-10-05
QQQ261113C00753000,32.0,11.0,2026-10-05
QQQ261113P00753000,21.0,49.0,2026-10-05
QQQ261113C00754000,67.0,45.0,2026-10-05
QQQ261113P00754000,2.0,124.0,2026-10-05
QQQ261113C00755000,53.0,43.0,2026-10-05
QQQ261113P00755000,3.0,72.0,2026-10-05
QQQ261113C00756000,26.0,2.0,2026-10-05
QQQ261113P00756000,0.0,145.0,2026-10-05
QQQ261113C00757000,9.0,137.0,2026-10-05
QQQ261113P00757000,2.0,15.0,2026-10-05
QQQ261113C00758000,22.0,14.0,2026-10-05
QQQ261113P00758000,0.0,0.0,2026-10-05
QQQ261113C00759000,3.0,24.0,2026-10-05
QQQ261113P00759000,0.0,0.0,2026-10-05
QQQ261113C00760000,271.0,93.0,2026-10-05
QQQ261113P00760000,10.0,9.0,2026-10-05
QQQ261113C00761000,3.0,4.0,2026-10-05
QQQ261113P00761000,0.0,0.0,2026-10-05
QQQ261113C00762000,0.0,14.0,2026-10-05
QQQ261113P00762000,0.0,10.0,2026-10-05
QQQ261113C00763000,2.0,3.0,2026-10-05
QQQ261113P00763000,0.0,0.0,2026-10-05
QQQ261113C00764000,8.0,8.0,2026-10-05
QQQ261113P00764000,0.0,0.0,2026-10-05
QQQ261113C00765000,122.0,66.0,2026-10-05
QQQ261113P00765000,0.0,0.0,2026-10-05
QQQ261113C00766000,4.0,2.0,2026-10-05
QQQ261113P00766000,0.0,0.0,2026-10-05
QQQ261113C00767000,3.0,18.0,2026-10-05
QQQ261113P00767000,0.0,0.0,2026-10-05
QQQ261113C00768000,2.0,4.0,2026-10-05
QQQ261113P00768000,0.0,0.0,2026-10-05
QQQ261113C00769000,0.0,2.0,2026-10-05
QQQ261113P00769000,0.0,0.0,2026-10-05
QQQ261113C00770000,100.0,322.0,2026-10-05
QQQ261113P00770000,5.0,8.0,2026-10-05
QQQ261113C00771000,5.0,55.0,2026-10-05
QQQ261113P00771000,2.0,0.0,2026-10-05
QQQ261113C00772000,24.0,34.0,2026-10-05
QQQ261113P00772000,0.0,0.0,2026-10-05
QQQ261113C00773000,20.0,40.0,2026-10-05
QQQ261113P00773000,0.0,0.0,2026-10-05
QQQ261113C00774000,22.0,8.0,2026-10-05
QQQ261113P00774000,0.0,0.0,2026-10-05
QQQ261113C00775000,38.0,123.0,2026-10-05
QQQ261113P00775000,0.0,1.0,2026-10-05
QQQ261113C00780000,100.0,208.0,2026-10-05
QQQ261113P00780000,0.0,5.0,2026-10-05
QQQ261113C00785000,129.0,295.0,2026-10-05
QQQ261113P00785000,0.0,0.0,2026-10-05
QQQ261113C00790000,1364.0,191.0,2026-10-05
QQQ261113P00790000,0.0,0.0,2026-10-05
QQQ261113C00795000,275.0,294.0,2026-10-05
QQQ261113P00795000,0.0,0.0,2026-10-05
QQQ261113C00800000,2314.0,2601.0,2026-10-05
QQQ261113P00800000,0.0,3.0,2026-10-05
QQQ261113C00805000,256.0,2200.0,2026-10-05
QQQ261113P00805000,2.0,1.0,2026-10-05
QQQ261113C00810000,849.0,681.0,2026-10-05
QQQ261113P00810000,0.0,0.0,2026-10-05
QQQ261113C00815000,143.0,1430.0,2026-10-05
QQQ261113P00815000,0.0,0.0,2026-10-05
QQQ261113C00820000,227.0,321.0,2026-10-05
QQQ261113P00820000,0.0,0.0,2026-10-05
QQQ261113C00825000,90.0,2456.0,2026-10-05
QQQ261113P00825000,0.0,0.0,2026-10-05
QQQ261113C00830000,52.0,1136.0,2026-10-05
QQQ261113P00830000,0.0,0.0,2026-10-05
QQQ261113C00835000,130.0,131.0,2026-10-05
QQQ261113P00835000,0.0,0.0,2026-10-05
QQQ261113C00840000,82.0,427.0,2026-10-05
QQQ261113P00840000,0.0,0.0,2026-10-05
QQQ261113C00845000,6.0,128.0,2026-10-05
QQQ261113P00845000,0.0,0.0,2026-10-05
QQQ261113C00850000,5.0,34.0,2026-10-05
QQQ261113P00850000,0.0,0.0,2026-10-05
QQQ261113C00855000,31.0,77.0,2026-10-05
QQQ261113P00855000,0.0,0.0,2026-10-05
QQQ261113C00860000,20.0,97.0,2026-10-05
QQQ261113P00860000,0.0,0.0,2026-10-05
QQQ261113C00865000,18.0,100.0,2026-10-05
QQQ261113P00865000,0.0,0.0,2026-10-05
QQQ261113C00870000,93.0,116.0,2026-10-05
QQQ261113P00870000,0.0,0.0,2026-10-05
QQQ261113C00875000,71.0,105.0,2026-10-05
QQQ261113P00875000,0.0,0.0,2026-10-05
QQQ261113C00880000,32.0,336.0,2026-10-05
QQQ261113P00880000,0.0,0.0,2026-10-05
QQQ261113C00885000,24.0,170.0,2026-10-05
QQQ261113P00885000,0.0,0.0,2026-10-05
QQQ261113C00890000,0.0,38.0,2026-10-05
QQQ261113P00890000,0.0,0.0,2026-10-05
QQQ261113C00895000,0.0,0.0,2026-10-05
QQQ261113P00895000,0.0,0.0,2026-10-05
QQQ261113C00900000,6.0,40.0,2026-10-05
QQQ261113P00900000,0.0,0.0,2026-10-05
