contractSymbol,openInterest,volume,snapshot_date
SNDK261002C00670000,1.0,0.0,2026-09-28
SNDK261002P00670000,31.0,3.0,2026-09-28
SNDK261002C00680000,0.0,0.0,2026-09-28
SNDK261002P00680000,21.0,16.0,2026-09-28
SNDK261002C00690000,0.0,0.0,2026-09-28
SNDK261002P00690000,4.0,0.0,2026-09-28
SNDK261002C00700000,0.0,0.0,2026-09-28
SNDK261002P00700000,43.0,0.0,2026-09-28
SNDK261002C00710000,0.0,0.0,2026-09-28
SNDK261002P00710000,7.0,0.0,2026-09-28
SNDK261002C00720000,0.0,0.0,2026-09-28
SNDK261002P00720000,51.0,0.0,2026-09-28
SNDK261002C00730000,0.0,0.0,2026-09-28
SNDK261002P00730000,30.0,1.0,2026-09-28
SNDK261002C00740000,0.0,0.0,2026-09-28
SNDK261002P00740000,70.0,0.0,2026-09-28
SNDK261002C00750000,1.0,0.0,2026-09-28
SNDK261002P00750000,22.0,0.0,2026-09-28
SNDK261002C00760000,0.0,0.0,2026-09-28
SNDK261002P00760000,80.0,0.0,2026-09-28
SNDK261002C00770000,0.0,0.0,2026-09-28
SNDK261002P00770000,138.0,0.0,2026-09-28
SNDK261002C00780000,0.0,0.0,2026-09-28
SNDK261002P00780000,51.0,0.0,2026-09-28
SNDK261002C00790000,0.0,0.0,2026-09-28
SNDK261002P00790000,61.0,0.0,2026-09-28
SNDK261002C00800000,0.0,0.0,2026-09-28
SNDK261002P00800000,53.0,0.0,2026-09-28
SNDK261002C00810000,0.0,0.0,2026-09-28
SNDK261002P00810000,25.0,0.0,2026-09-28
SNDK261002C00820000,0.0,0.0,2026-09-28
SNDK261002P00820000,103.0,0.0,2026-09-28
SNDK261002C00830000,2.0,0.0,2026-09-28
SNDK261002P00830000,6.0,0.0,2026-09-28
SNDK261002C00840000,0.0,0.0,2026-09-28
SNDK261002P00840000,5.0,0.0,2026-09-28
SNDK261002C00850000,0.0,0.0,2026-09-28
SNDK261002P00850000,28.0,0.0,2026-09-28
SNDK261002C00860000,0.0,0.0,2026-09-28
SNDK261002P00860000,16.0,0.0,2026-09-28
SNDK261002C00870000,1.0,0.0,2026-09-28
SNDK261002P00870000,14.0,0.0,2026-09-28
SNDK261002C00880000,1.0,0.0,2026-09-28
SNDK261002P00880000,9.0,0.0,2026-09-28
SNDK261002C00890000,1.0,1.0,2026-09-28
SNDK261002P00890000,1.0,0.0,2026-09-28
SNDK261002C00900000,0.0,0.0,2026-09-28
SNDK261002P00900000,1727.0,5.0,2026-09-28
SNDK261002C00910000,10.0,0.0,2026-09-28
SNDK261002P00910000,98.0,25.0,2026-09-28
SNDK261002C00920000,0.0,0.0,2026-09-28
SNDK261002P00920000,140.0,0.0,2026-09-28
SNDK261002C00930000,0.0,0.0,2026-09-28
SNDK261002P00930000,42.0,15.0,2026-09-28
SNDK261002C00940000,2.0,0.0,2026-09-28
SNDK261002P00940000,12.0,0.0,2026-09-28
SNDK261002C00950000,0.0,0.0,2026-09-28
SNDK261002P00950000,213.0,10.0,2026-09-28
SNDK261002C00960000,0.0,0.0,2026-09-28
SNDK261002P00960000,24.0,0.0,2026-09-28
SNDK261002C00970000,0.0,0.0,2026-09-28
SNDK261002P00970000,11.0,36.0,2026-09-28
SNDK261002C00975000,1.0,0.0,2026-09-28
SNDK261002P00975000,177.0,36.0,2026-09-28
SNDK261002C00980000,1.0,0.0,2026-09-28
SNDK261002P00980000,34.0,35.0,2026-09-28
SNDK261002C00985000,2.0,6.0,2026-09-28
SNDK261002P00985000,47.0,0.0,2026-09-28
SNDK261002C00990000,0.0,6.0,2026-09-28
SNDK261002P00990000,30.0,35.0,2026-09-28
SNDK261002C00995000,1.0,0.0,2026-09-28
SNDK261002P00995000,44.0,45.0,2026-09-28
SNDK261002C01000000,11.0,0.0,2026-09-28
SNDK261002P01000000,1165.0,309.0,2026-09-28
SNDK261002C01005000,0.0,0.0,2026-09-28
SNDK261002P01005000,3.0,0.0,2026-09-28
SNDK261002C01010000,0.0,0.0,2026-09-28
SNDK261002P01010000,7.0,0.0,2026-09-28
SNDK261002C01015000,1.0,2.0,2026-09-28
SNDK261002P01015000,39.0,2.0,2026-09-28
SNDK261002C01020000,1.0,2.0,2026-09-28
SNDK261002P01020000,34.0,27.0,2026-09-28
SNDK261002C01025000,1.0,0.0,2026-09-28
SNDK261002P01025000,5.0,0.0,2026-09-28
SNDK261002C01030000,1.0,0.0,2026-09-28
SNDK261002P01030000,4.0,0.0,2026-09-28
SNDK261002C01035000,0.0,0.0,2026-09-28
SNDK261002P01035000,0.0,0.0,2026-09-28
SNDK261002C01040000,1.0,0.0,2026-09-28
SNDK261002P01040000,58.0,0.0,2026-09-28
SNDK261002C01045000,0.0,0.0,2026-09-28
SNDK261002P01045000,62.0,0.0,2026-09-28
SNDK261002C01050000,2.0,0.0,2026-09-28
SNDK261002P01050000,281.0,16.0,2026-09-28
SNDK261002C01055000,1.0,0.0,2026-09-28
SNDK261002P01055000,32.0,0.0,2026-09-28
SNDK261002C01060000,0.0,0.0,2026-09-28
SNDK261002P01060000,37.0,0.0,2026-09-28
SNDK261002C01065000,2.0,0.0,2026-09-28
SNDK261002P01065000,26.0,0.0,2026-09-28
SNDK261002C01070000,1.0,0.0,2026-09-28
SNDK261002P01070000,91.0,0.0,2026-09-28
SNDK261002C01075000,1.0,0.0,2026-09-28
SNDK261002P01075000,8.0,6.0,2026-09-28
SNDK261002C01080000,0.0,0.0,2026-09-28
SNDK261002P01080000,3.0,0.0,2026-09-28
SNDK261002C01085000,0.0,0.0,2026-09-28
SNDK261002P01085000,6.0,0.0,2026-09-28
SNDK261002C01090000,1.0,0.0,2026-09-28
SNDK261002P01090000,36.0,0.0,2026-09-28
SNDK261002C01095000,0.0,0.0,2026-09-28
SNDK261002P01095000,16.0,0.0,2026-09-28
SNDK261002C01100000,4.0,0.0,2026-09-28
SNDK261002P01100000,649.0,19.0,2026-09-28
SNDK261002C01105000,0.0,0.0,2026-09-28
SNDK261002P01105000,37.0,1.0,2026-09-28
SNDK261002C01110000,0.0,0.0,2026-09-28
SNDK261002P01110000,27.0,15.0,2026-09-28
SNDK261002C01115000,1.0,0.0,2026-09-28
SNDK261002P01115000,35.0,0.0,2026-09-28
SNDK261002C01120000,2.0,0.0,2026-09-28
SNDK261002P01120000,52.0,1.0,2026-09-28
SNDK261002C01125000,1.0,0.0,2026-09-28
SNDK261002P01125000,67.0,0.0,2026-09-28
SNDK261002C01130000,0.0,0.0,2026-09-28
SNDK261002P01130000,167.0,1.0,2026-09-28
SNDK261002C01135000,0.0,0.0,2026-09-28
SNDK261002P01135000,18.0,0.0,2026-09-28
SNDK261002C01140000,5.0,5.0,2026-09-28
SNDK261002P01140000,11.0,0.0,2026-09-28
SNDK261002C01145000,0.0,0.0,2026-09-28
SNDK261002P01145000,1.0,0.0,2026-09-28
SNDK261002C01150000,1.0,0.0,2026-09-28
SNDK261002P01150000,259.0,215.0,2026-09-28
SNDK261002C01155000,0.0,0.0,2026-09-28
SNDK261002P01155000,8.0,10.0,2026-09-28
SNDK261002C01160000,3.0,0.0,2026-09-28
SNDK261002P01160000,15.0,0.0,2026-09-28
SNDK261002C01165000,0.0,0.0,2026-09-28
SNDK261002P01165000,18.0,0.0,2026-09-28
SNDK261002C01170000,1.0,0.0,2026-09-28
SNDK261002P01170000,127.0,1.0,2026-09-28
SNDK261002C01175000,0.0,0.0,2026-09-28
SNDK261002P01175000,6.0,0.0,2026-09-28
SNDK261002C01180000,0.0,0.0,2026-09-28
SNDK261002P01180000,30.0,0.0,2026-09-28
SNDK261002C01185000,0.0,0.0,2026-09-28
SNDK261002P01185000,103.0,18.0,2026-09-28
SNDK261002C01190000,0.0,0.0,2026-09-28
SNDK261002P01190000,72.0,0.0,2026-09-28
SNDK261002C01195000,2.0,0.0,2026-09-28
SNDK261002P01195000,31.0,3.0,2026-09-28
SNDK261002C01200000,22.0,0.0,2026-09-28
SNDK261002P01200000,525.0,79.0,2026-09-28
SNDK261002C01205000,0.0,0.0,2026-09-28
SNDK261002P01205000,39.0,2.0,2026-09-28
SNDK261002C01210000,0.0,0.0,2026-09-28
SNDK261002P01210000,81.0,0.0,2026-09-28
SNDK261002C01215000,0.0,0.0,2026-09-28
SNDK261002P01215000,15.0,24.0,2026-09-28
SNDK261002C01220000,0.0,0.0,2026-09-28
SNDK261002P01220000,51.0,2.0,2026-09-28
SNDK261002C01225000,0.0,0.0,2026-09-28
SNDK261002P01225000,13.0,10.0,2026-09-28
SNDK261002C01230000,0.0,0.0,2026-09-28
SNDK261002P01230000,36.0,56.0,2026-09-28
SNDK261002C01235000,0.0,0.0,2026-09-28
SNDK261002P01235000,8.0,1.0,2026-09-28
SNDK261002C01240000,1.0,0.0,2026-09-28
SNDK261002P01240000,88.0,11.0,2026-09-28
SNDK261002C01245000,0.0,0.0,2026-09-28
SNDK261002P01245000,2.0,0.0,2026-09-28
SNDK261002C01250000,22.0,0.0,2026-09-28
SNDK261002P01250000,152.0,135.0,2026-09-28
SNDK261002C01255000,0.0,0.0,2026-09-28
SNDK261002P01255000,9.0,0.0,2026-09-28
SNDK261002C01260000,2.0,0.0,2026-09-28
SNDK261002P01260000,80.0,17.0,2026-09-28
SNDK261002C01265000,0.0,0.0,2026-09-28
SNDK261002P01265000,4.0,0.0,2026-09-28
SNDK261002C01270000,2.0,0.0,2026-09-28
SNDK261002P01270000,89.0,0.0,2026-09-28
SNDK261002C01275000,0.0,0.0,2026-09-28
SNDK261002P01275000,7.0,1.0,2026-09-28
SNDK261002C01280000,5.0,0.0,2026-09-28
SNDK261002P01280000,148.0,3.0,2026-09-28
SNDK261002C01285000,0.0,0.0,2026-09-28
SNDK261002P01285000,2.0,0.0,2026-09-28
SNDK261002C01290000,5.0,0.0,2026-09-28
SNDK261002P01290000,166.0,2.0,2026-09-28
SNDK261002C01295000,0.0,0.0,2026-09-28
SNDK261002P01295000,55.0,11.0,2026-09-28
SNDK261002C01300000,12.0,0.0,2026-09-28
SNDK261002P01300000,362.0,334.0,2026-09-28
SNDK261002C01305000,7.0,0.0,2026-09-28
SNDK261002P01305000,160.0,0.0,2026-09-28
SNDK261002C01310000,4.0,0.0,2026-09-28
SNDK261002P01310000,127.0,1.0,2026-09-28
SNDK261002C01315000,6.0,0.0,2026-09-28
SNDK261002P01315000,106.0,1.0,2026-09-28
SNDK261002C01320000,3.0,0.0,2026-09-28
SNDK261002P01320000,94.0,1.0,2026-09-28
SNDK261002C01325000,0.0,0.0,2026-09-28
SNDK261002P01325000,46.0,1.0,2026-09-28
SNDK261002C01330000,1.0,0.0,2026-09-28
SNDK261002P01330000,68.0,41.0,2026-09-28
SNDK261002C01335000,2.0,0.0,2026-09-28
SNDK261002P01335000,76.0,0.0,2026-09-28
SNDK261002C01340000,22.0,0.0,2026-09-28
SNDK261002P01340000,117.0,19.0,2026-09-28
SNDK261002C01345000,0.0,0.0,2026-09-28
SNDK261002P01345000,109.0,0.0,2026-09-28
SNDK261002C01350000,13.0,0.0,2026-09-28
SNDK261002P01350000,379.0,111.0,2026-09-28
SNDK261002C01355000,4.0,0.0,2026-09-28
SNDK261002P01355000,38.0,44.0,2026-09-28
SNDK261002C01360000,0.0,0.0,2026-09-28
SNDK261002P01360000,75.0,3.0,2026-09-28
SNDK261002C01365000,5.0,0.0,2026-09-28
SNDK261002P01365000,31.0,4.0,2026-09-28
SNDK261002C01370000,3.0,2.0,2026-09-28
SNDK261002P01370000,89.0,67.0,2026-09-28
SNDK261002C01375000,10.0,0.0,2026-09-28
SNDK261002P01375000,65.0,71.0,2026-09-28
SNDK261002C01380000,5.0,0.0,2026-09-28
SNDK261002P01380000,59.0,23.0,2026-09-28
SNDK261002C01385000,2.0,0.0,2026-09-28
SNDK261002P01385000,58.0,9.0,2026-09-28
SNDK261002C01390000,1.0,0.0,2026-09-28
SNDK261002P01390000,64.0,65.0,2026-09-28
SNDK261002C01395000,1.0,0.0,2026-09-28
SNDK261002P01395000,84.0,70.0,2026-09-28
SNDK261002C01400000,22.0,32.0,2026-09-28
SNDK261002P01400000,488.0,282.0,2026-09-28
SNDK261002C01405000,3.0,0.0,2026-09-28
SNDK261002P01405000,23.0,28.0,2026-09-28
SNDK261002C01410000,0.0,0.0,2026-09-28
SNDK261002P01410000,113.0,76.0,2026-09-28
SNDK261002C01415000,3.0,0.0,2026-09-28
SNDK261002P01415000,76.0,32.0,2026-09-28
SNDK261002C01420000,2.0,0.0,2026-09-28
SNDK261002P01420000,329.0,153.0,2026-09-28
SNDK261002C01425000,10.0,12.0,2026-09-28
SNDK261002P01425000,52.0,36.0,2026-09-28
SNDK261002C01430000,3.0,0.0,2026-09-28
SNDK261002P01430000,300.0,195.0,2026-09-28
SNDK261002C01435000,3.0,0.0,2026-09-28
SNDK261002P01435000,57.0,42.0,2026-09-28
SNDK261002C01440000,19.0,0.0,2026-09-28
SNDK261002P01440000,131.0,302.0,2026-09-28
SNDK261002C01445000,8.0,0.0,2026-09-28
SNDK261002P01445000,45.0,139.0,2026-09-28
SNDK261002C01450000,110.0,12.0,2026-09-28
SNDK261002P01450000,233.0,418.0,2026-09-28
SNDK261002C01455000,10.0,0.0,2026-09-28
SNDK261002P01455000,87.0,38.0,2026-09-28
SNDK261002C01460000,16.0,1.0,2026-09-28
SNDK261002P01460000,150.0,139.0,2026-09-28
SNDK261002C01465000,10.0,3.0,2026-09-28
SNDK261002P01465000,101.0,55.0,2026-09-28
SNDK261002C01470000,206.0,0.0,2026-09-28
SNDK261002P01470000,221.0,143.0,2026-09-28
SNDK261002C01475000,70.0,2.0,2026-09-28
SNDK261002P01475000,67.0,82.0,2026-09-28
SNDK261002C01480000,72.0,4.0,2026-09-28
SNDK261002P01480000,115.0,124.0,2026-09-28
SNDK261002C01485000,16.0,25.0,2026-09-28
SNDK261002P01485000,39.0,435.0,2026-09-28
SNDK261002C01490000,70.0,2.0,2026-09-28
SNDK261002P01490000,268.0,161.0,2026-09-28
SNDK261002C01495000,201.0,15.0,2026-09-28
SNDK261002P01495000,201.0,135.0,2026-09-28
SNDK261002C01500000,227.0,49.0,2026-09-28
SNDK261002P01500000,1038.0,1128.0,2026-09-28
SNDK261002C01505000,3.0,0.0,2026-09-28
SNDK261002P01505000,119.0,174.0,2026-09-28
SNDK261002C01510000,13.0,4.0,2026-09-28
SNDK261002P01510000,180.0,310.0,2026-09-28
SNDK261002C01515000,20.0,0.0,2026-09-28
SNDK261002P01515000,143.0,211.0,2026-09-28
SNDK261002C01520000,127.0,3.0,2026-09-28
SNDK261002P01520000,68.0,177.0,2026-09-28
SNDK261002C01525000,16.0,11.0,2026-09-28
SNDK261002P01525000,143.0,296.0,2026-09-28
SNDK261002C01530000,27.0,32.0,2026-09-28
SNDK261002P01530000,323.0,173.0,2026-09-28
SNDK261002C01535000,47.0,47.0,2026-09-28
SNDK261002P01535000,62.0,184.0,2026-09-28
SNDK261002C01540000,68.0,2.0,2026-09-28
SNDK261002P01540000,364.0,316.0,2026-09-28
SNDK261002C01545000,24.0,0.0,2026-09-28
SNDK261002P01545000,88.0,231.0,2026-09-28
SNDK261002C01550000,140.0,3.0,2026-09-28
SNDK261002P01550000,797.0,1451.0,2026-09-28
SNDK261002C01555000,50.0,5.0,2026-09-28
SNDK261002P01555000,88.0,83.0,2026-09-28
SNDK261002C01560000,70.0,0.0,2026-09-28
SNDK261002P01560000,244.0,322.0,2026-09-28
SNDK261002C01565000,26.0,0.0,2026-09-28
SNDK261002P01565000,80.0,135.0,2026-09-28
SNDK261002C01570000,21.0,0.0,2026-09-28
SNDK261002P01570000,241.0,278.0,2026-09-28
SNDK261002C01575000,68.0,6.0,2026-09-28
SNDK261002P01575000,141.0,136.0,2026-09-28
SNDK261002C01580000,111.0,37.0,2026-09-28
SNDK261002P01580000,211.0,328.0,2026-09-28
SNDK261002C01585000,52.0,8.0,2026-09-28
SNDK261002P01585000,167.0,196.0,2026-09-28
SNDK261002C01590000,68.0,17.0,2026-09-28
SNDK261002P01590000,193.0,237.0,2026-09-28
SNDK261002C01595000,56.0,19.0,2026-09-28
SNDK261002P01595000,127.0,380.0,2026-09-28
SNDK261002C01600000,1816.0,239.0,2026-09-28
SNDK261002P01600000,979.0,2847.0,2026-09-28
SNDK261002C01605000,105.0,8.0,2026-09-28
SNDK261002P01605000,150.0,172.0,2026-09-28
SNDK261002C01610000,61.0,29.0,2026-09-28
SNDK261002P01610000,265.0,264.0,2026-09-28
SNDK261002C01615000,18.0,11.0,2026-09-28
SNDK261002P01615000,91.0,247.0,2026-09-28
SNDK261002C01620000,80.0,34.0,2026-09-28
SNDK261002P01620000,150.0,1033.0,2026-09-28
SNDK261002C01625000,42.0,21.0,2026-09-28
SNDK261002P01625000,238.0,315.0,2026-09-28
SNDK261002C01630000,44.0,43.0,2026-09-28
SNDK261002P01630000,297.0,332.0,2026-09-28
SNDK261002C01635000,120.0,29.0,2026-09-28
SNDK261002P01635000,77.0,162.0,2026-09-28
SNDK261002C01640000,37.0,54.0,2026-09-28
SNDK261002P01640000,399.0,254.0,2026-09-28
SNDK261002C01645000,12.0,32.0,2026-09-28
SNDK261002P01645000,235.0,235.0,2026-09-28
SNDK261002C01650000,283.0,670.0,2026-09-28
SNDK261002P01650000,837.0,1251.0,2026-09-28
SNDK261002C01655000,14.0,43.0,2026-09-28
SNDK261002P01655000,179.0,240.0,2026-09-28
SNDK261002C01660000,25.0,235.0,2026-09-28
SNDK261002P01660000,140.0,390.0,2026-09-28
SNDK261002C01665000,40.0,353.0,2026-09-28
SNDK261002P01665000,75.0,171.0,2026-09-28
SNDK261002C01670000,57.0,653.0,2026-09-28
SNDK261002P01670000,134.0,400.0,2026-09-28
SNDK261002C01675000,73.0,384.0,2026-09-28
SNDK261002P01675000,166.0,419.0,2026-09-28
SNDK261002C01680000,93.0,448.0,2026-09-28
SNDK261002P01680000,233.0,913.0,2026-09-28
SNDK261002C01685000,12.0,590.0,2026-09-28
SNDK261002P01685000,195.0,495.0,2026-09-28
SNDK261002C01690000,82.0,1004.0,2026-09-28
SNDK261002P01690000,337.0,895.0,2026-09-28
SNDK261002C01695000,26.0,442.0,2026-09-28
SNDK261002P01695000,102.0,349.0,2026-09-28
SNDK261002C01700000,356.0,6543.0,2026-09-28
SNDK261002P01700000,1209.0,2181.0,2026-09-28
SNDK261002C01705000,108.0,257.0,2026-09-28
SNDK261002P01705000,71.0,334.0,2026-09-28
SNDK261002C01710000,112.0,1031.0,2026-09-28
SNDK261002P01710000,74.0,806.0,2026-09-28
SNDK261002C01715000,46.0,1096.0,2026-09-28
SNDK261002P01715000,77.0,809.0,2026-09-28
SNDK261002C01720000,75.0,1363.0,2026-09-28
SNDK261002P01720000,116.0,760.0,2026-09-28
SNDK261002C01725000,58.0,599.0,2026-09-28
SNDK261002P01725000,126.0,354.0,2026-09-28
SNDK261002C01730000,71.0,744.0,2026-09-28
SNDK261002P01730000,95.0,217.0,2026-09-28
SNDK261002C01735000,42.0,354.0,2026-09-28
SNDK261002P01735000,53.0,308.0,2026-09-28
SNDK261002C01740000,112.0,383.0,2026-09-28
SNDK261002P01740000,232.0,171.0,2026-09-28
SNDK261002C01745000,124.0,374.0,2026-09-28
SNDK261002P01745000,70.0,148.0,2026-09-28
SNDK261002C01750000,477.0,2013.0,2026-09-28
SNDK261002P01750000,529.0,634.0,2026-09-28
SNDK261002C01755000,181.0,100.0,2026-09-28
SNDK261002P01755000,85.0,37.0,2026-09-28
SNDK261002C01760000,216.0,310.0,2026-09-28
SNDK261002P01760000,236.0,167.0,2026-09-28
SNDK261002C01765000,70.0,99.0,2026-09-28
SNDK261002P01765000,79.0,35.0,2026-09-28
SNDK261002C01770000,336.0,508.0,2026-09-28
SNDK261002P01770000,148.0,68.0,2026-09-28
SNDK261002C01775000,191.0,368.0,2026-09-28
SNDK261002P01775000,133.0,44.0,2026-09-28
SNDK261002C01780000,510.0,684.0,2026-09-28
SNDK261002P01780000,232.0,45.0,2026-09-28
SNDK261002C01785000,166.0,212.0,2026-09-28
SNDK261002P01785000,29.0,13.0,2026-09-28
SNDK261002C01790000,79.0,346.0,2026-09-28
SNDK261002P01790000,67.0,29.0,2026-09-28
SNDK261002C01795000,115.0,180.0,2026-09-28
SNDK261002P01795000,64.0,21.0,2026-09-28
SNDK261002C01800000,1320.0,3143.0,2026-09-28
SNDK261002P01800000,490.0,413.0,2026-09-28
SNDK261002C01805000,70.0,124.0,2026-09-28
SNDK261002P01805000,78.0,15.0,2026-09-28
SNDK261002C01810000,251.0,293.0,2026-09-28
SNDK261002P01810000,72.0,36.0,2026-09-28
SNDK261002C01812500,18.0,254.0,2026-09-28
SNDK261002P01812500,2.0,3.0,2026-09-28
SNDK261002C01815000,138.0,125.0,2026-09-28
SNDK261002P01815000,23.0,11.0,2026-09-28
SNDK261002C01817500,11.0,71.0,2026-09-28
SNDK261002P01817500,0.0,1.0,2026-09-28
SNDK261002C01820000,109.0,299.0,2026-09-28
SNDK261002P01820000,54.0,10.0,2026-09-28
SNDK261002C01822500,9.0,69.0,2026-09-28
SNDK261002P01822500,1.0,3.0,2026-09-28
SNDK261002C01825000,316.0,246.0,2026-09-28
SNDK261002P01825000,58.0,29.0,2026-09-28
SNDK261002C01827500,8.0,13.0,2026-09-28
SNDK261002P01827500,0.0,2.0,2026-09-28
SNDK261002C01830000,196.0,221.0,2026-09-28
SNDK261002P01830000,124.0,3.0,2026-09-28
SNDK261002C01832500,5.0,26.0,2026-09-28
SNDK261002P01832500,0.0,7.0,2026-09-28
SNDK261002C01835000,98.0,72.0,2026-09-28
SNDK261002P01835000,112.0,4.0,2026-09-28
SNDK261002C01837500,5.0,29.0,2026-09-28
SNDK261002P01837500,1.0,0.0,2026-09-28
SNDK261002C01840000,323.0,213.0,2026-09-28
SNDK261002P01840000,30.0,18.0,2026-09-28
SNDK261002C01845000,71.0,50.0,2026-09-28
SNDK261002P01845000,177.0,0.0,2026-09-28
SNDK261002C01850000,854.0,1138.0,2026-09-28
SNDK261002P01850000,145.0,22.0,2026-09-28
SNDK261002C01855000,76.0,134.0,2026-09-28
SNDK261002P01855000,52.0,0.0,2026-09-28
SNDK261002C01860000,406.0,169.0,2026-09-28
SNDK261002P01860000,151.0,0.0,2026-09-28
SNDK261002C01865000,72.0,60.0,2026-09-28
SNDK261002P01865000,31.0,0.0,2026-09-28
SNDK261002C01870000,147.0,204.0,2026-09-28
SNDK261002P01870000,75.0,1.0,2026-09-28
SNDK261002C01875000,138.0,197.0,2026-09-28
SNDK261002P01875000,150.0,102.0,2026-09-28
SNDK261002C01880000,146.0,131.0,2026-09-28
SNDK261002P01880000,59.0,4.0,2026-09-28
SNDK261002C01885000,98.0,39.0,2026-09-28
SNDK261002P01885000,53.0,11.0,2026-09-28
SNDK261002C01890000,158.0,115.0,2026-09-28
SNDK261002P01890000,128.0,24.0,2026-09-28
SNDK261002C01895000,107.0,130.0,2026-09-28
SNDK261002P01895000,108.0,6.0,2026-09-28
SNDK261002C01900000,1475.0,2959.0,2026-09-28
SNDK261002P01900000,354.0,40.0,2026-09-28
SNDK261002C01910000,446.0,184.0,2026-09-28
SNDK261002P01910000,104.0,24.0,2026-09-28
SNDK261002C01920000,245.0,217.0,2026-09-28
SNDK261002P01920000,25.0,15.0,2026-09-28
SNDK261002C01930000,130.0,146.0,2026-09-28
SNDK261002P01930000,6.0,1.0,2026-09-28
SNDK261002C01940000,107.0,103.0,2026-09-28
SNDK261002P01940000,9.0,4.0,2026-09-28
SNDK261002C01950000,704.0,1171.0,2026-09-28
SNDK261002P01950000,53.0,13.0,2026-09-28
SNDK261002C01960000,121.0,165.0,2026-09-28
SNDK261002P01960000,3.0,2.0,2026-09-28
SNDK261002C01970000,145.0,75.0,2026-09-28
SNDK261002P01970000,2.0,1.0,2026-09-28
SNDK261002C01980000,168.0,122.0,2026-09-28
SNDK261002P01980000,2.0,0.0,2026-09-28
SNDK261002C01990000,75.0,194.0,2026-09-28
SNDK261002P01990000,2.0,0.0,2026-09-28
SNDK261002C02000000,4068.0,7297.0,2026-09-28
SNDK261002P02000000,40.0,15.0,2026-09-28
SNDK261002C02010000,156.0,195.0,2026-09-28
SNDK261002P02010000,13.0,1.0,2026-09-28
SNDK261002C02020000,131.0,115.0,2026-09-28
SNDK261002P02020000,15.0,0.0,2026-09-28
SNDK261002C02030000,117.0,110.0,2026-09-28
SNDK261002P02030000,13.0,4.0,2026-09-28
SNDK261002C02040000,116.0,60.0,2026-09-28
SNDK261002P02040000,4.0,0.0,2026-09-28
SNDK261002C02050000,587.0,306.0,2026-09-28
SNDK261002P02050000,20.0,1.0,2026-09-28
SNDK261002C02060000,171.0,61.0,2026-09-28
SNDK261002P02060000,9.0,0.0,2026-09-28
SNDK261002C02070000,75.0,95.0,2026-09-28
SNDK261002P02070000,14.0,0.0,2026-09-28
SNDK261002C02080000,162.0,90.0,2026-09-28
SNDK261002P02080000,16.0,1.0,2026-09-28
SNDK261002C02090000,126.0,74.0,2026-09-28
SNDK261002P02090000,7.0,0.0,2026-09-28
SNDK261002C02100000,638.0,645.0,2026-09-28
SNDK261002P02100000,4.0,6.0,2026-09-28
SNDK261002C02110000,51.0,37.0,2026-09-28
SNDK261002P02110000,7.0,0.0,2026-09-28
SNDK261002C02120000,80.0,28.0,2026-09-28
SNDK261002P02120000,10.0,0.0,2026-09-28
SNDK261002C02130000,130.0,45.0,2026-09-28
SNDK261002P02130000,1.0,0.0,2026-09-28
SNDK261002C02140000,89.0,38.0,2026-09-28
SNDK261002P02140000,3.0,0.0,2026-09-28
SNDK261002C02150000,191.0,332.0,2026-09-28
SNDK261002P02150000,3.0,1.0,2026-09-28
SNDK261002C02160000,78.0,42.0,2026-09-28
SNDK261002P02160000,1.0,0.0,2026-09-28
SNDK261002C02170000,49.0,16.0,2026-09-28
SNDK261002P02170000,0.0,0.0,2026-09-28
SNDK261002C02180000,51.0,52.0,2026-09-28
SNDK261002P02180000,0.0,1.0,2026-09-28
SNDK261002C02190000,28.0,34.0,2026-09-28
SNDK261002P02190000,1.0,0.0,2026-09-28
SNDK261002C02200000,799.0,637.0,2026-09-28
SNDK261002P02200000,0.0,1.0,2026-09-28
SNDK261002C02210000,19.0,4.0,2026-09-28
SNDK261002P02210000,0.0,0.0,2026-09-28
SNDK261002C02220000,82.0,33.0,2026-09-28
SNDK261002P02220000,1.0,0.0,2026-09-28
SNDK261002C02230000,152.0,28.0,2026-09-28
SNDK261002P02230000,0.0,0.0,2026-09-28
SNDK261002C02240000,38.0,61.0,2026-09-28
SNDK261002P02240000,0.0,0.0,2026-09-28
SNDK261002C02250000,648.0,278.0,2026-09-28
SNDK261002P02250000,0.0,0.0,2026-09-28
SNDK261002C02260000,259.0,133.0,2026-09-28
SNDK261002P02260000,0.0,0.0,2026-09-28
SNDK261002C02270000,43.0,11.0,2026-09-28
SNDK261002P02270000,0.0,0.0,2026-09-28
SNDK261002C02280000,52.0,32.0,2026-09-28
SNDK261002P02280000,0.0,0.0,2026-09-28
SNDK261002C02290000,40.0,130.0,2026-09-28
SNDK261002P02290000,0.0,0.0,2026-09-28
SNDK261002C02300000,480.0,377.0,2026-09-28
SNDK261002P02300000,1.0,0.0,2026-09-28
SNDK261002C02310000,48.0,19.0,2026-09-28
SNDK261002P02310000,0.0,0.0,2026-09-28
SNDK261002C02320000,159.0,31.0,2026-09-28
SNDK261002P02320000,0.0,0.0,2026-09-28
SNDK261002C02330000,29.0,36.0,2026-09-28
SNDK261002P02330000,0.0,0.0,2026-09-28
SNDK261002C02340000,23.0,9.0,2026-09-28
SNDK261002P02340000,0.0,0.0,2026-09-28
SNDK261002C02350000,164.0,36.0,2026-09-28
SNDK261002P02350000,0.0,0.0,2026-09-28
SNDK261002C02360000,93.0,28.0,2026-09-28
SNDK261002P02360000,0.0,0.0,2026-09-28
SNDK261002C02370000,69.0,15.0,2026-09-28
SNDK261002P02370000,0.0,0.0,2026-09-28
SNDK261002C02380000,59.0,28.0,2026-09-28
SNDK261002P02380000,0.0,0.0,2026-09-28
SNDK261002C02390000,33.0,3.0,2026-09-28
SNDK261002P02390000,0.0,0.0,2026-09-28
SNDK261002C02400000,401.0,353.0,2026-09-28
SNDK261002P02400000,1.0,0.0,2026-09-28
SNDK261002C02410000,47.0,15.0,2026-09-28
SNDK261002P02410000,0.0,0.0,2026-09-28
SNDK261002C02420000,39.0,8.0,2026-09-28
SNDK261002P02420000,0.0,0.0,2026-09-28
SNDK261002C02430000,10.0,0.0,2026-09-28
SNDK261002P02430000,0.0,0.0,2026-09-28
SNDK261002C02440000,11.0,0.0,2026-09-28
SNDK261002P02440000,0.0,0.0,2026-09-28
SNDK261002C02450000,331.0,1.0,2026-09-28
SNDK261002P02450000,0.0,0.0,2026-09-28
SNDK261002C02460000,39.0,0.0,2026-09-28
SNDK261002P02460000,0.0,0.0,2026-09-28
SNDK261002C02470000,26.0,7.0,2026-09-28
SNDK261002P02470000,0.0,0.0,2026-09-28
SNDK261002C02480000,14.0,8.0,2026-09-28
SNDK261002P02480000,0.0,0.0,2026-09-28
SNDK261002C02490000,27.0,9.0,2026-09-28
SNDK261002P02490000,0.0,0.0,2026-09-28
SNDK261002C02500000,649.0,200.0,2026-09-28
SNDK261002P02500000,0.0,0.0,2026-09-28
SNDK261002C02510000,20.0,3.0,2026-09-28
SNDK261002P02510000,0.0,0.0,2026-09-28
SNDK261002C02520000,12.0,2.0,2026-09-28
SNDK261002P02520000,0.0,0.0,2026-09-28
SNDK261002C02530000,44.0,6.0,2026-09-28
SNDK261002P02530000,0.0,0.0,2026-09-28
SNDK261002C02540000,20.0,1.0,2026-09-28
SNDK261002P02540000,0.0,0.0,2026-09-28
SNDK261002C02550000,44.0,1.0,2026-09-28
SNDK261002P02550000,0.0,0.0,2026-09-28
SNDK261002C02560000,48.0,10.0,2026-09-28
SNDK261002P02560000,0.0,0.0,2026-09-28
SNDK261002C02570000,32.0,0.0,2026-09-28
SNDK261002P02570000,0.0,0.0,2026-09-28
SNDK261002C02580000,20.0,0.0,2026-09-28
SNDK261002P02580000,0.0,0.0,2026-09-28
SNDK261002C02590000,30.0,0.0,2026-09-28
SNDK261002P02590000,0.0,0.0,2026-09-28
SNDK261002C02600000,453.0,179.0,2026-09-28
SNDK261002P02600000,0.0,0.0,2026-09-28
SNDK261002C02610000,26.0,93.0,2026-09-28
SNDK261002P02610000,0.0,0.0,2026-09-28
SNDK261002C02620000,39.0,3.0,2026-09-28
SNDK261002P02620000,0.0,0.0,2026-09-28
SNDK261002C02630000,337.0,57.0,2026-09-28
SNDK261002P02630000,0.0,0.0,2026-09-28
SNDK261002C02640000,3.0,0.0,2026-09-28
SNDK261002P02640000,0.0,0.0,2026-09-28
SNDK261002C02650000,19.0,21.0,2026-09-28
SNDK261002P02650000,0.0,0.0,2026-09-28
SNDK261002C02660000,0.0,0.0,2026-09-28
SNDK261002P02660000,0.0,0.0,2026-09-28
SNDK261002C02670000,14.0,2.0,2026-09-28
SNDK261002P02670000,0.0,0.0,2026-09-28
SNDK261002C02680000,5.0,0.0,2026-09-28
SNDK261002P02680000,0.0,0.0,2026-09-28
SNDK261002C02690000,1.0,0.0,2026-09-28
SNDK261002P02690000,0.0,0.0,2026-09-28
SNDK261002C02700000,85.0,1.0,2026-09-28
SNDK261002P02700000,0.0,0.0,2026-09-28
SNDK261002C02710000,1.0,0.0,2026-09-28
SNDK261002P02710000,0.0,0.0,2026-09-28
SNDK261002C02720000,0.0,0.0,2026-09-28
SNDK261002P02720000,0.0,0.0,2026-09-28
SNDK261002C02730000,1.0,0.0,2026-09-28
SNDK261002P02730000,0.0,0.0,2026-09-28
SNDK261002C02740000,1.0,0.0,2026-09-28
SNDK261002P02740000,0.0,0.0,2026-09-28
SNDK261002C02750000,5.0,0.0,2026-09-28
SNDK261002P02750000,0.0,0.0,2026-09-28
SNDK261002C02760000,102.0,0.0,2026-09-28
SNDK261002P02760000,0.0,0.0,2026-09-28
SNDK261002C02770000,4.0,0.0,2026-09-28
SNDK261002P02770000,0.0,0.0,2026-09-28
SNDK261002C02780000,1.0,0.0,2026-09-28
SNDK261002P02780000,0.0,0.0,2026-09-28
SNDK261002C02790000,0.0,0.0,2026-09-28
SNDK261002P02790000,0.0,0.0,2026-09-28
SNDK261002C02800000,7.0,0.0,2026-09-28
SNDK261002P02800000,0.0,0.0,2026-09-28
SNDK261002C02810000,0.0,1.0,2026-09-28
SNDK261002P02810000,0.0,0.0,2026-09-28
SNDK261002C02820000,0.0,0.0,2026-09-28
SNDK261002P02820000,0.0,0.0,2026-09-28
SNDK261002C02830000,0.0,0.0,2026-09-28
SNDK261002P02830000,0.0,0.0,2026-09-28
SNDK261002C02840000,0.0,0.0,2026-09-28
SNDK261002P02840000,0.0,0.0,2026-09-28
SNDK261002C02850000,2.0,0.0,2026-09-28
SNDK261002P02850000,0.0,0.0,2026-09-28
SNDK261002C02860000,304.0,8.0,2026-09-28
SNDK261002P02860000,0.0,0.0,2026-09-28
SNDK261009C00730000,0.0,0.0,2026-09-28
SNDK261009P00730000,9.0,0.0,2026-09-28
SNDK261009C00740000,0.0,0.0,2026-09-28
SNDK261009P00740000,1.0,0.0,2026-09-28
SNDK261009C00750000,0.0,0.0,2026-09-28
SNDK261009P00750000,0.0,0.0,2026-09-28
SNDK261009C00760000,0.0,0.0,2026-09-28
SNDK261009P00760000,0.0,0.0,2026-09-28
SNDK261009C00770000,0.0,0.0,2026-09-28
SNDK261009P00770000,0.0,0.0,2026-09-28
SNDK261009C00780000,0.0,0.0,2026-09-28
SNDK261009P00780000,22.0,0.0,2026-09-28
SNDK261009C00790000,0.0,0.0,2026-09-28
SNDK261009P00790000,0.0,0.0,2026-09-28
SNDK261009C00800000,0.0,0.0,2026-09-28
SNDK261009P00800000,8.0,0.0,2026-09-28
SNDK261009C00810000,1.0,0.0,2026-09-28
SNDK261009P00810000,2.0,0.0,2026-09-28
SNDK261009C00820000,1.0,0.0,2026-09-28
SNDK261009P00820000,0.0,0.0,2026-09-28
SNDK261009C00830000,2.0,0.0,2026-09-28
SNDK261009P00830000,0.0,0.0,2026-09-28
SNDK261009C00840000,1.0,0.0,2026-09-28
SNDK261009P00840000,0.0,0.0,2026-09-28
SNDK261009C00850000,1.0,0.0,2026-09-28
SNDK261009P00850000,1.0,0.0,2026-09-28
SNDK261009C00860000,0.0,0.0,2026-09-28
SNDK261009P00860000,9.0,0.0,2026-09-28
SNDK261009C00870000,10.0,0.0,2026-09-28
SNDK261009P00870000,3.0,0.0,2026-09-28
SNDK261009C00880000,6.0,0.0,2026-09-28
SNDK261009P00880000,0.0,0.0,2026-09-28
SNDK261009C00890000,0.0,0.0,2026-09-28
SNDK261009P00890000,5.0,0.0,2026-09-28
SNDK261009C00900000,2050.0,1.0,2026-09-28
SNDK261009P00900000,12.0,0.0,2026-09-28
SNDK261009C00910000,1.0,0.0,2026-09-28
SNDK261009P00910000,14.0,0.0,2026-09-28
SNDK261009C00920000,0.0,0.0,2026-09-28
SNDK261009P00920000,1.0,0.0,2026-09-28
SNDK261009C00930000,0.0,0.0,2026-09-28
SNDK261009P00930000,0.0,0.0,2026-09-28
SNDK261009C00940000,1.0,0.0,2026-09-28
SNDK261009P00940000,2.0,0.0,2026-09-28
SNDK261009C00950000,0.0,0.0,2026-09-28
SNDK261009P00950000,10.0,0.0,2026-09-28
SNDK261009C00960000,0.0,0.0,2026-09-28
SNDK261009P00960000,1.0,0.0,2026-09-28
SNDK261009C00970000,5.0,0.0,2026-09-28
SNDK261009P00970000,2.0,0.0,2026-09-28
SNDK261009C00975000,2.0,0.0,2026-09-28
SNDK261009P00975000,8.0,0.0,2026-09-28
SNDK261009C00980000,0.0,0.0,2026-09-28
SNDK261009P00980000,1.0,0.0,2026-09-28
SNDK261009C00985000,0.0,0.0,2026-09-28
SNDK261009P00985000,0.0,0.0,2026-09-28
SNDK261009C00990000,0.0,0.0,2026-09-28
SNDK261009P00990000,1.0,0.0,2026-09-28
SNDK261009C00995000,0.0,0.0,2026-09-28
SNDK261009P00995000,0.0,0.0,2026-09-28
SNDK261009C01000000,9.0,0.0,2026-09-28
SNDK261009P01000000,448.0,1.0,2026-09-28
SNDK261009C01005000,0.0,0.0,2026-09-28
SNDK261009P01005000,3.0,0.0,2026-09-28
SNDK261009C01010000,0.0,0.0,2026-09-28
SNDK261009P01010000,10.0,0.0,2026-09-28
SNDK261009C01015000,0.0,0.0,2026-09-28
SNDK261009P01015000,0.0,0.0,2026-09-28
SNDK261009C01020000,1.0,0.0,2026-09-28
SNDK261009P01020000,1.0,0.0,2026-09-28
SNDK261009C01025000,0.0,0.0,2026-09-28
SNDK261009P01025000,1.0,0.0,2026-09-28
SNDK261009C01030000,0.0,0.0,2026-09-28
SNDK261009P01030000,6.0,0.0,2026-09-28
SNDK261009C01035000,1.0,0.0,2026-09-28
SNDK261009P01035000,81.0,0.0,2026-09-28
SNDK261009C01040000,0.0,0.0,2026-09-28
SNDK261009P01040000,3.0,0.0,2026-09-28
SNDK261009C01045000,1.0,0.0,2026-09-28
SNDK261009P01045000,9.0,0.0,2026-09-28
SNDK261009C01050000,0.0,0.0,2026-09-28
SNDK261009P01050000,53.0,0.0,2026-09-28
SNDK261009C01055000,4.0,0.0,2026-09-28
SNDK261009P01055000,12.0,0.0,2026-09-28
SNDK261009C01060000,3.0,0.0,2026-09-28
SNDK261009P01060000,11.0,0.0,2026-09-28
SNDK261009C01065000,0.0,0.0,2026-09-28
SNDK261009P01065000,4.0,0.0,2026-09-28
SNDK261009C01070000,0.0,0.0,2026-09-28
SNDK261009P01070000,50.0,0.0,2026-09-28
SNDK261009C01075000,1.0,0.0,2026-09-28
SNDK261009P01075000,28.0,0.0,2026-09-28
SNDK261009C01080000,0.0,0.0,2026-09-28
SNDK261009P01080000,10.0,2.0,2026-09-28
SNDK261009C01085000,0.0,0.0,2026-09-28
SNDK261009P01085000,22.0,0.0,2026-09-28
SNDK261009C01090000,1.0,0.0,2026-09-28
SNDK261009P01090000,29.0,2.0,2026-09-28
SNDK261009C01095000,0.0,0.0,2026-09-28
SNDK261009P01095000,49.0,2.0,2026-09-28
SNDK261009C01100000,0.0,0.0,2026-09-28
SNDK261009P01100000,49.0,8.0,2026-09-28
SNDK261009C01105000,6.0,0.0,2026-09-28
SNDK261009P01105000,1.0,0.0,2026-09-28
SNDK261009C01110000,0.0,0.0,2026-09-28
SNDK261009P01110000,7.0,0.0,2026-09-28
SNDK261009C01115000,1.0,0.0,2026-09-28
SNDK261009P01115000,11.0,0.0,2026-09-28
SNDK261009C01120000,1.0,0.0,2026-09-28
SNDK261009P01120000,13.0,24.0,2026-09-28
SNDK261009C01125000,0.0,0.0,2026-09-28
SNDK261009P01125000,17.0,0.0,2026-09-28
SNDK261009C01130000,0.0,1.0,2026-09-28
SNDK261009P01130000,131.0,1.0,2026-09-28
SNDK261009C01135000,0.0,0.0,2026-09-28
SNDK261009P01135000,7.0,0.0,2026-09-28
SNDK261009C01140000,0.0,0.0,2026-09-28
SNDK261009P01140000,7.0,0.0,2026-09-28
SNDK261009C01150000,1.0,1.0,2026-09-28
SNDK261009P01150000,120.0,109.0,2026-09-28
SNDK261009C01160000,0.0,0.0,2026-09-28
SNDK261009P01160000,10.0,0.0,2026-09-28
SNDK261009C01170000,1.0,0.0,2026-09-28
SNDK261009P01170000,28.0,0.0,2026-09-28
SNDK261009C01180000,0.0,0.0,2026-09-28
SNDK261009P01180000,122.0,0.0,2026-09-28
SNDK261009C01190000,0.0,0.0,2026-09-28
SNDK261009P01190000,29.0,5.0,2026-09-28
SNDK261009C01200000,4.0,0.0,2026-09-28
SNDK261009P01200000,78.0,20.0,2026-09-28
SNDK261009C01210000,0.0,0.0,2026-09-28
SNDK261009P01210000,5.0,4.0,2026-09-28
SNDK261009C01220000,0.0,0.0,2026-09-28
SNDK261009P01220000,16.0,0.0,2026-09-28
SNDK261009C01230000,0.0,0.0,2026-09-28
SNDK261009P01230000,51.0,10.0,2026-09-28
SNDK261009C01240000,0.0,0.0,2026-09-28
SNDK261009P01240000,34.0,8.0,2026-09-28
SNDK261009C01250000,0.0,0.0,2026-09-28
SNDK261009P01250000,101.0,28.0,2026-09-28
SNDK261009C01260000,0.0,0.0,2026-09-28
SNDK261009P01260000,30.0,2.0,2026-09-28
SNDK261009C01270000,2.0,0.0,2026-09-28
SNDK261009P01270000,16.0,6.0,2026-09-28
SNDK261009C01280000,0.0,0.0,2026-09-28
SNDK261009P01280000,64.0,6.0,2026-09-28
SNDK261009C01290000,1.0,0.0,2026-09-28
SNDK261009P01290000,24.0,5.0,2026-09-28
SNDK261009C01300000,0.0,0.0,2026-09-28
SNDK261009P01300000,182.0,126.0,2026-09-28
SNDK261009C01305000,1.0,0.0,2026-09-28
SNDK261009P01305000,24.0,9.0,2026-09-28
SNDK261009C01310000,0.0,0.0,2026-09-28
SNDK261009P01310000,90.0,15.0,2026-09-28
SNDK261009C01315000,0.0,0.0,2026-09-28
SNDK261009P01315000,16.0,6.0,2026-09-28
SNDK261009C01320000,3.0,0.0,2026-09-28
SNDK261009P01320000,52.0,2.0,2026-09-28
SNDK261009C01325000,0.0,0.0,2026-09-28
SNDK261009P01325000,41.0,8.0,2026-09-28
SNDK261009C01330000,2.0,1.0,2026-09-28
SNDK261009P01330000,29.0,101.0,2026-09-28
SNDK261009C01335000,0.0,0.0,2026-09-28
SNDK261009P01335000,14.0,1.0,2026-09-28
SNDK261009C01340000,0.0,0.0,2026-09-28
SNDK261009P01340000,15.0,5.0,2026-09-28
SNDK261009C01345000,0.0,0.0,2026-09-28
SNDK261009P01345000,7.0,16.0,2026-09-28
SNDK261009C01350000,2.0,0.0,2026-09-28
SNDK261009P01350000,88.0,57.0,2026-09-28
SNDK261009C01355000,0.0,0.0,2026-09-28
SNDK261009P01355000,120.0,28.0,2026-09-28
SNDK261009C01360000,1.0,0.0,2026-09-28
SNDK261009P01360000,73.0,10.0,2026-09-28
SNDK261009C01365000,0.0,0.0,2026-09-28
SNDK261009P01365000,55.0,7.0,2026-09-28
SNDK261009C01370000,2.0,0.0,2026-09-28
SNDK261009P01370000,15.0,49.0,2026-09-28
SNDK261009C01375000,4.0,0.0,2026-09-28
SNDK261009P01375000,59.0,10.0,2026-09-28
SNDK261009C01380000,2.0,0.0,2026-09-28
SNDK261009P01380000,45.0,3.0,2026-09-28
SNDK261009C01385000,1.0,0.0,2026-09-28
SNDK261009P01385000,71.0,46.0,2026-09-28
SNDK261009C01390000,0.0,0.0,2026-09-28
SNDK261009P01390000,43.0,37.0,2026-09-28
SNDK261009C01395000,0.0,0.0,2026-09-28
SNDK261009P01395000,107.0,82.0,2026-09-28
SNDK261009C01400000,19.0,5.0,2026-09-28
SNDK261009P01400000,258.0,77.0,2026-09-28
SNDK261009C01405000,2.0,0.0,2026-09-28
SNDK261009P01405000,102.0,31.0,2026-09-28
SNDK261009C01410000,1.0,0.0,2026-09-28
SNDK261009P01410000,49.0,12.0,2026-09-28
SNDK261009C01415000,1.0,0.0,2026-09-28
SNDK261009P01415000,23.0,6.0,2026-09-28
SNDK261009C01420000,2.0,0.0,2026-09-28
SNDK261009P01420000,27.0,10.0,2026-09-28
SNDK261009C01425000,1.0,10.0,2026-09-28
SNDK261009P01425000,43.0,20.0,2026-09-28
SNDK261009C01430000,2.0,0.0,2026-09-28
SNDK261009P01430000,86.0,34.0,2026-09-28
SNDK261009C01435000,2.0,0.0,2026-09-28
SNDK261009P01435000,9.0,3.0,2026-09-28
SNDK261009C01440000,0.0,0.0,2026-09-28
SNDK261009P01440000,121.0,57.0,2026-09-28
SNDK261009C01445000,0.0,0.0,2026-09-28
SNDK261009P01445000,14.0,9.0,2026-09-28
SNDK261009C01450000,5.0,2.0,2026-09-28
SNDK261009P01450000,99.0,70.0,2026-09-28
SNDK261009C01455000,0.0,0.0,2026-09-28
SNDK261009P01455000,24.0,14.0,2026-09-28
SNDK261009C01460000,1.0,0.0,2026-09-28
SNDK261009P01460000,31.0,16.0,2026-09-28
SNDK261009C01465000,12.0,0.0,2026-09-28
SNDK261009P01465000,21.0,17.0,2026-09-28
SNDK261009C01470000,14.0,0.0,2026-09-28
SNDK261009P01470000,12.0,8.0,2026-09-28
SNDK261009C01475000,22.0,0.0,2026-09-28
SNDK261009P01475000,13.0,21.0,2026-09-28
SNDK261009C01480000,46.0,0.0,2026-09-28
SNDK261009P01480000,65.0,31.0,2026-09-28
SNDK261009C01485000,9.0,0.0,2026-09-28
SNDK261009P01485000,5.0,17.0,2026-09-28
SNDK261009C01490000,3.0,0.0,2026-09-28
SNDK261009P01490000,118.0,50.0,2026-09-28
SNDK261009C01495000,8.0,0.0,2026-09-28
SNDK261009P01495000,34.0,23.0,2026-09-28
SNDK261009C01500000,40.0,1.0,2026-09-28
SNDK261009P01500000,322.0,230.0,2026-09-28
SNDK261009C01505000,10.0,0.0,2026-09-28
SNDK261009P01505000,16.0,5.0,2026-09-28
SNDK261009C01510000,5.0,8.0,2026-09-28
SNDK261009P01510000,19.0,10.0,2026-09-28
SNDK261009C01515000,20.0,0.0,2026-09-28
SNDK261009P01515000,21.0,6.0,2026-09-28
SNDK261009C01520000,48.0,0.0,2026-09-28
SNDK261009P01520000,31.0,23.0,2026-09-28
SNDK261009C01525000,13.0,0.0,2026-09-28
SNDK261009P01525000,18.0,16.0,2026-09-28
SNDK261009C01530000,105.0,0.0,2026-09-28
SNDK261009P01530000,91.0,32.0,2026-09-28
SNDK261009C01535000,35.0,2.0,2026-09-28
SNDK261009P01535000,47.0,19.0,2026-09-28
SNDK261009C01540000,42.0,2.0,2026-09-28
SNDK261009P01540000,219.0,28.0,2026-09-28
SNDK261009C01545000,40.0,1.0,2026-09-28
SNDK261009P01545000,39.0,6.0,2026-09-28
SNDK261009C01550000,72.0,14.0,2026-09-28
SNDK261009P01550000,231.0,102.0,2026-09-28
SNDK261009C01555000,9.0,0.0,2026-09-28
SNDK261009P01555000,18.0,31.0,2026-09-28
SNDK261009C01560000,48.0,6.0,2026-09-28
SNDK261009P01560000,34.0,32.0,2026-09-28
SNDK261009C01565000,5.0,0.0,2026-09-28
SNDK261009P01565000,36.0,11.0,2026-09-28
SNDK261009C01570000,55.0,1.0,2026-09-28
SNDK261009P01570000,42.0,14.0,2026-09-28
SNDK261009C01575000,8.0,0.0,2026-09-28
SNDK261009P01575000,15.0,5.0,2026-09-28
SNDK261009C01580000,15.0,0.0,2026-09-28
SNDK261009P01580000,98.0,12.0,2026-09-28
SNDK261009C01585000,21.0,0.0,2026-09-28
SNDK261009P01585000,9.0,21.0,2026-09-28
SNDK261009C01590000,22.0,2.0,2026-09-28
SNDK261009P01590000,39.0,54.0,2026-09-28
SNDK261009C01595000,28.0,10.0,2026-09-28
SNDK261009P01595000,21.0,23.0,2026-09-28
SNDK261009C01600000,158.0,31.0,2026-09-28
SNDK261009P01600000,220.0,176.0,2026-09-28
SNDK261009C01605000,53.0,1.0,2026-09-28
SNDK261009P01605000,97.0,7.0,2026-09-28
SNDK261009C01610000,27.0,16.0,2026-09-28
SNDK261009P01610000,45.0,50.0,2026-09-28
SNDK261009C01615000,7.0,8.0,2026-09-28
SNDK261009P01615000,36.0,7.0,2026-09-28
SNDK261009C01620000,37.0,8.0,2026-09-28
SNDK261009P01620000,60.0,57.0,2026-09-28
SNDK261009C01625000,4.0,1.0,2026-09-28
SNDK261009P01625000,37.0,29.0,2026-09-28
SNDK261009C01630000,13.0,20.0,2026-09-28
SNDK261009P01630000,83.0,53.0,2026-09-28
SNDK261009C01635000,8.0,0.0,2026-09-28
SNDK261009P01635000,28.0,20.0,2026-09-28
SNDK261009C01640000,9.0,115.0,2026-09-28
SNDK261009P01640000,117.0,7.0,2026-09-28
SNDK261009C01645000,19.0,28.0,2026-09-28
SNDK261009P01645000,23.0,30.0,2026-09-28
SNDK261009C01650000,63.0,90.0,2026-09-28
SNDK261009P01650000,171.0,134.0,2026-09-28
SNDK261009C01655000,5.0,63.0,2026-09-28
SNDK261009P01655000,16.0,25.0,2026-09-28
SNDK261009C01660000,26.0,97.0,2026-09-28
SNDK261009P01660000,70.0,25.0,2026-09-28
SNDK261009C01665000,11.0,43.0,2026-09-28
SNDK261009P01665000,50.0,19.0,2026-09-28
SNDK261009C01670000,35.0,41.0,2026-09-28
SNDK261009P01670000,18.0,20.0,2026-09-28
SNDK261009C01675000,6.0,39.0,2026-09-28
SNDK261009P01675000,65.0,73.0,2026-09-28
SNDK261009C01680000,27.0,139.0,2026-09-28
SNDK261009P01680000,59.0,69.0,2026-09-28
SNDK261009C01685000,43.0,150.0,2026-09-28
SNDK261009P01685000,23.0,49.0,2026-09-28
SNDK261009C01690000,32.0,154.0,2026-09-28
SNDK261009P01690000,187.0,124.0,2026-09-28
SNDK261009C01695000,17.0,34.0,2026-09-28
SNDK261009P01695000,37.0,20.0,2026-09-28
SNDK261009C01700000,133.0,272.0,2026-09-28
SNDK261009P01700000,180.0,131.0,2026-09-28
SNDK261009C01705000,47.0,59.0,2026-09-28
SNDK261009P01705000,19.0,17.0,2026-09-28
SNDK261009C01710000,60.0,125.0,2026-09-28
SNDK261009P01710000,36.0,36.0,2026-09-28
SNDK261009C01715000,25.0,71.0,2026-09-28
SNDK261009P01715000,21.0,28.0,2026-09-28
SNDK261009C01720000,20.0,75.0,2026-09-28
SNDK261009P01720000,19.0,36.0,2026-09-28
SNDK261009C01725000,17.0,47.0,2026-09-28
SNDK261009P01725000,14.0,18.0,2026-09-28
SNDK261009C01730000,39.0,21.0,2026-09-28
SNDK261009P01730000,23.0,20.0,2026-09-28
SNDK261009C01735000,21.0,13.0,2026-09-28
SNDK261009P01735000,38.0,12.0,2026-09-28
SNDK261009C01740000,67.0,26.0,2026-09-28
SNDK261009P01740000,34.0,38.0,2026-09-28
SNDK261009C01745000,72.0,56.0,2026-09-28
SNDK261009P01745000,24.0,21.0,2026-09-28
SNDK261009C01750000,195.0,462.0,2026-09-28
SNDK261009P01750000,112.0,33.0,2026-09-28
SNDK261009C01755000,17.0,9.0,2026-09-28
SNDK261009P01755000,21.0,22.0,2026-09-28
SNDK261009C01760000,37.0,10.0,2026-09-28
SNDK261009P01760000,60.0,31.0,2026-09-28
SNDK261009C01765000,37.0,14.0,2026-09-28
SNDK261009P01765000,15.0,112.0,2026-09-28
SNDK261009C01770000,145.0,31.0,2026-09-28
SNDK261009P01770000,37.0,27.0,2026-09-28
SNDK261009C01775000,52.0,21.0,2026-09-28
SNDK261009P01775000,14.0,11.0,2026-09-28
SNDK261009C01780000,78.0,21.0,2026-09-28
SNDK261009P01780000,34.0,20.0,2026-09-28
SNDK261009C01785000,28.0,25.0,2026-09-28
SNDK261009P01785000,21.0,11.0,2026-09-28
SNDK261009C01790000,27.0,9.0,2026-09-28
SNDK261009P01790000,33.0,14.0,2026-09-28
SNDK261009C01795000,117.0,3.0,2026-09-28
SNDK261009P01795000,8.0,13.0,2026-09-28
SNDK261009C01800000,265.0,306.0,2026-09-28
SNDK261009P01800000,148.0,847.0,2026-09-28
SNDK261009C01805000,36.0,6.0,2026-09-28
SNDK261009P01805000,14.0,5.0,2026-09-28
SNDK261009C01810000,53.0,16.0,2026-09-28
SNDK261009P01810000,18.0,6.0,2026-09-28
SNDK261009C01812500,5.0,73.0,2026-09-28
SNDK261009P01812500,0.0,2.0,2026-09-28
SNDK261009C01815000,38.0,8.0,2026-09-28
SNDK261009P01815000,6.0,7.0,2026-09-28
SNDK261009C01817500,1.0,9.0,2026-09-28
SNDK261009P01817500,0.0,2.0,2026-09-28
SNDK261009C01820000,82.0,6.0,2026-09-28
SNDK261009P01820000,13.0,0.0,2026-09-28
SNDK261009C01822500,0.0,0.0,2026-09-28
SNDK261009P01822500,0.0,1.0,2026-09-28
SNDK261009C01825000,102.0,21.0,2026-09-28
SNDK261009P01825000,9.0,0.0,2026-09-28
SNDK261009C01827500,5.0,1.0,2026-09-28
SNDK261009P01827500,0.0,0.0,2026-09-28
SNDK261009C01830000,52.0,21.0,2026-09-28
SNDK261009P01830000,7.0,80.0,2026-09-28
SNDK261009C01832500,1.0,0.0,2026-09-28
SNDK261009P01832500,0.0,0.0,2026-09-28
SNDK261009C01835000,34.0,2.0,2026-09-28
SNDK261009P01835000,7.0,0.0,2026-09-28
SNDK261009C01837500,2.0,1.0,2026-09-28
SNDK261009P01837500,1.0,1.0,2026-09-28
SNDK261009C01840000,77.0,9.0,2026-09-28
SNDK261009P01840000,29.0,19.0,2026-09-28
SNDK261009C01845000,10.0,2.0,2026-09-28
SNDK261009P01845000,17.0,0.0,2026-09-28
SNDK261009C01850000,202.0,268.0,2026-09-28
SNDK261009P01850000,35.0,7.0,2026-09-28
SNDK261009C01855000,97.0,17.0,2026-09-28
SNDK261009P01855000,5.0,5.0,2026-09-28
SNDK261009C01860000,32.0,19.0,2026-09-28
SNDK261009P01860000,12.0,5.0,2026-09-28
SNDK261009C01865000,17.0,6.0,2026-09-28
SNDK261009P01865000,0.0,0.0,2026-09-28
SNDK261009C01870000,53.0,29.0,2026-09-28
SNDK261009P01870000,56.0,7.0,2026-09-28
SNDK261009C01875000,16.0,154.0,2026-09-28
SNDK261009P01875000,5.0,101.0,2026-09-28
SNDK261009C01880000,38.0,23.0,2026-09-28
SNDK261009P01880000,18.0,9.0,2026-09-28
SNDK261009C01885000,50.0,6.0,2026-09-28
SNDK261009P01885000,32.0,0.0,2026-09-28
SNDK261009C01890000,117.0,37.0,2026-09-28
SNDK261009P01890000,20.0,0.0,2026-09-28
SNDK261009C01895000,63.0,31.0,2026-09-28
SNDK261009P01895000,21.0,6.0,2026-09-28
SNDK261009C01900000,388.0,280.0,2026-09-28
SNDK261009P01900000,31.0,7.0,2026-09-28
SNDK261009C01910000,75.0,21.0,2026-09-28
SNDK261009P01910000,20.0,0.0,2026-09-28
SNDK261009C01920000,40.0,31.0,2026-09-28
SNDK261009P01920000,4.0,0.0,2026-09-28
SNDK261009C01930000,45.0,26.0,2026-09-28
SNDK261009P01930000,6.0,0.0,2026-09-28
SNDK261009C01940000,28.0,22.0,2026-09-28
SNDK261009P01940000,2.0,0.0,2026-09-28
SNDK261009C01950000,68.0,79.0,2026-09-28
SNDK261009P01950000,4.0,3.0,2026-09-28
SNDK261009C01960000,32.0,12.0,2026-09-28
SNDK261009P01960000,1.0,0.0,2026-09-28
SNDK261009C01970000,38.0,20.0,2026-09-28
SNDK261009P01970000,7.0,1.0,2026-09-28
SNDK261009C01980000,48.0,24.0,2026-09-28
SNDK261009P01980000,1.0,0.0,2026-09-28
SNDK261009C01990000,27.0,14.0,2026-09-28
SNDK261009P01990000,2.0,0.0,2026-09-28
SNDK261009C02000000,316.0,470.0,2026-09-28
SNDK261009P02000000,1.0,1.0,2026-09-28
SNDK261009C02010000,74.0,25.0,2026-09-28
SNDK261009P02010000,5.0,1.0,2026-09-28
SNDK261009C02020000,39.0,45.0,2026-09-28
SNDK261009P02020000,2.0,0.0,2026-09-28
SNDK261009C02030000,34.0,47.0,2026-09-28
SNDK261009P02030000,5.0,0.0,2026-09-28
SNDK261009C02040000,22.0,4.0,2026-09-28
SNDK261009P02040000,1.0,0.0,2026-09-28
SNDK261009C02050000,50.0,59.0,2026-09-28
SNDK261009P02050000,7.0,2.0,2026-09-28
SNDK261009C02060000,79.0,23.0,2026-09-28
SNDK261009P02060000,1.0,0.0,2026-09-28
SNDK261009C02070000,22.0,11.0,2026-09-28
SNDK261009P02070000,1.0,0.0,2026-09-28
SNDK261009C02080000,50.0,31.0,2026-09-28
SNDK261009P02080000,0.0,0.0,2026-09-28
SNDK261009C02090000,65.0,40.0,2026-09-28
SNDK261009P02090000,1.0,0.0,2026-09-28
SNDK261009C02100000,173.0,166.0,2026-09-28
SNDK261009P02100000,11.0,0.0,2026-09-28
SNDK261009C02110000,26.0,15.0,2026-09-28
SNDK261009P02110000,1.0,0.0,2026-09-28
SNDK261009C02120000,25.0,7.0,2026-09-28
SNDK261009P02120000,1.0,0.0,2026-09-28
SNDK261009C02130000,60.0,31.0,2026-09-28
SNDK261009P02130000,3.0,0.0,2026-09-28
SNDK261009C02140000,92.0,63.0,2026-09-28
SNDK261009P02140000,1.0,0.0,2026-09-28
SNDK261009C02150000,75.0,55.0,2026-09-28
SNDK261009P02150000,0.0,0.0,2026-09-28
SNDK261009C02160000,50.0,11.0,2026-09-28
SNDK261009P02160000,0.0,0.0,2026-09-28
SNDK261009C02170000,38.0,33.0,2026-09-28
SNDK261009P02170000,0.0,0.0,2026-09-28
SNDK261009C02180000,72.0,19.0,2026-09-28
SNDK261009P02180000,7.0,0.0,2026-09-28
SNDK261009C02190000,57.0,41.0,2026-09-28
SNDK261009P02190000,1.0,0.0,2026-09-28
SNDK261009C02200000,148.0,245.0,2026-09-28
SNDK261009P02200000,6.0,1.0,2026-09-28
SNDK261009C02210000,19.0,15.0,2026-09-28
SNDK261009P02210000,5.0,0.0,2026-09-28
SNDK261009C02220000,31.0,30.0,2026-09-28
SNDK261009P02220000,0.0,0.0,2026-09-28
SNDK261009C02230000,21.0,1.0,2026-09-28
SNDK261009P02230000,0.0,0.0,2026-09-28
SNDK261009C02240000,15.0,10.0,2026-09-28
SNDK261009P02240000,0.0,0.0,2026-09-28
SNDK261009C02250000,57.0,22.0,2026-09-28
SNDK261009P02250000,1.0,1.0,2026-09-28
SNDK261009C02260000,14.0,54.0,2026-09-28
SNDK261009P02260000,2.0,0.0,2026-09-28
SNDK261009C02270000,13.0,1.0,2026-09-28
SNDK261009P02270000,0.0,0.0,2026-09-28
SNDK261009C02280000,47.0,12.0,2026-09-28
SNDK261009P02280000,5.0,0.0,2026-09-28
SNDK261009C02290000,83.0,46.0,2026-09-28
SNDK261009P02290000,1.0,0.0,2026-09-28
SNDK261009C02300000,112.0,53.0,2026-09-28
SNDK261009P02300000,2.0,1.0,2026-09-28
SNDK261009C02310000,14.0,9.0,2026-09-28
SNDK261009P02310000,0.0,0.0,2026-09-28
SNDK261009C02320000,11.0,2.0,2026-09-28
SNDK261009P02320000,0.0,0.0,2026-09-28
SNDK261009C02330000,40.0,8.0,2026-09-28
SNDK261009P02330000,0.0,0.0,2026-09-28
SNDK261009C02340000,13.0,4.0,2026-09-28
SNDK261009P02340000,0.0,0.0,2026-09-28
SNDK261009C02350000,35.0,112.0,2026-09-28
SNDK261009P02350000,0.0,0.0,2026-09-28
SNDK261009C02360000,12.0,10.0,2026-09-28
SNDK261009P02360000,0.0,0.0,2026-09-28
SNDK261009C02370000,34.0,0.0,2026-09-28
SNDK261009P02370000,0.0,0.0,2026-09-28
SNDK261009C02380000,24.0,6.0,2026-09-28
SNDK261009P02380000,0.0,0.0,2026-09-28
SNDK261009C02390000,25.0,0.0,2026-09-28
SNDK261009P02390000,0.0,0.0,2026-09-28
SNDK261009C02400000,127.0,77.0,2026-09-28
SNDK261009P02400000,0.0,0.0,2026-09-28
SNDK261009C02410000,3.0,2.0,2026-09-28
SNDK261009P02410000,0.0,0.0,2026-09-28
SNDK261009C02420000,13.0,0.0,2026-09-28
SNDK261009P02420000,0.0,0.0,2026-09-28
SNDK261009C02430000,3.0,8.0,2026-09-28
SNDK261009P02430000,0.0,0.0,2026-09-28
SNDK261009C02440000,8.0,13.0,2026-09-28
SNDK261009P02440000,0.0,0.0,2026-09-28
SNDK261009C02450000,39.0,32.0,2026-09-28
SNDK261009P02450000,0.0,0.0,2026-09-28
SNDK261009C02460000,3.0,0.0,2026-09-28
SNDK261009P02460000,0.0,0.0,2026-09-28
SNDK261009C02470000,60.0,1.0,2026-09-28
SNDK261009P02470000,0.0,0.0,2026-09-28
SNDK261009C02480000,10.0,14.0,2026-09-28
SNDK261009P02480000,0.0,0.0,2026-09-28
SNDK261009C02490000,3.0,4.0,2026-09-28
SNDK261009P02490000,0.0,0.0,2026-09-28
SNDK261009C02500000,127.0,25.0,2026-09-28
SNDK261009P02500000,0.0,1.0,2026-09-28
SNDK261009C02510000,1.0,2.0,2026-09-28
SNDK261009P02510000,0.0,0.0,2026-09-28
SNDK261009C02520000,7.0,0.0,2026-09-28
SNDK261009P02520000,0.0,0.0,2026-09-28
SNDK261009C02530000,4.0,0.0,2026-09-28
SNDK261009P02530000,0.0,0.0,2026-09-28
SNDK261009C02540000,10.0,20.0,2026-09-28
SNDK261009P02540000,0.0,0.0,2026-09-28
SNDK261009C02550000,27.0,4.0,2026-09-28
SNDK261009P02550000,0.0,0.0,2026-09-28
SNDK261009C02560000,4.0,0.0,2026-09-28
SNDK261009P02560000,0.0,0.0,2026-09-28
SNDK261009C02570000,5.0,0.0,2026-09-28
SNDK261009P02570000,0.0,0.0,2026-09-28
SNDK261009C02580000,44.0,0.0,2026-09-28
SNDK261009P02580000,0.0,0.0,2026-09-28
SNDK261009C02590000,9.0,6.0,2026-09-28
SNDK261009P02590000,0.0,0.0,2026-09-28
SNDK261009C02600000,72.0,10.0,2026-09-28
SNDK261009P02600000,0.0,0.0,2026-09-28
SNDK261009C02610000,4.0,16.0,2026-09-28
SNDK261009P02610000,0.0,0.0,2026-09-28
SNDK261009C02620000,0.0,0.0,2026-09-28
SNDK261009P02620000,0.0,0.0,2026-09-28
SNDK261009C02630000,5.0,0.0,2026-09-28
SNDK261009P02630000,0.0,0.0,2026-09-28
SNDK261009C02640000,1.0,0.0,2026-09-28
SNDK261009P02640000,0.0,0.0,2026-09-28
SNDK261009C02650000,4.0,0.0,2026-09-28
SNDK261009P02650000,0.0,0.0,2026-09-28
SNDK261009C02660000,2.0,0.0,2026-09-28
SNDK261009P02660000,0.0,0.0,2026-09-28
SNDK261009C02670000,11.0,0.0,2026-09-28
SNDK261009P02670000,0.0,0.0,2026-09-28
SNDK261009C02680000,4.0,2.0,2026-09-28
SNDK261009P02680000,0.0,0.0,2026-09-28
SNDK261009C02690000,0.0,0.0,2026-09-28
SNDK261009P02690000,0.0,0.0,2026-09-28
SNDK261009C02700000,0.0,0.0,2026-09-28
SNDK261009P02700000,0.0,0.0,2026-09-28
SNDK261009C02710000,0.0,0.0,2026-09-28
SNDK261009P02710000,0.0,0.0,2026-09-28
SNDK261009C02720000,1.0,0.0,2026-09-28
SNDK261009P02720000,0.0,0.0,2026-09-28
SNDK261009C02730000,0.0,0.0,2026-09-28
SNDK261009P02730000,0.0,0.0,2026-09-28
SNDK261009C02740000,2.0,0.0,2026-09-28
SNDK261009P02740000,0.0,0.0,2026-09-28
SNDK261009C02750000,7.0,0.0,2026-09-28
SNDK261009P02750000,0.0,0.0,2026-09-28
SNDK261009C02760000,0.0,0.0,2026-09-28
SNDK261009P02760000,0.0,0.0,2026-09-28
SNDK261009C02770000,0.0,0.0,2026-09-28
SNDK261009P02770000,0.0,0.0,2026-09-28
SNDK261009C02780000,1.0,0.0,2026-09-28
SNDK261009P02780000,0.0,0.0,2026-09-28
SNDK261009C02790000,0.0,0.0,2026-09-28
SNDK261009P02790000,0.0,0.0,2026-09-28
SNDK261009C02800000,49.0,0.0,2026-09-28
SNDK261009P02800000,0.0,0.0,2026-09-28
SNDK261009C02810000,4.0,0.0,2026-09-28
SNDK261009P02810000,0.0,0.0,2026-09-28
SNDK261009C02820000,0.0,0.0,2026-09-28
SNDK261009P02820000,0.0,0.0,2026-09-28
SNDK261009C02830000,0.0,0.0,2026-09-28
SNDK261009P02830000,0.0,0.0,2026-09-28
SNDK261009C02840000,4.0,0.0,2026-09-28
SNDK261009P02840000,0.0,0.0,2026-09-28
SNDK261009C02850000,2.0,0.0,2026-09-28
SNDK261009P02850000,0.0,0.0,2026-09-28
SNDK261009C02860000,67.0,1.0,2026-09-28
SNDK261009P02860000,0.0,0.0,2026-09-28
SNDK261016C00520000,132.0,0.0,2026-09-28
SNDK261016P00520000,403.0,0.0,2026-09-28
SNDK261016C00530000,7.0,0.0,2026-09-28
SNDK261016P00530000,469.0,0.0,2026-09-28
SNDK261016C00540000,4.0,0.0,2026-09-28
SNDK261016P00540000,90.0,0.0,2026-09-28
SNDK261016C00550000,1.0,0.0,2026-09-28
SNDK261016P00550000,112.0,70.0,2026-09-28
SNDK261016C00560000,1.0,0.0,2026-09-28
SNDK261016P00560000,29.0,0.0,2026-09-28
SNDK261016C00570000,2.0,0.0,2026-09-28
SNDK261016P00570000,67.0,0.0,2026-09-28
SNDK261016C00580000,1.0,0.0,2026-09-28
SNDK261016P00580000,42.0,0.0,2026-09-28
SNDK261016C00590000,0.0,0.0,2026-09-28
SNDK261016P00590000,172.0,1.0,2026-09-28
SNDK261016C00600000,5.0,0.0,2026-09-28
SNDK261016P00600000,444.0,0.0,2026-09-28
SNDK261016C00610000,0.0,0.0,2026-09-28
SNDK261016P00610000,314.0,0.0,2026-09-28
SNDK261016C00620000,3.0,0.0,2026-09-28
SNDK261016P00620000,176.0,0.0,2026-09-28
SNDK261016C00630000,0.0,0.0,2026-09-28
SNDK261016P00630000,44.0,0.0,2026-09-28
SNDK261016C00640000,11.0,0.0,2026-09-28
SNDK261016P00640000,240.0,10.0,2026-09-28
SNDK261016C00650000,2.0,0.0,2026-09-28
SNDK261016P00650000,1157.0,0.0,2026-09-28
SNDK261016C00660000,2.0,0.0,2026-09-28
SNDK261016P00660000,150.0,0.0,2026-09-28
SNDK261016C00670000,4.0,0.0,2026-09-28
SNDK261016P00670000,350.0,0.0,2026-09-28
SNDK261016C00680000,1.0,0.0,2026-09-28
SNDK261016P00680000,455.0,0.0,2026-09-28
SNDK261016C00690000,1.0,0.0,2026-09-28
SNDK261016P00690000,122.0,0.0,2026-09-28
SNDK261016C00700000,23.0,0.0,2026-09-28
SNDK261016P00700000,1583.0,2.0,2026-09-28
SNDK261016C00710000,1.0,0.0,2026-09-28
SNDK261016P00710000,44.0,0.0,2026-09-28
SNDK261016C00720000,7.0,0.0,2026-09-28
SNDK261016P00720000,382.0,0.0,2026-09-28
SNDK261016C00730000,1.0,0.0,2026-09-28
SNDK261016P00730000,75.0,0.0,2026-09-28
SNDK261016C00740000,13.0,0.0,2026-09-28
SNDK261016P00740000,353.0,0.0,2026-09-28
SNDK261016C00750000,0.0,0.0,2026-09-28
SNDK261016P00750000,112.0,0.0,2026-09-28
SNDK261016C00760000,8.0,0.0,2026-09-28
SNDK261016P00760000,78.0,0.0,2026-09-28
SNDK261016C00770000,1.0,0.0,2026-09-28
SNDK261016P00770000,15.0,0.0,2026-09-28
SNDK261016C00780000,4.0,0.0,2026-09-28
SNDK261016P00780000,192.0,22.0,2026-09-28
SNDK261016C00790000,2.0,0.0,2026-09-28
SNDK261016P00790000,70.0,20.0,2026-09-28
SNDK261016C00800000,42.0,0.0,2026-09-28
SNDK261016P00800000,1186.0,36.0,2026-09-28
SNDK261016C00820000,2.0,0.0,2026-09-28
SNDK261016P00820000,344.0,0.0,2026-09-28
SNDK261016C00830000,0.0,0.0,2026-09-28
SNDK261016P00830000,5.0,0.0,2026-09-28
SNDK261016C00840000,26.0,0.0,2026-09-28
SNDK261016P00840000,2081.0,4.0,2026-09-28
SNDK261016C00850000,2.0,0.0,2026-09-28
SNDK261016P00850000,33.0,0.0,2026-09-28
SNDK261016C00860000,6.0,0.0,2026-09-28
SNDK261016P00860000,136.0,20.0,2026-09-28
SNDK261016C00870000,0.0,0.0,2026-09-28
SNDK261016P00870000,15.0,12.0,2026-09-28
SNDK261016C00880000,11.0,0.0,2026-09-28
SNDK261016P00880000,308.0,1.0,2026-09-28
SNDK261016C00890000,2.0,0.0,2026-09-28
SNDK261016P00890000,80.0,21.0,2026-09-28
SNDK261016C00900000,8.0,0.0,2026-09-28
SNDK261016P00900000,2137.0,1.0,2026-09-28
SNDK261016C00910000,1.0,0.0,2026-09-28
SNDK261016P00910000,80.0,0.0,2026-09-28
SNDK261016C00920000,2.0,0.0,2026-09-28
SNDK261016P00920000,100.0,0.0,2026-09-28
SNDK261016C00930000,0.0,0.0,2026-09-28
SNDK261016P00930000,5.0,0.0,2026-09-28
SNDK261016C00940000,13.0,0.0,2026-09-28
SNDK261016P00940000,180.0,0.0,2026-09-28
SNDK261016C00950000,0.0,0.0,2026-09-28
SNDK261016P00950000,35.0,0.0,2026-09-28
SNDK261016C00960000,18.0,1.0,2026-09-28
SNDK261016P00960000,322.0,0.0,2026-09-28
SNDK261016C00970000,2.0,0.0,2026-09-28
SNDK261016P00970000,18.0,4.0,2026-09-28
SNDK261016C00980000,4.0,0.0,2026-09-28
SNDK261016P00980000,422.0,39.0,2026-09-28
SNDK261016C00990000,1.0,0.0,2026-09-28
SNDK261016P00990000,57.0,0.0,2026-09-28
SNDK261016C01000000,181.0,5.0,2026-09-28
SNDK261016P01000000,2116.0,399.0,2026-09-28
SNDK261016C01020000,18.0,0.0,2026-09-28
SNDK261016P01020000,1267.0,35.0,2026-09-28
SNDK261016C01040000,57.0,0.0,2026-09-28
SNDK261016P01040000,345.0,0.0,2026-09-28
SNDK261016C01060000,5.0,0.0,2026-09-28
SNDK261016P01060000,525.0,6.0,2026-09-28
SNDK261016C01080000,10.0,0.0,2026-09-28
SNDK261016P01080000,578.0,51.0,2026-09-28
SNDK261016C01100000,88.0,0.0,2026-09-28
SNDK261016P01100000,644.0,65.0,2026-09-28
SNDK261016C01120000,31.0,0.0,2026-09-28
SNDK261016P01120000,201.0,0.0,2026-09-28
SNDK261016C01140000,7.0,5.0,2026-09-28
SNDK261016P01140000,386.0,1.0,2026-09-28
SNDK261016C01160000,91.0,0.0,2026-09-28
SNDK261016P01160000,308.0,45.0,2026-09-28
SNDK261016C01180000,66.0,0.0,2026-09-28
SNDK261016P01180000,478.0,74.0,2026-09-28
SNDK261016C01200000,295.0,3.0,2026-09-28
SNDK261016P01200000,1596.0,149.0,2026-09-28
SNDK261016C01220000,73.0,0.0,2026-09-28
SNDK261016P01220000,254.0,3.0,2026-09-28
SNDK261016C01240000,79.0,0.0,2026-09-28
SNDK261016P01240000,397.0,40.0,2026-09-28
SNDK261016C01260000,84.0,0.0,2026-09-28
SNDK261016P01260000,367.0,347.0,2026-09-28
SNDK261016C01280000,40.0,2.0,2026-09-28
SNDK261016P01280000,184.0,14.0,2026-09-28
SNDK261016C01300000,251.0,5.0,2026-09-28
SNDK261016P01300000,906.0,215.0,2026-09-28
SNDK261016C01320000,107.0,0.0,2026-09-28
SNDK261016P01320000,171.0,53.0,2026-09-28
SNDK261016C01340000,177.0,10.0,2026-09-28
SNDK261016P01340000,216.0,251.0,2026-09-28
SNDK261016C01360000,83.0,0.0,2026-09-28
SNDK261016P01360000,298.0,96.0,2026-09-28
SNDK261016C01380000,242.0,0.0,2026-09-28
SNDK261016P01380000,290.0,339.0,2026-09-28
SNDK261016C01400000,188.0,0.0,2026-09-28
SNDK261016P01400000,1872.0,626.0,2026-09-28
SNDK261016C01420000,86.0,0.0,2026-09-28
SNDK261016P01420000,1044.0,112.0,2026-09-28
SNDK261016C01440000,50.0,0.0,2026-09-28
SNDK261016P01440000,387.0,97.0,2026-09-28
SNDK261016C01460000,54.0,1.0,2026-09-28
SNDK261016P01460000,779.0,132.0,2026-09-28
SNDK261016C01470000,22.0,1.0,2026-09-28
SNDK261016P01470000,227.0,65.0,2026-09-28
SNDK261016C01480000,63.0,0.0,2026-09-28
SNDK261016P01480000,239.0,101.0,2026-09-28
SNDK261016C01490000,47.0,0.0,2026-09-28
SNDK261016P01490000,402.0,215.0,2026-09-28
SNDK261016C01500000,579.0,20.0,2026-09-28
SNDK261016P01500000,1313.0,374.0,2026-09-28
SNDK261016C01510000,96.0,1.0,2026-09-28
SNDK261016P01510000,253.0,38.0,2026-09-28
SNDK261016C01520000,1199.0,77.0,2026-09-28
SNDK261016P01520000,306.0,94.0,2026-09-28
SNDK261016C01530000,131.0,79.0,2026-09-28
SNDK261016P01530000,263.0,112.0,2026-09-28
SNDK261016C01540000,192.0,10.0,2026-09-28
SNDK261016P01540000,225.0,35.0,2026-09-28
SNDK261016C01550000,185.0,7.0,2026-09-28
SNDK261016P01550000,486.0,132.0,2026-09-28
SNDK261016C01560000,95.0,3.0,2026-09-28
SNDK261016P01560000,544.0,95.0,2026-09-28
SNDK261016C01570000,115.0,45.0,2026-09-28
SNDK261016P01570000,232.0,36.0,2026-09-28
SNDK261016C01580000,156.0,26.0,2026-09-28
SNDK261016P01580000,464.0,55.0,2026-09-28
SNDK261016C01590000,87.0,3.0,2026-09-28
SNDK261016P01590000,217.0,101.0,2026-09-28
SNDK261016C01600000,787.0,53.0,2026-09-28
SNDK261016P01600000,1517.0,313.0,2026-09-28
SNDK261016C01610000,119.0,3.0,2026-09-28
SNDK261016P01610000,400.0,81.0,2026-09-28
SNDK261016C01620000,145.0,8.0,2026-09-28
SNDK261016P01620000,261.0,72.0,2026-09-28
SNDK261016C01630000,423.0,5.0,2026-09-28
SNDK261016P01630000,296.0,84.0,2026-09-28
SNDK261016C01640000,158.0,8.0,2026-09-28
SNDK261016P01640000,346.0,98.0,2026-09-28
SNDK261016C01645000,3.0,18.0,2026-09-28
SNDK261016P01645000,74.0,38.0,2026-09-28
SNDK261016C01650000,237.0,17.0,2026-09-28
SNDK261016P01650000,457.0,232.0,2026-09-28
SNDK261016C01655000,1.0,1.0,2026-09-28
SNDK261016P01655000,16.0,16.0,2026-09-28
SNDK261016C01660000,148.0,7.0,2026-09-28
SNDK261016P01660000,317.0,86.0,2026-09-28
SNDK261016C01665000,10.0,80.0,2026-09-28
SNDK261016P01665000,49.0,16.0,2026-09-28
SNDK261016C01670000,88.0,6.0,2026-09-28
SNDK261016P01670000,83.0,29.0,2026-09-28
SNDK261016C01675000,6.0,60.0,2026-09-28
SNDK261016P01675000,30.0,99.0,2026-09-28
SNDK261016C01680000,158.0,27.0,2026-09-28
SNDK261016P01680000,144.0,56.0,2026-09-28
SNDK261016C01685000,1.0,41.0,2026-09-28
SNDK261016P01685000,36.0,29.0,2026-09-28
SNDK261016C01690000,83.0,59.0,2026-09-28
SNDK261016P01690000,117.0,83.0,2026-09-28
SNDK261016C01695000,0.0,37.0,2026-09-28
SNDK261016P01695000,41.0,5.0,2026-09-28
SNDK261016C01700000,642.0,397.0,2026-09-28
SNDK261016P01700000,1226.0,246.0,2026-09-28
SNDK261016C01705000,13.0,68.0,2026-09-28
SNDK261016P01705000,125.0,85.0,2026-09-28
SNDK261016C01710000,97.0,194.0,2026-09-28
SNDK261016P01710000,151.0,90.0,2026-09-28
SNDK261016C01715000,3.0,145.0,2026-09-28
SNDK261016P01715000,90.0,128.0,2026-09-28
SNDK261016C01720000,224.0,197.0,2026-09-28
SNDK261016P01720000,205.0,129.0,2026-09-28
SNDK261016C01725000,184.0,28.0,2026-09-28
SNDK261016P01725000,45.0,7.0,2026-09-28
SNDK261016C01730000,106.0,28.0,2026-09-28
SNDK261016P01730000,136.0,112.0,2026-09-28
SNDK261016C01735000,12.0,297.0,2026-09-28
SNDK261016P01735000,33.0,44.0,2026-09-28
SNDK261016C01740000,302.0,451.0,2026-09-28
SNDK261016P01740000,171.0,77.0,2026-09-28
SNDK261016C01745000,42.0,67.0,2026-09-28
SNDK261016P01745000,45.0,20.0,2026-09-28
SNDK261016C01750000,421.0,190.0,2026-09-28
SNDK261016P01750000,350.0,78.0,2026-09-28
SNDK261016C01755000,54.0,32.0,2026-09-28
SNDK261016P01755000,76.0,25.0,2026-09-28
SNDK261016C01760000,284.0,71.0,2026-09-28
SNDK261016P01760000,181.0,18.0,2026-09-28
SNDK261016C01765000,232.0,68.0,2026-09-28
SNDK261016P01765000,47.0,12.0,2026-09-28
SNDK261016C01770000,106.0,72.0,2026-09-28
SNDK261016P01770000,124.0,91.0,2026-09-28
SNDK261016C01775000,42.0,31.0,2026-09-28
SNDK261016P01775000,205.0,7.0,2026-09-28
SNDK261016C01780000,442.0,75.0,2026-09-28
SNDK261016P01780000,316.0,6.0,2026-09-28
SNDK261016C01785000,36.0,36.0,2026-09-28
SNDK261016P01785000,54.0,5.0,2026-09-28
SNDK261016C01800000,1197.0,367.0,2026-09-28
SNDK261016P01800000,787.0,26.0,2026-09-28
SNDK261016C01820000,607.0,68.0,2026-09-28
SNDK261016P01820000,88.0,11.0,2026-09-28
SNDK261016C01840000,437.0,156.0,2026-09-28
SNDK261016P01840000,207.0,16.0,2026-09-28
SNDK261016C01860000,421.0,162.0,2026-09-28
SNDK261016P01860000,183.0,13.0,2026-09-28
SNDK261016C01880000,166.0,44.0,2026-09-28
SNDK261016P01880000,196.0,8.0,2026-09-28
SNDK261016C01900000,1079.0,412.0,2026-09-28
SNDK261016P01900000,202.0,24.0,2026-09-28
SNDK261016C01920000,152.0,139.0,2026-09-28
SNDK261016P01920000,21.0,6.0,2026-09-28
SNDK261016C01940000,325.0,131.0,2026-09-28
SNDK261016P01940000,23.0,9.0,2026-09-28
SNDK261016C01960000,467.0,98.0,2026-09-28
SNDK261016P01960000,33.0,8.0,2026-09-28
SNDK261016C01980000,100.0,156.0,2026-09-28
SNDK261016P01980000,43.0,1.0,2026-09-28
SNDK261016C02000000,2063.0,891.0,2026-09-28
SNDK261016P02000000,81.0,2.0,2026-09-28
SNDK261016C02020000,147.0,83.0,2026-09-28
SNDK261016P02020000,113.0,0.0,2026-09-28
SNDK261016C02040000,229.0,99.0,2026-09-28
SNDK261016P02040000,23.0,0.0,2026-09-28
SNDK261016C02060000,446.0,424.0,2026-09-28
SNDK261016P02060000,25.0,5.0,2026-09-28
SNDK261016C02080000,161.0,72.0,2026-09-28
SNDK261016P02080000,48.0,0.0,2026-09-28
SNDK261016C02100000,868.0,605.0,2026-09-28
SNDK261016P02100000,97.0,6.0,2026-09-28
SNDK261016C02120000,325.0,53.0,2026-09-28
SNDK261016P02120000,80.0,0.0,2026-09-28
SNDK261016C02130000,52.0,25.0,2026-09-28
SNDK261016P02130000,64.0,0.0,2026-09-28
SNDK261016C02140000,135.0,16.0,2026-09-28
SNDK261016P02140000,5.0,0.0,2026-09-28
SNDK261016C02150000,357.0,55.0,2026-09-28
SNDK261016P02150000,11.0,0.0,2026-09-28
SNDK261016C02160000,83.0,41.0,2026-09-28
SNDK261016P02160000,16.0,0.0,2026-09-28
SNDK261016C02170000,66.0,54.0,2026-09-28
SNDK261016P02170000,11.0,0.0,2026-09-28
SNDK261016C02180000,107.0,56.0,2026-09-28
SNDK261016P02180000,7.0,0.0,2026-09-28
SNDK261016C02190000,86.0,21.0,2026-09-28
SNDK261016P02190000,9.0,0.0,2026-09-28
SNDK261016C02200000,844.0,180.0,2026-09-28
SNDK261016P02200000,46.0,5.0,2026-09-28
SNDK261016C02210000,131.0,103.0,2026-09-28
SNDK261016P02210000,3.0,0.0,2026-09-28
SNDK261016C02220000,191.0,35.0,2026-09-28
SNDK261016P02220000,22.0,0.0,2026-09-28
SNDK261016C02240000,259.0,18.0,2026-09-28
SNDK261016P02240000,6.0,0.0,2026-09-28
SNDK261016C02260000,70.0,160.0,2026-09-28
SNDK261016P02260000,16.0,0.0,2026-09-28
SNDK261016C02280000,82.0,54.0,2026-09-28
SNDK261016P02280000,19.0,0.0,2026-09-28
SNDK261016C02300000,418.0,266.0,2026-09-28
SNDK261016P02300000,13.0,0.0,2026-09-28
SNDK261016C02320000,106.0,16.0,2026-09-28
SNDK261016P02320000,1.0,0.0,2026-09-28
SNDK261016C02340000,90.0,11.0,2026-09-28
SNDK261016P02340000,14.0,0.0,2026-09-28
SNDK261016C02360000,141.0,16.0,2026-09-28
SNDK261016P02360000,5.0,0.0,2026-09-28
SNDK261016C02380000,203.0,10.0,2026-09-28
SNDK261016P02380000,57.0,0.0,2026-09-28
SNDK261016C02400000,423.0,85.0,2026-09-28
SNDK261016P02400000,4.0,0.0,2026-09-28
SNDK261016C02420000,97.0,2.0,2026-09-28
SNDK261016P02420000,2.0,0.0,2026-09-28
SNDK261016C02440000,497.0,8.0,2026-09-28
SNDK261016P02440000,3.0,0.0,2026-09-28
SNDK261016C02460000,65.0,0.0,2026-09-28
SNDK261016P02460000,0.0,0.0,2026-09-28
SNDK261016C02470000,33.0,4.0,2026-09-28
SNDK261016P02470000,5.0,0.0,2026-09-28
SNDK261016C02480000,34.0,1.0,2026-09-28
SNDK261016P02480000,1.0,0.0,2026-09-28
SNDK261016C02490000,34.0,2.0,2026-09-28
SNDK261016P02490000,2.0,0.0,2026-09-28
SNDK261016C02500000,1200.0,170.0,2026-09-28
SNDK261016P02500000,50.0,0.0,2026-09-28
SNDK261016C02510000,23.0,0.0,2026-09-28
SNDK261016P02510000,0.0,0.0,2026-09-28
SNDK261016C02520000,141.0,6.0,2026-09-28
SNDK261016P02520000,1.0,0.0,2026-09-28
SNDK261016C02530000,31.0,8.0,2026-09-28
SNDK261016P02530000,0.0,0.0,2026-09-28
SNDK261016C02540000,80.0,3.0,2026-09-28
SNDK261016P02540000,0.0,0.0,2026-09-28
SNDK261016C02550000,443.0,3.0,2026-09-28
SNDK261016P02550000,0.0,0.0,2026-09-28
SNDK261016C02560000,8.0,0.0,2026-09-28
SNDK261016P02560000,0.0,0.0,2026-09-28
SNDK261016C02570000,39.0,7.0,2026-09-28
SNDK261016P02570000,0.0,0.0,2026-09-28
SNDK261016C02580000,33.0,12.0,2026-09-28
SNDK261016P02580000,1.0,0.0,2026-09-28
SNDK261016C02590000,40.0,5.0,2026-09-28
SNDK261016P02590000,0.0,0.0,2026-09-28
SNDK261016C02600000,170.0,30.0,2026-09-28
SNDK261016P02600000,3.0,0.0,2026-09-28
SNDK261016C02610000,38.0,2.0,2026-09-28
SNDK261016P02610000,0.0,0.0,2026-09-28
SNDK261016C02620000,49.0,1.0,2026-09-28
SNDK261016P02620000,0.0,0.0,2026-09-28
SNDK261016C02630000,86.0,0.0,2026-09-28
SNDK261016P02630000,0.0,0.0,2026-09-28
SNDK261016C02640000,16.0,0.0,2026-09-28
SNDK261016P02640000,0.0,0.0,2026-09-28
SNDK261016C02650000,68.0,53.0,2026-09-28
SNDK261016P02650000,0.0,0.0,2026-09-28
SNDK261016C02660000,31.0,1.0,2026-09-28
SNDK261016P02660000,0.0,0.0,2026-09-28
SNDK261016C02670000,10.0,2.0,2026-09-28
SNDK261016P02670000,0.0,0.0,2026-09-28
SNDK261016C02680000,10.0,1.0,2026-09-28
SNDK261016P02680000,0.0,0.0,2026-09-28
SNDK261016C02690000,54.0,12.0,2026-09-28
SNDK261016P02690000,0.0,0.0,2026-09-28
SNDK261016C02700000,265.0,7.0,2026-09-28
SNDK261016P02700000,0.0,0.0,2026-09-28
SNDK261016C02710000,13.0,5.0,2026-09-28
SNDK261016P02710000,0.0,0.0,2026-09-28
SNDK261016C02720000,31.0,0.0,2026-09-28
SNDK261016P02720000,0.0,0.0,2026-09-28
SNDK261016C02730000,23.0,3.0,2026-09-28
SNDK261016P02730000,0.0,0.0,2026-09-28
SNDK261016C02740000,13.0,22.0,2026-09-28
SNDK261016P02740000,0.0,0.0,2026-09-28
SNDK261016C02750000,115.0,3.0,2026-09-28
SNDK261016P02750000,0.0,0.0,2026-09-28
SNDK261016C02760000,21.0,17.0,2026-09-28
SNDK261016P02760000,0.0,0.0,2026-09-28
SNDK261016C02770000,20.0,0.0,2026-09-28
SNDK261016P02770000,0.0,0.0,2026-09-28
SNDK261016C02780000,20.0,0.0,2026-09-28
SNDK261016P02780000,0.0,0.0,2026-09-28
SNDK261016C02790000,34.0,24.0,2026-09-28
SNDK261016P02790000,0.0,0.0,2026-09-28
SNDK261016C02800000,361.0,92.0,2026-09-28
SNDK261016P02800000,0.0,0.0,2026-09-28
SNDK261016C02810000,33.0,1.0,2026-09-28
SNDK261016P02810000,0.0,0.0,2026-09-28
SNDK261016C02820000,40.0,13.0,2026-09-28
SNDK261016P02820000,0.0,0.0,2026-09-28
SNDK261016C02830000,22.0,9.0,2026-09-28
SNDK261016P02830000,0.0,0.0,2026-09-28
SNDK261016C02840000,36.0,25.0,2026-09-28
SNDK261016P02840000,0.0,0.0,2026-09-28
SNDK261016C02850000,4.0,130.0,2026-09-28
SNDK261016P02850000,0.0,0.0,2026-09-28
SNDK261016C02860000,16.0,29.0,2026-09-28
SNDK261016P02860000,0.0,0.0,2026-09-28
SNDK261016C02880000,65.0,0.0,2026-09-28
SNDK261016P02880000,0.0,0.0,2026-09-28
SNDK261016C02900000,168.0,0.0,2026-09-28
SNDK261016P02900000,0.0,0.0,2026-09-28
SNDK261016C02920000,35.0,0.0,2026-09-28
SNDK261016P02920000,0.0,0.0,2026-09-28
SNDK261016C02940000,113.0,0.0,2026-09-28
SNDK261016P02940000,0.0,0.0,2026-09-28
SNDK261016C02960000,13.0,49.0,2026-09-28
SNDK261016P02960000,0.0,0.0,2026-09-28
SNDK261016C02980000,154.0,100.0,2026-09-28
SNDK261016P02980000,0.0,0.0,2026-09-28
SNDK261016C03000000,713.0,278.0,2026-09-28
SNDK261016P03000000,0.0,0.0,2026-09-28
SNDK261016C03010000,81.0,0.0,2026-09-28
SNDK261016P03010000,0.0,0.0,2026-09-28
SNDK261016C03020000,12.0,0.0,2026-09-28
SNDK261016P03020000,0.0,0.0,2026-09-28
SNDK261016C03030000,103.0,1.0,2026-09-28
SNDK261016P03030000,0.0,0.0,2026-09-28
SNDK261016C03040000,107.0,0.0,2026-09-28
SNDK261016P03040000,0.0,0.0,2026-09-28
SNDK261016C03050000,48.0,4.0,2026-09-28
SNDK261016P03050000,0.0,0.0,2026-09-28
SNDK261016C03060000,128.0,9.0,2026-09-28
SNDK261016P03060000,0.0,0.0,2026-09-28
SNDK261016C03070000,54.0,0.0,2026-09-28
SNDK261016P03070000,0.0,0.0,2026-09-28
SNDK261016C03080000,44.0,0.0,2026-09-28
SNDK261016P03080000,0.0,0.0,2026-09-28
SNDK261016C03090000,63.0,0.0,2026-09-28
SNDK261016P03090000,0.0,0.0,2026-09-28
SNDK261016C03100000,88.0,0.0,2026-09-28
SNDK261016P03100000,0.0,0.0,2026-09-28
SNDK261016C03110000,54.0,0.0,2026-09-28
SNDK261016P03110000,0.0,0.0,2026-09-28
SNDK261016C03120000,111.0,0.0,2026-09-28
SNDK261016P03120000,0.0,0.0,2026-09-28
SNDK261016C03130000,89.0,0.0,2026-09-28
SNDK261016P03130000,0.0,0.0,2026-09-28
SNDK261016C03140000,42.0,0.0,2026-09-28
SNDK261016P03140000,0.0,0.0,2026-09-28
SNDK261016C03150000,27.0,0.0,2026-09-28
SNDK261016P03150000,0.0,0.0,2026-09-28
SNDK261016C03160000,225.0,0.0,2026-09-28
SNDK261016P03160000,0.0,0.0,2026-09-28
SNDK261016C03170000,13.0,0.0,2026-09-28
SNDK261016P03170000,0.0,0.0,2026-09-28
SNDK261016C03180000,111.0,4.0,2026-09-28
SNDK261016P03180000,0.0,0.0,2026-09-28
SNDK261016C03190000,425.0,2.0,2026-09-28
SNDK261016P03190000,0.0,0.0,2026-09-28
SNDK261016C03200000,224.0,4.0,2026-09-28
SNDK261016P03200000,0.0,0.0,2026-09-28
SNDK261016C03210000,28.0,2.0,2026-09-28
SNDK261016P03210000,0.0,0.0,2026-09-28
SNDK261016C03220000,9.0,0.0,2026-09-28
SNDK261016P03220000,0.0,0.0,2026-09-28
SNDK261016C03230000,26.0,0.0,2026-09-28
SNDK261016P03230000,0.0,0.0,2026-09-28
SNDK261016C03240000,42.0,0.0,2026-09-28
SNDK261016P03240000,0.0,0.0,2026-09-28
SNDK261016C03250000,51.0,0.0,2026-09-28
SNDK261016P03250000,0.0,0.0,2026-09-28
SNDK261016C03260000,32.0,0.0,2026-09-28
SNDK261016P03260000,0.0,0.0,2026-09-28
SNDK261016C03270000,339.0,0.0,2026-09-28
SNDK261016P03270000,0.0,0.0,2026-09-28
SNDK261016C03280000,19.0,0.0,2026-09-28
SNDK261016P03280000,0.0,0.0,2026-09-28
SNDK261016C03290000,34.0,8.0,2026-09-28
SNDK261016P03290000,0.0,0.0,2026-09-28
SNDK261016C03300000,753.0,8.0,2026-09-28
SNDK261016P03300000,0.0,0.0,2026-09-28
SNDK261016C03310000,15.0,0.0,2026-09-28
SNDK261016P03310000,0.0,0.0,2026-09-28
SNDK261016C03320000,18.0,0.0,2026-09-28
SNDK261016P03320000,0.0,0.0,2026-09-28
SNDK261016C03330000,114.0,0.0,2026-09-28
SNDK261016P03330000,0.0,0.0,2026-09-28
SNDK261016C03340000,11.0,0.0,2026-09-28
SNDK261016P03340000,0.0,0.0,2026-09-28
SNDK261016C03350000,52.0,0.0,2026-09-28
SNDK261016P03350000,0.0,0.0,2026-09-28
SNDK261016C03360000,13.0,0.0,2026-09-28
SNDK261016P03360000,0.0,0.0,2026-09-28
SNDK261016C03370000,72.0,0.0,2026-09-28
SNDK261016P03370000,0.0,0.0,2026-09-28
SNDK261016C03380000,29.0,0.0,2026-09-28
SNDK261016P03380000,0.0,0.0,2026-09-28
SNDK261016C03390000,14.0,0.0,2026-09-28
SNDK261016P03390000,0.0,0.0,2026-09-28
SNDK261016C03400000,57.0,3.0,2026-09-28
SNDK261016P03400000,0.0,0.0,2026-09-28
SNDK261016C03410000,23.0,0.0,2026-09-28
SNDK261016P03410000,0.0,0.0,2026-09-28
SNDK261016C03420000,13.0,0.0,2026-09-28
SNDK261016P03420000,0.0,0.0,2026-09-28
SNDK261016C03430000,60.0,0.0,2026-09-28
SNDK261016P03430000,0.0,0.0,2026-09-28
SNDK261016C03440000,27.0,0.0,2026-09-28
SNDK261016P03440000,0.0,0.0,2026-09-28
SNDK261016C03450000,13.0,0.0,2026-09-28
SNDK261016P03450000,0.0,0.0,2026-09-28
SNDK261016C03460000,11.0,0.0,2026-09-28
SNDK261016P03460000,0.0,0.0,2026-09-28
SNDK261016C03470000,148.0,0.0,2026-09-28
SNDK261016P03470000,0.0,0.0,2026-09-28
SNDK261016C03480000,35.0,0.0,2026-09-28
SNDK261016P03480000,0.0,0.0,2026-09-28
SNDK261016C03490000,26.0,0.0,2026-09-28
SNDK261016P03490000,0.0,0.0,2026-09-28
SNDK261016C03500000,165.0,0.0,2026-09-28
SNDK261016P03500000,0.0,0.0,2026-09-28
SNDK261016C03510000,117.0,10.0,2026-09-28
SNDK261016P03510000,0.0,0.0,2026-09-28
SNDK261016C03520000,204.0,10.0,2026-09-28
SNDK261016P03520000,0.0,0.0,2026-09-28
SNDK261016C03530000,1863.0,57.0,2026-09-28
SNDK261016P03530000,0.0,0.0,2026-09-28
SNDK261023C00760000,1.0,0.0,2026-09-28
SNDK261023P00760000,24.0,0.0,2026-09-28
SNDK261023C00770000,0.0,0.0,2026-09-28
SNDK261023P00770000,7.0,0.0,2026-09-28
SNDK261023C00780000,0.0,0.0,2026-09-28
SNDK261023P00780000,21.0,0.0,2026-09-28
SNDK261023C00790000,0.0,0.0,2026-09-28
SNDK261023P00790000,5.0,0.0,2026-09-28
SNDK261023C00800000,3.0,0.0,2026-09-28
SNDK261023P00800000,65.0,0.0,2026-09-28
SNDK261023C00810000,0.0,0.0,2026-09-28
SNDK261023P00810000,1.0,0.0,2026-09-28
SNDK261023C00820000,0.0,0.0,2026-09-28
SNDK261023P00820000,1.0,0.0,2026-09-28
SNDK261023C00830000,0.0,0.0,2026-09-28
SNDK261023P00830000,0.0,0.0,2026-09-28
SNDK261023C00840000,0.0,0.0,2026-09-28
SNDK261023P00840000,0.0,0.0,2026-09-28
SNDK261023C00850000,0.0,0.0,2026-09-28
SNDK261023P00850000,0.0,0.0,2026-09-28
SNDK261023C00860000,0.0,0.0,2026-09-28
SNDK261023P00860000,3.0,0.0,2026-09-28
SNDK261023C00870000,1.0,0.0,2026-09-28
SNDK261023P00870000,7.0,0.0,2026-09-28
SNDK261023C00880000,1.0,0.0,2026-09-28
SNDK261023P00880000,16.0,0.0,2026-09-28
SNDK261023C00890000,0.0,0.0,2026-09-28
SNDK261023P00890000,2.0,0.0,2026-09-28
SNDK261023C00900000,1.0,0.0,2026-09-28
SNDK261023P00900000,19.0,0.0,2026-09-28
SNDK261023C00910000,0.0,0.0,2026-09-28
SNDK261023P00910000,9.0,0.0,2026-09-28
SNDK261023C00920000,0.0,0.0,2026-09-28
SNDK261023P00920000,1.0,0.0,2026-09-28
SNDK261023C00930000,0.0,0.0,2026-09-28
SNDK261023P00930000,2.0,0.0,2026-09-28
SNDK261023C00940000,1.0,0.0,2026-09-28
SNDK261023P00940000,12.0,0.0,2026-09-28
SNDK261023C00950000,0.0,0.0,2026-09-28
SNDK261023P00950000,15.0,1.0,2026-09-28
SNDK261023C00960000,0.0,0.0,2026-09-28
SNDK261023P00960000,8.0,0.0,2026-09-28
SNDK261023C00970000,0.0,6.0,2026-09-28
SNDK261023P00970000,12.0,4.0,2026-09-28
SNDK261023C00975000,0.0,0.0,2026-09-28
SNDK261023P00975000,12.0,4.0,2026-09-28
SNDK261023C00980000,0.0,0.0,2026-09-28
SNDK261023P00980000,13.0,0.0,2026-09-28
SNDK261023C00985000,0.0,0.0,2026-09-28
SNDK261023P00985000,24.0,0.0,2026-09-28
SNDK261023C00990000,0.0,0.0,2026-09-28
SNDK261023P00990000,10.0,0.0,2026-09-28
SNDK261023C00995000,1.0,1.0,2026-09-28
SNDK261023P00995000,35.0,0.0,2026-09-28
SNDK261023C01000000,0.0,0.0,2026-09-28
SNDK261023P01000000,71.0,28.0,2026-09-28
SNDK261023C01005000,1.0,1.0,2026-09-28
SNDK261023P01005000,4.0,32.0,2026-09-28
SNDK261023C01010000,1.0,0.0,2026-09-28
SNDK261023P01010000,34.0,32.0,2026-09-28
SNDK261023C01015000,0.0,0.0,2026-09-28
SNDK261023P01015000,4.0,32.0,2026-09-28
SNDK261023C01020000,0.0,0.0,2026-09-28
SNDK261023P01020000,1.0,6.0,2026-09-28
SNDK261023C01025000,0.0,0.0,2026-09-28
SNDK261023P01025000,5.0,0.0,2026-09-28
SNDK261023C01030000,0.0,0.0,2026-09-28
SNDK261023P01030000,3.0,0.0,2026-09-28
SNDK261023C01035000,0.0,0.0,2026-09-28
SNDK261023P01035000,0.0,8.0,2026-09-28
SNDK261023C01040000,0.0,0.0,2026-09-28
SNDK261023P01040000,2.0,0.0,2026-09-28
SNDK261023C01045000,0.0,0.0,2026-09-28
SNDK261023P01045000,1.0,0.0,2026-09-28
SNDK261023C01050000,0.0,0.0,2026-09-28
SNDK261023P01050000,6.0,0.0,2026-09-28
SNDK261023C01055000,0.0,0.0,2026-09-28
SNDK261023P01055000,0.0,0.0,2026-09-28
SNDK261023C01060000,0.0,0.0,2026-09-28
SNDK261023P01060000,5.0,0.0,2026-09-28
SNDK261023C01065000,0.0,0.0,2026-09-28
SNDK261023P01065000,0.0,0.0,2026-09-28
SNDK261023C01070000,0.0,0.0,2026-09-28
SNDK261023P01070000,4.0,0.0,2026-09-28
SNDK261023C01075000,0.0,0.0,2026-09-28
SNDK261023P01075000,0.0,0.0,2026-09-28
SNDK261023C01080000,0.0,0.0,2026-09-28
SNDK261023P01080000,2.0,0.0,2026-09-28
SNDK261023C01085000,0.0,0.0,2026-09-28
SNDK261023P01085000,5.0,0.0,2026-09-28
SNDK261023C01090000,0.0,0.0,2026-09-28
SNDK261023P01090000,2.0,0.0,2026-09-28
SNDK261023C01095000,0.0,0.0,2026-09-28
SNDK261023P01095000,6.0,0.0,2026-09-28
SNDK261023C01100000,0.0,0.0,2026-09-28
SNDK261023P01100000,134.0,11.0,2026-09-28
SNDK261023C01105000,0.0,0.0,2026-09-28
SNDK261023P01105000,1.0,0.0,2026-09-28
SNDK261023C01110000,0.0,0.0,2026-09-28
SNDK261023P01110000,1.0,0.0,2026-09-28
SNDK261023C01115000,0.0,0.0,2026-09-28
SNDK261023P01115000,1.0,0.0,2026-09-28
SNDK261023C01120000,0.0,0.0,2026-09-28
SNDK261023P01120000,13.0,4.0,2026-09-28
SNDK261023C01125000,0.0,0.0,2026-09-28
SNDK261023P01125000,1.0,0.0,2026-09-28
SNDK261023C01130000,0.0,0.0,2026-09-28
SNDK261023P01130000,88.0,5.0,2026-09-28
SNDK261023C01135000,0.0,0.0,2026-09-28
SNDK261023P01135000,23.0,0.0,2026-09-28
SNDK261023C01140000,0.0,0.0,2026-09-28
SNDK261023P01140000,36.0,64.0,2026-09-28
SNDK261023C01150000,0.0,0.0,2026-09-28
SNDK261023P01150000,24.0,0.0,2026-09-28
SNDK261023C01160000,0.0,0.0,2026-09-28
SNDK261023P01160000,7.0,11.0,2026-09-28
SNDK261023C01170000,0.0,0.0,2026-09-28
SNDK261023P01170000,2.0,3.0,2026-09-28
SNDK261023C01180000,0.0,0.0,2026-09-28
SNDK261023P01180000,19.0,15.0,2026-09-28
SNDK261023C01190000,0.0,0.0,2026-09-28
SNDK261023P01190000,17.0,27.0,2026-09-28
SNDK261023C01200000,3.0,0.0,2026-09-28
SNDK261023P01200000,155.0,19.0,2026-09-28
SNDK261023C01210000,0.0,0.0,2026-09-28
SNDK261023P01210000,16.0,0.0,2026-09-28
SNDK261023C01220000,1.0,0.0,2026-09-28
SNDK261023P01220000,134.0,3.0,2026-09-28
SNDK261023C01230000,0.0,0.0,2026-09-28
SNDK261023P01230000,30.0,26.0,2026-09-28
SNDK261023C01240000,0.0,0.0,2026-09-28
SNDK261023P01240000,7.0,22.0,2026-09-28
SNDK261023C01250000,3.0,0.0,2026-09-28
SNDK261023P01250000,33.0,7.0,2026-09-28
SNDK261023C01260000,1.0,0.0,2026-09-28
SNDK261023P01260000,10.0,22.0,2026-09-28
SNDK261023C01270000,1.0,0.0,2026-09-28
SNDK261023P01270000,82.0,18.0,2026-09-28
SNDK261023C01280000,1.0,2.0,2026-09-28
SNDK261023P01280000,27.0,2.0,2026-09-28
SNDK261023C01290000,0.0,0.0,2026-09-28
SNDK261023P01290000,51.0,1.0,2026-09-28
SNDK261023C01300000,28.0,2.0,2026-09-28
SNDK261023P01300000,59.0,24.0,2026-09-28
SNDK261023C01305000,1.0,0.0,2026-09-28
SNDK261023P01305000,13.0,0.0,2026-09-28
SNDK261023C01310000,2.0,0.0,2026-09-28
SNDK261023P01310000,9.0,9.0,2026-09-28
SNDK261023C01315000,0.0,0.0,2026-09-28
SNDK261023P01315000,31.0,36.0,2026-09-28
SNDK261023C01320000,1.0,0.0,2026-09-28
SNDK261023P01320000,9.0,9.0,2026-09-28
SNDK261023C01325000,0.0,0.0,2026-09-28
SNDK261023P01325000,43.0,13.0,2026-09-28
SNDK261023C01330000,0.0,0.0,2026-09-28
SNDK261023P01330000,28.0,8.0,2026-09-28
SNDK261023C01335000,0.0,0.0,2026-09-28
SNDK261023P01335000,7.0,0.0,2026-09-28
SNDK261023C01340000,0.0,0.0,2026-09-28
SNDK261023P01340000,68.0,4.0,2026-09-28
SNDK261023C01345000,0.0,0.0,2026-09-28
SNDK261023P01345000,43.0,2.0,2026-09-28
SNDK261023C01350000,0.0,0.0,2026-09-28
SNDK261023P01350000,58.0,0.0,2026-09-28
SNDK261023C01355000,2.0,0.0,2026-09-28
SNDK261023P01355000,19.0,4.0,2026-09-28
SNDK261023C01360000,1.0,0.0,2026-09-28
SNDK261023P01360000,49.0,32.0,2026-09-28
SNDK261023C01365000,15.0,0.0,2026-09-28
SNDK261023P01365000,25.0,5.0,2026-09-28
SNDK261023C01370000,16.0,0.0,2026-09-28
SNDK261023P01370000,22.0,2.0,2026-09-28
SNDK261023C01375000,0.0,0.0,2026-09-28
SNDK261023P01375000,16.0,2.0,2026-09-28
SNDK261023C01380000,1.0,0.0,2026-09-28
SNDK261023P01380000,33.0,5.0,2026-09-28
SNDK261023C01385000,0.0,0.0,2026-09-28
SNDK261023P01385000,92.0,2.0,2026-09-28
SNDK261023C01390000,1.0,0.0,2026-09-28
SNDK261023P01390000,52.0,12.0,2026-09-28
SNDK261023C01395000,1.0,0.0,2026-09-28
SNDK261023P01395000,30.0,10.0,2026-09-28
SNDK261023C01400000,1.0,0.0,2026-09-28
SNDK261023P01400000,107.0,25.0,2026-09-28
SNDK261023C01405000,0.0,0.0,2026-09-28
SNDK261023P01405000,27.0,2.0,2026-09-28
SNDK261023C01410000,0.0,0.0,2026-09-28
SNDK261023P01410000,32.0,3.0,2026-09-28
SNDK261023C01415000,0.0,0.0,2026-09-28
SNDK261023P01415000,24.0,0.0,2026-09-28
SNDK261023C01420000,0.0,0.0,2026-09-28
SNDK261023P01420000,79.0,4.0,2026-09-28
SNDK261023C01425000,0.0,0.0,2026-09-28
SNDK261023P01425000,40.0,1.0,2026-09-28
SNDK261023C01430000,1.0,0.0,2026-09-28
SNDK261023P01430000,27.0,0.0,2026-09-28
SNDK261023C01435000,0.0,0.0,2026-09-28
SNDK261023P01435000,51.0,0.0,2026-09-28
SNDK261023C01440000,0.0,0.0,2026-09-28
SNDK261023P01440000,34.0,1.0,2026-09-28
SNDK261023C01445000,0.0,0.0,2026-09-28
SNDK261023P01445000,93.0,14.0,2026-09-28
SNDK261023C01450000,8.0,0.0,2026-09-28
SNDK261023P01450000,119.0,13.0,2026-09-28
SNDK261023C01455000,0.0,0.0,2026-09-28
SNDK261023P01455000,15.0,1.0,2026-09-28
SNDK261023C01460000,0.0,0.0,2026-09-28
SNDK261023P01460000,54.0,19.0,2026-09-28
SNDK261023C01465000,0.0,0.0,2026-09-28
SNDK261023P01465000,7.0,0.0,2026-09-28
SNDK261023C01470000,1.0,0.0,2026-09-28
SNDK261023P01470000,76.0,7.0,2026-09-28
SNDK261023C01475000,0.0,0.0,2026-09-28
SNDK261023P01475000,8.0,0.0,2026-09-28
SNDK261023C01480000,1.0,0.0,2026-09-28
SNDK261023P01480000,64.0,0.0,2026-09-28
SNDK261023C01485000,1.0,0.0,2026-09-28
SNDK261023P01485000,17.0,1.0,2026-09-28
SNDK261023C01490000,1.0,0.0,2026-09-28
SNDK261023P01490000,80.0,7.0,2026-09-28
SNDK261023C01495000,1.0,0.0,2026-09-28
SNDK261023P01495000,33.0,2.0,2026-09-28
SNDK261023C01500000,29.0,0.0,2026-09-28
SNDK261023P01500000,450.0,39.0,2026-09-28
SNDK261023C01505000,0.0,0.0,2026-09-28
SNDK261023P01505000,44.0,1.0,2026-09-28
SNDK261023C01510000,5.0,0.0,2026-09-28
SNDK261023P01510000,76.0,5.0,2026-09-28
SNDK261023C01515000,7.0,0.0,2026-09-28
SNDK261023P01515000,31.0,0.0,2026-09-28
SNDK261023C01520000,24.0,0.0,2026-09-28
SNDK261023P01520000,54.0,12.0,2026-09-28
SNDK261023C01525000,26.0,2.0,2026-09-28
SNDK261023P01525000,28.0,0.0,2026-09-28
SNDK261023C01530000,18.0,0.0,2026-09-28
SNDK261023P01530000,59.0,74.0,2026-09-28
SNDK261023C01535000,1.0,0.0,2026-09-28
SNDK261023P01535000,9.0,11.0,2026-09-28
SNDK261023C01540000,2.0,6.0,2026-09-28
SNDK261023P01540000,157.0,1.0,2026-09-28
SNDK261023C01545000,2.0,0.0,2026-09-28
SNDK261023P01545000,5.0,0.0,2026-09-28
SNDK261023C01550000,9.0,0.0,2026-09-28
SNDK261023P01550000,84.0,39.0,2026-09-28
SNDK261023C01555000,8.0,0.0,2026-09-28
SNDK261023P01555000,26.0,0.0,2026-09-28
SNDK261023C01560000,1.0,0.0,2026-09-28
SNDK261023P01560000,58.0,1.0,2026-09-28
SNDK261023C01565000,3.0,0.0,2026-09-28
SNDK261023P01565000,22.0,0.0,2026-09-28
SNDK261023C01570000,10.0,0.0,2026-09-28
SNDK261023P01570000,61.0,0.0,2026-09-28
SNDK261023C01575000,1.0,0.0,2026-09-28
SNDK261023P01575000,14.0,1.0,2026-09-28
SNDK261023C01580000,2.0,1.0,2026-09-28
SNDK261023P01580000,30.0,7.0,2026-09-28
SNDK261023C01585000,5.0,0.0,2026-09-28
SNDK261023P01585000,14.0,7.0,2026-09-28
SNDK261023C01590000,11.0,0.0,2026-09-28
SNDK261023P01590000,10.0,2.0,2026-09-28
SNDK261023C01595000,7.0,0.0,2026-09-28
SNDK261023P01595000,7.0,0.0,2026-09-28
SNDK261023C01600000,21.0,4.0,2026-09-28
SNDK261023P01600000,93.0,29.0,2026-09-28
SNDK261023C01605000,2.0,0.0,2026-09-28
SNDK261023P01605000,5.0,1.0,2026-09-28
SNDK261023C01610000,5.0,0.0,2026-09-28
SNDK261023P01610000,23.0,2.0,2026-09-28
SNDK261023C01615000,4.0,0.0,2026-09-28
SNDK261023P01615000,6.0,0.0,2026-09-28
SNDK261023C01620000,1.0,0.0,2026-09-28
SNDK261023P01620000,34.0,1.0,2026-09-28
SNDK261023C01625000,0.0,0.0,2026-09-28
SNDK261023P01625000,48.0,0.0,2026-09-28
SNDK261023C01630000,17.0,0.0,2026-09-28
SNDK261023P01630000,10.0,5.0,2026-09-28
SNDK261023C01635000,16.0,0.0,2026-09-28
SNDK261023P01635000,23.0,2.0,2026-09-28
SNDK261023C01640000,10.0,0.0,2026-09-28
SNDK261023P01640000,122.0,0.0,2026-09-28
SNDK261023C01645000,3.0,0.0,2026-09-28
SNDK261023P01645000,9.0,0.0,2026-09-28
SNDK261023C01650000,12.0,2.0,2026-09-28
SNDK261023P01650000,165.0,31.0,2026-09-28
SNDK261023C01655000,20.0,0.0,2026-09-28
SNDK261023P01655000,9.0,1.0,2026-09-28
SNDK261023C01660000,20.0,0.0,2026-09-28
SNDK261023P01660000,62.0,9.0,2026-09-28
SNDK261023C01665000,10.0,1.0,2026-09-28
SNDK261023P01665000,12.0,0.0,2026-09-28
SNDK261023C01670000,9.0,1.0,2026-09-28
SNDK261023P01670000,27.0,16.0,2026-09-28
SNDK261023C01675000,3.0,3.0,2026-09-28
SNDK261023P01675000,17.0,0.0,2026-09-28
SNDK261023C01680000,16.0,0.0,2026-09-28
SNDK261023P01680000,6.0,1.0,2026-09-28
SNDK261023C01685000,3.0,4.0,2026-09-28
SNDK261023P01685000,12.0,2.0,2026-09-28
SNDK261023C01690000,36.0,6.0,2026-09-28
SNDK261023P01690000,17.0,1.0,2026-09-28
SNDK261023C01695000,27.0,0.0,2026-09-28
SNDK261023P01695000,10.0,2.0,2026-09-28
SNDK261023C01700000,47.0,20.0,2026-09-28
SNDK261023P01700000,47.0,99.0,2026-09-28
SNDK261023C01705000,8.0,24.0,2026-09-28
SNDK261023P01705000,1.0,4.0,2026-09-28
SNDK261023C01710000,8.0,21.0,2026-09-28
SNDK261023P01710000,21.0,5.0,2026-09-28
SNDK261023C01715000,11.0,10.0,2026-09-28
SNDK261023P01715000,7.0,2.0,2026-09-28
SNDK261023C01720000,20.0,24.0,2026-09-28
SNDK261023P01720000,70.0,1.0,2026-09-28
SNDK261023C01725000,15.0,8.0,2026-09-28
SNDK261023P01725000,19.0,5.0,2026-09-28
SNDK261023C01730000,18.0,16.0,2026-09-28
SNDK261023P01730000,51.0,8.0,2026-09-28
SNDK261023C01735000,5.0,5.0,2026-09-28
SNDK261023P01735000,26.0,2.0,2026-09-28
SNDK261023C01740000,20.0,3.0,2026-09-28
SNDK261023P01740000,30.0,1.0,2026-09-28
SNDK261023C01745000,13.0,4.0,2026-09-28
SNDK261023P01745000,15.0,0.0,2026-09-28
SNDK261023C01750000,21.0,1.0,2026-09-28
SNDK261023P01750000,64.0,6.0,2026-09-28
SNDK261023C01755000,16.0,0.0,2026-09-28
SNDK261023P01755000,2.0,0.0,2026-09-28
SNDK261023C01760000,28.0,2.0,2026-09-28
SNDK261023P01760000,18.0,0.0,2026-09-28
SNDK261023C01765000,34.0,0.0,2026-09-28
SNDK261023P01765000,6.0,0.0,2026-09-28
SNDK261023C01770000,24.0,0.0,2026-09-28
SNDK261023P01770000,9.0,0.0,2026-09-28
SNDK261023C01775000,39.0,21.0,2026-09-28
SNDK261023P01775000,14.0,1.0,2026-09-28
SNDK261023C01780000,53.0,12.0,2026-09-28
SNDK261023P01780000,53.0,0.0,2026-09-28
SNDK261023C01785000,11.0,0.0,2026-09-28
SNDK261023P01785000,16.0,10.0,2026-09-28
SNDK261023C01790000,38.0,16.0,2026-09-28
SNDK261023P01790000,3.0,5.0,2026-09-28
SNDK261023C01795000,18.0,7.0,2026-09-28
SNDK261023P01795000,8.0,0.0,2026-09-28
SNDK261023C01800000,195.0,44.0,2026-09-28
SNDK261023P01800000,66.0,3.0,2026-09-28
SNDK261023C01805000,10.0,0.0,2026-09-28
SNDK261023P01805000,7.0,0.0,2026-09-28
SNDK261023C01810000,65.0,3.0,2026-09-28
SNDK261023P01810000,9.0,0.0,2026-09-28
SNDK261023C01815000,36.0,0.0,2026-09-28
SNDK261023P01815000,2.0,0.0,2026-09-28
SNDK261023C01820000,38.0,0.0,2026-09-28
SNDK261023P01820000,6.0,3.0,2026-09-28
SNDK261023C01825000,45.0,2.0,2026-09-28
SNDK261023P01825000,13.0,0.0,2026-09-28
SNDK261023C01830000,13.0,3.0,2026-09-28
SNDK261023P01830000,17.0,0.0,2026-09-28
SNDK261023C01835000,36.0,1.0,2026-09-28
SNDK261023P01835000,5.0,0.0,2026-09-28
SNDK261023C01840000,222.0,1.0,2026-09-28
SNDK261023P01840000,1.0,0.0,2026-09-28
SNDK261023C01845000,5.0,45.0,2026-09-28
SNDK261023P01845000,1.0,0.0,2026-09-28
SNDK261023C01850000,63.0,0.0,2026-09-28
SNDK261023P01850000,28.0,5.0,2026-09-28
SNDK261023C01855000,12.0,1.0,2026-09-28
SNDK261023P01855000,1.0,0.0,2026-09-28
SNDK261023C01860000,39.0,35.0,2026-09-28
SNDK261023P01860000,0.0,0.0,2026-09-28
SNDK261023C01865000,6.0,1.0,2026-09-28
SNDK261023P01865000,16.0,0.0,2026-09-28
SNDK261023C01870000,19.0,5.0,2026-09-28
SNDK261023P01870000,47.0,0.0,2026-09-28
SNDK261023C01875000,5.0,0.0,2026-09-28
SNDK261023P01875000,1.0,0.0,2026-09-28
SNDK261023C01880000,16.0,0.0,2026-09-28
SNDK261023P01880000,4.0,5.0,2026-09-28
SNDK261023C01885000,17.0,1.0,2026-09-28
SNDK261023P01885000,0.0,0.0,2026-09-28
SNDK261023C01890000,12.0,3.0,2026-09-28
SNDK261023P01890000,7.0,0.0,2026-09-28
SNDK261023C01895000,8.0,0.0,2026-09-28
SNDK261023P01895000,1.0,0.0,2026-09-28
SNDK261023C01900000,109.0,17.0,2026-09-28
SNDK261023P01900000,17.0,1.0,2026-09-28
SNDK261023C01910000,8.0,2.0,2026-09-28
SNDK261023P01910000,2.0,0.0,2026-09-28
SNDK261023C01920000,26.0,6.0,2026-09-28
SNDK261023P01920000,5.0,0.0,2026-09-28
SNDK261023C01930000,30.0,4.0,2026-09-28
SNDK261023P01930000,2.0,0.0,2026-09-28
SNDK261023C01940000,25.0,0.0,2026-09-28
SNDK261023P01940000,4.0,0.0,2026-09-28
SNDK261023C01950000,27.0,2.0,2026-09-28
SNDK261023P01950000,4.0,0.0,2026-09-28
SNDK261023C01960000,11.0,28.0,2026-09-28
SNDK261023P01960000,4.0,0.0,2026-09-28
SNDK261023C01970000,10.0,0.0,2026-09-28
SNDK261023P01970000,100.0,60.0,2026-09-28
SNDK261023C01980000,11.0,1.0,2026-09-28
SNDK261023P01980000,3.0,0.0,2026-09-28
SNDK261023C01990000,5.0,0.0,2026-09-28
SNDK261023P01990000,2.0,0.0,2026-09-28
SNDK261023C02000000,149.0,32.0,2026-09-28
SNDK261023P02000000,71.0,0.0,2026-09-28
SNDK261023C02010000,16.0,3.0,2026-09-28
SNDK261023P02010000,5.0,0.0,2026-09-28
SNDK261023C02020000,52.0,1.0,2026-09-28
SNDK261023P02020000,4.0,0.0,2026-09-28
SNDK261023C02030000,11.0,3.0,2026-09-28
SNDK261023P02030000,2.0,0.0,2026-09-28
SNDK261023C02040000,41.0,0.0,2026-09-28
SNDK261023P02040000,4.0,0.0,2026-09-28
SNDK261023C02050000,19.0,2.0,2026-09-28
SNDK261023P02050000,4.0,1.0,2026-09-28
SNDK261023C02060000,42.0,0.0,2026-09-28
SNDK261023P02060000,1.0,0.0,2026-09-28
SNDK261023C02070000,10.0,5.0,2026-09-28
SNDK261023P02070000,0.0,0.0,2026-09-28
SNDK261023C02080000,1.0,4.0,2026-09-28
SNDK261023P02080000,0.0,0.0,2026-09-28
SNDK261023C02090000,9.0,0.0,2026-09-28
SNDK261023P02090000,0.0,0.0,2026-09-28
SNDK261023C02100000,79.0,6.0,2026-09-28
SNDK261023P02100000,0.0,0.0,2026-09-28
SNDK261023C02110000,69.0,0.0,2026-09-28
SNDK261023P02110000,1.0,0.0,2026-09-28
SNDK261023C02120000,40.0,0.0,2026-09-28
SNDK261023P02120000,2.0,0.0,2026-09-28
SNDK261023C02130000,54.0,4.0,2026-09-28
SNDK261023P02130000,0.0,0.0,2026-09-28
SNDK261023C02140000,13.0,0.0,2026-09-28
SNDK261023P02140000,0.0,0.0,2026-09-28
SNDK261023C02150000,133.0,28.0,2026-09-28
SNDK261023P02150000,0.0,0.0,2026-09-28
SNDK261023C02160000,7.0,2.0,2026-09-28
SNDK261023P02160000,0.0,0.0,2026-09-28
SNDK261023C02170000,67.0,0.0,2026-09-28
SNDK261023P02170000,0.0,0.0,2026-09-28
SNDK261023C02180000,11.0,0.0,2026-09-28
SNDK261023P02180000,0.0,0.0,2026-09-28
SNDK261023C02190000,2.0,0.0,2026-09-28
SNDK261023P02190000,4.0,0.0,2026-09-28
SNDK261023C02200000,136.0,10.0,2026-09-28
SNDK261023P02200000,21.0,0.0,2026-09-28
SNDK261023C02210000,19.0,1.0,2026-09-28
SNDK261023P02210000,1.0,0.0,2026-09-28
SNDK261023C02220000,8.0,0.0,2026-09-28
SNDK261023P02220000,4.0,0.0,2026-09-28
SNDK261023C02230000,16.0,2.0,2026-09-28
SNDK261023P02230000,3.0,0.0,2026-09-28
SNDK261023C02240000,5.0,0.0,2026-09-28
SNDK261023P02240000,22.0,0.0,2026-09-28
SNDK261023C02250000,20.0,12.0,2026-09-28
SNDK261023P02250000,2.0,0.0,2026-09-28
SNDK261023C02260000,68.0,4.0,2026-09-28
SNDK261023P02260000,4.0,0.0,2026-09-28
SNDK261023C02270000,44.0,37.0,2026-09-28
SNDK261023P02270000,4.0,0.0,2026-09-28
SNDK261023C02280000,49.0,6.0,2026-09-28
SNDK261023P02280000,3.0,0.0,2026-09-28
SNDK261023C02290000,3.0,25.0,2026-09-28
SNDK261023P02290000,2.0,0.0,2026-09-28
SNDK261023C02300000,128.0,37.0,2026-09-28
SNDK261023P02300000,3.0,0.0,2026-09-28
SNDK261023C02310000,12.0,0.0,2026-09-28
SNDK261023P02310000,1.0,0.0,2026-09-28
SNDK261023C02320000,14.0,0.0,2026-09-28
SNDK261023P02320000,7.0,0.0,2026-09-28
SNDK261023C02330000,3.0,1.0,2026-09-28
SNDK261023P02330000,0.0,0.0,2026-09-28
SNDK261023C02340000,8.0,19.0,2026-09-28
SNDK261023P02340000,1.0,0.0,2026-09-28
SNDK261023C02350000,13.0,1.0,2026-09-28
SNDK261023P02350000,2.0,0.0,2026-09-28
SNDK261023C02360000,9.0,0.0,2026-09-28
SNDK261023P02360000,1.0,0.0,2026-09-28
SNDK261023C02370000,54.0,0.0,2026-09-28
SNDK261023P02370000,0.0,0.0,2026-09-28
SNDK261023C02380000,2.0,0.0,2026-09-28
SNDK261023P02380000,0.0,0.0,2026-09-28
SNDK261023C02390000,11.0,0.0,2026-09-28
SNDK261023P02390000,0.0,0.0,2026-09-28
SNDK261023C02400000,18.0,11.0,2026-09-28
SNDK261023P02400000,0.0,0.0,2026-09-28
SNDK261023C02410000,28.0,1.0,2026-09-28
SNDK261023P02410000,0.0,0.0,2026-09-28
SNDK261023C02420000,33.0,1.0,2026-09-28
SNDK261023P02420000,1.0,0.0,2026-09-28
SNDK261023C02430000,5.0,0.0,2026-09-28
SNDK261023P02430000,0.0,0.0,2026-09-28
SNDK261023C02440000,45.0,1.0,2026-09-28
SNDK261023P02440000,0.0,0.0,2026-09-28
SNDK261023C02450000,24.0,0.0,2026-09-28
SNDK261023P02450000,0.0,0.0,2026-09-28
SNDK261023C02460000,10.0,1.0,2026-09-28
SNDK261023P02460000,0.0,0.0,2026-09-28
SNDK261023C02470000,10.0,0.0,2026-09-28
SNDK261023P02470000,0.0,0.0,2026-09-28
SNDK261023C02480000,85.0,0.0,2026-09-28
SNDK261023P02480000,0.0,0.0,2026-09-28
SNDK261023C02490000,25.0,0.0,2026-09-28
SNDK261023P02490000,0.0,0.0,2026-09-28
SNDK261023C02500000,63.0,104.0,2026-09-28
SNDK261023P02500000,4.0,0.0,2026-09-28
SNDK261023C02510000,5.0,0.0,2026-09-28
SNDK261023P02510000,0.0,0.0,2026-09-28
SNDK261023C02520000,7.0,1.0,2026-09-28
SNDK261023P02520000,0.0,0.0,2026-09-28
SNDK261023C02530000,7.0,0.0,2026-09-28
SNDK261023P02530000,0.0,0.0,2026-09-28
SNDK261023C02540000,4.0,1.0,2026-09-28
SNDK261023P02540000,0.0,0.0,2026-09-28
SNDK261023C02550000,22.0,2.0,2026-09-28
SNDK261023P02550000,2.0,0.0,2026-09-28
SNDK261023C02560000,1.0,0.0,2026-09-28
SNDK261023P02560000,1.0,0.0,2026-09-28
SNDK261023C02570000,1.0,0.0,2026-09-28
SNDK261023P02570000,0.0,0.0,2026-09-28
SNDK261023C02580000,1.0,0.0,2026-09-28
SNDK261023P02580000,0.0,0.0,2026-09-28
SNDK261023C02590000,33.0,7.0,2026-09-28
SNDK261023P02590000,0.0,0.0,2026-09-28
SNDK261023C02600000,122.0,19.0,2026-09-28
SNDK261023P02600000,12.0,0.0,2026-09-28
SNDK261023C02610000,3.0,1.0,2026-09-28
SNDK261023P02610000,0.0,0.0,2026-09-28
SNDK261023C02620000,0.0,0.0,2026-09-28
SNDK261023P02620000,0.0,0.0,2026-09-28
SNDK261023C02630000,0.0,0.0,2026-09-28
SNDK261023P02630000,0.0,0.0,2026-09-28
SNDK261023C02640000,0.0,0.0,2026-09-28
SNDK261023P02640000,0.0,0.0,2026-09-28
SNDK261023C02650000,0.0,0.0,2026-09-28
SNDK261023P02650000,0.0,0.0,2026-09-28
SNDK261023C02660000,0.0,1.0,2026-09-28
SNDK261023P02660000,0.0,0.0,2026-09-28
SNDK261023C02670000,0.0,0.0,2026-09-28
SNDK261023P02670000,0.0,0.0,2026-09-28
SNDK261023C02680000,0.0,0.0,2026-09-28
SNDK261023P02680000,0.0,0.0,2026-09-28
SNDK261023C02690000,0.0,0.0,2026-09-28
SNDK261023P02690000,0.0,0.0,2026-09-28
SNDK261023C02700000,0.0,0.0,2026-09-28
SNDK261023P02700000,0.0,0.0,2026-09-28
SNDK261023C02710000,0.0,0.0,2026-09-28
SNDK261023P02710000,0.0,0.0,2026-09-28
SNDK261023C02720000,0.0,0.0,2026-09-28
SNDK261023P02720000,0.0,0.0,2026-09-28
SNDK261023C02730000,0.0,0.0,2026-09-28
SNDK261023P02730000,0.0,0.0,2026-09-28
SNDK261023C02740000,0.0,0.0,2026-09-28
SNDK261023P02740000,0.0,0.0,2026-09-28
SNDK261023C02750000,0.0,0.0,2026-09-28
SNDK261023P02750000,0.0,0.0,2026-09-28
SNDK261023C02760000,0.0,2.0,2026-09-28
SNDK261023P02760000,0.0,0.0,2026-09-28
SNDK261023C02770000,0.0,0.0,2026-09-28
SNDK261023P02770000,0.0,0.0,2026-09-28
SNDK261023C02780000,0.0,0.0,2026-09-28
SNDK261023P02780000,0.0,0.0,2026-09-28
SNDK261023C02790000,0.0,0.0,2026-09-28
SNDK261023P02790000,0.0,0.0,2026-09-28
SNDK261023C02800000,0.0,1.0,2026-09-28
SNDK261023P02800000,0.0,0.0,2026-09-28
SNDK261023C02810000,0.0,0.0,2026-09-28
SNDK261023P02810000,0.0,0.0,2026-09-28
SNDK261023C02820000,0.0,0.0,2026-09-28
SNDK261023P02820000,0.0,0.0,2026-09-28
SNDK261023C02830000,0.0,0.0,2026-09-28
SNDK261023P02830000,0.0,0.0,2026-09-28
SNDK261023C02840000,0.0,0.0,2026-09-28
SNDK261023P02840000,0.0,0.0,2026-09-28
SNDK261023C02850000,11.0,0.0,2026-09-28
SNDK261023P02850000,0.0,0.0,2026-09-28
SNDK261023C02860000,0.0,0.0,2026-09-28
SNDK261023P02860000,0.0,0.0,2026-09-28
SNDK261030C00870000,0.0,0.0,2026-09-28
SNDK261030P00870000,0.0,9.0,2026-09-28
SNDK261030C00880000,0.0,0.0,2026-09-28
SNDK261030P00880000,0.0,0.0,2026-09-28
SNDK261030C00890000,0.0,0.0,2026-09-28
SNDK261030P00890000,0.0,0.0,2026-09-28
SNDK261030C00900000,1.0,0.0,2026-09-28
SNDK261030P00900000,21.0,1.0,2026-09-28
SNDK261030C00910000,0.0,0.0,2026-09-28
SNDK261030P00910000,4.0,3.0,2026-09-28
SNDK261030C00920000,0.0,0.0,2026-09-28
SNDK261030P00920000,6.0,0.0,2026-09-28
SNDK261030C00930000,0.0,0.0,2026-09-28
SNDK261030P00930000,2.0,0.0,2026-09-28
SNDK261030C00940000,0.0,0.0,2026-09-28
SNDK261030P00940000,0.0,0.0,2026-09-28
SNDK261030C00950000,0.0,0.0,2026-09-28
SNDK261030P00950000,29.0,0.0,2026-09-28
SNDK261030C00960000,0.0,0.0,2026-09-28
SNDK261030P00960000,7.0,3.0,2026-09-28
SNDK261030C00970000,0.0,0.0,2026-09-28
SNDK261030P00970000,2.0,0.0,2026-09-28
SNDK261030C00980000,0.0,0.0,2026-09-28
SNDK261030P00980000,3.0,0.0,2026-09-28
SNDK261030C00990000,0.0,0.0,2026-09-28
SNDK261030P00990000,2.0,0.0,2026-09-28
SNDK261030C01000000,1.0,0.0,2026-09-28
SNDK261030P01000000,96.0,0.0,2026-09-28
SNDK261030C01010000,0.0,0.0,2026-09-28
SNDK261030P01010000,6.0,0.0,2026-09-28
SNDK261030C01020000,0.0,0.0,2026-09-28
SNDK261030P01020000,1.0,0.0,2026-09-28
SNDK261030C01030000,0.0,0.0,2026-09-28
SNDK261030P01030000,3.0,0.0,2026-09-28
SNDK261030C01040000,0.0,0.0,2026-09-28
SNDK261030P01040000,4.0,0.0,2026-09-28
SNDK261030C01050000,0.0,1.0,2026-09-28
SNDK261030P01050000,5.0,0.0,2026-09-28
SNDK261030C01060000,0.0,0.0,2026-09-28
SNDK261030P01060000,1.0,0.0,2026-09-28
SNDK261030C01070000,0.0,0.0,2026-09-28
SNDK261030P01070000,4.0,1.0,2026-09-28
SNDK261030C01080000,0.0,0.0,2026-09-28
SNDK261030P01080000,9.0,3.0,2026-09-28
SNDK261030C01090000,0.0,0.0,2026-09-28
SNDK261030P01090000,15.0,0.0,2026-09-28
SNDK261030C01100000,1.0,0.0,2026-09-28
SNDK261030P01100000,47.0,4.0,2026-09-28
SNDK261030C01110000,0.0,0.0,2026-09-28
SNDK261030P01110000,18.0,0.0,2026-09-28
SNDK261030C01120000,1.0,0.0,2026-09-28
SNDK261030P01120000,10.0,1.0,2026-09-28
SNDK261030C01130000,0.0,0.0,2026-09-28
SNDK261030P01130000,14.0,4.0,2026-09-28
SNDK261030C01140000,0.0,0.0,2026-09-28
SNDK261030P01140000,57.0,5.0,2026-09-28
SNDK261030C01150000,0.0,0.0,2026-09-28
SNDK261030P01150000,89.0,11.0,2026-09-28
SNDK261030C01160000,0.0,0.0,2026-09-28
SNDK261030P01160000,8.0,0.0,2026-09-28
SNDK261030C01170000,1.0,0.0,2026-09-28
SNDK261030P01170000,13.0,2.0,2026-09-28
SNDK261030C01180000,0.0,0.0,2026-09-28
SNDK261030P01180000,41.0,32.0,2026-09-28
SNDK261030C01190000,0.0,0.0,2026-09-28
SNDK261030P01190000,7.0,7.0,2026-09-28
SNDK261030C01200000,0.0,0.0,2026-09-28
SNDK261030P01200000,161.0,28.0,2026-09-28
SNDK261030C01210000,0.0,0.0,2026-09-28
SNDK261030P01210000,53.0,1.0,2026-09-28
SNDK261030C01220000,0.0,0.0,2026-09-28
SNDK261030P01220000,8.0,3.0,2026-09-28
SNDK261030C01230000,0.0,0.0,2026-09-28
SNDK261030P01230000,51.0,4.0,2026-09-28
SNDK261030C01240000,0.0,0.0,2026-09-28
SNDK261030P01240000,3.0,33.0,2026-09-28
SNDK261030C01250000,0.0,0.0,2026-09-28
SNDK261030P01250000,145.0,56.0,2026-09-28
SNDK261030C01260000,0.0,0.0,2026-09-28
SNDK261030P01260000,52.0,2.0,2026-09-28
SNDK261030C01270000,0.0,0.0,2026-09-28
SNDK261030P01270000,22.0,2.0,2026-09-28
SNDK261030C01280000,1.0,0.0,2026-09-28
SNDK261030P01280000,52.0,27.0,2026-09-28
SNDK261030C01290000,1.0,0.0,2026-09-28
SNDK261030P01290000,54.0,15.0,2026-09-28
SNDK261030C01300000,11.0,2.0,2026-09-28
SNDK261030P01300000,126.0,180.0,2026-09-28
SNDK261030C01310000,0.0,0.0,2026-09-28
SNDK261030P01310000,16.0,1.0,2026-09-28
SNDK261030C01320000,1.0,0.0,2026-09-28
SNDK261030P01320000,22.0,2.0,2026-09-28
SNDK261030C01330000,0.0,0.0,2026-09-28
SNDK261030P01330000,34.0,2.0,2026-09-28
SNDK261030C01340000,0.0,0.0,2026-09-28
SNDK261030P01340000,46.0,41.0,2026-09-28
SNDK261030C01350000,3.0,0.0,2026-09-28
SNDK261030P01350000,75.0,53.0,2026-09-28
SNDK261030C01360000,0.0,0.0,2026-09-28
SNDK261030P01360000,44.0,36.0,2026-09-28
SNDK261030C01370000,0.0,0.0,2026-09-28
SNDK261030P01370000,99.0,50.0,2026-09-28
SNDK261030C01380000,0.0,0.0,2026-09-28
SNDK261030P01380000,216.0,6.0,2026-09-28
SNDK261030C01390000,0.0,0.0,2026-09-28
SNDK261030P01390000,62.0,7.0,2026-09-28
SNDK261030C01400000,28.0,0.0,2026-09-28
SNDK261030P01400000,211.0,75.0,2026-09-28
SNDK261030C01410000,0.0,0.0,2026-09-28
SNDK261030P01410000,37.0,21.0,2026-09-28
SNDK261030C01420000,0.0,1.0,2026-09-28
SNDK261030P01420000,42.0,14.0,2026-09-28
SNDK261030C01430000,0.0,0.0,2026-09-28
SNDK261030P01430000,30.0,7.0,2026-09-28
SNDK261030C01440000,4.0,2.0,2026-09-28
SNDK261030P01440000,45.0,8.0,2026-09-28
SNDK261030C01450000,2.0,1.0,2026-09-28
SNDK261030P01450000,354.0,21.0,2026-09-28
SNDK261030C01460000,1.0,3.0,2026-09-28
SNDK261030P01460000,89.0,6.0,2026-09-28
SNDK261030C01465000,0.0,1.0,2026-09-28
SNDK261030P01465000,14.0,1.0,2026-09-28
SNDK261030C01470000,0.0,0.0,2026-09-28
SNDK261030P01470000,50.0,1.0,2026-09-28
SNDK261030C01475000,7.0,0.0,2026-09-28
SNDK261030P01475000,15.0,1.0,2026-09-28
SNDK261030C01480000,1.0,1.0,2026-09-28
SNDK261030P01480000,95.0,4.0,2026-09-28
SNDK261030C01485000,0.0,0.0,2026-09-28
SNDK261030P01485000,2.0,1.0,2026-09-28
SNDK261030C01490000,1.0,1.0,2026-09-28
SNDK261030P01490000,56.0,11.0,2026-09-28
SNDK261030C01495000,1.0,1.0,2026-09-28
SNDK261030P01495000,50.0,2.0,2026-09-28
SNDK261030C01500000,3.0,1.0,2026-09-28
SNDK261030P01500000,203.0,35.0,2026-09-28
SNDK261030C01505000,1.0,0.0,2026-09-28
SNDK261030P01505000,21.0,0.0,2026-09-28
SNDK261030C01510000,1.0,0.0,2026-09-28
SNDK261030P01510000,29.0,5.0,2026-09-28
SNDK261030C01515000,1.0,0.0,2026-09-28
SNDK261030P01515000,19.0,3.0,2026-09-28
SNDK261030C01520000,111.0,0.0,2026-09-28
SNDK261030P01520000,19.0,5.0,2026-09-28
SNDK261030C01525000,1.0,0.0,2026-09-28
SNDK261030P01525000,14.0,1.0,2026-09-28
SNDK261030C01530000,11.0,0.0,2026-09-28
SNDK261030P01530000,116.0,2.0,2026-09-28
SNDK261030C01535000,3.0,0.0,2026-09-28
SNDK261030P01535000,8.0,6.0,2026-09-28
SNDK261030C01540000,33.0,2.0,2026-09-28
SNDK261030P01540000,43.0,2.0,2026-09-28
SNDK261030C01545000,3.0,0.0,2026-09-28
SNDK261030P01545000,13.0,7.0,2026-09-28
SNDK261030C01550000,10.0,5.0,2026-09-28
SNDK261030P01550000,131.0,48.0,2026-09-28
SNDK261030C01555000,0.0,0.0,2026-09-28
SNDK261030P01555000,10.0,1.0,2026-09-28
SNDK261030C01560000,12.0,0.0,2026-09-28
SNDK261030P01560000,12.0,12.0,2026-09-28
SNDK261030C01565000,3.0,1.0,2026-09-28
SNDK261030P01565000,14.0,0.0,2026-09-28
SNDK261030C01570000,24.0,3.0,2026-09-28
SNDK261030P01570000,9.0,13.0,2026-09-28
SNDK261030C01575000,3.0,0.0,2026-09-28
SNDK261030P01575000,23.0,8.0,2026-09-28
SNDK261030C01580000,2.0,0.0,2026-09-28
SNDK261030P01580000,67.0,4.0,2026-09-28
SNDK261030C01585000,0.0,0.0,2026-09-28
SNDK261030P01585000,32.0,0.0,2026-09-28
SNDK261030C01590000,2.0,0.0,2026-09-28
SNDK261030P01590000,44.0,8.0,2026-09-28
SNDK261030C01595000,2.0,0.0,2026-09-28
SNDK261030P01595000,97.0,0.0,2026-09-28
SNDK261030C01600000,26.0,5.0,2026-09-28
SNDK261030P01600000,275.0,75.0,2026-09-28
SNDK261030C01605000,7.0,0.0,2026-09-28
SNDK261030P01605000,8.0,3.0,2026-09-28
SNDK261030C01610000,3.0,0.0,2026-09-28
SNDK261030P01610000,27.0,3.0,2026-09-28
SNDK261030C01615000,3.0,0.0,2026-09-28
SNDK261030P01615000,103.0,0.0,2026-09-28
SNDK261030C01620000,4.0,0.0,2026-09-28
SNDK261030P01620000,22.0,4.0,2026-09-28
SNDK261030C01625000,0.0,0.0,2026-09-28
SNDK261030P01625000,2.0,0.0,2026-09-28
SNDK261030C01630000,2.0,0.0,2026-09-28
SNDK261030P01630000,4.0,0.0,2026-09-28
SNDK261030C01635000,2.0,0.0,2026-09-28
SNDK261030P01635000,3.0,2.0,2026-09-28
SNDK261030C01640000,6.0,0.0,2026-09-28
SNDK261030P01640000,30.0,1.0,2026-09-28
SNDK261030C01645000,11.0,0.0,2026-09-28
SNDK261030P01645000,17.0,0.0,2026-09-28
SNDK261030C01650000,16.0,5.0,2026-09-28
SNDK261030P01650000,19.0,13.0,2026-09-28
SNDK261030C01655000,0.0,0.0,2026-09-28
SNDK261030P01655000,2.0,2.0,2026-09-28
SNDK261030C01660000,12.0,0.0,2026-09-28
SNDK261030P01660000,11.0,7.0,2026-09-28
SNDK261030C01665000,2.0,0.0,2026-09-28
SNDK261030P01665000,23.0,7.0,2026-09-28
SNDK261030C01670000,1.0,1.0,2026-09-28
SNDK261030P01670000,14.0,8.0,2026-09-28
SNDK261030C01675000,0.0,1.0,2026-09-28
SNDK261030P01675000,54.0,0.0,2026-09-28
SNDK261030C01680000,3.0,5.0,2026-09-28
SNDK261030P01680000,9.0,7.0,2026-09-28
SNDK261030C01685000,10.0,12.0,2026-09-28
SNDK261030P01685000,10.0,0.0,2026-09-28
SNDK261030C01690000,4.0,0.0,2026-09-28
SNDK261030P01690000,54.0,2.0,2026-09-28
SNDK261030C01695000,2.0,3.0,2026-09-28
SNDK261030P01695000,9.0,2.0,2026-09-28
SNDK261030C01700000,56.0,72.0,2026-09-28
SNDK261030P01700000,69.0,83.0,2026-09-28
SNDK261030C01705000,32.0,3.0,2026-09-28
SNDK261030P01705000,30.0,1.0,2026-09-28
SNDK261030C01710000,4.0,45.0,2026-09-28
SNDK261030P01710000,54.0,3.0,2026-09-28
SNDK261030C01715000,3.0,63.0,2026-09-28
SNDK261030P01715000,6.0,2.0,2026-09-28
SNDK261030C01720000,7.0,39.0,2026-09-28
SNDK261030P01720000,25.0,2.0,2026-09-28
SNDK261030C01725000,9.0,6.0,2026-09-28
SNDK261030P01725000,1.0,6.0,2026-09-28
SNDK261030C01730000,5.0,2.0,2026-09-28
SNDK261030P01730000,22.0,11.0,2026-09-28
SNDK261030C01735000,7.0,0.0,2026-09-28
SNDK261030P01735000,11.0,1.0,2026-09-28
SNDK261030C01740000,13.0,4.0,2026-09-28
SNDK261030P01740000,29.0,7.0,2026-09-28
SNDK261030C01745000,17.0,0.0,2026-09-28
SNDK261030P01745000,17.0,2.0,2026-09-28
SNDK261030C01750000,52.0,52.0,2026-09-28
SNDK261030P01750000,45.0,7.0,2026-09-28
SNDK261030C01755000,8.0,52.0,2026-09-28
SNDK261030P01755000,9.0,0.0,2026-09-28
SNDK261030C01760000,13.0,1.0,2026-09-28
SNDK261030P01760000,15.0,1.0,2026-09-28
SNDK261030C01765000,30.0,3.0,2026-09-28
SNDK261030P01765000,6.0,2.0,2026-09-28
SNDK261030C01770000,24.0,2.0,2026-09-28
SNDK261030P01770000,9.0,6.0,2026-09-28
SNDK261030C01775000,11.0,0.0,2026-09-28
SNDK261030P01775000,21.0,0.0,2026-09-28
SNDK261030C01780000,28.0,91.0,2026-09-28
SNDK261030P01780000,37.0,0.0,2026-09-28
SNDK261030C01785000,16.0,3.0,2026-09-28
SNDK261030P01785000,3.0,1.0,2026-09-28
SNDK261030C01790000,9.0,1.0,2026-09-28
SNDK261030P01790000,4.0,0.0,2026-09-28
SNDK261030C01795000,5.0,1.0,2026-09-28
SNDK261030P01795000,7.0,0.0,2026-09-28
SNDK261030C01800000,92.0,22.0,2026-09-28
SNDK261030P01800000,108.0,1.0,2026-09-28
SNDK261030C01805000,8.0,0.0,2026-09-28
SNDK261030P01805000,20.0,0.0,2026-09-28
SNDK261030C01810000,49.0,5.0,2026-09-28
SNDK261030P01810000,3.0,0.0,2026-09-28
SNDK261030C01815000,7.0,0.0,2026-09-28
SNDK261030P01815000,3.0,0.0,2026-09-28
SNDK261030C01820000,13.0,1.0,2026-09-28
SNDK261030P01820000,4.0,0.0,2026-09-28
SNDK261030C01825000,6.0,3.0,2026-09-28
SNDK261030P01825000,7.0,0.0,2026-09-28
SNDK261030C01830000,13.0,1.0,2026-09-28
SNDK261030P01830000,18.0,0.0,2026-09-28
SNDK261030C01835000,3.0,2.0,2026-09-28
SNDK261030P01835000,0.0,0.0,2026-09-28
SNDK261030C01840000,39.0,0.0,2026-09-28
SNDK261030P01840000,2.0,0.0,2026-09-28
SNDK261030C01845000,5.0,0.0,2026-09-28
SNDK261030P01845000,3.0,0.0,2026-09-28
SNDK261030C01850000,34.0,11.0,2026-09-28
SNDK261030P01850000,15.0,5.0,2026-09-28
SNDK261030C01855000,23.0,3.0,2026-09-28
SNDK261030P01855000,28.0,0.0,2026-09-28
SNDK261030C01860000,16.0,3.0,2026-09-28
SNDK261030P01860000,7.0,0.0,2026-09-28
SNDK261030C01865000,34.0,2.0,2026-09-28
SNDK261030P01865000,39.0,0.0,2026-09-28
SNDK261030C01870000,6.0,3.0,2026-09-28
SNDK261030P01870000,1.0,0.0,2026-09-28
SNDK261030C01875000,3.0,0.0,2026-09-28
SNDK261030P01875000,0.0,0.0,2026-09-28
SNDK261030C01880000,15.0,2.0,2026-09-28
SNDK261030P01880000,7.0,5.0,2026-09-28
SNDK261030C01885000,8.0,2.0,2026-09-28
SNDK261030P01885000,2.0,0.0,2026-09-28
SNDK261030C01890000,7.0,1.0,2026-09-28
SNDK261030P01890000,24.0,4.0,2026-09-28
SNDK261030C01895000,0.0,0.0,2026-09-28
SNDK261030P01895000,0.0,0.0,2026-09-28
SNDK261030C01900000,74.0,6.0,2026-09-28
SNDK261030P01900000,17.0,0.0,2026-09-28
SNDK261030C01910000,5.0,2.0,2026-09-28
SNDK261030P01910000,0.0,0.0,2026-09-28
SNDK261030C01920000,15.0,9.0,2026-09-28
SNDK261030P01920000,4.0,0.0,2026-09-28
SNDK261030C01930000,13.0,3.0,2026-09-28
SNDK261030P01930000,0.0,0.0,2026-09-28
SNDK261030C01940000,12.0,23.0,2026-09-28
SNDK261030P01940000,1.0,0.0,2026-09-28
SNDK261030C01950000,31.0,123.0,2026-09-28
SNDK261030P01950000,0.0,1.0,2026-09-28
SNDK261030C01960000,15.0,36.0,2026-09-28
SNDK261030P01960000,0.0,1.0,2026-09-28
SNDK261030C01970000,18.0,22.0,2026-09-28
SNDK261030P01970000,2.0,0.0,2026-09-28
SNDK261030C01980000,10.0,10.0,2026-09-28
SNDK261030P01980000,0.0,0.0,2026-09-28
SNDK261030C01990000,8.0,2.0,2026-09-28
SNDK261030P01990000,1.0,0.0,2026-09-28
SNDK261030C02000000,184.0,34.0,2026-09-28
SNDK261030P02000000,28.0,38.0,2026-09-28
SNDK261030C02010000,14.0,9.0,2026-09-28
SNDK261030P02010000,0.0,0.0,2026-09-28
SNDK261030C02020000,12.0,0.0,2026-09-28
SNDK261030P02020000,0.0,0.0,2026-09-28
SNDK261030C02030000,4.0,1.0,2026-09-28
SNDK261030P02030000,0.0,0.0,2026-09-28
SNDK261030C02040000,14.0,0.0,2026-09-28
SNDK261030P02040000,1.0,0.0,2026-09-28
SNDK261030C02050000,77.0,3.0,2026-09-28
SNDK261030P02050000,0.0,0.0,2026-09-28
SNDK261030C02060000,4.0,26.0,2026-09-28
SNDK261030P02060000,0.0,0.0,2026-09-28
SNDK261030C02070000,83.0,1.0,2026-09-28
SNDK261030P02070000,0.0,0.0,2026-09-28
SNDK261030C02080000,3.0,3.0,2026-09-28
SNDK261030P02080000,0.0,0.0,2026-09-28
SNDK261030C02090000,1.0,2.0,2026-09-28
SNDK261030P02090000,0.0,0.0,2026-09-28
SNDK261030C02100000,83.0,13.0,2026-09-28
SNDK261030P02100000,0.0,1.0,2026-09-28
SNDK261030C02110000,1.0,0.0,2026-09-28
SNDK261030P02110000,0.0,0.0,2026-09-28
SNDK261030C02120000,7.0,0.0,2026-09-28
SNDK261030P02120000,0.0,0.0,2026-09-28
SNDK261030C02130000,16.0,2.0,2026-09-28
SNDK261030P02130000,0.0,0.0,2026-09-28
SNDK261030C02140000,7.0,0.0,2026-09-28
SNDK261030P02140000,0.0,0.0,2026-09-28
SNDK261030C02150000,13.0,8.0,2026-09-28
SNDK261030P02150000,0.0,0.0,2026-09-28
SNDK261030C02160000,3.0,0.0,2026-09-28
SNDK261030P02160000,0.0,0.0,2026-09-28
SNDK261030C02170000,6.0,0.0,2026-09-28
SNDK261030P02170000,0.0,0.0,2026-09-28
SNDK261030C02180000,14.0,6.0,2026-09-28
SNDK261030P02180000,0.0,0.0,2026-09-28
SNDK261030C02190000,55.0,24.0,2026-09-28
SNDK261030P02190000,0.0,0.0,2026-09-28
SNDK261030C02200000,52.0,16.0,2026-09-28
SNDK261030P02200000,0.0,0.0,2026-09-28
SNDK261030C02210000,22.0,0.0,2026-09-28
SNDK261030P02210000,0.0,0.0,2026-09-28
SNDK261030C02220000,9.0,0.0,2026-09-28
SNDK261030P02220000,0.0,0.0,2026-09-28
SNDK261030C02230000,8.0,4.0,2026-09-28
SNDK261030P02230000,2.0,0.0,2026-09-28
SNDK261030C02240000,4.0,6.0,2026-09-28
SNDK261030P02240000,0.0,0.0,2026-09-28
SNDK261030C02250000,30.0,11.0,2026-09-28
SNDK261030P02250000,0.0,0.0,2026-09-28
SNDK261030C02260000,5.0,0.0,2026-09-28
SNDK261030P02260000,0.0,0.0,2026-09-28
SNDK261030C02270000,9.0,0.0,2026-09-28
SNDK261030P02270000,0.0,0.0,2026-09-28
SNDK261030C02280000,6.0,0.0,2026-09-28
SNDK261030P02280000,1.0,0.0,2026-09-28
SNDK261030C02290000,5.0,0.0,2026-09-28
SNDK261030P02290000,0.0,0.0,2026-09-28
SNDK261030C02300000,63.0,31.0,2026-09-28
SNDK261030P02300000,1.0,0.0,2026-09-28
SNDK261030C02310000,1.0,0.0,2026-09-28
SNDK261030P02310000,0.0,0.0,2026-09-28
SNDK261030C02320000,9.0,0.0,2026-09-28
SNDK261030P02320000,0.0,0.0,2026-09-28
SNDK261030C02330000,6.0,9.0,2026-09-28
SNDK261030P02330000,0.0,0.0,2026-09-28
SNDK261030C02340000,12.0,12.0,2026-09-28
SNDK261030P02340000,0.0,0.0,2026-09-28
SNDK261030C02350000,19.0,2.0,2026-09-28
SNDK261030P02350000,0.0,0.0,2026-09-28
SNDK261030C02360000,26.0,0.0,2026-09-28
SNDK261030P02360000,1.0,0.0,2026-09-28
SNDK261030C02370000,1.0,0.0,2026-09-28
SNDK261030P02370000,1.0,0.0,2026-09-28
SNDK261030C02380000,6.0,0.0,2026-09-28
SNDK261030P02380000,2.0,0.0,2026-09-28
SNDK261030C02390000,0.0,0.0,2026-09-28
SNDK261030P02390000,1.0,0.0,2026-09-28
SNDK261030C02400000,51.0,11.0,2026-09-28
SNDK261030P02400000,0.0,0.0,2026-09-28
SNDK261030C02410000,4.0,4.0,2026-09-28
SNDK261030P02410000,0.0,0.0,2026-09-28
SNDK261030C02420000,2.0,0.0,2026-09-28
SNDK261030P02420000,0.0,0.0,2026-09-28
SNDK261030C02430000,2.0,0.0,2026-09-28
SNDK261030P02430000,0.0,0.0,2026-09-28
SNDK261030C02440000,1.0,0.0,2026-09-28
SNDK261030P02440000,0.0,0.0,2026-09-28
SNDK261030C02450000,91.0,4.0,2026-09-28
SNDK261030P02450000,0.0,3.0,2026-09-28
SNDK261030C02460000,0.0,0.0,2026-09-28
SNDK261030P02460000,0.0,0.0,2026-09-28
SNDK261030C02470000,13.0,0.0,2026-09-28
SNDK261030P02470000,0.0,0.0,2026-09-28
SNDK261030C02480000,32.0,0.0,2026-09-28
SNDK261030P02480000,0.0,0.0,2026-09-28
SNDK261030C02490000,96.0,2.0,2026-09-28
SNDK261030P02490000,0.0,0.0,2026-09-28
SNDK261030C02500000,177.0,28.0,2026-09-28
SNDK261030P02500000,0.0,0.0,2026-09-28
SNDK261030C02510000,2.0,0.0,2026-09-28
SNDK261030P02510000,0.0,0.0,2026-09-28
SNDK261030C02520000,3.0,0.0,2026-09-28
SNDK261030P02520000,0.0,0.0,2026-09-28
SNDK261030C02530000,13.0,0.0,2026-09-28
SNDK261030P02530000,0.0,0.0,2026-09-28
SNDK261030C02540000,5.0,1.0,2026-09-28
SNDK261030P02540000,0.0,0.0,2026-09-28
SNDK261030C02550000,4.0,0.0,2026-09-28
SNDK261030P02550000,0.0,0.0,2026-09-28
SNDK261030C02560000,0.0,0.0,2026-09-28
SNDK261030P02560000,0.0,0.0,2026-09-28
SNDK261030C02570000,0.0,0.0,2026-09-28
SNDK261030P02570000,0.0,0.0,2026-09-28
SNDK261030C02580000,0.0,0.0,2026-09-28
SNDK261030P02580000,0.0,0.0,2026-09-28
SNDK261030C02590000,2.0,0.0,2026-09-28
SNDK261030P02590000,0.0,0.0,2026-09-28
SNDK261030C02600000,4.0,0.0,2026-09-28
SNDK261030P02600000,0.0,0.0,2026-09-28
SNDK261030C02610000,0.0,0.0,2026-09-28
SNDK261030P02610000,0.0,0.0,2026-09-28
SNDK261030C02620000,4.0,5.0,2026-09-28
SNDK261030P02620000,0.0,0.0,2026-09-28
SNDK261030C02630000,29.0,0.0,2026-09-28
SNDK261030P02630000,0.0,0.0,2026-09-28
SNDK261030C02640000,0.0,0.0,2026-09-28
SNDK261030P02640000,0.0,0.0,2026-09-28
SNDK261030C02650000,0.0,0.0,2026-09-28
SNDK261030P02650000,0.0,0.0,2026-09-28
SNDK261030C02660000,0.0,0.0,2026-09-28
SNDK261030P02660000,0.0,0.0,2026-09-28
SNDK261030C02670000,13.0,0.0,2026-09-28
SNDK261030P02670000,0.0,0.0,2026-09-28
SNDK261030C02680000,0.0,0.0,2026-09-28
SNDK261030P02680000,0.0,0.0,2026-09-28
SNDK261030C02690000,0.0,0.0,2026-09-28
SNDK261030P02690000,0.0,0.0,2026-09-28
SNDK261030C02700000,3.0,0.0,2026-09-28
SNDK261030P02700000,0.0,0.0,2026-09-28
SNDK261030C02710000,0.0,0.0,2026-09-28
SNDK261030P02710000,0.0,0.0,2026-09-28
SNDK261030C02720000,1.0,0.0,2026-09-28
SNDK261030P02720000,0.0,0.0,2026-09-28
SNDK261030C02730000,0.0,0.0,2026-09-28
SNDK261030P02730000,0.0,0.0,2026-09-28
SNDK261030C02740000,0.0,0.0,2026-09-28
SNDK261030P02740000,0.0,0.0,2026-09-28
SNDK261030C02750000,1.0,1.0,2026-09-28
SNDK261030P02750000,0.0,0.0,2026-09-28
SNDK261030C02760000,0.0,12.0,2026-09-28
SNDK261030P02760000,0.0,0.0,2026-09-28
SNDK261030C02770000,0.0,12.0,2026-09-28
SNDK261030P02770000,0.0,0.0,2026-09-28
SNDK261030C02780000,0.0,0.0,2026-09-28
SNDK261030P02780000,0.0,0.0,2026-09-28
SNDK261030C02790000,0.0,0.0,2026-09-28
SNDK261030P02790000,0.0,0.0,2026-09-28
SNDK261030C02800000,1.0,0.0,2026-09-28
SNDK261030P02800000,1.0,0.0,2026-09-28
SNDK261030C02810000,0.0,0.0,2026-09-28
SNDK261030P02810000,0.0,0.0,2026-09-28
SNDK261030C02820000,0.0,0.0,2026-09-28
SNDK261030P02820000,0.0,0.0,2026-09-28
SNDK261030C02830000,0.0,0.0,2026-09-28
SNDK261030P02830000,0.0,0.0,2026-09-28
SNDK261030C02840000,0.0,26.0,2026-09-28
SNDK261030P02840000,0.0,0.0,2026-09-28
SNDK261030C02850000,1.0,0.0,2026-09-28
SNDK261030P02850000,0.0,0.0,2026-09-28
SNDK261030C02860000,2.0,3.0,2026-09-28
SNDK261030P02860000,0.0,0.0,2026-09-28
SNDK261106C00870000,0.0,0.0,2026-09-28
SNDK261106P00870000,2.0,0.0,2026-09-28
SNDK261106C00880000,0.0,0.0,2026-09-28
SNDK261106P00880000,0.0,0.0,2026-09-28
SNDK261106C00890000,0.0,0.0,2026-09-28
SNDK261106P00890000,0.0,0.0,2026-09-28
SNDK261106C00900000,0.0,0.0,2026-09-28
SNDK261106P00900000,0.0,0.0,2026-09-28
SNDK261106C00910000,0.0,0.0,2026-09-28
SNDK261106P00910000,0.0,0.0,2026-09-28
SNDK261106C00920000,0.0,0.0,2026-09-28
SNDK261106P00920000,0.0,0.0,2026-09-28
SNDK261106C00930000,0.0,0.0,2026-09-28
SNDK261106P00930000,0.0,0.0,2026-09-28
SNDK261106C00940000,0.0,0.0,2026-09-28
SNDK261106P00940000,2.0,0.0,2026-09-28
SNDK261106C00950000,0.0,0.0,2026-09-28
SNDK261106P00950000,0.0,0.0,2026-09-28
SNDK261106C00960000,0.0,0.0,2026-09-28
SNDK261106P00960000,0.0,0.0,2026-09-28
SNDK261106C00970000,0.0,0.0,2026-09-28
SNDK261106P00970000,0.0,0.0,2026-09-28
SNDK261106C00980000,0.0,0.0,2026-09-28
SNDK261106P00980000,0.0,0.0,2026-09-28
SNDK261106C00990000,0.0,0.0,2026-09-28
SNDK261106P00990000,0.0,0.0,2026-09-28
SNDK261106C01000000,0.0,0.0,2026-09-28
SNDK261106P01000000,2.0,13.0,2026-09-28
SNDK261106C01010000,0.0,0.0,2026-09-28
SNDK261106P01010000,0.0,0.0,2026-09-28
SNDK261106C01020000,0.0,0.0,2026-09-28
SNDK261106P01020000,0.0,0.0,2026-09-28
SNDK261106C01030000,0.0,0.0,2026-09-28
SNDK261106P01030000,0.0,0.0,2026-09-28
SNDK261106C01040000,0.0,0.0,2026-09-28
SNDK261106P01040000,0.0,0.0,2026-09-28
SNDK261106C01050000,0.0,0.0,2026-09-28
SNDK261106P01050000,0.0,0.0,2026-09-28
SNDK261106C01060000,0.0,0.0,2026-09-28
SNDK261106P01060000,1.0,1.0,2026-09-28
SNDK261106C01070000,0.0,0.0,2026-09-28
SNDK261106P01070000,1.0,80.0,2026-09-28
SNDK261106C01080000,1.0,0.0,2026-09-28
SNDK261106P01080000,2.0,0.0,2026-09-28
SNDK261106C01090000,0.0,0.0,2026-09-28
SNDK261106P01090000,1.0,0.0,2026-09-28
SNDK261106C01100000,0.0,0.0,2026-09-28
SNDK261106P01100000,0.0,0.0,2026-09-28
SNDK261106C01110000,0.0,0.0,2026-09-28
SNDK261106P01110000,0.0,0.0,2026-09-28
SNDK261106C01120000,0.0,0.0,2026-09-28
SNDK261106P01120000,0.0,1.0,2026-09-28
SNDK261106C01130000,0.0,0.0,2026-09-28
SNDK261106P01130000,0.0,9.0,2026-09-28
SNDK261106C01140000,0.0,0.0,2026-09-28
SNDK261106P01140000,0.0,0.0,2026-09-28
SNDK261106C01150000,0.0,1.0,2026-09-28
SNDK261106P01150000,0.0,2.0,2026-09-28
SNDK261106C01160000,0.0,0.0,2026-09-28
SNDK261106P01160000,0.0,0.0,2026-09-28
SNDK261106C01170000,0.0,0.0,2026-09-28
SNDK261106P01170000,0.0,0.0,2026-09-28
SNDK261106C01180000,0.0,0.0,2026-09-28
SNDK261106P01180000,0.0,1.0,2026-09-28
SNDK261106C01190000,0.0,0.0,2026-09-28
SNDK261106P01190000,1.0,7.0,2026-09-28
SNDK261106C01200000,0.0,0.0,2026-09-28
SNDK261106P01200000,4.0,8.0,2026-09-28
SNDK261106C01210000,0.0,0.0,2026-09-28
SNDK261106P01210000,2.0,1.0,2026-09-28
SNDK261106C01220000,0.0,0.0,2026-09-28
SNDK261106P01220000,1.0,1.0,2026-09-28
SNDK261106C01230000,0.0,0.0,2026-09-28
SNDK261106P01230000,0.0,0.0,2026-09-28
SNDK261106C01240000,0.0,0.0,2026-09-28
SNDK261106P01240000,0.0,11.0,2026-09-28
SNDK261106C01250000,0.0,0.0,2026-09-28
SNDK261106P01250000,0.0,8.0,2026-09-28
SNDK261106C01260000,0.0,0.0,2026-09-28
SNDK261106P01260000,0.0,4.0,2026-09-28
SNDK261106C01270000,0.0,0.0,2026-09-28
SNDK261106P01270000,0.0,25.0,2026-09-28
SNDK261106C01280000,0.0,0.0,2026-09-28
SNDK261106P01280000,0.0,0.0,2026-09-28
SNDK261106C01290000,0.0,0.0,2026-09-28
SNDK261106P01290000,4.0,14.0,2026-09-28
SNDK261106C01300000,0.0,0.0,2026-09-28
SNDK261106P01300000,6.0,3.0,2026-09-28
SNDK261106C01310000,0.0,0.0,2026-09-28
SNDK261106P01310000,0.0,4.0,2026-09-28
SNDK261106C01320000,0.0,0.0,2026-09-28
SNDK261106P01320000,0.0,52.0,2026-09-28
SNDK261106C01330000,0.0,0.0,2026-09-28
SNDK261106P01330000,0.0,10.0,2026-09-28
SNDK261106C01340000,0.0,0.0,2026-09-28
SNDK261106P01340000,10.0,0.0,2026-09-28
SNDK261106C01350000,0.0,0.0,2026-09-28
SNDK261106P01350000,6.0,13.0,2026-09-28
SNDK261106C01360000,0.0,0.0,2026-09-28
SNDK261106P01360000,1.0,14.0,2026-09-28
SNDK261106C01370000,0.0,0.0,2026-09-28
SNDK261106P01370000,0.0,1.0,2026-09-28
SNDK261106C01380000,0.0,0.0,2026-09-28
SNDK261106P01380000,0.0,2.0,2026-09-28
SNDK261106C01390000,0.0,0.0,2026-09-28
SNDK261106P01390000,0.0,0.0,2026-09-28
SNDK261106C01400000,0.0,0.0,2026-09-28
SNDK261106P01400000,3.0,6.0,2026-09-28
SNDK261106C01410000,0.0,0.0,2026-09-28
SNDK261106P01410000,0.0,1.0,2026-09-28
SNDK261106C01420000,0.0,0.0,2026-09-28
SNDK261106P01420000,1.0,11.0,2026-09-28
SNDK261106C01430000,3.0,0.0,2026-09-28
SNDK261106P01430000,0.0,8.0,2026-09-28
SNDK261106C01440000,0.0,8.0,2026-09-28
SNDK261106P01440000,0.0,4.0,2026-09-28
SNDK261106C01450000,0.0,0.0,2026-09-28
SNDK261106P01450000,11.0,7.0,2026-09-28
SNDK261106C01460000,0.0,0.0,2026-09-28
SNDK261106P01460000,0.0,1.0,2026-09-28
SNDK261106C01465000,0.0,0.0,2026-09-28
SNDK261106P01465000,0.0,0.0,2026-09-28
SNDK261106C01470000,0.0,0.0,2026-09-28
SNDK261106P01470000,9.0,1.0,2026-09-28
SNDK261106C01475000,0.0,0.0,2026-09-28
SNDK261106P01475000,10.0,1.0,2026-09-28
SNDK261106C01480000,1.0,0.0,2026-09-28
SNDK261106P01480000,0.0,1.0,2026-09-28
SNDK261106C01485000,0.0,0.0,2026-09-28
SNDK261106P01485000,0.0,6.0,2026-09-28
SNDK261106C01490000,0.0,0.0,2026-09-28
SNDK261106P01490000,0.0,10.0,2026-09-28
SNDK261106C01495000,1.0,0.0,2026-09-28
SNDK261106P01495000,0.0,0.0,2026-09-28
SNDK261106C01500000,0.0,0.0,2026-09-28
SNDK261106P01500000,2.0,29.0,2026-09-28
SNDK261106C01505000,0.0,0.0,2026-09-28
SNDK261106P01505000,0.0,1.0,2026-09-28
SNDK261106C01510000,0.0,0.0,2026-09-28
SNDK261106P01510000,0.0,1.0,2026-09-28
SNDK261106C01515000,0.0,0.0,2026-09-28
SNDK261106P01515000,0.0,8.0,2026-09-28
SNDK261106C01520000,0.0,0.0,2026-09-28
SNDK261106P01520000,0.0,1.0,2026-09-28
SNDK261106C01525000,0.0,0.0,2026-09-28
SNDK261106P01525000,0.0,0.0,2026-09-28
SNDK261106C01530000,0.0,0.0,2026-09-28
SNDK261106P01530000,0.0,0.0,2026-09-28
SNDK261106C01535000,0.0,0.0,2026-09-28
SNDK261106P01535000,0.0,0.0,2026-09-28
SNDK261106C01540000,0.0,0.0,2026-09-28
SNDK261106P01540000,0.0,1.0,2026-09-28
SNDK261106C01545000,0.0,0.0,2026-09-28
SNDK261106P01545000,1.0,3.0,2026-09-28
SNDK261106C01550000,0.0,1.0,2026-09-28
SNDK261106P01550000,4.0,7.0,2026-09-28
SNDK261106C01555000,1.0,1.0,2026-09-28
SNDK261106P01555000,0.0,3.0,2026-09-28
SNDK261106C01560000,0.0,0.0,2026-09-28
SNDK261106P01560000,0.0,0.0,2026-09-28
SNDK261106C01565000,0.0,0.0,2026-09-28
SNDK261106P01565000,0.0,0.0,2026-09-28
SNDK261106C01570000,0.0,0.0,2026-09-28
SNDK261106P01570000,0.0,3.0,2026-09-28
SNDK261106C01575000,0.0,0.0,2026-09-28
SNDK261106P01575000,0.0,6.0,2026-09-28
SNDK261106C01580000,0.0,0.0,2026-09-28
SNDK261106P01580000,0.0,0.0,2026-09-28
SNDK261106C01585000,0.0,0.0,2026-09-28
SNDK261106P01585000,0.0,0.0,2026-09-28
SNDK261106C01590000,0.0,0.0,2026-09-28
SNDK261106P01590000,0.0,0.0,2026-09-28
SNDK261106C01595000,0.0,0.0,2026-09-28
SNDK261106P01595000,0.0,1.0,2026-09-28
SNDK261106C01600000,0.0,0.0,2026-09-28
SNDK261106P01600000,0.0,2.0,2026-09-28
SNDK261106C01605000,0.0,0.0,2026-09-28
SNDK261106P01605000,0.0,1.0,2026-09-28
SNDK261106C01610000,0.0,0.0,2026-09-28
SNDK261106P01610000,0.0,1.0,2026-09-28
SNDK261106C01615000,0.0,0.0,2026-09-28
SNDK261106P01615000,0.0,0.0,2026-09-28
SNDK261106C01620000,0.0,0.0,2026-09-28
SNDK261106P01620000,0.0,0.0,2026-09-28
SNDK261106C01625000,0.0,0.0,2026-09-28
SNDK261106P01625000,0.0,3.0,2026-09-28
SNDK261106C01630000,0.0,0.0,2026-09-28
SNDK261106P01630000,1.0,6.0,2026-09-28
SNDK261106C01635000,0.0,0.0,2026-09-28
SNDK261106P01635000,1.0,0.0,2026-09-28
SNDK261106C01640000,0.0,0.0,2026-09-28
SNDK261106P01640000,0.0,0.0,2026-09-28
SNDK261106C01645000,0.0,0.0,2026-09-28
SNDK261106P01645000,0.0,0.0,2026-09-28
SNDK261106C01650000,0.0,3.0,2026-09-28
SNDK261106P01650000,2.0,3.0,2026-09-28
SNDK261106C01655000,5.0,0.0,2026-09-28
SNDK261106P01655000,0.0,0.0,2026-09-28
SNDK261106C01660000,0.0,1.0,2026-09-28
SNDK261106P01660000,1.0,1.0,2026-09-28
SNDK261106C01665000,0.0,1.0,2026-09-28
SNDK261106P01665000,1.0,0.0,2026-09-28
SNDK261106C01670000,10.0,6.0,2026-09-28
SNDK261106P01670000,0.0,4.0,2026-09-28
SNDK261106C01675000,0.0,0.0,2026-09-28
SNDK261106P01675000,0.0,3.0,2026-09-28
SNDK261106C01680000,0.0,0.0,2026-09-28
SNDK261106P01680000,0.0,1.0,2026-09-28
SNDK261106C01685000,0.0,0.0,2026-09-28
SNDK261106P01685000,0.0,0.0,2026-09-28
SNDK261106C01690000,0.0,2.0,2026-09-28
SNDK261106P01690000,0.0,0.0,2026-09-28
SNDK261106C01695000,0.0,5.0,2026-09-28
SNDK261106P01695000,0.0,0.0,2026-09-28
SNDK261106C01700000,1.0,9.0,2026-09-28
SNDK261106P01700000,4.0,5.0,2026-09-28
SNDK261106C01705000,0.0,0.0,2026-09-28
SNDK261106P01705000,0.0,0.0,2026-09-28
SNDK261106C01710000,0.0,1.0,2026-09-28
SNDK261106P01710000,0.0,0.0,2026-09-28
SNDK261106C01715000,0.0,22.0,2026-09-28
SNDK261106P01715000,0.0,0.0,2026-09-28
SNDK261106C01720000,0.0,1.0,2026-09-28
SNDK261106P01720000,1.0,0.0,2026-09-28
SNDK261106C01725000,3.0,0.0,2026-09-28
SNDK261106P01725000,0.0,0.0,2026-09-28
SNDK261106C01730000,0.0,1.0,2026-09-28
SNDK261106P01730000,0.0,0.0,2026-09-28
SNDK261106C01735000,0.0,1.0,2026-09-28
SNDK261106P01735000,0.0,0.0,2026-09-28
SNDK261106C01740000,0.0,0.0,2026-09-28
SNDK261106P01740000,0.0,0.0,2026-09-28
SNDK261106C01745000,0.0,0.0,2026-09-28
SNDK261106P01745000,0.0,0.0,2026-09-28
SNDK261106C01750000,2.0,5.0,2026-09-28
SNDK261106P01750000,2.0,0.0,2026-09-28
SNDK261106C01755000,0.0,0.0,2026-09-28
SNDK261106P01755000,15.0,0.0,2026-09-28
SNDK261106C01760000,0.0,0.0,2026-09-28
SNDK261106P01760000,11.0,0.0,2026-09-28
SNDK261106C01765000,7.0,0.0,2026-09-28
SNDK261106P01765000,1.0,0.0,2026-09-28
SNDK261106C01770000,4.0,2.0,2026-09-28
SNDK261106P01770000,0.0,0.0,2026-09-28
SNDK261106C01775000,10.0,1.0,2026-09-28
SNDK261106P01775000,3.0,0.0,2026-09-28
SNDK261106C01780000,10.0,0.0,2026-09-28
SNDK261106P01780000,2.0,0.0,2026-09-28
SNDK261106C01785000,2.0,1.0,2026-09-28
SNDK261106P01785000,0.0,0.0,2026-09-28
SNDK261106C01790000,1.0,1.0,2026-09-28
SNDK261106P01790000,0.0,0.0,2026-09-28
SNDK261106C01795000,0.0,0.0,2026-09-28
SNDK261106P01795000,0.0,0.0,2026-09-28
SNDK261106C01800000,13.0,10.0,2026-09-28
SNDK261106P01800000,0.0,0.0,2026-09-28
SNDK261106C01805000,0.0,4.0,2026-09-28
SNDK261106P01805000,0.0,1.0,2026-09-28
SNDK261106C01810000,1.0,2.0,2026-09-28
SNDK261106P01810000,0.0,0.0,2026-09-28
SNDK261106C01815000,0.0,0.0,2026-09-28
SNDK261106P01815000,0.0,0.0,2026-09-28
SNDK261106C01820000,0.0,0.0,2026-09-28
SNDK261106P01820000,0.0,0.0,2026-09-28
SNDK261106C01825000,1.0,0.0,2026-09-28
SNDK261106P01825000,1.0,0.0,2026-09-28
SNDK261106C01830000,0.0,2.0,2026-09-28
SNDK261106P01830000,0.0,0.0,2026-09-28
SNDK261106C01835000,0.0,3.0,2026-09-28
SNDK261106P01835000,1.0,0.0,2026-09-28
SNDK261106C01840000,2.0,0.0,2026-09-28
SNDK261106P01840000,0.0,0.0,2026-09-28
SNDK261106C01845000,0.0,1.0,2026-09-28
SNDK261106P01845000,1.0,0.0,2026-09-28
SNDK261106C01850000,5.0,3.0,2026-09-28
SNDK261106P01850000,0.0,0.0,2026-09-28
SNDK261106C01855000,0.0,0.0,2026-09-28
SNDK261106P01855000,1.0,0.0,2026-09-28
SNDK261106C01860000,0.0,2.0,2026-09-28
SNDK261106P01860000,1.0,0.0,2026-09-28
SNDK261106C01865000,2.0,4.0,2026-09-28
SNDK261106P01865000,1.0,0.0,2026-09-28
SNDK261106C01870000,0.0,0.0,2026-09-28
SNDK261106P01870000,0.0,0.0,2026-09-28
SNDK261106C01875000,0.0,0.0,2026-09-28
SNDK261106P01875000,0.0,0.0,2026-09-28
SNDK261106C01880000,0.0,5.0,2026-09-28
SNDK261106P01880000,0.0,0.0,2026-09-28
SNDK261106C01885000,0.0,0.0,2026-09-28
SNDK261106P01885000,0.0,0.0,2026-09-28
SNDK261106C01890000,0.0,0.0,2026-09-28
SNDK261106P01890000,0.0,0.0,2026-09-28
SNDK261106C01895000,9.0,4.0,2026-09-28
SNDK261106P01895000,3.0,0.0,2026-09-28
SNDK261106C01900000,1.0,17.0,2026-09-28
SNDK261106P01900000,0.0,0.0,2026-09-28
SNDK261106C01910000,0.0,0.0,2026-09-28
SNDK261106P01910000,0.0,0.0,2026-09-28
SNDK261106C01920000,0.0,1.0,2026-09-28
SNDK261106P01920000,0.0,0.0,2026-09-28
SNDK261106C01930000,0.0,1.0,2026-09-28
SNDK261106P01930000,0.0,0.0,2026-09-28
SNDK261106C01940000,0.0,2.0,2026-09-28
SNDK261106P01940000,0.0,0.0,2026-09-28
SNDK261106C01950000,4.0,2.0,2026-09-28
SNDK261106P01950000,0.0,0.0,2026-09-28
SNDK261106C01960000,0.0,0.0,2026-09-28
SNDK261106P01960000,0.0,0.0,2026-09-28
SNDK261106C01970000,0.0,0.0,2026-09-28
SNDK261106P01970000,0.0,0.0,2026-09-28
SNDK261106C01980000,1.0,1.0,2026-09-28
SNDK261106P01980000,0.0,0.0,2026-09-28
SNDK261106C01990000,0.0,2.0,2026-09-28
SNDK261106P01990000,0.0,0.0,2026-09-28
SNDK261106C02000000,8.0,3.0,2026-09-28
SNDK261106P02000000,0.0,0.0,2026-09-28
SNDK261106C02010000,0.0,0.0,2026-09-28
SNDK261106P02010000,0.0,0.0,2026-09-28
SNDK261106C02020000,2.0,0.0,2026-09-28
SNDK261106P02020000,0.0,0.0,2026-09-28
SNDK261106C02030000,0.0,0.0,2026-09-28
SNDK261106P02030000,0.0,0.0,2026-09-28
SNDK261106C02040000,1.0,0.0,2026-09-28
SNDK261106P02040000,0.0,0.0,2026-09-28
SNDK261106C02050000,1.0,2.0,2026-09-28
SNDK261106P02050000,0.0,0.0,2026-09-28
SNDK261106C02060000,0.0,0.0,2026-09-28
SNDK261106P02060000,0.0,0.0,2026-09-28
SNDK261106C02070000,3.0,1.0,2026-09-28
SNDK261106P02070000,0.0,0.0,2026-09-28
SNDK261106C02080000,0.0,1.0,2026-09-28
SNDK261106P02080000,0.0,0.0,2026-09-28
SNDK261106C02090000,0.0,4.0,2026-09-28
SNDK261106P02090000,0.0,0.0,2026-09-28
SNDK261106C02100000,0.0,0.0,2026-09-28
SNDK261106P02100000,0.0,1.0,2026-09-28
SNDK261106C02110000,0.0,0.0,2026-09-28
SNDK261106P02110000,0.0,0.0,2026-09-28
SNDK261106C02120000,1.0,0.0,2026-09-28
SNDK261106P02120000,0.0,0.0,2026-09-28
SNDK261106C02130000,0.0,0.0,2026-09-28
SNDK261106P02130000,0.0,0.0,2026-09-28
SNDK261106C02140000,0.0,0.0,2026-09-28
SNDK261106P02140000,0.0,0.0,2026-09-28
SNDK261106C02150000,1.0,0.0,2026-09-28
SNDK261106P02150000,0.0,0.0,2026-09-28
SNDK261106C02160000,0.0,0.0,2026-09-28
SNDK261106P02160000,0.0,0.0,2026-09-28
SNDK261106C02170000,0.0,3.0,2026-09-28
SNDK261106P02170000,0.0,0.0,2026-09-28
SNDK261106C02180000,0.0,0.0,2026-09-28
SNDK261106P02180000,0.0,0.0,2026-09-28
SNDK261106C02190000,1.0,1.0,2026-09-28
SNDK261106P02190000,0.0,0.0,2026-09-28
SNDK261106C02200000,0.0,4.0,2026-09-28
SNDK261106P02200000,0.0,0.0,2026-09-28
SNDK261106C02210000,0.0,0.0,2026-09-28
SNDK261106P02210000,0.0,2.0,2026-09-28
SNDK261106C02220000,0.0,0.0,2026-09-28
SNDK261106P02220000,0.0,0.0,2026-09-28
SNDK261106C02230000,1.0,0.0,2026-09-28
SNDK261106P02230000,0.0,0.0,2026-09-28
SNDK261106C02240000,0.0,6.0,2026-09-28
SNDK261106P02240000,0.0,0.0,2026-09-28
SNDK261106C02250000,0.0,40.0,2026-09-28
SNDK261106P02250000,0.0,0.0,2026-09-28
SNDK261106C02260000,0.0,40.0,2026-09-28
SNDK261106P02260000,0.0,0.0,2026-09-28
SNDK261106C02270000,0.0,4.0,2026-09-28
SNDK261106P02270000,0.0,0.0,2026-09-28
SNDK261106C02280000,0.0,164.0,2026-09-28
SNDK261106P02280000,0.0,0.0,2026-09-28
SNDK261106C02290000,0.0,0.0,2026-09-28
SNDK261106P02290000,0.0,0.0,2026-09-28
SNDK261106C02300000,1.0,0.0,2026-09-28
SNDK261106P02300000,0.0,0.0,2026-09-28
SNDK261106C02310000,0.0,0.0,2026-09-28
SNDK261106P02310000,0.0,0.0,2026-09-28
SNDK261106C02320000,0.0,0.0,2026-09-28
SNDK261106P02320000,0.0,0.0,2026-09-28
SNDK261106C02330000,0.0,0.0,2026-09-28
SNDK261106P02330000,0.0,0.0,2026-09-28
SNDK261106C02340000,0.0,0.0,2026-09-28
SNDK261106P02340000,0.0,0.0,2026-09-28
SNDK261106C02350000,0.0,0.0,2026-09-28
SNDK261106P02350000,0.0,0.0,2026-09-28
SNDK261106C02360000,0.0,0.0,2026-09-28
SNDK261106P02360000,0.0,0.0,2026-09-28
SNDK261106C02370000,6.0,0.0,2026-09-28
SNDK261106P02370000,0.0,0.0,2026-09-28
SNDK261106C02380000,0.0,0.0,2026-09-28
SNDK261106P02380000,0.0,0.0,2026-09-28
SNDK261106C02390000,0.0,0.0,2026-09-28
SNDK261106P02390000,0.0,0.0,2026-09-28
SNDK261106C02400000,0.0,1.0,2026-09-28
SNDK261106P02400000,0.0,0.0,2026-09-28
SNDK261106C02410000,0.0,0.0,2026-09-28
SNDK261106P02410000,0.0,0.0,2026-09-28
SNDK261106C02420000,0.0,0.0,2026-09-28
SNDK261106P02420000,0.0,0.0,2026-09-28
SNDK261106C02430000,0.0,0.0,2026-09-28
SNDK261106P02430000,0.0,0.0,2026-09-28
SNDK261106C02440000,0.0,0.0,2026-09-28
SNDK261106P02440000,0.0,0.0,2026-09-28
SNDK261106C02450000,0.0,0.0,2026-09-28
SNDK261106P02450000,0.0,0.0,2026-09-28
SNDK261106C02460000,0.0,20.0,2026-09-28
SNDK261106P02460000,0.0,0.0,2026-09-28
SNDK261106C02470000,0.0,0.0,2026-09-28
SNDK261106P02470000,0.0,0.0,2026-09-28
SNDK261106C02480000,0.0,0.0,2026-09-28
SNDK261106P02480000,0.0,0.0,2026-09-28
SNDK261106C02490000,0.0,0.0,2026-09-28
SNDK261106P02490000,0.0,0.0,2026-09-28
SNDK261106C02500000,0.0,5.0,2026-09-28
SNDK261106P02500000,0.0,0.0,2026-09-28
SNDK261106C02510000,0.0,0.0,2026-09-28
SNDK261106P02510000,1.0,0.0,2026-09-28
SNDK261106C02520000,0.0,0.0,2026-09-28
SNDK261106P02520000,0.0,0.0,2026-09-28
SNDK261106C02530000,0.0,0.0,2026-09-28
SNDK261106P02530000,0.0,0.0,2026-09-28
SNDK261106C02540000,10.0,0.0,2026-09-28
SNDK261106P02540000,0.0,0.0,2026-09-28
SNDK261106C02550000,0.0,50.0,2026-09-28
SNDK261106P02550000,0.0,0.0,2026-09-28
SNDK261106C02560000,0.0,9.0,2026-09-28
SNDK261106P02560000,0.0,0.0,2026-09-28
SNDK261106C02570000,0.0,0.0,2026-09-28
SNDK261106P02570000,0.0,0.0,2026-09-28
SNDK261106C02580000,0.0,24.0,2026-09-28
SNDK261106P02580000,0.0,0.0,2026-09-28
SNDK261106C02590000,0.0,22.0,2026-09-28
SNDK261106P02590000,0.0,0.0,2026-09-28
SNDK261106C02600000,0.0,0.0,2026-09-28
SNDK261106P02600000,0.0,0.0,2026-09-28
SNDK261106C02610000,0.0,0.0,2026-09-28
SNDK261106P02610000,0.0,0.0,2026-09-28
SNDK261106C02620000,0.0,0.0,2026-09-28
SNDK261106P02620000,0.0,0.0,2026-09-28
SNDK261106C02630000,0.0,0.0,2026-09-28
SNDK261106P02630000,0.0,0.0,2026-09-28
SNDK261106C02640000,0.0,0.0,2026-09-28
SNDK261106P02640000,0.0,0.0,2026-09-28
SNDK261106C02650000,0.0,0.0,2026-09-28
SNDK261106P02650000,0.0,0.0,2026-09-28
SNDK261106C02660000,14.0,0.0,2026-09-28
SNDK261106P02660000,0.0,0.0,2026-09-28
SNDK261106C02670000,24.0,0.0,2026-09-28
SNDK261106P02670000,0.0,0.0,2026-09-28
SNDK261106C02680000,0.0,0.0,2026-09-28
SNDK261106P02680000,0.0,0.0,2026-09-28
SNDK261106C02690000,5.0,2.0,2026-09-28
SNDK261106P02690000,0.0,0.0,2026-09-28
SNDK261106C02700000,5.0,0.0,2026-09-28
SNDK261106P02700000,0.0,0.0,2026-09-28
