date,expiration,dte,strike,expmove_pct
2023-06-01,2023-06-16,15,20.0,8.9584
2023-06-01,2023-07-21,50,20.0,15.2891
2023-06-01,2023-09-15,106,20.0,23.2919
2023-06-01,2023-12-15,197,20.0,31.892
2023-06-01,2024-01-19,232,20.0,34.2809
2023-06-01,2025-01-17,596,20.0,54.4673
2023-06-02,2023-06-16,14,22.5,7.5895
2023-06-02,2023-07-21,49,22.5,14.0462
2023-06-02,2023-09-15,105,22.5,22.0888
2023-06-02,2023-12-15,196,22.5,31.0376
2023-06-02,2024-01-19,231,22.5,33.5297
2023-06-02,2025-01-17,595,22.5,54.1459
2023-06-05,2023-06-16,11,22.5,7.2082
2023-06-05,2023-07-21,46,22.5,13.73
2023-06-05,2023-09-15,102,22.5,21.8535
2023-06-05,2023-12-15,193,22.5,31.1213
2023-06-05,2024-01-19,228,22.5,33.4096
2023-06-05,2025-01-17,592,22.5,54.4622
2023-06-06,2023-06-16,10,22.5,6.5531
2023-06-06,2023-07-21,45,22.5,13.3246
2023-06-06,2023-09-15,101,22.5,21.2975
2023-06-06,2023-12-15,192,22.5,30.581
2023-06-06,2024-01-19,227,22.5,32.7654
2023-06-06,2025-01-17,591,22.5,53.2984
2023-06-07,2023-06-16,9,22.5,6.2167
2023-06-07,2023-07-21,44,22.5,12.6554
2023-06-07,2023-09-15,100,22.5,20.9813
2023-06-07,2023-12-15,191,22.5,29.6403
2023-06-07,2024-01-19,226,22.5,32.1936
2023-06-07,2025-01-17,590,22.5,52.8419
2023-06-08,2023-06-16,8,22.5,5.8611
2023-06-08,2023-07-21,43,22.5,12.5113
2023-06-08,2023-09-15,99,22.5,20.8521
2023-06-08,2023-12-15,190,22.5,29.7565
2023-06-08,2024-01-19,225,22.5,32.0108
2023-06-08,2025-01-17,589,22.5,52.9757
2023-06-09,2023-06-16,7,22.5,5.9469
2023-06-09,2023-07-21,42,22.5,12.3513
2023-06-09,2023-09-15,98,22.5,20.8143
2023-06-09,2023-12-15,189,22.5,29.9634
2023-06-09,2024-01-19,224,22.5,32.2507
2023-06-09,2025-01-17,588,22.5,53.065
2023-06-12,2023-06-16,4,22.5,5.6296
2023-06-12,2023-07-21,39,22.5,12.1783
2023-06-12,2023-09-15,95,22.5,20.5653
2023-06-12,2023-12-15,186,22.5,29.6415
2023-06-12,2024-01-19,221,22.5,32.1691
2023-06-12,2025-01-17,585,22.5,53.3088
2023-06-13,2023-06-16,3,22.5,4.2857
2023-06-13,2023-07-21,38,22.5,12.0879
2023-06-13,2023-09-15,94,22.5,20.2198
2023-06-13,2023-12-15,185,22.5,28.9011
2023-06-13,2024-01-19,220,22.5,31.2088
2023-06-13,2025-01-17,584,22.5,52.5275
2023-06-14,2023-06-16,2,22.5,3.3304
2023-06-14,2023-07-21,37,22.5,11.7673
2023-06-14,2023-09-15,93,22.5,20.0933
2023-06-14,2023-12-15,184,22.5,29.0853
2023-06-14,2024-01-19,219,22.5,31.3055
2023-06-14,2025-01-17,583,22.5,52.6199
2023-06-15,2023-06-16,1,22.5,4.0703
2023-06-15,2023-07-21,36,22.5,11.7823
2023-06-15,2023-08-18,64,22.5,17.3522
2023-06-15,2023-09-15,92,22.5,20.1371
2023-06-15,2023-12-15,183,22.5,28.9203
2023-06-15,2024-01-19,218,22.5,31.491
2023-06-15,2025-01-17,582,22.5,52.2708
2023-06-16,2023-07-21,35,22.5,11.1989
2023-06-16,2023-08-18,63,22.5,16.6886
2023-06-16,2023-09-15,91,22.5,19.8726
2023-06-16,2023-12-15,182,22.5,28.8757
2023-06-16,2024-01-19,217,22.5,31.0716
2023-06-16,2025-01-17,581,22.5,52.0422
2023-06-20,2023-07-21,31,22.5,10.5618
2023-06-20,2023-08-18,59,22.5,16.1798
2023-06-20,2023-09-15,87,22.5,19.3258
2023-06-20,2023-12-15,178,22.5,28.5393
2023-06-20,2024-01-19,213,22.5,31.236
2023-06-20,2025-01-17,577,22.5,53.0337
2023-06-21,2023-07-21,30,22.5,10.7404
2023-06-21,2023-08-18,58,22.5,16.3391
2023-06-21,2023-09-15,86,22.5,19.3099
2023-06-21,2023-12-15,177,22.5,28.3364
2023-06-21,2024-01-19,212,22.5,31.0786
2023-06-21,2025-01-17,576,22.5,53.0165
2023-06-22,2023-07-21,29,22.5,10.3692
2023-06-22,2023-08-18,57,22.5,15.9526
2023-06-22,2023-09-15,85,22.5,19.371
2023-06-22,2023-12-15,176,22.5,28.031
2023-06-22,2024-01-19,211,22.5,30.5378
2023-06-22,2025-01-17,575,22.5,52.1878
2023-06-23,2023-07-21,28,22.5,10.6061
2023-06-23,2023-08-18,56,22.5,16.317
2023-06-23,2023-09-15,84,22.5,19.3473
2023-06-23,2023-12-15,175,22.5,28.3217
2023-06-23,2024-01-19,210,22.5,30.7692
2023-06-23,2025-01-17,574,22.5,53.1469
2023-06-26,2023-07-21,25,22.5,10.266
2023-06-26,2023-08-18,53,22.5,15.8656
2023-06-26,2023-09-15,81,22.5,19.3654
2023-06-26,2023-12-15,172,22.5,28.1148
2023-06-26,2024-01-19,207,22.5,30.7979
2023-06-26,2025-01-17,571,22.5,53.4298
2023-06-27,2023-07-21,24,22.5,8.8919
2023-06-27,2023-08-18,52,22.5,15.0479
2023-06-27,2023-09-15,80,22.5,18.3539
2023-06-27,2023-12-15,171,22.5,27.4738
2023-06-27,2024-01-19,206,22.5,29.6398
2023-06-27,2025-01-17,570,22.5,52.4396
2023-06-28,2023-07-21,23,22.5,8.548
2023-06-28,2023-08-18,51,22.5,14.8757
2023-06-28,2023-09-15,79,22.5,17.984
2023-06-28,2023-12-15,170,22.5,26.865
2023-06-28,2024-01-19,205,22.5,29.7513
2023-06-28,2025-01-17,569,22.5,51.7318
2023-06-29,2023-07-21,22,22.5,8.3151
2023-06-29,2023-08-18,50,22.5,14.6608
2023-06-29,2023-09-15,78,22.5,17.8337
2023-06-29,2023-12-15,169,22.5,26.9147
2023-06-29,2024-01-19,204,22.5,29.1028
2023-06-29,2025-01-17,568,22.5,51.4223
2023-06-30,2023-07-21,21,22.5,8.0857
2023-06-30,2023-08-18,49,22.5,14.3138
2023-06-30,2023-09-15,77,22.5,17.5918
2023-06-30,2023-12-15,168,22.5,26.5516
2023-06-30,2024-01-19,203,22.5,28.7369
2023-06-30,2025-01-17,567,22.5,51.1364
2023-07-03,2023-07-21,18,22.5,8.2038
2023-07-03,2023-08-18,46,22.5,14.2487
2023-07-03,2023-09-15,74,22.5,17.7029
2023-07-03,2023-12-15,165,22.5,26.6623
2023-07-03,2024-01-19,200,22.5,29.0371
2023-07-03,2025-01-17,564,22.5,50.9499
2023-07-05,2023-07-21,16,25.0,8.7576
2023-07-05,2023-08-18,44,25.0,15.1731
2023-07-05,2023-09-15,72,25.0,18.5336
2023-07-05,2023-12-15,163,25.0,27.4949
2023-07-05,2024-01-19,198,25.0,29.5316
2023-07-05,2025-01-17,562,25.0,51.9348
2023-07-06,2023-07-21,15,25.0,8.7449
2023-07-06,2023-08-18,43,25.0,15.535
2023-07-06,2023-09-15,71,25.0,18.3128
2023-07-06,2023-12-15,162,25.0,27.572
2023-07-06,2024-01-19,197,25.0,29.6296
2023-07-06,2025-01-17,561,25.0,51.8519
2023-07-07,2023-07-21,14,25.0,7.597
2023-07-07,2023-08-18,42,25.0,14.4942
2023-07-07,2023-09-15,70,25.0,17.8928
2023-07-07,2023-12-15,161,25.0,27.1891
2023-07-07,2024-01-19,196,25.0,29.1883
2023-07-07,2025-01-17,560,25.0,51.5794
2023-07-10,2023-07-21,11,25.0,6.7327
2023-07-10,2023-08-18,39,25.0,13.8614
2023-07-10,2023-09-15,67,25.0,17.0297
2023-07-10,2023-12-15,158,25.0,26.1386
2023-07-10,2024-01-19,193,25.0,28.5149
2023-07-10,2024-05-17,312,25.0,37.6238
2023-07-10,2024-06-21,347,25.0,39.604
2023-07-10,2024-08-16,403,25.0,43.1683
2023-07-10,2025-01-17,557,25.0,50.495
2023-07-11,2023-07-21,10,25.0,6.4204
2023-07-11,2023-08-18,38,25.0,13.5322
2023-07-11,2023-09-15,66,25.0,16.7918
2023-07-11,2023-12-15,157,25.0,25.8791
2023-07-11,2024-01-19,192,25.0,28.4473
2023-07-11,2024-05-17,311,25.0,37.1395
2023-07-11,2024-06-21,346,25.0,39.3125
2023-07-11,2024-08-16,402,25.0,42.4733
2023-07-11,2025-01-17,556,25.0,50.5729
2023-07-12,2023-07-21,9,25.0,5.88
2023-07-12,2023-08-18,37,25.0,13.2301
2023-07-12,2023-09-15,65,25.0,16.6601
2023-07-12,2023-12-15,156,25.0,25.6762
2023-07-12,2024-01-19,191,25.0,28.3222
2023-07-12,2024-05-17,310,25.0,36.8483
2023-07-12,2024-06-21,345,25.0,38.8083
2023-07-12,2024-08-16,401,25.0,42.1403
2023-07-12,2025-01-17,555,25.0,49.7844
2023-07-13,2023-07-21,8,25.0,5.8926
2023-07-13,2023-08-18,36,25.0,13.041
2023-07-13,2023-09-15,64,25.0,16.6151
2023-07-13,2023-12-15,155,25.0,25.3091
2023-07-13,2024-01-19,190,25.0,27.9173
2023-07-13,2024-05-17,309,25.0,36.5147
2023-07-13,2024-06-21,344,25.0,38.8331
2023-07-13,2024-08-16,400,25.0,41.9243
2023-07-13,2025-01-17,554,25.0,49.8454
2023-07-14,2023-07-21,7,25.0,5.1766
2023-07-14,2023-08-18,35,25.0,12.6878
2023-07-14,2023-09-15,63,25.0,16.0374
2023-07-14,2023-12-15,154,25.0,25.2741
2023-07-14,2024-01-19,189,25.0,28.0146
2023-07-14,2024-05-17,308,25.0,36.7438
2023-07-14,2024-06-21,343,25.0,38.5708
2023-07-14,2024-08-16,399,25.0,42.2249
2023-07-14,2025-01-17,553,25.0,50.5481
2023-07-17,2023-07-21,4,25.0,4.2237
2023-07-17,2023-08-18,32,25.0,12.3693
2023-07-17,2023-09-15,60,25.0,15.6879
2023-07-17,2023-12-15,151,25.0,24.9397
2023-07-17,2024-01-19,186,25.0,27.5543
2023-07-17,2024-05-17,305,25.0,36.2027
2023-07-17,2024-06-21,340,25.0,37.8117
2023-07-17,2024-08-16,396,25.0,41.8343
2023-07-17,2025-01-17,550,25.0,50.4827
2023-07-18,2023-07-21,3,25.0,3.7449
2023-07-18,2023-08-18,31,25.0,12.3482
2023-07-18,2023-09-15,59,25.0,15.587
2023-07-18,2023-12-15,150,25.0,24.7976
2023-07-18,2024-01-19,185,25.0,27.5304
2023-07-18,2024-05-17,304,25.0,36.4372
2023-07-18,2024-06-21,339,25.0,38.4615
2023-07-18,2024-08-16,395,25.0,41.9028
2023-07-18,2025-01-17,549,25.0,49.7976
2023-07-19,2023-07-21,2,25.0,4.6719
2023-07-19,2023-08-18,30,25.0,12.4585
2023-07-19,2023-09-15,58,25.0,16.0922
2023-07-19,2023-12-15,149,25.0,25.1246
2023-07-19,2024-01-19,184,25.0,27.4086
2023-07-19,2024-05-17,303,25.0,36.3372
2023-07-19,2024-06-21,338,25.0,37.7907
2023-07-19,2024-08-16,394,25.0,41.9435
2023-07-19,2025-01-17,548,25.0,49.8339
2023-07-20,2023-07-21,1,25.0,4.0389
2023-07-20,2023-08-18,29,25.0,12.3239
2023-07-20,2023-09-15,57,25.0,15.8451
2023-07-20,2023-12-15,148,25.0,24.9586
2023-07-20,2024-01-19,183,25.0,27.3405
2023-07-20,2024-03-15,239,25.0,31.483
2023-07-20,2024-05-17,302,25.0,35.6255
2023-07-20,2024-06-21,337,25.0,37.6968
2023-07-20,2024-08-16,393,25.0,41.6321
2023-07-20,2025-01-17,547,25.0,49.9172
2023-07-21,2023-08-18,28,22.5,12.2311
2023-07-21,2023-09-15,56,22.5,15.6052
2023-07-21,2023-12-15,147,22.5,24.7786
2023-07-21,2024-01-19,182,22.5,27.3092
2023-07-21,2024-03-15,238,22.5,31.3159
2023-07-21,2024-05-17,301,22.5,35.4281
2023-07-21,2024-06-21,336,22.5,37.5369
2023-07-21,2024-08-16,392,22.5,41.1219
2023-07-21,2025-01-17,546,22.5,48.9245
2023-07-24,2023-08-18,25,25.0,11.9647
2023-07-24,2023-09-15,53,25.0,15.4282
2023-07-24,2023-12-15,144,25.0,24.7691
2023-07-24,2024-01-19,179,25.0,27.0781
2023-07-24,2024-03-15,235,25.0,31.906
2023-07-24,2024-05-17,298,25.0,36.1041
2023-07-24,2024-06-21,333,25.0,37.9933
2023-07-24,2024-08-16,389,25.0,41.5617
2023-07-24,2025-01-17,543,25.0,49.958
2023-07-25,2023-08-18,24,25.0,12.3158
2023-07-25,2023-09-15,52,25.0,15.5789
2023-07-25,2023-12-15,143,25.0,24.8421
2023-07-25,2024-01-19,178,25.0,27.2632
2023-07-25,2024-03-15,234,25.0,32.0
2023-07-25,2024-05-17,297,25.0,36.2105
2023-07-25,2024-06-21,332,25.0,38.3158
2023-07-25,2024-08-16,388,25.0,41.6842
2023-07-25,2025-01-17,542,25.0,49.8947
2023-07-26,2023-08-18,23,25.0,11.2836
2023-07-26,2023-09-15,51,25.0,14.9068
2023-07-26,2023-12-15,142,25.0,24.1201
2023-07-26,2024-01-19,177,25.0,26.7081
2023-07-26,2024-03-15,233,25.0,31.0559
2023-07-26,2024-05-17,296,25.0,35.6108
2023-07-26,2024-06-21,331,25.0,37.4741
2023-07-26,2024-08-16,387,25.0,40.9938
2023-07-26,2025-01-17,541,25.0,49.2754
2023-07-27,2023-08-18,22,22.5,11.1444
2023-07-27,2023-09-15,50,22.5,14.5735
2023-07-27,2023-12-15,141,22.5,24.2177
2023-07-27,2024-01-19,176,22.5,26.4681
2023-07-27,2024-03-15,232,22.5,30.9687
2023-07-27,2024-05-17,295,22.5,35.1479
2023-07-27,2024-06-21,330,22.5,37.291
2023-07-27,2024-08-16,386,22.5,40.9344
2023-07-27,2025-01-17,540,22.5,49.2928
2023-07-28,2023-08-18,21,25.0,11.3493
2023-07-28,2023-09-15,49,25.0,14.8171
2023-07-28,2023-12-15,140,25.0,24.38
2023-07-28,2024-01-19,175,25.0,26.797
2023-07-28,2024-03-15,231,25.0,31.1055
2023-07-28,2024-05-17,294,25.0,35.309
2023-07-28,2024-06-21,329,25.0,37.4107
2023-07-28,2024-08-16,385,25.0,41.6141
2023-07-28,2025-01-17,539,25.0,49.8108
2023-07-31,2023-08-18,18,25.0,11.1111
2023-07-31,2023-09-15,46,25.0,14.6751
2023-07-31,2023-12-15,137,25.0,24.2138
2023-07-31,2024-01-19,172,25.0,26.9392
2023-07-31,2024-03-15,228,25.0,31.4465
2023-07-31,2024-05-17,291,25.0,35.6394
2023-07-31,2024-06-21,326,25.0,37.7358
2023-07-31,2024-08-16,382,25.0,41.5094
2023-07-31,2025-01-17,536,25.0,49.8952
2023-08-01,2023-08-18,17,22.5,10.182
2023-08-01,2023-09-15,45,22.5,13.9731
2023-08-01,2023-12-15,136,22.5,23.8302
2023-08-01,2024-01-19,171,22.5,26.3215
2023-08-01,2024-03-15,227,22.5,30.6542
2023-08-01,2024-05-17,290,22.5,35.0953
2023-08-01,2024-06-21,325,22.5,37.2617
2023-08-01,2024-08-16,381,22.5,40.7279
2023-08-01,2025-01-17,535,22.5,49.1768
2023-08-02,2023-08-18,16,22.5,10.2662
2023-08-02,2023-09-15,44,22.5,14.102
2023-08-02,2023-12-15,135,22.5,24.1426
2023-08-02,2024-01-19,170,22.5,26.963
2023-08-02,2024-03-15,226,22.5,31.5884
2023-08-02,2024-05-17,289,22.5,35.6498
2023-08-02,2024-06-21,324,22.5,37.4549
2023-08-02,2024-08-16,380,22.5,41.5162
2023-08-02,2025-01-17,534,22.5,49.639
2023-08-03,2023-08-18,15,22.5,9.6067
2023-08-03,2023-09-15,43,22.5,13.7884
2023-08-03,2023-12-15,134,22.5,24.1863
2023-08-03,2024-01-19,169,22.5,27.0118
2023-08-03,2024-03-15,225,22.5,31.6456
2023-08-03,2024-05-17,288,22.5,35.9403
2023-08-03,2024-06-21,323,22.5,38.2007
2023-08-03,2024-08-16,379,22.5,41.3653
2023-08-03,2025-01-17,533,22.5,50.1808
2023-08-04,2023-08-18,14,22.5,7.8125
2023-08-04,2023-09-15,42,22.5,12.5214
2023-08-04,2023-12-15,133,22.5,22.9024
2023-08-04,2024-01-19,168,22.5,25.792
2023-08-04,2024-03-15,224,22.5,30.1798
2023-08-04,2024-05-17,287,22.5,34.4606
2023-08-04,2024-06-21,322,22.5,36.387
2023-08-04,2024-08-16,378,22.5,40.0257
2023-08-04,2025-01-17,532,22.5,48.3733
2023-08-07,2023-08-18,11,22.5,6.2692
2023-08-07,2023-09-15,39,22.5,11.6586
2023-08-07,2023-12-15,130,22.5,22.6573
2023-08-07,2024-01-19,165,22.5,25.5169
2023-08-07,2024-03-15,221,22.5,29.8064
2023-08-07,2024-05-17,284,22.5,34.0959
2023-08-07,2024-06-21,319,22.5,36.0757
2023-08-07,2024-08-16,375,22.5,40.0352
2023-08-07,2025-01-17,529,22.5,48.3942
2023-08-08,2023-08-18,10,22.5,6.0519
2023-08-08,2023-09-15,38,22.5,11.5537
2023-08-08,2023-12-15,129,22.5,22.6673
2023-08-08,2024-01-19,164,22.5,25.5282
2023-08-08,2024-03-15,220,22.5,29.9296
2023-08-08,2024-05-17,283,22.5,34.331
2023-08-08,2024-06-21,318,22.5,36.3116
2023-08-08,2024-08-16,374,22.5,40.0528
2023-08-08,2025-01-17,528,22.5,48.4155
2023-08-09,2023-08-18,9,22.5,5.7709
2023-08-09,2023-09-15,37,22.5,11.4329
2023-08-09,2023-12-15,128,22.5,22.5392
2023-08-09,2024-01-19,163,22.5,25.3702
2023-08-09,2024-03-15,219,22.5,29.7256
2023-08-09,2024-05-17,282,22.5,33.9721
2023-08-09,2024-06-21,317,22.5,36.1498
2023-08-09,2024-08-16,373,22.5,39.8519
2023-08-09,2025-01-17,527,22.5,48.3449
2023-08-10,2023-08-18,8,22.5,5.4585
2023-08-10,2023-09-15,36,22.5,11.0262
2023-08-10,2023-12-15,127,22.5,22.3799
2023-08-10,2024-01-19,162,22.5,25.1092
2023-08-10,2024-03-15,218,22.5,29.8035
2023-08-10,2024-05-17,281,22.5,34.0611
2023-08-10,2024-06-21,316,22.5,36.4629
2023-08-10,2024-08-16,372,22.5,39.9563
2023-08-10,2025-01-17,526,22.5,48.2533
2023-08-11,2023-08-18,7,22.5,4.9805
2023-08-11,2023-09-15,35,22.5,10.8272
2023-08-11,2023-12-15,126,22.5,22.0875
2023-08-11,2024-01-19,161,22.5,24.7943
2023-08-11,2024-03-15,217,22.5,29.7748
2023-08-11,2024-05-17,280,22.5,34.2139
2023-08-11,2024-06-21,315,22.5,36.1628
2023-08-11,2024-08-16,371,22.5,39.6275
2023-08-11,2025-01-17,525,22.5,48.2893
2023-08-14,2023-08-18,4,22.5,4.1376
2023-08-14,2023-09-15,32,22.5,10.3441
2023-08-14,2023-12-15,123,22.5,21.9948
2023-08-14,2024-01-19,158,22.5,24.608
2023-08-14,2024-03-15,214,22.5,29.399
2023-08-14,2024-05-17,277,22.5,34.1899
2023-08-14,2024-06-21,312,22.5,36.3676
2023-08-14,2024-08-16,368,22.5,40.0697
2023-08-14,2025-01-17,522,22.5,47.9094
2023-08-15,2023-08-18,3,22.5,4.4704
2023-08-15,2023-09-15,31,22.5,10.6602
2023-08-15,2023-12-15,122,22.5,22.2375
2023-08-15,2024-01-19,157,22.5,24.9885
2023-08-15,2024-03-15,213,22.5,29.8028
2023-08-15,2024-05-17,276,22.5,33.9294
2023-08-15,2024-06-21,311,22.5,36.2219
2023-08-15,2024-08-16,367,22.5,39.89
2023-08-15,2025-01-17,521,22.5,47.9138
2023-08-16,2023-08-18,2,22.5,5.4855
2023-08-16,2023-09-15,30,22.5,10.8543
2023-08-16,2023-12-15,121,22.5,22.1755
2023-08-16,2024-01-19,156,22.5,24.8599
2023-08-16,2024-03-15,212,22.5,29.8786
2023-08-16,2024-05-17,275,22.5,34.3137
2023-08-16,2024-06-21,310,22.5,35.9477
2023-08-16,2024-08-16,366,22.5,39.6825
2023-08-16,2025-01-17,520,22.5,48.5528
2023-08-17,2023-08-18,1,22.5,5.6573
2023-08-17,2023-09-15,29,22.5,10.9155
2023-08-17,2023-10-20,64,22.5,15.9624
2023-08-17,2023-12-15,120,22.5,22.5352
2023-08-17,2024-01-19,155,22.5,25.3521
2023-08-17,2024-03-15,211,22.5,30.2817
2023-08-17,2024-05-17,274,22.5,34.507
2023-08-17,2024-06-21,309,22.5,36.6197
2023-08-17,2024-08-16,365,22.5,40.1408
2023-08-17,2025-01-17,519,22.5,49.061
2023-08-18,2023-09-15,28,20.0,10.0875
2023-08-18,2023-10-20,63,20.0,15.192
2023-08-18,2023-12-15,119,20.0,21.9981
2023-08-18,2024-01-19,154,20.0,24.9149
2023-08-18,2024-03-15,210,20.0,29.6548
2023-08-18,2024-05-17,273,20.0,34.1517
2023-08-18,2024-06-21,308,20.0,36.4609
2023-08-18,2024-08-16,364,20.0,39.8639
2023-08-18,2025-01-17,518,20.0,47.8853
2023-08-21,2023-09-15,25,20.0,9.7229
2023-08-21,2023-10-20,60,20.0,14.8274
2023-08-21,2023-12-15,116,20.0,21.6334
2023-08-21,2024-01-19,151,20.0,24.6719
2023-08-21,2024-03-15,207,20.0,29.1687
2023-08-21,2024-05-17,270,20.0,33.6655
2023-08-21,2024-06-21,305,20.0,35.7316
2023-08-21,2024-08-16,361,20.0,39.6208
2023-08-21,2025-01-17,515,20.0,47.3991
2023-08-22,2023-09-15,24,20.0,9.082
2023-08-22,2023-10-20,59,20.0,14.8503
2023-08-22,2023-12-15,115,20.0,21.7231
2023-08-22,2024-01-19,150,20.0,24.5459
2023-08-22,2024-03-15,206,20.0,29.3324
2023-08-22,2024-05-17,269,20.0,33.6279
2023-08-22,2024-06-21,304,20.0,36.0825
2023-08-22,2024-08-16,360,20.0,39.5189
2023-08-22,2025-01-17,514,20.0,48.11
2023-08-23,2023-09-15,23,20.0,8.6967
2023-08-23,2023-10-20,58,20.0,14.3312
2023-08-23,2023-12-15,114,20.0,21.3131
2023-08-23,2024-01-19,149,20.0,24.2528
2023-08-23,2024-03-15,205,20.0,28.6624
2023-08-23,2024-05-17,268,20.0,33.4395
2023-08-23,2024-06-21,303,20.0,35.6443
2023-08-23,2024-08-16,359,20.0,39.1965
2023-08-23,2025-01-17,513,20.0,47.7707
2023-08-24,2023-09-15,22,20.0,8.5112
2023-08-24,2023-10-20,57,20.0,14.2276
2023-08-24,2023-12-15,113,20.0,21.5955
2023-08-24,2024-01-19,148,20.0,24.6443
2023-08-24,2024-03-15,204,20.0,29.3445
2023-08-24,2024-05-17,267,20.0,34.0447
2023-08-24,2024-06-21,302,20.0,36.3313
2023-08-24,2024-08-16,358,20.0,39.8882
2023-08-24,2025-01-17,512,20.0,48.2724
2023-08-25,2023-09-15,21,20.0,7.9001
2023-08-25,2023-10-20,56,20.0,13.7615
2023-08-25,2023-12-15,112,20.0,21.1519
2023-08-25,2024-01-19,147,20.0,24.3374
2023-08-25,2024-03-15,203,20.0,28.9246
2023-08-25,2024-05-17,266,20.0,33.6391
2023-08-25,2024-06-21,301,20.0,36.1876
2023-08-25,2024-08-16,357,20.0,39.5005
2023-08-25,2025-01-17,511,20.0,47.6555
2023-08-28,2023-09-15,18,20.0,7.3122
2023-08-28,2023-10-20,53,20.0,13.3636
2023-08-28,2023-12-15,109,20.0,20.8018
2023-08-28,2024-01-19,144,20.0,23.8275
2023-08-28,2024-03-15,200,20.0,28.4922
2023-08-28,2024-05-17,263,20.0,33.409
2023-08-28,2024-06-21,298,20.0,35.0479
2023-08-28,2024-08-16,354,20.0,39.0822
2023-08-28,2025-01-17,508,20.0,47.6551
2023-08-29,2023-09-15,17,20.0,7.6161
2023-08-29,2023-10-20,52,20.0,13.2979
2023-08-29,2023-12-15,108,20.0,20.4304
2023-08-29,2024-01-19,143,20.0,23.6944
2023-08-29,2024-03-15,199,20.0,28.4091
2023-08-29,2024-05-17,262,20.0,32.7611
2023-08-29,2024-06-21,297,20.0,34.9371
2023-08-29,2024-08-16,353,20.0,38.2012
2023-08-29,2025-01-17,507,20.0,46.9052
2023-08-30,2023-09-15,16,20.0,6.6404
2023-08-30,2023-10-20,51,20.0,12.789
2023-08-30,2023-12-15,107,20.0,20.2902
2023-08-30,2024-01-19,142,20.0,23.2415
2023-08-30,2024-03-15,198,20.0,28.0374
2023-08-30,2024-05-17,261,20.0,33.0792
2023-08-30,2024-06-21,296,20.0,34.5548
2023-08-30,2024-08-16,352,20.0,38.6129
2023-08-30,2025-01-17,506,20.0,47.2209
2023-08-31,2023-09-15,15,20.0,7.2827
2023-08-31,2023-10-20,50,20.0,12.894
2023-08-31,2023-12-15,106,20.0,20.2961
2023-08-31,2024-01-19,141,20.0,23.042
2023-08-31,2024-03-15,197,20.0,27.8176
2023-08-31,2024-05-17,260,20.0,32.5931
2023-08-31,2024-06-21,295,20.0,34.2646
2023-08-31,2024-08-16,351,20.0,38.2044
2023-08-31,2025-01-17,505,20.0,46.8004
2023-09-01,2023-09-15,14,22.5,6.8573
2023-09-01,2023-10-20,49,22.5,12.7848
2023-09-01,2023-12-15,105,22.5,20.1069
2023-09-01,2024-01-19,140,22.5,22.8963
2023-09-01,2024-03-15,196,22.5,28.1265
2023-09-01,2024-05-17,259,22.5,32.543
2023-09-01,2024-06-21,294,22.5,34.6351
2023-09-01,2024-08-16,350,22.5,38.8192
2023-09-01,2025-01-17,504,22.5,47.6523
2023-09-05,2023-09-15,10,22.5,6.6187
2023-09-05,2023-10-20,45,22.5,12.4245
2023-09-05,2023-12-15,101,22.5,19.856
2023-09-05,2024-01-19,136,22.5,22.7589
2023-09-05,2024-03-15,192,22.5,27.752
2023-09-05,2024-05-17,255,22.5,32.5128
2023-09-05,2024-06-21,290,22.5,34.8351
2023-09-05,2024-08-16,346,22.5,38.5509
2023-09-05,2025-01-17,500,22.5,47.1435
2023-09-06,2023-09-15,9,22.5,5.7261
2023-09-06,2023-10-20,44,22.5,12.0247
2023-09-06,2023-12-15,100,22.5,19.4686
2023-09-06,2024-01-19,135,22.5,22.4462
2023-09-06,2024-03-15,191,22.5,27.5996
2023-09-06,2024-05-17,254,22.5,32.066
2023-09-06,2024-06-21,289,22.5,34.3564
2023-09-06,2024-08-16,345,22.5,38.4792
2023-09-06,2025-01-17,499,22.5,46.9537
2023-09-07,2023-09-15,8,22.5,6.4132
2023-09-07,2023-10-20,43,22.5,12.4767
2023-09-07,2023-12-15,99,22.5,19.9394
2023-09-07,2024-01-19,134,22.5,22.8545
2023-09-07,2024-03-15,190,22.5,27.7519
2023-09-07,2024-05-17,253,22.5,32.416
2023-09-07,2024-06-21,288,22.5,34.5149
2023-09-07,2024-08-16,344,22.5,38.2463
2023-09-07,2025-01-17,498,22.5,47.1082
2023-09-08,2023-09-15,7,22.5,6.1858
2023-09-08,2023-10-20,42,22.5,11.9048
2023-09-08,2023-12-15,98,22.5,19.3744
2023-09-08,2024-01-19,133,22.5,22.2923
2023-09-08,2024-03-15,189,22.5,27.5444
2023-09-08,2024-05-17,252,22.5,32.2129
2023-09-08,2024-06-21,287,22.5,34.5472
2023-09-08,2024-08-16,343,22.5,38.282
2023-09-08,2025-01-17,497,22.5,46.6853
2023-09-11,2023-09-15,4,22.5,4.9677
2023-09-11,2023-10-20,39,22.5,11.2061
2023-09-11,2023-12-15,95,22.5,19.0619
2023-09-11,2024-01-19,130,22.5,21.719
2023-09-11,2024-03-15,186,22.5,27.0333
2023-09-11,2024-05-17,249,22.5,31.6543
2023-09-11,2024-06-21,284,22.5,33.7338
2023-09-11,2024-08-16,340,22.5,37.8928
2023-09-11,2025-01-17,494,22.5,46.4418
2023-09-11,2026-01-16,858,22.5,66.0813
2023-09-12,2023-09-15,3,22.5,5.9635
2023-09-12,2023-10-20,38,22.5,11.5762
2023-09-12,2023-12-15,94,22.5,19.0599
2023-09-12,2024-01-19,129,22.5,21.9832
2023-09-12,2024-03-15,185,22.5,27.0112
2023-09-12,2024-05-17,248,22.5,32.0393
2023-09-12,2024-06-21,283,22.5,33.9102
2023-09-12,2024-08-16,339,22.5,37.8859
2023-09-12,2025-01-17,493,22.5,46.5388
2023-09-12,2026-01-16,857,22.5,65.2479
2023-09-13,2023-09-15,2,22.5,4.2607
2023-09-13,2023-10-20,37,22.5,10.8245
2023-09-13,2023-12-15,93,22.5,18.655
2023-09-13,2024-01-19,128,22.5,21.7642
2023-09-13,2024-03-15,184,22.5,26.9461
2023-09-13,2024-05-17,247,22.5,31.5523
2023-09-13,2024-06-21,282,22.5,33.6251
2023-09-13,2024-08-16,338,22.5,37.7706
2023-09-13,2025-01-17,492,22.5,46.5223
2023-09-13,2026-01-16,856,22.5,61.0318
2023-09-14,2023-09-15,1,22.5,2.1018
2023-09-14,2023-10-20,36,22.5,9.8451
2023-09-14,2023-11-17,64,22.5,15.1549
2023-09-14,2023-12-15,92,22.5,18.1416
2023-09-14,2024-01-19,127,22.5,20.7965
2023-09-14,2024-03-15,183,22.5,26.1062
2023-09-14,2024-05-17,246,22.5,30.8628
2023-09-14,2024-06-21,281,22.5,32.7434
2023-09-14,2024-08-16,337,22.5,36.9469
2023-09-14,2025-01-17,491,22.5,45.354
2023-09-14,2026-01-16,855,22.5,59.9558
2023-09-15,2023-10-20,35,22.5,9.969
2023-09-15,2023-11-17,63,22.5,15.175
2023-09-15,2023-12-15,91,22.5,17.9442
2023-09-15,2024-01-19,126,22.5,20.9349
2023-09-15,2024-03-15,182,22.5,26.2517
2023-09-15,2024-05-17,245,22.5,31.2362
2023-09-15,2024-06-21,280,22.5,33.4515
2023-09-15,2024-08-16,336,22.5,37.2175
2023-09-15,2025-01-17,490,22.5,45.4143
2023-09-15,2026-01-16,854,22.5,59.8139
2023-09-18,2023-10-20,32,20.0,10.5617
2023-09-18,2023-11-17,60,20.0,15.4825
2023-09-18,2023-12-15,88,20.0,18.1229
2023-09-18,2024-01-19,123,20.0,21.3634
2023-09-18,2024-03-15,179,20.0,26.2842
2023-09-18,2024-05-17,242,20.0,31.325
2023-09-18,2024-06-21,277,20.0,33.2453
2023-09-18,2024-08-16,333,20.0,36.8459
2023-09-18,2025-01-17,487,20.0,45.3673
2023-09-18,2026-01-16,851,20.0,59.7696
2023-09-19,2023-10-20,31,20.0,10.2469
2023-09-19,2023-11-17,59,20.0,15.1852
2023-09-19,2023-12-15,87,20.0,18.1481
2023-09-19,2024-01-19,122,20.0,21.2346
2023-09-19,2024-03-15,178,20.0,26.5432
2023-09-19,2024-05-17,241,20.0,31.2346
2023-09-19,2024-06-21,276,20.0,33.3333
2023-09-19,2024-08-16,332,20.0,37.284
2023-09-19,2025-01-17,486,20.0,46.1728
2023-09-19,2026-01-16,850,20.0,60.0
2023-09-20,2023-10-20,30,20.0,9.8701
2023-09-20,2023-11-17,58,20.0,15.3673
2023-09-20,2023-12-15,86,20.0,17.991
2023-09-20,2024-01-19,121,20.0,20.9895
2023-09-20,2024-03-15,177,20.0,26.2369
2023-09-20,2024-05-17,240,20.0,31.4843
2023-09-20,2024-06-21,275,20.0,33.6082
2023-09-20,2024-08-16,331,20.0,37.2314
2023-09-20,2025-01-17,485,20.0,45.977
2023-09-20,2026-01-16,849,20.0,62.2189
2023-09-21,2023-10-20,29,20.0,10.3535
2023-09-21,2023-11-17,57,20.0,15.6566
2023-09-21,2023-12-15,85,20.0,18.3081
2023-09-21,2024-01-19,120,20.0,21.4646
2023-09-21,2024-03-15,176,20.0,26.7677
2023-09-21,2024-05-17,239,20.0,31.8182
2023-09-21,2024-06-21,274,20.0,33.8384
2023-09-21,2024-08-16,330,20.0,37.8788
2023-09-21,2025-01-17,484,20.0,46.2121
2023-09-21,2026-01-16,848,20.0,60.8586
2023-09-22,2023-10-20,28,20.0,9.9396
2023-09-22,2023-11-17,56,20.0,15.3498
2023-09-22,2023-12-15,84,20.0,18.1178
2023-09-22,2024-01-19,119,20.0,21.1374
2023-09-22,2024-03-15,175,20.0,26.6734
2023-09-22,2024-05-17,238,20.0,31.5803
2023-09-22,2024-06-21,273,20.0,33.845
2023-09-22,2024-08-16,329,20.0,37.2421
2023-09-22,2025-01-17,483,20.0,46.301
2023-09-22,2026-01-16,847,20.0,60.8958
2023-09-25,2023-10-20,25,20.0,9.9747
2023-09-25,2023-11-17,53,20.0,15.5303
2023-09-25,2023-12-15,81,20.0,18.5606
2023-09-25,2024-01-19,116,20.0,21.4646
2023-09-25,2024-03-15,172,20.0,26.8939
2023-09-25,2024-05-17,235,20.0,31.8182
2023-09-25,2024-06-21,270,20.0,33.5859
2023-09-25,2024-08-16,326,20.0,37.8788
2023-09-25,2025-01-17,480,20.0,45.9596
2023-09-25,2026-01-16,844,20.0,61.3636
2023-09-26,2023-10-20,24,20.0,10.666
2023-09-26,2023-11-17,52,20.0,15.999
2023-09-26,2023-12-15,80,20.0,18.9906
2023-09-26,2024-01-19,115,20.0,22.1124
2023-09-26,2024-03-15,171,20.0,27.4454
2023-09-26,2024-05-17,234,20.0,32.5182
2023-09-26,2024-06-21,269,20.0,34.3392
2023-09-26,2024-08-16,325,20.0,38.5016
2023-09-26,2025-01-17,479,20.0,47.0864
2023-09-26,2026-01-16,843,20.0,61.3944
2023-09-27,2023-10-20,23,17.5,11.132
2023-09-27,2023-11-17,51,17.5,16.2285
2023-09-27,2023-12-15,79,17.5,19.4474
2023-09-27,2024-01-19,114,17.5,22.2639
2023-09-27,2024-03-15,170,17.5,27.3605
2023-09-27,2024-05-17,233,17.5,32.4571
2023-09-27,2024-06-21,268,17.5,34.2006
2023-09-27,2024-08-16,324,17.5,37.956
2023-09-27,2025-01-17,478,17.5,46.6738
2023-09-27,2026-01-16,842,17.5,57.1352
2023-09-28,2023-10-20,22,20.0,9.8548
2023-09-28,2023-11-17,50,20.0,15.8195
2023-09-28,2023-12-15,78,20.0,18.8019
2023-09-28,2024-01-19,113,20.0,22.3029
2023-09-28,2024-03-15,169,20.0,27.6193
2023-09-28,2024-05-17,232,20.0,32.6763
2023-09-28,2024-06-21,267,20.0,34.4917
2023-09-28,2024-08-16,323,20.0,38.3817
2023-09-28,2025-01-17,477,20.0,47.1992
2023-09-28,2026-01-16,841,20.0,58.3506
2023-09-29,2023-10-20,21,20.0,9.6859
2023-09-29,2023-11-17,49,20.0,15.5759
2023-09-29,2023-12-15,77,20.0,18.8482
2023-09-29,2024-01-19,112,20.0,21.8586
2023-09-29,2024-03-15,168,20.0,27.356
2023-09-29,2024-05-17,231,20.0,32.4607
2023-09-29,2024-06-21,266,20.0,34.555
2023-09-29,2024-08-16,322,20.0,38.7435
2023-09-29,2025-01-17,476,20.0,47.1204
2023-09-29,2026-01-16,840,20.0,62.3037
2023-10-02,2023-10-20,18,17.5,9.8489
2023-10-02,2023-11-17,46,17.5,15.5154
2023-10-02,2023-12-15,74,17.5,18.7534
2023-10-02,2024-01-19,109,17.5,21.9914
2023-10-02,2024-03-15,165,17.5,27.5229
2023-10-02,2024-05-17,228,17.5,32.245
2023-10-02,2024-06-21,263,17.5,34.1338
2023-10-02,2024-08-16,319,17.5,38.0464
2023-10-02,2025-01-17,473,17.5,46.4112
2023-10-02,2026-01-16,837,17.5,60.7124
2023-10-03,2023-10-20,17,17.5,8.8068
2023-10-03,2023-11-17,45,17.5,15.3409
2023-10-03,2023-12-15,73,17.5,19.0341
2023-10-03,2024-01-19,108,17.5,22.3011
2023-10-03,2024-03-15,164,17.5,27.6989
2023-10-03,2024-05-17,227,17.5,33.0966
2023-10-03,2024-06-21,262,17.5,35.2273
2023-10-03,2024-08-16,318,17.5,38.9205
2023-10-03,2025-01-17,472,17.5,47.4432
2023-10-03,2026-01-16,836,17.5,62.2159
2023-10-04,2023-10-20,16,17.5,8.4965
2023-10-04,2023-11-17,44,17.5,15.265
2023-10-04,2023-12-15,72,17.5,18.8652
2023-10-04,2024-01-19,107,17.5,22.3214
2023-10-04,2024-03-15,163,17.5,27.7938
2023-10-04,2024-05-17,226,17.5,32.9781
2023-10-04,2024-06-21,261,17.5,34.9942
2023-10-04,2024-08-16,317,17.5,39.1705
2023-10-04,2025-01-17,471,17.5,48.0991
2023-10-04,2026-01-16,835,17.5,58.4677
2023-10-05,2023-10-20,15,17.5,9.0612
2023-10-05,2023-11-17,43,17.5,15.5971
2023-10-05,2023-12-15,71,17.5,19.1622
2023-10-05,2024-01-19,106,17.5,22.7273
2023-10-05,2024-03-15,162,17.5,28.5205
2023-10-05,2024-05-17,225,17.5,33.8681
2023-10-05,2024-06-21,260,17.5,36.2448
2023-10-05,2024-08-16,316,17.5,39.8099
2023-10-05,2025-01-17,470,17.5,48.7225
2023-10-05,2026-01-16,834,17.5,66.5478
2023-10-06,2023-10-20,14,17.5,8.4923
2023-10-06,2023-11-17,42,17.5,15.7926
2023-10-06,2023-12-15,70,17.5,19.0703
2023-10-06,2024-01-19,105,17.5,22.646
2023-10-06,2024-03-15,161,17.5,28.6055
2023-10-06,2024-05-17,224,17.5,33.82
2023-10-06,2024-06-21,259,17.5,36.2038
2023-10-06,2024-08-16,315,17.5,39.3325
2023-10-06,2025-01-17,469,17.5,48.5697
2023-10-06,2026-01-16,833,17.5,70.6198
2023-10-09,2023-10-20,11,17.5,8.0166
2023-10-09,2023-11-17,39,17.5,15.5879
2023-10-09,2023-12-15,67,17.5,18.8539
2023-10-09,2024-01-19,102,17.5,22.2684
2023-10-09,2024-03-15,158,17.5,28.0582
2023-10-09,2024-05-17,221,17.5,33.4026
2023-10-09,2024-06-21,256,17.5,35.7779
2023-10-09,2024-08-16,312,17.5,39.7862
2023-10-09,2025-01-17,466,17.5,48.3967
2023-10-09,2026-01-16,830,17.5,67.399
2023-10-10,2023-10-20,10,17.5,6.5789
2023-10-10,2023-11-17,38,17.5,14.5881
2023-10-10,2023-12-15,66,17.5,18.1636
2023-10-10,2024-01-19,101,17.5,21.4531
2023-10-10,2024-03-15,157,17.5,27.1739
2023-10-10,2024-05-17,220,17.5,32.4657
2023-10-10,2024-06-21,255,17.5,34.897
2023-10-10,2024-08-16,311,17.5,38.7586
2023-10-10,2025-01-17,465,17.5,47.1968
2023-10-10,2026-01-16,829,17.5,61.7849
2023-10-11,2023-10-20,9,17.5,6.1817
2023-10-11,2023-11-17,37,17.5,13.9448
2023-10-11,2023-12-15,65,17.5,17.5388
2023-10-11,2024-01-19,100,17.5,20.9891
2023-10-11,2024-03-15,156,17.5,27.027
2023-10-11,2024-05-17,219,17.5,32.4899
2023-10-11,2024-06-21,254,17.5,34.6463
2023-10-11,2024-08-16,310,17.5,38.8154
2023-10-11,2025-01-17,464,17.5,47.1535
2023-10-11,2026-01-16,828,17.5,68.4301
2023-10-12,2023-10-20,8,17.5,6.6924
2023-10-12,2023-11-17,36,17.5,14.2772
2023-10-12,2023-12-15,64,17.5,17.9952
2023-10-12,2024-01-19,99,17.5,21.5645
2023-10-12,2024-03-15,155,17.5,27.2159
2023-10-12,2024-05-17,218,17.5,32.7186
2023-10-12,2024-06-21,253,17.5,35.0982
2023-10-12,2024-08-16,309,17.5,39.2623
2023-10-12,2025-01-17,463,17.5,47.5907
2023-10-12,2026-01-16,827,17.5,63.0577
2023-10-13,2023-10-20,7,17.5,6.202
2023-10-13,2023-11-17,35,17.5,14.176
2023-10-13,2023-12-15,63,17.5,18.3107
2023-10-13,2024-01-19,98,17.5,21.8547
2023-10-13,2024-03-15,154,17.5,27.466
2023-10-13,2024-05-17,217,17.5,33.3727
2023-10-13,2024-06-21,252,17.5,35.2924
2023-10-13,2024-08-16,308,17.5,38.9841
2023-10-13,2025-01-17,462,17.5,48.1394
2023-10-13,2026-01-16,826,17.5,67.9268
2023-10-16,2023-10-20,4,17.5,5.8743
2023-10-16,2023-11-17,32,17.5,13.5246
2023-10-16,2023-12-15,60,17.5,16.9399
2023-10-16,2024-01-19,95,17.5,20.765
2023-10-16,2024-03-15,151,17.5,26.5027
2023-10-16,2024-05-17,214,17.5,31.4208
2023-10-16,2024-06-21,249,17.5,33.7432
2023-10-16,2024-08-16,305,17.5,37.5683
2023-10-16,2025-01-17,459,17.5,46.1749
2023-10-16,2026-01-16,823,17.5,63.9344
2023-10-17,2023-10-20,3,20.0,6.7639
2023-10-17,2023-11-17,31,20.0,14.191
2023-10-17,2023-12-15,59,20.0,17.7719
2023-10-17,2024-01-19,94,20.0,21.4854
2023-10-17,2024-03-15,150,20.0,27.4536
2023-10-17,2024-05-17,213,20.0,32.4934
2023-10-17,2024-06-21,248,20.0,34.4828
2023-10-17,2024-08-16,304,20.0,38.7268
2023-10-17,2025-01-17,458,20.0,47.2149
2023-10-17,2026-01-16,822,20.0,64.7215
2023-10-18,2023-10-20,2,17.5,4.7971
2023-10-18,2023-11-17,30,17.5,13.7061
2023-10-18,2023-12-15,58,17.5,17.6809
2023-10-18,2024-01-19,93,17.5,21.2445
2023-10-18,2024-03-15,149,17.5,27.2752
2023-10-18,2024-05-17,212,17.5,32.3465
2023-10-18,2024-06-21,247,17.5,34.5395
2023-10-18,2024-08-16,303,17.5,38.6513
2023-10-18,2025-01-17,457,17.5,47.1491
2023-10-18,2026-01-16,821,17.5,61.1294
2023-10-19,2023-10-20,1,17.5,2.6943
2023-10-19,2023-11-17,29,17.5,13.755
2023-10-19,2023-12-15,57,17.5,17.4419
2023-10-19,2024-01-19,92,17.5,21.4124
2023-10-19,2024-03-15,148,17.5,27.5099
2023-10-19,2024-05-17,211,17.5,32.6149
2023-10-19,2024-06-21,246,17.5,34.8837
2023-10-19,2024-08-16,302,17.5,38.1452
2023-10-19,2025-01-17,456,17.5,47.6461
2023-10-19,2026-01-16,820,17.5,58.7068
2023-10-20,2023-11-17,28,17.5,13.4939
2023-10-20,2023-12-15,56,17.5,17.7017
2023-10-20,2024-01-19,91,17.5,21.7644
2023-10-20,2024-03-15,147,17.5,27.8584
2023-10-20,2024-05-17,210,17.5,33.372
2023-10-20,2024-06-21,245,17.5,35.4034
2023-10-20,2024-08-16,301,17.5,40.0464
2023-10-20,2025-01-17,455,17.5,48.462
2023-10-20,2026-01-16,819,17.5,71.0969
2023-10-23,2023-11-17,25,17.5,13.8138
2023-10-23,2023-12-15,53,17.5,17.8679
2023-10-23,2024-01-19,88,17.5,21.9219
2023-10-23,2024-03-15,144,17.5,27.9279
2023-10-23,2024-05-17,207,17.5,33.6336
2023-10-23,2024-06-21,242,17.5,35.7357
2023-10-23,2024-08-16,298,17.5,40.2402
2023-10-23,2025-01-17,452,17.5,48.3483
2023-10-23,2026-01-16,816,17.5,62.4625
2023-10-24,2023-11-17,24,17.5,12.536
2023-10-24,2023-12-15,52,17.5,16.7147
2023-10-24,2024-01-19,87,17.5,21.0375
2023-10-24,2024-03-15,143,17.5,26.9452
2023-10-24,2024-05-17,206,17.5,32.4207
2023-10-24,2024-06-21,241,17.5,34.8703
2023-10-24,2024-08-16,297,17.5,38.9049
2023-10-24,2025-01-17,451,17.5,47.5504
2023-10-24,2026-01-16,815,17.5,60.2305
2023-10-25,2023-11-17,23,17.5,12.3403
2023-10-25,2023-12-15,51,17.5,17.1312
2023-10-25,2024-01-19,86,17.5,21.1963
2023-10-25,2024-03-15,142,17.5,27.439
2023-10-25,2024-05-17,205,17.5,33.101
2023-10-25,2024-06-21,240,17.5,35.2787
2023-10-25,2024-08-16,296,17.5,39.1986
2023-10-25,2025-01-17,450,17.5,48.1998
2023-10-25,2026-01-16,814,17.5,55.7491
2023-10-26,2023-11-17,22,17.5,12.8698
2023-10-26,2023-12-15,50,17.5,17.4556
2023-10-26,2024-01-19,85,17.5,21.4497
2023-10-26,2024-03-15,141,17.5,27.9586
2023-10-26,2024-05-17,204,17.5,33.284
2023-10-26,2024-06-21,239,17.5,35.7988
2023-10-26,2024-08-16,295,17.5,39.3491
2023-10-26,2025-01-17,449,17.5,48.2249
2023-10-26,2026-01-16,813,17.5,71.3018
2023-10-27,2023-11-17,21,17.5,13.4848
2023-10-27,2023-12-15,49,17.5,17.7273
2023-10-27,2024-01-19,84,17.5,22.4242
2023-10-27,2024-03-15,140,17.5,28.3333
2023-10-27,2024-05-17,203,17.5,34.0909
2023-10-27,2024-06-21,238,17.5,36.0606
2023-10-27,2024-08-16,294,17.5,40.6061
2023-10-27,2025-01-17,448,17.5,49.3939
2023-10-27,2026-01-16,812,17.5,64.2424
2023-10-30,2023-11-17,18,17.5,12.6659
2023-10-30,2023-12-15,46,17.5,17.1894
2023-10-30,2024-01-19,81,17.5,21.7129
2023-10-30,2024-03-15,137,17.5,27.7443
2023-10-30,2024-05-17,200,17.5,33.7756
2023-10-30,2024-06-21,235,17.5,35.8866
2023-10-30,2024-08-16,291,17.5,39.807
2023-10-30,2025-01-17,445,17.5,48.854
2023-10-30,2026-01-16,809,17.5,64.234
2023-10-31,2023-11-17,17,17.5,12.5
2023-10-31,2023-12-15,45,17.5,17.0732
2023-10-31,2024-01-19,80,17.5,21.3415
2023-10-31,2024-03-15,136,17.5,27.5915
2023-10-31,2024-05-17,199,17.5,33.689
2023-10-31,2024-06-21,234,17.5,35.8232
2023-10-31,2024-08-16,290,17.5,40.2439
2023-10-31,2025-01-17,444,17.5,49.0854
2023-10-31,2026-01-16,808,17.5,58.8415
2023-11-01,2023-11-17,16,15.0,11.8897
2023-11-01,2023-12-15,44,15.0,16.1699
2023-11-01,2024-01-19,79,15.0,20.7673
2023-11-01,2024-03-15,135,15.0,27.1084
2023-11-01,2024-05-17,198,15.0,32.974
2023-11-01,2024-06-21,233,15.0,35.0349
2023-11-01,2024-08-16,289,15.0,38.8396
2023-11-01,2025-01-17,443,15.0,47.7172
2023-11-01,2026-01-16,807,15.0,66.8992
2023-11-02,2023-11-17,15,17.5,11.3636
2023-11-02,2023-12-15,43,17.5,15.6998
2023-11-02,2024-01-19,78,17.5,20.3349
2023-11-02,2024-03-15,134,17.5,26.9139
2023-11-02,2024-05-17,197,17.5,32.5957
2023-11-02,2024-06-21,232,17.5,35.7356
2023-11-02,2024-08-16,288,17.5,39.1746
2023-11-02,2025-01-17,442,17.5,47.8469
2023-11-02,2026-01-16,806,17.5,66.0885
2023-11-03,2023-11-17,14,17.5,9.4397
2023-11-03,2023-12-15,42,17.5,14.6163
2023-11-03,2024-01-19,77,17.5,19.1839
2023-11-03,2024-03-15,133,17.5,25.8831
2023-11-03,2024-05-17,196,17.5,31.9732
2023-11-03,2024-06-21,231,17.5,34.5615
2023-11-03,2024-08-16,287,17.5,38.9769
2023-11-03,2025-01-17,441,17.5,48.1121
2023-11-03,2026-01-16,805,17.5,63.0329
2023-11-06,2023-11-17,11,15.0,8.1731
2023-11-06,2023-12-15,39,15.0,13.9423
2023-11-06,2024-01-19,74,15.0,18.4295
2023-11-06,2024-03-15,130,15.0,25.1603
2023-11-06,2024-05-17,193,15.0,31.25
2023-11-06,2024-06-21,228,15.0,34.1346
2023-11-06,2024-08-16,284,15.0,38.3013
2023-11-06,2025-01-17,438,15.0,46.9551
2023-11-06,2026-01-16,802,15.0,61.5385
2023-11-07,2023-11-17,10,17.5,9.6448
2023-11-07,2023-12-15,38,17.5,14.6969
2023-11-07,2024-01-19,73,17.5,19.2897
2023-11-07,2024-03-15,129,17.5,26.6381
2023-11-07,2024-05-17,192,17.5,32.3025
2023-11-07,2024-06-21,227,17.5,34.4458
2023-11-07,2024-08-16,283,17.5,38.7324
2023-11-07,2025-01-17,437,17.5,48.3772
2023-11-07,2026-01-16,801,17.5,63.9927
2023-11-08,2023-11-17,9,15.0,7.4984
2023-11-08,2023-12-15,37,15.0,13.7205
2023-11-08,2024-01-19,72,15.0,17.8685
2023-11-08,2024-03-15,128,15.0,25.2074
2023-11-08,2024-05-17,191,15.0,31.2699
2023-11-08,2024-06-21,226,15.0,33.6631
2023-11-08,2024-08-16,282,15.0,37.6516
2023-11-08,2025-01-17,436,15.0,47.0645
2023-11-08,2026-01-16,800,15.0,72.4314
2023-11-09,2023-11-17,8,15.0,6.3809
2023-11-09,2023-12-15,36,15.0,13.089
2023-11-09,2024-01-19,71,15.0,17.9974
2023-11-09,2024-03-15,127,15.0,25.1963
2023-11-09,2024-05-17,190,15.0,31.4136
2023-11-09,2024-06-21,225,15.0,34.0314
2023-11-09,2024-08-16,281,15.0,38.2853
2023-11-09,2025-01-17,435,15.0,47.284
2023-11-09,2026-01-16,799,15.0,61.8456
2023-11-10,2023-11-17,7,15.0,5.5221
2023-11-10,2023-12-15,35,15.0,12.3829
2023-11-10,2024-01-19,70,15.0,17.905
2023-11-10,2024-03-15,126,15.0,25.1004
2023-11-10,2024-05-17,189,15.0,31.2918
2023-11-10,2024-06-21,224,15.0,33.8019
2023-11-10,2024-08-16,280,15.0,38.1526
2023-11-10,2025-01-17,434,15.0,47.5234
2023-11-10,2026-01-16,798,15.0,62.9183
2023-11-13,2023-11-17,4,15.0,4.8495
2023-11-13,2023-12-15,32,15.0,12.0401
2023-11-13,2024-01-19,67,15.0,17.3913
2023-11-13,2024-03-15,123,15.0,24.7492
2023-11-13,2024-05-17,186,15.0,31.2709
2023-11-13,2024-06-21,221,15.0,33.7793
2023-11-13,2024-08-16,277,15.0,37.9599
2023-11-13,2025-01-17,431,15.0,47.1572
2023-11-13,2026-01-16,795,15.0,62.2074
2023-11-14,2023-11-17,3,15.0,7.5851
2023-11-14,2023-12-15,31,15.0,13.3127
2023-11-14,2024-01-19,66,15.0,17.9567
2023-11-14,2024-03-15,122,15.0,24.613
2023-11-14,2024-05-17,185,15.0,30.3406
2023-11-14,2024-06-21,220,15.0,33.2817
2023-11-14,2024-08-16,276,15.0,36.9969
2023-11-14,2025-01-17,430,15.0,45.6656
2023-11-14,2026-01-16,794,15.0,66.5635
2023-11-15,2023-11-17,2,17.5,6.8348
2023-11-15,2023-12-15,30,17.5,12.9101
2023-11-15,2024-01-19,65,17.5,17.9222
2023-11-15,2024-03-15,121,17.5,25.0608
2023-11-15,2024-05-17,184,17.5,31.288
2023-11-15,2024-06-21,219,17.5,34.0219
2023-11-15,2024-08-16,275,17.5,38.4265
2023-11-15,2025-01-17,429,17.5,47.0838
2023-11-15,2026-01-16,793,17.5,64.3985
2023-11-16,2023-11-17,1,15.0,4.7224
2023-11-16,2023-12-15,29,15.0,11.9655
2023-11-16,2024-01-19,64,15.0,17.3899
2023-11-16,2024-03-15,120,15.0,24.5692
2023-11-16,2024-05-17,183,15.0,30.4722
2023-11-16,2024-06-21,218,15.0,33.344
2023-11-16,2024-08-16,274,15.0,37.1729
2023-11-16,2025-01-17,428,15.0,46.1072
2023-11-16,2026-01-16,792,15.0,65.0925
2023-11-17,2023-12-15,28,15.0,12.67
2023-11-17,2024-01-19,63,15.0,17.6143
2023-11-17,2024-03-15,119,15.0,24.4129
2023-11-17,2024-05-17,182,15.0,30.2843
2023-11-17,2024-06-21,217,15.0,32.911
2023-11-17,2024-08-16,273,15.0,37.0828
2023-11-17,2025-01-17,427,15.0,45.581
2023-11-17,2026-01-16,791,15.0,61.1866
2023-11-20,2023-12-15,25,17.5,12.2926
2023-11-20,2024-01-19,60,17.5,17.3632
2023-11-20,2024-03-15,116,17.5,24.2778
2023-11-20,2024-05-17,179,17.5,30.2704
2023-11-20,2024-06-21,214,17.5,33.4972
2023-11-20,2024-08-16,270,17.5,37.646
2023-11-20,2025-01-17,424,17.5,47.3264
2023-11-20,2026-01-16,788,17.5,62.6921
2023-11-21,2023-12-15,24,15.0,10.8211
2023-11-21,2024-01-19,59,15.0,15.9134
2023-11-21,2024-03-15,115,15.0,23.2336
2023-11-21,2024-05-17,178,15.0,29.4398
2023-11-21,2024-06-21,213,15.0,32.1451
2023-11-21,2024-08-16,269,15.0,36.4418
2023-11-21,2025-01-17,423,15.0,45.3533
2023-11-21,2026-01-16,787,15.0,60.7893
2023-11-22,2023-12-15,23,15.0,11.0661
2023-11-22,2024-01-19,58,15.0,16.3653
2023-11-22,2024-03-15,114,15.0,23.2232
2023-11-22,2024-05-17,177,15.0,29.6135
2023-11-22,2024-06-21,212,15.0,31.9514
2023-11-22,2024-08-16,268,15.0,36.0037
2023-11-22,2025-01-17,422,15.0,45.5112
2023-11-22,2026-01-16,786,15.0,60.1621
2023-11-24,2023-12-15,21,15.0,11.018
2023-11-24,2024-01-19,56,15.0,15.8287
2023-11-24,2024-03-15,112,15.0,23.2775
2023-11-24,2024-05-17,175,15.0,29.4848
2023-11-24,2024-06-21,210,15.0,32.4333
2023-11-24,2024-08-16,266,15.0,35.8473
2023-11-24,2025-01-17,420,15.0,45.1583
2023-11-24,2026-01-16,784,15.0,63.9354
2023-11-27,2023-12-15,18,15.0,9.3889
2023-11-27,2024-01-19,53,15.0,15.1178
2023-11-27,2024-03-15,109,15.0,22.5971
2023-11-27,2024-05-17,172,15.0,29.2807
2023-11-27,2024-06-21,207,15.0,31.986
2023-11-27,2024-08-16,263,15.0,36.2826
2023-11-27,2025-01-17,417,15.0,45.035
2023-11-27,2026-01-16,781,15.0,60.7893
2023-11-28,2023-12-15,17,15.0,10.1436
2023-11-28,2024-01-19,52,15.0,15.4494
2023-11-28,2024-03-15,108,15.0,22.784
2023-11-28,2024-05-17,171,15.0,29.0262
2023-11-28,2024-06-21,206,15.0,31.8352
2023-11-28,2024-08-16,262,15.0,36.0487
2023-11-28,2025-01-17,416,15.0,44.9438
2023-11-28,2026-01-16,780,15.0,63.6704
2023-11-29,2023-12-15,16,15.0,10.2612
2023-11-29,2024-01-19,51,15.0,15.3918
2023-11-29,2024-03-15,107,15.0,22.699
2023-11-29,2024-05-17,170,15.0,29.2289
2023-11-29,2024-06-21,205,15.0,31.5609
2023-11-29,2024-08-16,261,15.0,35.7587
2023-11-29,2025-01-17,415,15.0,45.2425
2023-11-29,2026-01-16,779,15.0,60.0124
2023-11-30,2023-12-15,15,15.0,9.1367
2023-11-30,2024-01-19,50,15.0,14.6503
2023-11-30,2024-03-15,106,15.0,22.6843
2023-11-30,2024-05-17,169,15.0,28.9855
2023-11-30,2024-06-21,204,15.0,31.1909
2023-11-30,2024-08-16,260,15.0,35.4442
2023-11-30,2025-01-17,414,15.0,44.896
2023-11-30,2026-01-16,778,15.0,60.1764
2023-12-01,2023-12-15,14,17.5,8.432
2023-12-01,2024-01-19,49,17.5,14.7929
2023-12-01,2024-03-15,105,17.5,22.929
2023-12-01,2024-05-17,168,17.5,29.5858
2023-12-01,2024-06-21,203,17.5,32.2485
2023-12-01,2024-08-16,259,17.5,36.6864
2023-12-01,2025-01-17,413,17.5,46.1538
2023-12-01,2026-01-16,777,17.5,61.5385
2023-12-04,2023-12-15,11,17.5,8.2742
2023-12-04,2024-01-19,46,17.5,15.0709
2023-12-04,2024-03-15,102,17.5,22.9019
2023-12-04,2024-05-17,165,17.5,29.2553
2023-12-04,2024-06-21,200,17.5,31.9149
2023-12-04,2024-08-16,256,17.5,36.643
2023-12-04,2025-01-17,410,17.5,46.0993
2023-12-04,2026-01-16,774,17.5,62.9433
2023-12-05,2023-12-15,10,15.0,8.3649
2023-12-05,2024-01-19,45,15.0,14.8359
2023-12-05,2024-03-15,101,15.0,22.8851
2023-12-05,2024-05-17,164,15.0,29.5139
2023-12-05,2024-06-21,199,15.0,32.197
2023-12-05,2024-08-16,255,15.0,35.6692
2023-12-05,2025-01-17,409,15.0,45.1389
2023-12-05,2026-01-16,773,15.0,60.2904
2023-12-06,2023-12-15,9,15.0,9.3904
2023-12-06,2024-01-19,44,15.0,15.702
2023-12-06,2024-03-15,100,15.0,23.399
2023-12-06,2024-05-17,163,15.0,29.5567
2023-12-06,2024-06-21,198,15.0,31.8658
2023-12-06,2024-08-16,254,15.0,36.0222
2023-12-06,2025-01-17,408,15.0,45.1047
2023-12-06,2026-01-16,772,15.0,57.266
2023-12-07,2023-12-15,8,17.5,9.0269
2023-12-07,2024-01-19,43,17.5,16.0649
2023-12-07,2024-03-15,99,17.5,24.3268
2023-12-07,2024-05-17,162,17.5,30.9058
2023-12-07,2024-06-21,197,17.5,33.0477
2023-12-07,2024-08-16,253,17.5,37.0257
2023-12-07,2025-01-17,407,17.5,47.1236
2023-12-07,2026-01-16,771,17.5,62.4235
2023-12-08,2023-12-15,7,17.5,7.3178
2023-12-08,2024-01-19,42,17.5,14.6356
2023-12-08,2024-03-15,98,17.5,23.5962
2023-12-08,2024-05-17,161,17.5,30.466
2023-12-08,2024-06-21,196,17.5,32.5568
2023-12-08,2024-08-16,252,17.5,37.1864
2023-12-08,2025-01-17,406,17.5,45.9976
2023-12-08,2026-01-16,770,17.5,61.828
2023-12-11,2023-12-15,4,17.5,8.4098
2023-12-11,2024-01-19,39,17.5,15.2905
2023-12-11,2024-03-15,95,17.5,23.8532
2023-12-11,2024-05-17,158,17.5,30.8868
2023-12-11,2024-06-21,193,17.5,33.3333
2023-12-11,2024-08-16,249,17.5,37.6147
2023-12-11,2025-01-17,403,17.5,47.0948
2023-12-11,2026-01-16,767,17.5,62.3853
2023-12-12,2023-12-15,3,15.0,5.609
2023-12-12,2024-01-19,38,15.0,13.6218
2023-12-12,2024-03-15,94,15.0,22.5962
2023-12-12,2024-05-17,157,15.0,29.8077
2023-12-12,2024-06-21,192,15.0,31.891
2023-12-12,2024-08-16,248,15.0,36.3782
2023-12-12,2025-01-17,402,15.0,45.9936
2023-12-12,2026-01-16,766,15.0,60.2564
2023-12-13,2023-12-15,2,17.5,5.8036
2023-12-13,2024-01-19,37,17.5,13.5417
2023-12-13,2024-03-15,93,17.5,22.4702
2023-12-13,2024-05-17,156,17.5,29.3155
2023-12-13,2024-06-21,191,17.5,31.994
2023-12-13,2024-08-16,247,17.5,36.6071
2023-12-13,2025-01-17,401,17.5,45.8333
2023-12-13,2026-01-16,765,17.5,58.0357
2023-12-14,2023-12-15,1,17.5,5.8108
2023-12-14,2024-01-19,36,17.5,14.1892
2023-12-14,2024-02-16,64,17.5,18.1081
2023-12-14,2024-03-15,92,17.5,22.5676
2023-12-14,2024-05-17,155,17.5,29.3243
2023-12-14,2024-06-21,190,17.5,32.027
2023-12-14,2024-08-16,246,17.5,36.2162
2023-12-14,2025-01-17,400,17.5,44.8649
2023-12-14,2026-01-16,764,17.5,50.9459
2023-12-15,2024-01-19,35,17.5,13.5135
2023-12-15,2024-02-16,63,17.5,18.3398
2023-12-15,2024-03-15,91,17.5,22.6145
2023-12-15,2024-05-17,154,17.5,29.5091
2023-12-15,2024-06-21,189,17.5,31.9912
2023-12-15,2024-08-16,245,17.5,36.2659
2023-12-15,2025-01-17,399,17.5,45.5047
2023-12-15,2026-01-16,763,17.5,57.3635
2023-12-18,2024-01-19,32,17.5,12.6882
2023-12-18,2024-02-16,60,17.5,17.4289
2023-12-18,2024-03-15,88,17.5,22.0301
2023-12-18,2024-05-17,151,17.5,29.0017
2023-12-18,2024-06-21,186,17.5,31.7903
2023-12-18,2024-08-16,242,17.5,35.8338
2023-12-18,2025-01-17,396,17.5,45.1757
2023-12-18,2026-01-16,760,17.5,60.2342
2023-12-19,2024-01-19,31,17.5,13.0648
2023-12-19,2024-02-16,59,17.5,17.828
2023-12-19,2024-03-15,87,17.5,22.1829
2023-12-19,2024-05-17,150,17.5,28.9875
2023-12-19,2024-06-21,185,17.5,31.4371
2023-12-19,2024-08-16,241,17.5,35.656
2023-12-19,2025-01-17,395,17.5,44.638
2023-12-19,2026-01-16,759,17.5,56.3419
2023-12-20,2024-01-19,30,17.5,12.9405
2023-12-20,2024-02-16,58,17.5,18.3095
2023-12-20,2024-03-15,86,17.5,22.4394
2023-12-20,2024-05-17,149,17.5,29.4604
2023-12-20,2024-06-21,184,17.5,31.5253
2023-12-20,2024-08-16,240,17.5,36.0683
2023-12-20,2025-01-17,394,17.5,45.1542
2023-12-20,2026-01-16,758,17.5,57.8194
2023-12-21,2024-01-19,29,20.0,14.1675
2023-12-21,2024-02-16,57,20.0,19.3079
2023-12-21,2024-03-15,85,20.0,23.5707
2023-12-21,2024-05-17,148,20.0,30.2156
2023-12-21,2024-06-21,183,20.0,32.4724
2023-12-21,2024-08-16,239,20.0,37.1113
2023-12-21,2025-01-17,393,20.0,46.3892
2023-12-21,2026-01-16,757,20.0,58.4253
2023-12-22,2024-01-19,28,20.0,13.1906
2023-12-22,2024-02-16,56,20.0,18.4171
2023-12-22,2024-03-15,84,20.0,23.0214
2023-12-22,2024-05-17,147,20.0,30.1145
2023-12-22,2024-06-21,182,20.0,32.8522
2023-12-22,2024-08-16,238,20.0,37.0831
2023-12-22,2025-01-17,392,20.0,46.5406
2023-12-22,2026-01-16,756,20.0,60.9756
2023-12-26,2024-01-19,24,20.0,12.1124
2023-12-26,2024-02-16,52,20.0,17.6841
2023-12-26,2024-03-15,80,20.0,22.1657
2023-12-26,2024-05-17,143,20.0,29.312
2023-12-26,2024-06-21,178,20.0,31.8556
2023-12-26,2024-08-16,234,20.0,36.3372
2023-12-26,2025-01-17,388,20.0,45.5426
2023-12-26,2026-01-16,752,20.0,59.3508
2023-12-27,2024-01-19,23,20.0,11.7776
2023-12-27,2024-02-16,51,20.0,17.2414
2023-12-27,2024-03-15,79,20.0,21.9767
2023-12-27,2024-05-17,142,20.0,29.1404
2023-12-27,2024-06-21,177,20.0,32.1758
2023-12-27,2024-08-16,233,20.0,36.4254
2023-12-27,2025-01-17,387,20.0,45.8961
2023-12-27,2026-01-16,751,20.0,60.2234
2023-12-28,2024-01-19,22,20.0,10.8696
2023-12-28,2024-02-16,50,20.0,16.7318
2023-12-28,2024-03-15,78,20.0,21.7391
2023-12-28,2024-05-17,141,20.0,28.8227
2023-12-28,2024-06-21,176,20.0,31.6317
2023-12-28,2024-08-16,232,20.0,35.9062
2023-12-28,2025-01-17,386,20.0,45.1881
2023-12-28,2026-01-16,750,20.0,62.5305
2023-12-29,2024-01-19,21,20.0,10.5793
2023-12-29,2024-02-16,49,20.0,16.7506
2023-12-29,2024-03-15,77,20.0,21.5365
2023-12-29,2024-05-17,140,20.0,28.8413
2023-12-29,2024-06-21,175,20.0,31.4861
2023-12-29,2024-08-16,231,20.0,36.5239
2023-12-29,2025-01-17,385,20.0,46.0957
2023-12-29,2026-01-16,749,20.0,65.4912
2024-01-02,2024-01-19,17,20.0,9.7915
2024-01-02,2024-02-16,45,20.0,16.4039
2024-01-02,2024-03-15,73,20.0,21.3632
2024-01-02,2024-05-17,136,20.0,29.12
2024-01-02,2024-06-21,171,20.0,32.0448
2024-01-02,2024-08-16,227,20.0,36.1139
2024-01-02,2025-01-17,381,20.0,45.7782
2024-01-02,2026-01-16,745,20.0,59.2574
2024-01-03,2024-01-19,16,20.0,11.194
2024-01-03,2024-02-16,44,20.0,17.0576
2024-01-03,2024-03-15,72,20.0,21.9883
2024-01-03,2024-05-17,135,20.0,29.451
2024-01-03,2024-06-21,170,20.0,32.1162
2024-01-03,2024-08-16,226,20.0,36.7804
2024-01-03,2025-01-17,380,20.0,46.3753
2024-01-03,2026-01-16,744,20.0,64.4989
2024-01-04,2024-01-19,15,17.5,10.4167
2024-01-04,2024-02-16,43,17.5,16.2927
2024-01-04,2024-03-15,71,17.5,20.9669
2024-01-04,2024-05-17,134,17.5,28.0449
2024-01-04,2024-06-21,169,17.5,30.9829
2024-01-04,2024-08-16,225,17.5,35.7906
2024-01-04,2025-01-17,379,17.5,45.406
2024-01-04,2026-01-16,743,17.5,60.3633
2024-01-05,2024-01-19,14,17.5,8.8604
2024-01-05,2024-02-16,42,17.5,15.5398
2024-01-05,2024-03-15,70,17.5,20.0382
2024-01-05,2024-05-17,133,17.5,27.5354
2024-01-05,2024-06-21,168,17.5,30.398
2024-01-05,2024-08-16,224,17.5,35.3053
2024-01-05,2025-01-17,378,17.5,45.2563
2024-01-05,2026-01-16,742,17.5,60.5234
2024-01-08,2024-01-19,11,17.5,8.8757
2024-01-08,2024-02-16,39,17.5,14.9274
2024-01-08,2024-03-15,67,17.5,19.7687
2024-01-08,2024-05-17,130,17.5,27.4341
2024-01-08,2024-06-21,165,17.5,30.3927
2024-01-08,2024-08-16,221,17.5,35.234
2024-01-08,2025-01-17,375,17.5,44.6477
2024-01-08,2026-01-16,739,17.5,54.3303
2024-01-09,2024-01-19,10,17.5,7.3489
2024-01-09,2024-02-16,38,17.5,14.0044
2024-01-09,2024-03-15,66,17.5,19.2734
2024-01-09,2024-05-17,129,17.5,26.8996
2024-01-09,2024-06-21,164,17.5,30.2274
2024-01-09,2024-08-16,220,17.5,35.2191
2024-01-09,2025-01-17,374,17.5,44.9251
2024-01-09,2026-01-16,738,17.5,61.0094
2024-01-10,2024-01-19,9,17.5,6.4991
2024-01-10,2024-02-16,37,17.5,13.8648
2024-01-10,2024-03-15,65,17.5,19.0641
2024-01-10,2024-05-17,128,17.5,26.7187
2024-01-10,2024-06-21,163,17.5,30.0404
2024-01-10,2024-08-16,219,17.5,35.0953
2024-01-10,2025-01-17,373,17.5,45.0607
2024-01-10,2026-01-16,737,17.5,60.9474
2024-01-11,2024-01-19,8,17.5,5.7176
2024-01-11,2024-02-16,36,17.5,13.4362
2024-01-11,2024-03-15,64,17.5,18.725
2024-01-11,2024-05-17,127,17.5,26.5866
2024-01-11,2024-06-21,162,17.5,29.5883
2024-01-11,2024-08-16,218,17.5,34.4483
2024-01-11,2025-01-17,372,17.5,44.5969
2024-01-11,2026-01-16,736,17.5,58.6049
2024-01-12,2024-01-19,7,17.5,5.6211
2024-01-12,2024-02-16,35,17.5,13.2097
2024-01-12,2024-03-15,63,17.5,18.5497
2024-01-12,2024-05-17,126,17.5,26.2788
2024-01-12,2024-06-21,161,17.5,28.1057
2024-01-12,2024-08-16,217,17.5,34.4295
2024-01-12,2025-01-17,371,17.5,44.407
2024-01-12,2026-01-16,735,17.5,58.4598
2024-01-16,2024-01-19,3,17.5,6.1341
2024-01-16,2024-02-16,31,17.5,13.7642
2024-01-16,2024-03-15,59,17.5,18.851
2024-01-16,2024-05-17,122,17.5,26.93
2024-01-16,2024-06-21,157,17.5,30.2214
2024-01-16,2024-08-16,213,17.5,34.5601
2024-01-16,2025-01-17,367,17.5,45.4817
2024-01-16,2026-01-16,731,17.5,65.2304
2024-01-17,2024-01-19,2,15.0,7.3254
2024-01-17,2024-02-16,30,15.0,14.0274
2024-01-17,2024-03-15,58,15.0,18.8591
2024-01-17,2024-05-17,121,15.0,26.4963
2024-01-17,2024-06-21,156,15.0,29.9252
2024-01-17,2024-08-16,212,15.0,34.4451
2024-01-17,2025-01-17,366,15.0,44.2643
2024-01-17,2026-01-16,730,15.0,61.0973
2024-01-18,2024-01-19,1,15.0,5.5485
2024-01-18,2024-02-16,29,15.0,13.0832
2024-01-18,2024-03-15,57,15.0,18.4426
2024-01-18,2024-05-17,120,15.0,26.1665
2024-01-18,2024-06-21,155,15.0,29.319
2024-01-18,2024-08-16,211,15.0,34.5208
2024-01-18,2024-09-20,246,15.0,36.7276
2024-01-18,2025-01-17,365,15.0,44.6091
2024-01-18,2026-01-16,729,15.0,60.8449
2024-01-19,2024-02-16,28,15.0,12.8165
2024-01-19,2024-03-15,56,15.0,18.1962
2024-01-19,2024-05-17,119,15.0,25.9494
2024-01-19,2024-06-21,154,15.0,29.2722
2024-01-19,2024-08-16,210,15.0,34.019
2024-01-19,2024-09-20,245,15.0,36.7089
2024-01-19,2025-01-17,364,15.0,44.3038
2024-01-19,2026-01-16,728,15.0,60.1266
2024-01-22,2024-02-16,25,15.0,12.6247
2024-01-22,2024-03-15,53,15.0,17.7681
2024-01-22,2024-05-17,116,15.0,25.5611
2024-01-22,2024-06-21,151,15.0,26.4963
2024-01-22,2024-08-16,207,15.0,33.3541
2024-01-22,2024-09-20,242,15.0,36.1596
2024-01-22,2025-01-17,361,15.0,43.9526
2024-01-22,2026-01-16,725,15.0,61.0973
2024-01-23,2024-02-16,24,15.0,12.3762
2024-01-23,2024-03-15,52,15.0,17.9455
2024-01-23,2024-05-17,115,15.0,25.526
2024-01-23,2024-06-21,150,15.0,28.4653
2024-01-23,2024-08-16,206,15.0,33.4158
2024-01-23,2024-09-20,241,15.0,35.5817
2024-01-23,2025-01-17,360,15.0,43.6262
2024-01-23,2026-01-16,724,15.0,60.3342
2024-01-24,2024-02-16,23,15.0,12.1571
2024-01-24,2024-03-15,51,15.0,17.4564
2024-01-24,2024-05-17,114,15.0,25.4052
2024-01-24,2024-06-21,149,15.0,28.3666
2024-01-24,2024-08-16,205,15.0,33.3541
2024-01-24,2024-09-20,240,15.0,35.5362
2024-01-24,2025-01-17,359,15.0,43.7968
2024-01-24,2026-01-16,723,15.0,59.5386
2024-01-25,2024-02-16,22,15.0,11.3924
2024-01-25,2024-03-15,50,15.0,17.0886
2024-01-25,2024-05-17,113,15.0,25.0
2024-01-25,2024-06-21,148,15.0,28.0063
2024-01-25,2024-08-16,204,15.0,32.9114
2024-01-25,2024-09-20,239,15.0,32.7532
2024-01-25,2025-01-17,358,15.0,43.6709
2024-01-25,2026-01-16,722,15.0,60.443
2024-01-26,2024-02-16,21,15.0,10.9039
2024-01-26,2024-03-15,49,15.0,16.909
2024-01-26,2024-05-17,112,15.0,24.8104
2024-01-26,2024-06-21,147,15.0,26.5487
2024-01-26,2024-08-16,203,15.0,32.8698
2024-01-26,2024-09-20,238,15.0,35.3982
2024-01-26,2025-01-17,357,15.0,43.6157
2024-01-26,2026-01-16,721,15.0,60.3666
2024-01-29,2024-02-16,18,17.5,11.5031
2024-01-29,2024-03-15,46,17.5,17.1779
2024-01-29,2024-05-17,109,17.5,25.4601
2024-01-29,2024-06-21,144,17.5,28.5276
2024-01-29,2024-08-16,200,17.5,33.589
2024-01-29,2024-09-20,235,17.5,36.0429
2024-01-29,2025-01-17,354,17.5,44.7853
2024-01-29,2026-01-16,718,17.5,62.2699
2024-01-30,2024-02-16,17,15.0,10.7477
2024-01-30,2024-03-15,45,15.0,16.3551
2024-01-30,2024-05-17,108,15.0,24.2991
2024-01-30,2024-06-21,143,15.0,27.7259
2024-01-30,2024-08-16,199,15.0,32.3988
2024-01-30,2024-09-20,234,15.0,35.0467
2024-01-30,2025-01-17,353,15.0,42.8349
2024-01-30,2026-01-16,717,15.0,60.1246
2024-01-31,2024-02-16,16,15.0,9.8039
2024-01-31,2024-03-15,44,15.0,15.9709
2024-01-31,2024-05-17,107,15.0,21.9798
2024-01-31,2024-06-21,142,15.0,27.5142
2024-01-31,2024-08-16,198,15.0,32.7324
2024-01-31,2024-09-20,233,15.0,33.5231
2024-01-31,2025-01-17,352,15.0,43.0108
2024-01-31,2026-01-16,716,15.0,60.7211
2024-02-01,2024-02-16,15,15.0,10.5198
2024-02-01,2024-03-15,43,15.0,16.3985
2024-02-01,2024-05-17,106,15.0,24.2884
2024-02-01,2024-06-21,141,15.0,27.8465
2024-02-01,2024-08-16,197,15.0,32.4876
2024-02-01,2024-09-20,232,15.0,34.9629
2024-02-01,2025-01-17,351,15.0,43.0074
2024-02-01,2026-01-16,715,15.0,60.0248
2024-02-02,2024-02-16,14,17.5,8.1443
2024-02-02,2024-03-15,42,17.5,15.7068
2024-02-02,2024-05-17,105,17.5,23.8511
2024-02-02,2024-06-21,140,17.5,27.196
2024-02-02,2024-08-16,196,17.5,32.4316
2024-02-02,2024-09-20,231,17.5,33.3042
2024-02-02,2025-01-17,350,17.5,43.63
2024-02-02,2026-01-16,714,17.5,57.5916
2024-02-05,2024-02-16,11,17.5,10.3077
2024-02-05,2024-03-15,39,17.5,16.7692
2024-02-05,2024-05-17,102,17.5,25.0769
2024-02-05,2024-06-21,137,15.0,27.5385
2024-02-05,2024-08-16,193,17.5,33.3846
2024-02-05,2024-09-20,228,17.5,36.1538
2024-02-05,2025-01-17,347,17.5,44.6154
2024-02-05,2026-01-16,711,17.5,62.4615
2024-02-06,2024-02-16,10,17.5,8.3832
2024-02-06,2024-03-15,38,17.5,15.7186
2024-02-06,2024-05-17,101,17.5,24.2515
2024-02-06,2024-06-21,136,17.5,27.6946
2024-02-06,2024-08-16,192,17.5,32.6347
2024-02-06,2024-09-20,227,17.5,35.3293
2024-02-06,2025-01-17,346,17.5,43.7126
2024-02-06,2026-01-16,710,17.5,61.3772
2024-02-07,2024-02-16,9,17.5,8.6103
2024-02-07,2024-03-15,37,17.5,15.861
2024-02-07,2024-05-17,100,17.5,24.3202
2024-02-07,2024-06-21,135,17.5,27.6435
2024-02-07,2024-08-16,191,17.5,32.9305
2024-02-07,2024-09-20,226,17.5,35.4985
2024-02-07,2025-01-17,345,17.5,43.5045
2024-02-07,2026-01-16,709,17.5,66.4653
2024-02-08,2024-02-16,8,17.5,7.7602
2024-02-08,2024-03-15,36,17.5,15.9769
2024-02-08,2024-05-17,99,17.5,24.1935
2024-02-08,2024-06-21,134,17.5,27.6932
2024-02-08,2024-08-16,190,17.5,33.0189
2024-02-08,2024-09-20,225,17.5,35.6056
2024-02-08,2025-01-17,344,17.5,44.4309
2024-02-08,2026-01-16,708,17.5,61.7772
2024-02-09,2024-02-16,7,17.5,7.3662
2024-02-09,2024-03-15,35,17.5,15.1834
2024-02-09,2024-05-17,98,17.5,24.2032
2024-02-09,2024-06-21,133,17.5,27.9615
2024-02-09,2024-08-16,189,17.5,32.7721
2024-02-09,2024-09-20,224,17.5,35.1774
2024-02-09,2025-01-17,343,17.5,43.8966
2024-02-09,2026-01-16,707,17.5,61.6356
2024-02-12,2024-02-16,4,17.5,5.4094
2024-02-12,2024-03-15,32,17.5,14.3275
2024-02-12,2024-05-17,95,17.5,23.3918
2024-02-12,2024-06-21,130,17.5,26.7544
2024-02-12,2024-08-16,186,17.5,32.0175
2024-02-12,2024-09-20,221,17.5,34.6491
2024-02-12,2025-01-17,340,17.5,43.2749
2024-02-12,2026-01-16,704,17.5,61.1111
2024-02-13,2024-02-16,3,15.0,5.5016
2024-02-13,2024-03-15,31,15.0,14.7249
2024-02-13,2024-05-17,94,15.0,23.6246
2024-02-13,2024-06-21,129,15.0,27.0227
2024-02-13,2024-08-16,185,15.0,32.3625
2024-02-13,2024-09-20,220,15.0,34.7896
2024-02-13,2025-01-17,339,15.0,43.3657
2024-02-13,2026-01-16,703,15.0,61.165
2024-02-14,2024-02-16,2,15.0,6.4547
2024-02-14,2024-03-15,30,15.0,14.9559
2024-02-14,2024-05-17,93,15.0,23.9295
2024-02-14,2024-06-21,128,15.0,27.0781
2024-02-14,2024-08-16,184,15.0,32.2733
2024-02-14,2024-09-20,219,15.0,34.9496
2024-02-14,2025-01-17,338,15.0,43.136
2024-02-14,2026-01-16,702,15.0,59.8237
2024-02-15,2024-02-16,1,17.5,6.3559
2024-02-15,2024-03-15,29,17.5,14.9818
2024-02-15,2024-04-19,64,17.5,20.1271
2024-02-15,2024-05-17,92,17.5,24.5157
2024-02-15,2024-06-21,127,17.5,27.6937
2024-02-15,2024-08-16,183,17.5,32.839
2024-02-15,2024-09-20,218,17.5,35.7143
2024-02-15,2025-01-17,337,17.5,43.5835
2024-02-15,2026-01-16,701,17.5,61.7433
2024-02-16,2024-03-15,28,17.5,14.6526
2024-02-16,2024-04-19,63,17.5,19.7885
2024-02-16,2024-05-17,91,17.5,24.1692
2024-02-16,2024-06-21,126,17.5,27.3414
2024-02-16,2024-08-16,182,17.5,33.0816
2024-02-16,2024-09-20,217,17.5,35.6495
2024-02-16,2025-01-17,336,17.5,44.1088
2024-02-16,2026-01-16,700,17.5,61.6314
2024-02-20,2024-03-15,24,15.0,14.4972
2024-02-20,2024-04-19,59,15.0,19.4325
2024-02-20,2024-05-17,87,15.0,23.4423
2024-02-20,2024-06-21,122,15.0,26.6811
2024-02-20,2024-08-16,178,15.0,32.079
2024-02-20,2024-09-20,213,15.0,34.3924
2024-02-20,2025-01-17,332,15.0,42.8748
2024-02-20,2026-01-16,696,15.0,59.5312
2024-02-21,2024-03-15,23,15.0,13.8285
2024-02-21,2024-04-19,58,15.0,18.9559
2024-02-21,2024-05-17,86,15.0,23.151
2024-02-21,2024-06-21,121,15.0,26.5693
2024-02-21,2024-08-16,177,15.0,31.8521
2024-02-21,2024-09-20,212,15.0,34.3381
2024-02-21,2025-01-17,331,15.0,42.573
2024-02-21,2026-01-16,695,15.0,59.6644
2024-02-22,2024-03-15,22,15.0,13.0907
2024-02-22,2024-04-19,57,15.0,18.5185
2024-02-22,2024-05-17,85,15.0,22.8289
2024-02-22,2024-06-21,120,15.0,26.341
2024-02-22,2024-08-16,176,15.0,31.4496
2024-02-22,2024-09-20,211,15.0,33.8442
2024-02-22,2025-01-17,330,15.0,42.6245
2024-02-22,2026-01-16,694,15.0,55.3959
2024-02-23,2024-03-15,21,15.0,10.5
2024-02-23,2024-04-19,56,15.0,17.0
2024-02-23,2024-05-17,84,15.0,22.0
2024-02-23,2024-06-21,119,15.0,25.5
2024-02-23,2024-08-16,175,15.0,30.1667
2024-02-23,2024-09-20,210,15.0,31.8333
2024-02-23,2025-01-17,329,15.0,42.8333
2024-02-23,2026-01-16,693,15.0,60.3333
2024-02-26,2024-03-15,18,15.0,10.0272
2024-02-26,2024-04-19,53,15.0,16.4854
2024-02-26,2024-05-17,81,15.0,21.0741
2024-02-26,2024-06-21,116,15.0,24.8131
2024-02-26,2024-08-16,172,15.0,30.7614
2024-02-26,2024-09-20,207,15.0,28.8919
2024-02-26,2025-01-17,326,15.0,42.4881
2024-02-26,2026-01-16,690,15.0,60.5031
2024-02-27,2024-03-15,17,15.0,9.9232
2024-02-27,2024-04-19,52,15.0,16.1652
2024-02-27,2024-05-17,80,15.0,21.2868
2024-02-27,2024-06-21,115,15.0,24.4878
2024-02-27,2024-08-16,171,15.0,30.0896
2024-02-27,2024-09-20,206,15.0,32.9706
2024-02-27,2025-01-17,325,15.0,41.7734
2024-02-27,2026-01-16,689,15.0,59.219
2024-02-28,2024-03-15,16,15.0,9.3565
2024-02-28,2024-04-19,51,15.0,15.9225
2024-02-28,2024-05-17,79,15.0,21.0112
2024-02-28,2024-06-21,114,15.0,24.2942
2024-02-28,2024-08-16,170,15.0,30.0394
2024-02-28,2024-09-20,205,15.0,32.9941
2024-02-28,2025-01-17,324,15.0,41.5299
2024-02-28,2026-01-16,688,15.0,60.0788
2024-02-29,2024-03-15,15,15.0,8.547
2024-02-29,2024-04-19,50,15.0,15.7791
2024-02-29,2024-05-17,78,15.0,20.8744
2024-02-29,2024-06-21,113,15.0,24.1617
2024-02-29,2024-08-16,169,15.0,29.9145
2024-02-29,2024-09-20,204,15.0,32.7087
2024-02-29,2025-01-17,323,15.0,41.7488
2024-02-29,2026-01-16,687,15.0,60.1578
2024-03-01,2024-03-15,14,15.0,8.7266
2024-03-01,2024-04-19,49,15.0,15.5139
2024-03-01,2024-05-17,77,15.0,20.5236
2024-03-01,2024-06-21,112,15.0,23.9173
2024-03-01,2024-08-16,168,15.0,29.8966
2024-03-01,2024-09-20,203,15.0,32.4822
2024-03-01,2025-01-17,322,15.0,41.6936
2024-03-01,2026-01-16,686,15.0,59.4699
2024-03-04,2024-03-15,11,15.0,8.3709
2024-03-04,2024-04-19,46,15.0,15.454
2024-03-04,2024-05-17,74,15.0,20.6053
2024-03-04,2024-06-21,109,15.0,24.1468
2024-03-04,2024-08-16,165,15.0,29.6201
2024-03-04,2024-09-20,200,15.0,30.7469
2024-03-04,2025-01-17,319,15.0,41.5325
2024-03-04,2026-01-16,683,15.0,59.8841
2024-03-05,2024-03-15,10,15.0,9.2852
2024-03-05,2024-04-19,45,15.0,16.8185
2024-03-05,2024-05-17,73,15.0,21.3735
2024-03-05,2024-06-21,108,15.0,25.2277
2024-03-05,2024-08-16,164,15.0,31.1843
2024-03-05,2024-09-20,199,15.0,33.637
2024-03-05,2025-01-17,318,15.0,43.4478
2024-03-05,2026-01-16,682,15.0,63.7701
2024-03-06,2024-03-15,9,15.0,7.6323
2024-03-06,2024-04-19,44,15.0,15.6038
2024-03-06,2024-05-17,72,15.0,21.0312
2024-03-06,2024-06-21,107,15.0,24.7626
2024-03-06,2024-08-16,163,15.0,30.3596
2024-03-06,2024-09-20,198,15.0,33.9213
2024-03-06,2025-01-17,317,15.0,42.7408
2024-03-06,2026-01-16,681,15.0,62.4152
2024-03-07,2024-03-15,8,15.0,6.7125
2024-03-07,2024-04-19,43,15.0,15.3897
2024-03-07,2024-05-17,71,15.0,20.465
2024-03-07,2024-06-21,106,15.0,24.2305
2024-03-07,2024-08-16,162,15.0,30.1244
2024-03-07,2024-09-20,197,15.0,32.7439
2024-03-07,2025-01-17,316,15.0,43.222
2024-03-07,2026-01-16,680,15.0,60.5763
2024-03-08,2024-03-15,7,15.0,6.2336
2024-03-08,2024-04-19,42,15.0,15.0919
2024-03-08,2024-05-17,70,15.0,20.3412
2024-03-08,2024-06-21,105,15.0,24.1142
2024-03-08,2024-08-16,161,15.0,29.8556
2024-03-08,2024-09-20,196,15.0,32.8084
2024-03-08,2025-01-17,315,15.0,41.8307
2024-03-08,2026-01-16,679,15.0,61.6798
2024-03-11,2024-03-15,4,15.0,5.3781
2024-03-11,2024-04-19,39,15.0,14.1786
2024-03-11,2024-05-17,67,15.0,19.7197
2024-03-11,2024-06-21,102,15.0,23.957
2024-03-11,2024-08-16,158,15.0,29.661
2024-03-11,2024-09-20,193,15.0,32.7575
2024-03-11,2025-01-17,312,15.0,41.884
2024-03-11,2026-01-16,676,15.0,60.6258
2024-03-12,2024-03-15,3,15.0,4.5577
2024-03-12,2024-04-19,38,15.0,14.1796
2024-03-12,2024-05-17,66,15.0,19.7502
2024-03-12,2024-06-21,101,15.0,23.6327
2024-03-12,2024-08-16,157,15.0,29.5408
2024-03-12,2024-09-20,192,15.0,32.5793
2024-03-12,2025-01-17,311,15.0,42.0324
2024-03-12,2026-01-16,675,15.0,62.1202
2024-03-13,2024-03-15,2,15.0,7.2954
2024-03-13,2024-04-19,37,15.0,15.1246
2024-03-13,2024-05-17,65,15.0,20.4626
2024-03-13,2024-06-21,100,15.0,24.5552
2024-03-13,2024-08-16,156,15.0,30.427
2024-03-13,2024-09-20,191,15.0,33.6299
2024-03-13,2025-01-17,310,15.0,43.2384
2024-03-13,2026-01-16,674,15.0,63.3452
2024-03-14,2024-03-15,1,15.0,9.3773
2024-03-14,2024-04-19,36,15.0,15.5684
2024-03-14,2024-05-17,64,15.0,21.1803
2024-03-14,2024-06-21,99,15.0,25.1629
2024-03-14,2024-08-16,155,15.0,31.4989
2024-03-14,2024-09-20,190,15.0,34.3954
2024-03-14,2025-01-17,309,15.0,43.2657
2024-03-14,2026-01-16,673,15.0,63.7219
2024-03-15,2024-04-19,35,15.0,14.9281
2024-03-15,2024-05-17,63,15.0,20.5036
2024-03-15,2024-06-21,98,15.0,24.6403
2024-03-15,2024-08-16,154,15.0,30.9353
2024-03-15,2024-09-20,189,15.0,33.813
2024-03-15,2025-01-17,308,15.0,43.8849
2024-03-15,2026-01-16,672,15.0,65.1079
2024-03-18,2024-04-19,32,12.5,13.0268
2024-03-18,2024-05-17,60,12.5,17.4329
2024-03-18,2024-06-21,95,12.5,22.9885
2024-03-18,2024-08-16,151,12.5,29.3103
2024-03-18,2024-09-20,186,12.5,32.3755
2024-03-18,2025-01-17,305,12.5,42.1456
2024-03-18,2026-01-16,669,12.5,62.069
2024-03-19,2024-04-19,31,12.5,12.9969
2024-03-19,2024-05-17,59,12.5,19.1131
2024-03-19,2024-06-21,94,12.5,23.318
2024-03-19,2024-08-16,150,12.5,30.0076
2024-03-19,2024-09-20,185,12.5,32.4924
2024-03-19,2025-01-17,304,12.5,42.2401
2024-03-19,2026-01-16,668,12.5,61.5443
2024-03-20,2024-04-19,30,15.0,13.7482
2024-03-20,2024-05-17,58,15.0,19.7178
2024-03-20,2024-06-21,93,15.0,23.8784
2024-03-20,2024-08-16,149,15.0,30.0289
2024-03-20,2024-09-20,184,15.0,33.2851
2024-03-20,2025-01-17,303,15.0,43.2344
2024-03-20,2026-01-16,667,15.0,62.5905
2024-03-21,2024-04-19,29,15.0,12.4824
2024-03-21,2024-05-17,57,15.0,18.6357
2024-03-21,2024-06-21,92,15.0,23.0309
2024-03-21,2024-08-16,148,15.0,29.1842
2024-03-21,2024-09-20,183,15.0,32.7004
2024-03-21,2025-01-17,302,15.0,42.3699
2024-03-21,2026-01-16,666,15.0,62.9395
2024-03-22,2024-04-19,28,12.5,12.9941
2024-03-22,2024-05-17,56,12.5,18.6676
2024-03-22,2024-06-21,91,12.5,23.06
2024-03-22,2024-08-16,147,12.5,28.9165
2024-03-22,2024-09-20,182,12.5,32.2108
2024-03-22,2025-01-17,301,12.5,41.9107
2024-03-22,2026-01-16,665,12.5,61.6764
2024-03-25,2024-04-19,25,15.0,13.3864
2024-03-25,2024-05-17,53,15.0,18.9942
2024-03-25,2024-06-21,88,15.0,23.3357
2024-03-25,2024-08-16,144,15.0,27.8582
2024-03-25,2024-09-20,179,15.0,33.1042
2024-03-25,2025-01-17,298,15.0,43.0535
2024-03-25,2026-01-16,662,15.0,63.6758
2024-03-26,2024-04-19,24,12.5,12.9941
2024-03-26,2024-05-17,52,12.5,21.9619
2024-03-26,2024-06-21,87,12.5,22.694
2024-03-26,2024-08-16,143,12.5,28.5505
2024-03-26,2024-09-20,178,12.5,30.3807
2024-03-26,2025-01-17,297,12.5,41.7277
2024-03-26,2026-01-16,661,12.5,61.8594
2024-03-27,2024-04-19,23,15.0,10.3235
2024-03-27,2024-05-17,51,15.0,17.0337
2024-03-27,2024-06-21,86,15.0,21.5072
2024-03-27,2024-08-16,142,15.0,28.5616
2024-03-27,2024-09-20,177,15.0,31.4866
2024-03-27,2025-01-17,296,15.0,41.9821
2024-03-27,2026-01-16,660,15.0,61.5967
2024-03-28,2024-04-19,22,15.0,10.6643
2024-03-28,2024-05-17,50,15.0,17.4825
2024-03-28,2024-06-21,85,15.0,21.6783
2024-03-28,2024-08-16,141,15.0,28.6713
2024-03-28,2024-09-20,176,15.0,31.8182
2024-03-28,2025-01-17,295,15.0,42.1329
2024-03-28,2026-01-16,659,15.0,62.9371
2024-04-01,2024-04-19,18,15.0,9.6154
2024-04-01,2024-05-17,46,15.0,16.744
2024-04-01,2024-06-21,81,15.0,21.2202
2024-04-01,2024-08-16,137,15.0,28.0172
2024-04-01,2024-09-20,172,15.0,31.1671
2024-04-01,2025-01-17,291,15.0,40.7825
2024-04-01,2026-01-16,655,15.0,61.6711
2024-04-02,2024-04-19,17,15.0,9.5433
2024-04-02,2024-05-17,45,15.0,16.7007
2024-04-02,2024-06-21,80,15.0,21.4724
2024-04-02,2024-08-16,136,15.0,27.9482
2024-04-02,2024-09-20,171,15.0,31.1861
2024-04-02,2025-01-17,290,15.0,41.5815
2024-04-02,2026-01-16,654,15.0,62.0314
2024-04-03,2024-04-19,16,15.0,8.982
2024-04-03,2024-05-17,44,15.0,16.4671
2024-04-03,2024-06-21,79,15.0,21.2908
2024-04-03,2024-08-16,135,15.0,27.7778
2024-04-03,2024-09-20,170,15.0,29.4411
2024-04-03,2025-01-17,289,15.0,41.0845
2024-04-03,2026-01-16,653,15.0,62.2089
2024-04-04,2024-04-19,15,15.0,9.3284
2024-04-04,2024-05-17,43,15.0,16.791
2024-04-04,2024-06-21,78,15.0,21.7096
2024-04-04,2024-08-16,134,15.0,28.4939
2024-04-04,2024-09-20,169,15.0,29.0027
2024-04-04,2025-01-17,288,15.0,41.5536
2024-04-04,2026-01-16,652,15.0,61.7368
2024-04-05,2024-04-19,14,15.0,8.5558
2024-04-05,2024-05-17,42,15.0,16.256
2024-04-05,2024-06-21,77,15.0,21.0472
2024-04-05,2024-08-16,133,15.0,28.063
2024-04-05,2024-09-20,168,15.0,31.3142
2024-04-05,2025-01-17,287,15.0,41.41
2024-04-05,2026-01-16,651,15.0,62.6283
2024-04-08,2024-04-19,11,15.0,10.1436
2024-04-08,2024-05-17,39,15.0,17.3221
2024-04-08,2024-06-21,74,15.0,21.5356
2024-04-08,2024-08-16,130,15.0,28.402
2024-04-08,2024-09-20,165,15.0,29.8065
2024-04-08,2025-01-17,284,15.0,41.1985
2024-04-08,2026-01-16,648,15.0,61.4856
2024-04-09,2024-04-19,10,17.5,8.1709
2024-04-09,2024-05-17,38,17.5,16.3417
2024-04-09,2024-06-21,73,17.5,21.5023
2024-04-09,2024-08-16,129,17.5,28.8131
2024-04-09,2024-09-20,164,17.5,31.8234
2024-04-09,2025-01-17,283,17.5,41.5711
2024-04-09,2026-01-16,647,17.5,61.9266
2024-04-10,2024-04-19,9,17.5,7.467
2024-04-10,2024-05-17,37,17.5,16.0827
2024-04-10,2024-06-21,72,17.5,21.3957
2024-04-10,2024-08-16,128,17.5,28.4319
2024-04-10,2024-09-20,163,17.5,31.8782
2024-04-10,2025-01-17,282,17.5,41.3555
2024-04-10,2026-01-16,646,17.5,62.0333
2024-04-11,2024-04-19,8,17.5,6.9364
2024-04-11,2024-05-17,36,17.5,15.4624
2024-04-11,2024-06-21,71,17.5,21.0983
2024-04-11,2024-08-16,127,17.5,28.1792
2024-04-11,2024-09-20,162,17.5,31.5029
2024-04-11,2025-01-17,281,17.5,41.0405
2024-04-11,2026-01-16,645,17.5,61.8497
2024-04-12,2024-04-19,7,17.5,7.4228
2024-04-12,2024-05-17,35,17.5,16.4786
2024-04-12,2024-06-21,70,17.5,21.5261
2024-04-12,2024-08-16,126,17.5,28.652
2024-04-12,2024-09-20,161,17.5,32.215
2024-04-12,2025-01-17,280,17.5,42.7553
2024-04-12,2026-01-16,644,17.5,66.2114
2024-04-15,2024-04-19,4,17.5,7.7273
2024-04-15,2024-05-17,32,17.5,16.3636
2024-04-15,2024-06-21,67,17.5,21.6667
2024-04-15,2024-08-16,123,17.5,28.9394
2024-04-15,2024-09-20,158,17.5,32.4242
2024-04-15,2025-01-17,277,17.5,42.4242
2024-04-15,2026-01-16,641,17.5,64.2424
2024-04-16,2024-04-19,3,17.5,8.104
2024-04-16,2024-05-17,31,17.5,16.208
2024-04-16,2024-06-21,66,17.5,21.5596
2024-04-16,2024-08-16,122,17.5,29.052
2024-04-16,2024-09-20,157,17.5,32.263
2024-04-16,2025-01-17,276,17.5,42.2018
2024-04-16,2026-01-16,640,17.5,64.8318
2024-04-17,2024-04-19,2,17.5,5.2145
2024-04-17,2024-05-17,30,17.5,15.1967
2024-04-17,2024-06-21,65,17.5,20.5602
2024-04-17,2024-08-16,121,17.5,28.0095
2024-04-17,2024-09-20,156,17.5,31.4362
2024-04-17,2025-01-17,275,17.5,42.0143
2024-04-17,2026-01-16,639,17.5,68.8319
2024-04-18,2024-04-19,1,17.5,7.3512
2024-04-18,2024-05-17,29,17.5,15.0365
2024-04-18,2024-06-21,64,17.5,20.6561
2024-04-18,2024-08-16,120,17.5,28.2503
2024-04-18,2024-09-20,155,17.5,31.5917
2024-04-18,2024-12-20,246,17.5,40.0972
2024-04-18,2025-01-17,274,17.5,41.616
2024-04-18,2026-01-16,638,17.5,67.1324
2024-04-19,2024-05-17,28,17.5,15.1976
2024-04-19,2024-06-21,63,17.5,20.5167
2024-04-19,2024-08-16,119,17.5,28.2675
2024-04-19,2024-09-20,154,17.5,31.6109
2024-04-19,2024-12-20,245,17.5,39.6657
2024-04-19,2025-01-17,273,17.5,42.2492
2024-04-19,2026-01-16,637,17.5,67.4772
2024-04-22,2024-05-17,25,15.0,13.505
2024-04-22,2024-06-21,60,15.0,19.1583
2024-04-22,2024-08-16,116,15.0,25.7538
2024-04-22,2024-09-20,151,15.0,29.8367
2024-04-22,2024-12-20,242,15.0,37.6884
2024-04-22,2025-01-17,270,15.0,39.7299
2024-04-22,2026-01-16,634,15.0,60.6156
2024-04-23,2024-05-17,24,15.0,13.2409
2024-04-23,2024-06-21,59,15.0,18.6003
2024-04-23,2024-08-16,115,15.0,25.5359
2024-04-23,2024-09-20,150,15.0,29.0038
2024-04-23,2024-12-20,241,15.0,37.5158
2024-04-23,2025-01-17,269,15.0,46.1854
2024-04-23,2026-01-16,633,15.0,60.5296
2024-04-24,2024-05-17,23,15.0,12.7065
2024-04-24,2024-06-21,58,15.0,18.1067
2024-04-24,2024-08-16,114,15.0,22.3952
2024-04-24,2024-09-20,149,15.0,28.7484
2024-04-24,2024-12-20,240,15.0,36.69
2024-04-24,2025-01-17,268,15.0,35.2605
2024-04-24,2026-01-16,632,15.0,60.3558
2024-04-25,2024-05-17,22,15.0,13.2564
2024-04-25,2024-06-21,57,15.0,18.403
2024-04-25,2024-08-16,113,15.0,25.4211
2024-04-25,2024-09-20,148,15.0,28.6962
2024-04-25,2024-12-20,239,15.0,39.9251
2024-04-25,2025-01-17,267,15.0,42.8883
2024-04-25,2026-01-16,631,15.0,58.3281
2024-04-26,2024-05-17,21,15.0,12.3438
2024-04-26,2024-06-21,56,15.0,17.9688
2024-04-26,2024-08-16,112,15.0,25.1563
2024-04-26,2024-09-20,147,15.0,28.5938
2024-04-26,2024-12-20,238,15.0,36.875
2024-04-26,2025-01-17,266,15.0,38.9062
2024-04-26,2026-01-16,630,15.0,65.0
2024-04-29,2024-05-17,18,17.5,12.4848
2024-04-29,2024-06-21,53,17.5,18.2704
2024-04-29,2024-08-16,109,17.5,25.5786
2024-04-29,2024-09-20,144,17.5,28.9281
2024-04-29,2024-12-20,235,17.5,37.1498
2024-04-29,2025-01-17,263,17.5,39.7381
2024-04-29,2026-01-16,627,17.5,61.5104
2024-04-30,2024-05-17,17,15.0,12.0312
2024-04-30,2024-06-21,52,15.0,17.5
2024-04-30,2024-08-16,108,15.0,25.0
2024-04-30,2024-09-20,143,15.0,28.2813
2024-04-30,2024-12-20,234,15.0,36.5625
2024-04-30,2025-01-17,262,15.0,38.75
2024-04-30,2026-01-16,626,15.0,59.6875
2024-05-01,2024-05-17,16,15.0,11.6279
2024-05-01,2024-06-21,51,15.0,17.1276
2024-05-01,2024-08-16,107,15.0,24.5129
2024-05-01,2024-09-20,142,15.0,27.8127
2024-05-01,2024-12-20,233,15.0,36.1408
2024-05-01,2025-01-17,261,15.0,38.4978
2024-05-01,2026-01-16,625,15.0,59.0823
2024-05-02,2024-05-17,15,15.0,11.5915
2024-05-02,2024-06-21,50,15.0,16.7607
2024-05-02,2024-08-16,106,15.0,30.3885
2024-05-02,2024-09-20,141,15.0,29.1353
2024-05-02,2024-12-20,232,15.0,37.594
2024-05-02,2025-01-17,260,15.0,38.2206
2024-05-02,2026-01-16,624,15.0,59.2105
2024-05-03,2024-05-17,14,15.0,8.1116
2024-05-03,2024-06-21,49,15.0,11.6807
2024-05-03,2024-08-16,105,15.0,18.17
2024-05-03,2024-09-20,140,15.0,25.6327
2024-05-03,2024-12-20,231,15.0,35.3666
2024-05-03,2025-01-17,259,15.0,37.4757
2024-05-03,2026-01-16,623,15.0,59.7015
2024-05-06,2024-05-17,11,15.0,9.6273
2024-05-06,2024-06-21,46,15.0,15.3727
2024-05-06,2024-08-16,102,15.0,23.4472
2024-05-06,2024-09-20,137,15.0,26.5528
2024-05-06,2024-12-20,228,15.0,34.0062
2024-05-06,2025-01-17,256,15.0,37.4224
2024-05-06,2026-01-16,620,15.0,59.0062
2024-05-07,2024-05-17,10,15.0,9.2593
2024-05-07,2024-06-21,45,15.0,14.9691
2024-05-07,2024-08-16,101,15.0,20.0617
2024-05-07,2024-09-20,136,15.0,26.2346
2024-05-07,2024-12-20,227,15.0,31.9444
2024-05-07,2025-01-17,255,15.0,32.8704
2024-05-07,2026-01-16,619,15.0,64.1975
2024-05-08,2024-05-17,9,15.0,7.0332
2024-05-08,2024-06-21,44,15.0,14.0665
2024-05-08,2024-08-16,100,15.0,22.3785
2024-05-08,2024-09-20,135,15.0,25.7353
2024-05-08,2024-12-20,226,15.0,34.367
2024-05-08,2025-01-17,254,15.0,36.445
2024-05-08,2026-01-16,618,15.0,58.8235
2024-05-09,2024-05-17,8,17.5,8.7316
2024-05-09,2024-06-21,43,17.5,14.5527
2024-05-09,2024-08-16,99,17.5,22.9779
2024-05-09,2024-09-20,134,17.5,26.348
2024-05-09,2024-12-20,225,17.5,32.7819
2024-05-09,2025-01-17,253,17.5,36.9179
2024-05-09,2026-01-16,617,17.5,59.7426
2024-05-10,2024-05-17,7,15.0,8.0595
2024-05-10,2024-06-21,42,15.0,13.7942
2024-05-10,2024-08-16,98,15.0,23.5586
2024-05-10,2024-09-20,133,15.0,31.6181
2024-05-10,2024-12-20,224,15.0,36.1128
2024-05-10,2025-01-17,252,15.0,35.6479
2024-05-10,2026-01-16,616,15.0,62.9262
2024-05-13,2024-05-17,4,17.5,8.4098
2024-05-13,2024-06-21,39,17.5,15.1376
2024-05-13,2024-08-16,95,17.5,23.2416
2024-05-13,2024-09-20,130,17.5,26.6055
2024-05-13,2024-12-20,221,17.5,37.6147
2024-05-13,2025-01-17,249,17.5,36.8502
2024-05-13,2026-01-16,613,17.5,72.4771
2024-05-14,2024-05-17,3,17.5,7.0575
2024-05-14,2024-06-21,38,17.5,14.9294
2024-05-14,2024-08-16,94,17.5,18.8654
2024-05-14,2024-09-20,129,17.5,26.6015
2024-05-14,2024-12-20,220,17.5,34.4734
2024-05-14,2025-01-17,248,17.5,36.645
2024-05-14,2026-01-16,612,17.5,57.5461
2024-05-15,2024-05-17,2,17.5,4.3224
2024-05-15,2024-06-21,37,17.5,13.8037
2024-05-15,2024-08-16,93,17.5,22.4484
2024-05-15,2024-09-20,128,17.5,26.0736
2024-05-15,2024-12-20,219,17.5,34.4395
2024-05-15,2025-01-17,247,17.5,36.1127
2024-05-15,2026-01-16,611,17.5,57.7245
2024-05-16,2024-05-17,1,17.5,4.01
2024-05-16,2024-06-21,36,17.5,13.8274
2024-05-16,2024-07-19,64,17.5,15.625
2024-05-16,2024-08-16,92,17.5,22.1239
2024-05-16,2024-09-20,127,17.5,25.8573
2024-05-16,2024-12-20,218,17.5,34.1538
2024-05-16,2025-01-17,246,17.5,36.0896
2024-05-16,2026-01-16,610,17.5,57.7987
2024-05-17,2024-06-21,35,17.5,13.1507
2024-05-17,2024-07-19,63,17.5,17.5342
2024-05-17,2024-08-16,91,17.5,22.0548
2024-05-17,2024-09-20,126,17.5,25.7534
2024-05-17,2024-12-20,217,17.5,33.4247
2024-05-17,2025-01-17,245,17.5,35.8904
2024-05-17,2026-01-16,609,17.5,57.2603
2024-05-20,2024-06-21,32,17.5,12.2087
2024-05-20,2024-07-19,60,17.5,16.6482
2024-05-20,2024-08-16,88,17.5,21.2264
2024-05-20,2024-09-20,123,17.5,24.9723
2024-05-20,2024-12-20,214,17.5,33.4351
2024-05-20,2025-01-17,242,17.5,35.3774
2024-05-20,2026-01-16,606,17.5,57.1587
2024-05-21,2024-06-21,31,17.5,11.6016
2024-05-21,2024-07-19,59,17.5,16.129
2024-05-21,2024-08-16,87,17.5,20.798
2024-05-21,2024-09-20,122,17.5,24.618
2024-05-21,2024-12-20,213,17.5,33.107
2024-05-21,2025-01-17,241,17.5,35.5122
2024-05-21,2026-01-16,605,17.5,57.725
2024-05-22,2024-06-21,30,17.5,11.26
2024-05-22,2024-07-19,58,17.5,16.2486
2024-05-22,2024-08-16,86,17.5,20.8096
2024-05-22,2024-09-20,121,17.5,24.6579
2024-05-22,2024-12-20,212,17.5,32.7822
2024-05-22,2025-01-17,240,17.5,35.2052
2024-05-22,2026-01-16,604,17.5,57.2976
2024-05-23,2024-06-21,29,17.5,11.9964
2024-05-23,2024-07-19,57,17.5,16.5877
2024-05-23,2024-08-16,85,17.5,21.327
2024-05-23,2024-09-20,120,17.5,24.8815
2024-05-23,2024-12-20,211,17.5,34.2121
2024-05-23,2025-01-17,239,17.5,35.3969
2024-05-23,2026-01-16,603,17.5,57.7607
2024-05-24,2024-06-21,28,17.5,10.9393
2024-05-24,2024-07-19,56,17.5,16.0443
2024-05-24,2024-08-16,84,17.5,20.4201
2024-05-24,2024-09-20,119,17.5,24.3582
2024-05-24,2024-12-20,210,17.5,27.8588
2024-05-24,2025-01-17,238,17.5,35.0058
2024-05-24,2026-01-16,602,17.5,58.3431
2024-05-28,2024-06-21,24,17.5,11.5269
2024-05-28,2024-07-19,52,17.5,16.4671
2024-05-28,2024-08-16,80,17.5,20.9581
2024-05-28,2024-09-20,115,17.5,24.7006
2024-05-28,2024-12-20,206,17.5,33.0838
2024-05-28,2025-01-17,234,17.5,35.3293
2024-05-28,2026-01-16,598,17.5,57.7844
2024-05-29,2024-06-21,23,15.0,10.9385
2024-05-29,2024-07-19,51,15.0,15.8529
2024-05-29,2024-08-16,79,15.0,20.1332
2024-05-29,2024-09-20,114,15.0,23.6208
2024-05-29,2024-12-20,205,15.0,32.0228
2024-05-29,2025-01-17,233,15.0,34.5593
2024-05-29,2026-01-16,597,15.0,56.4363
2024-05-30,2024-06-21,22,15.0,11.4277
2024-05-30,2024-07-19,50,15.0,15.8109
2024-05-30,2024-08-16,78,15.0,20.5072
2024-05-30,2024-09-20,113,15.0,23.9512
2024-05-30,2024-12-20,204,15.0,32.4045
2024-05-30,2025-01-17,232,15.0,34.7527
2024-05-30,2026-01-16,596,15.0,56.9818
2024-05-31,2024-06-21,21,15.0,12.7928
2024-05-31,2024-07-19,49,15.0,16.0296
2024-05-31,2024-08-16,77,15.0,20.037
2024-05-31,2024-09-20,112,15.0,25.4316
2024-05-31,2024-12-20,203,15.0,34.0629
2024-05-31,2025-01-17,231,15.0,34.5253
2024-05-31,2026-01-16,595,15.0,51.3255
2024-06-03,2024-06-21,18,15.0,13.9492
2024-06-03,2024-07-19,46,15.0,15.3441
2024-06-03,2024-08-16,74,15.0,19.8388
2024-06-03,2024-09-20,109,15.0,23.4036
2024-06-03,2024-12-20,200,15.0,32.2381
2024-06-03,2025-01-17,228,15.0,37.8177
2024-06-03,2026-01-16,592,15.0,53.0068
2024-06-04,2024-06-21,17,15.0,9.2472
2024-06-04,2024-07-19,45,15.0,14.2764
2024-06-04,2024-08-16,73,15.0,19.3056
2024-06-04,2024-09-20,108,15.0,23.037
2024-06-04,2024-12-20,199,15.0,29.364
2024-06-04,2025-01-17,227,15.0,33.9066
2024-06-04,2026-01-16,591,15.0,56.4568
2024-06-05,2024-06-21,16,15.0,8.7492
2024-06-05,2024-07-19,44,15.0,13.7719
2024-06-05,2024-08-16,72,15.0,18.7946
2024-06-05,2024-09-20,107,15.0,22.5211
2024-06-05,2024-12-20,198,15.0,26.4096
2024-06-05,2025-01-17,226,15.0,33.7006
2024-06-05,2026-01-16,590,15.0,53.1432
2024-06-06,2024-06-21,15,15.0,8.3607
2024-06-06,2024-07-19,43,15.0,13.4426
2024-06-06,2024-08-16,71,15.0,18.5246
2024-06-06,2024-09-20,106,15.0,22.2951
2024-06-06,2024-12-20,197,15.0,31.1475
2024-06-06,2025-01-17,225,15.0,33.1148
2024-06-06,2026-01-16,589,15.0,53.4426
2024-06-07,2024-06-21,14,15.0,7.4124
2024-06-07,2024-07-19,42,15.0,13.1402
2024-06-07,2024-08-16,70,15.0,18.6995
2024-06-07,2024-09-20,105,15.0,22.2372
2024-06-07,2024-12-20,196,15.0,30.9973
2024-06-07,2025-01-17,224,15.0,34.3666
2024-06-07,2026-01-16,588,15.0,55.2561
2024-06-10,2024-06-21,11,15.0,6.8379
2024-06-10,2024-07-19,39,15.0,13.0087
2024-06-10,2024-08-16,67,15.0,18.1788
2024-06-10,2024-09-20,102,15.0,22.0147
2024-06-10,2024-12-20,193,15.0,30.3536
2024-06-10,2025-01-17,221,15.0,32.6885
2024-06-10,2026-01-16,585,15.0,51.5344
2024-06-11,2024-06-21,10,15.0,7.764
2024-06-11,2024-07-19,38,15.0,13.285
2024-06-11,2024-08-16,66,15.0,18.2885
2024-06-11,2024-09-20,101,15.0,22.2567
2024-06-11,2024-12-20,192,15.0,31.0559
2024-06-11,2025-01-17,220,15.0,32.0911
2024-06-11,2026-01-16,584,15.0,55.2105
2024-06-12,2024-06-21,9,15.0,6.3183
2024-06-12,2024-07-19,37,15.0,12.2951
2024-06-12,2024-08-16,65,15.0,17.7596
2024-06-12,2024-09-20,100,15.0,21.6872
2024-06-12,2024-12-20,191,15.0,30.3962
2024-06-12,2025-01-17,219,15.0,32.7869
2024-06-12,2026-01-16,583,15.0,49.1803
2024-06-13,2024-06-21,8,15.0,8.1734
2024-06-13,2024-07-19,36,15.0,13.1485
2024-06-13,2024-08-16,64,15.0,18.479
2024-06-13,2024-09-20,99,15.0,22.0327
2024-06-13,2024-12-20,190,15.0,30.9168
2024-06-13,2025-01-17,218,15.0,33.049
2024-06-13,2026-01-16,582,15.0,57.5693
2024-06-14,2024-06-21,7,12.5,8.871
2024-06-14,2024-07-19,35,12.5,13.1965
2024-06-14,2024-08-16,63,12.5,18.3284
2024-06-14,2024-09-20,98,12.5,21.9941
2024-06-14,2024-12-20,189,12.5,30.2419
2024-06-14,2025-01-17,217,12.5,32.9912
2024-06-14,2026-01-16,581,12.5,54.0689
2024-06-17,2024-06-21,4,12.5,6.9392
2024-06-17,2024-07-19,32,12.5,12.7532
2024-06-17,2024-08-16,60,12.5,17.817
2024-06-17,2024-09-20,95,12.5,21.943
2024-06-17,2024-12-20,186,12.5,30.5701
2024-06-17,2025-01-17,214,12.5,32.6332
2024-06-17,2026-01-16,578,12.5,54.7637
2024-06-18,2024-06-21,3,12.5,7.1269
2024-06-18,2024-07-19,31,12.5,12.8731
2024-06-18,2024-08-16,59,12.5,17.7239
2024-06-18,2024-09-20,94,12.5,20.709
2024-06-18,2024-12-20,185,12.5,30.4104
2024-06-18,2025-01-17,213,12.5,32.2761
2024-06-18,2026-01-16,577,12.5,54.291
2024-06-20,2024-06-21,1,12.5,9.1441
2024-06-20,2024-07-19,29,12.5,12.9846
2024-06-20,2024-08-16,57,12.5,18.2882
2024-06-20,2024-09-20,92,12.5,22.1287
2024-06-20,2024-12-20,183,12.5,29.2612
2024-06-20,2025-01-17,211,12.5,33.1017
2024-06-20,2026-01-16,575,12.5,54.8647
2024-06-21,2024-07-19,28,12.5,12.9751
2024-06-21,2024-08-16,56,12.5,17.5439
2024-06-21,2024-09-20,91,12.5,21.5643
2024-06-21,2024-12-20,182,12.5,36.5497
2024-06-21,2025-01-17,210,12.5,32.5292
2024-06-21,2026-01-16,574,12.5,54.6418
2024-06-24,2024-07-19,25,12.5,7.4683
2024-06-24,2024-08-16,53,12.5,16.4302
2024-06-24,2024-09-20,88,12.5,20.5377
2024-06-24,2024-12-20,179,12.5,28.9395
2024-06-24,2025-01-17,207,12.5,31.9268
2024-06-24,2026-01-16,571,12.5,50.5975
2024-06-25,2024-07-19,24,12.5,9.9756
2024-06-25,2024-08-16,52,12.5,16.2866
2024-06-25,2024-09-20,87,12.5,19.7476
2024-06-25,2024-12-20,178,12.5,29.5195
2024-06-25,2025-01-17,206,12.5,31.5554
2024-06-25,2026-01-16,570,12.5,54.1531
2024-06-26,2024-07-19,23,12.5,9.3328
2024-06-26,2024-08-16,51,12.5,16.0842
2024-06-26,2024-09-20,86,12.5,20.0556
2024-06-26,2024-12-20,177,12.5,29.587
2024-06-26,2025-01-17,205,12.5,31.7712
2024-06-26,2026-01-16,569,12.5,54.4083
2024-06-27,2024-07-19,22,12.5,9.5331
2024-06-27,2024-08-16,50,12.5,15.9533
2024-06-27,2024-09-20,85,12.5,19.8444
2024-06-27,2024-12-20,176,12.5,25.2918
2024-06-27,2025-01-17,204,12.5,31.7121
2024-06-27,2026-01-16,568,12.5,54.4747
2024-06-28,2024-07-19,21,12.5,8.8374
2024-06-28,2024-08-16,49,12.5,15.9073
2024-06-28,2024-09-20,84,12.5,20.2278
2024-06-28,2024-12-20,175,12.5,25.3339
2024-06-28,2025-01-17,203,12.5,31.6182
2024-06-28,2026-01-16,567,12.5,53.6135
2024-07-01,2024-07-19,18,12.5,8.9844
2024-07-01,2024-08-16,46,12.5,15.625
2024-07-01,2024-09-20,81,12.5,19.7266
2024-07-01,2024-12-20,172,12.5,28.9062
2024-07-01,2025-01-17,200,12.5,31.6406
2024-07-01,2026-01-16,564,12.5,54.2969
2024-07-02,2024-07-19,17,12.5,11.8268
2024-07-02,2024-08-16,45,12.5,16.3755
2024-07-02,2024-09-20,80,12.5,20.9243
2024-07-02,2024-12-20,171,12.5,29.1121
2024-07-02,2025-01-17,199,12.5,32.0233
2024-07-02,2026-01-16,563,12.5,52.5837
2024-07-03,2024-07-19,16,15.0,10.7698
2024-07-03,2024-08-16,44,15.0,17.4788
2024-07-03,2024-09-20,79,15.0,21.363
2024-07-03,2024-12-20,170,15.0,30.8969
2024-07-03,2025-01-17,198,15.0,32.6624
2024-07-03,2026-01-16,562,15.0,55.4379
2024-07-05,2024-07-19,14,15.0,10.4833
2024-07-05,2024-08-16,42,15.0,16.5245
2024-07-05,2024-09-20,77,15.0,21.1443
2024-07-05,2024-12-20,168,15.0,30.9168
2024-07-05,2025-01-17,196,15.0,32.6937
2024-07-05,2026-01-16,560,15.0,55.4371
2024-07-08,2024-07-19,11,15.0,9.3179
2024-07-08,2024-08-16,39,15.0,16.3502
2024-07-08,2024-09-20,74,15.0,20.7454
2024-07-08,2024-12-20,165,15.0,30.5907
2024-07-08,2025-01-17,193,15.0,32.7004
2024-07-08,2026-01-16,557,15.0,55.5556
2024-07-09,2024-07-19,10,15.0,8.7781
2024-07-09,2024-08-16,38,15.0,16.1517
2024-07-09,2024-09-20,73,15.0,20.3652
2024-07-09,2024-12-20,164,15.0,30.5478
2024-07-09,2025-01-17,192,15.0,32.3034
2024-07-09,2026-01-16,556,15.0,54.7753
2024-07-10,2024-07-19,9,15.0,7.8507
2024-07-10,2024-08-16,37,15.0,15.5269
2024-07-10,2024-09-20,72,15.0,20.2373
2024-07-10,2024-12-20,163,15.0,30.007
2024-07-10,2025-01-17,191,15.0,31.926
2024-07-10,2026-01-16,555,15.0,57.5715
2024-07-11,2024-07-19,8,15.0,6.3844
2024-07-11,2024-08-16,36,15.0,14.953
2024-07-11,2024-09-20,71,15.0,18.9852
2024-07-11,2024-12-20,162,15.0,23.6895
2024-07-11,2025-01-17,190,15.0,31.082
2024-07-11,2026-01-16,554,15.0,53.7634
2024-07-12,2024-07-19,7,15.0,6.242
2024-07-12,2024-08-16,35,15.0,14.2446
2024-07-12,2024-09-20,70,15.0,18.726
2024-07-12,2024-12-20,161,15.0,28.3291
2024-07-12,2025-01-17,189,15.0,30.5698
2024-07-12,2026-01-16,553,15.0,53.137
2024-07-15,2024-07-19,4,15.0,5.0654
2024-07-15,2024-08-16,32,15.0,14.2157
2024-07-15,2024-09-20,67,15.0,18.6275
2024-07-15,2024-12-20,158,15.0,28.5948
2024-07-15,2025-01-17,186,15.0,30.719
2024-07-15,2026-01-16,550,15.0,54.2484
2024-07-16,2024-07-19,3,15.0,4.5812
2024-07-16,2024-08-16,31,15.0,14.3979
2024-07-16,2024-09-20,66,15.0,17.6702
2024-07-16,2024-12-20,157,15.0,28.305
2024-07-16,2025-01-17,185,15.0,30.4319
2024-07-16,2026-01-16,549,15.0,53.3377
2024-07-17,2024-07-19,2,15.0,3.8054
2024-07-17,2024-08-16,30,15.0,14.0635
2024-07-17,2024-09-20,65,15.0,18.1999
2024-07-17,2024-12-20,156,15.0,28.2925
2024-07-17,2025-01-17,184,15.0,31.9325
2024-07-17,2026-01-16,548,15.0,54.5996
2024-07-18,2024-07-19,1,15.0,4.6648
2024-07-18,2024-08-16,29,15.0,14.1672
2024-07-18,2024-09-20,64,15.0,19.1776
2024-07-18,2024-12-20,155,15.0,30.4077
2024-07-18,2025-01-17,183,15.0,30.9261
2024-07-18,2025-03-21,246,15.0,32.481
2024-07-18,2026-01-16,547,15.0,61.8521
2024-07-19,2024-08-16,28,15.0,14.3457
2024-07-19,2024-09-20,63,15.0,19.4192
2024-07-19,2024-12-20,154,15.0,28.8663
2024-07-19,2025-01-17,182,15.0,34.4647
2024-07-19,2025-03-21,245,15.0,34.8146
2024-07-19,2026-01-16,546,15.0,54.5836
2024-07-22,2024-08-16,25,15.0,13.8694
2024-07-22,2024-09-20,60,15.0,19.3118
2024-07-22,2024-12-20,151,15.0,29.1433
2024-07-22,2025-01-17,179,15.0,31.4256
2024-07-22,2025-03-21,242,15.0,38.9747
2024-07-22,2026-01-16,543,15.0,64.6067
2024-07-23,2024-08-16,24,15.0,13.8298
2024-07-23,2024-09-20,59,15.0,19.3262
2024-07-23,2024-12-20,150,15.0,29.4326
2024-07-23,2025-01-17,178,15.0,31.5603
2024-07-23,2025-03-21,241,15.0,36.7021
2024-07-23,2026-01-16,542,15.0,54.9645
2024-07-24,2024-08-16,23,12.5,14.5666
2024-07-24,2024-09-20,58,12.5,19.4829
2024-07-24,2024-12-20,149,12.5,27.1304
2024-07-24,2025-01-17,177,12.5,31.3183
2024-07-24,2025-03-21,240,12.5,36.0524
2024-07-24,2026-01-16,541,12.5,52.9862
2024-07-25,2024-08-16,22,15.0,14.8551
2024-07-25,2024-09-20,57,15.0,20.1087
2024-07-25,2024-12-20,148,15.0,30.4348
2024-07-25,2025-01-17,176,15.0,32.2464
2024-07-25,2025-03-21,239,15.0,37.5
2024-07-25,2026-01-16,540,15.0,55.7971
2024-07-26,2024-08-16,21,15.0,14.5683
2024-07-26,2024-09-20,56,15.0,19.7842
2024-07-26,2024-12-20,147,15.0,30.036
2024-07-26,2025-01-17,175,15.0,31.8345
2024-07-26,2025-03-21,238,15.0,26.9784
2024-07-26,2026-01-16,539,15.0,55.3957
2024-07-29,2024-08-16,18,12.5,13.2167
2024-07-29,2024-09-20,53,12.5,18.2427
2024-07-29,2024-12-20,144,12.5,28.6672
2024-07-29,2025-01-17,172,12.5,30.7148
2024-07-29,2025-03-21,235,12.5,35.7409
2024-07-29,2026-01-16,536,12.5,53.239
2024-07-30,2024-08-16,17,12.5,12.3293
2024-07-30,2024-09-20,52,12.5,18.2094
2024-07-30,2024-12-20,143,12.5,28.6419
2024-07-30,2025-01-17,171,12.5,30.9181
2024-07-30,2025-03-21,234,12.5,32.8149
2024-07-30,2026-01-16,535,12.5,52.7314
2024-07-31,2024-08-16,16,12.5,12.574
2024-07-31,2024-09-20,51,12.5,18.4911
2024-07-31,2024-12-20,142,12.5,28.6612
2024-07-31,2025-01-17,170,12.5,31.25
2024-07-31,2025-03-21,233,12.5,34.3935
2024-07-31,2026-01-16,534,12.5,53.0695
2024-08-01,2024-08-16,15,12.5,12.0268
2024-08-01,2024-09-20,50,12.5,18.5331
2024-08-01,2024-12-20,141,12.5,27.9968
2024-08-01,2025-01-17,169,12.5,31.7429
2024-08-01,2025-03-21,232,12.5,37.6577
2024-08-01,2026-01-16,533,12.5,62.3028
2024-08-02,2024-08-16,14,10.0,22.3814
2024-08-02,2024-09-20,49,10.0,23.0528
2024-08-02,2024-12-20,140,10.0,32.6768
2024-08-02,2025-01-17,168,10.0,37.3769
2024-08-02,2025-03-21,231,10.0,42.5246
2024-08-02,2026-01-16,532,10.0,65.1298
2024-08-05,2024-08-16,11,10.0,13.0703
2024-08-05,2024-09-20,46,10.0,20.4373
2024-08-05,2024-12-20,137,10.0,32.557
2024-08-05,2025-01-17,165,10.0,35.4087
2024-08-05,2025-03-21,228,10.0,33.0323
2024-08-05,2026-01-16,529,10.0,56.3213
2024-08-06,2024-08-16,10,10.0,12.7505
2024-08-06,2024-09-20,45,10.0,20.4918
2024-08-06,2024-12-20,136,10.0,27.0947
2024-08-06,2025-01-17,164,10.0,34.6084
2024-08-06,2025-03-21,227,10.0,40.0729
2024-08-06,2026-01-16,528,10.0,57.1494
2024-08-07,2024-08-16,9,10.0,10.7245
2024-08-07,2024-09-20,44,10.0,19.7807
2024-08-07,2024-12-20,135,10.0,32.6501
2024-08-07,2025-01-17,163,10.0,35.51
2024-08-07,2025-03-21,226,10.0,38.6082
2024-08-07,2026-01-16,527,10.0,57.674
2024-08-08,2024-08-16,8,10.0,11.6226
2024-08-08,2024-09-20,43,10.0,19.5989
2024-08-08,2024-12-20,134,10.0,31.9052
2024-08-08,2025-01-17,162,10.0,34.412
2024-08-08,2025-03-21,225,10.0,39.6536
2024-08-08,2026-01-16,526,10.0,56.5178
2024-08-09,2024-08-16,7,10.0,12.1185
2024-08-09,2024-09-20,42,10.0,19.7487
2024-08-09,2024-12-20,133,10.0,38.5996
2024-08-09,2025-01-17,161,10.0,34.7846
2024-08-09,2025-03-21,224,10.0,40.1706
2024-08-09,2026-01-16,525,10.0,55.4309
2024-08-12,2024-08-16,4,10.0,11.4452
2024-08-12,2024-09-20,39,10.0,18.851
2024-08-12,2024-12-20,130,10.0,31.4183
2024-08-12,2025-01-17,158,10.0,34.5601
2024-08-12,2025-03-21,221,10.0,38.8241
2024-08-12,2026-01-16,522,10.0,56.7774
2024-08-13,2024-08-16,3,12.5,9.8339
2024-08-13,2024-09-20,38,12.5,17.701
2024-08-13,2024-12-20,129,12.5,31.6871
2024-08-13,2025-01-17,157,12.5,34.3094
2024-08-13,2025-03-21,220,12.5,40.2098
2024-08-13,2026-01-16,521,12.5,59.0035
2024-08-14,2024-08-16,2,12.5,8.0172
2024-08-14,2024-09-20,37,12.5,16.1638
2024-08-14,2024-12-20,128,12.5,30.6034
2024-08-14,2025-01-17,156,12.5,33.1897
2024-08-14,2025-03-21,219,12.5,42.8879
2024-08-14,2026-01-16,520,12.5,58.1897
2024-08-15,2024-08-16,1,12.5,3.0364
2024-08-15,2024-09-20,36,12.5,14.17
2024-08-15,2024-12-20,127,12.5,28.9474
2024-08-15,2025-01-17,155,12.5,31.1741
2024-08-15,2025-03-21,218,12.5,43.1174
2024-08-15,2026-01-16,519,12.5,59.5142
2024-08-16,2024-09-20,35,12.5,14.0875
2024-08-16,2024-10-18,63,12.5,19.9748
2024-08-16,2024-12-20,126,12.5,29.2262
2024-08-16,2025-01-17,154,12.5,32.3802
2024-08-16,2025-03-21,217,12.5,38.4777
2024-08-16,2026-01-16,518,12.5,55.9294
2024-08-19,2024-09-20,32,12.5,12.4298
2024-08-19,2024-10-18,60,12.5,18.2438
2024-08-19,2024-12-20,123,12.5,27.8669
2024-08-19,2025-01-17,151,12.5,30.4731
2024-08-19,2025-03-21,214,12.5,36.4876
2024-08-19,2026-01-16,515,12.5,60.9463
2024-08-20,2024-09-20,31,12.5,12.5914
2024-08-20,2024-10-18,59,12.5,18.0747
2024-08-20,2024-12-20,122,12.5,27.8229
2024-08-20,2025-01-17,150,12.5,30.26
2024-08-20,2025-03-21,213,12.5,36.5556
2024-08-20,2026-01-16,514,12.5,56.052
2024-08-21,2024-09-20,30,12.5,13.2777
2024-08-21,2024-10-18,58,12.5,18.2094
2024-08-21,2024-12-20,121,12.5,27.5038
2024-08-21,2025-01-17,149,12.5,29.9697
2024-08-21,2025-03-21,212,12.5,35.8498
2024-08-21,2026-01-16,513,12.5,53.8695
2024-08-22,2024-09-20,29,12.5,12.4199
2024-08-22,2024-10-18,57,12.5,17.6282
2024-08-22,2024-12-20,120,12.5,27.2436
2024-08-22,2025-01-17,148,12.5,30.2484
2024-08-22,2025-03-21,211,12.5,38.4615
2024-08-22,2026-01-16,512,12.5,55.2885
2024-08-23,2024-09-20,28,12.5,12.3552
2024-08-23,2024-10-18,56,12.5,17.3745
2024-08-23,2024-12-20,119,12.5,26.6409
2024-08-23,2025-01-17,147,12.5,29.3436
2024-08-23,2025-03-21,210,12.5,35.5212
2024-08-23,2026-01-16,511,12.5,50.7722
2024-08-26,2024-09-20,25,12.5,11.8217
2024-08-26,2024-10-18,53,12.5,17.2481
2024-08-26,2024-12-20,116,12.5,31.2016
2024-08-26,2025-01-17,144,12.5,29.0698
2024-08-26,2025-03-21,207,12.5,35.2713
2024-08-26,2026-01-16,508,12.5,54.0698
2024-08-27,2024-09-20,24,12.5,11.3281
2024-08-27,2024-10-18,52,12.5,16.6016
2024-08-27,2024-12-20,115,12.5,26.3672
2024-08-27,2025-01-17,143,12.5,32.0312
2024-08-27,2025-03-21,206,12.5,35.1562
2024-08-27,2026-01-16,507,12.5,53.9062
2024-08-28,2024-09-20,23,12.5,10.8
2024-08-28,2024-10-18,51,12.5,16.8
2024-08-28,2024-12-20,114,12.5,26.2
2024-08-28,2025-01-17,142,12.5,29.2
2024-08-28,2025-03-21,205,12.5,35.4
2024-08-28,2026-01-16,506,12.5,55.2
2024-08-29,2024-09-20,22,12.5,10.6589
2024-08-29,2024-10-18,50,12.5,16.4729
2024-08-29,2024-12-20,113,12.5,25.7752
2024-08-29,2025-01-17,141,12.5,28.6822
2024-08-29,2025-03-21,204,12.5,34.8837
2024-08-29,2026-01-16,505,12.5,50.5814
2024-08-30,2024-09-20,21,12.5,10.0775
2024-08-30,2024-10-18,49,12.5,15.6977
2024-08-30,2024-12-20,112,12.5,28.876
2024-08-30,2025-01-17,140,12.5,28.2946
2024-08-30,2025-03-21,203,12.5,39.9225
2024-08-30,2026-01-16,504,12.5,53.2946
2024-09-03,2024-09-20,17,12.5,10.6096
2024-09-03,2024-10-18,45,12.5,16.7824
2024-09-03,2024-12-20,108,12.5,22.5694
2024-09-03,2025-01-17,136,12.5,28.9352
2024-09-03,2025-03-21,199,12.5,27.1991
2024-09-03,2026-01-16,500,12.5,49.1898
2024-09-04,2024-09-20,16,15.0,11.4531
2024-09-04,2024-10-18,44,15.0,17.1797
2024-09-04,2024-12-20,107,15.0,26.3064
2024-09-04,2025-01-17,135,15.0,29.7065
2024-09-04,2025-03-21,198,15.0,35.612
2024-09-04,2026-01-16,499,15.0,54.4023
2024-09-05,2024-09-20,15,12.5,11.87
2024-09-05,2024-10-18,43,12.5,17.3484
2024-09-05,2024-12-20,106,12.5,23.0095
2024-09-05,2025-01-17,134,12.5,29.2184
2024-09-05,2025-03-21,197,12.5,34.5142
2024-09-05,2026-01-16,498,12.5,51.4974
2024-09-06,2024-09-20,14,15.0,10.9633
2024-09-06,2024-10-18,42,15.0,17.4335
2024-09-06,2024-12-20,105,15.0,26.7793
2024-09-06,2025-01-17,133,15.0,29.4752
2024-09-06,2025-03-21,196,15.0,35.7656
2024-09-06,2026-01-16,497,15.0,54.9964
2024-09-09,2024-09-20,11,12.5,10.6696
2024-09-09,2024-10-18,39,12.5,16.5563
2024-09-09,2024-12-20,102,12.5,26.1221
2024-09-09,2025-01-17,130,12.5,28.6976
2024-09-09,2025-03-21,193,12.5,34.5843
2024-09-09,2026-01-16,494,12.5,55.5556
2024-09-10,2024-09-20,10,15.0,12.2655
2024-09-10,2024-10-18,38,15.0,16.2338
2024-09-10,2024-12-20,101,15.0,25.974
2024-09-10,2025-01-17,129,15.0,29.0404
2024-09-10,2025-03-21,192,15.0,35.1732
2024-09-10,2026-01-16,493,15.0,54.8341
2024-09-11,2024-09-20,9,15.0,10.1156
2024-09-11,2024-10-18,37,15.0,15.896
2024-09-11,2024-12-20,100,15.0,25.8309
2024-09-11,2025-01-17,128,15.0,28.7211
2024-09-11,2025-03-21,191,15.0,34.8627
2024-09-11,2026-01-16,492,15.0,57.0809
2024-09-12,2024-09-20,8,15.0,11.24
2024-09-12,2024-10-18,36,15.0,16.1349
2024-09-12,2024-12-20,99,15.0,25.7433
2024-09-12,2025-01-17,127,15.0,28.6439
2024-09-12,2025-03-21,190,15.0,34.8078
2024-09-12,2026-01-16,491,15.0,54.3872
2024-09-13,2024-09-20,7,15.0,9.7826
2024-09-13,2024-10-18,35,15.0,15.7609
2024-09-13,2024-12-20,98,15.0,25.7246
2024-09-13,2025-01-17,126,15.0,28.442
2024-09-13,2025-03-21,189,15.0,34.6014
2024-09-13,2026-01-16,490,15.0,53.6232
2024-09-16,2024-09-20,4,15.0,8.03
2024-09-16,2024-10-18,32,15.0,14.6324
2024-09-16,2024-12-20,95,15.0,24.9822
2024-09-16,2025-01-17,123,15.0,28.0157
2024-09-16,2025-03-21,186,15.0,34.4397
2024-09-16,2026-01-16,487,15.0,53.5332
2024-09-16,2027-01-15,851,15.0,77.0878
2024-09-17,2024-09-20,3,15.0,6.5095
2024-09-17,2024-10-18,31,15.0,13.8987
2024-09-17,2024-12-20,94,15.0,24.6305
2024-09-17,2025-01-17,122,15.0,27.4455
2024-09-17,2025-03-21,185,15.0,34.8346
2024-09-17,2026-01-16,486,15.0,52.7797
2024-09-17,2027-01-15,850,15.0,70.0211
2024-09-18,2024-09-20,2,15.0,10.8003
2024-09-18,2024-10-18,30,15.0,14.1643
2024-09-18,2024-12-20,93,15.0,24.4334
2024-09-18,2025-01-17,121,15.0,27.4433
2024-09-18,2025-03-21,184,15.0,26.9122
2024-09-18,2026-01-16,485,15.0,53.4703
2024-09-18,2027-01-15,849,15.0,78.2578
2024-09-19,2024-09-20,1,15.0,5.7042
2024-09-19,2024-10-18,29,15.0,12.8521
2024-09-19,2024-11-15,57,15.0,22.007
2024-09-19,2024-12-20,92,15.0,23.7676
2024-09-19,2025-01-17,120,15.0,26.5845
2024-09-19,2025-03-21,183,15.0,32.9225
2024-09-19,2026-01-16,484,15.0,52.4648
2024-09-19,2027-01-15,848,15.0,74.2958
2024-09-20,2024-10-18,28,15.0,12.059
2024-09-20,2024-11-15,56,15.0,20.3384
2024-09-20,2024-12-20,91,15.0,24.658
2024-09-20,2025-01-17,119,15.0,27.7178
2024-09-20,2025-03-21,182,15.0,33.2973
2024-09-20,2026-01-16,483,15.0,52.9158
2024-09-20,2027-01-15,847,15.0,68.7545
2024-09-23,2024-10-18,25,15.0,11.7709
2024-09-23,2024-11-15,53,15.0,18.7983
2024-09-23,2024-12-20,88,15.0,22.6634
2024-09-23,2025-01-17,116,15.0,25.2987
2024-09-23,2025-03-21,179,15.0,31.6233
2024-09-23,2026-01-16,480,15.0,51.6514
2024-09-23,2027-01-15,844,15.0,67.4631
2024-09-24,2024-10-18,24,15.0,12.1875
2024-09-24,2024-11-15,52,15.0,16.25
2024-09-24,2024-12-20,87,15.0,22.1875
2024-09-24,2025-01-17,115,15.0,25.0
2024-09-24,2025-03-21,178,15.0,30.9375
2024-09-24,2026-01-16,479,15.0,49.0625
2024-09-24,2027-01-15,843,15.0,63.75
2024-09-25,2024-10-18,23,15.0,12.5309
2024-09-25,2024-11-15,51,15.0,18.5644
2024-09-25,2024-12-20,86,15.0,22.1225
2024-09-25,2025-01-17,114,15.0,25.0619
2024-09-25,2025-03-21,177,15.0,31.25
2024-09-25,2026-01-16,478,15.0,49.1955
2024-09-25,2027-01-15,842,15.0,69.6163
2024-09-26,2024-10-18,22,17.5,11.0947
2024-09-26,2024-11-15,50,17.5,18.0473
2024-09-26,2024-12-20,85,17.5,22.0414
2024-09-26,2025-01-17,113,17.5,25.1479
2024-09-26,2025-03-21,176,17.5,28.4024
2024-09-26,2026-01-16,477,17.5,50.5917
2024-09-26,2027-01-15,841,17.5,68.9349
2024-09-27,2024-10-18,21,17.5,11.4192
2024-09-27,2024-11-15,49,17.5,18.2164
2024-09-27,2024-12-20,84,17.5,22.1588
2024-09-27,2025-01-17,112,17.5,25.0136
2024-09-27,2025-03-21,175,17.5,30.9951
2024-09-27,2026-01-16,476,17.5,49.4834
2024-09-27,2027-01-15,840,17.5,63.8934
2024-09-30,2024-10-18,18,17.5,10.0567
2024-09-30,2024-11-15,46,17.5,17.5637
2024-09-30,2024-12-20,81,17.5,21.813
2024-09-30,2025-01-17,109,17.5,24.5042
2024-09-30,2025-03-21,172,17.5,36.9688
2024-09-30,2026-01-16,473,17.5,49.2918
2024-09-30,2027-01-15,837,17.5,65.7224
2024-10-01,2024-10-18,17,17.5,9.6921
2024-10-01,2024-11-15,45,17.5,17.3888
2024-10-01,2024-12-20,80,17.5,21.6648
2024-10-01,2025-01-17,108,17.5,24.8005
2024-10-01,2025-03-21,171,17.5,29.6465
2024-10-01,2026-01-16,472,17.5,56.1574
2024-10-01,2027-01-15,836,17.5,71.2657
2024-10-02,2024-10-18,16,17.5,9.7288
2024-10-02,2024-11-15,44,17.5,17.3939
2024-10-02,2024-12-20,79,17.5,21.816
2024-10-02,2025-01-17,107,17.5,24.7642
2024-10-02,2025-03-21,170,17.5,30.9552
2024-10-02,2026-01-16,471,17.5,50.7075
2024-10-02,2027-01-15,835,17.5,60.1415
2024-10-03,2024-10-18,15,17.5,10.171
2024-10-03,2024-11-15,43,17.5,17.2465
2024-10-03,2024-12-20,78,17.5,21.9634
2024-10-03,2025-01-17,106,17.5,24.7642
2024-10-03,2025-03-21,169,17.5,34.9351
2024-10-03,2026-01-16,470,17.5,54.5401
2024-10-03,2027-01-15,834,17.5,66.3326
2024-10-04,2024-10-18,14,17.5,8.4868
2024-10-04,2024-11-15,42,17.5,16.1105
2024-10-04,2024-12-20,77,17.5,20.7135
2024-10-04,2025-01-17,105,17.5,24.0219
2024-10-04,2025-03-21,168,17.5,31.7894
2024-10-04,2026-01-16,469,17.5,54.3728
2024-10-04,2027-01-15,833,17.5,65.5926
2024-10-07,2024-10-18,11,17.5,8.2679
2024-10-07,2024-11-15,39,17.5,16.1155
2024-10-07,2024-12-20,74,17.5,20.88
2024-10-07,2025-01-17,102,17.5,23.963
2024-10-07,2025-03-21,165,17.5,27.8868
2024-10-07,2026-01-16,466,17.5,49.8879
2024-10-07,2027-01-15,830,17.5,59.417
2024-10-08,2024-10-18,10,17.5,8.2353
2024-10-08,2024-11-15,38,17.5,16.4706
2024-10-08,2024-12-20,73,17.5,20.8824
2024-10-08,2025-01-17,101,17.5,24.1176
2024-10-08,2025-03-21,164,17.5,30.5882
2024-10-08,2026-01-16,465,17.5,50.5882
2024-10-08,2027-01-15,829,17.5,66.1765
2024-10-09,2024-10-18,9,17.5,7.2886
2024-10-09,2024-11-15,37,17.5,15.7434
2024-10-09,2024-12-20,72,17.5,20.2624
2024-10-09,2025-01-17,100,17.5,23.6152
2024-10-09,2025-03-21,163,17.5,29.5918
2024-10-09,2026-01-16,464,17.5,49.8542
2024-10-09,2027-01-15,828,17.5,70.8455
2024-10-10,2024-10-18,8,17.5,6.6206
2024-10-10,2024-11-15,36,17.5,15.4001
2024-10-10,2024-12-20,71,17.5,20.1497
2024-10-10,2025-01-17,99,17.5,23.6039
2024-10-10,2025-03-21,162,17.5,29.6488
2024-10-10,2026-01-16,463,17.5,49.5106
2024-10-10,2027-01-15,827,17.5,68.2211
2024-10-11,2024-10-18,7,17.5,5.7552
2024-10-11,2024-11-15,35,17.5,15.0197
2024-10-11,2024-12-20,70,17.5,19.6519
2024-10-11,2025-01-17,98,17.5,22.74
2024-10-11,2025-03-21,161,17.5,28.9163
2024-10-11,2026-01-16,462,17.5,48.849
2024-10-11,2027-01-15,826,17.5,62.886
2024-10-14,2024-10-18,4,17.5,5.2083
2024-10-14,2024-11-15,32,17.5,14.4989
2024-10-14,2024-12-20,67,17.5,19.0034
2024-10-14,2025-01-17,95,17.5,22.3818
2024-10-14,2025-03-21,158,17.5,33.5023
2024-10-14,2026-01-16,459,17.5,48.705
2024-10-14,2027-01-15,823,17.5,71.7905
2024-10-15,2024-10-18,3,17.5,4.2373
2024-10-15,2024-11-15,31,17.5,14.4068
2024-10-15,2024-12-20,66,17.5,19.209
2024-10-15,2025-01-17,94,17.5,22.1751
2024-10-15,2025-03-21,157,17.5,28.2486
2024-10-15,2026-01-16,458,17.5,54.2373
2024-10-15,2027-01-15,822,17.5,64.4068
2024-10-16,2024-10-18,2,20.0,6.0526
2024-10-16,2024-11-15,30,20.0,14.8684
2024-10-16,2024-12-20,65,20.0,19.6053
2024-10-16,2025-01-17,93,20.0,22.5
2024-10-16,2025-03-21,156,20.0,27.3684
2024-10-16,2026-01-16,457,20.0,48.9474
2024-10-16,2027-01-15,821,20.0,64.4737
2024-10-17,2024-10-18,1,17.5,4.62
2024-10-17,2024-11-15,29,17.5,13.942
2024-10-17,2024-12-20,64,17.5,17.0858
2024-10-17,2025-01-17,92,17.5,21.1864
2024-10-17,2025-03-21,155,17.5,28.1575
2024-10-17,2025-06-20,246,17.5,40.4593
2024-10-17,2026-01-16,456,17.5,47.567
2024-10-17,2027-01-15,820,17.5,70.5303
2024-10-18,2024-11-15,28,17.5,14.1281
2024-10-18,2024-12-20,63,17.5,18.972
2024-10-18,2025-01-17,91,17.5,21.7976
2024-10-18,2025-03-21,154,17.5,28.1216
2024-10-18,2025-06-20,245,17.5,35.1184
2024-10-18,2026-01-16,455,17.5,47.6319
2024-10-18,2027-01-15,819,17.5,63.24
2024-10-21,2024-11-15,25,17.5,13.4126
2024-10-21,2024-12-20,60,17.5,18.2522
2024-10-21,2025-01-17,88,17.5,21.5708
2024-10-21,2025-03-21,151,17.5,27.3783
2024-10-21,2025-06-20,242,17.5,35.26
2024-10-21,2026-01-16,452,17.5,44.5243
2024-10-21,2027-01-15,816,17.5,64.1593
2024-10-22,2024-11-15,24,17.5,13.388
2024-10-22,2024-12-20,59,17.5,18.4426
2024-10-22,2025-01-17,87,17.5,21.4481
2024-10-22,2025-03-21,150,17.5,27.8689
2024-10-22,2025-06-20,241,17.5,34.8361
2024-10-22,2026-01-16,451,17.5,47.541
2024-10-22,2027-01-15,815,17.5,68.0328
2024-10-23,2024-11-15,23,17.5,12.7308
2024-10-23,2024-12-20,58,17.5,18.3268
2024-10-23,2025-01-17,86,17.5,21.4046
2024-10-23,2025-03-21,149,17.5,28.1198
2024-10-23,2025-06-20,240,17.5,33.5758
2024-10-23,2026-01-16,450,17.5,48.1253
2024-10-23,2027-01-15,814,17.5,64.3537
2024-10-24,2024-11-15,22,17.5,13.0728
2024-10-24,2024-12-20,57,17.5,18.3288
2024-10-24,2025-01-17,85,17.5,21.4286
2024-10-24,2025-03-21,148,17.5,27.8976
2024-10-24,2025-06-20,239,17.5,34.6361
2024-10-24,2026-01-16,449,17.5,47.4394
2024-10-24,2027-01-15,813,17.5,67.9245
2024-10-25,2024-11-15,21,17.5,13.1438
2024-10-25,2024-12-20,56,17.5,18.3745
2024-10-25,2025-01-17,84,17.5,21.4592
2024-10-25,2025-03-21,147,17.5,27.897
2024-10-25,2025-06-20,238,17.5,32.4571
2024-10-25,2026-01-16,448,17.5,50.9657
2024-10-25,2027-01-15,812,17.5,63.0365
2024-10-28,2024-11-15,18,20.0,12.8443
2024-10-28,2024-12-20,53,20.0,18.1409
2024-10-28,2025-01-17,81,20.0,21.1864
2024-10-28,2025-03-21,144,20.0,28.2045
2024-10-28,2025-06-20,235,20.0,35.6197
2024-10-28,2026-01-16,445,20.0,48.464
2024-10-28,2027-01-15,809,20.0,64.3538
2024-10-29,2024-11-15,17,20.0,12.6382
2024-10-29,2024-12-20,52,20.0,17.7725
2024-10-29,2025-01-17,80,20.0,21.1954
2024-10-29,2025-03-21,143,20.0,27.9094
2024-10-29,2025-06-20,234,20.0,38.3096
2024-10-29,2026-01-16,444,20.0,48.4466
2024-10-29,2027-01-15,808,20.0,63.7177
2024-10-30,2024-11-15,16,17.5,11.873
2024-10-30,2024-12-20,51,17.5,17.3426
2024-10-30,2025-01-17,79,17.5,21.0779
2024-10-30,2025-03-21,142,17.5,27.0811
2024-10-30,2025-06-20,233,17.5,33.3511
2024-10-30,2026-01-16,443,17.5,46.9584
2024-10-30,2027-01-15,807,17.5,63.7673
2024-10-31,2024-11-15,15,17.5,12.0901
2024-10-31,2024-12-20,50,17.5,17.7877
2024-10-31,2025-01-17,78,17.5,21.2618
2024-10-31,2025-03-21,141,17.5,27.6543
2024-10-31,2025-06-20,232,17.5,32.935
2024-10-31,2026-01-16,442,17.5,47.8043
2024-10-31,2027-01-15,806,17.5,63.0906
2024-11-01,2024-11-15,14,17.5,12.2052
2024-11-01,2024-12-20,49,17.5,17.9649
2024-11-01,2025-01-17,77,17.5,20.9819
2024-11-01,2025-03-21,140,17.5,27.7016
2024-11-01,2025-06-20,231,17.5,35.107
2024-11-01,2026-01-16,441,17.5,47.4493
2024-11-01,2027-01-15,805,17.5,63.0828
2024-11-04,2024-11-15,11,17.5,11.9178
2024-11-04,2024-12-20,46,17.5,17.6712
2024-11-04,2025-01-17,74,17.5,20.6849
2024-11-04,2025-03-21,137,17.5,27.5342
2024-11-04,2025-06-20,228,17.5,33.1507
2024-11-04,2026-01-16,438,17.5,48.2192
2024-11-04,2027-01-15,802,17.5,67.3973
2024-11-05,2024-11-15,10,17.5,12.0903
2024-11-05,2024-12-20,45,17.5,16.9264
2024-11-05,2025-01-17,73,17.5,20.4191
2024-11-05,2025-03-21,136,17.5,26.8673
2024-11-05,2025-06-20,227,17.5,34.9275
2024-11-05,2026-01-16,437,17.5,47.2864
2024-11-05,2027-01-15,801,17.5,70.6609
2024-11-06,2024-11-15,9,20.0,9.5274
2024-11-06,2024-12-20,44,20.0,15.625
2024-11-06,2025-01-17,72,20.0,18.9278
2024-11-06,2025-03-21,135,20.0,26.5498
2024-11-06,2025-06-20,226,20.0,34.2988
2024-11-06,2026-01-16,436,20.0,47.5102
2024-11-06,2027-01-15,800,20.0,65.2947
2024-11-07,2024-11-15,8,20.0,9.3844
2024-11-07,2024-12-20,43,20.0,15.015
2024-11-07,2025-01-17,71,20.0,18.7688
2024-11-07,2025-03-21,134,20.0,26.026
2024-11-07,2025-06-20,225,20.0,29.7798
2024-11-07,2026-01-16,435,20.0,48.2983
2024-11-07,2027-01-15,799,20.0,68.5686
2024-11-08,2024-11-15,7,20.0,6.1538
2024-11-08,2024-12-20,42,20.0,13.5897
2024-11-08,2025-01-17,70,20.0,17.5641
2024-11-08,2025-03-21,133,20.0,25.2564
2024-11-08,2025-06-20,224,20.0,33.5897
2024-11-08,2026-01-16,434,20.0,46.9231
2024-11-08,2027-01-15,798,20.0,62.5641
2024-11-11,2024-11-15,4,20.0,5.512
2024-11-11,2024-12-20,39,20.0,12.7389
2024-11-11,2025-01-17,67,20.0,18.8633
2024-11-11,2025-03-21,130,20.0,24.9878
2024-11-11,2025-06-20,221,20.0,33.1945
2024-11-11,2026-01-16,431,20.0,46.3008
2024-11-11,2027-01-15,795,20.0,63.4493
2024-11-12,2024-11-15,3,20.0,4.534
2024-11-12,2024-12-20,38,20.0,13.3501
2024-11-12,2025-01-17,66,20.0,17.1285
2024-11-12,2025-03-21,129,20.0,24.8111
2024-11-12,2025-06-20,220,20.0,32.9975
2024-11-12,2026-01-16,430,20.0,47.3552
2024-11-12,2027-01-15,794,20.0,61.9647
2024-11-13,2024-11-15,2,20.0,5.6224
2024-11-13,2024-12-20,37,20.0,13.5983
2024-11-13,2025-01-17,65,20.0,17.5209
2024-11-13,2025-03-21,128,20.0,25.7584
2024-11-13,2025-06-20,219,20.0,33.4728
2024-11-13,2026-01-16,429,20.0,46.8096
2024-11-13,2027-01-15,793,20.0,62.7615
2024-11-14,2024-11-15,1,17.5,6.2197
2024-11-14,2024-12-20,36,17.5,14.0011
2024-11-14,2025-01-17,64,17.5,17.3667
2024-11-14,2025-03-21,127,17.5,25.3096
2024-11-14,2025-06-20,218,17.5,32.9833
2024-11-14,2026-01-16,428,17.5,46.3113
2024-11-14,2027-01-15,792,17.5,61.3893
2024-11-15,2024-12-20,35,17.5,13.2659
2024-11-15,2025-01-17,63,17.5,17.3687
2024-11-15,2025-03-21,126,17.5,26.2582
2024-11-15,2025-06-20,217,17.5,33.233
2024-11-15,2026-01-16,427,17.5,46.4989
2024-11-15,2027-01-15,791,17.5,59.3545
2024-11-18,2024-12-20,32,17.5,12.9428
2024-11-18,2025-01-17,60,17.5,16.7575
2024-11-18,2025-03-21,123,17.5,24.3869
2024-11-18,2025-06-20,214,17.5,32.4251
2024-11-18,2026-01-16,424,17.5,41.9619
2024-11-18,2027-01-15,788,17.5,60.7629
2024-11-19,2024-12-20,31,17.5,12.3474
2024-11-19,2025-01-17,59,17.5,16.0932
2024-11-19,2025-03-21,122,17.5,23.5849
2024-11-19,2025-06-20,213,17.5,32.0477
2024-11-19,2026-01-16,423,17.5,45.7825
2024-11-19,2027-01-15,787,17.5,63.5405
2024-11-20,2024-12-20,30,17.5,11.9309
2024-11-20,2025-01-17,58,17.5,16.045
2024-11-20,2025-03-21,121,17.5,24.8217
2024-11-20,2025-06-20,212,17.5,32.3642
2024-11-20,2026-01-16,422,17.5,45.5293
2024-11-20,2027-01-15,786,17.5,61.4372
2024-11-21,2024-12-20,29,17.5,13.2141
2024-11-21,2025-01-17,57,17.5,16.551
2024-11-21,2025-03-21,120,17.5,24.2926
2024-11-21,2025-06-20,211,17.5,33.2355
2024-11-21,2026-01-16,421,17.5,46.1826
2024-11-21,2027-01-15,785,17.5,67.2718
2024-11-22,2024-12-20,28,20.0,9.5468
2024-11-22,2025-01-17,56,20.0,15.2749
2024-11-22,2025-03-21,119,20.0,24.058
2024-11-22,2025-06-20,210,20.0,32.0774
2024-11-22,2026-01-16,420,20.0,45.3157
2024-11-22,2027-01-15,784,20.0,61.609
2024-11-25,2024-12-20,25,20.0,9.9568
2024-11-25,2025-01-17,53,20.0,12.476
2024-11-25,2025-03-21,116,20.0,23.6324
2024-11-25,2025-06-20,207,20.0,28.5509
2024-11-25,2026-01-16,417,20.0,44.6257
2024-11-25,2027-01-15,781,20.0,69.0979
2024-11-26,2024-12-20,24,20.0,10.1235
2024-11-26,2025-01-17,52,20.0,15.0617
2024-11-26,2025-03-21,115,20.0,23.4568
2024-11-26,2025-06-20,206,20.0,32.8395
2024-11-26,2026-01-16,416,20.0,44.9383
2024-11-26,2027-01-15,780,20.0,59.0123
2024-11-27,2024-12-20,23,20.0,10.5566
2024-11-27,2025-01-17,51,20.0,15.2351
2024-11-27,2025-03-21,114,20.0,22.1929
2024-11-27,2025-06-20,205,20.0,31.31
2024-11-27,2026-01-16,415,20.0,44.3858
2024-11-27,2027-01-15,779,20.0,56.6219
2024-11-29,2024-12-20,21,20.0,10.2041
2024-11-29,2025-01-17,49,20.0,15.0688
2024-11-29,2025-03-21,112,20.0,23.1372
2024-11-29,2025-06-20,203,20.0,30.8495
2024-11-29,2026-01-16,413,20.0,44.1386
2024-11-29,2027-01-15,777,20.0,57.9022
2024-12-02,2024-12-20,18,20.0,9.7309
2024-12-02,2025-01-17,46,20.0,14.5363
2024-12-02,2025-03-21,109,20.0,22.9457
2024-12-02,2025-06-20,200,20.0,31.1148
2024-12-02,2026-01-16,410,20.0,44.2095
2024-12-02,2027-01-15,774,20.0,58.3854
2024-12-03,2024-12-20,17,22.5,10.6015
2024-12-03,2025-01-17,45,22.5,15.9022
2024-12-03,2025-03-21,108,22.5,24.0156
2024-12-03,2025-06-20,199,22.5,33.1026
2024-12-03,2026-01-16,409,22.5,49.5456
2024-12-03,2027-01-15,773,22.5,62.0943
2024-12-04,2024-12-20,16,20.0,9.9385
2024-12-04,2025-01-17,44,20.0,15.1443
2024-12-04,2025-03-21,107,20.0,23.3081
2024-12-04,2025-06-20,198,20.0,30.2887
2024-12-04,2026-01-16,408,20.0,38.6891
2024-12-04,2027-01-15,772,20.0,53.9517
2024-12-05,2024-12-20,15,20.0,8.9955
2024-12-05,2025-01-17,43,20.0,14.7426
2024-12-05,2025-03-21,106,20.0,23.988
2024-12-05,2025-06-20,197,20.0,33.6082
2024-12-05,2026-01-16,407,20.0,47.7261
2024-12-05,2027-01-15,771,20.0,69.2154
2024-12-06,2024-12-20,14,20.0,8.2404
2024-12-06,2025-01-17,42,20.0,16.354
2024-12-06,2025-03-21,105,20.0,26.2424
2024-12-06,2025-06-20,196,20.0,34.1024
2024-12-06,2026-01-16,406,20.0,46.6531
2024-12-06,2027-01-15,770,20.0,68.9655
2024-12-09,2024-12-20,11,20.0,8.1628
2024-12-09,2025-01-17,39,20.0,12.1832
2024-12-09,2025-03-21,102,20.0,23.0263
2024-12-09,2025-06-20,193,20.0,37.037
2024-12-09,2026-01-16,403,20.0,46.2963
2024-12-09,2027-01-15,767,20.0,61.8908
2024-12-10,2024-12-20,10,20.0,7.6766
2024-12-10,2025-01-17,38,20.0,12.6663
2024-12-10,2025-03-21,101,20.0,23.2856
2024-12-10,2025-06-20,192,20.0,34.0328
2024-12-10,2026-01-16,402,20.0,47.0829
2024-12-10,2027-01-15,766,20.0,67.8096
2024-12-11,2024-12-20,9,20.0,7.1979
2024-12-11,2025-01-17,37,20.0,13.1105
2024-12-11,2025-03-21,100,20.0,25.4499
2024-12-11,2025-06-20,191,20.0,32.3907
2024-12-11,2026-01-16,401,20.0,46.2725
2024-12-11,2027-01-15,765,20.0,67.6093
2024-12-12,2024-12-20,8,20.0,6.6327
2024-12-12,2025-01-17,36,20.0,13.7755
2024-12-12,2025-03-21,99,20.0,22.3214
2024-12-12,2025-06-20,190,20.0,32.1429
2024-12-12,2026-01-16,400,20.0,46.1735
2024-12-12,2027-01-15,764,20.0,62.7551
2024-12-13,2024-12-20,7,20.0,6.9695
2024-12-13,2025-01-17,35,20.0,13.4228
2024-12-13,2025-03-21,98,20.0,23.2318
2024-12-13,2025-06-20,189,20.0,32.0083
2024-12-13,2026-01-16,399,20.0,46.7217
2024-12-13,2027-01-15,763,20.0,68.1466
2024-12-16,2024-12-20,4,20.0,8.116
2024-12-16,2025-01-17,32,20.0,12.9058
2024-12-16,2025-03-21,95,20.0,23.9489
2024-12-16,2025-06-20,186,20.0,38.5844
2024-12-16,2026-01-16,396,20.0,47.8978
2024-12-16,2027-01-15,760,20.0,66.5247
2024-12-17,2024-12-20,3,17.5,6.2602
2024-12-17,2025-01-17,31,17.5,11.976
2024-12-17,2025-03-21,94,17.5,22.319
2024-12-17,2025-06-20,185,17.5,31.8454
2024-12-17,2026-01-16,395,17.5,46.4072
2024-12-17,2027-01-15,759,17.5,69.1345
2024-12-18,2024-12-20,2,17.5,6.2762
2024-12-18,2025-01-17,30,17.5,13.7478
2024-12-18,2025-03-21,93,17.5,24.0586
2024-12-18,2025-06-20,184,17.5,33.9211
2024-12-18,2026-01-16,394,17.5,38.8524
2024-12-18,2027-01-15,758,17.5,75.3138
2024-12-19,2024-12-20,1,15.0,7.4166
2024-12-19,2025-01-17,29,15.0,12.979
2024-12-19,2025-03-21,92,15.0,22.8677
2024-12-19,2025-06-20,183,15.0,25.3399
2024-12-19,2026-01-16,393,15.0,45.581
2024-12-19,2027-01-15,757,15.0,57.1693
2024-12-20,2025-01-17,28,15.0,10.5745
2024-12-20,2025-02-21,63,15.0,22.7273
2024-12-20,2025-03-21,91,15.0,24.1477
2024-12-20,2025-06-20,182,15.0,34.9432
2024-12-20,2026-01-16,392,15.0,56.1869
2024-12-20,2027-01-15,756,15.0,63.447
2024-12-23,2025-01-17,25,17.5,11.9705
2024-12-23,2025-02-21,60,17.5,18.2627
2024-12-23,2025-03-21,88,17.5,19.7974
2024-12-23,2025-06-20,179,17.5,32.2284
2024-12-23,2026-01-16,389,17.5,46.9613
2024-12-23,2027-01-15,753,17.5,65.0706
2024-12-24,2025-01-17,24,17.5,11.3362
2024-12-24,2025-02-21,59,17.5,17.6844
2024-12-24,2025-03-21,87,17.5,22.2189
2024-12-24,2025-06-20,178,17.5,30.8343
2024-12-24,2026-01-16,388,17.5,41.8682
2024-12-24,2027-01-15,752,17.5,66.5054
2024-12-26,2025-01-17,22,17.5,10.2435
2024-12-26,2025-02-21,57,17.5,16.4786
2024-12-26,2025-03-21,85,17.5,21.3777
2024-12-26,2025-06-20,176,17.5,29.5428
2024-12-26,2026-01-16,386,17.5,40.8254
2024-12-26,2027-01-15,750,17.5,69.4774
2024-12-27,2025-01-17,21,17.5,11.3913
2024-12-27,2025-02-21,56,17.5,20.5043
2024-12-27,2025-03-21,84,17.5,22.4787
2024-12-27,2025-06-20,175,17.5,30.2248
2024-12-27,2026-01-16,385,17.5,47.3876
2024-12-27,2027-01-15,749,17.5,72.904
2024-12-30,2025-01-17,18,15.0,10.169
2024-12-30,2025-02-21,53,15.0,16.4268
2024-12-30,2025-03-21,81,15.0,20.4944
2024-12-30,2025-06-20,172,15.0,21.7459
2024-12-30,2026-01-16,382,15.0,48.4981
2024-12-30,2027-01-15,746,15.0,62.5782
2024-12-31,2025-01-17,17,15.0,8.6538
2024-12-31,2025-02-21,52,15.0,15.7051
2024-12-31,2025-03-21,80,15.0,21.6346
2024-12-31,2025-06-20,171,15.0,28.8462
2024-12-31,2026-01-16,381,15.0,44.0705
2024-12-31,2027-01-15,745,15.0,67.9487
2025-01-02,2025-01-17,15,17.5,10.5247
2025-01-02,2025-02-21,50,17.5,16.7785
2025-01-02,2025-03-21,78,17.5,21.3545
2025-01-02,2025-06-20,169,17.5,33.557
2025-01-02,2026-01-16,379,17.5,48.2001
2025-01-02,2027-01-15,743,17.5,64.9786
2025-01-03,2025-01-17,14,17.5,8.7912
2025-01-03,2025-02-21,49,17.5,15.6593
2025-01-03,2025-03-21,77,17.5,20.7418
2025-01-03,2025-06-20,168,17.5,32.6923
2025-01-03,2026-01-16,378,17.5,42.8571
2025-01-03,2027-01-15,742,17.5,66.2088
2025-01-06,2025-01-17,11,20.0,8.6755
2025-01-06,2025-02-21,46,20.0,16.8622
2025-01-06,2025-03-21,74,20.0,18.8172
2025-01-06,2025-06-20,165,20.0,28.5924
2025-01-06,2026-01-16,375,20.0,45.4545
2025-01-06,2027-01-15,739,20.0,66.9599
2025-01-07,2025-01-17,10,20.0,8.0175
2025-01-07,2025-02-21,45,20.0,16.2779
2025-01-07,2025-03-21,73,20.0,20.6511
2025-01-07,2025-06-20,164,20.0,29.033
2025-01-07,2026-01-16,374,20.0,52.964
2025-01-07,2027-01-15,738,20.0,64.1399
2025-01-08,2025-01-17,9,20.0,7.7399
2025-01-08,2025-02-21,44,20.0,15.3509
2025-01-08,2025-03-21,72,20.0,20.1238
2025-01-08,2025-06-20,163,20.0,30.9598
2025-01-08,2026-01-16,373,20.0,45.4076
2025-01-08,2027-01-15,737,20.0,62.9515
2025-01-10,2025-01-17,7,20.0,6.7089
2025-01-10,2025-02-21,42,20.0,15.0633
2025-01-10,2025-03-21,70,20.0,20.1266
2025-01-10,2025-06-20,161,20.0,26.7089
2025-01-10,2026-01-16,371,20.0,45.5696
2025-01-10,2027-01-15,735,20.0,63.7975
2025-01-13,2025-01-17,4,20.0,6.2724
2025-01-13,2025-02-21,39,20.0,14.2089
2025-01-13,2025-03-21,67,20.0,19.5853
2025-01-13,2025-06-20,158,20.0,27.2657
2025-01-13,2026-01-16,368,20.0,45.5709
2025-01-13,2027-01-15,732,20.0,63.7481
2025-01-14,2025-01-17,3,20.0,5.9309
2025-01-14,2025-02-21,38,20.0,14.9562
2025-01-14,2025-03-21,66,20.0,21.6607
2025-01-14,2025-06-20,157,20.0,29.2677
2025-01-14,2026-01-16,367,20.0,43.5792
2025-01-14,2027-01-15,731,20.0,64.2084
2025-01-15,2025-01-17,2,20.0,4.7307
2025-01-15,2025-02-21,37,20.0,14.7986
2025-01-15,2025-03-21,65,20.0,19.2868
2025-01-15,2025-06-20,156,20.0,28.3843
2025-01-15,2026-01-16,366,20.0,44.032
2025-01-15,2027-01-15,730,20.0,58.952
2025-01-16,2025-01-17,1,20.0,6.2589
2025-01-16,2025-02-21,36,20.0,14.171
2025-01-16,2025-03-21,64,20.0,18.6585
2025-01-16,2025-06-20,155,20.0,27.8696
2025-01-16,2025-09-19,246,20.0,36.6084
2025-01-16,2026-01-16,365,20.0,44.1663
2025-01-16,2027-01-15,729,20.0,59.9906
2025-01-17,2025-02-21,35,20.0,14.0879
2025-01-17,2025-03-21,63,20.0,18.9828
2025-01-17,2025-06-20,154,20.0,30.6829
2025-01-17,2025-09-19,245,20.0,35.2197
2025-01-17,2026-01-16,364,20.0,43.9351
2025-01-17,2027-01-15,728,20.0,60.4107
2025-01-21,2025-02-21,31,20.0,13.2966
2025-01-21,2025-03-21,59,20.0,18.0882
2025-01-21,2025-06-20,150,20.0,29.1088
2025-01-21,2025-09-19,241,20.0,35.817
2025-01-21,2026-01-16,360,20.0,48.1552
2025-01-21,2027-01-15,724,20.0,66.8424
2025-01-22,2025-02-21,30,20.0,13.2827
2025-01-22,2025-03-21,58,20.0,18.0266
2025-01-22,2025-06-20,149,20.0,29.1746
2025-01-22,2025-09-19,240,20.0,40.204
2025-01-22,2026-01-16,359,20.0,47.6755
2025-01-22,2027-01-15,723,20.0,55.6214
2025-01-23,2025-02-21,29,22.5,12.7277
2025-01-23,2025-03-21,57,22.5,16.9313
2025-01-23,2025-06-20,148,22.5,29.3087
2025-01-23,2025-09-19,239,22.5,36.6651
2025-01-23,2026-01-16,358,22.5,45.0724
2025-01-23,2027-01-15,722,22.5,62.1205
2025-01-24,2025-02-21,28,22.5,11.5902
2025-01-24,2025-03-21,56,22.5,16.8057
2025-01-24,2025-06-20,147,22.5,27.7005
2025-01-24,2025-09-19,238,22.5,32.8002
2025-01-24,2026-01-16,357,22.5,43.579
2025-01-24,2027-01-15,721,22.5,60.9643
2025-01-27,2025-02-21,25,22.5,11.0362
2025-01-27,2025-03-21,53,22.5,16.8448
2025-01-27,2025-06-20,144,22.5,28.4619
2025-01-27,2025-09-19,235,22.5,31.3662
2025-01-27,2026-01-16,354,22.5,43.6803
2025-01-27,2027-01-15,718,22.5,56.9238
2025-01-28,2025-02-21,24,20.0,11.5274
2025-01-28,2025-03-21,52,20.0,15.9702
2025-01-28,2025-06-20,143,20.0,27.7378
2025-01-28,2025-09-19,234,20.0,39.2651
2025-01-28,2026-01-16,353,20.0,47.0701
2025-01-28,2027-01-15,717,20.0,61.2392
2025-01-29,2025-02-21,23,20.0,12.089
2025-01-29,2025-03-21,51,20.0,16.6828
2025-01-29,2025-06-20,142,20.0,25.6286
2025-01-29,2025-09-19,233,20.0,35.058
2025-01-29,2026-01-16,352,20.0,45.2128
2025-01-29,2027-01-15,716,20.0,65.0387
2025-01-30,2025-02-21,22,22.5,11.2695
2025-01-30,2025-03-21,50,22.5,16.4443
2025-01-30,2025-06-20,141,22.5,27.1389
2025-01-30,2025-09-19,232,22.5,31.3937
2025-01-30,2026-01-16,351,22.5,39.9034
2025-01-30,2027-01-15,715,22.5,55.1978
2025-01-31,2025-02-21,21,22.5,11.612
2025-01-31,2025-03-21,49,22.5,16.735
2025-01-31,2025-06-20,140,22.5,27.6639
2025-01-31,2025-09-19,231,22.5,37.4545
2025-01-31,2026-01-16,350,22.5,41.0975
2025-01-31,2027-01-15,714,22.5,54.8725
2025-02-03,2025-02-21,18,22.5,12.3707
2025-02-03,2025-03-21,46,22.5,17.4314
2025-02-03,2025-06-20,137,22.5,26.5407
2025-02-03,2025-09-19,228,22.5,40.036
2025-02-03,2026-01-16,347,22.5,41.1606
2025-02-03,2027-01-15,711,22.5,56.0054
2025-02-04,2025-02-21,17,25.0,12.4642
2025-02-04,2025-03-21,45,25.0,17.9812
2025-02-04,2025-06-20,136,25.0,28.4021
2025-02-04,2025-09-19,227,25.0,35.9624
2025-02-04,2026-01-16,346,25.0,43.9313
2025-02-04,2027-01-15,710,25.0,64.1602
2025-02-05,2025-02-21,16,22.5,11.5662
2025-02-05,2025-03-21,44,22.5,16.4474
2025-02-05,2025-06-20,135,22.5,27.1647
2025-02-05,2025-09-19,226,22.5,35.2292
2025-02-05,2026-01-16,345,22.5,43.2937
2025-02-05,2027-01-15,709,22.5,58.9983
2025-02-06,2025-02-21,15,25.0,11.1987
2025-02-06,2025-03-21,43,25.0,17.0054
2025-02-06,2025-06-20,134,25.0,28.8262
2025-02-06,2025-09-19,225,25.0,33.596
2025-02-06,2026-01-16,344,25.0,40.2323
2025-02-06,2027-01-15,708,25.0,60.7632
2025-02-07,2025-02-21,14,25.0,11.4871
2025-02-07,2025-03-21,42,25.0,17.5439
2025-02-07,2025-06-20,133,25.0,28.8221
2025-02-07,2025-09-19,224,25.0,35.9231
2025-02-07,2026-01-16,343,25.0,45.3216
2025-02-07,2027-01-15,707,25.0,60.7769
2025-02-10,2025-02-21,11,25.0,10.0901
2025-02-10,2025-03-21,39,25.0,16.3597
2025-02-10,2025-06-20,130,25.0,28.0172
2025-02-10,2025-09-19,221,25.0,33.3072
2025-02-10,2026-01-16,340,25.0,39.7727
2025-02-10,2027-01-15,704,25.0,66.2226
2025-02-11,2025-02-21,10,25.0,9.923
2025-02-11,2025-03-21,38,25.0,16.4034
2025-02-11,2025-06-20,129,25.0,28.7566
2025-02-11,2025-09-19,220,25.0,32.098
2025-02-11,2026-01-16,339,25.0,41.5148
2025-02-11,2027-01-15,703,25.0,62.7785
2025-02-12,2025-02-21,9,25.0,10.6625
2025-02-12,2025-03-21,37,25.0,19.6687
2025-02-12,2025-06-20,128,25.0,29.3996
2025-02-12,2025-09-19,219,25.0,34.265
2025-02-12,2026-01-16,338,25.0,43.8923
2025-02-12,2027-01-15,702,25.0,65.0104
2025-02-13,2025-02-21,8,25.0,9.2289
2025-02-13,2025-03-21,36,25.0,15.9967
2025-02-13,2025-06-20,127,25.0,28.9171
2025-02-13,2025-09-19,218,25.0,37.5308
2025-02-13,2026-01-16,337,25.0,49.4258
2025-02-13,2027-01-15,701,25.0,59.0648
2025-02-14,2025-02-21,7,22.5,9.3803
2025-02-14,2025-03-21,35,22.5,15.5987
2025-02-14,2025-06-20,126,22.5,27.8246
2025-02-14,2025-09-19,217,22.5,38.575
2025-02-14,2026-01-16,336,22.5,40.0506
2025-02-14,2027-01-15,700,22.5,66.1889
2025-02-18,2025-02-21,3,22.5,8.6354
2025-02-18,2025-03-21,31,22.5,14.8188
2025-02-18,2025-06-20,122,22.5,27.0789
2025-02-18,2025-09-19,213,22.5,35.3945
2025-02-18,2026-01-16,332,22.5,43.4968
2025-02-18,2027-01-15,696,22.5,65.4584
2025-02-19,2025-02-21,2,22.5,7.612
2025-02-19,2025-03-21,30,22.5,14.5716
2025-02-19,2025-06-20,121,22.5,27.077
2025-02-19,2025-09-19,212,22.5,36.3201
2025-02-19,2026-01-16,331,22.5,45.672
2025-02-19,2027-01-15,695,22.5,63.7234
2025-02-20,2025-02-21,1,22.5,7.5496
2025-02-20,2025-03-21,29,22.5,14.1286
2025-02-20,2025-04-17,56,22.5,17.4072
2025-02-20,2025-06-20,120,22.5,25.8844
2025-02-20,2025-09-19,211,22.5,35.8067
2025-02-20,2026-01-16,330,22.5,46.3762
2025-02-20,2027-01-15,694,22.5,59.1027
2025-02-21,2025-03-21,28,25.0,12.5514
2025-02-21,2025-04-17,55,25.0,14.4033
2025-02-21,2025-06-20,119,25.0,25.5144
2025-02-21,2025-09-19,210,25.0,32.0988
2025-02-21,2026-01-16,329,25.0,41.9753
2025-02-21,2027-01-15,693,25.0,63.5802
2025-02-24,2025-03-21,25,25.0,11.9489
2025-02-24,2025-04-17,52,25.0,16.6873
2025-02-24,2025-06-20,116,25.0,29.2542
2025-02-24,2025-09-19,207,25.0,38.5249
2025-02-24,2026-01-16,326,25.0,43.6753
2025-02-24,2027-01-15,690,25.0,60.7746
2025-02-25,2025-03-21,24,22.5,11.4601
2025-02-25,2025-04-17,51,22.5,16.3413
2025-02-25,2025-06-20,115,22.5,26.1036
2025-02-25,2025-09-19,206,22.5,37.3514
2025-02-25,2026-01-16,325,22.5,42.0204
2025-02-25,2027-01-15,689,22.5,59.8472
2025-02-26,2025-03-21,23,25.0,12.621
2025-02-26,2025-04-17,50,25.0,17.3538
2025-02-26,2025-06-20,114,25.0,26.6092
2025-02-26,2025-09-19,205,25.0,35.3387
2025-02-26,2026-01-16,324,25.0,45.2251
2025-02-26,2027-01-15,688,25.0,66.26
2025-02-27,2025-03-21,22,22.5,11.6155
2025-02-27,2025-04-17,49,22.5,16.3043
2025-02-27,2025-06-20,113,22.5,25.0426
2025-02-27,2025-09-19,204,22.5,32.1824
2025-02-27,2026-01-16,323,22.5,43.4783
2025-02-27,2027-01-15,687,22.5,64.7911
2025-02-28,2025-03-21,21,25.0,11.8701
2025-02-28,2025-04-17,48,25.0,16.868
2025-02-28,2025-06-20,112,25.0,30.0916
2025-02-28,2025-09-19,203,25.0,37.4844
2025-02-28,2026-01-16,322,25.0,43.5235
2025-02-28,2027-01-15,686,25.0,64.5564
2025-03-03,2025-03-21,18,22.5,11.5402
2025-03-03,2025-04-17,45,22.5,15.8677
2025-03-03,2025-06-20,109,22.5,23.968
2025-03-03,2025-09-19,200,22.5,33.2889
2025-03-03,2026-01-16,319,22.5,40.8344
2025-03-03,2027-01-15,683,22.5,55.9254
2025-03-04,2025-03-21,17,22.5,11.3586
2025-03-04,2025-04-17,44,22.5,14.3653
2025-03-04,2025-06-20,108,22.5,24.1648
2025-03-04,2025-09-19,199,22.5,35.8575
2025-03-04,2026-01-16,318,22.5,43.2071
2025-03-04,2027-01-15,682,22.5,59.6882
2025-03-05,2025-03-21,16,25.0,11.3991
2025-03-05,2025-04-17,43,25.0,17.0499
2025-03-05,2025-06-20,107,25.0,26.9875
2025-03-05,2025-09-19,198,25.0,36.0483
2025-03-05,2026-01-16,317,25.0,43.4528
2025-03-05,2027-01-15,681,25.0,60.2104
2025-03-06,2025-03-21,15,25.0,11.9877
2025-03-06,2025-04-17,42,25.0,18.3402
2025-03-06,2025-06-20,106,25.0,27.459
2025-03-06,2025-09-19,197,25.0,36.4754
2025-03-06,2026-01-16,316,25.0,46.7213
2025-03-06,2027-01-15,680,25.0,57.7869
2025-03-07,2025-03-21,14,25.0,11.0088
2025-03-07,2025-04-17,41,25.0,18.0144
2025-03-07,2025-06-20,105,25.0,27.0216
2025-03-07,2025-09-19,196,25.0,36.6293
2025-03-07,2026-01-16,315,25.0,47.6381
2025-03-07,2027-01-15,679,25.0,61.6493
2025-03-10,2025-03-21,11,25.0,11.1589
2025-03-10,2025-04-17,38,25.0,18.2228
2025-03-10,2025-06-20,102,25.0,27.6413
2025-03-10,2025-09-19,193,25.0,37.2645
2025-03-10,2026-01-16,312,25.0,44.226
2025-03-10,2027-01-15,676,25.0,57.7396
2025-03-11,2025-03-21,10,25.0,10.5165
2025-03-11,2025-04-17,37,25.0,18.0133
2025-03-11,2025-06-20,101,25.0,27.5927
2025-03-11,2025-09-19,192,25.0,38.1091
2025-03-11,2026-01-16,311,25.0,43.94
2025-03-11,2027-01-15,675,25.0,62.0575
2025-03-12,2025-03-21,9,25.0,9.1413
2025-03-12,2025-04-17,36,25.0,16.742
2025-03-12,2025-06-20,100,25.0,26.9104
2025-03-12,2025-09-19,191,25.0,36.5653
2025-03-12,2026-01-16,310,25.0,42.9334
2025-03-12,2027-01-15,674,25.0,64.7083
2025-03-13,2025-03-21,8,25.0,8.5111
2025-03-13,2025-04-17,35,25.0,16.5094
2025-03-13,2025-06-20,99,25.0,26.6612
2025-03-13,2025-09-19,190,25.0,33.224
2025-03-13,2026-01-16,309,25.0,44.5037
2025-03-13,2027-01-15,673,25.0,58.8597
2025-03-14,2025-03-21,7,27.0,6.3362
2025-03-14,2025-04-17,34,27.0,15.2814
2025-03-14,2025-06-20,98,27.0,27.3015
2025-03-14,2025-09-19,189,27.0,35.4081
2025-03-14,2026-01-16,308,25.0,42.4898
2025-03-14,2027-01-15,672,25.0,54.6031
2025-03-17,2025-03-21,4,27.0,5.9948
2025-03-17,2025-04-17,31,27.0,14.4249
2025-03-17,2025-06-20,95,27.0,28.2877
2025-03-17,2025-09-19,186,27.0,35.5939
2025-03-17,2026-01-16,305,25.0,42.9
2025-03-17,2027-01-15,669,25.0,59.9475
2025-03-18,2025-03-21,3,27.0,5.4044
2025-03-18,2025-04-17,30,27.0,14.3496
2025-03-18,2025-06-20,94,27.0,25.5311
2025-03-18,2025-09-19,185,27.0,35.4081
2025-03-18,2026-01-16,304,25.0,42.8625
2025-03-18,2027-01-15,668,25.0,56.2803
2025-03-19,2025-03-21,2,27.0,4.6624
2025-03-19,2025-04-17,29,27.0,14.3603
2025-03-19,2025-06-20,93,27.0,25.3637
2025-03-19,2025-09-19,184,27.0,35.248
2025-03-19,2026-01-16,303,25.0,43.4539
2025-03-19,2027-01-15,667,25.0,60.4252
2025-03-20,2025-03-21,1,26.0,5.1429
2025-03-20,2025-04-17,28,26.0,13.8095
2025-03-20,2025-05-16,57,26.0,20.2857
2025-03-20,2025-06-20,92,26.0,23.4286
2025-03-20,2025-09-19,183,26.0,35.0476
2025-03-20,2026-01-16,302,25.0,43.0476
2025-03-20,2027-01-15,666,25.0,57.7143
2025-03-21,2025-04-17,27,26.0,13.1274
2025-03-21,2025-05-16,56,26.0,19.8842
2025-03-21,2025-06-20,91,26.0,25.8687
2025-03-21,2025-09-19,182,26.0,36.8726
2025-03-21,2026-01-16,301,25.0,42.6641
2025-03-21,2027-01-15,665,25.0,60.8108
2025-03-24,2025-04-17,24,26.0,12.0937
2025-03-24,2025-05-16,53,26.0,18.7075
2025-03-24,2025-06-20,88,26.0,20.7861
2025-03-24,2025-08-15,144,26.0,32.6909
2025-03-24,2025-09-19,179,26.0,32.8798
2025-03-24,2025-11-21,242,26.0,37.9819
2025-03-24,2026-01-16,298,25.0,42.328
2025-03-24,2027-01-15,662,25.0,54.9887
2025-03-25,2025-04-17,23,27.0,11.14
2025-03-25,2025-05-16,52,27.0,20.8875
2025-03-25,2025-06-20,87,27.0,22.3728
2025-03-25,2025-08-15,143,27.0,29.7066
2025-03-25,2025-09-19,178,27.0,32.6773
2025-03-25,2025-11-21,241,27.0,41.4036
2025-03-25,2026-01-16,297,25.0,40.8466
2025-03-25,2027-01-15,661,25.0,58.6706
2025-03-26,2025-04-17,22,26.0,11.1282
2025-03-26,2025-05-16,51,26.0,17.9394
2025-03-26,2025-06-20,86,26.0,22.6401
2025-03-26,2025-08-15,142,26.0,29.7391
2025-03-26,2025-09-19,177,26.0,33.0008
2025-03-26,2025-11-21,240,26.0,38.1811
2025-03-26,2026-01-16,296,25.0,41.4428
2025-03-26,2027-01-15,660,25.0,62.548
2025-03-27,2025-04-17,21,26.0,10.9859
2025-03-27,2025-05-16,50,26.0,16.24
2025-03-27,2025-06-20,85,26.0,22.3538
2025-03-27,2025-08-15,141,26.0,29.423
2025-03-27,2025-09-19,176,26.0,32.8621
2025-03-27,2025-11-21,239,26.0,37.6385
2025-03-27,2026-01-16,295,25.0,41.0776
2025-03-27,2027-01-15,659,25.0,60.9476
2025-03-28,2025-04-17,20,26.0,10.9742
2025-03-28,2025-05-16,49,26.0,17.0389
2025-03-28,2025-06-20,84,26.0,22.526
2025-03-28,2025-08-15,140,26.0,32.7301
2025-03-28,2025-09-19,175,26.0,32.5375
2025-03-28,2025-11-21,238,26.0,35.4255
2025-03-28,2026-01-16,294,25.0,40.8163
2025-03-28,2027-01-15,658,25.0,57.5664
2025-03-31,2025-04-17,17,24.0,11.3683
2025-03-31,2025-05-16,46,24.0,18.1278
2025-03-31,2025-06-20,81,24.0,22.7366
2025-03-31,2025-08-15,137,24.0,31.7493
2025-03-31,2025-09-19,172,24.0,33.388
2025-03-31,2025-11-21,235,24.0,34.2073
2025-03-31,2026-01-16,291,25.0,42.6055
2025-03-31,2027-01-15,655,25.0,61.8599
2025-04-01,2025-04-17,16,25.0,10.6277
2025-04-01,2025-05-16,45,25.0,17.5805
2025-04-01,2025-06-20,80,25.0,20.2622
2025-04-01,2025-08-15,136,25.0,30.3933
2025-04-01,2025-09-19,171,25.0,32.3798
2025-04-01,2025-11-21,234,25.0,37.346
2025-04-01,2026-01-16,290,25.0,41.7163
2025-04-01,2027-01-15,654,25.0,61.7799
2025-04-02,2025-04-17,15,25.0,10.1351
2025-04-02,2025-05-16,44,25.0,16.8919
2025-04-02,2025-06-20,79,25.0,20.2703
2025-04-02,2025-08-15,135,25.0,30.6041
2025-04-02,2025-09-19,170,25.0,32.194
2025-04-02,2025-11-21,233,25.0,35.3736
2025-04-02,2026-01-16,289,25.0,40.7393
2025-04-02,2027-01-15,653,25.0,59.221
2025-04-03,2025-04-17,14,25.0,10.5761
2025-04-03,2025-05-16,43,25.0,17.6269
2025-04-03,2025-06-20,78,25.0,23.8719
2025-04-03,2025-08-15,134,25.0,31.527
2025-04-03,2025-09-19,169,25.0,32.4335
2025-04-03,2025-11-21,232,25.0,41.0959
2025-04-03,2026-01-16,288,25.0,39.6857
2025-04-03,2027-01-15,652,25.0,59.6293
2025-04-04,2025-04-17,13,22.5,9.3669
2025-04-04,2025-05-16,42,23.0,21.8994
2025-04-04,2025-06-20,77,22.5,27.7537
2025-04-04,2025-08-15,133,23.0,34.0416
2025-04-04,2025-09-19,168,22.5,38.2697
2025-04-04,2025-11-21,231,23.0,46.4007
2025-04-04,2026-01-16,287,22.5,42.7147
2025-04-04,2027-01-15,651,22.5,63.7467
2025-04-07,2025-04-17,10,24.0,12.8178
2025-04-07,2025-05-16,39,24.0,19.3831
2025-04-07,2025-06-20,74,24.0,24.5936
2025-04-07,2025-08-15,130,24.0,35.5356
2025-04-07,2025-09-19,165,24.0,37.0988
2025-04-07,2025-11-21,228,24.0,41.0588
2025-04-07,2026-01-16,284,25.0,43.5598
2025-04-07,2027-01-15,648,25.0,63.5682
2025-04-08,2025-04-17,9,22.5,13.5597
2025-04-08,2025-05-16,38,22.0,21.3081
2025-04-08,2025-06-20,73,22.5,26.4357
2025-04-08,2025-08-15,129,22.0,32.361
2025-04-08,2025-09-19,164,22.5,32.247
2025-04-08,2025-11-21,227,22.0,45.351
2025-04-08,2026-01-16,283,22.5,47.402
2025-04-08,2027-01-15,647,22.5,61.7593
2025-04-09,2025-04-17,8,24.0,9.9748
2025-04-09,2025-05-16,37,24.0,17.0097
2025-04-09,2025-06-20,72,24.0,24.1495
2025-04-09,2025-08-15,128,24.0,29.1894
2025-04-09,2025-09-19,163,24.0,32.9693
2025-04-09,2025-11-21,226,24.0,41.3692
2025-04-09,2026-01-16,282,25.0,40.1092
2025-04-09,2027-01-15,646,25.0,63.6287
2025-04-10,2025-04-17,7,24.0,11.3636
2025-04-10,2025-05-16,36,24.0,18.373
2025-04-10,2025-06-20,71,24.0,22.6211
2025-04-10,2025-08-15,127,24.0,30.0552
2025-04-10,2025-09-19,162,24.0,33.1351
2025-04-10,2025-11-21,225,24.0,40.3568
2025-04-10,2026-01-16,281,22.5,42.9057
2025-04-10,2027-01-15,645,22.5,63.9337
2025-04-11,2025-04-17,6,22.5,9.2593
2025-04-11,2025-05-16,35,23.0,19.5106
2025-04-11,2025-06-20,70,22.5,21.0538
2025-04-11,2025-08-15,126,23.0,31.5256
2025-04-11,2025-09-19,161,22.5,35.9347
2025-04-11,2025-11-21,224,23.0,39.2416
2025-04-11,2026-01-16,280,22.5,44.0917
2025-04-11,2027-01-15,644,22.5,62.6102
2025-04-14,2025-04-17,3,28.0,8.88
2025-04-14,2025-05-16,32,28.0,23.0156
2025-04-14,2025-06-20,67,28.0,29.2679
2025-04-14,2025-08-15,123,28.0,32.2581
2025-04-14,2025-09-19,158,28.0,35.7013
2025-04-14,2025-11-21,221,28.0,44.7626
2025-04-14,2026-01-16,277,30.0,47.481
2025-04-14,2027-01-15,641,30.0,65.6035
2025-04-15,2025-04-17,2,25.0,5.7838
2025-04-15,2025-05-16,31,25.0,17.5509
2025-04-15,2025-06-20,66,25.0,22.7363
2025-04-15,2025-08-15,122,25.0,30.1157
2025-04-15,2025-09-19,157,25.0,34.3039
2025-04-15,2025-11-21,220,25.0,39.4894
2025-04-15,2026-01-16,276,25.0,42.2816
2025-04-15,2026-02-20,311,25.0,48.4643
2025-04-15,2026-03-20,339,25.0,48.2649
2025-04-15,2026-04-17,367,25.0,50.8576
2025-04-15,2026-05-15,395,25.0,52.2537
2025-04-15,2027-01-15,640,25.0,61.428
2025-04-16,2025-04-17,1,28.0,4.8042
2025-04-16,2025-05-16,30,28.0,19.7607
2025-04-16,2025-06-20,65,28.0,25.0181
2025-04-16,2025-08-15,121,28.0,30.0943
2025-04-16,2025-09-19,156,28.0,34.8078
2025-04-16,2025-11-21,219,28.0,43.8724
2025-04-16,2026-01-16,275,27.0,43.8724
2025-04-16,2026-02-20,310,27.0,45.1414
2025-04-16,2026-03-20,338,27.0,40.7904
2025-04-16,2026-04-17,366,27.0,48.0421
2025-04-16,2026-05-15,394,27.0,48.9485
2025-04-16,2027-01-15,639,27.0,64.1769
2025-04-17,2025-05-16,29,26.0,19.8292
2025-04-17,2025-06-20,64,26.0,25.9962
2025-04-17,2025-08-15,120,26.0,33.3966
2025-04-17,2025-09-19,155,26.0,36.6224
2025-04-17,2025-11-21,218,26.0,41.9355
2025-04-17,2025-12-19,246,26.0,39.8482
2025-04-17,2026-01-16,274,27.0,45.9203
2025-04-17,2026-02-20,309,27.0,45.5408
2025-04-17,2026-03-20,337,27.0,47.2486
2025-04-17,2026-04-17,365,27.0,51.4231
2025-04-17,2026-05-15,393,27.0,60.7211
2025-04-17,2027-01-15,638,27.0,67.3624
2025-04-21,2025-05-16,25,23.0,18.9737
2025-04-21,2025-06-20,60,22.5,26.7357
2025-04-21,2025-07-18,88,23.0,31.5869
2025-04-21,2025-08-15,116,23.0,32.3415
2025-04-21,2025-09-19,151,22.5,35.3601
2025-04-21,2025-11-21,214,23.0,42.6908
2025-04-21,2025-12-19,242,23.0,44.4157
2025-04-21,2026-01-16,270,22.5,47.003
2025-04-21,2026-02-20,305,23.0,49.8059
2025-04-21,2026-03-20,333,23.0,47.6498
2025-04-21,2026-04-17,361,23.0,50.2372
2025-04-21,2026-05-15,389,23.0,53.4713
2025-04-21,2027-01-15,634,22.5,67.486
2025-04-22,2025-05-16,24,23.0,17.5055
2025-04-22,2025-06-20,59,22.5,24.2888
2025-04-22,2025-07-18,87,23.0,28.4464
2025-04-22,2025-08-15,115,23.0,32.1663
2025-04-22,2025-09-19,150,22.5,35.6674
2025-04-22,2025-11-21,213,23.0,41.3567
2025-04-22,2025-12-19,241,23.0,43.326
2025-04-22,2026-01-16,269,22.5,42.8884
2025-04-22,2026-02-20,304,23.0,48.7965
2025-04-22,2026-03-20,332,23.0,52.2976
2025-04-22,2026-04-17,360,23.0,52.7352
2025-04-22,2026-05-15,388,23.0,57.3304
2025-04-22,2027-01-15,633,22.5,62.5821
2025-04-23,2025-05-16,23,23.0,16.055
2025-04-23,2025-06-20,58,22.5,24.6833
2025-04-23,2025-07-18,86,23.0,27.5229
2025-04-23,2025-08-15,114,23.0,31.4548
2025-04-23,2025-09-19,149,22.5,34.9498
2025-04-23,2025-11-21,212,23.0,40.8475
2025-04-23,2025-12-19,240,23.0,46.3084
2025-04-23,2026-01-16,268,22.5,46.09
2025-04-23,2026-02-20,303,23.0,49.3665
2025-04-23,2026-03-20,331,23.0,48.7112
2025-04-23,2026-04-17,359,23.0,53.5168
2025-04-23,2026-05-15,387,23.0,57.0118
2025-04-23,2027-01-15,632,22.5,63.3464
2025-04-24,2025-05-02,8,26.0,10.669
2025-04-24,2025-05-09,15,26.0,15.4748
2025-04-24,2025-05-16,22,26.0,15.2826
2025-04-24,2025-05-23,29,26.0,18.1661
2025-04-24,2025-05-30,36,26.0,19.5117
2025-04-24,2025-06-06,43,26.0,20.9535
2025-04-24,2025-06-20,57,26.0,23.0681
2025-04-24,2025-07-18,85,26.0,27.105
2025-04-24,2025-08-15,113,26.0,30.5652
2025-04-24,2025-09-19,148,26.0,34.4098
2025-04-24,2025-11-21,211,26.0,39.7924
2025-04-24,2025-12-19,239,26.0,41.7147
2025-04-24,2026-01-16,267,26.0,44.0215
2025-04-24,2026-02-20,302,27.0,47.4817
2025-04-24,2026-03-20,330,27.0,44.7905
2025-04-24,2026-04-17,358,27.0,48.2507
2025-04-24,2026-05-15,386,27.0,49.9808
2025-04-24,2027-01-15,631,27.0,62.2837
2025-04-25,2025-05-02,7,24.5,7.374
2025-04-25,2025-05-09,14,24.5,14.0311
2025-04-25,2025-05-16,21,24.5,15.6698
2025-04-25,2025-05-23,28,24.5,18.8447
2025-04-25,2025-05-30,35,24.5,18.9472
2025-04-25,2025-06-06,42,24.5,20.0737
2025-04-25,2025-06-20,56,24.0,21.7124
2025-04-25,2025-07-18,84,24.0,24.2728
2025-04-25,2025-08-15,112,24.0,29.9058
2025-04-25,2025-09-19,147,24.0,33.7976
2025-04-25,2025-11-21,210,24.0,41.1717
2025-04-25,2025-12-19,238,24.0,39.533
2025-04-25,2026-01-16,266,24.0,43.0152
2025-04-25,2026-02-20,301,25.0,42.1958
2025-04-25,2026-03-20,329,25.0,40.762
2025-04-25,2026-04-17,357,25.0,53.052
2025-04-25,2026-05-15,385,25.0,50.7989
2025-04-25,2027-01-15,630,25.0,60.0164
2025-04-28,2025-05-02,4,25.0,6.1368
2025-04-28,2025-05-09,11,25.0,12.6761
2025-04-28,2025-05-16,18,25.0,14.4869
2025-04-28,2025-05-23,25,25.0,16.1972
2025-04-28,2025-05-30,32,25.0,19.9195
2025-04-28,2025-06-06,39,25.0,17.6056
2025-04-28,2025-06-20,53,25.0,20.8249
2025-04-28,2025-07-18,81,25.0,25.3521
2025-04-28,2025-08-15,109,25.0,29.175
2025-04-28,2025-09-19,144,25.0,33.1992
2025-04-28,2025-11-21,207,25.0,37.827
2025-04-28,2025-12-19,235,25.0,41.0463
2025-04-28,2026-01-16,263,25.0,43.4608
2025-04-28,2026-02-20,298,25.0,41.8511
2025-04-28,2026-03-20,326,25.0,45.0704
2025-04-28,2026-04-17,354,25.0,49.0946
2025-04-28,2026-05-15,382,25.0,52.9175
2025-04-28,2027-01-15,627,25.0,63.5815
2025-04-29,2025-05-02,3,24.5,5.2889
2025-04-29,2025-05-09,10,24.5,12.5102
2025-04-29,2025-05-16,17,24.5,13.9341
2025-04-29,2025-05-23,24,24.5,17.6973
2025-04-29,2025-05-30,31,24.5,17.6973
2025-04-29,2025-06-06,38,24.5,18.2059
2025-04-29,2025-06-20,52,25.0,20.952
2025-04-29,2025-07-18,80,25.0,25.0203
2025-04-29,2025-08-15,108,25.0,29.4955
2025-04-29,2025-09-19,143,25.0,32.5468
2025-04-29,2025-11-21,206,25.0,39.0561
2025-04-29,2025-12-19,234,25.0,43.5313
2025-04-29,2026-01-16,262,25.0,42.7177
2025-04-29,2026-02-20,297,25.0,47.3963
2025-04-29,2026-03-20,325,25.0,47.1928
2025-04-29,2026-04-17,353,25.0,49.227
2025-04-29,2026-05-15,381,25.0,50.8544
2025-04-29,2027-01-15,626,25.0,64.6867
2025-04-30,2025-05-02,2,24.5,4.4971
2025-04-30,2025-05-09,9,24.5,11.7539
2025-04-30,2025-05-16,16,24.5,13.6958
2025-04-30,2025-05-23,23,24.5,17.3753
2025-04-30,2025-05-30,30,24.5,18.2952
2025-04-30,2025-06-06,37,24.5,19.7261
2025-04-30,2025-06-20,51,24.0,20.8504
2025-04-30,2025-07-18,79,24.0,27.3917
2025-04-30,2025-08-15,107,24.0,28.5159
2025-04-30,2025-09-19,142,24.0,33.1153
2025-04-30,2025-11-21,205,24.0,38.8389
2025-04-30,2025-12-19,233,24.0,42.9272
2025-04-30,2026-01-16,261,24.0,41.2919
2025-04-30,2026-02-20,296,25.0,46.1979
2025-04-30,2026-03-20,324,25.0,47.4244
2025-04-30,2026-04-17,352,25.0,46.6067
2025-04-30,2026-05-15,380,25.0,49.0597
2025-04-30,2027-01-15,625,25.0,62.5511
2025-05-01,2025-05-02,1,24.5,3.2868
2025-05-01,2025-05-09,8,24.5,10.8874
2025-05-01,2025-05-16,15,24.5,12.9417
2025-05-01,2025-05-23,22,24.5,14.6878
2025-05-01,2025-05-30,29,24.5,15.6122
2025-05-01,2025-06-06,36,24.5,17.1528
2025-05-01,2025-06-13,43,24.5,16.9474
2025-05-01,2025-06-20,50,24.0,20.1315
2025-05-01,2025-07-18,78,24.0,23.1101
2025-05-01,2025-08-15,106,24.0,28.7592
2025-05-01,2025-09-19,141,24.0,32.4569
2025-05-01,2025-11-21,204,24.0,39.4412
2025-05-01,2025-12-19,232,24.0,40.4684
2025-05-01,2026-01-16,260,24.0,41.9063
2025-05-01,2026-02-20,295,25.0,46.0148
2025-05-01,2026-03-20,323,25.0,46.6311
2025-05-01,2026-04-17,351,25.0,48.6853
2025-05-01,2026-05-15,379,25.0,51.9721
2025-05-01,2027-01-15,624,25.0,61.627
2025-05-02,2025-05-09,7,25.0,10.096
2025-05-02,2025-05-16,14,25.0,12.595
2025-05-02,2025-05-23,21,25.0,14.4942
2025-05-02,2025-05-30,28,25.0,15.7937
2025-05-02,2025-06-06,35,25.0,16.4934
2025-05-02,2025-06-13,42,25.0,18.8924
2025-05-02,2025-06-20,49,25.0,20.2919
2025-05-02,2025-07-18,77,25.0,24.4902
2025-05-02,2025-08-15,105,25.0,28.7885
2025-05-02,2025-09-19,140,25.0,32.7869
2025-05-02,2025-11-21,203,25.0,38.7845
2025-05-02,2025-12-19,231,25.0,40.1839
2025-05-02,2026-01-16,259,25.0,41.9832
2025-05-02,2026-02-20,294,25.0,44.1823
2025-05-02,2026-03-20,322,25.0,47.1811
2025-05-02,2026-04-17,350,25.0,49.5802
2025-05-02,2026-05-15,378,25.0,49.7801
2025-05-02,2027-01-15,623,25.0,63.5746
2025-05-05,2025-05-09,4,25.0,9.5238
2025-05-05,2025-05-16,11,25.0,11.9048
2025-05-05,2025-05-23,18,25.0,14.0873
2025-05-05,2025-05-30,25,25.0,15.7738
2025-05-05,2025-06-06,32,25.0,16.5675
2025-05-05,2025-06-13,39,25.0,18.6508
2025-05-05,2025-06-20,46,25.0,19.9405
2025-05-05,2025-07-18,74,25.0,24.504
2025-05-05,2025-08-15,102,25.0,28.9683
2025-05-05,2025-09-19,137,25.0,32.5397
2025-05-05,2025-11-21,200,25.0,38.0952
2025-05-05,2025-12-19,228,25.0,40.0794
2025-05-05,2026-01-16,256,25.0,41.6667
2025-05-05,2026-02-20,291,25.0,46.4286
2025-05-05,2026-03-20,319,25.0,47.619
2025-05-05,2026-04-17,347,25.0,47.619
2025-05-05,2026-05-15,375,25.0,49.8016
2025-05-05,2027-01-15,620,25.0,61.3095
2025-05-06,2025-05-09,3,24.5,9.2143
2025-05-06,2025-05-16,10,24.5,11.7456
2025-05-06,2025-05-23,17,24.5,13.872
2025-05-06,2025-05-30,24,24.5,15.4921
2025-05-06,2025-06-06,31,24.5,17.821
2025-05-06,2025-06-13,38,24.5,17.2134
2025-05-06,2025-06-20,45,25.0,19.4411
2025-05-06,2025-07-18,73,25.0,24.3013
2025-05-06,2025-08-15,101,25.0,28.7566
2025-05-06,2025-09-19,136,25.0,32.4018
2025-05-06,2025-11-21,199,25.0,38.0721
2025-05-06,2025-12-19,227,25.0,40.0972
2025-05-06,2026-01-16,255,25.0,41.9198
2025-05-06,2026-02-20,290,25.0,44.1474
2025-05-06,2026-03-20,318,25.0,46.5776
2025-05-06,2026-04-17,346,25.0,49.2102
2025-05-06,2026-05-15,374,25.0,50.2228
2025-05-06,2027-01-15,619,25.0,62.3734
2025-05-07,2025-05-09,2,23.5,9.1025
2025-05-07,2025-05-16,9,23.5,11.5368
2025-05-07,2025-05-23,16,23.5,13.3362
2025-05-07,2025-05-30,23,23.5,14.9238
2025-05-07,2025-06-06,30,23.5,15.8764
2025-05-07,2025-06-13,37,23.5,14.1829
2025-05-07,2025-06-20,44,24.0,19.3692
2025-05-07,2025-07-18,72,24.0,24.1321
2025-05-07,2025-08-15,100,24.0,28.1541
2025-05-07,2025-09-19,135,24.0,32.1761
2025-05-07,2025-11-21,198,24.0,37.2566
2025-05-07,2025-12-19,226,24.0,40.2202
2025-05-07,2026-01-16,254,24.0,42.5487
2025-05-07,2026-02-20,289,23.0,44.0305
2025-05-07,2026-03-20,317,23.0,45.9356
2025-05-07,2026-04-17,345,23.0,54.1914
2025-05-07,2026-05-15,373,23.0,53.9797
2025-05-07,2027-01-15,618,22.5,61.177
2025-05-08,2025-05-09,1,24.0,7.652
2025-05-08,2025-05-16,8,24.0,10.587
2025-05-08,2025-05-23,15,24.0,13.1027
2025-05-08,2025-05-30,22,24.0,14.4654
2025-05-08,2025-06-06,29,24.0,16.7715
2025-05-08,2025-06-13,36,24.0,13.7317
2025-05-08,2025-06-20,43,24.0,19.1824
2025-05-08,2025-06-27,50,24.0,16.7715
2025-05-08,2025-07-18,71,24.0,24.7379
2025-05-08,2025-08-15,99,24.0,27.8826
2025-05-08,2025-09-19,134,24.0,30.8176
2025-05-08,2025-11-21,197,24.0,37.7358
2025-05-08,2025-12-19,225,24.0,43.1866
2025-05-08,2026-01-16,253,24.0,43.6059
2025-05-08,2026-02-20,288,23.0,44.0252
2025-05-08,2026-03-20,316,23.0,45.7023
2025-05-08,2026-04-17,344,23.0,46.9602
2025-05-08,2026-05-15,372,23.0,52.6205
2025-05-08,2027-01-15,617,25.0,63.522
2025-05-09,2025-05-16,7,22.0,8.0866
2025-05-09,2025-05-23,14,22.0,10.9339
2025-05-09,2025-05-30,21,22.0,10.1367
2025-05-09,2025-06-06,28,22.0,15.1481
2025-05-09,2025-06-13,35,22.0,14.6925
2025-05-09,2025-06-20,42,22.5,17.0843
2025-05-09,2025-06-27,49,22.0,19.3622
2025-05-09,2025-07-18,70,22.0,21.754
2025-05-09,2025-08-15,98,22.0,27.3349
2025-05-09,2025-09-19,133,22.5,30.0683
2025-05-09,2025-11-21,196,22.0,36.4465
2025-05-09,2025-12-19,224,22.0,38.4966
2025-05-09,2026-01-16,252,22.5,40.5467
2025-05-09,2026-02-20,287,23.0,43.2802
2025-05-09,2026-03-20,315,23.0,45.5581
2025-05-09,2026-04-17,343,23.0,46.9248
2025-05-09,2026-05-15,371,23.0,48.9749
2025-05-09,2027-01-15,616,22.5,60.5923
2025-05-12,2025-05-16,4,21.0,5.5582
2025-05-12,2025-05-23,11,21.0,8.6329
2025-05-12,2025-05-30,18,21.0,12.5355
2025-05-12,2025-06-06,25,21.0,10.5251
2025-05-12,2025-06-13,32,21.0,13.3633
2025-05-12,2025-06-20,39,21.0,14.4276
2025-05-12,2025-06-27,46,21.0,19.0397
2025-05-12,2025-07-18,67,21.0,20.1041
2025-05-12,2025-08-15,95,21.0,25.3075
2025-05-12,2025-09-19,130,21.0,29.21
2025-05-12,2025-11-21,193,21.0,34.0587
2025-05-12,2025-12-19,221,21.0,36.4238
2025-05-12,2026-01-16,249,21.0,39.4986
2025-05-12,2026-02-20,284,20.0,40.6812
2025-05-12,2026-03-20,312,20.0,43.9924
2025-05-12,2026-04-17,340,20.0,48.9593
2025-05-12,2026-05-15,368,20.0,47.7767
2025-05-12,2027-01-15,613,20.0,57.7105
2025-05-12,2027-12-17,949,22.0,68.1173
2025-05-13,2025-05-16,3,21.0,5.7776
2025-05-13,2025-05-23,10,21.0,8.1849
2025-05-13,2025-05-30,17,21.0,9.9904
2025-05-13,2025-06-06,24,21.0,11.6755
2025-05-13,2025-06-13,31,21.0,11.6755
2025-05-13,2025-06-20,38,21.0,14.3235
2025-05-13,2025-06-27,45,21.0,16.4901
2025-05-13,2025-07-18,66,21.0,19.0178
2025-05-13,2025-08-15,94,21.0,24.9157
2025-05-13,2025-09-19,129,21.0,28.1656
2025-05-13,2025-11-21,192,21.0,34.1839
2025-05-13,2025-12-19,220,21.0,36.5912
2025-05-13,2026-01-16,248,21.0,38.2764
2025-05-13,2026-02-20,283,20.0,40.2022
2025-05-13,2026-03-20,311,20.0,42.3688
2025-05-13,2026-04-17,339,20.0,44.0539
2025-05-13,2026-05-15,367,20.0,46.2205
2025-05-13,2027-01-15,612,20.0,58.2571
2025-05-13,2027-12-17,948,20.0,69.5715
2025-05-14,2025-05-16,2,21.0,4.1509
2025-05-14,2025-05-23,9,21.0,8.1831
2025-05-14,2025-05-30,16,21.0,9.962
2025-05-14,2025-06-06,23,21.0,11.8596
2025-05-14,2025-06-13,30,21.0,13.2827
2025-05-14,2025-06-20,37,21.0,14.7059
2025-05-14,2025-06-27,44,21.0,15.8918
2025-05-14,2025-07-18,65,21.0,19.2125
2025-05-14,2025-08-15,93,21.0,24.4307
2025-05-14,2025-09-19,128,21.0,28.3444
2025-05-14,2025-11-21,191,21.0,34.1556
2025-05-14,2025-12-19,219,21.0,36.2903
2025-05-14,2026-01-16,247,21.0,37.9507
2025-05-14,2026-02-20,282,20.0,43.6433
2025-05-14,2026-03-20,310,20.0,43.8805
2025-05-14,2026-04-17,338,20.0,46.9639
2025-05-14,2026-05-15,366,20.0,46.4896
2025-05-14,2027-01-15,611,20.0,58.3491
2025-05-14,2027-12-17,947,22.0,75.4269
2025-05-15,2025-05-16,1,21.5,3.0488
2025-05-15,2025-05-23,8,21.5,7.2702
2025-05-15,2025-05-30,15,21.5,9.4981
2025-05-15,2025-06-06,22,21.5,11.4916
2025-05-15,2025-06-13,29,21.5,13.0159
2025-05-15,2025-06-20,36,21.0,14.3058
2025-05-15,2025-06-27,43,21.5,15.2439
2025-05-15,2025-07-18,64,21.0,19.2308
2025-05-15,2025-08-15,92,21.0,24.0385
2025-05-15,2025-09-19,127,21.0,28.1426
2025-05-15,2025-11-21,190,21.0,33.7711
2025-05-15,2025-12-19,218,21.0,36.5854
2025-05-15,2026-01-16,246,21.0,38.4615
2025-05-15,2026-02-20,281,20.0,42.9174
2025-05-15,2026-03-20,309,20.0,42.6829
2025-05-15,2026-04-17,337,20.0,44.3246
2025-05-15,2026-05-15,365,20.0,46.4353
2025-05-15,2027-01-15,610,22.5,60.0375
2025-05-15,2027-12-17,946,22.0,73.1707
2025-05-16,2025-05-23,7,21.5,6.3351
2025-05-16,2025-05-30,14,21.5,8.6814
2025-05-16,2025-06-06,21,21.5,10.7931
2025-05-16,2025-06-13,28,21.5,12.4355
2025-05-16,2025-06-20,35,21.0,13.726
2025-05-16,2025-06-27,42,21.5,14.8991
2025-05-16,2025-07-18,63,21.0,18.5359
2025-05-16,2025-08-15,91,21.0,23.5805
2025-05-16,2025-09-19,126,21.0,27.2173
2025-05-16,2025-11-21,189,21.0,33.787
2025-05-16,2025-12-19,217,21.0,35.664
2025-05-16,2026-01-16,245,21.0,37.7757
2025-05-16,2026-02-20,280,20.0,43.6415
2025-05-16,2026-03-20,308,20.0,41.9991
2025-05-16,2026-04-17,336,20.0,44.3454
2025-05-16,2026-05-15,364,20.0,45.9878
2025-05-16,2027-01-15,609,22.5,60.0657
2025-05-16,2027-12-17,945,22.0,74.6129
2025-05-19,2025-05-23,4,21.0,5.4118
2025-05-19,2025-05-30,11,21.0,8.2353
2025-05-19,2025-06-06,18,21.0,10.5882
2025-05-19,2025-06-13,25,21.0,12.2353
2025-05-19,2025-06-20,32,21.0,13.8824
2025-05-19,2025-07-18,60,21.0,18.4706
2025-05-19,2025-08-15,88,21.0,23.7647
2025-05-19,2025-09-19,123,21.0,27.5294
2025-05-19,2025-11-21,186,21.0,33.8824
2025-05-19,2025-12-19,214,21.0,35.7647
2025-05-19,2026-01-16,242,21.0,38.1176
2025-05-19,2026-02-20,277,20.0,40.2353
2025-05-19,2026-03-20,305,20.0,42.3529
2025-05-19,2026-04-17,333,20.0,43.5294
2025-05-19,2026-05-15,361,20.0,45.6471
2025-05-19,2027-01-15,606,20.0,58.1176
2025-05-19,2027-12-17,942,22.0,76.2353
2025-05-20,2025-05-23,3,20.5,4.6027
2025-05-20,2025-05-30,10,20.5,6.0562
2025-05-20,2025-06-06,17,20.5,10.1744
2025-05-20,2025-06-13,24,20.5,12.1124
2025-05-20,2025-06-20,31,20.5,13.5659
2025-05-20,2025-06-27,38,20.5,14.656
2025-05-20,2025-07-18,59,21.0,16.594
2025-05-20,2025-08-15,87,21.0,24.2248
2025-05-20,2025-09-19,122,21.0,27.6163
2025-05-20,2025-11-21,185,21.0,34.157
2025-05-20,2025-12-19,213,21.0,36.5795
2025-05-20,2026-01-16,241,21.0,38.2752
2025-05-20,2026-02-20,276,20.0,41.5455
2025-05-20,2026-03-20,304,20.0,45.0581
2025-05-20,2026-04-17,332,20.0,44.3314
2025-05-20,2026-05-15,360,20.0,46.2694
2025-05-20,2027-01-15,605,20.0,58.8663
2025-05-20,2027-12-17,941,20.0,76.0659
2025-05-21,2025-05-23,2,19.5,3.7179
2025-05-21,2025-05-30,9,19.5,7.4359
2025-05-21,2025-06-06,16,19.5,10.0
2025-05-21,2025-06-13,23,19.5,10.3846
2025-05-21,2025-06-20,30,19.5,13.4615
2025-05-21,2025-06-27,37,19.5,14.4872
2025-05-21,2025-07-18,58,20.0,18.3333
2025-05-21,2025-08-15,86,20.0,21.7949
2025-05-21,2025-09-19,121,20.0,28.2051
2025-05-21,2025-11-21,184,20.0,34.359
2025-05-21,2025-12-19,212,20.0,36.6667
2025-05-21,2026-01-16,240,20.0,37.9487
2025-05-21,2026-02-20,275,20.0,41.0256
2025-05-21,2026-03-20,303,20.0,47.6923
2025-05-21,2026-04-17,331,20.0,45.641
2025-05-21,2026-05-15,359,20.0,47.1795
2025-05-21,2027-01-15,604,20.0,60.2564
2025-05-21,2027-12-17,940,20.0,78.2051
2025-05-22,2025-05-23,1,20.0,3.2371
2025-05-22,2025-05-30,8,20.0,6.7231
2025-05-22,2025-06-06,15,20.0,9.3376
2025-05-22,2025-06-13,22,20.0,13.9442
2025-05-22,2025-06-20,29,20.0,13.1972
2025-05-22,2025-06-27,36,20.0,14.3177
2025-05-22,2025-07-18,57,20.0,18.3018
2025-05-22,2025-08-15,85,20.0,23.4064
2025-05-22,2025-09-19,120,20.0,27.8884
2025-05-22,2025-11-21,183,20.0,33.8645
2025-05-22,2025-12-19,211,20.0,36.1056
2025-05-22,2026-01-16,239,20.0,38.0976
2025-05-22,2026-02-20,274,20.0,40.5876
2025-05-22,2026-03-20,302,20.0,42.8287
2025-05-22,2026-04-17,330,20.0,43.5757
2025-05-22,2026-05-15,358,20.0,46.5637
2025-05-22,2027-01-15,603,20.0,58.7649
2025-05-22,2027-12-17,939,20.0,72.9582
2025-05-23,2025-05-30,7,19.5,5.5866
2025-05-23,2025-06-06,14,19.5,9.0147
2025-05-23,2025-06-13,21,19.5,12.5698
2025-05-23,2025-06-20,28,19.5,12.9507
2025-05-23,2025-06-27,35,19.5,11.935
2025-05-23,2025-07-03,41,19.5,15.2362
2025-05-23,2025-07-18,56,20.0,18.1564
2025-05-23,2025-08-15,84,20.0,23.616
2025-05-23,2025-09-19,119,20.0,27.806
2025-05-23,2025-11-21,182,20.0,34.2814
2025-05-23,2025-12-19,210,20.0,35.2971
2025-05-23,2026-01-16,238,20.0,41.6455
2025-05-23,2026-02-20,273,20.0,41.6455
2025-05-23,2026-03-20,301,20.0,43.677
2025-05-23,2026-04-17,329,20.0,44.9467
2025-05-23,2026-05-15,357,20.0,49.0096
2025-05-23,2027-01-15,602,20.0,61.4525
2025-05-23,2027-12-17,938,20.0,76.9426
2025-05-27,2025-05-30,3,19.0,4.6617
2025-05-27,2025-06-06,10,19.0,8.391
2025-05-27,2025-06-13,17,19.0,13.3191
2025-05-27,2025-06-20,24,19.0,12.3868
2025-05-27,2025-06-27,31,19.0,14.2515
2025-05-27,2025-07-03,37,19.0,15.5834
2025-05-27,2025-07-18,52,19.0,17.7144
2025-05-27,2025-08-15,80,19.0,23.3085
2025-05-27,2025-09-19,115,19.0,27.7038
2025-05-27,2025-11-21,178,19.0,34.3633
2025-05-27,2025-12-19,206,19.0,36.7608
2025-05-27,2026-01-16,234,19.0,38.6255
2025-05-27,2026-02-20,269,19.0,41.5557
2025-05-27,2026-03-20,297,18.0,43.154
2025-05-27,2026-04-17,325,18.0,44.7523
2025-05-27,2026-05-15,353,18.0,48.748
2025-05-27,2027-01-15,598,20.0,62.3335
2025-05-27,2027-12-17,934,18.0,72.7224
2025-05-28,2025-05-30,2,19.5,5.2296
2025-05-28,2025-06-06,9,19.5,8.9286
2025-05-28,2025-06-13,16,19.5,12.2449
2025-05-28,2025-06-20,23,19.5,12.6276
2025-05-28,2025-06-27,30,19.5,17.9847
2025-05-28,2025-07-03,36,19.5,16.8367
2025-05-28,2025-07-18,51,20.0,22.0663
2025-05-28,2025-08-15,79,20.0,27.551
2025-05-28,2025-09-19,114,20.0,31.1224
2025-05-28,2025-11-21,177,20.0,35.4592
2025-05-28,2025-12-19,205,20.0,37.7551
2025-05-28,2026-01-16,233,20.0,41.0714
2025-05-28,2026-02-20,268,20.0,43.3673
2025-05-28,2026-03-20,296,20.0,45.4082
2025-05-28,2026-04-17,324,20.0,44.898
2025-05-28,2026-05-15,352,20.0,47.9592
2025-05-28,2027-01-15,597,20.0,59.949
2025-05-28,2027-12-17,933,20.0,71.1735
2025-05-29,2025-05-30,1,20.0,3.5407
2025-05-29,2025-06-06,8,20.0,8.8518
2025-05-29,2025-06-13,15,20.0,12.519
2025-05-29,2025-06-20,22,20.0,15.4274
2025-05-29,2025-06-27,29,20.0,17.4507
2025-05-29,2025-07-03,35,20.0,18.3359
2025-05-29,2025-07-11,43,20.0,20.8649
2025-05-29,2025-07-18,50,20.0,22.6353
2025-05-29,2025-08-15,78,20.0,26.8083
2025-05-29,2025-09-19,113,20.0,30.349
2025-05-29,2025-11-21,176,20.0,39.2008
2025-05-29,2025-12-19,204,20.0,38.695
2025-05-29,2026-01-16,232,20.0,40.7183
2025-05-29,2026-02-20,267,20.0,42.2357
2025-05-29,2026-03-20,295,20.0,44.5119
2025-05-29,2026-04-17,323,20.0,46.5352
2025-05-29,2026-05-15,351,20.0,49.3171
2025-05-29,2027-01-15,596,20.0,60.9509
2025-05-29,2027-12-17,932,20.0,71.3202
2025-05-30,2025-06-06,7,22.0,9.9816
2025-05-30,2025-06-13,14,22.0,13.3089
2025-05-30,2025-06-20,21,22.0,15.833
2025-05-30,2025-06-27,28,22.0,22.8316
2025-05-30,2025-07-03,34,22.0,22.9463
2025-05-30,2025-07-11,42,22.0,19.5044
2025-05-30,2025-07-18,49,22.0,24.2084
2025-05-30,2025-08-15,77,22.0,27.765
2025-05-30,2025-09-19,112,22.5,31.7806
2025-05-30,2025-11-21,175,22.0,37.173
2025-05-30,2025-12-19,203,22.0,39.9266
2025-05-30,2026-01-16,231,22.5,43.3685
2025-05-30,2026-02-20,266,22.0,41.0739
2025-05-30,2026-03-20,294,23.0,46.3515
2025-05-30,2026-04-17,322,23.0,49.7935
2025-05-30,2026-05-15,350,23.0,48.1872
2025-05-30,2027-01-15,595,22.5,61.955
2025-05-30,2027-12-17,931,22.0,73.6576
2025-06-02,2025-06-06,4,20.5,8.0488
2025-06-02,2025-06-13,11,20.5,11.8293
2025-06-02,2025-06-20,18,20.5,14.5122
2025-06-02,2025-06-27,25,20.5,16.8293
2025-06-02,2025-07-03,31,20.5,18.6585
2025-06-02,2025-07-11,39,20.5,22.3171
2025-06-02,2025-07-18,46,20.0,22.0732
2025-06-02,2025-08-15,74,20.0,27.561
2025-06-02,2025-09-19,109,20.0,32.3171
2025-06-02,2025-11-21,172,20.0,38.5366
2025-06-02,2025-12-19,200,20.0,40.4878
2025-06-02,2026-01-16,228,21.0,43.4146
2025-06-02,2026-02-20,263,21.0,42.1951
2025-06-02,2026-03-20,291,20.0,46.3415
2025-06-02,2026-04-17,319,20.0,47.3171
2025-06-02,2026-05-15,347,20.0,49.5122
2025-06-02,2027-01-15,592,20.0,59.2683
2025-06-02,2027-12-17,928,20.0,74.6341
2025-06-03,2025-06-06,3,22.0,6.9318
2025-06-03,2025-06-13,10,22.0,11.1364
2025-06-03,2025-06-20,17,22.0,13.8636
2025-06-03,2025-06-27,24,22.0,16.0227
2025-06-03,2025-07-03,30,22.0,22.1591
2025-06-03,2025-07-11,38,22.0,21.0227
2025-06-03,2025-07-18,45,22.0,21.5909
2025-06-03,2025-08-15,73,22.0,27.3864
2025-06-03,2025-09-19,108,22.5,30.4545
2025-06-03,2025-11-21,171,22.0,35.4545
2025-06-03,2025-12-19,199,22.0,45.6818
2025-06-03,2026-01-16,227,22.5,45.2273
2025-06-03,2026-02-20,262,22.0,42.9545
2025-06-03,2026-03-20,290,23.0,47.7273
2025-06-03,2026-04-17,318,23.0,51.5909
2025-06-03,2026-05-15,346,23.0,49.3182
2025-06-03,2027-01-15,591,22.5,62.5
2025-06-03,2027-12-17,927,22.0,70.4545
2025-06-04,2025-06-06,2,24.5,7.323
2025-06-04,2025-06-13,9,24.5,11.8999
2025-06-04,2025-06-20,16,24.5,15.0529
2025-06-04,2025-06-27,23,24.5,15.4597
2025-06-04,2025-07-03,29,24.5,20.4435
2025-06-04,2025-07-11,37,24.5,22.2742
2025-06-04,2025-07-18,44,25.0,21.9691
2025-06-04,2025-08-15,72,25.0,29.0887
2025-06-04,2025-09-19,107,25.0,33.9707
2025-06-04,2025-11-21,170,25.0,40.6835
2025-06-04,2025-12-19,198,25.0,41.7006
2025-06-04,2026-01-16,226,25.0,43.7347
2025-06-04,2026-02-20,261,25.0,43.9382
2025-06-04,2026-03-20,289,25.0,47.5997
2025-06-04,2026-04-17,317,25.0,50.6509
2025-06-04,2026-05-15,345,25.0,49.8373
2025-06-04,2027-01-15,590,25.0,60.2116
2025-06-04,2027-12-17,926,25.0,69.9756
2025-06-05,2025-06-06,1,26.0,5.9776
2025-06-05,2025-06-13,8,26.0,11.4732
2025-06-05,2025-06-20,15,26.0,14.5584
2025-06-05,2025-06-27,22,26.0,16.9688
2025-06-05,2025-07-03,28,26.0,19.0899
2025-06-05,2025-07-11,36,26.0,20.5361
2025-06-05,2025-07-18,43,26.0,21.5966
2025-06-05,2025-07-25,50,26.0,22.5607
2025-06-05,2025-08-15,71,26.0,28.1527
2025-06-05,2025-09-19,106,26.0,32.3949
2025-06-05,2025-11-21,169,26.0,39.7223
2025-06-05,2025-12-19,197,26.0,41.0721
2025-06-05,2026-01-16,225,26.0,42.2291
2025-06-05,2026-02-20,260,26.0,46.2784
2025-06-05,2026-03-20,288,25.0,45.3143
2025-06-05,2026-04-17,316,25.0,48.5924
2025-06-05,2026-05-15,344,25.0,48.7852
2025-06-05,2027-01-15,589,25.0,59.9691
2025-06-05,2027-12-17,925,25.0,70.9603
2025-06-06,2025-06-13,7,25.5,9.144
2025-06-06,2025-06-20,14,25.5,12.4514
2025-06-06,2025-06-27,21,25.5,14.8833
2025-06-06,2025-07-03,27,25.5,16.8288
2025-06-06,2025-07-11,35,25.5,20.0389
2025-06-06,2025-07-18,42,26.0,20.3307
2025-06-06,2025-07-25,49,25.5,21.6926
2025-06-06,2025-08-15,70,26.0,27.2374
2025-06-06,2025-09-19,105,26.0,32.1012
2025-06-06,2025-11-21,168,26.0,38.1323
2025-06-06,2025-12-19,196,26.0,40.2724
2025-06-06,2026-01-16,224,26.0,41.6342
2025-06-06,2026-02-20,259,26.0,43.7743
2025-06-06,2026-03-20,287,25.0,45.1362
2025-06-06,2026-04-17,315,25.0,46.3035
2025-06-06,2026-05-15,343,25.0,48.0545
2025-06-06,2027-01-15,588,25.0,60.8949
2025-06-06,2027-12-17,924,25.0,68.2879
2025-06-09,2025-06-13,4,27.5,8.3965
2025-06-09,2025-06-20,11,28.0,12.2788
2025-06-09,2025-06-27,18,27.5,14.5359
2025-06-09,2025-07-03,24,28.0,16.3416
2025-06-09,2025-07-11,32,28.0,18.3279
2025-06-09,2025-07-18,39,28.0,19.4113
2025-06-09,2025-07-25,46,27.5,19.9531
2025-06-09,2025-08-15,67,28.0,25.0993
2025-06-09,2025-09-19,102,28.0,29.9747
2025-06-09,2025-11-21,165,28.0,36.4753
2025-06-09,2025-12-19,193,28.0,38.6421
2025-06-09,2026-01-16,221,28.0,39.9061
2025-06-09,2026-02-20,256,28.0,40.809
2025-06-09,2026-03-20,284,27.0,43.6981
2025-06-09,2026-04-17,312,27.0,44.4204
2025-06-09,2026-05-15,340,27.0,46.0455
2025-06-09,2027-01-15,585,27.0,56.5186
2025-06-09,2027-12-17,921,27.0,66.0888
2025-06-10,2025-06-13,3,27.0,7.1612
2025-06-10,2025-06-20,10,27.0,10.5582
2025-06-10,2025-06-27,17,27.0,13.1289
2025-06-10,2025-07-03,23,27.0,16.7095
2025-06-10,2025-07-11,31,27.0,15.0569
2025-06-10,2025-07-18,38,27.0,18.0867
2025-06-10,2025-07-25,45,27.0,24.1462
2025-06-10,2025-08-15,66,27.0,23.5035
2025-06-10,2025-09-19,101,27.0,28.6449
2025-06-10,2025-11-21,164,27.0,35.6225
2025-06-10,2025-12-19,192,27.0,38.3768
2025-06-10,2026-01-16,220,27.0,35.8061
2025-06-10,2026-02-20,255,27.0,40.5802
2025-06-10,2026-03-20,283,27.0,42.7837
2025-06-10,2026-04-17,311,27.0,42.7837
2025-06-10,2026-05-15,339,27.0,46.0889
2025-06-10,2027-01-15,584,27.0,55.6372
2025-06-10,2027-12-17,920,27.0,67.3889
2025-06-11,2025-06-13,2,25.5,5.6552
2025-06-11,2025-06-20,9,25.5,8.8729
2025-06-11,2025-06-27,16,25.5,11.7005
2025-06-11,2025-07-03,22,25.5,10.0429
2025-06-11,2025-07-11,30,25.5,15.0156
2025-06-11,2025-07-18,37,26.0,17.3557
2025-06-11,2025-07-25,44,25.5,21.7434
2025-06-11,2025-08-15,65,26.0,23.1084
2025-06-11,2025-09-19,100,26.0,28.2761
2025-06-11,2025-11-21,163,26.0,35.6864
2025-06-11,2025-12-19,191,26.0,37.6365
2025-06-11,2026-01-16,219,26.0,38.4165
2025-06-11,2026-02-20,254,26.0,40.9516
2025-06-11,2026-03-20,282,25.0,42.1217
2025-06-11,2026-04-17,310,25.0,43.2917
2025-06-11,2026-05-15,338,25.0,45.2418
2025-06-11,2027-01-15,583,25.0,54.7972
2025-06-11,2027-12-17,919,25.0,67.6677
2025-06-12,2025-06-13,1,29.0,10.7021
2025-06-12,2025-06-20,8,29.0,14.9829
2025-06-12,2025-06-27,15,29.0,17.637
2025-06-12,2025-07-03,21,29.0,17.637
2025-06-12,2025-07-11,29,29.0,18.9212
2025-06-12,2025-07-18,36,29.0,21.8322
2025-06-12,2025-07-25,43,29.0,21.9178
2025-06-12,2025-08-01,50,29.0,25.1712
2025-06-12,2025-08-15,64,29.0,24.8288
2025-06-12,2025-09-19,99,29.0,28.5959
2025-06-12,2025-11-21,162,29.0,37.5
2025-06-12,2025-12-19,190,29.0,37.6712
2025-06-12,2026-01-16,218,29.0,40.9247
2025-06-12,2026-02-20,253,29.0,44.3493
2025-06-12,2026-03-20,281,30.0,41.7808
2025-06-12,2026-04-17,309,30.0,44.863
2025-06-12,2026-05-15,337,30.0,46.0616
2025-06-12,2027-01-15,582,30.0,57.0205
2025-06-12,2027-12-17,918,30.0,66.6096
2025-06-13,2025-06-20,7,30.5,9.9836
2025-06-13,2025-06-27,14,30.5,15.5483
2025-06-13,2025-07-03,20,31.0,17.1849
2025-06-13,2025-07-11,28,31.0,18.9034
2025-06-13,2025-07-18,35,31.0,19.9673
2025-06-13,2025-07-25,42,31.0,20.5401
2025-06-13,2025-08-01,49,31.0,22.6678
2025-06-13,2025-08-15,63,31.0,27.0049
2025-06-13,2025-09-19,98,31.0,30.3601
2025-06-13,2025-11-21,161,31.0,37.3159
2025-06-13,2025-12-19,189,31.0,37.9705
2025-06-13,2026-01-16,217,31.0,40.0982
2025-06-13,2026-02-20,252,30.0,41.4075
2025-06-13,2026-03-20,280,30.0,45.0082
2025-06-13,2026-04-17,308,30.0,45.4992
2025-06-13,2026-05-15,336,30.0,47.1358
2025-06-13,2027-01-15,581,30.0,56.9558
2025-06-13,2027-12-17,917,30.0,62.1931
2025-06-16,2025-06-20,4,34.5,8.5859
2025-06-16,2025-06-27,11,34.5,13.1313
2025-06-16,2025-07-03,17,34.5,14.5022
2025-06-16,2025-07-11,25,35.0,17.4603
2025-06-16,2025-07-18,32,35.0,19.9134
2025-06-16,2025-07-25,39,35.0,20.9235
2025-06-16,2025-08-01,46,35.0,22.5108
2025-06-16,2025-08-15,60,35.0,26.1183
2025-06-16,2025-09-19,95,35.0,31.3131
2025-06-16,2025-11-21,158,35.0,36.6522
2025-06-16,2025-12-19,186,35.0,37.9509
2025-06-16,2026-01-16,214,35.0,39.2496
2025-06-16,2026-02-20,249,35.0,42.5685
2025-06-16,2026-03-20,277,35.0,46.3203
2025-06-16,2026-04-17,305,35.0,45.0216
2025-06-16,2026-05-15,333,35.0,44.0115
2025-06-16,2027-01-15,578,35.0,54.9784
2025-06-16,2027-12-17,914,35.0,64.2136
2025-06-17,2025-06-20,3,35.0,8.2441
2025-06-17,2025-06-27,10,35.0,12.8946
2025-06-17,2025-07-03,16,35.0,15.0085
2025-06-17,2025-07-11,24,35.0,17.4042
2025-06-17,2025-07-18,31,35.0,19.5885
2025-06-17,2025-07-25,38,35.0,21.9138
2025-06-17,2025-08-01,45,35.0,21.5614
2025-06-17,2025-08-15,59,35.0,26.9166
2025-06-17,2025-09-19,94,35.0,31.5671
2025-06-17,2025-10-17,122,35.0,34.5265
2025-06-17,2025-11-21,157,35.0,38.0496
2025-06-17,2025-12-19,185,35.0,39.4589
2025-06-17,2026-01-16,213,35.0,41.009
2025-06-17,2026-02-20,248,35.0,42.982
2025-06-17,2026-03-20,276,35.0,45.3777
2025-06-17,2026-04-17,304,35.0,46.646
2025-06-17,2026-05-15,332,35.0,47.3506
2025-06-17,2027-01-15,577,35.0,55.8061
2025-06-17,2027-12-17,913,35.0,64.9662
2025-06-18,2025-06-20,2,37.0,5.978
2025-06-18,2025-06-27,9,37.0,11.5529
2025-06-18,2025-07-03,15,37.0,13.971
2025-06-18,2025-07-11,23,37.0,15.8517
2025-06-18,2025-07-18,30,37.0,18.9414
2025-06-18,2025-07-25,37,37.0,21.4938
2025-06-18,2025-08-01,44,37.0,20.9565
2025-06-18,2025-08-15,58,37.0,25.5239
2025-06-18,2025-09-19,93,37.0,31.8377
2025-06-18,2025-10-17,121,37.0,36.0021
2025-06-18,2025-11-21,156,37.0,37.4798
2025-06-18,2025-12-19,184,37.0,37.0768
2025-06-18,2026-01-16,212,37.0,42.8533
2025-06-18,2026-02-20,247,37.0,43.6593
2025-06-18,2026-03-20,275,37.0,45.6744
2025-06-18,2026-04-17,303,37.0,45.6744
2025-06-18,2026-05-15,331,37.0,50.7791
2025-06-18,2027-01-15,576,37.0,60.317
2025-06-18,2027-12-17,912,37.0,68.6459
2025-06-20,2025-06-27,7,37.5,10.93
2025-06-20,2025-07-03,13,38.0,13.8447
2025-06-20,2025-07-11,21,38.0,14.8384
2025-06-20,2025-07-18,28,38.0,19.2104
2025-06-20,2025-07-25,35,38.0,20.469
2025-06-20,2025-08-01,42,38.0,22.7875
2025-06-20,2025-08-15,56,38.0,25.7022
2025-06-20,2025-09-19,91,38.0,31.1341
2025-06-20,2025-10-17,119,38.0,34.4462
2025-06-20,2025-11-21,154,38.0,39.8781
2025-06-20,2025-12-19,182,38.0,40.0106
2025-06-20,2026-01-16,210,38.0,42.6603
2025-06-20,2026-02-20,245,37.0,43.5877
2025-06-20,2026-03-20,273,37.0,44.7801
2025-06-20,2026-04-17,301,37.0,49.4171
2025-06-20,2026-05-15,329,37.0,47.2973
2025-06-20,2027-01-15,574,37.0,59.7509
2025-06-20,2027-12-17,910,37.0,70.7472
2025-06-23,2025-06-27,4,36.5,8.3425
2025-06-23,2025-07-03,10,37.0,11.6247
2025-06-23,2025-07-11,18,37.0,13.8129
2025-06-23,2025-07-18,25,37.0,17.1636
2025-06-23,2025-07-25,32,37.0,19.4201
2025-06-23,2025-08-01,39,37.0,24.3435
2025-06-23,2025-08-15,53,37.0,25.1641
2025-06-23,2025-09-19,88,37.0,30.361
2025-06-23,2025-10-17,116,37.0,34.6007
2025-06-23,2025-11-21,151,37.0,38.43
2025-06-23,2025-12-19,179,37.0,41.0284
2025-06-23,2026-01-16,207,37.0,44.8578
2025-06-23,2026-02-20,242,37.0,45.1313
2025-06-23,2026-03-20,270,37.0,45.5416
2025-06-23,2026-04-17,298,37.0,48.4136
2025-06-23,2026-05-15,326,37.0,50.6017
2025-06-23,2027-01-15,571,37.0,60.3118
2025-06-23,2027-12-17,907,37.0,69.4748
2025-06-24,2025-06-27,3,35.0,10.3122
2025-06-24,2025-07-03,9,35.0,12.2458
2025-06-24,2025-07-11,17,35.0,15.1103
2025-06-24,2025-07-18,24,35.0,17.1871
2025-06-24,2025-07-25,31,35.0,17.4735
2025-06-24,2025-08-01,38,35.0,22.1999
2025-06-24,2025-08-15,52,35.0,24.4915
2025-06-24,2025-09-19,87,35.0,30.0773
2025-06-24,2025-10-17,115,35.0,34.3741
2025-06-24,2025-11-21,150,35.0,38.8141
2025-06-24,2025-12-19,178,35.0,40.5328
2025-06-24,2026-01-16,206,35.0,39.1005
2025-06-24,2026-02-20,241,35.0,45.116
2025-06-24,2026-03-20,269,35.0,49.1263
2025-06-24,2026-04-17,297,35.0,48.5534
2025-06-24,2026-05-15,325,35.0,50.7018
2025-06-24,2027-01-15,570,35.0,65.0243
2025-06-24,2027-12-17,906,35.0,70.8966
2025-06-25,2025-06-27,2,35.5,6.0028
2025-06-25,2025-07-03,8,35.5,9.887
2025-06-25,2025-07-11,16,35.0,14.2655
2025-06-25,2025-07-18,23,35.0,15.678
2025-06-25,2025-07-25,30,35.0,18.7147
2025-06-25,2025-08-01,37,35.0,22.3164
2025-06-25,2025-08-15,51,35.0,23.5876
2025-06-25,2025-09-19,86,35.0,29.3785
2025-06-25,2025-10-17,114,35.0,33.0508
2025-06-25,2025-11-21,149,35.0,37.9943
2025-06-25,2025-12-19,177,35.0,37.9943
2025-06-25,2026-01-16,205,35.0,41.6667
2025-06-25,2026-02-20,240,35.0,47.3164
2025-06-25,2026-03-20,268,35.0,47.4576
2025-06-25,2026-04-17,296,35.0,46.7514
2025-06-25,2026-05-15,324,35.0,50.565
2025-06-25,2027-01-15,569,35.0,60.452
2025-06-25,2027-12-17,905,35.0,70.7627
2025-06-26,2025-06-27,1,36.0,4.3068
2025-06-26,2025-07-03,7,36.0,8.544
2025-06-26,2025-07-11,15,36.0,11.6004
2025-06-26,2025-07-18,22,36.0,15.2126
2025-06-26,2025-07-25,29,36.0,20.3529
2025-06-26,2025-08-01,36,36.0,19.3804
2025-06-26,2025-08-08,43,36.0,23.3398
2025-06-26,2025-08-15,50,36.0,23.062
2025-06-26,2025-09-19,85,36.0,29.1748
2025-06-26,2025-10-17,113,36.0,31.2587
2025-06-26,2025-11-21,148,36.0,37.3715
2025-06-26,2025-12-19,176,36.0,39.7333
2025-06-26,2026-01-16,204,36.0,41.4004
2025-06-26,2026-02-20,239,35.0,42.9286
2025-06-26,2026-03-20,267,35.0,44.5957
2025-06-26,2026-04-17,295,35.0,47.2353
2025-06-26,2026-05-15,323,35.0,48.2078
2025-06-26,2027-01-15,568,35.0,61.6838
2025-06-26,2027-12-17,904,35.0,70.0194
2025-06-27,2025-07-03,6,33.0,7.6748
2025-06-27,2025-07-11,14,33.0,11.7021
2025-06-27,2025-07-18,21,33.0,15.7295
2025-06-27,2025-07-25,28,33.0,19.3009
2025-06-27,2025-08-01,35,33.0,18.921
2025-06-27,2025-08-08,42,33.0,18.2371
2025-06-27,2025-08-15,49,33.0,22.9483
2025-06-27,2025-09-19,84,33.0,29.0274
2025-06-27,2025-10-17,112,33.0,34.1945
2025-06-27,2025-11-21,147,33.0,36.9301
2025-06-27,2025-12-19,175,33.0,37.8419
2025-06-27,2026-01-16,203,33.0,41.4894
2025-06-27,2026-02-20,238,32.0,45.2888
2025-06-27,2026-03-20,266,32.0,44.5289
2025-06-27,2026-04-17,294,32.0,47.2644
2025-06-27,2026-05-15,322,32.0,49.696
2025-06-27,2027-01-15,567,32.0,61.0942
2025-06-27,2027-12-17,903,32.0,71.7325
2025-06-30,2025-07-03,3,33.5,6.1617
2025-06-30,2025-07-11,11,33.5,9.7686
2025-06-30,2025-07-18,18,33.5,13.0748
2025-06-30,2025-07-25,25,33.0,15.7048
2025-06-30,2025-08-01,32,33.0,17.884
2025-06-30,2025-08-08,39,33.5,17.5834
2025-06-30,2025-08-15,46,33.0,22.092
2025-06-30,2025-09-19,81,33.0,28.404
2025-06-30,2025-10-17,109,33.0,32.0108
2025-06-30,2025-11-21,144,33.0,36.0685
2025-06-30,2025-12-19,172,33.0,38.3228
2025-06-30,2026-01-16,200,33.0,39.976
2025-06-30,2026-02-20,235,33.0,43.4325
2025-06-30,2026-03-20,263,33.0,44.3342
2025-06-30,2026-04-17,291,32.0,44.1839
2025-06-30,2026-05-15,319,32.0,47.3399
2025-06-30,2027-01-15,564,32.0,59.8136
2025-06-30,2027-12-17,900,32.0,69.2816
2025-07-01,2025-07-03,2,31.5,4.1283
2025-07-01,2025-07-11,10,31.0,9.5268
2025-07-01,2025-07-18,17,31.0,12.2261
2025-07-01,2025-07-25,24,31.0,14.449
2025-07-01,2025-08-01,31,31.0,19.1331
2025-07-01,2025-08-08,38,31.5,19.53
2025-07-01,2025-08-15,45,31.0,21.1178
2025-07-01,2025-09-19,80,31.0,27.1515
2025-07-01,2025-10-17,108,31.0,30.9622
2025-07-01,2025-11-21,143,31.0,35.5668
2025-07-01,2025-12-19,171,31.0,38.2661
2025-07-01,2026-01-16,199,31.0,40.6478
2025-07-01,2026-02-20,234,31.0,42.0769
2025-07-01,2026-03-20,262,31.0,44.7761
2025-07-01,2026-04-17,290,32.0,47.3166
2025-07-01,2026-05-15,318,32.0,49.5395
2025-07-01,2027-01-15,563,32.0,60.3366
2025-07-01,2027-12-17,899,32.0,69.3871
2025-07-02,2025-07-03,1,32.5,3.7071
2025-07-02,2025-07-11,9,32.5,8.8044
2025-07-02,2025-07-18,16,32.5,11.8165
2025-07-02,2025-07-25,23,32.0,14.0562
2025-07-02,2025-08-01,30,32.0,17.9951
2025-07-02,2025-08-08,37,32.5,21.1616
2025-07-02,2025-08-15,44,32.0,20.8526
2025-07-02,2025-09-19,79,32.0,27.1857
2025-07-02,2025-10-17,107,32.0,30.8928
2025-07-02,2025-11-21,142,32.0,34.7544
2025-07-02,2025-12-19,170,32.0,37.9981
2025-07-02,2026-01-16,198,32.0,39.8517
2025-07-02,2026-02-20,233,32.0,42.1687
2025-07-02,2026-03-20,261,32.0,42.6321
2025-07-02,2026-04-17,289,32.0,46.6481
2025-07-02,2026-05-15,317,32.0,46.4937
2025-07-02,2027-01-15,562,32.0,59.4686
2025-07-02,2027-12-17,898,32.0,69.9722
2025-07-03,2025-07-11,8,32.0,8.3229
2025-07-03,2025-07-18,15,32.0,11.9347
2025-07-03,2025-07-25,22,32.0,14.4472
2025-07-03,2025-08-01,29,32.0,17.2739
2025-07-03,2025-08-08,36,32.0,19.3153
2025-07-03,2025-08-15,43,32.0,20.8857
2025-07-03,2025-08-22,50,32.0,22.9271
2025-07-03,2025-09-19,78,32.0,27.1671
2025-07-03,2025-10-17,106,32.0,31.407
2025-07-03,2025-11-21,141,32.0,36.2751
2025-07-03,2025-12-19,169,32.0,38.7877
2025-07-03,2026-01-16,197,32.0,40.8291
2025-07-03,2026-02-20,232,32.0,43.1847
2025-07-03,2026-03-20,260,32.0,45.5402
2025-07-03,2026-04-17,288,32.0,46.9535
2025-07-03,2026-05-15,316,32.0,51.8216
2025-07-03,2027-01-15,561,32.0,60.1445
2025-07-03,2027-12-17,897,32.0,71.294
2025-07-07,2025-07-11,4,31.0,7.81
2025-07-07,2025-07-18,11,31.0,11.2721
2025-07-07,2025-07-25,18,31.0,13.7681
2025-07-07,2025-08-01,25,31.0,15.1369
2025-07-07,2025-08-08,32,31.0,16.5862
2025-07-07,2025-08-15,39,31.0,20.6119
2025-07-07,2025-08-22,46,31.0,22.5443
2025-07-07,2025-09-19,74,31.0,26.8921
2025-07-07,2025-10-17,102,31.0,31.0789
2025-07-07,2025-11-21,137,31.0,35.2657
2025-07-07,2025-12-19,165,31.0,35.2657
2025-07-07,2026-01-16,193,31.0,40.2576
2025-07-07,2026-02-20,228,31.0,42.9952
2025-07-07,2026-03-20,256,31.0,45.0886
2025-07-07,2026-04-17,284,32.0,47.8261
2025-07-07,2026-05-15,312,32.0,49.5974
2025-07-07,2027-01-15,557,32.0,60.8696
2025-07-07,2027-12-17,893,32.0,72.3027
2025-07-08,2025-07-11,3,31.0,6.0917
2025-07-08,2025-07-18,10,31.0,10.42
2025-07-08,2025-07-25,17,31.0,13.1452
2025-07-08,2025-08-01,24,31.0,16.5919
2025-07-08,2025-08-08,31,31.0,18.3552
2025-07-08,2025-08-15,38,31.0,20.4392
2025-07-08,2025-08-22,45,31.0,22.1225
2025-07-08,2025-09-19,73,31.0,26.6111
2025-07-08,2025-10-17,101,31.0,30.7791
2025-07-08,2025-11-21,136,31.0,35.2677
2025-07-08,2025-12-19,164,31.0,38.1533
2025-07-08,2026-01-16,192,31.0,40.2373
2025-07-08,2026-02-20,227,31.0,43.6037
2025-07-08,2026-03-20,255,31.0,45.0465
2025-07-08,2026-04-17,283,32.0,47.932
2025-07-08,2026-05-15,311,32.0,52.2603
2025-07-08,2027-01-15,556,32.0,60.436
2025-07-08,2027-12-17,892,32.0,73.2607
2025-07-09,2025-07-11,2,30.0,4.8285
2025-07-09,2025-07-18,9,30.0,9.657
2025-07-09,2025-07-25,16,30.0,12.2378
2025-07-09,2025-08-01,23,30.0,14.9018
2025-07-09,2025-08-08,30,30.0,18.4815
2025-07-09,2025-08-15,37,30.0,19.3973
2025-07-09,2025-08-22,44,30.0,21.0623
2025-07-09,2025-09-19,72,30.0,25.641
2025-07-09,2025-10-17,100,30.0,29.8035
2025-07-09,2025-11-21,135,30.0,34.299
2025-07-09,2025-12-19,163,30.0,37.296
2025-07-09,2026-01-16,191,30.0,39.294
2025-07-09,2026-02-20,226,30.0,41.7915
2025-07-09,2026-03-20,254,30.0,44.289
2025-07-09,2026-04-17,282,30.0,46.1205
2025-07-09,2026-05-15,310,30.0,48.285
2025-07-09,2027-01-15,555,30.0,59.1076
2025-07-09,2027-12-17,891,30.0,70.2631
2025-07-10,2025-07-11,1,45.0,6.4117
2025-07-10,2025-07-18,8,45.0,12.6575
2025-07-10,2025-07-25,15,45.0,14.4815
2025-07-10,2025-08-01,22,45.0,17.1346
2025-07-10,2025-08-08,29,45.0,18.5717
2025-07-10,2025-08-15,36,45.0,19.7878
2025-07-10,2025-08-22,43,45.0,21.7776
2025-07-10,2025-08-29,50,45.0,22.1645
2025-07-10,2025-09-19,71,45.0,25.6467
2025-07-10,2025-10-17,99,45.0,29.0736
2025-07-10,2025-11-21,134,45.0,33.2744
2025-07-10,2025-12-19,162,45.0,35.8169
2025-07-10,2026-01-16,190,45.0,37.3646
2025-07-10,2026-02-20,225,45.0,40.5704
2025-07-10,2026-03-20,253,45.0,43.2235
2025-07-10,2026-04-17,281,45.0,43.8868
2025-07-10,2026-05-15,309,45.0,46.9821
2025-07-10,2027-01-15,554,45.0,58.4789
2025-07-10,2027-12-17,890,45.0,69.2019
2025-07-11,2025-07-18,7,45.0,9.5323
2025-07-11,2025-07-25,14,45.0,11.8045
2025-07-11,2025-08-01,21,45.0,13.6888
2025-07-11,2025-08-08,28,45.0,16.0718
2025-07-11,2025-08-15,35,45.0,17.5127
2025-07-11,2025-08-22,42,45.0,17.7898
2025-07-11,2025-08-29,49,45.0,19.8404
2025-07-11,2025-09-19,70,45.0,23.4981
2025-07-11,2025-10-17,98,45.0,27.1558
2025-07-11,2025-11-21,133,45.0,31.922
2025-07-11,2025-12-19,161,45.0,34.693
2025-07-11,2026-01-16,189,45.0,36.3556
2025-07-11,2026-02-20,224,45.0,39.4591
2025-07-11,2026-03-20,252,45.0,42.6735
2025-07-11,2026-04-17,280,45.0,43.3385
2025-07-11,2026-05-15,308,45.0,45.5553
2025-07-11,2027-01-15,553,45.0,56.196
2025-07-11,2027-12-17,889,45.0,67.1691
2025-07-14,2025-07-18,4,49.0,7.1105
2025-07-14,2025-07-25,11,49.0,9.8928
2025-07-14,2025-08-01,18,49.0,12.5206
2025-07-14,2025-08-08,25,49.0,14.9423
2025-07-14,2025-08-15,32,49.0,17.1063
2025-07-14,2025-08-22,39,49.0,18.6521
2025-07-14,2025-08-29,46,49.0,20.8162
2025-07-14,2025-09-19,67,49.0,22.8772
2025-07-14,2025-10-17,95,49.0,25.5565
2025-07-14,2025-11-21,130,49.0,29.8846
2025-07-14,2025-12-19,158,49.0,33.5944
2025-07-14,2026-01-16,186,49.0,35.3462
2025-07-14,2026-02-20,221,49.0,38.2317
2025-07-14,2026-03-20,249,49.0,42.7659
2025-07-14,2026-04-17,277,50.0,45.136
2025-07-14,2026-05-15,305,50.0,48.2275
2025-07-14,2027-01-15,550,50.0,55.6472
2025-07-14,2027-12-17,886,50.0,68.4254
2025-07-15,2025-07-18,3,58.0,6.8276
2025-07-15,2025-07-25,10,58.0,10.4346
2025-07-15,2025-08-01,17,58.0,13.4833
2025-07-15,2025-08-08,24,58.0,16.8327
2025-07-15,2025-08-15,31,60.0,19.5809
2025-07-15,2025-08-22,38,58.0,20.2679
2025-07-15,2025-08-29,45,58.0,21.8997
2025-07-15,2025-09-19,66,60.0,25.8502
2025-07-15,2025-10-17,94,60.0,29.629
2025-07-15,2025-11-21,129,60.0,34.4383
2025-07-15,2025-12-19,157,60.0,37.1007
2025-07-15,2026-01-16,185,60.0,39.5053
2025-07-15,2026-02-20,220,60.0,42.5112
2025-07-15,2026-03-20,248,60.0,44.7441
2025-07-15,2026-04-17,276,60.0,46.5476
2025-07-15,2026-05-15,304,60.0,49.0381
2025-07-15,2027-01-15,549,60.0,60.1168
2025-07-15,2027-12-17,885,60.0,70.5084
2025-07-16,2025-07-18,2,59.0,5.2092
2025-07-16,2025-07-25,9,59.0,9.7353
2025-07-16,2025-08-01,16,59.0,13.0658
2025-07-16,2025-08-08,23,59.0,16.7378
2025-07-16,2025-08-15,30,60.0,18.8728
2025-07-16,2025-08-22,37,59.0,20.6661
2025-07-16,2025-08-29,44,59.0,20.9223
2025-07-16,2025-09-19,65,60.0,25.8753
2025-07-16,2025-10-17,93,60.0,29.6328
2025-07-16,2025-11-21,128,60.0,33.988
2025-07-16,2025-12-19,156,60.0,36.123
2025-07-16,2026-01-16,184,60.0,39.1119
2025-07-16,2026-02-20,219,60.0,42.4424
2025-07-16,2026-03-20,247,60.0,43.5525
2025-07-16,2026-04-17,275,60.0,47.1392
2025-07-16,2026-05-15,303,60.0,47.4808
2025-07-16,2027-01-15,548,60.0,60.3757
2025-07-16,2027-12-17,884,60.0,69.0863
2025-07-17,2025-07-18,1,60.0,3.9827
2025-07-17,2025-07-25,8,60.0,9.3346
2025-07-17,2025-08-01,15,60.0,12.778
2025-07-17,2025-08-08,22,60.0,16.8437
2025-07-17,2025-08-15,29,60.0,18.7521
2025-07-17,2025-08-22,36,60.0,19.8307
2025-07-17,2025-08-29,43,60.0,21.7391
2025-07-17,2025-09-19,64,60.0,25.5559
2025-07-17,2025-10-17,92,60.0,29.6216
2025-07-17,2025-11-21,127,60.0,34.3511
2025-07-17,2025-12-19,155,60.0,36.7574
2025-07-17,2026-01-16,183,60.0,38.9147
2025-07-17,2026-02-20,218,60.0,40.8231
2025-07-17,2026-03-20,246,60.0,44.4739
2025-07-17,2026-04-17,274,60.0,45.8845
2025-07-17,2026-05-15,302,60.0,48.1248
2025-07-17,2027-01-15,547,60.0,58.4135
2025-07-17,2027-12-17,883,60.0,68.9512
2025-07-18,2025-07-25,7,63.0,9.0161
2025-07-18,2025-08-01,14,63.0,12.6542
2025-07-18,2025-08-08,21,63.0,16.6087
2025-07-18,2025-08-15,28,65.0,19.4559
2025-07-18,2025-08-22,35,63.0,20.484
2025-07-18,2025-08-29,42,63.0,23.3312
2025-07-18,2025-09-19,63,65.0,26.732
2025-07-18,2025-10-17,91,65.0,31.0819
2025-07-18,2025-11-21,126,65.0,36.0645
2025-07-18,2025-12-19,154,65.0,38.5954
2025-07-18,2026-01-16,182,65.0,40.889
2025-07-18,2026-02-20,217,65.0,43.4989
2025-07-18,2026-03-20,245,65.0,45.3179
2025-07-18,2026-04-17,273,65.0,46.6624
2025-07-18,2026-05-15,301,65.0,49.6678
2025-07-18,2027-01-15,546,65.0,60.1866
2025-07-18,2027-12-17,882,65.0,69.44
2025-07-21,2025-07-25,4,59.0,7.2869
2025-07-21,2025-08-01,11,59.0,11.5235
2025-07-21,2025-08-08,18,59.0,15.0822
2025-07-21,2025-08-15,25,59.0,17.8783
2025-07-21,2025-08-22,32,59.0,18.3867
2025-07-21,2025-08-29,39,59.0,20.6745
2025-07-21,2025-09-19,60,60.0,24.911
2025-07-21,2025-10-17,88,60.0,29.4018
2025-07-21,2025-11-21,123,60.0,34.1468
2025-07-21,2025-12-19,151,60.0,37.1124
2025-07-21,2026-01-16,179,60.0,39.4848
2025-07-21,2026-02-20,214,60.0,41.0947
2025-07-21,2026-03-20,242,60.0,45.5008
2025-07-21,2026-04-17,270,60.0,45.8397
2025-07-21,2026-05-15,298,60.0,48.2122
2025-07-21,2027-01-15,543,60.0,57.6174
2025-07-21,2027-12-17,879,60.0,68.8866
2025-07-22,2025-07-25,3,60.0,6.3665
2025-07-22,2025-08-01,10,60.0,10.3612
2025-07-22,2025-08-08,17,60.0,14.6471
2025-07-22,2025-08-15,24,60.0,16.6445
2025-07-22,2025-08-22,31,60.0,18.3089
2025-07-22,2025-08-29,38,60.0,20.7224
2025-07-22,2025-09-19,59,60.0,23.8848
2025-07-22,2025-10-17,87,60.0,28.462
2025-07-22,2025-11-21,122,60.0,33.4554
2025-07-22,2025-12-19,150,60.0,36.2017
2025-07-22,2026-01-16,178,60.0,39.1145
2025-07-22,2026-02-20,213,60.0,40.1132
2025-07-22,2026-03-20,241,60.0,43.6085
2025-07-22,2026-04-17,269,60.0,44.9401
2025-07-22,2026-05-15,297,60.0,46.4381
2025-07-22,2027-01-15,542,60.0,59.8369
2025-07-22,2027-12-17,878,60.0,69.4075
2025-07-23,2025-07-25,2,61.0,5.0294
2025-07-23,2025-08-01,9,61.0,9.4455
2025-07-23,2025-08-08,16,61.0,14.2296
2025-07-23,2025-08-15,23,61.0,16.1923
2025-07-23,2025-08-22,30,61.0,17.9915
2025-07-23,2025-08-29,37,61.0,19.5453
2025-07-23,2025-09-19,58,60.0,23.2254
2025-07-23,2025-10-17,86,60.0,27.8868
2025-07-23,2025-11-21,121,60.0,33.366
2025-07-23,2025-12-19,149,60.0,36.2283
2025-07-23,2026-01-16,177,60.0,38.5182
2025-07-23,2026-02-20,212,60.0,41.0533
2025-07-23,2026-03-20,240,60.0,43.5067
2025-07-23,2026-04-17,268,60.0,45.0605
2025-07-23,2026-05-15,296,60.0,47.105
2025-07-23,2027-01-15,541,60.0,58.3906
2025-07-23,2027-12-17,877,60.0,67.9588
2025-07-24,2025-07-25,1,62.0,3.3707
2025-07-24,2025-08-01,8,62.0,8.6095
2025-07-24,2025-08-08,15,62.0,13.4828
2025-07-24,2025-08-15,22,62.0,15.6758
2025-07-24,2025-08-22,29,62.0,17.6251
2025-07-24,2025-08-29,36,62.0,19.8993
2025-07-24,2025-09-05,43,62.0,20.6303
2025-07-24,2025-09-19,57,60.0,22.9857
2025-07-24,2025-10-17,85,60.0,27.6966
2025-07-24,2025-11-21,120,60.0,33.0572
2025-07-24,2025-12-19,148,60.0,35.8999
2025-07-24,2026-01-16,176,60.0,38.499
2025-07-24,2026-02-20,211,60.0,41.0981
2025-07-24,2026-03-20,239,60.0,43.2099
2025-07-24,2026-04-17,267,60.0,44.9155
2025-07-24,2026-05-15,295,60.0,47.0273
2025-07-24,2027-01-15,540,60.0,57.5861
2025-07-24,2027-12-17,876,60.0,67.3327
2025-07-25,2025-08-01,7,62.0,7.2084
2025-07-25,2025-08-08,14,62.0,12.4034
2025-07-25,2025-08-15,21,62.0,14.6585
2025-07-25,2025-08-22,28,62.0,16.7526
2025-07-25,2025-08-29,35,62.0,19.0077
2025-07-25,2025-09-05,42,62.0,19.491
2025-07-25,2025-09-19,56,60.0,22.1488
2025-07-25,2025-10-17,84,60.0,26.9813
2025-07-25,2025-11-21,119,60.0,32.5387
2025-07-25,2025-12-19,147,60.0,35.5187
2025-07-25,2026-01-16,175,60.0,38.1765
2025-07-25,2026-02-20,210,60.0,40.9149
2025-07-25,2026-03-20,238,60.0,43.0896
2025-07-25,2026-04-17,266,60.0,44.942
2025-07-25,2026-05-15,294,60.0,46.9555
2025-07-25,2027-01-15,539,60.0,58.3924
2025-07-25,2027-12-17,875,60.0,69.8293
2025-07-28,2025-08-01,4,64.0,6.3563
2025-07-28,2025-08-08,11,64.0,11.2307
2025-07-28,2025-08-15,18,64.0,13.4924
2025-07-28,2025-08-22,25,64.0,14.8183
2025-07-28,2025-08-29,32,64.0,16.924
2025-07-28,2025-09-05,39,64.0,18.0159
2025-07-28,2025-09-19,53,65.0,21.9934
2025-07-28,2025-10-17,81,65.0,26.8289
2025-07-28,2025-11-21,116,65.0,30.8844
2025-07-28,2025-12-19,144,65.0,34.394
2025-07-28,2026-01-16,172,65.0,37.9036
2025-07-28,2026-02-20,207,65.0,41.5692
2025-07-28,2026-03-20,235,65.0,42.739
2025-07-28,2026-04-17,263,65.0,44.5328
2025-07-28,2026-05-15,291,65.0,47.1065
2025-07-28,2027-01-15,536,65.0,60.521
2025-07-28,2027-12-17,872,65.0,70.4258
2025-07-29,2025-08-01,3,60.0,5.3518
2025-07-29,2025-08-08,10,60.0,11.077
2025-07-29,2025-08-15,17,60.0,13.0269
2025-07-29,2025-08-22,24,60.0,14.8523
2025-07-29,2025-08-29,31,60.0,16.0969
2025-07-29,2025-09-05,38,60.0,19.6648
2025-07-29,2025-09-19,52,60.0,21.3243
2025-07-29,2025-10-17,80,60.0,26.2197
2025-07-29,2025-11-21,115,60.0,31.9449
2025-07-29,2025-12-19,143,60.0,35.0979
2025-07-29,2026-01-16,171,60.0,36.3425
2025-07-29,2026-02-20,206,60.0,40.4912
2025-07-29,2026-03-20,234,60.0,41.6528
2025-07-29,2026-04-17,262,60.0,44.1421
2025-07-29,2026-05-15,290,60.0,47.7099
2025-07-29,2027-01-15,535,60.0,59.7411
2025-07-29,2027-12-17,871,60.0,70.3618
2025-07-30,2025-08-01,2,61.0,4.6015
2025-07-30,2025-08-08,9,61.0,10.3533
2025-07-30,2025-08-15,16,61.0,12.8184
2025-07-30,2025-08-22,23,61.0,15.1191
2025-07-30,2025-08-29,30,61.0,17.4199
2025-07-30,2025-09-05,37,61.0,18.0772
2025-07-30,2025-09-19,51,60.0,21.0353
2025-07-30,2025-10-17,79,60.0,25.8012
2025-07-30,2025-11-21,114,60.0,31.1422
2025-07-30,2025-12-19,142,60.0,34.5933
2025-07-30,2026-01-16,170,60.0,37.1405
2025-07-30,2026-02-20,205,60.0,40.0986
2025-07-30,2026-03-20,233,60.0,42.6459
2025-07-30,2026-04-17,261,60.0,44.5357
2025-07-30,2026-05-15,289,60.0,47.1652
2025-07-30,2027-01-15,534,60.0,58.0115
2025-07-30,2027-12-17,870,60.0,68.7757
2025-07-31,2025-08-01,1,62.0,3.5366
2025-07-31,2025-08-08,8,62.0,10.0407
2025-07-31,2025-08-15,15,62.0,12.6829
2025-07-31,2025-08-22,22,62.0,14.5528
2025-07-31,2025-08-29,29,62.0,16.748
2025-07-31,2025-09-05,36,62.0,18.1301
2025-07-31,2025-09-12,43,62.0,18.9431
2025-07-31,2025-09-19,50,60.0,20.7317
2025-07-31,2025-10-17,78,60.0,25.6911
2025-07-31,2025-11-21,113,60.0,31.4634
2025-07-31,2025-12-19,141,60.0,34.3089
2025-07-31,2026-01-16,169,60.0,36.9919
2025-07-31,2026-02-20,204,60.0,40.0813
2025-07-31,2026-03-20,232,60.0,43.0081
2025-07-31,2026-04-17,260,60.0,44.7967
2025-07-31,2026-05-15,288,60.0,45.6911
2025-07-31,2027-01-15,533,60.0,57.3171
2025-07-31,2027-12-17,869,60.0,70.5691
2025-08-01,2025-08-08,7,64.0,9.9702
2025-08-01,2025-08-15,14,64.0,12.7964
2025-08-01,2025-08-22,21,64.0,14.9945
2025-08-01,2025-08-29,28,64.0,16.9571
2025-08-01,2025-09-05,35,64.0,18.3702
2025-08-01,2025-09-12,42,64.0,19.9403
2025-08-01,2025-09-19,49,65.0,21.8245
2025-08-01,2025-10-17,77,65.0,26.9273
2025-08-01,2025-11-21,112,65.0,32.5797
2025-08-01,2025-12-19,140,65.0,36.0339
2025-08-01,2026-01-16,168,65.0,38.7031
2025-08-01,2026-02-20,203,65.0,41.2938
2025-08-01,2026-03-20,231,65.0,44.6695
2025-08-01,2026-04-17,259,65.0,47.1032
2025-08-01,2026-05-15,287,65.0,49.1443
2025-08-01,2027-01-15,532,65.0,59.664
2025-08-01,2027-12-17,868,65.0,71.9108
2025-08-04,2025-08-08,4,65.0,8.7511
2025-08-04,2025-08-15,11,65.0,11.7701
2025-08-04,2025-08-22,18,65.0,14.063
2025-08-04,2025-08-29,25,65.0,16.0501
2025-08-04,2025-09-05,32,65.0,17.5787
2025-08-04,2025-09-12,39,65.0,19.1837
2025-08-04,2025-09-19,46,65.0,20.7123
2025-08-04,2025-10-17,74,65.0,25.2981
2025-08-04,2025-11-21,109,65.0,31.5653
2025-08-04,2025-12-19,137,65.0,34.6989
2025-08-04,2026-01-16,165,65.0,37.4503
2025-08-04,2026-02-20,200,65.0,40.8132
2025-08-04,2026-03-20,228,65.0,43.6411
2025-08-04,2026-04-17,256,65.0,46.0104
2025-08-04,2026-05-15,284,65.0,48.3797
2025-08-04,2027-01-15,529,65.0,59.6148
2025-08-04,2027-12-17,865,65.0,69.5506
2025-08-05,2025-08-08,3,68.0,8.3346
2025-08-05,2025-08-15,10,68.0,11.5514
2025-08-05,2025-08-22,17,68.0,14.0371
2025-08-05,2025-08-29,24,68.0,16.2304
2025-08-05,2025-09-05,31,68.0,18.3506
2025-08-05,2025-09-12,38,68.0,19.8128
2025-08-05,2025-09-19,45,70.0,21.3482
2025-08-05,2025-10-17,73,70.0,26.6852
2025-08-05,2025-11-21,108,70.0,32.6802
2025-08-05,2025-12-19,136,70.0,35.8971
2025-08-05,2026-01-16,164,70.0,38.7484
2025-08-05,2026-02-20,199,70.0,41.7459
2025-08-05,2026-03-20,227,70.0,44.1585
2025-08-05,2026-04-17,255,70.0,47.0098
2025-08-05,2026-05-15,283,70.0,48.1796
2025-08-05,2027-01-15,528,70.0,61.3394
2025-08-05,2027-12-17,864,70.0,73.037
2025-08-06,2025-08-08,2,68.0,8.0358
2025-08-06,2025-08-15,9,68.0,11.3317
2025-08-06,2025-08-22,16,68.0,13.6276
2025-08-06,2025-08-29,23,68.0,15.9976
2025-08-06,2025-09-05,30,68.0,17.553
2025-08-06,2025-09-12,37,68.0,19.2564
2025-08-06,2025-09-19,44,70.0,21.5524
2025-08-06,2025-10-17,72,70.0,27.033
2025-08-06,2025-11-21,107,70.0,32.9581
2025-08-06,2025-12-19,135,70.0,36.365
2025-08-06,2026-01-16,163,70.0,39.3275
2025-08-06,2026-02-20,198,70.0,43.2529
2025-08-06,2026-03-20,226,70.0,45.6229
2025-08-06,2026-04-17,254,70.0,47.9188
2025-08-06,2026-05-15,282,70.0,49.6963
2025-08-06,2027-01-15,527,70.0,62.1389
2025-08-06,2027-12-17,863,70.0,74.8778
2025-08-07,2025-08-08,1,71.0,7.0001
2025-08-07,2025-08-15,8,71.0,10.6937
2025-08-07,2025-08-22,15,71.0,13.3671
2025-08-07,2025-08-29,22,71.0,15.1963
2025-08-07,2025-09-05,29,71.0,16.4626
2025-08-07,2025-09-12,36,71.0,20.6135
2025-08-07,2025-09-19,43,70.0,20.3321
2025-08-07,2025-09-26,50,71.0,21.8095
2025-08-07,2025-10-17,71,70.0,25.7493
2025-08-07,2025-11-21,106,70.0,31.5182
2025-08-07,2025-12-19,134,70.0,34.9655
2025-08-07,2026-01-16,162,70.0,37.3575
2025-08-07,2026-02-20,197,70.0,42.2823
2025-08-07,2026-03-20,225,70.0,44.5336
2025-08-07,2026-04-17,253,70.0,46.7849
2025-08-07,2026-05-15,281,70.0,47.9105
2025-08-07,2027-01-15,526,70.0,60.5037
2025-08-07,2027-12-17,862,70.0,70.9864
2025-08-08,2025-08-15,7,74.0,8.3759
2025-08-08,2025-08-22,14,74.0,11.6389
2025-08-08,2025-08-29,21,74.0,13.9935
2025-08-08,2025-09-05,28,74.0,16.2809
2025-08-08,2025-09-12,35,74.0,17.4919
2025-08-08,2025-09-19,42,75.0,19.3757
2025-08-08,2025-09-26,49,74.0,21.1249
2025-08-08,2025-10-17,70,75.0,25.0269
2025-08-08,2025-11-21,105,75.0,31.1491
2025-08-08,2025-12-19,133,75.0,34.4456
2025-08-08,2026-01-16,161,75.0,37.5404
2025-08-08,2026-02-20,196,75.0,41.3079
2025-08-08,2026-03-20,224,75.0,45.1426
2025-08-08,2026-04-17,252,75.0,46.8245
2025-08-08,2026-05-15,280,75.0,49.3138
2025-08-08,2027-01-15,525,75.0,60.4144
2025-08-08,2027-12-17,861,75.0,74.6771
2025-08-11,2025-08-15,4,73.0,7.6696
2025-08-11,2025-08-22,11,73.0,10.6617
2025-08-11,2025-08-29,18,73.0,14.1698
2025-08-11,2025-09-05,25,73.0,16.7836
2025-08-11,2025-09-12,32,73.0,18.1593
2025-08-11,2025-09-19,39,75.0,20.2229
2025-08-11,2025-09-26,46,73.0,21.461
2025-08-11,2025-10-17,67,75.0,26.1384
2025-08-11,2025-11-21,102,75.0,32.3291
2025-08-11,2025-12-19,130,75.0,36.2498
2025-08-11,2026-01-16,158,75.0,38.8637
2025-08-11,2026-02-20,193,75.0,42.922
2025-08-11,2026-03-20,221,75.0,46.1549
2025-08-11,2026-04-17,249,75.0,48.2185
2025-08-11,2026-05-15,277,75.0,50.1444
2025-08-11,2027-01-15,522,75.0,63.0073
2025-08-11,2027-12-17,858,75.0,76.0077
2025-08-12,2025-08-15,3,75.0,6.1041
2025-08-12,2025-08-22,10,75.0,9.94
2025-08-12,2025-08-29,17,75.0,12.8753
2025-08-12,2025-09-05,24,75.0,15.01
2025-08-12,2025-09-12,31,75.0,17.0113
2025-08-12,2025-09-19,38,75.0,18.6124
2025-08-12,2025-09-26,45,75.0,19.4797
2025-08-12,2025-10-17,66,75.0,24.6831
2025-08-12,2025-11-21,101,75.0,30.954
2025-08-12,2025-12-19,129,75.0,34.6898
2025-08-12,2026-01-16,157,75.0,37.8252
2025-08-12,2026-02-20,192,75.0,41.6278
2025-08-12,2026-03-20,220,75.0,45.0967
2025-08-12,2026-04-17,248,75.0,47.6318
2025-08-12,2026-05-15,276,75.0,49.6331
2025-08-12,2027-01-15,521,75.0,60.7071
2025-08-12,2027-12-17,857,75.0,73.9827
2025-08-13,2025-08-15,2,75.0,5.2387
2025-08-13,2025-08-22,9,75.0,9.8806
2025-08-13,2025-08-29,16,75.0,12.5995
2025-08-13,2025-09-05,23,75.0,14.7878
2025-08-13,2025-09-12,30,75.0,18.5013
2025-08-13,2025-09-19,37,75.0,18.5013
2025-08-13,2025-09-26,44,75.0,20.3581
2025-08-13,2025-10-17,65,75.0,24.6684
2025-08-13,2025-11-21,100,75.0,30.2387
2025-08-13,2025-12-19,128,75.0,36.008
2025-08-13,2026-01-16,156,75.0,37.7321
2025-08-13,2026-02-20,191,75.0,42.2414
2025-08-13,2026-03-20,219,75.0,46.4191
2025-08-13,2026-04-17,247,75.0,48.2759
2025-08-13,2026-05-15,275,75.0,49.9337
2025-08-13,2027-01-15,520,75.0,60.5438
2025-08-13,2027-12-17,856,75.0,75.4642
2025-08-14,2025-08-15,1,76.0,3.3951
2025-08-14,2025-08-22,8,77.0,9.0102
2025-08-14,2025-08-29,15,77.0,12.2095
2025-08-14,2025-09-05,22,77.0,14.2335
2025-08-14,2025-09-12,29,77.0,16.4534
2025-08-14,2025-09-19,36,75.0,18.0857
2025-08-14,2025-09-26,43,77.0,19.4568
2025-08-14,2025-10-17,64,75.0,24.223
2025-08-14,2025-11-21,99,75.0,30.6869
2025-08-14,2025-12-19,127,75.0,34.3432
2025-08-14,2026-01-16,155,75.0,37.3466
2025-08-14,2026-02-20,190,75.0,41.0029
2025-08-14,2026-03-20,218,75.0,44.1368
2025-08-14,2026-04-17,246,75.0,46.2262
2025-08-14,2026-05-15,274,75.0,49.4907
2025-08-14,2027-01-15,519,75.0,62.549
2025-08-14,2027-12-17,855,75.0,74.889
2025-08-15,2025-08-22,7,75.0,7.9302
2025-08-15,2025-08-29,14,75.0,11.3954
2025-08-15,2025-09-05,21,75.0,13.5279
2025-08-15,2025-09-12,28,75.0,15.727
2025-08-15,2025-09-19,35,75.0,17.6596
2025-08-15,2025-09-26,42,75.0,19.4589
2025-08-15,2025-10-17,63,75.0,24.057
2025-08-15,2025-11-21,98,75.0,30.4545
2025-08-15,2025-12-19,126,75.0,34.4529
2025-08-15,2026-01-16,154,75.0,37.5183
2025-08-15,2026-02-20,189,75.0,41.5167
2025-08-15,2026-03-20,217,75.0,44.4489
2025-08-15,2026-04-17,245,75.0,47.581
2025-08-15,2026-05-15,273,75.0,49.7801
2025-08-15,2027-01-15,518,75.0,62.1751
2025-08-15,2027-12-17,854,75.0,74.5035
2025-08-18,2025-08-22,4,72.0,6.4742
2025-08-18,2025-08-29,11,72.0,9.9709
2025-08-18,2025-09-05,18,72.0,12.1867
2025-08-18,2025-09-12,25,72.0,14.3332
2025-08-18,2025-09-19,32,72.0,16.3412
2025-08-18,2025-09-26,39,72.0,18.2108
2025-08-18,2025-10-17,60,70.0,22.3653
2025-08-18,2025-11-21,95,70.0,28.8741
2025-08-18,2025-12-19,123,70.0,32.6825
2025-08-18,2026-01-16,151,70.0,35.9369
2025-08-18,2026-02-20,186,70.0,39.9529
2025-08-18,2026-03-20,214,70.0,42.7226
2025-08-18,2026-04-17,242,70.0,45.8385
2025-08-18,2026-05-15,270,70.0,48.1235
2025-08-18,2027-01-15,515,70.0,60.7949
2025-08-18,2027-12-17,851,70.0,73.397
2025-08-19,2025-08-22,3,69.0,5.9532
2025-08-19,2025-08-29,10,69.0,9.886
2025-08-19,2025-09-05,17,69.0,11.9786
2025-08-19,2025-09-12,24,69.0,14.5764
2025-08-19,2025-09-19,31,69.0,16.4526
2025-08-19,2025-09-26,38,69.0,18.4731
2025-08-19,2025-10-17,59,70.0,22.8027
2025-08-19,2025-11-21,94,70.0,29.5136
2025-08-19,2025-12-19,122,70.0,33.266
2025-08-19,2026-01-16,150,70.0,36.3689
2025-08-19,2026-02-20,185,70.0,40.4099
2025-08-19,2026-03-20,213,70.0,43.9457
2025-08-19,2026-04-17,241,70.0,46.9043
2025-08-19,2026-05-15,269,70.0,48.3475
2025-08-19,2027-01-15,514,70.0,61.5529
2025-08-19,2027-12-17,850,70.0,74.5418
2025-08-20,2025-08-22,2,68.0,5.0976
2025-08-20,2025-08-29,9,68.0,9.2783
2025-08-20,2025-09-05,16,68.0,11.5887
2025-08-20,2025-09-12,23,68.0,13.9357
2025-08-20,2025-09-19,30,68.0,15.9161
2025-08-20,2025-09-26,37,68.0,17.7497
2025-08-20,2025-10-17,58,70.0,22.8106
2025-08-20,2025-11-21,93,70.0,29.4851
2025-08-20,2025-12-19,121,70.0,33.1524
2025-08-20,2026-01-16,149,70.0,36.453
2025-08-20,2026-02-20,184,70.0,40.7804
2025-08-20,2026-03-20,212,70.0,43.2742
2025-08-20,2026-04-17,240,70.0,46.7214
2025-08-20,2026-05-15,268,70.0,48.9218
2025-08-20,2027-01-15,513,70.0,61.1706
2025-08-20,2027-12-17,849,70.0,74.5929
2025-08-21,2025-08-22,1,68.0,4.4303
2025-08-21,2025-08-29,8,68.0,9.0803
2025-08-21,2025-09-05,15,68.0,11.2771
2025-08-21,2025-09-12,22,68.0,14.2794
2025-08-21,2025-09-19,29,68.0,16.2566
2025-08-21,2025-09-26,36,68.0,17.6479
2025-08-21,2025-10-03,43,68.0,19.5518
2025-08-21,2025-10-17,57,70.0,23.2865
2025-08-21,2025-11-21,92,70.0,29.4376
2025-08-21,2025-12-19,120,70.0,33.5384
2025-08-21,2026-01-16,148,70.0,36.5407
2025-08-21,2026-02-20,183,70.0,39.9092
2025-08-21,2026-03-20,211,70.0,44.3761
2025-08-21,2026-04-17,239,70.0,46.1336
2025-08-21,2026-05-15,267,70.0,49.7217
2025-08-21,2027-01-15,512,70.0,60.0469
2025-08-21,2027-12-17,848,70.0,74.7657
2025-08-22,2025-08-29,7,68.0,7.5133
2025-08-22,2025-09-05,14,68.0,10.3123
2025-08-22,2025-09-12,21,68.0,12.9641
2025-08-22,2025-09-19,28,68.0,15.1002
2025-08-22,2025-09-26,35,68.0,15.9841
2025-08-22,2025-10-03,42,68.0,18.4885
2025-08-22,2025-10-17,56,70.0,22.4661
2025-08-22,2025-11-21,91,70.0,29.0218
2025-08-22,2025-12-19,119,70.0,32.8521
2025-08-22,2026-01-16,147,70.0,36.1668
2025-08-22,2026-02-20,182,70.0,39.9234
2025-08-22,2026-03-20,210,70.0,43.68
2025-08-22,2026-04-17,238,70.0,45.7425
2025-08-22,2026-05-15,266,70.0,49.3518
2025-08-22,2027-01-15,511,70.0,61.2846
2025-08-22,2027-12-17,847,70.0,74.9116
2025-08-25,2025-08-29,4,72.0,6.7418
2025-08-25,2025-09-05,11,72.0,9.6805
2025-08-25,2025-09-12,18,72.0,12.5847
2025-08-25,2025-09-19,25,72.0,14.8665
2025-08-25,2025-09-26,32,72.0,16.8027
2025-08-25,2025-10-03,39,72.0,17.909
2025-08-25,2025-10-17,53,70.0,21.4355
2025-08-25,2025-11-21,88,70.0,28.0736
2025-08-25,2025-12-19,116,70.0,31.8766
2025-08-25,2026-01-16,144,70.0,34.9191
2025-08-25,2026-02-20,179,70.0,38.0998
2025-08-25,2026-03-20,207,70.0,41.488
2025-08-25,2026-04-17,235,70.0,43.9773
2025-08-25,2026-05-15,263,70.0,46.674
2025-08-25,2027-01-15,508,70.0,59.1205
2025-08-25,2027-12-17,844,70.0,72.12
2025-08-26,2025-08-29,3,70.0,6.122
2025-08-26,2025-09-05,10,70.0,9.3799
2025-08-26,2025-09-12,17,70.0,12.3872
2025-08-26,2025-09-19,24,70.0,14.7501
2025-08-26,2025-09-26,31,70.0,16.5402
2025-08-26,2025-10-03,38,70.0,18.3302
2025-08-26,2025-10-17,52,70.0,21.7671
2025-08-26,2025-11-21,87,70.0,28.7126
2025-08-26,2025-12-19,115,70.0,32.3643
2025-08-26,2026-01-16,143,70.0,35.3716
2025-08-26,2026-02-20,178,70.0,39.0949
2025-08-26,2026-03-20,206,70.0,42.2455
2025-08-26,2026-04-17,234,70.0,44.6799
2025-08-26,2026-05-15,262,70.0,47.8304
2025-08-26,2027-01-15,507,70.0,61.1485
2025-08-26,2027-12-17,843,70.0,73.9653
2025-08-27,2025-08-29,2,71.0,4.6919
2025-08-27,2025-09-05,9,71.0,8.4734
2025-08-27,2025-09-12,16,71.0,11.6947
2025-08-27,2025-09-19,23,71.0,14.2157
2025-08-27,2025-09-26,30,71.0,16.3165
2025-08-27,2025-10-03,37,71.0,18.2073
2025-08-27,2025-10-17,51,70.0,21.4986
2025-08-27,2025-11-21,86,70.0,28.5714
2025-08-27,2025-12-19,114,70.0,32.1429
2025-08-27,2026-01-16,142,70.0,35.2241
2025-08-27,2026-02-20,177,70.0,38.9356
2025-08-27,2026-03-20,205,70.0,41.8067
2025-08-27,2026-04-17,233,70.0,44.3277
2025-08-27,2026-05-15,261,70.0,47.1289
2025-08-27,2027-01-15,506,70.0,60.6443
2025-08-27,2027-12-17,842,70.0,73.0392
2025-08-28,2025-08-29,1,73.0,3.1293
2025-08-28,2025-09-05,8,73.0,7.483
2025-08-28,2025-09-12,15,73.0,10.3061
2025-08-28,2025-09-19,22,73.0,13.3333
2025-08-28,2025-09-26,29,73.0,15.4422
2025-08-28,2025-10-03,36,73.0,17.0068
2025-08-28,2025-10-10,43,73.0,19.0476
2025-08-28,2025-10-17,50,75.0,20.8844
2025-08-28,2025-11-21,85,75.0,28.1633
2025-08-28,2025-12-19,113,75.0,32.517
2025-08-28,2026-01-16,141,75.0,35.102
2025-08-28,2026-02-20,176,75.0,39.1156
2025-08-28,2026-03-20,204,75.0,42.9252
2025-08-28,2026-04-17,232,75.0,44.4898
2025-08-28,2026-05-15,260,75.0,47.9592
2025-08-28,2027-01-15,505,75.0,62.1769
2025-08-28,2027-12-17,841,75.0,74.0816
2025-08-29,2025-09-05,7,71.0,6.6067
2025-08-29,2025-09-12,14,71.0,10.3317
2025-08-29,2025-09-19,21,71.0,13.0025
2025-08-29,2025-09-26,28,71.0,14.4785
2025-08-29,2025-10-03,35,71.0,17.6413
2025-08-29,2025-10-10,42,71.0,19.9606
2025-08-29,2025-10-17,49,70.0,20.3823
2025-08-29,2025-11-21,84,70.0,27.6216
2025-08-29,2025-12-19,112,70.0,31.7683
2025-08-29,2026-01-16,140,70.0,34.7906
2025-08-29,2026-02-20,175,70.0,38.4453
2025-08-29,2026-03-20,203,70.0,41.2567
2025-08-29,2026-04-17,231,70.0,44.3492
2025-08-29,2026-05-15,259,70.0,47.02
2025-08-29,2027-01-15,504,70.0,61.147
2025-08-29,2027-12-17,840,70.0,72.6033
2025-09-02,2025-09-05,3,67.0,5.6084
2025-09-02,2025-09-12,10,67.0,8.8768
2025-09-02,2025-09-19,17,67.0,12.7024
2025-09-02,2025-09-26,24,67.0,14.7081
2025-09-02,2025-10-03,31,67.0,16.4909
2025-09-02,2025-10-10,38,67.0,18.6451
2025-09-02,2025-10-17,45,65.0,20.1307
2025-09-02,2025-11-21,80,65.0,27.2619
2025-09-02,2025-12-19,108,65.0,31.1989
2025-09-02,2026-01-16,136,65.0,34.1703
2025-09-02,2026-02-20,171,65.0,38.1815
2025-09-02,2026-03-20,199,65.0,41.0043
2025-09-02,2026-04-17,227,65.0,43.9014
2025-09-02,2026-05-15,255,65.0,46.5755
2025-09-02,2027-01-15,500,65.0,59.9465
2025-09-02,2027-12-17,836,65.0,73.3918
2025-09-03,2025-09-05,2,66.0,4.5083
2025-09-03,2025-09-12,9,66.0,8.4861
2025-09-03,2025-09-19,16,66.0,11.2138
2025-09-03,2025-09-26,23,66.0,13.4111
2025-09-03,2025-10-03,30,66.0,15.2296
2025-09-03,2025-10-10,37,66.0,18.4119
2025-09-03,2025-10-17,44,65.0,18.7907
2025-09-03,2025-11-21,79,65.0,26.1403
2025-09-03,2025-12-19,107,65.0,30.2319
2025-09-03,2026-01-16,135,65.0,33.6415
2025-09-03,2026-02-20,170,65.0,37.5815
2025-09-03,2026-03-20,198,65.0,40.688
2025-09-03,2026-04-17,226,65.0,42.2791
2025-09-03,2026-05-15,254,65.0,45.0826
2025-09-03,2027-01-15,499,65.0,59.9333
2025-09-03,2027-12-17,835,65.0,72.4352
2025-09-04,2025-09-05,1,64.0,3.1941
2025-09-04,2025-09-12,8,64.0,7.8295
2025-09-04,2025-09-19,15,64.0,10.751
2025-09-04,2025-09-26,22,64.0,13.0882
2025-09-04,2025-10-03,29,64.0,14.0231
2025-09-04,2025-10-10,36,64.0,17.7625
2025-09-04,2025-10-17,43,65.0,18.7753
2025-09-04,2025-10-24,50,64.0,19.9439
2025-09-04,2025-11-21,78,65.0,26.4101
2025-09-04,2025-12-19,106,65.0,30.3833
2025-09-04,2026-01-16,134,65.0,33.967
2025-09-04,2026-02-20,169,65.0,37.3948
2025-09-04,2026-03-20,197,65.0,40.9006
2025-09-04,2026-04-17,225,65.0,43.1599
2025-09-04,2026-05-15,253,65.0,46.8214
2025-09-04,2027-01-15,498,65.0,59.1306
2025-09-04,2027-12-17,834,65.0,74.5559
2025-09-05,2025-09-12,7,63.0,7.0975
2025-09-05,2025-09-19,14,63.0,10.23
2025-09-05,2025-09-26,21,63.0,12.5297
2025-09-05,2025-10-03,28,63.0,14.7502
2025-09-05,2025-10-10,35,63.0,17.2086
2025-09-05,2025-10-17,42,65.0,18.4774
2025-09-05,2025-10-24,49,63.0,19.9841
2025-09-05,2025-11-21,77,65.0,25.8525
2025-09-05,2025-12-19,105,65.0,29.7383
2025-09-05,2026-01-16,133,65.0,33.2276
2025-09-05,2026-02-20,168,65.0,36.8755
2025-09-05,2026-03-20,196,65.0,40.2062
2025-09-05,2026-04-17,224,65.0,43.4576
2025-09-05,2026-05-15,252,65.0,46.0745
2025-09-05,2027-01-15,497,65.0,59.318
2025-09-05,2027-12-17,833,65.0,72.7994
2025-09-08,2025-09-12,4,63.0,6.2978
2025-09-08,2025-09-19,11,63.0,9.646
2025-09-08,2025-09-26,18,63.0,12.1173
2025-09-08,2025-10-03,25,63.0,14.1103
2025-09-08,2025-10-10,32,63.0,16.0236
2025-09-08,2025-10-17,39,65.0,18.176
2025-09-08,2025-10-24,46,63.0,18.9732
2025-09-08,2025-11-21,74,65.0,25.5102
2025-09-08,2025-12-19,102,65.0,29.4962
2025-09-08,2026-01-16,130,65.0,32.6849
2025-09-08,2026-02-20,165,65.0,36.5912
2025-09-08,2026-03-20,193,65.0,39.78
2025-09-08,2026-04-17,221,65.0,42.4107
2025-09-08,2026-05-15,249,65.0,45.4401
2025-09-08,2027-01-15,494,65.0,60.1084
2025-09-08,2027-12-17,830,65.0,73.4216
2025-09-09,2025-09-12,3,63.0,5.5424
2025-09-09,2025-09-19,10,63.0,9.422
2025-09-09,2025-09-26,17,63.0,12.0348
2025-09-09,2025-10-03,24,63.0,14.4101
2025-09-09,2025-10-10,31,63.0,15.8353
2025-09-09,2025-10-17,38,65.0,18.0523
2025-09-09,2025-10-24,45,63.0,19.0024
2025-09-09,2025-11-21,73,65.0,25.574
2025-09-09,2025-12-19,101,65.0,29.612
2025-09-09,2026-01-16,129,65.0,33.0166
2025-09-09,2026-02-20,164,65.0,37.2922
2025-09-09,2026-03-20,192,65.0,39.9842
2025-09-09,2026-04-17,220,65.0,42.8345
2025-09-09,2026-05-15,248,65.0,45.2098
2025-09-09,2027-01-15,493,65.0,59.9367
2025-09-09,2027-12-17,829,65.0,73.3175
2025-09-10,2025-09-12,2,62.0,4.5243
2025-09-10,2025-09-19,9,62.0,8.6483
2025-09-10,2025-09-26,16,62.0,11.2108
2025-09-10,2025-10-03,23,62.0,13.4529
2025-09-10,2025-10-10,30,62.0,15.7751
2025-09-10,2025-10-17,37,60.0,16.9763
2025-09-10,2025-10-24,44,62.0,18.738
2025-09-10,2025-11-21,72,60.0,24.3434
2025-09-10,2025-12-19,100,60.0,27.9468
2025-09-10,2026-01-16,128,60.0,31.0698
2025-09-10,2026-02-20,163,60.0,34.8334
2025-09-10,2026-03-20,191,60.0,38.1967
2025-09-10,2026-04-17,219,60.0,41.4798
2025-09-10,2026-05-15,247,60.0,44.1224
2025-09-10,2027-01-15,492,60.0,57.8956
2025-09-10,2027-12-17,828,60.0,71.0282
2025-09-11,2025-09-12,1,63.0,3.1334
2025-09-11,2025-09-19,8,63.0,7.6947
2025-09-11,2025-09-26,15,63.0,10.5505
2025-09-11,2025-10-03,22,63.0,13.0097
2025-09-11,2025-10-10,29,63.0,14.9135
2025-09-11,2025-10-17,36,65.0,17.2934
2025-09-11,2025-10-24,43,63.0,18.8799
2025-09-11,2025-10-31,50,63.0,20.3078
2025-09-11,2025-11-21,71,65.0,24.9881
2025-09-11,2025-12-19,99,65.0,28.5578
2025-09-11,2026-01-16,127,65.0,32.7622
2025-09-11,2026-02-20,162,65.0,36.1733
2025-09-11,2026-03-20,190,65.0,39.6637
2025-09-11,2026-04-17,218,65.0,41.4882
2025-09-11,2026-05-15,246,65.0,45.1372
2025-09-11,2027-01-15,491,65.0,59.7335
2025-09-11,2027-12-17,827,65.0,73.5364
2025-09-12,2025-09-19,7,64.0,7.5579
2025-09-12,2025-09-26,14,64.0,10.2346
2025-09-12,2025-10-03,21,64.0,12.6752
2025-09-12,2025-10-10,28,64.0,14.8795
2025-09-12,2025-10-17,35,65.0,16.769
2025-09-12,2025-10-24,42,64.0,18.8947
2025-09-12,2025-10-31,49,64.0,19.0521
2025-09-12,2025-11-21,70,65.0,24.5631
2025-09-12,2025-12-19,98,65.0,28.5782
2025-09-12,2026-01-16,126,65.0,32.0422
2025-09-12,2026-02-20,161,65.0,35.9786
2025-09-12,2026-03-20,189,65.0,39.2064
2025-09-12,2026-04-17,217,65.0,42.513
2025-09-12,2026-05-15,245,65.0,44.7961
2025-09-12,2027-01-15,490,65.0,59.9906
2025-09-12,2027-12-17,826,65.0,72.3508
2025-09-15,2025-09-19,4,66.0,6.4453
2025-09-15,2025-09-26,11,66.0,9.9333
2025-09-15,2025-10-03,18,66.0,12.2839
2025-09-15,2025-10-10,25,66.0,14.1037
2025-09-15,2025-10-17,32,65.0,16.151
2025-09-15,2025-10-24,39,66.0,17.8192
2025-09-15,2025-10-31,46,66.0,20.1699
2025-09-15,2025-11-21,67,65.0,24.037
2025-09-15,2025-12-19,95,65.0,28.0558
2025-09-15,2026-01-16,123,65.0,31.3922
2025-09-15,2026-02-20,158,65.0,35.3352
2025-09-15,2026-03-20,186,65.0,38.5957
2025-09-15,2026-04-17,214,65.0,41.4013
2025-09-15,2026-05-15,242,65.0,44.2069
2025-09-15,2027-01-15,487,65.0,58.1589
2025-09-15,2027-12-17,823,65.0,72.111
2025-09-15,2028-01-21,858,65.0,72.7934
2025-09-16,2025-09-19,3,66.0,5.5699
2025-09-16,2025-09-26,10,66.0,10.5714
2025-09-16,2025-10-03,17,66.0,12.0112
2025-09-16,2025-10-10,24,66.0,14.3225
2025-09-16,2025-10-17,31,65.0,15.0803
2025-09-16,2025-10-24,38,66.0,16.5202
2025-09-16,2025-10-31,45,66.0,19.3998
2025-09-16,2025-11-21,66,65.0,23.9466
2025-09-16,2025-12-19,94,65.0,28.2661
2025-09-16,2026-01-16,122,65.0,31.6763
2025-09-16,2026-02-20,157,65.0,35.2379
2025-09-16,2026-03-20,185,65.0,37.8145
2025-09-16,2026-04-17,213,65.0,41.5277
2025-09-16,2026-05-15,241,65.0,44.3316
2025-09-16,2027-01-15,486,65.0,60.5486
2025-09-16,2027-12-17,822,65.0,71.2337
2025-09-16,2028-01-21,857,65.0,73.5829
2025-09-17,2025-09-19,2,67.0,5.6129
2025-09-17,2025-09-26,9,67.0,9.2426
2025-09-17,2025-10-03,16,67.0,11.9743
2025-09-17,2025-10-10,23,67.0,14.1446
2025-09-17,2025-10-17,30,65.0,16.0156
2025-09-17,2025-10-24,37,67.0,18.9343
2025-09-17,2025-10-31,44,67.0,19.6078
2025-09-17,2025-11-21,65,65.0,23.7988
2025-09-17,2025-12-19,93,65.0,27.7653
2025-09-17,2026-01-16,121,65.0,31.1331
2025-09-17,2026-02-20,156,65.0,35.6983
2025-09-17,2026-03-20,184,65.0,38.9163
2025-09-17,2026-04-17,212,65.0,41.9099
2025-09-17,2026-05-15,240,65.0,44.2299
2025-09-17,2027-01-15,485,65.0,57.0274
2025-09-17,2027-12-17,821,65.0,69.8997
2025-09-17,2028-01-21,856,65.0,72.8933
2025-09-18,2025-09-19,1,72.0,3.6393
2025-09-18,2025-09-26,8,72.0,8.8729
2025-09-18,2025-10-03,15,72.0,11.8536
2025-09-18,2025-10-10,22,72.0,14.1411
2025-09-18,2025-10-17,29,70.0,16.0128
2025-09-18,2025-10-24,36,72.0,18.231
2025-09-18,2025-10-31,43,72.0,21.0037
2025-09-18,2025-11-21,64,70.0,23.7765
2025-09-18,2025-12-19,92,70.0,27.9357
2025-09-18,2026-01-16,120,70.0,31.1937
2025-09-18,2026-02-20,155,70.0,35.2835
2025-09-18,2026-03-20,183,70.0,38.5415
2025-09-18,2026-04-17,211,70.0,40.8984
2025-09-18,2026-05-15,239,70.0,43.9484
2025-09-18,2027-01-15,484,70.0,58.5055
2025-09-18,2027-12-17,820,70.0,71.4682
2025-09-18,2028-01-21,855,70.0,72.0921
2025-09-19,2025-09-26,7,73.0,7.9555
2025-09-19,2025-10-03,14,73.0,11.0626
2025-09-19,2025-10-10,21,73.0,13.7258
2025-09-19,2025-10-17,28,75.0,16.389
2025-09-19,2025-10-24,35,73.0,19.3253
2025-09-19,2025-10-31,42,73.0,19.1205
2025-09-19,2025-11-21,63,75.0,24.4469
2025-09-19,2025-12-19,91,75.0,29.1587
2025-09-19,2026-01-16,119,75.0,32.8462
2025-09-19,2026-02-20,154,75.0,37.3532
2025-09-19,2026-03-20,182,75.0,41.109
2025-09-19,2026-04-17,210,75.0,42.8845
2025-09-19,2026-05-15,238,75.0,45.6842
2025-09-19,2027-01-15,483,75.0,60.9123
2025-09-19,2027-12-17,819,75.0,73.6138
2025-09-19,2028-01-21,854,75.0,75.1844
2025-09-22,2025-09-26,4,73.0,6.6922
2025-09-22,2025-10-03,11,73.0,10.5163
2025-09-22,2025-10-10,18,73.0,13.0429
2025-09-22,2025-10-17,25,73.0,15.1598
2025-09-22,2025-10-24,32,73.0,17.1401
2025-09-22,2025-10-31,39,73.0,17.9596
2025-09-22,2025-11-21,60,75.0,24.3786
2025-09-22,2025-12-19,88,75.0,28.9538
2025-09-22,2026-01-16,116,75.0,33.0511
2025-09-22,2026-02-20,151,75.0,37.4215
2025-09-22,2026-03-20,179,75.0,40.8358
2025-09-22,2026-04-17,207,75.0,44.2502
2025-09-22,2026-05-15,235,75.0,46.8451
2025-09-22,2027-01-15,480,75.0,59.8197
2025-09-22,2027-12-17,816,75.0,73.9552
2025-09-22,2028-01-21,851,75.0,74.5015
2025-09-23,2025-09-26,3,75.0,6.2918
2025-09-23,2025-10-03,10,75.0,10.6426
2025-09-23,2025-10-10,17,75.0,13.3869
2025-09-23,2025-10-17,24,75.0,15.6627
2025-09-23,2025-10-24,31,75.0,16.6667
2025-09-23,2025-10-31,38,75.0,19.0763
2025-09-23,2025-11-21,59,75.0,24.8996
2025-09-23,2025-12-19,87,75.0,28.7818
2025-09-23,2026-01-16,115,75.0,32.9317
2025-09-23,2026-02-20,150,75.0,37.2155
2025-09-23,2026-03-20,178,75.0,40.2945
2025-09-23,2026-04-17,206,75.0,42.3695
2025-09-23,2026-05-15,234,75.0,45.3815
2025-09-23,2027-01-15,479,75.0,59.3708
2025-09-23,2027-12-17,815,75.0,72.49
2025-09-23,2028-01-21,850,75.0,74.9665
2025-09-24,2025-09-26,2,71.0,5.2295
2025-09-24,2025-10-03,9,71.0,9.9677
2025-09-24,2025-10-10,16,71.0,12.9861
2025-09-24,2025-10-17,23,71.0,15.5131
2025-09-24,2025-10-24,30,71.0,17.3382
2025-09-24,2025-10-31,37,71.0,19.3037
2025-09-24,2025-11-21,58,70.0,24.2173
2025-09-24,2025-12-19,86,70.0,28.78
2025-09-24,2026-01-16,114,70.0,32.4302
2025-09-24,2026-02-20,149,70.0,36.2909
2025-09-24,2026-03-20,177,70.0,39.7304
2025-09-24,2026-04-17,205,70.0,41.9065
2025-09-24,2026-05-15,233,70.0,45.3461
2025-09-24,2027-01-15,478,70.0,59.5255
2025-09-24,2027-12-17,814,70.0,73.4241
2025-09-24,2028-01-21,849,70.0,74.6174
2025-09-25,2025-09-26,1,77.0,4.2137
2025-09-25,2025-10-03,8,77.0,11.0204
2025-09-25,2025-10-10,15,77.0,14.5858
2025-09-25,2025-10-17,22,77.0,17.9567
2025-09-25,2025-10-24,29,77.0,20.7442
2025-09-25,2025-10-31,36,77.0,21.6518
2025-09-25,2025-11-07,43,77.0,24.3096
2025-09-25,2025-11-21,57,75.0,26.1247
2025-09-25,2025-12-19,85,75.0,31.0515
2025-09-25,2026-01-16,113,75.0,34.7465
2025-09-25,2026-02-20,148,75.0,40.6457
2025-09-25,2026-03-20,176,75.0,42.3311
2025-09-25,2026-04-17,204,75.0,45.9614
2025-09-25,2026-05-15,232,75.0,48.2951
2025-09-25,2027-01-15,477,75.0,61.0009
2025-09-25,2027-12-17,813,75.0,75.3274
2025-09-25,2028-01-21,848,75.0,76.0405
2025-09-26,2025-10-03,7,69.0,8.524
2025-09-26,2025-10-10,14,69.0,12.2395
2025-09-26,2025-10-17,21,69.0,15.0809
2025-09-26,2025-10-24,28,69.0,17.7765
2025-09-26,2025-10-31,35,69.0,20.6178
2025-09-26,2025-11-07,42,69.0,22.8763
2025-09-26,2025-11-21,56,70.0,25.6448
2025-09-26,2025-12-19,84,70.0,30.1617
2025-09-26,2026-01-16,112,70.0,34.3873
2025-09-26,2026-02-20,147,70.0,40.5799
2025-09-26,2026-03-20,175,70.0,42.8384
2025-09-26,2026-04-17,203,70.0,45.9712
2025-09-26,2026-05-15,231,70.0,49.2496
2025-09-26,2027-01-15,476,70.0,61.8534
2025-09-26,2027-12-17,812,70.0,74.8944
2025-09-26,2028-01-21,847,70.0,78.7556
2025-09-29,2025-10-03,4,68.0,7.0769
2025-09-29,2025-10-10,11,68.0,10.7803
2025-09-29,2025-10-17,18,68.0,13.787
2025-09-29,2025-10-24,25,68.0,16.3538
2025-09-29,2025-10-31,32,68.0,18.8472
2025-09-29,2025-11-07,39,68.0,20.6806
2025-09-29,2025-11-21,53,70.0,24.494
2025-09-29,2025-12-19,81,70.0,29.3341
2025-09-29,2026-01-16,109,70.0,33.2209
2025-09-29,2026-02-20,144,70.0,38.4277
2025-09-29,2026-03-20,172,70.0,41.6544
2025-09-29,2026-04-17,200,70.0,44.7345
2025-09-29,2026-05-15,228,70.0,48.4013
2025-09-29,2027-01-15,473,70.0,62.555
2025-09-29,2027-12-17,809,70.0,76.7087
2025-09-29,2028-01-21,844,70.0,78.4688
2025-09-30,2025-10-03,3,67.0,5.9266
2025-09-30,2025-10-10,10,67.0,9.9896
2025-09-30,2025-10-17,17,67.0,13.1206
2025-09-30,2025-10-24,24,67.0,15.3571
2025-09-30,2025-10-31,31,67.0,17.5936
2025-09-30,2025-11-07,38,67.0,19.9791
2025-09-30,2025-11-21,52,65.0,22.812
2025-09-30,2025-12-19,80,65.0,27.434
2025-09-30,2026-01-16,108,65.0,31.3851
2025-09-30,2026-02-20,143,65.0,36.0817
2025-09-30,2026-03-20,171,65.0,39.4364
2025-09-30,2026-04-17,199,65.0,42.5675
2025-09-30,2026-05-15,227,65.0,45.5494
2025-09-30,2027-01-15,472,65.0,60.2356
2025-09-30,2027-12-17,808,65.0,74.6981
2025-09-30,2028-01-21,843,65.0,76.86
2025-10-01,2025-10-03,2,68.0,4.7316
2025-10-01,2025-10-10,9,68.0,9.3893
2025-10-01,2025-10-17,16,68.0,12.1987
2025-10-01,2025-10-24,23,68.0,14.7863
2025-10-01,2025-10-31,30,68.0,17.7436
2025-10-01,2025-11-07,37,68.0,20.3312
2025-10-01,2025-11-21,51,70.0,23.1406
2025-10-01,2025-12-19,79,70.0,28.0201
2025-10-01,2026-01-16,107,70.0,31.5688
2025-10-01,2026-02-20,142,70.0,36.6701
2025-10-01,2026-03-20,170,70.0,40.5146
2025-10-01,2026-04-17,198,70.0,44.2851
2025-10-01,2026-05-15,226,70.0,46.7248
2025-10-01,2027-01-15,471,70.0,65.2078
2025-10-01,2027-12-17,807,70.0,77.5543
2025-10-01,2028-01-21,842,70.0,76.9629
2025-10-02,2025-10-03,1,71.0,3.664
2025-10-02,2025-10-10,8,71.0,9.301
2025-10-02,2025-10-17,15,71.0,12.6832
2025-10-02,2025-10-24,22,71.0,15.2198
2025-10-02,2025-10-31,29,71.0,17.5451
2025-10-02,2025-11-07,36,71.0,20.2227
2025-10-02,2025-11-14,43,71.0,21.5614
2025-10-02,2025-11-21,50,70.0,23.1116
2025-10-02,2025-12-19,78,70.0,28.1849
2025-10-02,2026-01-16,106,70.0,32.0603
2025-10-02,2026-02-20,141,70.0,36.7108
2025-10-02,2026-03-20,169,70.0,40.2339
2025-10-02,2026-04-17,197,70.0,42.6297
2025-10-02,2026-05-15,225,70.0,46.4346
2025-10-02,2027-01-15,470,70.0,60.5975
2025-10-02,2027-12-17,806,70.0,74.7604
2025-10-02,2028-01-21,841,70.0,76.8038
2025-10-03,2025-10-10,7,71.0,8.2517
2025-10-03,2025-10-17,14,71.0,11.8881
2025-10-03,2025-10-24,21,71.0,14.6154
2025-10-03,2025-10-31,28,71.0,17.3427
2025-10-03,2025-11-07,35,71.0,19.021
2025-10-03,2025-11-14,42,71.0,20.9091
2025-10-03,2025-11-21,49,70.0,22.6573
2025-10-03,2025-12-19,77,70.0,27.8322
2025-10-03,2026-01-16,105,70.0,31.8881
2025-10-03,2026-02-20,140,70.0,36.3636
2025-10-03,2026-03-20,168,70.0,40.0
2025-10-03,2026-04-17,196,70.0,43.0769
2025-10-03,2026-05-15,224,70.0,47.0629
2025-10-03,2027-01-15,469,70.0,61.1189
2025-10-03,2027-12-17,805,70.0,75.2448
2025-10-03,2028-01-21,840,70.0,76.5734
2025-10-06,2025-10-10,4,74.0,7.534
2025-10-06,2025-10-17,11,74.0,11.5028
2025-10-06,2025-10-24,18,74.0,14.7316
2025-10-06,2025-10-31,25,74.0,16.9514
2025-10-06,2025-11-07,32,74.0,18.9695
2025-10-06,2025-11-14,39,74.0,20.9875
2025-10-06,2025-11-21,46,75.0,23.0728
2025-10-06,2025-12-19,74,75.0,28.2524
2025-10-06,2026-01-16,102,75.0,32.2884
2025-10-06,2026-02-20,137,75.0,36.7954
2025-10-06,2026-03-20,165,75.0,40.5624
2025-10-06,2026-04-17,193,75.0,43.3203
2025-10-06,2026-05-15,221,75.0,47.0873
2025-10-06,2027-01-15,466,75.0,63.1643
2025-10-06,2027-12-17,802,75.0,77.0214
2025-10-06,2028-01-21,837,75.0,76.9541
2025-10-07,2025-10-10,3,74.0,6.6762
2025-10-07,2025-10-17,10,74.0,10.9801
2025-10-07,2025-10-24,17,74.0,13.9623
2025-10-07,2025-10-31,24,74.0,16.3346
2025-10-07,2025-11-07,31,74.0,19.0457
2025-10-07,2025-11-14,38,74.0,20.5368
2025-10-07,2025-11-21,45,75.0,22.7735
2025-10-07,2025-12-19,73,75.0,27.9246
2025-10-07,2026-01-16,101,75.0,31.9913
2025-10-07,2026-02-20,136,75.0,36.9391
2025-10-07,2026-03-20,164,75.0,40.5314
2025-10-07,2026-04-17,192,75.0,43.5814
2025-10-07,2026-05-15,220,75.0,46.767
2025-10-07,2027-01-15,465,75.0,62.8304
2025-10-07,2027-12-17,801,75.0,77.4705
2025-10-07,2028-01-21,836,75.0,78.4194
2025-10-08,2025-10-10,2,71.0,5.8082
2025-10-08,2025-10-17,9,71.0,10.2706
2025-10-08,2025-10-24,16,71.0,13.3163
2025-10-08,2025-10-31,23,71.0,15.9371
2025-10-08,2025-11-07,30,71.0,18.7704
2025-10-08,2025-11-14,37,71.0,19.1954
2025-10-08,2025-11-21,44,70.0,22.0994
2025-10-08,2025-12-19,72,70.0,27.1993
2025-10-08,2026-01-16,100,70.0,31.4492
2025-10-08,2026-02-20,135,70.0,36.2658
2025-10-08,2026-03-20,163,70.0,39.8782
2025-10-08,2026-04-17,191,70.0,42.9239
2025-10-08,2026-05-15,219,70.0,46.0405
2025-10-08,2027-01-15,464,70.0,61.5526
2025-10-08,2027-12-17,800,70.0,76.0731
2025-10-08,2028-01-21,835,70.0,77.7731
2025-10-09,2025-10-10,1,72.0,4.2191
2025-10-09,2025-10-17,8,72.0,9.6832
2025-10-09,2025-10-24,15,72.0,13.0723
2025-10-09,2025-10-31,22,72.0,15.7698
2025-10-09,2025-11-07,29,72.0,18.7439
2025-10-09,2025-11-14,36,72.0,21.3031
2025-10-09,2025-11-21,43,70.0,22.2022
2025-10-09,2025-11-28,50,72.0,23.2397
2025-10-09,2025-12-19,71,70.0,27.3897
2025-10-09,2026-01-16,99,70.0,31.6088
2025-10-09,2026-02-20,134,70.0,36.1737
2025-10-09,2026-03-20,162,70.0,39.9087
2025-10-09,2026-04-17,190,70.0,43.5053
2025-10-09,2026-05-15,218,70.0,46.0645
2025-10-09,2027-01-15,463,70.0,61.5576
2025-10-09,2027-12-17,799,70.0,74.63
2025-10-09,2028-01-21,834,70.0,76.8433
2025-10-10,2025-10-17,7,78.0,12.0628
2025-10-10,2025-10-24,14,78.0,16.0837
2025-10-10,2025-10-31,21,78.0,19.7217
2025-10-10,2025-11-07,28,78.0,22.5938
2025-10-10,2025-11-14,35,78.0,23.7427
2025-10-10,2025-11-21,42,80.0,26.9339
2025-10-10,2025-11-28,49,78.0,28.0189
2025-10-10,2025-12-19,70,80.0,32.8695
2025-10-10,2026-01-16,98,80.0,37.0181
2025-10-10,2026-02-20,133,80.0,39.954
2025-10-10,2026-03-20,161,80.0,44.6132
2025-10-10,2026-04-17,189,80.0,47.4853
2025-10-10,2026-05-15,217,80.0,50.5489
2025-10-10,2027-01-15,462,80.0,66.0582
2025-10-10,2027-12-17,798,80.0,81.3761
2025-10-10,2028-01-21,833,80.0,83.227
2025-10-13,2025-10-17,4,95.0,11.8872
2025-10-13,2025-10-24,11,95.0,17.1997
2025-10-13,2025-10-31,18,95.0,21.1445
2025-10-13,2025-11-07,25,95.0,24.5634
2025-10-13,2025-11-14,32,95.0,26.2466
2025-10-13,2025-11-21,39,95.0,28.1401
2025-10-13,2025-11-28,46,95.0,29.5077
2025-10-13,2025-12-19,67,95.0,34.2415
2025-10-13,2026-01-16,95,95.0,38.0286
2025-10-13,2026-02-20,130,95.0,42.7099
2025-10-13,2026-03-20,158,95.0,45.971
2025-10-13,2026-04-17,186,95.0,49.5477
2025-10-13,2026-05-15,214,95.0,52.7562
2025-10-13,2027-01-15,459,95.0,71.3234
2025-10-13,2027-12-17,795,95.0,83.2632
2025-10-13,2028-01-21,830,95.0,84.5256
2025-10-14,2025-10-17,3,100.0,10.4916
2025-10-14,2025-10-24,10,100.0,17.0299
2025-10-14,2025-10-31,17,100.0,22.0476
2025-10-14,2025-11-07,24,100.0,25.3421
2025-10-14,2025-11-14,31,100.0,27.8256
2025-10-14,2025-11-21,38,100.0,29.5489
2025-10-14,2025-11-28,45,100.0,31.2722
2025-10-14,2025-12-19,66,100.0,35.5296
2025-10-14,2026-01-16,94,100.0,40.0405
2025-10-14,2026-02-20,129,100.0,45.7172
2025-10-14,2026-03-20,157,100.0,48.4541
2025-10-14,2026-04-17,185,100.0,52.1034
2025-10-14,2026-05-15,213,100.0,54.739
2025-10-14,2027-01-15,458,100.0,71.5661
2025-10-14,2027-12-17,794,100.0,85.2509
2025-10-14,2028-01-21,829,100.0,88.1399
2025-10-15,2025-10-17,2,90.0,8.1247
2025-10-15,2025-10-24,9,90.0,15.192
2025-10-15,2025-10-31,16,90.0,19.9777
2025-10-15,2025-11-07,23,90.0,24.0401
2025-10-15,2025-11-14,30,90.0,26.1547
2025-10-15,2025-11-21,37,90.0,28.6589
2025-10-15,2025-11-28,44,90.0,30.217
2025-10-15,2025-12-19,65,90.0,34.1681
2025-10-15,2026-01-16,93,90.0,38.8982
2025-10-15,2026-02-20,128,90.0,45.1864
2025-10-15,2026-03-20,156,90.0,47.9688
2025-10-15,2026-04-17,184,90.0,50.9182
2025-10-15,2026-05-15,212,90.0,54.6466
2025-10-15,2027-01-15,457,90.0,71.6194
2025-10-15,2027-12-17,793,90.0,85.3645
2025-10-15,2028-01-21,828,90.0,87.3678
2025-10-16,2025-10-17,1,84.0,5.2481
2025-10-16,2025-10-24,8,84.0,13.5973
2025-10-16,2025-10-31,15,84.0,18.7858
2025-10-16,2025-11-07,22,84.0,22.7815
2025-10-16,2025-11-14,29,84.0,25.167
2025-10-16,2025-11-21,36,85.0,26.7772
2025-10-16,2025-11-28,43,84.0,27.6121
2025-10-16,2025-12-19,64,85.0,33.3969
2025-10-16,2026-01-16,92,85.0,37.7505
2025-10-16,2026-02-20,127,85.0,43.416
2025-10-16,2026-03-20,155,85.0,47.2328
2025-10-16,2026-04-17,183,85.0,49.8569
2025-10-16,2026-05-15,211,85.0,53.9719
2025-10-16,2026-06-18,245,85.0,56.3573
2025-10-16,2027-01-15,456,85.0,70.73
2025-10-16,2027-12-17,792,85.0,84.5062
2025-10-16,2028-01-21,827,85.0,87.4881
2025-10-17,2025-10-24,7,81.0,10.2735
2025-10-17,2025-10-31,14,81.0,15.2865
2025-10-17,2025-11-07,21,81.0,20.5471
2025-10-17,2025-11-14,28,81.0,22.3419
2025-10-17,2025-11-21,35,80.0,23.5797
2025-10-17,2025-11-28,42,81.0,25.3744
2025-10-17,2025-12-19,63,80.0,29.6448
2025-10-17,2026-01-16,91,80.0,34.4102
2025-10-17,2026-02-20,126,80.0,39.8564
2025-10-17,2026-03-20,154,80.0,44.9932
2025-10-17,2026-04-17,182,80.0,48.5827
2025-10-17,2026-05-15,210,80.0,51.801
2025-10-17,2026-06-18,244,80.0,54.7716
2025-10-17,2027-01-15,455,80.0,68.4491
2025-10-17,2027-12-17,791,80.0,83.8594
2025-10-17,2028-01-21,826,80.0,86.0874
2025-10-20,2025-10-24,4,83.0,9.1677
2025-10-20,2025-10-31,11,83.0,13.9928
2025-10-20,2025-11-07,18,83.0,18.7575
2025-10-20,2025-11-14,25,83.0,19.9035
2025-10-20,2025-11-21,32,83.0,23.8239
2025-10-20,2025-11-28,39,83.0,25.7539
2025-10-20,2025-12-19,60,85.0,30.1568
2025-10-20,2026-01-16,88,85.0,34.5597
2025-10-20,2026-02-20,123,85.0,39.4451
2025-10-20,2026-03-20,151,85.0,44.4511
2025-10-20,2026-04-17,179,85.0,47.7081
2025-10-20,2026-05-15,207,85.0,51.3269
2025-10-20,2026-06-18,241,85.0,53.6188
2025-10-20,2027-01-15,452,85.0,69.7226
2025-10-20,2027-12-17,788,85.0,84.2581
2025-10-20,2028-01-21,823,85.0,85.1025
2025-10-21,2025-10-24,3,74.0,7.2527
2025-10-21,2025-10-31,10,74.0,12.7513
2025-10-21,2025-11-07,17,74.0,17.1367
2025-10-21,2025-11-14,24,74.0,21.0498
2025-10-21,2025-11-21,31,74.0,22.2642
2025-10-21,2025-11-28,38,74.0,24.2208
2025-10-21,2025-12-19,59,75.0,28.5387
2025-10-21,2026-01-16,87,75.0,32.7891
2025-10-21,2026-02-20,122,75.0,39.1985
2025-10-21,2026-03-20,150,75.0,43.7188
2025-10-21,2026-04-17,178,75.0,46.6874
2025-10-21,2026-05-15,206,75.0,49.386
2025-10-21,2026-06-18,240,75.0,54.1088
2025-10-21,2027-01-15,451,75.0,69.4913
2025-10-21,2027-12-17,787,75.0,83.3896
2025-10-21,2028-01-21,822,75.0,85.8184
2025-10-22,2025-10-24,2,70.0,7.4857
2025-10-22,2025-10-31,9,70.0,13.3238
2025-10-22,2025-11-07,16,70.0,18.1232
2025-10-22,2025-11-14,23,70.0,20.8453
2025-10-22,2025-11-21,30,70.0,22.2063
2025-10-22,2025-11-28,37,70.0,24.212
2025-10-22,2025-12-19,58,70.0,28.7966
2025-10-22,2026-01-16,86,70.0,34.1691
2025-10-22,2026-02-20,121,70.0,39.1834
2025-10-22,2026-03-20,149,70.0,42.5501
2025-10-22,2026-04-17,177,70.0,45.8453
2025-10-22,2026-05-15,205,70.0,48.5673
2025-10-22,2026-06-18,239,70.0,53.5817
2025-10-22,2027-01-15,450,70.0,68.3381
2025-10-22,2027-12-17,786,70.0,82.808
2025-10-22,2028-01-21,821,70.0,84.0974
2025-10-23,2025-10-24,1,68.0,3.8349
2025-10-23,2025-10-31,8,68.0,11.0299
2025-10-23,2025-11-07,15,68.0,15.924
2025-10-23,2025-11-14,22,68.0,18.8459
2025-10-23,2025-11-21,29,70.0,20.672
2025-10-23,2025-11-28,36,68.0,22.1329
2025-10-23,2025-12-05,43,68.0,24.1782
2025-10-23,2025-12-19,57,70.0,27.027
2025-10-23,2026-01-16,85,70.0,32.2133
2025-10-23,2026-02-20,120,70.0,37.6187
2025-10-23,2026-03-20,148,70.0,43.0241
2025-10-23,2026-04-17,176,70.0,46.5303
2025-10-23,2026-05-15,204,70.0,50.0365
2025-10-23,2026-06-18,238,70.0,53.3966
2025-10-23,2027-01-15,449,70.0,67.7137
2025-10-23,2027-12-17,785,70.0,84.8795
2025-10-23,2028-01-21,820,70.0,84.7334
2025-10-24,2025-10-31,7,71.0,10.3093
2025-10-24,2025-11-07,14,71.0,16.0288
2025-10-24,2025-11-14,21,71.0,18.712
2025-10-24,2025-11-21,28,71.0,19.4182
2025-10-24,2025-11-28,35,71.0,21.5365
2025-10-24,2025-12-05,42,71.0,23.443
2025-10-24,2025-12-19,56,70.0,26.1969
2025-10-24,2026-01-16,84,70.0,31.2103
2025-10-24,2026-02-20,119,70.0,36.6474
2025-10-24,2026-03-20,147,70.0,40.0367
2025-10-24,2026-04-17,175,70.0,44.2028
2025-10-24,2026-05-15,203,70.0,47.5921
2025-10-24,2026-06-18,237,70.0,50.7697
2025-10-24,2027-01-15,448,70.0,65.4569
2025-10-24,2027-12-17,784,70.0,81.4151
2025-10-24,2028-01-21,819,70.0,82.6155
2025-10-27,2025-10-31,4,66.0,8.1973
2025-10-27,2025-11-07,11,66.0,14.9459
2025-10-27,2025-11-14,18,66.0,17.2335
2025-10-27,2025-11-21,25,65.0,19.0636
2025-10-27,2025-11-28,32,66.0,20.2074
2025-10-27,2025-12-05,39,66.0,23.6389
2025-10-27,2025-12-19,53,65.0,25.3927
2025-10-27,2026-01-16,81,65.0,30.0442
2025-10-27,2026-02-20,116,65.0,35.1533
2025-10-27,2026-03-20,144,65.0,39.7285
2025-10-27,2026-04-17,172,65.0,43.0837
2025-10-27,2026-05-15,200,65.0,46.4389
2025-10-27,2026-06-18,234,65.0,50.0229
2025-10-27,2027-01-15,445,65.0,64.8162
2025-10-27,2027-12-17,781,65.0,79.6858
2025-10-27,2028-01-21,816,65.0,83.041
2025-10-28,2025-10-31,3,65.0,7.045
2025-10-28,2025-11-07,10,65.0,13.551
2025-10-28,2025-11-14,17,65.0,16.0918
2025-10-28,2025-11-21,24,65.0,18.3246
2025-10-28,2025-11-28,31,65.0,20.0955
2025-10-28,2025-12-05,38,65.0,20.7884
2025-10-28,2025-12-19,52,65.0,24.7151
2025-10-28,2026-01-16,80,65.0,29.5658
2025-10-28,2026-02-20,115,65.0,35.2633
2025-10-28,2026-03-20,143,65.0,39.344
2025-10-28,2026-04-17,171,65.0,42.8857
2025-10-28,2026-05-15,199,65.0,45.9655
2025-10-28,2026-06-18,233,65.0,49.1993
2025-10-28,2027-01-15,444,65.0,64.5981
2025-10-28,2027-12-17,780,65.0,81.2288
2025-10-28,2028-01-21,815,65.0,81.8448
2025-10-29,2025-10-31,2,64.0,6.3774
2025-10-29,2025-11-07,9,64.0,13.4547
2025-10-29,2025-11-14,16,64.0,16.0212
2025-10-29,2025-11-21,23,64.0,17.7322
2025-10-29,2025-11-28,30,64.0,20.6097
2025-10-29,2025-12-05,37,64.0,21.6986
2025-10-29,2025-12-19,51,65.0,24.4984
2025-10-29,2026-01-16,79,65.0,29.4758
2025-10-29,2026-02-20,114,65.0,34.9199
2025-10-29,2026-03-20,142,65.0,39.2752
2025-10-29,2026-04-17,170,65.0,42.8527
2025-10-29,2026-05-15,198,65.0,46.8191
2025-10-29,2026-06-18,232,65.0,49.7745
2025-10-29,2027-01-15,443,65.0,64.7068
2025-10-29,2027-12-17,779,65.0,80.028
2025-10-29,2028-01-21,814,65.0,83.2167
2025-10-30,2025-10-31,1,65.0,3.7739
2025-10-30,2025-11-07,8,65.0,10.5514
2025-10-30,2025-11-14,15,65.0,14.3253
2025-10-30,2025-11-21,22,65.0,16.9439
2025-10-30,2025-11-28,29,65.0,18.6383
2025-10-30,2025-12-05,36,65.0,20.9489
2025-10-30,2025-12-12,43,65.0,22.3352
2025-10-30,2025-12-19,50,65.0,24.1066
2025-10-30,2026-01-16,78,65.0,29.1898
2025-10-30,2026-02-20,113,65.0,34.658
2025-10-30,2026-03-20,141,65.0,39.8953
2025-10-30,2026-04-17,169,65.0,41.7437
2025-10-30,2026-05-15,197,65.0,46.5958
2025-10-30,2026-06-18,231,65.0,49.9076
2025-10-30,2027-01-15,442,65.0,64.541
2025-10-30,2027-12-17,778,65.0,80.9458
2025-10-30,2028-01-21,813,65.0,82.7942
2025-10-31,2025-11-07,7,63.0,9.4706
2025-10-31,2025-11-14,14,63.0,12.601
2025-10-31,2025-11-21,21,63.0,15.4541
2025-10-31,2025-11-28,28,63.0,17.3562
2025-10-31,2025-12-05,35,63.0,20.3677
2025-10-31,2025-12-12,42,63.0,21.715
2025-10-31,2025-12-19,49,65.0,23.5378
2025-10-31,2026-01-16,77,65.0,28.5307
2025-10-31,2026-02-20,112,65.0,33.6028
2025-10-31,2026-03-20,140,65.0,38.5957
2025-10-31,2026-04-17,168,65.0,41.9242
2025-10-31,2026-05-15,196,65.0,45.6491
2025-10-31,2026-06-18,230,65.0,48.4229
2025-10-31,2027-01-15,441,65.0,64.511
2025-10-31,2027-12-17,777,65.0,80.3614
2025-10-31,2028-01-21,812,65.0,81.9464
2025-11-03,2025-11-07,4,58.0,9.5387
2025-11-03,2025-11-14,11,58.0,12.7471
2025-11-03,2025-11-21,18,58.0,15.522
2025-11-03,2025-11-28,25,58.0,18.3836
2025-11-03,2025-12-05,32,58.0,18.1235
2025-11-03,2025-12-12,39,58.0,20.8117
2025-11-03,2025-12-19,46,60.0,23.4131
2025-11-03,2026-01-16,74,60.0,28.5293
2025-11-03,2026-02-20,109,60.0,34.3392
2025-11-03,2026-03-20,137,60.0,38.4148
2025-11-03,2026-04-17,165,60.0,41.9702
2025-11-03,2026-05-15,193,60.0,44.3115
2025-11-03,2026-06-18,227,60.0,49.2542
2025-11-03,2027-01-15,438,60.0,63.5623
2025-11-03,2027-12-17,774,60.0,78.564
2025-11-03,2028-01-21,809,60.0,80.9053
2025-11-04,2025-11-07,3,55.0,8.5155
2025-11-04,2025-11-14,10,55.0,12.1129
2025-11-04,2025-11-21,17,55.0,14.2987
2025-11-04,2025-11-28,24,55.0,15.9381
2025-11-04,2025-12-05,31,55.0,17.3953
2025-11-04,2025-12-12,38,55.0,21.8579
2025-11-04,2025-12-19,45,55.0,21.8579
2025-11-04,2026-01-16,73,55.0,26.776
2025-11-04,2026-02-20,108,55.0,32.3315
2025-11-04,2026-03-20,136,55.0,37.6138
2025-11-04,2026-04-17,164,55.0,40.9836
2025-11-04,2026-05-15,192,55.0,44.7177
2025-11-04,2026-06-18,226,55.0,47.0856
2025-11-04,2027-01-15,437,55.0,61.5665
2025-11-04,2027-12-17,773,55.0,76.5027
2025-11-04,2028-01-21,808,55.0,77.4135
2025-11-05,2025-11-07,2,55.0,7.8737
2025-11-05,2025-11-14,9,55.0,12.0608
2025-11-05,2025-11-21,16,55.0,14.2909
2025-11-05,2025-11-28,23,55.0,16.8396
2025-11-05,2025-12-05,30,55.0,18.296
2025-11-05,2025-12-12,37,55.0,21.5729
2025-11-05,2025-12-19,44,55.0,22.5742
2025-11-05,2026-01-16,72,55.0,27.8536
2025-11-05,2026-02-20,107,55.0,33.0421
2025-11-05,2026-03-20,135,55.0,37.2292
2025-11-05,2026-04-17,163,55.0,42.7817
2025-11-05,2026-05-15,191,55.0,45.3304
2025-11-05,2026-06-18,225,55.0,48.6983
2025-11-05,2027-01-15,436,55.0,62.7162
2025-11-05,2027-12-17,772,55.0,78.6455
2025-11-05,2028-01-21,807,55.0,79.9199
2025-11-06,2025-11-07,1,52.0,7.411
2025-11-06,2025-11-14,8,52.0,12.2233
2025-11-06,2025-11-21,15,50.0,14.7257
2025-11-06,2025-11-28,22,52.0,16.8431
2025-11-06,2025-12-05,29,52.0,18.5756
2025-11-06,2025-12-12,36,52.0,21.1742
2025-11-06,2025-12-19,43,50.0,21.6554
2025-11-06,2025-12-26,50,52.0,23.5804
2025-11-06,2026-01-16,71,50.0,26.6602
2025-11-06,2026-02-20,106,50.0,32.82
2025-11-06,2026-03-20,134,50.0,35.8999
2025-11-06,2026-04-17,162,50.0,39.6535
2025-11-06,2026-05-15,190,50.0,43.1184
2025-11-06,2026-06-18,224,50.0,46.3908
2025-11-06,2027-01-15,435,50.0,61.5014
2025-11-06,2027-12-17,771,50.0,77.6708
2025-11-06,2028-01-21,806,50.0,77.9596
2025-11-07,2025-11-14,7,59.0,9.4283
2025-11-07,2025-11-21,14,59.0,13.9079
2025-11-07,2025-11-28,21,59.0,15.785
2025-11-07,2025-12-05,28,59.0,18.0034
2025-11-07,2025-12-12,35,59.0,20.7338
2025-11-07,2025-12-19,42,60.0,22.6109
2025-11-07,2025-12-26,49,59.0,22.9522
2025-11-07,2026-01-16,70,60.0,28.2423
2025-11-07,2026-02-20,105,60.0,34.471
2025-11-07,2026-03-20,133,60.0,38.4812
2025-11-07,2026-04-17,161,60.0,41.5529
2025-11-07,2026-05-15,189,60.0,45.3925
2025-11-07,2026-06-18,223,60.0,48.2935
2025-11-07,2027-01-15,434,60.0,65.0171
2025-11-07,2027-12-17,770,60.0,80.2048
2025-11-07,2028-01-21,805,60.0,80.7167
2025-11-10,2025-11-14,4,64.0,8.0243
2025-11-10,2025-11-21,11,64.0,12.3091
2025-11-10,2025-11-28,18,64.0,15.0358
2025-11-10,2025-12-05,25,64.0,17.373
2025-11-10,2025-12-12,32,64.0,18.8532
2025-11-10,2025-12-19,39,65.0,22.359
2025-11-10,2025-12-26,46,64.0,23.0601
2025-11-10,2026-01-16,67,65.0,28.124
2025-11-10,2026-02-20,102,65.0,35.1356
2025-11-10,2026-03-20,130,65.0,38.5634
2025-11-10,2026-04-17,158,65.0,43.6273
2025-11-10,2026-05-15,186,65.0,45.7308
2025-11-10,2026-06-18,220,65.0,48.3796
2025-11-10,2026-09-18,312,65.0,55.7806
2025-11-10,2027-01-15,431,65.0,65.9863
2025-11-10,2027-12-17,767,65.0,79.5419
2025-11-10,2028-01-21,802,65.0,83.0477
2025-11-11,2025-11-14,3,62.0,6.5779
2025-11-11,2025-11-21,10,62.0,11.138
2025-11-11,2025-11-28,17,62.0,13.9629
2025-11-11,2025-12-05,24,62.0,16.7877
2025-11-11,2025-12-12,31,62.0,18.4019
2025-11-11,2025-12-19,38,60.0,20.1776
2025-11-11,2025-12-26,45,62.0,21.5496
2025-11-11,2026-01-16,66,60.0,25.7466
2025-11-11,2026-02-20,101,60.0,31.9613
2025-11-11,2026-03-20,129,60.0,36.8039
2025-11-11,2026-04-17,157,60.0,40.8394
2025-11-11,2026-05-15,185,60.0,42.9379
2025-11-11,2026-06-18,219,60.0,46.5698
2025-11-11,2026-09-18,311,60.0,54.318
2025-11-11,2027-01-15,430,60.0,60.6941
2025-11-11,2027-12-17,766,60.0,76.9169
2025-11-11,2028-01-21,801,60.0,79.2575
2025-11-12,2025-11-14,2,60.0,5.1072
2025-11-12,2025-11-21,9,60.0,10.3818
2025-11-12,2025-11-28,16,60.0,12.9772
2025-11-12,2025-12-05,23,60.0,15.7401
2025-11-12,2025-12-12,30,60.0,18.1681
2025-11-12,2025-12-19,37,60.0,19.7589
2025-11-12,2025-12-26,44,60.0,21.5171
2025-11-12,2026-01-16,65,60.0,25.7033
2025-11-12,2026-02-20,100,60.0,31.8989
2025-11-12,2026-03-20,128,60.0,36.2525
2025-11-12,2026-04-17,156,60.0,40.5224
2025-11-12,2026-05-15,184,60.0,43.8714
2025-11-12,2026-06-18,218,60.0,47.8902
2025-11-12,2026-09-18,310,60.0,55.6765
2025-11-12,2027-01-15,429,60.0,63.2117
2025-11-12,2027-12-17,765,60.0,78.868
2025-11-12,2028-01-21,800,60.0,81.7984
2025-11-13,2025-11-14,1,58.0,4.2579
2025-11-13,2025-11-21,8,58.0,9.6455
2025-11-13,2025-11-28,15,58.0,12.513
2025-11-13,2025-12-05,22,58.0,15.2937
2025-11-13,2025-12-12,29,58.0,17.6399
2025-11-13,2025-12-19,36,60.0,20.5075
2025-11-13,2025-12-26,43,58.0,19.4647
2025-11-13,2026-01-02,50,58.0,21.9847
2025-11-13,2026-01-16,64,60.0,26.4164
2025-11-13,2026-02-20,99,60.0,32.7598
2025-11-13,2026-03-20,127,60.0,37.2784
2025-11-13,2026-04-17,155,60.0,40.146
2025-11-13,2026-05-15,183,60.0,43.7087
2025-11-13,2026-06-18,217,60.0,47.8797
2025-11-13,2026-09-18,309,60.0,54.9183
2025-11-13,2027-01-15,428,60.0,61.2617
2025-11-13,2027-12-17,764,60.0,79.423
2025-11-13,2028-01-21,799,60.0,80.8133
2025-11-14,2025-11-21,7,59.0,9.3366
2025-11-14,2025-11-28,14,59.0,12.7046
2025-11-14,2025-12-05,21,59.0,15.6037
2025-11-14,2025-12-12,28,59.0,17.6501
2025-11-14,2025-12-19,35,60.0,20.1228
2025-11-14,2025-12-26,42,59.0,20.8902
2025-11-14,2026-01-02,49,59.0,21.5723
2025-11-14,2026-01-16,63,60.0,26.4325
2025-11-14,2026-02-20,98,60.0,32.4864
2025-11-14,2026-03-20,126,60.0,37.176
2025-11-14,2026-04-17,154,60.0,39.5634
2025-11-14,2026-05-15,182,60.0,43.0593
2025-11-14,2026-06-18,216,60.0,47.4079
2025-11-14,2026-09-18,308,60.0,53.7176
2025-11-14,2027-01-15,427,60.0,62.3295
2025-11-14,2027-12-17,763,60.0,78.6153
2025-11-14,2028-01-21,798,60.0,80.0648
2025-11-17,2025-11-21,4,57.0,8.1608
2025-11-17,2025-11-28,11,57.0,11.583
2025-11-17,2025-12-05,18,57.0,14.4788
2025-11-17,2025-12-12,25,57.0,17.2868
2025-11-17,2025-12-19,32,55.0,18.7785
2025-11-17,2025-12-26,39,57.0,21.2355
2025-11-17,2026-01-02,46,57.0,22.7273
2025-11-17,2026-01-16,60,55.0,24.7455
2025-11-17,2026-02-20,95,55.0,31.0635
2025-11-17,2026-03-20,123,55.0,35.6265
2025-11-17,2026-04-17,151,55.0,38.0835
2025-11-17,2026-05-15,179,55.0,40.1895
2025-11-17,2026-06-18,213,55.0,44.226
2025-11-17,2026-09-18,305,55.0,52.3868
2025-11-17,2027-01-15,424,55.0,60.8986
2025-11-17,2027-12-17,760,55.0,76.1671
2025-11-17,2028-01-21,795,55.0,78.2731
2025-11-18,2025-11-21,3,59.0,5.7255
2025-11-18,2025-11-28,10,59.0,10.7247
2025-11-18,2025-12-05,17,59.0,13.7583
2025-11-18,2025-12-12,24,59.0,16.4929
2025-11-18,2025-12-19,31,60.0,18.8002
2025-11-18,2025-12-26,38,59.0,20.3384
2025-11-18,2026-01-02,45,59.0,21.193
2025-11-18,2026-01-16,59,60.0,24.6966
2025-11-18,2026-02-20,94,60.0,31.9603
2025-11-18,2026-03-20,122,60.0,36.6604
2025-11-18,2026-04-17,150,60.0,39.6513
2025-11-18,2026-05-15,178,60.0,43.2405
2025-11-18,2026-06-18,212,60.0,46.3169
2025-11-18,2026-09-18,304,60.0,55.8879
2025-11-18,2027-01-15,423,60.0,62.2116
2025-11-18,2027-12-17,759,60.0,78.79
2025-11-18,2028-01-21,794,60.0,81.0973
2025-11-19,2025-11-21,2,64.0,6.6483
2025-11-19,2025-11-28,9,64.0,10.3068
2025-11-19,2025-12-05,16,64.0,13.7687
2025-11-19,2025-12-12,23,64.0,16.5224
2025-11-19,2025-12-19,30,65.0,19.0401
2025-11-19,2025-12-26,37,64.0,21.0071
2025-11-19,2026-01-02,44,64.0,22.974
2025-11-19,2026-01-16,58,65.0,25.8065
2025-11-19,2026-02-20,93,65.0,32.5728
2025-11-19,2026-03-20,121,65.0,37.1361
2025-11-19,2026-04-17,149,65.0,40.7553
2025-11-19,2026-05-15,177,65.0,43.5877
2025-11-19,2026-06-18,211,65.0,48.1511
2025-11-19,2026-09-18,303,65.0,55.8615
2025-11-19,2027-01-15,422,65.0,63.9654
2025-11-19,2027-12-17,758,65.0,78.7569
2025-11-19,2028-01-21,793,65.0,80.4878
2025-11-20,2025-11-21,1,57.0,4.3225
2025-11-20,2025-11-28,8,57.0,9.7918
2025-11-20,2025-12-05,15,57.0,13.2322
2025-11-20,2025-12-12,22,57.0,15.9668
2025-11-20,2025-12-19,29,55.0,18.084
2025-11-20,2025-12-26,36,57.0,20.4658
2025-11-20,2026-01-02,43,57.0,22.2301
2025-11-20,2026-01-16,57,55.0,24.1708
2025-11-20,2026-02-20,92,55.0,30.434
2025-11-20,2026-03-20,120,55.0,34.8447
2025-11-20,2026-04-17,148,55.0,37.2265
2025-11-20,2026-05-15,176,55.0,40.8433
2025-11-20,2026-06-18,210,55.0,44.3719
2025-11-20,2026-09-18,302,55.0,54.4284
2025-11-20,2027-01-15,421,55.0,61.7502
2025-11-20,2027-12-17,757,55.0,74.4531
2025-11-20,2028-01-21,792,55.0,78.0699
2025-11-21,2025-11-28,7,55.0,7.2372
2025-11-21,2025-12-05,14,55.0,11.6248
2025-11-21,2025-12-12,21,55.0,14.5196
2025-11-21,2025-12-19,28,55.0,17.5502
2025-11-21,2025-12-26,35,55.0,18.9072
2025-11-21,2026-01-02,42,55.0,21.1688
2025-11-21,2026-01-16,56,55.0,23.9732
2025-11-21,2026-02-20,91,55.0,30.1248
2025-11-21,2026-03-20,119,55.0,34.0148
2025-11-21,2026-04-17,147,55.0,38.719
2025-11-21,2026-05-15,175,55.0,42.5185
2025-11-21,2026-06-18,209,55.0,46.3181
2025-11-21,2026-09-18,301,55.0,52.6506
2025-11-21,2027-01-15,420,55.0,61.5162
2025-11-21,2027-12-17,756,55.0,75.6287
2025-11-21,2028-01-21,791,55.0,78.2522
2025-11-24,2025-11-28,4,59.0,5.7165
2025-11-24,2025-12-05,11,59.0,9.8238
2025-11-24,2025-12-12,18,59.0,12.9573
2025-11-24,2025-12-19,25,59.0,15.5827
2025-11-24,2025-12-26,32,59.0,16.853
2025-11-24,2026-01-02,39,59.0,17.8692
2025-11-24,2026-01-16,53,60.0,22.9505
2025-11-24,2026-02-20,88,60.0,29.895
2025-11-24,2026-03-20,116,60.0,34.6375
2025-11-24,2026-04-17,144,60.0,37.8557
2025-11-24,2026-05-15,172,60.0,42.3442
2025-11-24,2026-06-18,206,60.0,46.2398
2025-11-24,2026-09-18,298,60.0,54.2005
2025-11-24,2027-01-15,417,60.0,61.2297
2025-11-24,2027-12-17,753,60.0,76.7276
2025-11-24,2028-01-21,788,60.0,78.7602
2025-11-25,2025-11-28,3,58.0,5.3685
2025-11-25,2025-12-05,10,58.0,9.7921
2025-11-25,2025-12-12,17,58.0,13.0562
2025-11-25,2025-12-19,24,58.0,15.4613
2025-11-25,2025-12-26,31,58.0,16.0625
2025-11-25,2026-01-02,38,58.0,19.1548
2025-11-25,2026-01-16,52,60.0,22.5906
2025-11-25,2026-02-20,87,60.0,28.6892
2025-11-25,2026-03-20,115,60.0,34.8737
2025-11-25,2026-04-17,143,60.0,38.5673
2025-11-25,2026-05-15,171,60.0,42.089
2025-11-25,2026-06-18,205,60.0,46.8133
2025-11-25,2026-09-18,297,60.0,53.1696
2025-11-25,2027-01-15,416,60.0,63.6489
2025-11-25,2027-12-17,752,60.0,77.2204
2025-11-25,2028-01-21,787,60.0,80.4845
2025-11-26,2025-11-28,2,60.0,3.2003
2025-11-26,2025-12-05,9,60.0,8.1879
2025-11-26,2025-12-12,16,60.0,11.8038
2025-11-26,2025-12-19,23,60.0,14.6301
2025-11-26,2025-12-26,30,60.0,15.212
2025-11-26,2026-01-02,37,60.0,17.9551
2025-11-26,2026-01-09,44,60.0,19.2851
2025-11-26,2026-01-16,51,60.0,21.1139
2025-11-26,2026-02-20,86,60.0,28.0964
2025-11-26,2026-03-20,114,60.0,33.1671
2025-11-26,2026-04-17,142,60.0,36.409
2025-11-26,2026-05-15,170,60.0,41.3965
2025-11-26,2026-06-18,204,60.0,44.8878
2025-11-26,2026-09-18,296,60.0,52.2028
2025-11-26,2027-01-15,415,60.0,61.3466
2025-11-26,2027-12-17,751,60.0,77.7224
2025-11-26,2028-01-21,786,60.0,78.3874
2025-11-28,2025-12-05,7,62.0,7.1025
2025-11-28,2025-12-12,14,62.0,11.6223
2025-11-28,2025-12-19,21,62.0,13.8015
2025-11-28,2025-12-26,28,62.0,15.3349
2025-11-28,2026-01-02,35,62.0,17.837
2025-11-28,2026-01-09,42,62.0,18.6441
2025-11-28,2026-01-16,49,60.0,20.339
2025-11-28,2026-02-20,84,60.0,27.1994
2025-11-28,2026-03-20,112,60.0,31.9613
2025-11-28,2026-04-17,140,60.0,36.6425
2025-11-28,2026-05-15,168,60.0,40.113
2025-11-28,2026-06-18,202,60.0,43.3414
2025-11-28,2026-09-18,294,60.0,50.5246
2025-11-28,2027-01-15,413,60.0,60.1291
2025-11-28,2027-12-17,749,60.0,76.0291
2025-11-28,2028-01-21,784,60.0,77.6433
2025-12-01,2025-12-05,4,58.0,6.6265
2025-12-01,2025-12-12,11,58.0,10.4131
2025-12-01,2025-12-19,18,58.0,12.7367
2025-12-01,2025-12-26,25,58.0,14.5439
2025-12-01,2026-01-02,32,58.0,15.9208
2025-12-01,2026-01-09,39,58.0,17.4699
2025-12-01,2026-01-16,46,60.0,20.9122
2025-12-01,2026-02-20,81,60.0,27.7108
2025-12-01,2026-03-20,109,60.0,32.7883
2025-12-01,2026-04-17,137,60.0,36.9191
2025-12-01,2026-05-15,165,60.0,40.7917
2025-12-01,2026-06-18,199,60.0,43.8898
2025-12-01,2026-09-18,291,60.0,51.7212
2025-12-01,2027-01-15,410,60.0,60.1549
2025-12-01,2027-12-17,746,60.0,80.6368
2025-12-01,2028-01-21,781,60.0,80.7229
2025-12-02,2025-12-05,3,61.0,6.0404
2025-12-02,2025-12-12,10,61.0,10.2318
2025-12-02,2025-12-19,17,61.0,12.9027
2025-12-02,2025-12-26,24,61.0,14.5464
2025-12-02,2026-01-02,31,61.0,16.8475
2025-12-02,2026-01-09,38,61.0,18.7377
2025-12-02,2026-01-16,45,60.0,19.806
2025-12-02,2026-02-20,80,60.0,26.6272
2025-12-02,2026-03-20,108,60.0,31.476
2025-12-02,2026-04-17,136,60.0,34.5989
2025-12-02,2026-05-15,164,60.0,39.8586
2025-12-02,2026-06-18,198,60.0,42.3241
2025-12-02,2026-09-18,290,60.0,49.1453
2025-12-02,2027-01-15,409,60.0,59.0072
2025-12-02,2027-12-17,745,60.0,75.7725
2025-12-02,2028-01-21,780,60.0,76.2656
2025-12-03,2025-12-05,2,59.0,4.1305
2025-12-03,2025-12-12,9,59.0,8.6868
2025-12-03,2025-12-19,16,59.0,12.0933
2025-12-03,2025-12-26,23,59.0,13.3708
2025-12-03,2026-01-02,30,59.0,16.5219
2025-12-03,2026-01-09,37,59.0,16.4367
2025-12-03,2026-01-16,44,60.0,19.9285
2025-12-03,2026-02-20,79,60.0,26.3158
2025-12-03,2026-03-20,107,60.0,31.4257
2025-12-03,2026-04-17,135,60.0,34.4916
2025-12-03,2026-05-15,163,60.0,38.2388
2025-12-03,2026-06-18,197,60.0,43.3487
2025-12-03,2026-09-18,289,60.0,50.5876
2025-12-03,2027-01-15,408,60.0,60.5519
2025-12-03,2027-12-17,744,60.0,77.6699
2025-12-03,2028-01-21,779,60.0,77.4144
2025-12-04,2025-12-05,1,62.0,4.3689
2025-12-04,2025-12-12,8,62.0,9.2638
2025-12-04,2025-12-19,15,62.0,12.4595
2025-12-04,2025-12-26,22,62.0,14.3204
2025-12-04,2026-01-02,29,62.0,16.0194
2025-12-04,2026-01-09,36,62.0,18.3657
2025-12-04,2026-01-16,43,60.0,19.4984
2025-12-04,2026-01-23,50,62.0,21.0356
2025-12-04,2026-02-20,78,60.0,26.3754
2025-12-04,2026-03-20,106,60.0,31.3107
2025-12-04,2026-04-17,134,60.0,35.1133
2025-12-04,2026-05-15,162,60.0,39.2395
2025-12-04,2026-06-18,196,60.0,42.4757
2025-12-04,2026-09-18,288,60.0,50.7282
2025-12-04,2027-01-15,407,60.0,59.7087
2025-12-04,2027-12-17,743,60.0,75.8091
2025-12-04,2028-01-21,778,60.0,76.8608
2025-12-05,2025-12-12,7,62.0,7.9723
2025-12-05,2025-12-19,14,62.0,11.5961
2025-12-05,2025-12-26,21,62.0,14.8977
2025-12-05,2026-01-02,28,62.0,15.7835
2025-12-05,2026-01-09,35,62.0,18.1994
2025-12-05,2026-01-16,42,60.0,18.9241
2025-12-05,2026-01-23,49,62.0,20.4542
2025-12-05,2026-02-20,77,60.0,26.0106
2025-12-05,2026-03-20,105,60.0,30.9229
2025-12-05,2026-04-17,133,60.0,35.1103
2025-12-05,2026-05-15,161,60.0,38.8952
2025-12-05,2026-06-18,195,60.0,42.1163
2025-12-05,2026-09-18,287,60.0,51.2965
2025-12-05,2027-01-15,406,60.0,60.1546
2025-12-05,2027-12-17,742,60.0,76.5019
2025-12-05,2028-01-21,777,60.0,77.3877
2025-12-08,2025-12-12,4,61.0,6.4951
2025-12-08,2025-12-19,11,61.0,10.4575
2025-12-08,2025-12-26,18,61.0,12.6634
2025-12-08,2026-01-02,25,61.0,15.2778
2025-12-08,2026-01-09,32,61.0,16.8301
2025-12-08,2026-01-16,39,60.0,18.3007
2025-12-08,2026-01-23,46,61.0,20.5882
2025-12-08,2026-02-20,74,60.0,25.5719
2025-12-08,2026-03-20,102,60.0,30.4739
2025-12-08,2026-04-17,130,60.0,33.7418
2025-12-08,2026-05-15,158,60.0,38.317
2025-12-08,2026-06-18,192,60.0,41.0948
2025-12-08,2026-09-18,284,60.0,49.5915
2025-12-08,2027-01-15,403,60.0,58.9052
2025-12-08,2027-12-17,739,60.0,74.5098
2025-12-08,2028-01-21,774,60.0,77.2059
2025-12-09,2025-12-12,3,60.0,5.6837
2025-12-09,2025-12-19,10,60.0,9.7793
2025-12-09,2025-12-26,17,60.0,12.0361
2025-12-09,2026-01-02,24,60.0,13.9585
2025-12-09,2026-01-09,31,60.0,16.2989
2025-12-09,2026-01-16,38,60.0,17.9706
2025-12-09,2026-01-23,45,60.0,19.8094
2025-12-09,2026-02-20,73,60.0,25.1588
2025-12-09,2026-03-20,101,60.0,30.2574
2025-12-09,2026-04-17,129,60.0,33.6844
2025-12-09,2026-05-15,157,60.0,38.4487
2025-12-09,2026-06-18,191,60.0,42.0428
2025-12-09,2026-09-18,283,60.0,50.5684
2025-12-09,2027-01-15,402,60.0,59.2611
2025-12-09,2027-12-17,738,60.0,75.7272
2025-12-09,2028-01-21,773,60.0,76.3123
2025-12-10,2025-12-12,2,58.0,4.8682
2025-12-10,2025-12-19,9,58.0,9.4348
2025-12-10,2025-12-26,16,58.0,11.5458
2025-12-10,2026-01-02,23,58.0,13.9583
2025-12-10,2026-01-09,30,58.0,15.7677
2025-12-10,2026-01-16,37,60.0,18.1803
2025-12-10,2026-01-23,44,58.0,19.4727
2025-12-10,2026-02-20,72,60.0,25.3317
2025-12-10,2026-03-20,100,60.0,30.4153
2025-12-10,2026-04-17,128,60.0,34.0341
2025-12-10,2026-05-15,156,60.0,38.9454
2025-12-10,2026-06-18,190,60.0,42.995
2025-12-10,2026-09-18,282,60.0,50.8358
2025-12-10,2027-01-15,401,60.0,60.1413
2025-12-10,2027-12-17,737,60.0,76.5983
2025-12-10,2028-01-21,772,60.0,77.5461
2025-12-11,2025-12-12,1,60.0,3.4994
2025-12-11,2025-12-19,8,60.0,8.4569
2025-12-11,2025-12-26,15,60.0,10.5399
2025-12-11,2026-01-02,22,60.0,12.0813
2025-12-11,2026-01-09,29,60.0,15.2475
2025-12-11,2026-01-16,36,60.0,17.1638
2025-12-11,2026-01-23,43,60.0,18.8302
2025-12-11,2026-01-30,50,60.0,21.2465
2025-12-11,2026-02-20,71,60.0,24.4959
2025-12-11,2026-03-20,99,60.0,29.6617
2025-12-11,2026-04-17,127,60.0,33.1611
2025-12-11,2026-05-15,155,60.0,36.1606
2025-12-11,2026-06-18,189,60.0,41.4098
2025-12-11,2026-09-18,281,60.0,49.825
2025-12-11,2027-01-15,400,60.0,59.2401
2025-12-11,2027-12-17,736,60.0,75.8207
2025-12-11,2028-01-21,771,60.0,76.3206
2025-12-12,2025-12-19,7,57.0,7.5891
2025-12-12,2025-12-26,14,57.0,10.0159
2025-12-12,2026-01-02,21,57.0,12.6191
2025-12-12,2026-01-09,28,57.0,14.8253
2025-12-12,2026-01-16,35,55.0,16.4137
2025-12-12,2026-01-23,42,57.0,18.3551
2025-12-12,2026-01-30,49,57.0,19.9435
2025-12-12,2026-02-20,70,55.0,23.3851
2025-12-12,2026-03-20,98,55.0,28.4151
2025-12-12,2026-04-17,126,55.0,31.7684
2025-12-12,2026-05-15,154,55.0,36.269
2025-12-12,2026-06-18,188,55.0,39.3576
2025-12-12,2026-09-18,280,55.0,47.8292
2025-12-12,2027-01-15,399,55.0,56.5655
2025-12-12,2027-12-17,735,55.0,73.6851
2025-12-12,2028-01-21,770,55.0,76.3325
2025-12-15,2025-12-19,4,53.0,6.2899
2025-12-15,2025-12-26,11,53.0,9.0124
2025-12-15,2026-01-02,18,53.0,11.5471
2025-12-15,2026-01-09,25,53.0,13.8002
2025-12-15,2026-01-16,32,55.0,16.335
2025-12-15,2026-01-23,39,53.0,17.7431
2025-12-15,2026-01-30,46,53.0,18.6819
2025-12-15,2026-02-20,67,55.0,23.6575
2025-12-15,2026-03-20,95,55.0,28.727
2025-12-15,2026-04-17,123,55.0,32.3883
2025-12-15,2026-05-15,151,55.0,35.3924
2025-12-15,2026-06-18,185,55.0,39.4292
2025-12-15,2026-09-18,277,55.0,48.8171
2025-12-15,2027-01-15,396,55.0,57.6418
2025-12-15,2027-12-17,732,55.0,75.0094
2025-12-15,2028-01-21,767,55.0,76.887
2025-12-16,2025-12-19,3,53.0,5.3351
2025-12-16,2025-12-26,10,53.0,7.8622
2025-12-16,2026-01-02,17,53.0,10.249
2025-12-16,2026-01-09,24,53.0,12.8229
2025-12-16,2026-01-16,31,55.0,15.3501
2025-12-16,2026-01-23,38,53.0,15.5373
2025-12-16,2026-01-30,45,53.0,17.5964
2025-12-16,2026-02-20,66,55.0,22.6507
2025-12-16,2026-03-20,94,55.0,27.705
2025-12-16,2026-04-17,122,55.0,31.4489
2025-12-16,2026-05-15,150,55.0,35.2864
2025-12-16,2026-06-18,184,55.0,39.8727
2025-12-16,2026-09-18,276,55.0,48.2029
2025-12-16,2027-01-15,395,55.0,56.5331
2025-12-16,2027-12-17,731,55.0,75.7207
2025-12-16,2028-01-21,766,55.0,76.4695
2025-12-17,2025-12-19,2,52.0,4.2283
2025-12-17,2025-12-26,9,52.0,7.6398
2025-12-17,2026-01-02,16,52.0,10.3306
2025-12-17,2026-01-09,23,52.0,13.2616
2025-12-17,2026-01-16,30,50.0,15.1355
2025-12-17,2026-01-23,37,52.0,15.7601
2025-12-17,2026-01-30,44,52.0,18.3548
2025-12-17,2026-02-20,65,50.0,21.9104
2025-12-17,2026-03-20,93,50.0,26.8115
2025-12-17,2026-04-17,121,50.0,30.5593
2025-12-17,2026-05-15,149,50.0,33.9227
2025-12-17,2026-06-18,183,50.0,37.5745
2025-12-17,2026-09-18,275,50.0,46.7038
2025-12-17,2027-01-15,394,50.0,54.8722
2025-12-17,2027-12-17,730,50.0,71.9777
2025-12-17,2028-01-21,765,50.0,74.9568
2025-12-18,2025-12-19,1,52.0,3.3148
2025-12-18,2025-12-26,8,52.0,7.0619
2025-12-18,2026-01-02,15,52.0,9.8962
2025-12-18,2026-01-09,22,52.0,12.8747
2025-12-18,2026-01-16,29,50.0,14.5081
2025-12-18,2026-01-23,36,52.0,16.1414
2025-12-18,2026-01-30,43,52.0,17.6787
2025-12-18,2026-02-20,64,50.0,21.9062
2025-12-18,2026-03-20,92,50.0,26.422
2025-12-18,2026-04-17,120,50.0,30.2652
2025-12-18,2026-05-15,148,50.0,33.628
2025-12-18,2026-06-18,182,50.0,37.8555
2025-12-18,2026-09-18,274,50.0,46.0223
2025-12-18,2027-01-15,393,50.0,54.1891
2025-12-18,2027-12-17,729,50.0,71.7717
2025-12-18,2028-01-21,764,50.0,74.0776
2025-12-19,2025-12-26,7,54.0,5.6513
2025-12-19,2026-01-02,14,54.0,8.8475
2025-12-19,2026-01-09,21,54.0,11.7658
2025-12-19,2026-01-16,28,55.0,14.2672
2025-12-19,2026-01-23,35,54.0,15.9348
2025-12-19,2026-01-30,42,54.0,17.3244
2025-12-19,2026-02-20,63,55.0,21.6787
2025-12-19,2026-03-20,91,55.0,27.4226
2025-12-19,2026-04-17,119,55.0,30.9431
2025-12-19,2026-05-15,147,55.0,34.7415
2025-12-19,2026-06-18,181,55.0,38.5399
2025-12-19,2026-09-18,273,55.0,47.3411
2025-12-19,2027-01-15,392,55.0,55.0306
2025-12-19,2027-12-17,728,55.0,74.2079
2025-12-19,2028-01-21,763,55.0,75.227
2025-12-22,2025-12-26,4,54.0,4.1368
2025-12-22,2026-01-02,11,54.0,7.676
2025-12-22,2026-01-09,18,54.0,10.7097
2025-12-22,2026-01-16,25,54.0,13.1458
2025-12-22,2026-01-23,32,54.0,14.8924
2025-12-22,2026-01-30,39,54.0,16.9149
2025-12-22,2026-02-20,60,55.0,20.7759
2025-12-22,2026-03-20,88,55.0,26.1997
2025-12-22,2026-04-17,116,55.0,29.9687
2025-12-22,2026-05-15,144,55.0,34.1055
2025-12-22,2026-06-18,178,55.0,37.8746
2025-12-22,2026-09-18,270,55.0,46.7917
2025-12-22,2027-01-15,389,55.0,54.9733
2025-12-22,2027-12-17,725,55.0,73.5429
2025-12-22,2028-01-21,760,55.0,75.3815
2025-12-23,2025-12-26,3,54.0,3.136
2025-12-23,2026-01-02,10,54.0,6.8714
2025-12-23,2026-01-09,17,54.0,10.0996
2025-12-23,2026-01-16,24,54.0,12.5438
2025-12-23,2026-01-23,31,54.0,14.1118
2025-12-23,2026-01-30,38,54.0,15.8642
2025-12-23,2026-02-20,59,55.0,20.1992
2025-12-23,2026-03-20,87,55.0,25.4566
2025-12-23,2026-04-17,115,55.0,29.4226
2025-12-23,2026-05-15,143,55.0,32.9275
2025-12-23,2026-06-18,177,55.0,37.2625
2025-12-23,2026-09-18,269,55.0,45.8403
2025-12-23,2027-01-15,388,55.0,54.9714
2025-12-23,2027-12-17,724,55.0,74.3405
2025-12-23,2028-01-21,759,55.0,74.3405
2025-12-24,2025-12-26,2,55.0,2.842
2025-12-24,2026-01-02,9,55.0,6.9674
2025-12-24,2026-01-09,16,55.0,10.2219
2025-12-24,2026-01-16,23,55.0,12.2846
2025-12-24,2026-01-23,30,55.0,14.3014
2025-12-24,2026-01-30,37,55.0,16.1349
2025-12-24,2026-02-06,44,55.0,17.6934
2025-12-24,2026-02-20,58,55.0,20.077
2025-12-24,2026-03-20,86,55.0,25.7609
2025-12-24,2026-04-17,114,55.0,29.3363
2025-12-24,2026-05-15,142,55.0,33.1867
2025-12-24,2026-06-18,176,55.0,37.3121
2025-12-24,2026-09-18,268,55.0,45.7462
2025-12-24,2027-01-15,387,55.0,54.5471
2025-12-24,2027-12-17,723,55.0,73.799
2025-12-24,2028-01-21,758,55.0,74.8992
2025-12-26,2026-01-02,7,53.0,5.3391
2025-12-26,2026-01-09,14,53.0,8.5706
2025-12-26,2026-01-16,21,53.0,11.3807
2025-12-26,2026-01-23,28,53.0,12.9262
2025-12-26,2026-01-30,35,53.0,14.7996
2025-12-26,2026-02-06,42,53.0,17.3286
2025-12-26,2026-02-20,56,55.0,19.9513
2025-12-26,2026-03-20,84,55.0,25.5714
2025-12-26,2026-04-17,112,55.0,29.4118
2025-12-26,2026-05-15,140,55.0,33.2522
2025-12-26,2026-06-18,174,55.0,37.5609
2025-12-26,2026-09-18,266,55.0,46.1783
2025-12-26,2027-01-15,385,55.0,54.9831
2025-12-26,2027-12-17,721,55.0,72.2181
2025-12-26,2028-01-21,756,55.0,74.4661
2025-12-29,2026-01-02,4,52.0,4.4772
2025-12-29,2026-01-09,11,52.0,8.0397
2025-12-29,2026-01-16,18,52.0,10.88
2025-12-29,2026-01-23,25,52.0,12.5168
2025-12-29,2026-01-30,32,52.0,13.576
2025-12-29,2026-02-06,39,52.0,16.1756
2025-12-29,2026-02-20,53,50.0,18.5827
2025-12-29,2026-03-20,81,50.0,23.782
2025-12-29,2026-04-17,109,50.0,27.8259
2025-12-29,2026-05-15,137,50.0,30.5219
2025-12-29,2026-06-18,171,50.0,36.684
2025-12-29,2026-09-18,263,50.0,44.7718
2025-12-29,2027-01-15,382,50.0,51.5116
2025-12-29,2027-12-17,718,50.0,69.7092
2025-12-29,2028-01-21,753,50.0,69.8055
2025-12-30,2026-01-02,3,50.0,3.4695
2025-12-30,2026-01-09,10,50.0,7.1868
2025-12-30,2026-01-16,17,50.0,10.111
2025-12-30,2026-01-23,24,50.0,12.1431
2025-12-30,2026-01-30,31,50.0,14.0761
2025-12-30,2026-02-06,38,50.0,14.77
2025-12-30,2026-02-20,52,50.0,18.2395
2025-12-30,2026-03-20,80,50.0,24.3854
2025-12-30,2026-04-17,108,50.0,29.6392
2025-12-30,2026-05-15,136,50.0,31.82
2025-12-30,2026-06-18,170,50.0,36.9746
2025-12-30,2026-09-18,262,50.0,45.3013
2025-12-30,2027-01-15,381,50.0,53.0333
2025-12-30,2027-12-17,717,50.0,72.165
2025-12-30,2028-01-21,752,50.0,73.1562
2025-12-31,2026-01-02,2,51.0,2.9691
2025-12-31,2026-01-09,9,51.0,7.0269
2025-12-31,2026-01-16,16,51.0,9.6496
2025-12-31,2026-01-23,23,51.0,11.728
2025-12-31,2026-01-30,30,51.0,14.7466
2025-12-31,2026-02-06,37,51.0,16.2312
2025-12-31,2026-02-13,44,51.0,17.1219
2025-12-31,2026-02-20,51,50.0,18.0127
2025-12-31,2026-03-20,79,50.0,24.2478
2025-12-31,2026-04-17,107,50.0,28.1077
2025-12-31,2026-05-15,135,50.0,32.1655
2025-12-31,2026-06-18,169,50.0,35.2336
2025-12-31,2026-09-18,261,50.0,44.7348
2025-12-31,2027-01-15,380,50.0,54.038
2025-12-31,2027-12-17,716,50.0,71.5558
2025-12-31,2028-01-21,751,50.0,72.9414
2026-01-02,2026-01-09,7,55.0,6.3489
2026-01-02,2026-01-16,14,55.0,9.296
2026-01-02,2026-01-23,21,55.0,11.0697
2026-01-02,2026-01-30,28,55.0,13.2345
2026-01-02,2026-02-06,35,55.0,15.2811
2026-01-02,2026-02-13,42,55.0,15.1082
2026-01-02,2026-02-20,49,55.0,18.1917
2026-01-02,2026-03-20,77,55.0,23.8767
2026-01-02,2026-04-17,105,55.0,27.6969
2026-01-02,2026-05-15,133,55.0,31.6081
2026-01-02,2026-06-18,167,55.0,34.6553
2026-01-02,2026-09-18,259,55.0,43.2509
2026-01-02,2027-01-15,378,55.0,52.5741
2026-01-02,2027-12-17,714,55.0,71.4481
2026-01-02,2028-01-21,749,55.0,73.4037
2026-01-05,2026-01-09,4,59.0,6.4398
2026-01-05,2026-01-16,11,59.0,9.3057
2026-01-05,2026-01-23,18,59.0,11.3443
2026-01-05,2026-01-30,25,59.0,13.3913
2026-01-05,2026-02-06,32,59.0,15.8649
2026-01-05,2026-02-13,39,59.0,17.3576
2026-01-05,2026-02-20,46,60.0,19.6179
2026-01-05,2026-03-20,74,60.0,25.3753
2026-01-05,2026-04-17,102,60.0,29.2562
2026-01-05,2026-05-15,130,60.0,32.5827
2026-01-05,2026-06-18,164,60.0,36.2931
2026-01-05,2026-09-18,256,60.0,45.0785
2026-01-05,2027-01-15,375,60.0,54.8448
2026-01-05,2027-12-17,711,60.0,73.3538
2026-01-05,2028-01-21,746,60.0,74.5053
2026-01-06,2026-01-09,3,60.0,5.55
2026-01-06,2026-01-16,10,60.0,9.2193
2026-01-06,2026-01-23,17,60.0,11.2421
2026-01-06,2026-01-30,24,60.0,13.5406
2026-01-06,2026-02-06,31,60.0,15.3795
2026-01-06,2026-02-13,38,60.0,17.1347
2026-01-06,2026-02-20,45,60.0,19.1825
2026-01-06,2026-03-20,73,60.0,24.8245
2026-01-06,2026-04-17,101,60.0,28.8365
2026-01-06,2026-05-15,129,60.0,32.9321
2026-01-06,2026-06-18,163,60.0,36.3173
2026-01-06,2026-09-18,255,60.0,45.0936
2026-01-06,2027-01-15,374,60.0,54.455
2026-01-06,2027-12-17,710,60.0,72.8853
2026-01-06,2028-01-21,745,60.0,72.6764
2026-01-07,2026-01-09,2,62.0,4.512
2026-01-07,2026-01-16,9,62.0,8.936
2026-01-07,2026-01-23,16,62.0,11.12
2026-01-07,2026-01-30,23,62.0,13.64
2026-01-07,2026-02-06,30,62.0,14.48
2026-01-07,2026-02-13,37,62.0,17.72
2026-01-07,2026-02-20,44,60.0,18.84
2026-01-07,2026-03-20,72,60.0,24.64
2026-01-07,2026-04-17,100,60.0,28.48
2026-01-07,2026-05-15,128,60.0,32.48
2026-01-07,2026-06-18,162,60.0,35.84
2026-01-07,2026-09-18,254,60.0,43.76
2026-01-07,2027-01-15,373,60.0,53.6
2026-01-07,2027-12-17,709,60.0,70.32
2026-01-07,2028-01-21,744,65.0,76.0
2026-01-08,2026-01-09,1,61.0,3.4966
2026-01-08,2026-01-16,8,61.0,8.4753
2026-01-08,2026-01-23,15,61.0,10.6453
2026-01-08,2026-01-30,22,61.0,13.2656
2026-01-08,2026-02-06,29,61.0,15.2309
2026-01-08,2026-02-13,36,61.0,16.8277
2026-01-08,2026-02-20,43,60.0,18.5064
2026-01-08,2026-02-27,50,61.0,19.8575
2026-01-08,2026-03-20,71,60.0,24.1975
2026-01-08,2026-04-17,99,60.0,28.1281
2026-01-08,2026-05-15,127,60.0,32.1405
2026-01-08,2026-06-18,161,60.0,35.8254
2026-01-08,2026-09-18,253,60.0,43.6047
2026-01-08,2027-01-15,372,60.0,53.2263
2026-01-08,2027-12-17,708,60.0,71.8556
2026-01-08,2028-01-21,743,60.0,72.0603
2026-01-09,2026-01-16,7,62.0,7.9597
2026-01-09,2026-01-23,14,62.0,10.7661
2026-01-09,2026-01-30,21,62.0,12.9435
2026-01-09,2026-02-06,28,62.0,14.8387
2026-01-09,2026-02-13,35,62.0,15.8468
2026-01-09,2026-02-20,42,60.0,18.0645
2026-01-09,2026-02-27,49,62.0,20.4435
2026-01-09,2026-03-20,70,60.0,23.9516
2026-01-09,2026-04-17,98,60.0,27.9032
2026-01-09,2026-05-15,126,60.0,31.8952
2026-01-09,2026-06-18,160,60.0,34.7581
2026-01-09,2026-09-18,252,60.0,43.5484
2026-01-09,2027-01-15,371,60.0,52.7419
2026-01-09,2027-12-17,707,60.0,70.8468
2026-01-09,2028-01-21,742,60.0,71.7742
2026-01-12,2026-01-16,4,65.0,7.3003
2026-01-12,2026-01-23,11,65.0,10.2158
2026-01-12,2026-01-30,18,65.0,12.741
2026-01-12,2026-02-06,25,65.0,14.8454
2026-01-12,2026-02-13,32,65.0,15.9933
2026-01-12,2026-02-20,39,65.0,18.595
2026-01-12,2026-02-27,46,65.0,20.5081
2026-01-12,2026-03-20,67,65.0,24.7169
2026-01-12,2026-04-17,95,65.0,28.5813
2026-01-12,2026-05-15,123,65.0,32.637
2026-01-12,2026-06-18,157,65.0,35.0857
2026-01-12,2026-09-18,249,65.0,44.9571
2026-01-12,2027-01-15,368,65.0,53.4894
2026-01-12,2027-12-17,704,65.0,71.281
2026-01-12,2028-01-21,739,65.0,73.1175
2026-01-13,2026-01-16,3,64.0,6.534
2026-01-13,2026-01-23,10,64.0,9.6365
2026-01-13,2026-01-30,17,64.0,12.3394
2026-01-13,2026-02-06,24,64.0,14.4939
2026-01-13,2026-02-13,31,64.0,16.2175
2026-01-13,2026-02-20,38,65.0,18.5678
2026-01-13,2026-02-27,45,64.0,20.644
2026-01-13,2026-03-20,66,65.0,24.7963
2026-01-13,2026-04-17,94,65.0,28.7919
2026-01-13,2026-05-15,122,65.0,33.6885
2026-01-13,2026-06-18,156,65.0,36.5873
2026-01-13,2026-09-18,248,65.0,46.1454
2026-01-13,2027-01-15,367,65.0,54.4108
2026-01-13,2027-12-17,703,65.0,72.7437
2026-01-13,2028-01-21,738,65.0,74.0755
2026-01-14,2026-01-16,2,69.0,5.7864
2026-01-14,2026-01-23,9,69.0,9.4877
2026-01-14,2026-01-30,16,69.0,12.7345
2026-01-14,2026-02-06,23,69.0,15.2237
2026-01-14,2026-02-13,30,69.0,17.3521
2026-01-14,2026-02-20,37,70.0,19.1919
2026-01-14,2026-02-27,44,69.0,21.0317
2026-01-14,2026-03-20,65,70.0,25.5411
2026-01-14,2026-04-17,93,70.0,29.7258
2026-01-14,2026-05-15,121,70.0,33.9466
2026-01-14,2026-06-18,155,70.0,37.5541
2026-01-14,2026-09-18,247,70.0,47.6912
2026-01-14,2027-01-15,366,70.0,54.8341
2026-01-14,2027-12-17,702,70.0,72.8716
2026-01-14,2028-01-21,737,70.0,75.6133
2026-01-15,2026-01-16,1,67.0,3.5982
2026-01-15,2026-01-23,8,67.0,8.3358
2026-01-15,2026-01-30,15,67.0,11.8066
2026-01-15,2026-02-06,22,67.0,14.6927
2026-01-15,2026-02-13,29,67.0,16.6792
2026-01-15,2026-02-20,36,65.0,17.6537
2026-01-15,2026-02-27,43,67.0,20.4273
2026-01-15,2026-03-20,64,65.0,24.0255
2026-01-15,2026-04-17,92,65.0,28.4108
2026-01-15,2026-05-15,120,65.0,33.021
2026-01-15,2026-06-18,154,65.0,36.7316
2026-01-15,2026-09-18,246,65.0,45.7646
2026-01-15,2027-01-15,365,65.0,53.8231
2026-01-15,2027-12-17,701,65.0,70.015
2026-01-15,2028-01-21,736,65.0,72.9011
2026-01-16,2026-01-23,7,69.0,7.4877
2026-01-16,2026-01-30,14,69.0,11.1989
2026-01-16,2026-02-06,21,69.0,13.8083
2026-01-16,2026-02-13,28,69.0,16.0916
2026-01-16,2026-02-20,35,70.0,17.795
2026-01-16,2026-02-27,42,69.0,19.7883
2026-01-16,2026-03-20,63,70.0,24.5361
2026-01-16,2026-04-17,91,70.0,29.0302
2026-01-16,2026-05-15,119,70.0,33.488
2026-01-16,2026-06-18,153,70.0,36.5323
2026-01-16,2026-09-18,245,70.0,46.1728
2026-01-16,2027-01-15,364,70.0,54.9797
2026-01-16,2027-12-17,700,70.0,72.521
2026-01-16,2028-01-21,735,70.0,72.9559
2026-01-20,2026-01-23,3,68.0,6.4054
2026-01-20,2026-01-30,10,68.0,10.1857
2026-01-20,2026-02-06,17,68.0,13.637
2026-01-20,2026-02-13,24,68.0,15.3188
2026-01-20,2026-02-20,31,68.0,17.5856
2026-01-20,2026-02-27,38,68.0,18.6458
2026-01-20,2026-03-20,59,70.0,24.6417
2026-01-20,2026-04-17,87,70.0,29.2483
2026-01-20,2026-05-15,115,70.0,32.9775
2026-01-20,2026-06-18,149,70.0,38.6443
2026-01-20,2026-09-18,241,70.0,45.8102
2026-01-20,2027-01-15,360,70.0,54.5481
2026-01-20,2027-12-17,696,70.0,71.2928
2026-01-20,2028-01-21,731,70.0,73.3402
2026-01-21,2026-01-23,2,65.0,5.3674
2026-01-21,2026-01-30,9,65.0,10.0773
2026-01-21,2026-02-06,16,65.0,12.645
2026-01-21,2026-02-13,23,65.0,15.4292
2026-01-21,2026-02-20,30,65.0,16.7053
2026-01-21,2026-02-27,37,65.0,19.9536
2026-01-21,2026-03-20,58,65.0,23.4339
2026-01-21,2026-04-17,86,65.0,28.1903
2026-01-21,2026-05-15,114,65.0,32.4439
2026-01-21,2026-06-18,148,65.0,35.8469
2026-01-21,2026-09-18,240,65.0,44.8956
2026-01-21,2027-01-15,359,65.0,53.5189
2026-01-21,2027-12-17,695,65.0,71.6551
2026-01-21,2028-01-21,730,65.0,72.7765
2026-01-22,2026-01-23,1,68.0,3.759
2026-01-22,2026-01-30,8,68.0,9.0683
2026-01-22,2026-02-06,15,68.0,12.1764
2026-01-22,2026-02-13,22,68.0,15.1748
2026-01-22,2026-02-20,29,68.0,16.2352
2026-01-22,2026-02-27,36,68.0,19.0142
2026-01-22,2026-03-06,43,68.0,21.6104
2026-01-22,2026-03-20,57,70.0,23.6946
2026-01-22,2026-04-17,85,70.0,29.0332
2026-01-22,2026-05-15,113,70.0,33.677
2026-01-22,2026-06-18,147,70.0,37.2239
2026-01-22,2026-09-18,239,70.0,46.0728
2026-01-22,2027-01-15,358,70.0,54.2636
2026-01-22,2027-12-17,694,70.0,72.3636
2026-01-22,2028-01-21,729,70.0,73.2778
2026-01-23,2026-01-30,7,70.0,8.3573
2026-01-23,2026-02-06,14,70.0,11.7491
2026-01-23,2026-02-13,21,70.0,14.839
2026-01-23,2026-02-20,28,70.0,16.5277
2026-01-23,2026-02-27,35,70.0,18.935
2026-01-23,2026-03-06,42,70.0,21.2345
2026-01-23,2026-03-20,56,70.0,23.4622
2026-01-23,2026-04-17,84,70.0,27.8816
2026-01-23,2026-05-15,112,70.0,32.2291
2026-01-23,2026-06-18,146,70.0,36.4688
2026-01-23,2026-09-18,238,70.0,45.1998
2026-01-23,2027-01-15,357,70.0,54.0026
2026-01-23,2027-12-17,693,70.0,70.9974
2026-01-23,2028-01-21,728,70.0,73.8718
2026-01-26,2026-01-30,4,63.0,7.1248
2026-01-26,2026-02-06,11,63.0,11.0735
2026-01-26,2026-02-13,18,63.0,13.9502
2026-01-26,2026-02-20,25,63.0,15.8417
2026-01-26,2026-02-27,32,63.0,18.285
2026-01-26,2026-03-06,39,63.0,19.8613
2026-01-26,2026-03-20,53,65.0,23.6444
2026-01-26,2026-04-17,81,65.0,27.9792
2026-01-26,2026-05-15,109,65.0,32.3928
2026-01-26,2026-06-18,143,65.0,35.6242
2026-01-26,2026-09-18,235,65.0,45.7913
2026-01-26,2027-01-15,354,65.0,53.7122
2026-01-26,2027-12-17,690,65.0,70.7755
2026-01-26,2028-01-21,725,65.0,72.6671
2026-01-27,2026-01-30,3,67.0,6.9459
2026-01-27,2026-02-06,10,67.0,10.6774
2026-01-27,2026-02-13,17,67.0,13.7494
2026-01-27,2026-02-20,24,67.0,15.81
2026-01-27,2026-02-27,31,67.0,18.4325
2026-01-27,2026-03-06,38,67.0,20.4181
2026-01-27,2026-03-20,52,65.0,22.9657
2026-01-27,2026-04-17,80,65.0,27.4989
2026-01-27,2026-05-15,108,65.0,31.3952
2026-01-27,2026-06-18,142,65.0,36.3405
2026-01-27,2026-09-18,234,65.0,43.9832
2026-01-27,2027-01-15,353,65.0,52.675
2026-01-27,2027-12-17,689,65.0,70.8077
2026-01-27,2028-01-21,724,65.0,73.4302
2026-01-28,2026-01-30,2,67.0,5.1037
2026-01-28,2026-02-06,9,67.0,10.1477
2026-01-28,2026-02-13,16,67.0,13.8412
2026-01-28,2026-02-20,23,67.0,14.8112
2026-01-28,2026-02-27,30,67.0,17.6466
2026-01-28,2026-03-06,37,67.0,18.9897
2026-01-28,2026-03-20,51,65.0,22.7578
2026-01-28,2026-04-17,79,65.0,27.4213
2026-01-28,2026-05-15,107,65.0,32.1221
2026-01-28,2026-06-18,141,65.0,35.7409
2026-01-28,2026-09-18,233,65.0,44.359
2026-01-28,2027-01-15,352,65.0,52.6787
2026-01-28,2027-12-17,688,65.0,70.5492
2026-01-28,2028-01-21,723,65.0,72.1907
2026-01-29,2026-01-30,1,62.0,4.0701
2026-01-29,2026-02-06,8,62.0,10.3925
2026-01-29,2026-02-13,15,62.0,12.9505
2026-01-29,2026-02-20,22,62.0,15.2027
2026-01-29,2026-02-27,29,62.0,18.1789
2026-01-29,2026-03-06,36,62.0,20.6725
2026-01-29,2026-03-13,43,62.0,20.954
2026-01-29,2026-03-20,50,60.0,22.7236
2026-01-29,2026-04-17,78,60.0,26.7053
2026-01-29,2026-05-15,106,60.0,31.9739
2026-01-29,2026-06-18,140,60.0,35.7545
2026-01-29,2026-09-18,232,60.0,43.3559
2026-01-29,2027-01-15,351,60.0,52.6464
2026-01-29,2027-12-17,687,60.0,72.3134
2026-01-29,2028-01-21,722,60.0,70.8655
2026-01-30,2026-02-06,7,59.0,8.78
2026-01-30,2026-02-13,14,59.0,11.9108
2026-01-30,2026-02-20,21,59.0,13.9952
2026-01-30,2026-02-27,28,59.0,17.058
2026-01-30,2026-03-06,35,59.0,19.0573
2026-01-30,2026-03-13,42,59.0,20.2059
2026-01-30,2026-03-20,49,60.0,22.2903
2026-01-30,2026-04-17,77,60.0,27.0121
2026-01-30,2026-05-15,105,60.0,31.5212
2026-01-30,2026-06-18,139,60.0,35.1795
2026-01-30,2026-09-18,231,60.0,45.3037
2026-01-30,2027-01-15,350,60.0,54.0242
2026-01-30,2027-12-17,686,60.0,72.5285
2026-01-30,2028-01-21,721,60.0,73.2517
2026-02-02,2026-02-06,4,59.0,7.5875
2026-02-02,2026-02-13,11,59.0,11.3348
2026-02-02,2026-02-20,18,59.0,13.4495
2026-02-02,2026-02-27,25,59.0,16.6216
2026-02-02,2026-03-06,32,59.0,18.3133
2026-02-02,2026-03-13,39,59.0,19.7513
2026-02-02,2026-03-20,46,60.0,21.9083
2026-02-02,2026-04-17,74,60.0,26.5184
2026-02-02,2026-05-15,102,60.0,31.0861
2026-02-02,2026-06-18,136,60.0,34.8926
2026-02-02,2026-09-18,228,60.0,44.3241
2026-02-02,2027-01-15,347,60.0,53.4597
2026-02-02,2027-12-17,683,60.0,71.5192
2026-02-02,2028-01-21,718,60.0,72.5343
2026-02-03,2026-02-06,3,65.0,7.3441
2026-02-03,2026-02-13,10,65.0,11.4146
2026-02-03,2026-02-20,17,65.0,14.0071
2026-02-03,2026-02-27,24,65.0,17.683
2026-02-03,2026-03-06,31,65.0,20.1981
2026-02-03,2026-03-13,38,65.0,22.0167
2026-02-03,2026-03-20,45,65.0,22.4037
2026-02-03,2026-04-17,73,65.0,26.9695
2026-02-03,2026-05-15,101,65.0,33.1218
2026-02-03,2026-06-18,135,65.0,36.6042
2026-02-03,2026-09-18,227,65.0,44.4978
2026-02-03,2027-01-15,346,65.0,52.8943
2026-02-03,2027-12-17,682,65.0,71.1964
2026-02-03,2028-01-21,717,65.0,72.8989
2026-02-04,2026-02-06,2,61.0,6.2593
2026-02-04,2026-02-13,9,61.0,10.9001
2026-02-04,2026-02-20,16,61.0,13.5838
2026-02-04,2026-02-27,23,61.0,17.5475
2026-02-04,2026-03-06,30,61.0,19.2816
2026-02-04,2026-03-13,37,61.0,21.0983
2026-02-04,2026-03-20,44,60.0,22.213
2026-02-04,2026-04-17,72,60.0,27.0851
2026-02-04,2026-05-15,100,60.0,31.9983
2026-02-04,2026-06-18,134,60.0,35.8382
2026-02-04,2026-09-18,226,60.0,44.4261
2026-02-04,2027-01-15,345,60.0,53.4269
2026-02-04,2027-12-17,681,60.0,69.8183
2026-02-04,2028-01-21,716,60.0,71.6763
2026-02-05,2026-02-06,1,57.0,4.1202
2026-02-05,2026-02-13,8,57.0,10.0177
2026-02-05,2026-02-20,15,57.0,12.7763
2026-02-05,2026-02-27,22,57.0,16.7551
2026-02-05,2026-03-06,29,57.0,19.4518
2026-02-05,2026-03-13,36,57.0,20.557
2026-02-05,2026-03-20,43,55.0,21.618
2026-02-05,2026-03-27,50,57.0,23.1653
2026-02-05,2026-04-17,71,55.0,26.2157
2026-02-05,2026-05-15,99,55.0,30.5482
2026-02-05,2026-06-18,133,55.0,34.0849
2026-02-05,2026-09-18,225,55.0,44.2529
2026-02-05,2027-01-15,344,55.0,52.5199
2026-02-05,2027-12-17,680,55.0,69.7171
2026-02-05,2028-01-21,715,55.0,71.7949
2026-02-06,2026-02-13,7,61.0,8.2762
2026-02-06,2026-02-20,14,61.0,12.0797
2026-02-06,2026-02-27,21,61.0,15.5893
2026-02-06,2026-03-06,28,61.0,17.7522
2026-02-06,2026-03-13,35,61.0,18.8949
2026-02-06,2026-03-20,42,60.0,20.6905
2026-02-06,2026-03-27,49,61.0,21.6699
2026-02-06,2026-04-17,70,60.0,25.4652
2026-02-06,2026-05-15,98,60.0,30.5256
2026-02-06,2026-06-18,132,60.0,34.9331
2026-02-06,2026-09-18,224,60.0,42.9318
2026-02-06,2027-01-15,343,60.0,52.7669
2026-02-06,2027-12-17,679,60.0,70.8048
2026-02-06,2028-01-21,714,60.0,72.6004
2026-02-09,2026-02-13,4,63.0,6.8471
2026-02-09,2026-02-20,11,63.0,9.992
2026-02-09,2026-02-27,18,63.0,14.7691
2026-02-09,2026-03-06,25,63.0,16.7197
2026-02-09,2026-03-13,32,63.0,18.2325
2026-02-09,2026-03-20,39,65.0,20.8599
2026-02-09,2026-03-27,46,63.0,20.8599
2026-02-09,2026-04-17,67,65.0,25.9952
2026-02-09,2026-05-15,95,65.0,31.5287
2026-02-09,2026-06-18,129,65.0,36.2659
2026-02-09,2026-09-18,221,65.0,45.5016
2026-02-09,2027-01-15,340,65.0,54.8169
2026-02-09,2027-12-17,676,65.0,72.2134
2026-02-09,2028-01-21,711,65.0,72.8105
2026-02-10,2026-02-13,3,62.0,6.2239
2026-02-10,2026-02-20,10,62.0,9.4081
2026-02-10,2026-02-27,17,62.0,14.7177
2026-02-10,2026-03-06,24,62.0,16.0411
2026-02-10,2026-03-13,31,62.0,17.8858
2026-02-10,2026-03-20,38,60.0,19.4097
2026-02-10,2026-03-27,45,62.0,21.0138
2026-02-10,2026-04-17,66,60.0,24.623
2026-02-10,2026-05-15,94,60.0,29.5958
2026-02-10,2026-06-18,128,60.0,33.6461
2026-02-10,2026-09-18,220,60.0,42.589
2026-02-10,2027-01-15,339,60.0,49.6471
2026-02-10,2027-12-17,675,60.0,68.375
2026-02-10,2028-01-21,710,60.0,70.7812
2026-02-11,2026-02-13,2,61.0,4.7871
2026-02-11,2026-02-20,9,61.0,8.5672
2026-02-11,2026-02-27,16,61.0,14.6088
2026-02-11,2026-03-06,23,61.0,16.3008
2026-02-11,2026-03-13,30,61.0,19.3546
2026-02-11,2026-03-20,37,60.0,19.3958
2026-02-11,2026-03-27,44,61.0,20.8815
2026-02-11,2026-04-17,65,60.0,25.1321
2026-02-11,2026-05-15,93,60.0,30.1255
2026-02-11,2026-06-18,127,60.0,34.4173
2026-02-11,2026-09-18,219,60.0,43.5787
2026-02-11,2027-01-15,338,60.0,50.5117
2026-02-11,2027-12-17,674,60.0,69.3298
2026-02-11,2028-01-21,709,60.0,71.2281
2026-02-12,2026-02-13,1,57.0,3.5777
2026-02-12,2026-02-20,8,57.0,8.0803
2026-02-12,2026-02-27,15,57.0,13.8743
2026-02-12,2026-03-06,22,57.0,15.1396
2026-02-12,2026-03-13,29,57.0,16.274
2026-02-12,2026-03-20,36,55.0,19.2408
2026-02-12,2026-03-27,43,57.0,20.7243
2026-02-12,2026-04-02,49,57.0,21.815
2026-02-12,2026-04-17,64,55.0,24.5637
2026-02-12,2026-05-15,92,55.0,29.6684
2026-02-12,2026-06-18,126,55.0,33.726
2026-02-12,2026-09-18,218,55.0,41.8412
2026-02-12,2027-01-15,337,55.0,50.8726
2026-02-12,2027-12-17,673,55.0,68.63
2026-02-12,2028-01-21,708,55.0,71.2042
2026-02-13,2026-02-20,7,58.0,7.0567
2026-02-13,2026-02-27,14,58.0,12.2351
2026-02-13,2026-03-06,21,58.0,13.8291
2026-02-13,2026-03-13,28,58.0,15.2077
2026-02-13,2026-03-20,35,60.0,18.7834
2026-02-13,2026-03-27,42,58.0,19.085
2026-02-13,2026-04-02,48,58.0,21.5837
2026-02-13,2026-04-17,63,60.0,24.427
2026-02-13,2026-05-15,91,60.0,29.4244
2026-02-13,2026-06-18,125,60.0,34.0772
2026-02-13,2026-09-18,217,60.0,43.9428
2026-02-13,2027-01-15,336,60.0,52.8606
2026-02-13,2027-12-17,672,60.0,73.238
2026-02-13,2028-01-21,707,60.0,71.9455
2026-02-17,2026-02-20,3,57.0,6.1896
2026-02-17,2026-02-27,10,57.0,11.2818
2026-02-17,2026-03-06,17,57.0,13.9596
2026-02-17,2026-03-13,24,57.0,15.3205
2026-02-17,2026-03-20,31,55.0,17.4276
2026-02-17,2026-03-27,38,57.0,18.9201
2026-02-17,2026-04-02,44,57.0,20.676
2026-02-17,2026-04-17,59,55.0,22.8709
2026-02-17,2026-05-15,87,55.0,27.7436
2026-02-17,2026-06-18,121,55.0,31.6945
2026-02-17,2026-09-18,213,55.0,40.1668
2026-02-17,2027-01-15,332,55.0,50.7902
2026-02-17,2027-12-17,668,55.0,70.1054
2026-02-17,2028-01-21,703,55.0,70.9833
2026-02-18,2026-02-20,2,58.0,4.6341
2026-02-18,2026-02-27,9,58.0,11.1754
2026-02-18,2026-03-06,16,58.0,13.4622
2026-02-18,2026-03-13,23,58.0,14.5409
2026-02-18,2026-03-20,30,60.0,17.6907
2026-02-18,2026-03-27,37,58.0,18.2516
2026-02-18,2026-04-02,43,58.0,19.3735
2026-02-18,2026-04-17,58,60.0,23.7314
2026-02-18,2026-05-15,86,60.0,28.6503
2026-02-18,2026-06-18,120,60.0,33.3535
2026-02-18,2026-09-18,212,60.0,42.1557
2026-02-18,2027-01-15,331,60.0,51.4757
2026-02-18,2027-12-17,667,60.0,71.3238
2026-02-18,2028-01-21,702,60.0,72.1436
2026-02-19,2026-02-20,1,59.0,3.5263
2026-02-19,2026-02-27,8,59.0,10.0239
2026-02-19,2026-03-06,15,59.0,12.9355
2026-02-19,2026-03-13,22,59.0,14.8566
2026-02-19,2026-03-20,29,60.0,16.9057
2026-02-19,2026-03-27,36,59.0,17.5888
2026-02-19,2026-04-02,42,59.0,19.3391
2026-02-19,2026-04-17,57,60.0,22.6691
2026-02-19,2026-05-15,85,60.0,28.2189
2026-02-19,2026-06-18,119,60.0,32.2746
2026-02-19,2026-09-18,211,60.0,41.4532
2026-02-19,2027-01-15,330,60.0,51.2722
2026-02-19,2027-12-17,666,60.0,69.9283
2026-02-19,2028-01-21,701,60.0,70.5686
2026-02-20,2026-02-27,7,55.0,9.1073
2026-02-20,2026-03-06,14,55.0,11.5016
2026-02-20,2026-03-13,21,55.0,13.146
2026-02-20,2026-03-20,28,55.0,15.6758
2026-02-20,2026-03-27,35,55.0,16.5793
2026-02-20,2026-04-02,41,55.0,18.0249
2026-02-20,2026-04-17,56,55.0,21.0065
2026-02-20,2026-05-15,84,55.0,26.4727
2026-02-20,2026-06-18,118,55.0,30.7192
2026-02-20,2026-09-18,210,55.0,40.2512
2026-02-20,2027-01-15,329,55.0,49.7832
2026-02-20,2027-12-17,665,55.0,67.9436
2026-02-20,2028-01-21,700,55.0,69.1634
2026-02-23,2026-02-27,4,56.0,8.1059
2026-02-23,2026-03-06,11,56.0,11.3645
2026-02-23,2026-03-13,18,56.0,13.465
2026-02-23,2026-03-20,25,56.0,15.6643
2026-02-23,2026-03-27,32,56.0,17.0108
2026-02-23,2026-04-02,38,56.0,18.447
2026-02-23,2026-04-17,53,55.0,21.0054
2026-02-23,2026-05-15,81,55.0,25.9425
2026-02-23,2026-06-18,115,55.0,30.1167
2026-02-23,2026-09-18,207,55.0,39.6768
2026-02-23,2027-01-15,326,55.0,49.1023
2026-02-23,2027-12-17,662,55.0,67.1005
2026-02-23,2028-01-21,697,55.0,69.4794
2026-02-24,2026-02-27,3,58.0,7.9312
2026-02-24,2026-03-06,10,58.0,10.9856
2026-02-24,2026-03-13,17,58.0,13.347
2026-02-24,2026-03-20,24,58.0,15.4004
2026-02-24,2026-03-27,31,58.0,16.6838
2026-02-24,2026-04-02,37,58.0,17.2827
2026-02-24,2026-04-17,52,60.0,21.5178
2026-02-24,2026-05-15,80,60.0,26.5229
2026-02-24,2026-06-18,114,60.0,31.0147
2026-02-24,2026-09-18,206,60.0,40.5544
2026-02-24,2027-01-15,325,60.0,48.4685
2026-02-24,2027-12-17,661,60.0,68.8741
2026-02-24,2028-01-21,696,60.0,70.8847
2026-02-25,2026-02-27,2,59.0,7.0065
2026-02-25,2026-03-06,9,59.0,10.5353
2026-02-25,2026-03-13,16,59.0,13.0413
2026-02-25,2026-03-20,23,59.0,14.8312
2026-02-25,2026-03-27,30,59.0,16.7491
2026-02-25,2026-04-02,36,59.0,17.985
2026-02-25,2026-04-17,51,60.0,21.224
2026-02-25,2026-05-15,79,60.0,26.253
2026-02-25,2026-06-18,113,60.0,30.5148
2026-02-25,2026-09-18,205,60.0,40.1892
2026-02-25,2027-01-15,324,60.0,48.7555
2026-02-25,2027-12-17,660,60.0,68.3174
2026-02-25,2028-01-21,695,60.0,69.9795
2026-02-26,2026-02-27,1,60.0,6.4333
2026-02-26,2026-03-06,8,60.0,10.2
2026-02-26,2026-03-13,15,60.0,12.7917
2026-02-26,2026-03-20,22,60.0,14.875
2026-02-26,2026-03-27,29,60.0,16.5
2026-02-26,2026-04-02,35,60.0,17.0417
2026-02-26,2026-04-10,43,60.0,19.4167
2026-02-26,2026-04-17,50,60.0,20.8333
2026-02-26,2026-05-15,78,60.0,25.7917
2026-02-26,2026-06-18,112,60.0,30.2083
2026-02-26,2026-09-18,204,60.0,40.4167
2026-02-26,2027-01-15,323,60.0,48.125
2026-02-26,2027-12-17,659,60.0,67.2917
2026-02-26,2028-01-21,694,60.0,69.0
2026-02-27,2026-03-06,7,59.0,7.559
2026-02-27,2026-03-13,14,59.0,10.8374
2026-02-27,2026-03-20,21,59.0,13.1221
2026-02-27,2026-03-27,28,59.0,15.7975
2026-02-27,2026-04-02,34,59.0,16.2222
2026-02-27,2026-04-10,42,59.0,17.2838
2026-02-27,2026-04-17,49,60.0,20.1716
2026-02-27,2026-05-15,77,60.0,25.4799
2026-02-27,2026-06-18,111,60.0,29.9388
2026-02-27,2026-09-18,203,60.0,39.4938
2026-02-27,2027-01-15,322,60.0,49.3036
2026-02-27,2027-12-17,658,60.0,67.2669
2026-02-27,2028-01-21,693,60.0,68.5409
2026-03-02,2026-03-06,4,64.0,7.5475
2026-03-02,2026-03-13,11,64.0,11.0231
2026-03-02,2026-03-20,18,64.0,13.5729
2026-03-02,2026-03-27,25,64.0,15.7697
2026-03-02,2026-04-02,31,64.0,17.2995
2026-03-02,2026-04-10,39,64.0,18.8687
2026-03-02,2026-04-17,46,65.0,20.5162
2026-03-02,2026-05-15,74,65.0,26.4397
2026-03-02,2026-06-18,108,65.0,30.9509
2026-03-02,2026-09-18,200,65.0,40.3656
2026-03-02,2027-01-15,319,65.0,50.2118
2026-03-02,2027-12-17,655,65.0,67.9429
2026-03-02,2028-01-21,690,65.0,70.2573
2026-03-03,2026-03-06,3,61.0,6.4984
2026-03-03,2026-03-13,10,61.0,10.5537
2026-03-03,2026-03-20,17,61.0,13.2329
2026-03-03,2026-03-27,24,61.0,15.6352
2026-03-03,2026-04-02,30,61.0,16.6531
2026-03-03,2026-04-10,38,61.0,18.5261
2026-03-03,2026-04-17,45,60.0,19.7883
2026-03-03,2026-05-15,73,60.0,25.855
2026-03-03,2026-06-18,107,60.0,30.456
2026-03-03,2026-09-18,199,60.0,39.8208
2026-03-03,2027-01-15,318,60.0,49.3078
2026-03-03,2027-12-17,654,60.0,68.3632
2026-03-03,2028-01-21,689,60.0,68.5668
2026-03-04,2026-03-06,2,62.0,5.056
2026-03-04,2026-03-13,9,62.0,9.5114
2026-03-04,2026-03-20,16,62.0,12.2545
2026-03-04,2026-03-27,23,62.0,14.6486
2026-03-04,2026-04-02,29,62.0,16.1906
2026-03-04,2026-04-10,37,62.0,17.7325
2026-03-04,2026-04-17,44,60.0,19.1527
2026-03-04,2026-05-15,72,60.0,24.7525
2026-03-04,2026-06-18,106,60.0,29.3783
2026-03-04,2026-09-18,198,60.0,38.9953
2026-03-04,2027-01-15,317,60.0,48.6528
2026-03-04,2027-12-17,653,60.0,67.3998
2026-03-04,2028-01-21,688,60.0,69.9562
2026-03-05,2026-03-06,1,58.0,4.0099
2026-03-05,2026-03-13,8,58.0,9.3793
2026-03-05,2026-03-20,15,58.0,12.2264
2026-03-05,2026-03-27,22,58.0,13.9791
2026-03-05,2026-04-02,28,58.0,17.1426
2026-03-05,2026-04-10,36,58.0,16.7151
2026-03-05,2026-04-17,43,60.0,19.6221
2026-03-05,2026-04-24,50,58.0,19.1518
2026-03-05,2026-05-15,71,60.0,25.5643
2026-03-05,2026-06-18,105,60.0,30.2668
2026-03-05,2026-09-18,197,60.0,39.9282
2026-03-05,2027-01-15,316,60.0,49.6751
2026-03-05,2027-12-17,652,60.0,68.0147
2026-03-05,2028-01-21,687,60.0,69.5964
2026-03-06,2026-03-13,7,58.0,8.5866
2026-03-06,2026-03-20,14,58.0,11.9354
2026-03-06,2026-03-27,21,58.0,14.4685
2026-03-06,2026-04-02,27,58.0,16.1429
2026-03-06,2026-04-10,35,58.0,17.989
2026-03-06,2026-04-17,42,60.0,20.2215
2026-03-06,2026-04-24,49,58.0,21.4237
2026-03-06,2026-05-15,70,60.0,26.0175
2026-03-06,2026-06-18,104,60.0,30.3538
2026-03-06,2026-09-18,196,60.0,39.7991
2026-03-06,2027-01-15,315,60.0,50.8758
2026-03-06,2027-12-17,651,60.0,69.423
2026-03-06,2028-01-21,686,60.0,71.5696
2026-03-09,2026-03-13,4,60.0,6.8491
2026-03-09,2026-03-20,11,60.0,10.5638
2026-03-09,2026-03-27,18,60.0,13.3499
2026-03-09,2026-04-02,24,60.0,14.9668
2026-03-09,2026-04-10,32,60.0,17.6202
2026-03-09,2026-04-17,39,60.0,18.6153
2026-03-09,2026-04-24,46,60.0,21.7247
2026-03-09,2026-05-15,67,60.0,24.5025
2026-03-09,2026-06-18,101,60.0,29.7678
2026-03-09,2026-09-18,193,60.0,38.3914
2026-03-09,2027-01-15,312,60.0,49.9585
2026-03-09,2027-12-17,648,60.0,67.7446
2026-03-09,2028-01-21,683,60.0,70.5224
2026-03-10,2026-03-13,3,62.0,6.049
2026-03-10,2026-03-20,10,62.0,10.4498
2026-03-10,2026-03-27,17,62.0,12.707
2026-03-10,2026-04-02,23,62.0,14.6151
2026-03-10,2026-04-10,31,62.0,16.5638
2026-03-10,2026-04-17,38,60.0,18.8373
2026-03-10,2026-04-24,45,62.0,20.177
2026-03-10,2026-05-15,66,60.0,24.6021
2026-03-10,2026-06-18,100,60.0,29.5956
2026-03-10,2026-09-18,192,60.0,39.3391
2026-03-10,2027-01-15,311,60.0,48.6359
2026-03-10,2027-12-17,647,60.0,68.8129
2026-03-10,2028-01-21,682,60.0,69.2595
2026-03-11,2026-03-13,2,62.0,5.004
2026-03-11,2026-03-20,9,62.0,9.8153
2026-03-11,2026-03-27,16,62.0,12.9317
2026-03-11,2026-04-02,22,62.0,14.4578
2026-03-11,2026-04-10,30,62.0,16.5863
2026-03-11,2026-04-17,37,60.0,18.2329
2026-03-11,2026-04-24,44,62.0,19.7992
2026-03-11,2026-05-15,65,60.0,24.3775
2026-03-11,2026-06-18,99,60.0,28.5141
2026-03-11,2026-09-18,191,60.0,38.5141
2026-03-11,2027-01-15,310,60.0,48.8353
2026-03-11,2027-12-17,646,60.0,67.51
2026-03-11,2028-01-21,681,60.0,68.9157
2026-03-12,2026-03-13,1,60.0,3.6982
2026-03-12,2026-03-20,8,60.0,9.3037
2026-03-12,2026-03-27,15,60.0,12.2439
2026-03-12,2026-04-02,21,60.0,14.4928
2026-03-12,2026-04-10,29,60.0,16.6167
2026-03-12,2026-04-17,36,60.0,18.2409
2026-03-12,2026-04-24,43,60.0,20.1566
2026-03-12,2026-05-01,50,60.0,22.0307
2026-03-12,2026-05-15,64,60.0,24.571
2026-03-12,2026-06-18,98,60.0,29.7768
2026-03-12,2026-09-18,190,60.0,39.8967
2026-03-12,2027-01-15,309,60.0,49.1005
2026-03-12,2027-12-17,645,60.0,68.2992
2026-03-12,2028-01-21,680,60.0,69.7151
2026-03-13,2026-03-20,7,57.0,8.3202
2026-03-13,2026-03-27,14,57.0,11.7986
2026-03-13,2026-04-02,20,57.0,14.1584
2026-03-13,2026-04-10,28,57.0,16.824
2026-03-13,2026-04-17,35,55.0,17.6106
2026-03-13,2026-04-24,42,57.0,18.7904
2026-03-13,2026-05-01,49,57.0,20.888
2026-03-13,2026-05-15,63,55.0,24.0343
2026-03-13,2026-06-18,97,55.0,28.9285
2026-03-13,2026-09-18,189,55.0,38.7607
2026-03-13,2027-01-15,308,55.0,48.3307
2026-03-13,2027-12-17,644,55.0,64.9799
2026-03-13,2028-01-21,679,55.0,66.5967
2026-03-16,2026-03-20,4,59.0,6.8565
2026-03-16,2026-03-27,11,59.0,10.8827
2026-03-16,2026-04-02,17,59.0,12.8032
2026-03-16,2026-04-10,25,59.0,15.1196
2026-03-16,2026-04-17,32,60.0,17.0569
2026-03-16,2026-04-24,39,59.0,18.8258
2026-03-16,2026-05-01,46,59.0,20.6789
2026-03-16,2026-05-15,60,60.0,23.627
2026-03-16,2026-06-18,94,60.0,28.8494
2026-03-16,2026-09-18,186,60.0,40.1786
2026-03-16,2027-01-15,305,60.0,50.3706
2026-03-16,2027-12-17,641,60.0,67.933
2026-03-16,2028-01-21,676,60.0,72.0182
2026-03-17,2026-03-20,3,59.0,5.5818
2026-03-17,2026-03-27,10,59.0,9.6206
2026-03-17,2026-04-02,16,59.0,11.8887
2026-03-17,2026-04-10,24,59.0,13.2378
2026-03-17,2026-04-17,31,60.0,15.7673
2026-03-17,2026-04-24,38,59.0,17.6223
2026-03-17,2026-05-01,45,59.0,18.4233
2026-03-17,2026-05-15,59,60.0,22.7656
2026-03-17,2026-06-18,93,60.0,27.4452
2026-03-17,2026-09-18,185,60.0,37.3524
2026-03-17,2027-01-15,304,60.0,47.9764
2026-03-17,2027-12-17,640,60.0,66.4418
2026-03-17,2028-01-21,675,60.0,67.285
2026-03-18,2026-03-20,2,58.0,4.7445
2026-03-18,2026-03-27,9,58.0,9.0285
2026-03-18,2026-04-02,15,58.0,11.6441
2026-03-18,2026-04-10,23,58.0,13.8165
2026-03-18,2026-04-17,30,60.0,15.9889
2026-03-18,2026-04-24,37,58.0,16.7275
2026-03-18,2026-05-01,44,58.0,19.1171
2026-03-18,2026-05-15,58,60.0,23.1578
2026-03-18,2026-06-18,92,60.0,28.1978
2026-03-18,2026-09-18,184,60.0,38.017
2026-03-18,2027-01-15,303,60.0,49.6611
2026-03-18,2027-12-17,639,60.0,67.1707
2026-03-18,2028-01-21,674,60.0,67.7355
2026-03-19,2026-03-20,1,53.0,3.9454
2026-03-19,2026-03-27,8,53.0,8.9642
2026-03-19,2026-04-02,14,53.0,11.2994
2026-03-19,2026-04-10,22,53.0,13.7006
2026-03-19,2026-04-17,29,55.0,16.0546
2026-03-19,2026-04-24,36,53.0,17.6554
2026-03-19,2026-05-01,43,53.0,19.3032
2026-03-19,2026-05-15,57,55.0,22.693
2026-03-19,2026-06-18,91,55.0,27.2599
2026-03-19,2026-09-18,183,55.0,38.5122
2026-03-19,2027-01-15,302,55.0,48.0697
2026-03-19,2027-12-17,638,55.0,66.1959
2026-03-19,2028-01-21,673,55.0,69.2561
2026-03-20,2026-03-27,7,51.0,8.2115
2026-03-20,2026-04-02,13,51.0,11.0573
2026-03-20,2026-04-10,21,51.0,13.4289
2026-03-20,2026-04-17,28,50.0,15.415
2026-03-20,2026-04-24,35,51.0,17.1443
2026-03-20,2026-05-01,42,51.0,18.9723
2026-03-20,2026-05-15,56,50.0,21.9368
2026-03-20,2026-06-18,90,50.0,26.8775
2026-03-20,2026-09-18,182,50.0,36.9565
2026-03-20,2027-01-15,301,50.0,47.6285
2026-03-20,2027-12-17,637,50.0,65.3162
2026-03-20,2028-01-21,672,50.0,66.6502
2026-03-23,2026-03-27,4,53.0,6.982
2026-03-23,2026-04-02,10,53.0,10.0882
2026-03-23,2026-04-10,18,53.0,12.6314
2026-03-23,2026-04-17,25,53.0,14.2173
2026-03-23,2026-04-24,32,53.0,15.6907
2026-03-23,2026-05-01,39,53.0,17.7365
2026-03-23,2026-05-15,53,55.0,21.2087
2026-03-23,2026-06-18,87,55.0,26.417
2026-03-23,2026-09-18,179,55.0,37.7252
2026-03-23,2027-01-15,298,55.0,48.0011
2026-03-23,2027-12-17,634,55.0,67.7553
2026-03-23,2028-01-21,669,55.0,66.9107
2026-03-24,2026-03-27,3,53.0,6.1456
2026-03-24,2026-04-02,9,53.0,9.3169
2026-03-24,2026-04-10,17,53.0,12.0754
2026-03-24,2026-04-17,24,53.0,14.2616
2026-03-24,2026-04-24,31,53.0,15.4344
2026-03-24,2026-05-01,38,53.0,16.3727
2026-03-24,2026-05-15,52,55.0,21.4393
2026-03-24,2026-06-18,86,55.0,26.6936
2026-03-24,2026-09-18,178,55.0,37.1552
2026-03-24,2027-01-15,297,55.0,46.8662
2026-03-24,2027-12-17,633,55.0,67.2734
2026-03-24,2028-01-21,668,55.0,67.4141
2026-03-25,2026-03-27,2,54.0,4.7265
2026-03-25,2026-04-02,8,54.0,8.5225
2026-03-25,2026-04-10,16,54.0,11.4998
2026-03-25,2026-04-17,23,54.0,13.863
2026-03-25,2026-04-24,30,54.0,15.2121
2026-03-25,2026-05-01,37,54.0,16.1891
2026-03-25,2026-05-15,51,55.0,21.0272
2026-03-25,2026-06-18,85,55.0,25.9583
2026-03-25,2026-09-18,177,55.0,37.0301
2026-03-25,2027-01-15,296,55.0,45.8225
2026-03-25,2027-12-17,632,55.0,65.5936
2026-03-25,2028-01-21,667,55.0,66.1984
2026-03-26,2026-03-27,1,52.0,3.646
2026-03-26,2026-04-02,7,52.0,8.0464
2026-03-26,2026-04-10,15,52.0,11.2476
2026-03-26,2026-04-17,22,52.0,13.7814
2026-03-26,2026-04-24,29,52.0,15.5222
2026-03-26,2026-05-01,36,52.0,16.6828
2026-03-26,2026-05-08,43,52.0,20.5996
2026-03-26,2026-05-15,50,50.0,20.5029
2026-03-26,2026-06-18,84,50.0,25.6286
2026-03-26,2026-09-18,176,50.0,35.735
2026-03-26,2027-01-15,295,50.0,44.7776
2026-03-26,2027-12-17,631,50.0,64.265
2026-03-26,2028-01-21,666,50.0,64.9903
2026-03-27,2026-04-02,6,52.0,7.4228
2026-03-27,2026-04-10,14,52.0,11.2934
2026-03-27,2026-04-17,21,52.0,13.7066
2026-03-27,2026-04-24,28,52.0,15.444
2026-03-27,2026-05-01,35,52.0,16.7954
2026-03-27,2026-05-08,42,52.0,19.2568
2026-03-27,2026-05-15,49,50.0,20.5116
2026-03-27,2026-06-18,83,50.0,25.4826
2026-03-27,2026-09-18,175,50.0,35.5212
2026-03-27,2027-01-15,294,50.0,45.029
2026-03-27,2027-12-17,630,50.0,64.7201
2026-03-27,2028-01-21,665,50.0,64.1892
2026-03-30,2026-04-02,3,45.5,7.381
2026-03-30,2026-04-10,11,45.5,12.7989
2026-03-30,2026-04-17,18,46.0,15.0801
2026-03-30,2026-04-24,25,46.0,17.098
2026-03-30,2026-05-01,32,46.0,18.3374
2026-03-30,2026-05-08,39,46.0,19.9057
2026-03-30,2026-05-15,46,45.0,21.9895
2026-03-30,2026-06-18,80,45.0,27.0344
2026-03-30,2026-09-18,172,45.0,37.7824
2026-03-30,2027-01-15,291,45.0,45.624
2026-03-30,2027-12-17,627,45.0,62.7879
2026-03-30,2028-01-21,662,45.0,64.7072
2026-03-31,2026-04-02,2,48.5,5.201
2026-03-31,2026-04-10,10,48.5,10.4124
2026-03-31,2026-04-17,17,48.0,13.2822
2026-03-31,2026-04-24,24,48.0,15.1264
2026-03-31,2026-05-01,31,48.0,17.0949
2026-03-31,2026-05-08,38,48.0,18.8562
2026-03-31,2026-05-15,45,47.0,20.5657
2026-03-31,2026-06-18,79,50.0,26.6784
2026-03-31,2026-09-18,171,50.0,37.298
2026-03-31,2027-01-15,290,47.0,46.1562
2026-03-31,2027-12-17,626,47.0,64.1836
2026-03-31,2028-01-21,661,50.0,69.3121
2026-04-01,2026-04-02,1,48.5,3.5736
2026-04-01,2026-04-10,9,48.5,8.9548
2026-04-01,2026-04-17,16,48.0,11.8157
2026-04-01,2026-04-24,23,48.0,14.2533
2026-04-01,2026-05-01,30,48.0,15.4927
2026-04-01,2026-05-08,37,48.0,17.9199
2026-04-01,2026-05-15,44,47.0,19.4691
2026-04-01,2026-06-18,78,50.0,25.4596
2026-04-01,2026-09-18,170,50.0,36.2012
2026-04-01,2027-01-15,289,47.0,44.2057
2026-04-01,2027-12-17,625,47.0,62.9519
2026-04-01,2028-01-21,660,50.0,66.4635
2026-04-02,2026-04-10,8,49.5,7.8423
2026-04-02,2026-04-17,15,50.0,11.1502
2026-04-02,2026-04-24,22,50.0,13.4728
2026-04-02,2026-05-01,29,50.0,15.1317
2026-04-02,2026-05-08,36,50.0,17.6956
2026-04-02,2026-05-15,43,50.0,19.4551
2026-04-02,2026-05-22,50,50.0,21.7173
2026-04-02,2026-06-18,77,50.0,24.8341
2026-04-02,2026-09-18,169,50.0,36.3965
2026-04-02,2027-01-15,288,50.0,45.747
2026-04-02,2027-03-19,351,50.0,49.7688
2026-04-02,2027-12-17,624,50.0,65.1518
2026-04-02,2028-01-21,659,50.0,66.66
2026-04-06,2026-04-10,4,51.0,6.4295
2026-04-06,2026-04-17,11,51.0,10.3674
2026-04-06,2026-04-24,18,51.0,13.1913
2026-04-06,2026-05-01,25,51.0,15.5364
2026-04-06,2026-05-08,32,51.0,17.6861
2026-04-06,2026-05-15,39,50.0,19.2984
2026-04-06,2026-05-22,46,51.0,21.2527
2026-04-06,2026-06-18,73,50.0,25.2589
2026-04-06,2026-09-18,165,50.0,35.8609
2026-04-06,2027-01-15,284,50.0,44.5085
2026-04-06,2027-03-19,347,50.0,49.8339
2026-04-06,2027-12-17,620,50.0,62.4389
2026-04-06,2028-01-21,655,50.0,66.6406
2026-04-07,2026-04-10,3,49.5,6.1528
2026-04-07,2026-04-17,10,49.0,9.901
2026-04-07,2026-04-24,17,49.5,12.7804
2026-04-07,2026-05-01,24,49.0,14.6494
2026-04-07,2026-05-08,31,49.0,17.3772
2026-04-07,2026-05-15,38,50.0,18.9432
2026-04-07,2026-05-22,45,49.0,20.6607
2026-04-07,2026-06-18,72,50.0,25.3081
2026-04-07,2026-09-18,164,50.0,35.1586
2026-04-07,2027-01-15,283,50.0,45.8679
2026-04-07,2027-03-19,346,50.0,49.7575
2026-04-07,2027-12-17,619,50.0,65.3667
2026-04-07,2028-01-21,654,50.0,67.1348
2026-04-08,2026-04-10,2,54.0,4.7392
2026-04-08,2026-04-17,9,54.0,8.9181
2026-04-08,2026-04-24,16,54.0,11.701
2026-04-08,2026-05-01,23,54.0,13.2348
2026-04-08,2026-05-08,30,54.0,16.2564
2026-04-08,2026-05-15,37,55.0,18.1392
2026-04-08,2026-05-22,44,54.0,19.1036
2026-04-08,2026-06-18,71,55.0,24.0632
2026-04-08,2026-09-18,163,55.0,35.36
2026-04-08,2027-01-15,282,55.0,44.223
2026-04-08,2027-03-19,345,55.0,48.7693
2026-04-08,2027-12-17,618,55.0,64.291
2026-04-08,2028-01-21,653,55.0,66.7248
2026-04-09,2026-04-10,1,54.0,2.9963
2026-04-09,2026-04-17,8,54.0,8.1818
2026-04-09,2026-04-24,15,54.0,11.4007
2026-04-09,2026-05-01,22,54.0,13.7755
2026-04-09,2026-05-08,29,54.0,16.9759
2026-04-09,2026-05-15,36,55.0,18.5065
2026-04-09,2026-05-22,43,54.0,19.295
2026-04-09,2026-05-29,50,54.0,20.1763
2026-04-09,2026-06-18,70,55.0,24.8145
2026-04-09,2026-09-18,162,55.0,35.9462
2026-04-09,2027-01-15,281,55.0,44.1558
2026-04-09,2027-03-19,344,55.0,48.7941
2026-04-09,2027-12-17,617,55.0,63.9147
2026-04-09,2028-01-21,652,55.0,66.6512
2026-04-10,2026-04-17,7,55.0,7.0963
2026-04-10,2026-04-24,14,55.0,10.0018
2026-04-10,2026-05-01,21,55.0,12.7625
2026-04-10,2026-05-08,28,55.0,15.0253
2026-04-10,2026-05-15,35,55.0,17.1072
2026-04-10,2026-05-22,42,55.0,17.9218
2026-04-10,2026-05-29,49,55.0,18.5554
2026-04-10,2026-06-18,69,55.0,23.0358
2026-04-10,2026-09-18,161,55.0,34.8027
2026-04-10,2027-01-15,280,55.0,45.6644
2026-04-10,2027-03-19,343,55.0,50.2353
2026-04-10,2027-12-17,616,55.0,63.5409
2026-04-10,2028-01-21,651,55.0,64.6271
2026-04-13,2026-04-17,4,57.0,6.3028
2026-04-13,2026-04-24,11,57.0,9.4894
2026-04-13,2026-05-01,18,57.0,12.2799
2026-04-13,2026-05-08,25,57.0,15.3609
2026-04-13,2026-05-15,32,55.0,16.8574
2026-04-13,2026-05-22,39,57.0,18.5739
2026-04-13,2026-05-29,46,57.0,19.3662
2026-04-13,2026-06-18,66,55.0,23.2394
2026-04-13,2026-09-18,158,55.0,34.243
2026-04-13,2027-01-15,277,55.0,43.75
2026-04-13,2027-03-19,340,55.0,49.4718
2026-04-13,2027-12-17,613,55.0,63.3803
2026-04-13,2028-01-21,648,55.0,65.3169
2026-04-14,2026-04-17,3,57.0,4.9686
2026-04-14,2026-04-24,10,57.0,8.8302
2026-04-14,2026-05-01,17,57.0,11.7242
2026-04-14,2026-05-08,24,57.0,14.8623
2026-04-14,2026-05-15,31,55.0,16.3877
2026-04-14,2026-05-22,38,57.0,18.0875
2026-04-14,2026-05-29,45,57.0,19.0464
2026-04-14,2026-06-18,65,55.0,22.6203
2026-04-14,2026-09-18,157,55.0,33.8651
2026-04-14,2027-01-15,276,55.0,43.6715
2026-04-14,2027-03-19,339,55.0,47.9428
2026-04-14,2027-12-17,612,55.0,61.2796
2026-04-14,2028-01-21,647,55.0,63.7639
2026-04-15,2026-04-17,2,60.0,4.3935
2026-04-15,2026-04-24,9,60.0,8.8458
2026-04-15,2026-05-01,16,60.0,11.6347
2026-04-15,2026-05-08,23,60.0,14.953
2026-04-15,2026-05-15,30,60.0,16.339
2026-04-15,2026-05-22,37,60.0,17.8091
2026-04-15,2026-05-29,44,60.0,18.9852
2026-04-15,2026-06-18,64,60.0,23.0175
2026-04-15,2026-09-18,156,60.0,34.4842
2026-04-15,2027-01-15,275,60.0,44.9429
2026-04-15,2027-03-19,338,60.0,49.8992
2026-04-15,2027-12-17,611,60.0,63.256
2026-04-15,2028-01-21,646,60.0,65.2722
2026-04-16,2026-04-17,1,62.0,3.3146
2026-04-16,2026-04-24,8,62.0,7.8812
2026-04-16,2026-05-01,15,62.0,10.9551
2026-04-16,2026-05-08,22,62.0,14.6469
2026-04-16,2026-05-15,29,60.0,16.252
2026-04-16,2026-05-22,36,62.0,17.9374
2026-04-16,2026-05-29,43,62.0,19.1814
2026-04-16,2026-06-18,63,60.0,22.6726
2026-04-16,2026-09-18,155,60.0,33.9486
2026-04-16,2026-12-18,246,60.0,40.8909
2026-04-16,2027-01-15,274,60.0,44.1413
2026-04-16,2027-03-19,337,60.0,48.1541
2026-04-16,2027-12-17,610,60.0,62.3596
2026-04-16,2028-01-21,645,60.0,65.008
2026-04-17,2026-04-24,7,61.0,7.1979
2026-04-17,2026-05-01,14,61.0,10.0918
2026-04-17,2026-05-08,21,61.0,14.0597
2026-04-17,2026-05-15,28,60.0,15.5353
2026-04-17,2026-05-22,35,61.0,17.6258
2026-04-17,2026-05-29,42,61.0,18.0767
2026-04-17,2026-06-18,62,60.0,21.9708
2026-04-17,2026-09-18,154,60.0,33.2432
2026-04-17,2026-12-18,245,60.0,41.5642
2026-04-17,2027-01-15,273,60.0,44.8844
2026-04-17,2027-03-19,336,60.0,49.6803
2026-04-17,2027-12-17,609,60.0,63.617
2026-04-17,2028-01-21,644,60.0,65.5025
2026-04-20,2026-04-24,4,66.0,6.8624
2026-04-20,2026-05-01,11,66.0,10.2672
2026-04-20,2026-05-08,18,66.0,13.7777
2026-04-20,2026-05-15,25,66.0,15.8161
2026-04-20,2026-05-22,32,66.0,17.7035
2026-04-20,2026-05-29,39,66.0,18.8736
2026-04-20,2026-06-18,59,65.0,22.4974
2026-04-20,2026-09-18,151,65.0,35.1804
2026-04-20,2026-12-18,242,65.0,43.3716
2026-04-20,2027-01-15,270,65.0,44.8815
2026-04-20,2027-03-19,333,65.0,49.7886
2026-04-20,2027-12-17,606,65.0,63.4531
2026-04-20,2028-01-21,641,65.0,65.0762
2026-04-21,2026-04-24,3,66.0,5.885
2026-04-21,2026-05-01,10,66.0,9.7095
2026-04-21,2026-05-08,17,66.0,13.6481
2026-04-21,2026-05-15,24,66.0,15.4349
2026-04-21,2026-05-22,31,66.0,16.2333
2026-04-21,2026-05-29,38,66.0,18.2102
2026-04-21,2026-06-18,58,65.0,22.0119
2026-04-21,2026-09-18,150,65.0,33.9112
2026-04-21,2026-12-18,241,65.0,42.9973
2026-04-21,2027-01-15,269,65.0,44.746
2026-04-21,2027-03-19,332,65.0,50.1064
2026-04-21,2027-12-17,605,65.0,62.9562
2026-04-21,2028-01-21,640,65.0,66.2637
2026-04-22,2026-04-24,2,69.0,5.0152
2026-04-22,2026-05-01,9,69.0,9.4378
2026-04-22,2026-05-08,16,69.0,13.1522
2026-04-22,2026-05-15,23,69.0,15.2117
2026-04-22,2026-05-22,30,69.0,17.1629
2026-04-22,2026-05-29,37,69.0,18.3914
2026-04-22,2026-06-18,57,70.0,22.5827
2026-04-22,2026-09-18,149,70.0,36.1685
2026-04-22,2026-12-18,240,70.0,44.1899
2026-04-22,2027-01-15,268,70.0,46.3579
2026-04-22,2027-03-19,331,70.0,50.6937
2026-04-22,2027-12-17,604,70.0,64.1711
2026-04-22,2028-01-21,639,70.0,66.05
2026-04-23,2026-04-24,1,63.0,3.1822
2026-04-23,2026-05-01,8,63.0,8.2438
2026-04-23,2026-05-08,15,63.0,12.3579
2026-04-23,2026-05-15,22,63.0,14.4899
2026-04-23,2026-05-22,29,63.0,16.6219
2026-04-23,2026-05-29,36,63.0,17.8459
2026-04-23,2026-06-05,43,63.0,17.9643
2026-04-23,2026-06-18,56,65.0,22.1889
2026-04-23,2026-09-18,148,65.0,34.7836
2026-04-23,2026-12-18,239,65.0,43.0749
2026-04-23,2027-01-15,267,65.0,45.2858
2026-04-23,2027-03-19,330,65.0,49.1551
2026-04-23,2027-12-17,603,65.0,62.2236
2026-04-23,2028-01-21,638,65.0,66.4877
2026-04-24,2026-05-01,7,61.0,7.5498
2026-04-24,2026-05-08,14,61.0,12.1851
2026-04-24,2026-05-15,21,61.0,14.5315
2026-04-24,2026-05-22,28,61.0,16.4663
2026-04-24,2026-05-29,35,61.0,17.5778
2026-04-24,2026-06-05,42,61.0,19.7184
2026-04-24,2026-06-18,55,60.0,21.6944
2026-04-24,2026-09-18,147,60.0,33.9206
2026-04-24,2026-12-18,238,60.0,42.9771
2026-04-24,2027-01-15,266,60.0,44.6237
2026-04-24,2027-03-19,329,60.0,49.9341
2026-04-24,2027-12-17,602,60.0,63.4777
2026-04-24,2028-01-21,637,60.0,65.6595
2026-04-27,2026-05-01,4,65.0,6.9239
2026-04-27,2026-05-08,11,65.0,11.5912
2026-04-27,2026-05-15,18,65.0,14.3638
2026-04-27,2026-05-22,25,65.0,16.2508
2026-04-27,2026-05-29,32,65.0,17.5601
2026-04-27,2026-06-05,39,65.0,19.1389
2026-04-27,2026-06-18,52,65.0,21.8731
2026-04-27,2026-09-18,144,65.0,34.1959
2026-04-27,2026-12-18,235,65.0,43.9387
2026-04-27,2027-01-15,263,65.0,46.1722
2026-04-27,2027-03-19,326,65.0,51.525
2026-04-27,2027-12-17,599,65.0,65.6577
2026-04-27,2028-01-21,634,65.0,65.8888
2026-04-28,2026-05-01,3,62.0,6.0292
2026-04-28,2026-05-08,10,62.0,10.8995
2026-04-28,2026-05-15,17,62.0,13.4117
2026-04-28,2026-05-22,24,62.0,15.7618
2026-04-28,2026-05-29,31,62.0,17.0583
2026-04-28,2026-06-05,38,62.0,18.7196
2026-04-28,2026-06-18,51,60.0,21.2318
2026-04-28,2026-09-18,143,60.0,33.8736
2026-04-28,2026-12-18,234,60.0,43.7196
2026-04-28,2027-01-15,262,60.0,45.3809
2026-04-28,2027-03-19,325,60.0,49.6353
2026-04-28,2027-12-17,598,60.0,64.4246
2026-04-28,2028-01-21,633,60.0,66.8963
2026-04-29,2026-05-01,2,61.0,4.9266
2026-04-29,2026-05-08,9,61.0,10.7259
2026-04-29,2026-05-15,16,61.0,13.2953
2026-04-29,2026-05-22,23,61.0,15.783
2026-04-29,2026-05-29,30,61.0,17.4144
2026-04-29,2026-06-05,37,61.0,19.2496
2026-04-29,2026-06-18,50,60.0,20.9217
2026-04-29,2026-09-18,142,60.0,34.8287
2026-04-29,2026-12-18,233,60.0,44.0457
2026-04-29,2027-01-15,261,60.0,45.2692
2026-04-29,2027-03-19,324,60.0,49.2659
2026-04-29,2027-12-17,597,60.0,64.1925
2026-04-29,2028-01-21,632,60.0,67.0065
2026-04-30,2026-05-01,1,66.0,3.5433
2026-04-30,2026-05-08,8,66.0,10.1454
2026-04-30,2026-05-15,15,66.0,12.7574
2026-04-30,2026-05-22,22,66.0,15.6345
2026-04-30,2026-05-29,29,66.0,16.6944
2026-04-30,2026-06-05,36,66.0,19.0415
2026-04-30,2026-06-12,43,66.0,20.48
2026-04-30,2026-06-18,49,65.0,21.1614
2026-04-30,2026-09-18,141,65.0,34.9031
2026-04-30,2026-12-18,232,65.0,43.7614
2026-04-30,2027-01-15,260,65.0,44.8592
2026-04-30,2027-03-19,323,65.0,48.4176
2026-04-30,2027-12-17,596,65.0,63.3328
2026-04-30,2028-01-21,631,65.0,66.3234
2026-05-01,2026-05-08,7,67.0,9.7103
2026-05-01,2026-05-15,14,67.0,12.3443
2026-05-01,2026-05-22,21,67.0,14.7081
2026-05-01,2026-05-29,28,67.0,16.0588
2026-05-01,2026-06-05,35,67.0,18.235
2026-05-01,2026-06-12,42,67.0,19.7734
2026-05-01,2026-06-18,48,65.0,20.1861
2026-05-01,2026-09-18,140,65.0,33.4309
2026-05-01,2026-12-18,231,65.0,42.1357
2026-05-01,2027-01-15,259,65.0,44.0117
2026-05-01,2027-03-19,322,65.0,48.5142
2026-05-01,2027-12-17,595,65.0,63.5975
2026-05-01,2028-01-21,630,65.0,65.0983
2026-05-04,2026-05-08,4,66.0,8.6631
2026-05-04,2026-05-15,11,66.0,11.3671
2026-05-04,2026-05-22,18,66.0,14.0861
2026-05-04,2026-05-29,25,66.0,15.6344
2026-05-04,2026-06-05,32,66.0,17.1073
2026-05-04,2026-06-12,39,66.0,19.5997
2026-05-04,2026-06-18,45,65.0,20.2417
2026-05-04,2026-09-18,137,65.0,32.7417
2026-05-04,2026-12-18,228,65.0,42.145
2026-05-04,2027-01-15,256,65.0,44.2221
2026-05-04,2027-03-19,319,65.0,48.1495
2026-05-04,2027-12-17,592,65.0,63.0665
2026-05-04,2028-01-21,627,65.0,63.7462
2026-05-05,2026-05-08,3,68.0,7.9048
2026-05-05,2026-05-15,10,68.0,11.1299
2026-05-05,2026-05-22,17,68.0,13.9215
2026-05-05,2026-05-29,24,68.0,15.2439
2026-05-05,2026-06-05,31,68.0,17.6315
2026-05-05,2026-06-12,38,68.0,19.5048
2026-05-05,2026-06-18,44,70.0,20.313
2026-05-05,2026-09-18,136,70.0,34.7855
2026-05-05,2026-12-18,227,70.0,43.2706
2026-05-05,2027-01-15,255,70.0,44.9236
2026-05-05,2027-03-19,318,70.0,48.5968
2026-05-05,2027-12-17,591,70.0,64.355
2026-05-05,2028-01-21,626,70.0,65.9345
2026-05-06,2026-05-08,2,73.0,7.2333
2026-05-06,2026-05-15,9,73.0,10.8396
2026-05-06,2026-05-22,16,73.0,13.627
2026-05-06,2026-05-29,23,73.0,15.2787
2026-05-06,2026-06-05,30,73.0,17.4123
2026-05-06,2026-06-12,37,73.0,18.9264
2026-05-06,2026-06-18,43,75.0,20.3716
2026-05-06,2026-09-18,135,75.0,34.3427
2026-05-06,2026-12-18,226,75.0,43.4618
2026-05-06,2027-01-15,254,75.0,45.3544
2026-05-06,2027-03-19,317,75.0,49.7935
2026-05-06,2027-12-17,590,75.0,65.554
2026-05-06,2028-01-21,625,75.0,66.139
2026-05-07,2026-05-08,1,69.0,6.3359
2026-05-07,2026-05-15,8,69.0,10.4875
2026-05-07,2026-05-22,15,69.0,13.1636
2026-05-07,2026-05-29,22,69.0,14.7548
2026-05-07,2026-06-05,29,69.0,15.9844
2026-05-07,2026-06-12,36,69.0,18.0819
2026-05-07,2026-06-18,42,70.0,19.8539
2026-05-07,2026-06-26,50,69.0,21.3004
2026-05-07,2026-09-18,134,70.0,34.4279
2026-05-07,2026-12-18,225,70.0,42.854
2026-05-07,2027-01-15,253,70.0,45.1685
2026-05-07,2027-03-19,316,70.0,48.7849
2026-05-07,2027-12-17,589,70.0,63.6844
2026-05-07,2028-01-21,624,70.0,64.697
2026-05-08,2026-05-15,7,67.0,8.1195
2026-05-08,2026-05-22,14,67.0,11.6788
2026-05-08,2026-05-29,21,67.0,13.3472
2026-05-08,2026-06-05,28,67.0,15.9054
2026-05-08,2026-06-12,35,67.0,17.1289
2026-05-08,2026-06-18,41,65.0,18.3894
2026-05-08,2026-06-26,49,67.0,19.6129
2026-05-08,2026-09-18,133,65.0,32.2557
2026-05-08,2026-12-18,224,65.0,40.8943
2026-05-08,2027-01-15,252,65.0,42.8963
2026-05-08,2027-03-19,315,65.0,47.4195
2026-05-08,2027-12-17,588,65.0,63.6957
2026-05-08,2028-01-21,623,65.0,63.9552
2026-05-11,2026-05-15,4,67.0,7.6027
2026-05-11,2026-05-22,11,67.0,11.163
2026-05-11,2026-05-29,18,67.0,13.2399
2026-05-11,2026-06-05,25,67.0,15.3909
2026-05-11,2026-06-12,32,67.0,17.3565
2026-05-11,2026-06-18,38,65.0,18.3949
2026-05-11,2026-06-26,46,67.0,20.0267
2026-05-11,2026-09-18,130,65.0,31.8573
2026-05-11,2026-12-18,221,65.0,42.3157
2026-05-11,2027-01-15,249,65.0,43.1316
2026-05-11,2027-03-19,312,65.0,48.2124
2026-05-11,2027-12-17,585,65.0,64.1596
2026-05-11,2028-01-21,620,65.0,63.7146
2026-05-12,2026-05-15,3,66.0,6.4873
2026-05-12,2026-05-22,10,66.0,10.154
2026-05-12,2026-05-29,17,66.0,12.2351
2026-05-12,2026-06-05,24,66.0,15.1319
2026-05-12,2026-06-12,31,66.0,16.7327
2026-05-12,2026-06-18,37,65.0,17.495
2026-05-12,2026-06-26,45,66.0,20.5062
2026-05-12,2026-09-18,129,65.0,31.9408
2026-05-12,2026-12-18,220,65.0,42.0415
2026-05-12,2027-01-15,248,65.0,44.0616
2026-05-12,2027-03-19,311,65.0,48.3687
2026-05-12,2027-12-17,584,65.0,63.6911
2026-05-12,2028-01-21,619,65.0,64.9108
2026-05-13,2026-05-15,2,64.0,5.9627
2026-05-13,2026-05-22,9,64.0,10.0345
2026-05-13,2026-05-29,16,64.0,11.9253
2026-05-13,2026-06-05,23,64.0,14.2005
2026-05-13,2026-06-12,30,64.0,16.5934
2026-05-13,2026-06-18,36,65.0,18.0449
2026-05-13,2026-06-26,44,64.0,19.8101
2026-05-13,2026-09-18,128,65.0,32.7554
2026-05-13,2026-12-18,219,65.0,42.6801
2026-05-13,2027-01-15,247,65.0,44.7984
2026-05-13,2027-03-19,310,65.0,49.3488
2026-05-13,2027-12-17,583,65.0,65.6284
2026-05-13,2028-01-21,618,65.0,64.7262
2026-05-14,2026-05-15,1,60.0,4.1452
2026-05-14,2026-05-22,8,60.0,8.8874
2026-05-14,2026-05-29,15,60.0,11.5238
2026-05-14,2026-06-05,22,60.0,13.7208
2026-05-14,2026-06-12,29,60.0,15.8763
2026-05-14,2026-06-18,35,60.0,17.1613
2026-05-14,2026-06-26,43,60.0,18.8194
2026-05-14,2026-07-17,64,60.0,22.4673
2026-05-14,2026-09-18,127,60.0,32.0013
2026-05-14,2026-12-18,218,60.0,42.1572
2026-05-14,2027-01-15,246,60.0,44.2713
2026-05-14,2027-03-19,309,60.0,49.2041
2026-05-14,2027-12-17,582,60.0,64.7488
2026-05-14,2028-01-21,617,60.0,65.9095
2026-05-15,2026-05-22,7,61.0,8.0545
2026-05-15,2026-05-29,14,61.0,10.7312
2026-05-15,2026-06-05,21,61.0,13.0162
2026-05-15,2026-06-12,28,61.0,15.5867
2026-05-15,2026-06-18,34,60.0,16.6068
2026-05-15,2026-06-26,42,61.0,18.8918
2026-05-15,2026-07-17,63,60.0,22.2784
2026-05-15,2026-09-18,126,60.0,31.8671
2026-05-15,2026-12-18,217,60.0,41.2518
2026-05-15,2027-01-15,245,60.0,43.3328
2026-05-15,2027-03-19,308,60.0,47.7803
2026-05-15,2027-12-17,581,60.0,62.9998
2026-05-15,2028-01-21,616,60.0,65.7744
2026-05-18,2026-05-22,4,57.0,6.7761
2026-05-18,2026-05-29,11,57.0,9.8818
2026-05-18,2026-06-05,18,57.0,12.264
2026-05-18,2026-06-12,25,57.0,15.0873
2026-05-18,2026-06-18,31,57.0,16.0138
2026-05-18,2026-06-26,39,57.0,18.6607
2026-05-18,2026-07-17,60,55.0,21.5723
2026-05-18,2026-09-18,123,55.0,31.1011
2026-05-18,2026-12-18,214,55.0,40.277
2026-05-18,2027-01-15,242,55.0,42.7475
2026-05-18,2027-03-19,305,55.0,48.0413
2026-05-18,2027-12-17,578,55.0,62.5551
2026-05-18,2028-01-21,613,55.0,65.1138
2026-05-19,2026-05-22,3,55.0,5.953
2026-05-19,2026-05-29,10,55.0,9.3301
2026-05-19,2026-06-05,17,55.0,12.2884
2026-05-19,2026-06-12,24,55.0,14.655
2026-05-19,2026-06-18,30,55.0,15.2467
2026-05-19,2026-06-26,38,55.0,17.4768
2026-05-19,2026-07-17,59,55.0,20.9812
2026-05-19,2026-09-18,122,55.0,31.1305
2026-05-19,2026-12-18,213,55.0,41.2343
2026-05-19,2027-01-15,241,55.0,42.7362
2026-05-19,2027-03-19,304,55.0,46.2407
2026-05-19,2027-12-17,577,55.0,64.1271
2026-05-19,2028-01-21,612,55.0,63.4899
2026-05-20,2026-05-22,2,56.0,4.9381
2026-05-20,2026-05-29,9,56.0,9.2743
2026-05-20,2026-06-05,16,56.0,11.4159
2026-05-20,2026-06-12,23,56.0,14.0265
2026-05-20,2026-06-18,29,56.0,15.3097
2026-05-20,2026-06-26,37,56.0,17.2124
2026-05-20,2026-07-17,58,55.0,20.9292
2026-05-20,2026-09-18,121,55.0,31.2832
2026-05-20,2026-12-18,212,55.0,40.6195
2026-05-20,2027-01-15,240,55.0,42.3009
2026-05-20,2027-03-19,303,55.0,46.0619
2026-05-20,2027-12-17,576,55.0,62.3451
2026-05-20,2028-01-21,611,55.0,63.2743
2026-05-21,2026-05-22,1,62.0,3.3204
2026-05-21,2026-05-29,8,62.0,7.977
2026-05-21,2026-06-05,15,62.0,11.0544
2026-05-21,2026-06-12,22,62.0,13.484
2026-05-21,2026-06-18,28,62.0,14.9012
2026-05-21,2026-06-26,36,62.0,17.9786
2026-05-21,2026-07-02,42,62.0,18.2216
2026-05-21,2026-07-17,57,60.0,21.38
2026-05-21,2026-09-18,120,60.0,31.1386
2026-05-21,2026-12-18,211,60.0,40.9378
2026-05-21,2027-01-15,239,60.0,43.1649
2026-05-21,2027-03-19,302,60.0,48.3479
2026-05-21,2027-12-17,575,60.0,63.2086
2026-05-21,2028-01-21,610,60.0,64.7473
2026-05-22,2026-05-29,7,64.0,7.4697
2026-05-22,2026-06-05,14,64.0,11.0534
2026-05-22,2026-06-12,21,64.0,14.0009
2026-05-22,2026-06-18,27,64.0,15.0481
2026-05-22,2026-06-26,35,64.0,17.4139
2026-05-22,2026-07-02,41,64.0,19.5858
2026-05-22,2026-07-17,56,65.0,21.6025
2026-05-22,2026-09-18,119,65.0,32.2293
2026-05-22,2026-12-18,210,65.0,42.0028
2026-05-22,2027-01-15,238,65.0,43.6705
2026-05-22,2027-03-19,301,65.0,48.9063
2026-05-22,2027-12-17,574,65.0,64.0707
2026-05-22,2028-01-21,609,65.0,65.3894
2026-05-26,2026-05-29,3,67.0,6.8667
2026-05-26,2026-06-05,10,67.0,10.7852
2026-05-26,2026-06-12,17,67.0,13.808
2026-05-26,2026-06-18,23,67.0,15.7486
2026-05-26,2026-06-26,31,67.0,17.4653
2026-05-26,2026-07-02,37,67.0,19.2193
2026-05-26,2026-07-17,52,65.0,22.69
2026-05-26,2026-09-18,115,65.0,33.1766
2026-05-26,2026-12-18,206,65.0,43.402
2026-05-26,2027-01-15,234,65.0,44.7082
2026-05-26,2027-03-19,297,65.0,49.5223
2026-05-26,2027-12-17,570,65.0,65.7188
2026-05-26,2028-01-21,605,65.0,66.3532
2026-05-27,2026-05-29,2,65.0,4.9916
2026-05-27,2026-06-05,9,65.0,9.5384
2026-05-27,2026-06-12,16,65.0,12.5748
2026-05-27,2026-06-18,22,65.0,14.8367
2026-05-27,2026-06-26,30,65.0,17.252
2026-05-27,2026-07-02,36,65.0,18.9772
2026-05-27,2026-07-17,51,65.0,21.9292
2026-05-27,2026-09-18,114,65.0,32.8937
2026-05-27,2026-12-18,205,65.0,42.5548
2026-05-27,2027-01-15,233,65.0,45.1618
2026-05-27,2027-03-19,296,65.0,49.1106
2026-05-27,2027-12-17,569,65.0,64.829
2026-05-27,2028-01-21,604,65.0,66.0175
2026-05-28,2026-05-29,1,67.0,3.3668
2026-05-28,2026-06-05,8,67.0,8.8508
2026-05-28,2026-06-12,15,67.0,12.457
2026-05-28,2026-06-18,21,67.0,14.29
2026-05-28,2026-06-26,29,67.0,17.3201
2026-05-28,2026-07-02,35,67.0,18.8164
2026-05-28,2026-07-10,43,67.0,20.1631
2026-05-28,2026-07-17,50,65.0,21.2479
2026-05-28,2026-09-18,113,65.0,33.1438
2026-05-28,2026-12-18,204,65.0,42.3463
2026-05-28,2027-01-15,232,65.0,43.9922
2026-05-28,2027-03-19,295,65.0,50.2768
2026-05-28,2027-12-17,568,65.0,63.9309
2026-05-28,2028-01-21,603,65.0,66.0631
2026-05-29,2026-06-05,7,65.0,7.8825
2026-05-29,2026-06-12,14,65.0,10.9737
2026-05-29,2026-06-18,20,65.0,13.0603
2026-05-29,2026-06-26,28,65.0,15.4946
2026-05-29,2026-07-02,34,65.0,18.0062
2026-05-29,2026-07-10,42,65.0,19.8609
2026-05-29,2026-07-17,49,65.0,20.5564
2026-05-29,2026-09-18,112,65.0,31.9165
2026-05-29,2026-12-18,203,65.0,41.6151
2026-05-29,2027-01-15,231,65.0,43.8563
2026-05-29,2027-03-19,294,65.0,48.9181
2026-05-29,2027-12-17,567,65.0,65.0696
2026-05-29,2028-01-21,602,65.0,66.0742
2026-06-01,2026-06-05,4,69.0,7.5624
2026-06-01,2026-06-12,11,69.0,11.3292
2026-06-01,2026-06-18,17,69.0,13.9631
2026-06-01,2026-06-26,25,69.0,16.7773
2026-06-01,2026-07-02,31,69.0,18.1123
2026-06-01,2026-07-10,39,69.0,20.2049
2026-06-01,2026-07-17,46,70.0,21.7925
2026-06-01,2026-09-18,109,70.0,33.0495
2026-06-01,2026-12-18,200,70.0,42.719
2026-06-01,2027-01-15,228,70.0,45.7497
2026-06-01,2027-03-19,291,70.0,51.4504
2026-06-01,2027-12-17,564,70.0,66.7124
2026-06-01,2028-01-21,599,70.0,68.1917
2026-06-02,2026-06-05,3,72.0,6.8245
2026-06-02,2026-06-12,10,72.0,10.8666
2026-06-02,2026-06-18,16,72.0,13.1852
2026-06-02,2026-06-26,24,72.0,15.7115
2026-06-02,2026-07-02,30,72.0,17.7533
2026-06-02,2026-07-10,38,72.0,19.4491
2026-06-02,2026-07-17,45,70.0,21.041
2026-06-02,2026-09-18,108,70.0,32.2882
2026-06-02,2026-12-18,199,70.0,42.0473
2026-06-02,2027-01-15,227,70.0,44.8159
2026-06-02,2027-03-19,290,70.0,49.2456
2026-06-02,2027-12-17,563,70.0,64.7494
2026-06-02,2028-01-21,598,70.0,66.2029
2026-06-03,2026-06-05,2,69.0,5.485
2026-06-03,2026-06-12,9,69.0,10.0292
2026-06-03,2026-06-18,15,69.0,12.655
2026-06-03,2026-06-26,23,69.0,15.3902
2026-06-03,2026-07-02,29,69.0,16.922
2026-06-03,2026-07-10,37,69.0,19.4384
2026-06-03,2026-07-17,44,70.0,21.0795
2026-06-03,2026-09-18,107,70.0,32.4945
2026-06-03,2026-12-18,198,70.0,42.5602
2026-06-03,2027-01-15,226,70.0,44.9672
2026-06-03,2027-03-19,289,70.0,49.7447
2026-06-03,2027-12-17,562,70.0,65.062
2026-06-03,2028-01-21,597,70.0,67.6878
2026-06-04,2026-06-05,1,65.0,3.4219
2026-06-04,2026-06-12,8,65.0,8.4021
2026-06-04,2026-06-18,14,65.0,11.2282
2026-06-04,2026-06-26,22,65.0,13.9398
2026-06-04,2026-07-02,28,65.0,15.9258
2026-06-04,2026-07-10,36,65.0,18.561
2026-06-04,2026-07-17,43,65.0,19.7067
2026-06-04,2026-07-24,50,65.0,22.3801
2026-06-04,2026-09-18,106,65.0,31.546
2026-06-04,2026-12-18,197,65.0,42.125
2026-06-04,2027-01-15,225,65.0,43.8054
2026-06-04,2027-03-19,288,65.0,49.1903
2026-06-04,2027-12-17,561,65.0,65.6126
2026-06-04,2028-01-21,596,65.0,66.7965
2026-06-05,2026-06-12,7,59.0,8.0095
2026-06-05,2026-06-18,13,59.0,10.9327
2026-06-05,2026-06-26,21,59.0,13.6026
2026-06-05,2026-07-02,27,59.0,14.9121
2026-06-05,2026-07-10,35,59.0,17.2356
2026-06-05,2026-07-17,42,60.0,19.6435
2026-06-05,2026-07-24,49,59.0,23.1497
2026-06-05,2026-09-18,105,60.0,31.1761
2026-06-05,2026-12-18,196,60.0,41.6948
2026-06-05,2027-01-15,224,60.0,43.7648
2026-06-05,2027-03-19,287,60.0,49.2143
2026-06-05,2027-12-17,560,60.0,64.7601
2026-06-05,2028-01-21,595,60.0,66.3231
2026-06-08,2026-06-12,4,58.0,6.834
2026-06-08,2026-06-18,10,58.0,9.8385
2026-06-08,2026-06-26,18,58.0,12.4609
2026-06-08,2026-07-02,24,58.0,14.2845
2026-06-08,2026-07-10,32,58.0,16.9764
2026-06-08,2026-07-17,39,60.0,19.3209
2026-06-08,2026-07-24,46,58.0,20.9274
2026-06-08,2026-09-18,102,60.0,31.5648
2026-06-08,2026-12-18,193,60.0,42.0719
2026-06-08,2027-01-15,221,60.0,43.9823
2026-06-08,2027-03-19,284,60.0,49.7134
2026-06-08,2027-12-17,557,60.0,66.3425
2026-06-08,2028-01-21,592,60.0,67.9924
2026-06-09,2026-06-12,3,54.0,6.5285
2026-06-09,2026-06-18,9,54.0,9.8435
2026-06-09,2026-06-26,17,54.0,13.1215
2026-06-09,2026-07-02,23,54.0,14.9171
2026-06-09,2026-07-10,31,54.0,16.6206
2026-06-09,2026-07-17,38,55.0,18.9687
2026-06-09,2026-07-24,45,54.0,20.3039
2026-06-09,2026-09-18,101,55.0,31.0313
2026-06-09,2026-12-18,192,55.0,41.989
2026-06-09,2027-01-15,220,55.0,44.1529
2026-06-09,2027-03-19,283,55.0,48.2965
2026-06-09,2027-12-17,556,55.0,63.8122
2026-06-09,2028-01-21,591,55.0,66.3444
2026-06-10,2026-06-12,2,53.0,5.5285
2026-06-10,2026-06-18,8,53.0,9.7474
2026-06-10,2026-06-26,16,53.0,12.8625
2026-06-10,2026-07-02,22,53.0,14.1721
2026-06-10,2026-07-10,30,53.0,16.7914
2026-06-10,2026-07-17,37,55.0,18.4752
2026-06-10,2026-07-24,44,54.0,20.9542
2026-06-10,2026-09-18,100,55.0,31.2909
2026-06-10,2026-12-18,191,55.0,41.9551
2026-06-10,2027-01-15,219,55.0,44.3873
2026-06-10,2027-03-19,282,55.0,49.0645
2026-06-10,2027-12-17,555,55.0,65.014
2026-06-10,2028-01-21,590,55.0,66.1366
2026-06-11,2026-06-12,1,57.0,3.7601
2026-06-11,2026-06-18,7,57.0,8.0535
2026-06-11,2026-06-26,15,57.0,11.4988
2026-06-11,2026-07-02,21,57.0,13.7723
2026-06-11,2026-07-10,29,57.0,15.8272
2026-06-11,2026-07-17,36,55.0,17.5761
2026-06-11,2026-07-24,43,57.0,20.1119
2026-06-11,2026-07-31,50,57.0,22.1668
2026-06-11,2026-09-18,99,55.0,29.5995
2026-06-11,2026-12-18,190,55.0,40.9671
2026-06-11,2027-01-15,218,55.0,42.1039
2026-06-11,2027-03-19,281,55.0,47.8314
2026-06-11,2027-12-17,554,55.0,63.6149
2026-06-11,2028-01-21,589,55.0,65.8884
2026-06-12,2026-06-18,6,58.0,7.1503
2026-06-12,2026-06-26,14,58.0,11.2337
2026-06-12,2026-07-02,20,58.0,13.2493
2026-06-12,2026-07-10,28,58.0,15.2911
2026-06-12,2026-07-17,35,60.0,17.8106
2026-06-12,2026-07-24,42,58.0,18.1147
2026-06-12,2026-07-31,49,58.0,20.0695
2026-06-12,2026-09-18,98,60.0,30.4518
2026-06-12,2026-12-18,189,60.0,41.3553
2026-06-12,2027-01-15,217,60.0,44.874
2026-06-12,2027-03-19,280,60.0,49.305
2026-06-12,2027-12-17,553,60.0,65.3345
2026-06-12,2028-01-21,588,60.0,67.8975
2026-06-15,2026-06-18,3,58.0,6.162
2026-06-15,2026-06-26,11,58.0,10.4016
2026-06-15,2026-07-02,17,58.0,12.3412
2026-06-15,2026-07-10,25,58.0,15.7055
2026-06-15,2026-07-17,32,60.0,16.6495
2026-06-15,2026-07-24,39,58.0,19.0954
2026-06-15,2026-07-31,46,58.0,21.3268
2026-06-15,2026-09-18,95,60.0,29.5228
2026-06-15,2026-12-18,186,60.0,40.3793
2026-06-15,2027-01-15,214,60.0,42.9111
2026-06-15,2027-03-19,277,60.0,48.1462
2026-06-15,2027-12-17,550,60.0,65.1819
2026-06-15,2028-01-21,585,60.0,66.0831
2026-06-16,2026-06-18,2,57.0,4.9693
2026-06-16,2026-06-26,10,57.0,9.3427
2026-06-16,2026-07-02,16,57.0,11.3935
2026-06-16,2026-07-10,24,57.0,13.8037
2026-06-16,2026-07-17,31,55.0,15.688
2026-06-16,2026-07-24,38,57.0,18.4049
2026-06-16,2026-07-31,45,57.0,20.2016
2026-06-16,2026-09-18,94,55.0,27.8703
2026-06-16,2026-12-18,185,55.0,39.22
2026-06-16,2027-01-15,213,55.0,41.0167
2026-06-16,2027-03-19,276,55.0,46.4943
2026-06-16,2027-12-17,549,55.0,63.1902
2026-06-16,2028-01-21,584,55.0,64.461
2026-06-17,2026-06-18,1,61.0,3.5503
2026-06-17,2026-06-26,9,61.0,8.8346
2026-06-17,2026-07-02,15,61.0,11.9165
2026-06-17,2026-07-10,23,61.0,13.93
2026-06-17,2026-07-17,30,60.0,15.9845
2026-06-17,2026-07-24,37,61.0,17.7104
2026-06-17,2026-07-31,44,61.0,19.6828
2026-06-17,2026-09-18,93,60.0,28.764
2026-06-17,2026-12-18,184,60.0,39.2423
2026-06-17,2027-01-15,212,60.0,41.7078
2026-06-17,2027-03-19,275,60.0,47.0907
2026-06-17,2027-12-17,548,60.0,63.6095
2026-06-17,2028-01-21,583,60.0,66.527
2026-06-18,2026-06-26,8,61.0,8.0486
2026-06-18,2026-07-02,14,61.0,11.3173
2026-06-18,2026-07-10,22,61.0,13.5102
2026-06-18,2026-07-17,29,60.0,15.317
2026-06-18,2026-07-24,36,61.0,17.1238
2026-06-18,2026-07-31,43,61.0,19.3003
2026-06-18,2026-08-21,64,60.0,23.8995
2026-06-18,2026-09-18,92,60.0,27.9648
2026-06-18,2026-12-18,183,60.0,38.3952
2026-06-18,2027-01-15,211,60.0,40.4484
2026-06-18,2027-03-19,274,60.0,47.224
2026-06-18,2027-12-17,547,60.0,63.4034
2026-06-18,2028-01-21,582,60.0,65.046
2026-06-22,2026-06-26,4,60.0,6.8668
2026-06-22,2026-07-02,10,60.0,9.9104
2026-06-22,2026-07-10,18,60.0,12.6887
2026-06-22,2026-07-17,25,60.0,14.9693
2026-06-22,2026-07-24,32,60.0,16.9182
2026-06-22,2026-07-31,39,60.0,19.4477
2026-06-22,2026-08-21,60,60.0,23.7602
2026-06-22,2026-09-18,88,60.0,28.1141
2026-06-22,2026-12-18,179,60.0,39.31
2026-06-22,2027-01-15,207,60.0,41.3833
2026-06-22,2027-03-19,270,60.0,46.0275
2026-06-22,2027-12-17,543,60.0,63.8166
2026-06-22,2028-01-21,578,60.0,65.7655
2026-06-23,2026-06-26,3,59.0,6.3497
2026-06-23,2026-07-02,9,59.0,9.6859
2026-06-23,2026-07-10,17,59.0,12.309
2026-06-23,2026-07-17,24,59.0,14.1341
2026-06-23,2026-07-24,31,59.0,16.0866
2026-06-23,2026-07-31,38,59.0,19.0153
2026-06-23,2026-08-21,59,60.0,23.2598
2026-06-23,2026-09-18,87,60.0,27.674
2026-06-23,2026-12-18,178,60.0,38.7097
2026-06-23,2027-01-15,206,60.0,41.6384
2026-06-23,2027-03-19,269,60.0,47.2411
2026-06-23,2027-12-17,542,60.0,64.3463
2026-06-23,2028-01-21,577,60.0,65.5772
2026-06-24,2026-06-26,2,57.0,5.0522
2026-06-24,2026-07-02,8,57.0,9.1046
2026-06-24,2026-07-10,16,57.0,12.3606
2026-06-24,2026-07-17,23,57.0,14.201
2026-06-24,2026-07-24,30,57.0,16.7669
2026-06-24,2026-07-31,37,57.0,18.0499
2026-06-24,2026-08-21,58,55.0,22.4739
2026-06-24,2026-09-18,86,55.0,27.2076
2026-06-24,2026-12-18,177,55.0,37.3828
2026-06-24,2027-01-15,205,55.0,39.8602
2026-06-24,2027-03-19,268,55.0,45.5672
2026-06-24,2027-12-17,541,55.0,60.653
2026-06-24,2028-01-21,576,55.0,63.794
2026-06-25,2026-06-26,1,56.0,4.4319
2026-06-25,2026-07-02,7,56.0,8.0097
2026-06-25,2026-07-10,15,56.0,11.5876
2026-06-25,2026-07-17,22,56.0,13.6641
2026-06-25,2026-07-24,29,56.0,15.7767
2026-06-25,2026-07-31,36,56.0,18.7882
2026-06-25,2026-08-07,43,56.0,19.6872
2026-06-25,2026-08-21,57,55.0,22.2941
2026-06-25,2026-09-18,85,55.0,26.8788
2026-06-25,2026-12-18,176,55.0,39.1046
2026-06-25,2027-01-15,204,55.0,40.6329
2026-06-25,2027-03-19,267,55.0,45.8019
2026-06-25,2027-12-17,540,55.0,63.1967
2026-06-25,2028-01-21,575,55.0,64.9497
2026-06-26,2026-07-02,6,54.0,6.8089
2026-06-26,2026-07-10,14,54.0,10.9926
2026-06-26,2026-07-17,21,54.0,12.9406
2026-06-26,2026-07-24,28,54.0,16.2338
2026-06-26,2026-07-31,35,54.0,16.9759
2026-06-26,2026-08-07,42,54.0,19.4805
2026-06-26,2026-08-21,56,55.0,22.3098
2026-06-26,2026-09-18,84,55.0,26.7625
2026-06-26,2026-12-18,175,55.0,38.5436
2026-06-26,2027-01-15,203,55.0,40.6308
2026-06-26,2027-03-19,266,55.0,46.6141
2026-06-26,2027-12-17,539,55.0,62.7087
2026-06-26,2028-01-21,574,55.0,65.3061
2026-06-29,2026-07-02,3,55.0,5.4987
2026-06-29,2026-07-10,11,55.0,9.3168
2026-06-29,2026-07-17,18,55.0,12.1027
2026-06-29,2026-07-24,25,55.0,13.7925
2026-06-29,2026-07-31,32,55.0,15.7563
2026-06-29,2026-08-07,39,55.0,18.1312
2026-06-29,2026-08-21,53,55.0,21.1911
2026-06-29,2026-09-18,81,55.0,25.7581
2026-06-29,2026-12-18,172,55.0,36.9017
2026-06-29,2027-01-15,200,55.0,40.8294
2026-06-29,2027-03-19,263,55.0,46.5838
2026-06-29,2027-12-17,536,55.0,62.1118
2026-06-29,2028-01-21,571,55.0,65.2631
2026-06-30,2026-07-02,2,56.0,4.4189
2026-06-30,2026-07-10,10,56.0,8.8199
2026-06-30,2026-07-17,17,56.0,11.6051
2026-06-30,2026-07-24,24,56.0,13.7922
2026-06-30,2026-07-31,31,56.0,15.6668
2026-06-30,2026-08-07,38,56.0,18.3003
2026-06-30,2026-08-21,52,55.0,20.9338
2026-06-30,2026-09-18,80,55.0,25.4865
2026-06-30,2026-12-18,171,55.0,37.2255
2026-06-30,2027-01-15,199,55.0,40.6177
2026-06-30,2027-03-19,262,55.0,45.1259
2026-06-30,2027-12-17,535,55.0,61.9532
2026-06-30,2028-01-21,570,55.0,63.1137
2026-07-01,2026-07-02,1,54.0,3.1595
2026-07-01,2026-07-10,9,54.0,7.664
2026-07-01,2026-07-17,16,54.0,10.713
2026-07-01,2026-07-24,23,54.0,13.4488
2026-07-01,2026-07-31,30,54.0,15.199
2026-07-01,2026-08-07,37,54.0,17.1794
2026-07-01,2026-08-21,51,55.0,20.5416
2026-07-01,2026-09-18,79,55.0,25.2395
2026-07-01,2026-12-18,170,55.0,37.8132
2026-07-01,2027-01-15,198,55.0,39.9779
2026-07-01,2027-03-19,261,55.0,46.8865
2026-07-01,2027-12-17,534,55.0,64.4344
2026-07-01,2028-01-21,569,55.0,64.7568
2026-07-02,2026-07-10,8,53.0,7.1
2026-07-02,2026-07-17,15,53.0,10.2795
2026-07-02,2026-07-24,22,53.0,12.9432
2026-07-02,2026-07-31,29,53.0,14.9597
2026-07-02,2026-08-07,36,53.0,17.2107
2026-07-02,2026-08-14,43,53.0,19.2741
2026-07-02,2026-08-21,50,55.0,20.634
2026-07-02,2026-09-18,78,55.0,25.7456
2026-07-02,2026-12-18,169,55.0,37.7978
2026-07-02,2027-01-15,197,55.0,40.1895
2026-07-02,2027-03-19,260,55.0,46.1921
2026-07-02,2027-12-17,533,55.0,66.0758
2026-07-02,2028-01-21,568,55.0,64.4344
2026-07-06,2026-07-10,4,53.0,6.2535
2026-07-06,2026-07-17,11,53.0,9.6586
2026-07-06,2026-07-24,18,53.0,12.1958
2026-07-06,2026-07-31,25,53.0,14.3369
2026-07-06,2026-08-07,32,53.0,17.4967
2026-07-06,2026-08-14,39,53.0,18.77
2026-07-06,2026-08-21,46,55.0,20.5622
2026-07-06,2026-09-18,74,55.0,25.4669
2026-07-06,2026-12-18,165,55.0,38.0589
2026-07-06,2027-01-15,193,55.0,40.4169
2026-07-06,2027-03-19,256,55.0,46.3592
2026-07-06,2027-06-17,346,55.0,52.8674
2026-07-06,2027-12-17,529,55.0,63.2428
2026-07-06,2028-01-21,564,55.0,65.5065
2026-07-07,2026-07-10,3,50.0,5.5655
2026-07-07,2026-07-17,10,50.0,9.1602
2026-07-07,2026-07-24,17,50.0,12.1806
2026-07-07,2026-07-31,24,50.0,13.8146
2026-07-07,2026-08-07,31,50.0,17.2806
2026-07-07,2026-08-14,38,50.0,18.8156
2026-07-07,2026-08-21,45,50.0,19.6574
2026-07-07,2026-09-18,73,50.0,24.9059
2026-07-07,2026-12-18,164,50.0,36.7399
2026-07-07,2027-01-15,192,50.0,39.3642
2026-07-07,2027-03-19,255,50.0,44.9594
2026-07-07,2027-06-17,345,50.0,51.8915
2026-07-07,2027-12-17,528,50.0,61.8934
2026-07-07,2028-01-21,563,50.0,65.8051
2026-07-08,2026-07-10,2,53.0,4.7547
2026-07-08,2026-07-17,9,53.0,8.6604
2026-07-08,2026-07-24,16,53.0,11.434
2026-07-08,2026-07-31,23,53.0,13.4906
2026-07-08,2026-08-07,30,53.0,16.9811
2026-07-08,2026-08-14,37,53.0,18.4434
2026-07-08,2026-08-21,44,55.0,20.0943
2026-07-08,2026-09-18,72,55.0,25.6132
2026-07-08,2026-12-18,163,55.0,37.6415
2026-07-08,2027-01-15,191,55.0,41.3679
2026-07-08,2027-03-19,254,55.0,46.0377
2026-07-08,2027-06-17,344,55.0,52.3113
2026-07-08,2027-12-17,527,55.0,62.6887
2026-07-08,2028-01-21,562,55.0,64.3396
2026-07-09,2026-07-10,1,52.0,2.8815
2026-07-09,2026-07-17,8,52.0,7.455
2026-07-09,2026-07-24,15,52.0,10.994
2026-07-09,2026-07-31,22,52.0,13.0052
2026-07-09,2026-08-07,29,52.0,16.5829
2026-07-09,2026-08-14,36,52.0,18.13
2026-07-09,2026-08-21,43,50.0,19.0485
2026-07-09,2026-08-28,50,52.0,21.3692
2026-07-09,2026-09-18,71,50.0,24.1733
2026-07-09,2026-12-18,162,50.0,37.0335
2026-07-09,2027-01-15,190,50.0,37.662
2026-07-09,2027-03-19,253,50.0,44.3821
2026-07-09,2027-06-17,343,50.0,51.2957
2026-07-09,2027-12-17,526,50.0,61.2067
2026-07-09,2028-01-21,561,50.0,62.2704
2026-07-10,2026-07-17,7,52.0,6.6654
2026-07-10,2026-07-24,14,52.0,10.0747
2026-07-10,2026-07-31,21,52.0,12.6029
2026-07-10,2026-08-07,28,52.0,16.0889
2026-07-10,2026-08-14,35,52.0,18.4352
2026-07-10,2026-08-21,42,50.0,19.1055
2026-07-10,2026-08-28,49,52.0,20.6857
2026-07-10,2026-09-18,70,50.0,23.7981
2026-07-10,2026-12-18,161,50.0,35.1465
2026-07-10,2027-01-15,189,50.0,38.4026
2026-07-10,2027-03-19,252,50.0,43.2388
2026-07-10,2027-06-17,342,50.0,48.5539
2026-07-10,2027-12-17,525,50.0,59.1841
2026-07-10,2028-01-21,560,50.0,61.7219
2026-07-13,2026-07-17,4,49.0,6.0505
2026-07-13,2026-07-24,11,49.5,9.9596
2026-07-13,2026-07-31,18,49.5,13.2525
2026-07-13,2026-08-07,25,49.0,15.404
2026-07-13,2026-08-14,32,49.0,17.3232
2026-07-13,2026-08-21,39,50.0,18.7879
2026-07-13,2026-08-28,46,49.0,20.1515
2026-07-13,2026-09-18,67,50.0,24.2929
2026-07-13,2026-12-18,158,50.0,35.1515
2026-07-13,2027-01-15,186,50.0,38.2323
2026-07-13,2027-03-19,249,50.0,43.7374
2026-07-13,2027-06-17,339,50.0,51.8687
2026-07-13,2027-12-17,522,50.0,61.6667
2026-07-13,2028-01-21,557,50.0,63.2323
2026-07-14,2026-07-17,3,51.0,5.2865
2026-07-14,2026-07-24,10,51.0,9.1258
2026-07-14,2026-07-31,17,51.0,11.3703
2026-07-14,2026-08-07,24,51.0,14.1957
2026-07-14,2026-08-14,31,51.0,16.0563
2026-07-14,2026-08-21,38,50.0,18.6552
2026-07-14,2026-08-28,45,51.0,19.7381
2026-07-14,2026-09-18,66,50.0,23.6759
2026-07-14,2026-12-18,157,50.0,35.2432
2026-07-14,2027-01-15,185,50.0,37.4089
2026-07-14,2027-03-19,248,50.0,43.6109
2026-07-14,2027-06-17,338,50.0,50.3052
2026-07-14,2027-12-17,521,50.0,61.7247
2026-07-14,2028-01-21,556,50.0,62.66
2026-07-15,2026-07-17,2,49.0,4.4784
2026-07-15,2026-07-24,9,49.5,8.2895
2026-07-15,2026-07-31,16,49.5,11.6963
2026-07-15,2026-08-07,23,49.0,13.5362
2026-07-15,2026-08-14,30,49.0,16.2758
2026-07-15,2026-08-21,37,50.0,18.2976
2026-07-15,2026-08-28,44,49.0,19.6118
2026-07-15,2026-09-18,65,50.0,23.0489
2026-07-15,2026-12-18,156,50.0,34.3712
2026-07-15,2027-01-15,184,50.0,38.2127
2026-07-15,2027-03-19,247,50.0,43.52
2026-07-15,2027-06-17,337,50.0,50.9503
2026-07-15,2027-12-17,520,50.0,60.9078
2026-07-15,2028-01-21,555,50.0,63.7384
2026-07-16,2026-07-17,1,45.0,3.1346
2026-07-16,2026-07-24,8,45.5,8.106
2026-07-16,2026-07-31,15,45.5,10.3168
2026-07-16,2026-08-07,22,45.0,14.2433
2026-07-16,2026-08-14,29,45.0,16.773
2026-07-16,2026-08-21,36,45.0,17.9278
2026-07-16,2026-08-28,43,45.0,18.9177
2026-07-16,2026-09-18,64,45.0,23.2072
2026-07-16,2026-12-18,155,45.0,36.1857
2026-07-16,2027-01-15,183,45.0,36.9556
2026-07-16,2027-03-19,246,45.0,43.8297
2026-07-16,2027-06-17,336,45.0,49.2191
2026-07-16,2027-12-17,519,45.0,59.4479
2026-07-16,2028-01-21,554,45.0,62.9674
2026-07-17,2026-07-24,7,45.0,7.5265
2026-07-17,2026-07-31,14,45.0,10.7427
2026-07-17,2026-08-07,21,45.0,14.8652
2026-07-17,2026-08-14,28,45.0,15.9704
2026-07-17,2026-08-21,35,45.0,18.015
2026-07-17,2026-08-28,42,45.0,19.7834
2026-07-17,2026-09-18,63,45.0,22.9885
2026-07-17,2026-12-18,154,45.0,36.4721
2026-07-17,2027-01-15,182,45.0,38.351
2026-07-17,2027-03-19,245,45.0,43.5455
2026-07-17,2027-06-17,335,45.0,48.8506
2026-07-17,2027-12-17,518,45.0,60.0133
2026-07-17,2028-01-21,553,45.0,63.8815
2026-07-20,2026-07-24,4,45.5,6.7505
2026-07-20,2026-07-31,11,45.5,10.7877
2026-07-20,2026-08-07,18,45.5,18.1291
2026-07-20,2026-08-14,25,46.0,20.1313
2026-07-20,2026-08-21,32,45.5,20.5142
2026-07-20,2026-08-28,39,46.0,20.8862
2026-07-20,2026-09-18,60,45.0,22.593
2026-07-20,2026-12-18,151,45.0,38.1291
2026-07-20,2027-01-15,179,45.0,38.512
2026-07-20,2027-03-19,242,45.0,43.709
2026-07-20,2027-06-17,332,45.0,51.6411
2026-07-20,2027-12-17,515,45.0,63.1838
2026-07-20,2028-01-21,550,45.0,63.512
2026-07-21,2026-07-24,3,46.5,5.7559
2026-07-21,2026-07-31,10,46.5,8.5421
2026-07-21,2026-08-07,17,46.5,14.6112
2026-07-21,2026-08-14,24,46.0,17.4946
2026-07-21,2026-08-21,31,46.5,18.6825
2026-07-21,2026-08-28,38,46.0,19.0605
2026-07-21,2026-09-18,59,45.0,21.8683
2026-07-21,2026-12-18,150,45.0,34.3413
2026-07-21,2027-01-15,178,47.0,38.4449
2026-07-21,2027-03-19,241,45.0,43.3045
2026-07-21,2027-06-17,331,45.0,48.1641
2026-07-21,2027-12-17,514,47.0,61.4471
2026-07-21,2028-01-21,549,45.0,62.149
2026-07-22,2026-07-24,2,45.5,4.6629
2026-07-22,2026-07-31,9,45.5,9.0302
2026-07-22,2026-08-07,16,45.5,13.5727
2026-07-22,2026-08-14,23,46.0,15.4882
2026-07-22,2026-08-21,30,45.5,16.933
2026-07-22,2026-08-28,37,46.0,18.8813
2026-07-22,2026-09-18,58,45.0,22.5482
2026-07-22,2026-12-18,149,45.0,35.4641
2026-07-22,2027-01-15,177,45.0,37.9269
2026-07-22,2027-03-19,240,45.0,43.2356
2026-07-22,2027-06-17,330,45.0,50.2408
2026-07-22,2027-12-17,513,45.0,61.7338
2026-07-22,2028-01-21,548,45.0,64.0324
2026-07-23,2026-07-24,1,44.5,3.0459
2026-07-23,2026-07-31,8,44.5,8.1635
2026-07-23,2026-08-07,15,44.5,12.6988
2026-07-23,2026-08-14,22,45.0,14.692
2026-07-23,2026-08-21,29,44.5,16.9093
2026-07-23,2026-08-28,36,45.0,18.477
2026-07-23,2026-09-04,43,45.0,21.0414
2026-07-23,2026-09-18,57,45.0,22.3964
2026-07-23,2026-12-18,148,45.0,35.8903
2026-07-23,2027-01-15,176,45.0,38.9698
2026-07-23,2027-03-19,239,45.0,42.8331
2026-07-23,2027-06-17,329,45.0,50.6719
2026-07-23,2027-12-17,512,45.0,61.5901
2026-07-23,2028-01-21,547,45.0,61.9821
2026-07-24,2026-07-31,7,41.5,7.4939
2026-07-24,2026-08-07,14,41.5,13.6925
2026-07-24,2026-08-14,21,41.0,14.4673
2026-07-24,2026-08-21,28,41.5,16.2228
2026-07-24,2026-08-28,35,41.0,17.1792
2026-07-24,2026-09-04,42,41.0,19.6731
2026-07-24,2026-09-18,56,40.0,22.276
2026-07-24,2026-12-18,147,40.0,35.3511
2026-07-24,2027-01-15,175,42.0,38.8015
2026-07-24,2027-03-19,238,40.0,42.7361
2026-07-24,2027-06-17,328,40.0,49.9395
2026-07-24,2027-12-17,511,42.0,61.8644
2026-07-24,2028-01-21,546,40.0,62.2276
2026-07-27,2026-07-31,4,43.0,6.8166
2026-07-27,2026-08-07,11,43.0,11.9291
2026-07-27,2026-08-14,18,43.0,14.9432
2026-07-27,2026-08-21,25,43.0,16.23
2026-07-27,2026-08-28,32,43.0,17.6791
2026-07-27,2026-09-04,39,43.0,19.0007
2026-07-27,2026-09-18,53,45.0,22.0264
2026-07-27,2026-12-18,144,45.0,35.5321
2026-07-27,2027-01-15,172,42.0,36.4016
2026-07-27,2027-03-19,235,45.0,43.3573
2026-07-27,2027-06-17,325,45.0,50.255
2026-07-27,2027-12-17,508,42.0,58.9497
2026-07-27,2028-01-21,543,45.0,63.297
2026-07-28,2026-07-31,3,41.5,5.8866
2026-07-28,2026-08-07,10,41.5,11.0586
2026-07-28,2026-08-14,17,41.5,13.8687
2026-07-28,2026-08-21,24,41.5,16.061
2026-07-28,2026-08-28,31,41.0,18.108
2026-07-28,2026-09-04,38,41.0,20.5911
2026-07-28,2026-09-18,52,40.0,21.8023
2026-07-28,2026-12-18,143,40.0,32.8852
2026-07-28,2027-01-15,171,42.0,36.8217
2026-07-28,2027-03-19,234,40.0,41.9089
2026-07-28,2027-06-17,324,40.0,47.7229
2026-07-28,2027-12-17,507,42.0,61.3493
2026-07-28,2028-01-21,542,40.0,62.7422
2026-07-29,2026-07-31,2,38.0,5.5249
2026-07-29,2026-08-07,9,38.0,11.1155
2026-07-29,2026-08-14,16,38.0,13.189
2026-07-29,2026-08-21,23,38.0,15.9711
2026-07-29,2026-08-28,30,38.0,17.9134
2026-07-29,2026-09-04,37,38.0,19.1601
2026-07-29,2026-09-18,51,40.0,22.4409
2026-07-29,2026-12-18,142,40.0,37.5984
2026-07-29,2027-01-15,170,37.0,35.6955
2026-07-29,2027-03-19,233,40.0,43.6352
2026-07-29,2027-06-17,323,40.0,48.622
2026-07-29,2027-12-17,506,37.0,56.8241
2026-07-29,2028-01-21,541,40.0,62.7953
2026-07-30,2026-07-31,1,41.5,4.0326
2026-07-30,2026-08-07,8,41.5,10.1176
2026-07-30,2026-08-14,15,41.5,12.8421
2026-07-30,2026-08-21,22,41.5,15.0744
2026-07-30,2026-08-28,29,42.0,17.1027
2026-07-30,2026-09-04,36,42.0,18.723
2026-07-30,2026-09-11,43,42.0,19.9352
2026-07-30,2026-09-18,50,40.0,20.8233
2026-07-30,2026-12-18,141,40.0,33.0053
2026-07-30,2027-01-15,169,42.0,36.7859
2026-07-30,2027-03-19,232,40.0,42.8469
2026-07-30,2027-06-17,322,40.0,49.3879
2026-07-30,2027-12-17,505,42.0,59.3495
2026-07-30,2028-01-21,540,40.0,60.9698
2026-07-31,2026-08-07,7,41.5,10.2127
2026-07-31,2026-08-14,14,41.5,12.364
2026-07-31,2026-08-21,21,41.5,14.2857
2026-07-31,2026-08-28,28,41.0,16.4733
2026-07-31,2026-09-04,35,41.0,18.4917
2026-07-31,2026-09-11,42,41.0,19.942
2026-07-31,2026-09-18,49,40.0,20.6067
2026-07-31,2026-12-18,140,40.0,32.9345
2026-07-31,2027-01-15,168,42.0,37.8293
2026-07-31,2027-03-19,231,40.0,42.0595
2026-07-31,2027-06-17,321,40.0,48.1629
2026-07-31,2027-12-17,504,42.0,61.4576
2026-07-31,2028-01-21,539,40.0,61.2763
2026-08-03,2026-08-07,4,44.0,8.9416
2026-08-03,2026-08-14,11,44.0,11.9411
2026-08-03,2026-08-21,18,44.0,14.3932
2026-08-03,2026-08-28,25,44.0,16.7085
2026-08-03,2026-09-04,32,44.0,18.2824
2026-08-03,2026-09-11,39,44.0,20.4722
2026-08-03,2026-09-18,46,45.0,21.4416
2026-08-03,2026-12-18,137,45.0,35.1277
2026-08-03,2027-01-15,165,45.0,37.865
2026-08-03,2027-03-19,228,45.0,44.1378
2026-08-03,2027-06-17,318,45.0,49.4982
2026-08-03,2027-12-17,501,45.0,61.0744
2026-08-03,2028-01-21,536,45.0,63.6405
2026-08-04,2026-08-07,3,47.5,8.4264
2026-08-04,2026-08-14,10,47.5,11.5757
2026-08-04,2026-08-21,17,47.5,13.9983
2026-08-04,2026-08-28,24,47.0,17.2214
2026-08-04,2026-09-04,31,47.0,17.5374
2026-08-04,2026-09-11,38,47.0,20.434
2026-08-04,2026-09-18,45,45.0,21.0659
2026-08-04,2026-12-18,136,45.0,34.7588
2026-08-04,2027-01-15,164,47.0,37.1814
2026-08-04,2027-03-19,227,45.0,42.9218
2026-08-04,2027-06-17,317,45.0,49.2416
2026-08-04,2027-12-17,500,47.0,60.4066
2026-08-04,2028-01-21,535,45.0,61.9865
2026-08-05,2026-08-07,2,48.0,7.7541
2026-08-05,2026-08-14,9,48.0,11.1876
2026-08-05,2026-08-21,16,48.0,14.0576
2026-08-05,2026-08-28,23,48.0,15.9883
2026-08-05,2026-09-04,30,48.0,18.5243
2026-08-05,2026-09-11,37,48.0,19.2027
2026-08-05,2026-09-18,44,50.0,21.4465
2026-08-05,2026-12-18,135,50.0,35.3788
2026-08-05,2027-01-15,163,47.0,36.5268
2026-08-05,2027-03-19,226,50.0,43.9887
2026-08-05,2027-06-17,316,50.0,51.3463
2026-08-05,2027-12-17,499,47.0,60.0605
2026-08-05,2028-01-21,534,50.0,63.5045
2026-08-06,2026-08-07,1,47.5,6.9172
2026-08-06,2026-08-14,8,47.5,9.9284
2026-08-06,2026-08-21,15,47.5,12.9712
2026-08-06,2026-08-28,22,47.0,15.5191
2026-08-06,2026-09-04,29,47.0,17.6879
2026-08-06,2026-09-11,36,47.0,18.7934
2026-08-06,2026-09-18,43,45.0,20.1832
2026-08-06,2026-09-25,50,47.0,21.8993
2026-08-06,2026-12-18,134,45.0,32.0594
2026-08-06,2027-01-15,162,47.0,36.8499
2026-08-06,2027-03-19,225,45.0,40.9033
2026-08-06,2027-06-17,315,45.0,48.168
2026-08-06,2027-12-17,498,47.0,60.3285
2026-08-06,2028-01-21,533,45.0,61.0128
2026-08-07,2026-08-14,7,51.0,8.1687
2026-08-07,2026-08-21,14,51.0,11.0742
2026-08-07,2026-08-28,21,51.0,13.7938
2026-08-07,2026-09-04,28,51.0,15.2905
2026-08-07,2026-09-11,35,51.0,17.7069
2026-08-07,2026-09-18,42,50.0,18.9298
2026-08-07,2026-09-25,49,51.0,19.4189
2026-08-07,2026-12-18,133,50.0,32.3322
2026-08-07,2027-01-15,161,50.0,34.6312
2026-08-07,2027-03-19,224,50.0,40.5009
2026-08-07,2027-06-17,314,50.0,48.8652
2026-08-07,2027-12-17,497,50.0,60.8002
2026-08-07,2028-01-21,532,50.0,61.485
2026-08-10,2026-08-14,4,55.0,7.1076
2026-08-10,2026-08-21,11,55.0,10.2726
2026-08-10,2026-08-28,18,55.0,12.8522
2026-08-10,2026-09-04,25,55.0,14.6451
2026-08-10,2026-09-11,32,55.0,15.3494
2026-08-10,2026-09-18,39,55.0,18.4321
2026-08-10,2026-09-25,46,55.0,20.0329
2026-08-10,2026-12-18,130,55.0,33.2053
2026-08-10,2027-01-15,158,55.0,36.6813
2026-08-10,2027-03-19,221,55.0,42.9016
2026-08-10,2027-06-17,311,55.0,50.2195
2026-08-10,2027-12-17,494,55.0,61.5166
2026-08-10,2028-01-21,529,55.0,63.5748
2026-08-11,2026-08-14,3,55.0,5.7476
2026-08-11,2026-08-21,10,55.0,9.1962
2026-08-11,2026-08-28,17,55.0,12.0022
2026-08-11,2026-09-04,24,55.0,14.5909
2026-08-11,2026-09-11,31,55.0,15.6137
2026-08-11,2026-09-18,38,55.0,16.8356
2026-08-11,2026-09-25,45,55.0,18.1028
2026-08-11,2026-12-18,129,55.0,32.7661
2026-08-11,2027-01-15,157,55.0,34.4406
2026-08-11,2027-03-19,220,55.0,40.6408
2026-08-11,2027-06-17,310,55.0,47.8367
2026-08-11,2027-12-17,493,55.0,60.1919
2026-08-11,2028-01-21,528,55.0,62.6358
2026-08-12,2026-08-14,2,54.0,4.4724
2026-08-12,2026-08-21,9,54.0,8.3903
2026-08-12,2026-08-28,16,54.0,10.9499
2026-08-12,2026-09-04,23,54.0,13.491
2026-08-12,2026-09-11,30,54.0,14.6646
2026-08-12,2026-09-18,37,55.0,16.4018
2026-08-12,2026-09-25,44,54.0,17.4182
2026-08-12,2026-12-18,128,55.0,32.2029
2026-08-12,2027-01-15,156,55.0,34.5592
2026-08-12,2027-03-19,219,55.0,40.2421
2026-08-12,2027-06-17,309,55.0,47.9117
2026-08-12,2027-12-17,492,55.0,58.6306
2026-08-12,2028-01-21,527,55.0,62.5578
2026-08-13,2026-08-14,1,56.0,3.1351
2026-08-13,2026-08-21,8,56.0,9.0101
2026-08-13,2026-08-28,15,56.0,11.3996
2026-08-13,2026-09-04,22,56.0,13.2501
2026-08-13,2026-09-11,29,56.0,14.5437
2026-08-13,2026-09-18,36,55.0,16.5289
2026-08-13,2026-09-25,43,56.0,19.3137
2026-08-13,2026-10-02,50,56.0,19.9874
2026-08-13,2026-12-18,127,55.0,31.5756
2026-08-13,2027-01-15,155,55.0,34.2706
2026-08-13,2027-03-19,218,55.0,39.885
2026-08-13,2027-06-17,308,55.0,48.1495
2026-08-13,2027-12-17,491,55.0,59.4233
2026-08-13,2028-01-21,526,55.0,62.8818
2026-08-14,2026-08-21,7,59.0,7.048
2026-08-14,2026-08-28,14,59.0,10.4358
2026-08-14,2026-09-04,21,59.0,13.1086
2026-08-14,2026-09-11,28,59.0,14.6408
2026-08-14,2026-09-18,35,60.0,16.5134
2026-08-14,2026-09-25,42,59.0,17.8754
2026-08-14,2026-10-02,49,59.0,19.9608
2026-08-14,2026-12-18,126,60.0,31.665
2026-08-14,2027-01-15,154,60.0,35.4103
2026-08-14,2027-03-19,217,60.0,40.9431
2026-08-14,2027-06-17,307,60.0,49.6255
2026-08-14,2027-12-17,490,60.0,63.0746
2026-08-14,2028-01-21,525,60.0,65.0323
2026-08-17,2026-08-21,4,59.0,6.1613
2026-08-17,2026-08-28,11,59.0,9.1523
2026-08-17,2026-09-04,18,59.0,11.3485
2026-08-17,2026-09-11,25,59.0,15.0487
2026-08-17,2026-09-18,32,60.0,16.322
2026-08-17,2026-09-25,39,59.0,18.4157
2026-08-17,2026-10-02,46,59.0,18.8002
2026-08-17,2026-12-18,123,60.0,30.8494
2026-08-17,2027-01-15,151,60.0,34.3958
2026-08-17,2027-03-19,214,60.0,41.275
2026-08-17,2027-06-17,304,60.0,49.1369
2026-08-17,2027-12-17,487,60.0,62.468
2026-08-17,2028-01-21,522,60.0,61.7843
2026-08-18,2026-08-21,3,57.0,5.3644
2026-08-18,2026-08-28,10,57.0,9.1142
2026-08-18,2026-09-04,17,57.0,12.2375
2026-08-18,2026-09-11,24,57.0,14.1609
2026-08-18,2026-09-18,31,55.0,15.352
2026-08-18,2026-09-25,38,57.0,18.0431
2026-08-18,2026-10-02,45,57.0,18.5283
2026-08-18,2026-12-18,122,55.0,30.2188
2026-08-18,2027-01-15,150,55.0,33.7039
2026-08-18,2027-03-19,213,55.0,38.2478
2026-08-18,2027-06-17,303,55.0,48.1736
2026-08-18,2027-12-17,486,55.0,59.423
2026-08-18,2028-01-21,521,55.0,61.4523
2026-08-19,2026-08-21,2,57.0,4.4989
2026-08-19,2026-08-28,9,57.0,8.6803
2026-08-19,2026-09-04,16,57.0,11.9707
2026-08-19,2026-09-11,23,57.0,13.0381
2026-08-19,2026-09-18,30,55.0,15.0847
2026-08-19,2026-09-25,37,57.0,16.5843
2026-08-19,2026-10-02,44,57.0,18.2604
2026-08-19,2026-12-18,121,55.0,30.434
2026-08-19,2027-01-15,149,55.0,32.9922
2026-08-19,2027-03-19,212,55.0,39.9171
2026-08-19,2027-06-17,302,55.0,47.2389
2026-08-19,2027-12-17,485,55.0,58.4862
2026-08-19,2028-01-21,520,55.0,60.9121
2026-08-20,2026-08-21,1,55.0,3.1704
2026-08-20,2026-08-28,8,55.0,7.8488
2026-08-20,2026-09-04,15,55.0,11.0738
2026-08-20,2026-09-11,22,55.0,13.1813
2026-08-20,2026-09-18,29,55.0,14.8528
2026-08-20,2026-09-25,36,55.0,16.9422
2026-08-20,2026-10-02,43,55.0,17.8507
2026-08-20,2026-10-16,57,55.0,20.6668
2026-08-20,2026-12-18,120,55.0,30.5687
2026-08-20,2027-01-15,148,55.0,34.1116
2026-08-20,2027-03-19,211,55.0,39.0171
2026-08-20,2027-06-17,301,55.0,48.601
2026-08-20,2027-12-17,484,55.0,58.0487
2026-08-20,2028-01-21,519,55.0,60.8648
2026-08-21,2026-08-28,7,60.0,7.5687
2026-08-21,2026-09-04,14,60.0,11.7069
2026-08-21,2026-09-11,21,60.0,12.9059
2026-08-21,2026-09-18,28,60.0,15.4038
2026-08-21,2026-09-25,35,60.0,16.6112
2026-08-21,2026-10-02,42,60.0,18.776
2026-08-21,2026-10-16,56,60.0,20.8576
2026-08-21,2026-12-18,119,60.0,31.1407
2026-08-21,2027-01-15,147,60.0,34.3047
2026-08-21,2027-03-19,210,60.0,40.9242
2026-08-21,2027-06-17,300,60.0,49.542
2026-08-21,2027-12-17,483,60.0,61.7818
2026-08-21,2028-01-21,518,60.0,63.3639
2026-08-24,2026-08-28,4,57.0,6.435
2026-08-24,2026-09-04,11,57.0,10.31
2026-08-24,2026-09-11,18,57.0,12.8004
2026-08-24,2026-09-18,25,57.0,14.3678
2026-08-24,2026-09-25,32,57.0,16.2835
2026-08-24,2026-10-02,39,57.0,17.6332
2026-08-24,2026-10-16,53,55.0,20.9857
2026-08-24,2026-12-18,116,55.0,31.1303
2026-08-24,2027-01-15,144,55.0,33.4378
2026-08-24,2027-03-19,207,55.0,40.0557
2026-08-24,2027-06-17,297,55.0,47.2832
2026-08-24,2027-12-17,480,55.0,58.1243
2026-08-24,2028-01-21,515,55.0,60.4319
2026-08-25,2026-08-28,3,60.0,5.9332
2026-08-25,2026-09-04,10,60.0,9.5978
2026-08-25,2026-09-11,17,60.0,11.7584
2026-08-25,2026-09-18,24,60.0,14.2097
2026-08-25,2026-09-25,31,60.0,16.1625
2026-08-25,2026-10-02,38,60.0,18.0322
2026-08-25,2026-10-16,52,60.0,20.8991
2026-08-25,2026-12-18,115,60.0,31.2448
2026-08-25,2027-01-15,143,60.0,34.5687
2026-08-25,2027-03-19,206,60.0,40.6764
2026-08-25,2027-06-17,296,60.0,48.0306
2026-08-25,2027-12-17,479,60.0,60.7446
2026-08-25,2028-01-21,514,60.0,62.5312
2026-08-26,2026-08-28,2,59.0,4.7631
2026-08-26,2026-09-04,9,59.0,9.2312
2026-08-26,2026-09-11,16,59.0,10.7655
2026-08-26,2026-09-18,23,59.0,13.1512
2026-08-26,2026-09-25,30,59.0,16.4812
2026-08-26,2026-10-02,37,59.0,16.8606
2026-08-26,2026-10-16,51,60.0,20.1484
2026-08-26,2026-12-18,114,60.0,30.9391
2026-08-26,2027-01-15,142,60.0,34.2691
2026-08-26,2027-03-19,205,60.0,40.6761
2026-08-26,2027-06-17,295,60.0,48.3477
2026-08-26,2027-12-17,478,60.0,58.6748
2026-08-26,2028-01-21,513,60.0,63.185
2026-08-27,2026-08-28,1,59.0,3.3373
2026-08-27,2026-09-04,8,59.0,7.979
2026-08-27,2026-09-11,15,59.0,11.0876
2026-08-27,2026-09-18,22,59.0,13.7642
2026-08-27,2026-09-25,29,59.0,14.7806
2026-08-27,2026-10-02,36,59.0,16.9405
2026-08-27,2026-10-09,43,59.0,16.7711
2026-08-27,2026-10-16,50,60.0,20.5828
2026-08-27,2026-12-18,113,60.0,30.7894
2026-08-27,2027-01-15,141,60.0,34.0081
2026-08-27,2027-03-19,204,60.0,39.9797
2026-08-27,2027-06-17,294,60.0,48.0264
2026-08-27,2027-12-17,477,60.0,60.4354
2026-08-27,2028-01-21,512,60.0,62.1294
2026-08-28,2026-09-04,7,56.0,7.3045
2026-08-28,2026-09-11,14,56.0,10.2352
2026-08-28,2026-09-18,21,56.0,13.2282
2026-08-28,2026-09-25,28,56.0,14.5199
2026-08-28,2026-10-02,35,56.0,16.7914
2026-08-28,2026-10-09,42,56.0,17.6911
2026-08-28,2026-10-16,49,55.0,19.0629
2026-08-28,2026-12-18,112,55.0,29.4406
2026-08-28,2027-01-15,140,55.0,32.8256
2026-08-28,2027-03-19,203,55.0,38.9275
2026-08-28,2027-06-17,293,55.0,48.4144
2026-08-28,2027-12-17,476,55.0,58.4358
2026-08-28,2028-01-21,511,55.0,61.2418
