date,expiration,dte,strike,expmove_pct
2024-10-29,2024-11-15,17,22.5,19.6617
2024-10-29,2024-12-20,52,22.5,28.1184
2024-10-29,2025-02-21,115,22.5,39.3235
2024-10-29,2025-05-16,199,22.5,48.6258
2024-10-30,2024-11-15,16,22.5,23.6854
2024-10-30,2024-12-20,51,22.5,31.6183
2024-10-30,2025-02-21,114,22.5,41.0245
2024-10-30,2025-05-16,198,22.5,51.2239
2024-10-31,2024-11-15,15,22.5,22.1001
2024-10-31,2024-12-20,50,22.5,31.2208
2024-10-31,2025-02-21,113,22.5,43.7325
2024-10-31,2025-05-16,197,22.5,53.3209
2024-11-01,2024-11-15,14,20.0,17.7507
2024-11-01,2024-12-20,49,20.0,32.2741
2024-11-01,2025-02-21,112,20.0,43.4459
2024-11-01,2025-05-16,196,20.0,52.6316
2024-11-04,2024-11-15,11,20.0,16.2651
2024-11-04,2024-12-20,46,20.0,30.241
2024-11-04,2025-02-21,109,20.0,45.0602
2024-11-04,2025-05-16,193,20.0,53.012
2024-11-05,2024-11-15,10,20.0,19.7368
2024-11-05,2024-12-20,45,20.0,35.0
2024-11-05,2025-02-21,108,20.0,50.7895
2024-11-05,2025-05-16,192,20.0,58.1579
2024-11-06,2024-11-15,9,20.0,15.9326
2024-11-06,2024-12-20,44,20.0,30.0518
2024-11-06,2025-02-21,107,20.0,45.0777
2024-11-06,2025-05-16,191,20.0,53.6269
2024-11-07,2024-11-15,8,20.0,15.1112
2024-11-07,2024-12-20,43,20.0,30.5851
2024-11-07,2025-02-21,106,20.0,44.2456
2024-11-07,2025-05-16,190,20.0,58.5106
2024-11-08,2024-11-15,7,20.0,12.9267
2024-11-08,2024-12-20,42,20.0,30.999
2024-11-08,2025-02-21,105,20.0,45.4317
2024-11-08,2025-05-16,189,20.0,54.7189
2024-11-11,2024-11-15,4,20.0,12.297
2024-11-11,2024-12-20,39,20.0,30.9217
2024-11-11,2025-02-21,102,20.0,45.6065
2024-11-11,2025-05-16,186,20.0,53.0086
2024-11-12,2024-11-15,3,20.0,10.4592
2024-11-12,2024-12-20,38,20.0,30.7398
2024-11-12,2025-02-21,101,20.0,46.6837
2024-11-12,2025-05-16,185,20.0,54.8469
2024-11-13,2024-12-20,37,17.5,30.4254
2024-11-13,2025-02-21,100,17.5,46.9844
2024-11-13,2025-05-16,184,17.5,57.3506
2024-11-14,2024-11-15,1,17.5,6.3571
2024-11-14,2024-12-20,36,17.5,28.7452
2024-11-14,2025-01-17,64,17.5,38.0044
2024-11-14,2025-02-21,99,17.5,47.5401
2024-11-14,2025-05-16,183,17.5,57.2139
2024-11-15,2024-12-20,35,17.5,26.5625
2024-11-15,2025-01-17,63,17.5,37.358
2024-11-15,2025-02-21,98,17.5,46.875
2024-11-15,2025-05-16,182,17.5,57.1023
2024-11-18,2024-12-20,32,17.5,28.4827
2024-11-18,2025-01-17,60,17.5,35.7721
2024-11-18,2025-02-21,95,17.5,46.1663
2024-11-18,2025-05-16,179,17.5,54.5356
2024-11-19,2024-12-20,31,20.0,26.7554
2024-11-19,2025-01-17,59,20.0,34.6247
2024-11-19,2025-02-21,94,20.0,45.7627
2024-11-19,2025-05-16,178,20.0,61.017
2024-11-20,2024-12-20,30,20.0,25.3887
2024-11-20,2025-01-17,58,20.0,34.4995
2024-11-20,2025-02-21,93,20.0,44.9466
2024-11-20,2025-05-16,177,20.0,59.7668
2024-11-21,2024-12-20,29,22.5,28.75
2024-11-21,2025-01-17,57,22.5,37.7273
2024-11-21,2025-02-21,92,22.5,48.8636
2024-11-21,2025-05-16,176,22.5,57.5
2024-11-22,2024-12-20,28,22.5,25.0106
2024-11-22,2025-01-17,56,22.5,33.4185
2024-11-22,2025-02-21,91,22.5,42.1456
2024-11-22,2025-05-16,175,22.5,58.7484
2024-11-25,2024-12-20,25,22.5,23.4142
2024-11-25,2025-01-17,53,22.5,27.2456
2024-11-25,2025-02-21,88,22.5,45.5513
2024-11-25,2025-05-16,172,22.5,51.937
2024-11-26,2024-12-20,24,22.5,23.3951
2024-11-26,2025-01-17,52,22.5,31.6456
2024-11-26,2025-02-21,87,22.5,44.0778
2024-11-26,2025-05-16,171,22.5,57.8662
2024-11-27,2024-12-20,23,22.5,23.7984
2024-11-27,2025-01-17,51,22.5,33.8311
2024-11-27,2025-02-21,86,22.5,43.3971
2024-11-27,2025-05-16,170,22.5,56.6962
2024-11-29,2024-12-20,21,22.5,23.306
2024-11-29,2025-01-17,49,22.5,33.0832
2024-11-29,2025-02-21,84,22.5,42.7467
2024-11-29,2025-05-16,168,22.5,56.1619
2024-12-02,2024-12-20,18,25.0,20.8738
2024-12-02,2025-01-17,46,25.0,32.233
2024-12-02,2025-02-21,81,25.0,42.9126
2024-12-02,2025-05-16,165,25.0,56.699
2024-12-03,2024-12-20,17,30.0,18.0702
2024-12-03,2025-01-17,45,30.0,31.0263
2024-12-03,2025-02-21,80,30.0,43.3004
2024-12-03,2025-05-16,164,30.0,59.6659
2024-12-04,2024-12-20,16,32.0,21.0461
2024-12-04,2025-01-17,44,32.0,31.7239
2024-12-04,2025-02-21,79,32.0,43.9492
2024-12-04,2025-05-16,163,32.0,57.8768
2024-12-04,2026-01-16,408,32.0,79.6967
2024-12-04,2027-01-15,772,32.0,94.8623
2024-12-05,2024-12-13,8,31.0,13.7997
2024-12-05,2024-12-20,15,31.0,17.7311
2024-12-05,2024-12-27,22,31.0,20.4589
2024-12-05,2025-01-03,29,31.0,23.1065
2024-12-05,2025-01-10,36,31.0,26.1553
2024-12-05,2025-01-17,43,31.0,28.4018
2024-12-05,2025-01-24,50,31.0,32.4134
2024-12-05,2025-02-21,78,31.0,41.8806
2024-12-05,2025-05-16,162,31.0,55.3594
2024-12-05,2026-01-16,407,32.0,80.2311
2024-12-05,2027-01-15,771,32.0,99.9679
2024-12-06,2024-12-13,7,37.0,16.4536
2024-12-06,2024-12-20,14,37.0,22.7087
2024-12-06,2024-12-27,21,37.0,25.8363
2024-12-06,2025-01-03,28,37.0,28.6919
2024-12-06,2025-01-10,35,37.0,32.0914
2024-12-06,2025-01-17,42,37.0,33.7231
2024-12-06,2025-01-24,49,37.0,36.1708
2024-12-06,2025-02-21,77,37.0,43.6497
2024-12-06,2025-05-16,161,37.0,60.9192
2024-12-06,2026-01-16,406,37.0,81.0443
2024-12-06,2027-01-15,770,37.0,99.9456
2024-12-09,2024-12-13,4,32.0,10.9512
2024-12-09,2024-12-20,11,32.0,16.8961
2024-12-09,2024-12-27,18,32.0,19.2428
2024-12-09,2025-01-03,25,32.0,21.6677
2024-12-09,2025-01-10,32,32.0,24.0926
2024-12-09,2025-01-17,39,32.0,28.1602
2024-12-09,2025-01-24,46,32.0,31.602
2024-12-09,2025-02-21,74,32.0,41.6145
2024-12-09,2025-05-16,158,32.0,56.4768
2024-12-09,2026-01-16,403,32.0,80.1001
2024-12-09,2027-01-15,767,32.0,95.7447
2024-12-10,2024-12-13,3,33.5,10.905
2024-12-10,2024-12-20,10,33.5,17.6558
2024-12-10,2024-12-27,17,33.5,20.0297
2024-12-10,2025-01-03,24,33.5,22.1068
2024-12-10,2025-01-10,31,33.5,25.0742
2024-12-10,2025-01-17,38,34.0,29.2285
2024-12-10,2025-01-24,45,33.5,31.7507
2024-12-10,2025-02-21,73,34.0,40.9496
2024-12-10,2025-05-16,157,34.0,58.1602
2024-12-10,2026-01-16,402,35.0,78.4866
2024-12-10,2027-01-15,766,35.0,97.3294
2024-12-11,2024-12-13,2,33.0,9.0757
2024-12-11,2024-12-20,9,33.0,15.482
2024-12-11,2024-12-27,16,33.0,18.3801
2024-12-11,2025-01-03,23,33.0,21.507
2024-12-11,2025-01-10,30,33.0,25.9304
2024-12-11,2025-01-17,37,33.0,27.4558
2024-12-11,2025-01-24,44,33.0,31.2691
2024-12-11,2025-02-21,72,33.0,41.6412
2024-12-11,2025-05-16,156,33.0,56.4369
2024-12-11,2026-01-16,401,32.0,77.1812
2024-12-11,2027-01-15,765,32.0,93.1971
2024-12-12,2024-12-13,1,31.5,4.5484
2024-12-12,2024-12-20,8,31.5,11.2512
2024-12-12,2024-12-27,15,31.5,14.2834
2024-12-12,2025-01-03,22,31.5,19.3106
2024-12-12,2025-01-10,29,31.5,22.7418
2024-12-12,2025-01-17,36,31.0,25.375
2024-12-12,2025-01-24,43,31.5,28.8861
2024-12-12,2025-01-31,50,31.5,33.5142
2024-12-12,2025-02-21,71,31.0,40.217
2024-12-12,2025-05-16,155,31.0,54.1015
2024-12-12,2026-01-16,400,32.0,78.0402
2024-12-12,2027-01-15,764,32.0,96.872
2024-12-13,2024-12-20,7,31.0,11.7886
2024-12-13,2024-12-27,14,31.0,14.4715
2024-12-13,2025-01-03,21,31.0,16.5854
2024-12-13,2025-01-10,28,31.0,21.0569
2024-12-13,2025-01-17,35,31.0,24.3902
2024-12-13,2025-01-24,42,31.0,25.5285
2024-12-13,2025-01-31,49,31.0,29.1057
2024-12-13,2025-02-21,70,31.0,37.8862
2024-12-13,2025-05-16,154,31.0,54.9593
2024-12-13,2026-01-16,399,30.0,74.1463
2024-12-13,2027-01-15,763,30.0,96.0976
2024-12-16,2024-12-20,4,33.5,8.4581
2024-12-16,2024-12-27,11,33.5,12.5
2024-12-16,2025-01-03,18,33.5,18.0389
2024-12-16,2025-01-10,25,33.5,21.4072
2024-12-16,2025-01-17,32,33.0,23.6527
2024-12-16,2025-01-24,39,33.5,26.3473
2024-12-16,2025-01-31,46,33.5,29.7904
2024-12-16,2025-02-21,67,33.0,38.7725
2024-12-16,2025-05-16,151,33.0,53.4431
2024-12-16,2026-01-16,396,32.0,77.6946
2024-12-16,2027-01-15,760,32.0,92.9641
2024-12-17,2024-12-20,3,29.5,8.0095
2024-12-17,2024-12-27,10,29.5,11.7587
2024-12-17,2025-01-03,17,29.5,16.8712
2024-12-17,2025-01-10,24,29.5,19.9387
2024-12-17,2025-01-17,31,29.0,22.4949
2024-12-17,2025-01-24,38,29.5,26.1588
2024-12-17,2025-01-31,45,29.5,27.4369
2024-12-17,2025-02-21,66,29.0,35.6169
2024-12-17,2025-05-16,150,29.0,53.3401
2024-12-17,2026-01-16,395,30.0,79.0729
2024-12-17,2027-01-15,759,30.0,94.9216
2024-12-18,2024-12-20,2,27.0,6.9214
2024-12-18,2024-12-27,9,27.0,10.3359
2024-12-18,2025-01-03,16,27.0,15.0425
2024-12-18,2025-01-10,23,27.0,19.0107
2024-12-18,2025-01-17,30,27.0,21.9638
2024-12-18,2025-01-24,37,27.0,24.7324
2024-12-18,2025-01-31,44,27.0,26.5781
2024-12-18,2025-02-21,65,27.0,36.5449
2024-12-18,2025-05-16,149,27.0,53.8944
2024-12-18,2026-01-16,394,27.0,74.9354
2024-12-18,2027-01-15,758,27.0,93.3924
2024-12-19,2024-12-20,1,27.0,5.1756
2024-12-19,2024-12-27,8,27.0,9.6118
2024-12-19,2025-01-03,15,27.0,12.6617
2024-12-19,2025-01-10,22,27.0,18.9464
2024-12-19,2025-01-17,29,27.0,20.7948
2024-12-19,2025-01-24,36,27.0,23.1978
2024-12-19,2025-01-31,43,27.0,25.7856
2024-12-19,2025-02-21,64,27.0,35.305
2024-12-19,2025-05-16,148,27.0,51.756
2024-12-19,2025-08-15,239,27.0,63.7708
2024-12-19,2026-01-16,393,27.0,76.3401
2024-12-19,2027-01-15,757,27.0,95.5638
2024-12-20,2024-12-27,7,26.5,7.3942
2024-12-20,2025-01-03,14,26.5,13.7589
2024-12-20,2025-01-10,21,27.0,15.1629
2024-12-20,2025-01-17,28,27.0,19.8428
2024-12-20,2025-01-24,35,27.0,23.7739
2024-12-20,2025-01-31,42,26.5,23.3995
2024-12-20,2025-02-21,63,27.0,35.1928
2024-12-20,2025-05-16,147,27.0,52.602
2024-12-20,2025-08-15,238,27.0,63.6466
2024-12-20,2026-01-16,392,27.0,75.6271
2024-12-20,2027-01-15,756,27.0,93.7851
2024-12-23,2024-12-27,4,28.5,6.2849
2024-12-23,2025-01-03,11,28.5,9.4274
2024-12-23,2025-01-10,18,28.5,13.2682
2024-12-23,2025-01-17,25,28.5,18.0691
2024-12-23,2025-01-24,32,28.5,20.1641
2024-12-23,2025-01-31,39,28.5,22.521
2024-12-23,2025-02-21,60,29.0,33.345
2024-12-23,2025-05-16,144,29.0,50.8031
2024-12-23,2025-08-15,235,29.0,61.6271
2024-12-23,2026-01-16,389,30.0,77.3394
2024-12-23,2027-01-15,753,30.0,93.4008
2024-12-24,2024-12-27,3,28.0,6.1958
2024-12-24,2025-01-03,10,28.0,10.8869
2024-12-24,2025-01-10,17,28.0,13.1882
2024-12-24,2025-01-17,24,28.0,17.3482
2024-12-24,2025-01-24,31,28.0,18.7644
2024-12-24,2025-01-31,38,28.0,23.1014
2024-12-24,2025-02-21,59,28.0,32.2181
2024-12-24,2025-05-16,143,28.0,49.5663
2024-12-24,2025-08-15,234,28.0,60.1876
2024-12-24,2026-01-16,388,27.0,72.0481
2024-12-24,2027-01-15,752,27.0,89.3964
2024-12-26,2024-12-27,1,28.0,4.2766
2024-12-26,2025-01-03,8,28.0,8.6422
2024-12-26,2025-01-10,15,28.0,13.8097
2024-12-26,2025-01-17,22,28.0,17.5517
2024-12-26,2025-01-24,29,28.0,20.0463
2024-12-26,2025-01-31,36,28.0,22.1846
2024-12-26,2025-02-07,43,28.0,24.8574
2024-12-26,2025-02-21,57,28.0,30.6486
2024-12-26,2025-05-16,141,28.0,48.4676
2024-12-26,2025-08-15,232,28.0,60.2281
2024-12-26,2026-01-16,386,27.0,72.345
2024-12-26,2027-01-15,750,27.0,88.9166
2024-12-27,2025-01-03,7,27.5,8.9711
2024-12-27,2025-01-10,14,27.5,13.6397
2024-12-27,2025-01-17,21,27.5,18.3083
2024-12-27,2025-01-24,28,27.5,19.3153
2024-12-27,2025-01-31,35,27.5,22.5192
2024-12-27,2025-02-07,42,27.5,23.4346
2024-12-27,2025-02-21,56,27.0,31.4903
2024-12-27,2025-05-16,140,27.0,47.7847
2024-12-27,2025-08-15,231,27.0,58.5866
2024-12-27,2026-01-16,385,27.0,73.7825
2024-12-27,2027-01-15,749,27.0,88.9784
2024-12-30,2025-01-03,4,27.0,7.8009
2024-12-30,2025-01-10,11,27.0,11.0513
2024-12-30,2025-01-17,18,27.0,16.5305
2024-12-30,2025-01-24,25,27.0,19.688
2024-12-30,2025-01-31,32,27.0,20.8952
2024-12-30,2025-02-07,39,27.0,24.7028
2024-12-30,2025-02-21,53,27.0,32.318
2024-12-30,2025-05-16,137,27.0,49.2199
2024-12-30,2025-08-15,228,27.0,60.7355
2024-12-30,2026-01-16,382,27.0,73.3655
2024-12-30,2027-01-15,746,27.0,90.8247
2024-12-31,2025-01-03,3,27.5,7.13
2024-12-31,2025-01-10,10,27.5,9.8375
2024-12-31,2025-01-17,17,27.5,13.4477
2024-12-31,2025-01-24,24,27.5,16.5162
2024-12-31,2025-01-31,31,27.5,19.2238
2024-12-31,2025-02-07,38,27.5,23.6462
2024-12-31,2025-02-21,52,28.0,29.0614
2024-12-31,2025-05-16,136,28.0,46.2094
2024-12-31,2025-08-15,227,28.0,59.0253
2024-12-31,2026-01-16,381,27.0,70.3971
2024-12-31,2027-01-15,745,27.0,87.9061
2025-01-02,2025-01-10,8,30.5,10.7342
2025-01-02,2025-01-17,15,30.5,13.9299
2025-01-02,2025-01-24,22,30.5,18.3546
2025-01-02,2025-01-31,29,30.5,20.1573
2025-01-02,2025-02-07,36,30.5,23.5169
2025-01-02,2025-02-14,43,30.5,26.5487
2025-01-02,2025-02-21,50,31.0,30.9735
2025-01-02,2025-05-16,134,31.0,46.706
2025-01-02,2025-08-15,225,31.0,57.1944
2025-01-02,2026-01-16,379,30.0,66.8633
2025-01-02,2027-01-15,743,30.0,89.9705
2025-01-03,2025-01-10,7,31.0,8.1783
2025-01-03,2025-01-17,14,31.0,12.6684
2025-01-03,2025-01-24,21,31.0,16.1963
2025-01-03,2025-01-31,28,31.0,20.4458
2025-01-03,2025-02-07,35,31.0,23.5728
2025-01-03,2025-02-14,42,31.0,27.2611
2025-01-03,2025-02-21,49,31.0,29.6665
2025-01-03,2025-05-16,133,31.0,45.542
2025-01-03,2025-08-15,224,31.0,56.6068
2025-01-03,2026-01-16,378,32.0,69.2752
2025-01-03,2027-01-15,742,32.0,92.848
2025-01-06,2025-01-10,4,31.0,6.8866
2025-01-06,2025-01-17,11,31.0,10.6502
2025-01-06,2025-01-24,18,31.0,12.8924
2025-01-06,2025-01-31,25,31.0,18.2575
2025-01-06,2025-02-07,32,31.0,20.82
2025-01-06,2025-02-14,39,31.0,25.3043
2025-01-06,2025-02-21,46,31.0,27.2261
2025-01-06,2025-05-16,130,31.0,42.6009
2025-01-06,2025-08-15,221,31.0,57.335
2025-01-06,2026-01-16,375,32.0,70.788
2025-01-06,2027-01-15,739,32.0,92.0884
2025-01-07,2025-01-10,3,31.5,5.9448
2025-01-07,2025-01-17,10,31.5,11.2555
2025-01-07,2025-01-24,17,31.5,13.475
2025-01-07,2025-01-31,24,31.5,18.6271
2025-01-07,2025-02-07,31,31.5,21.1636
2025-01-07,2025-02-14,38,31.5,25.8402
2025-01-07,2025-02-21,45,32.0,26.7914
2025-01-07,2025-05-16,129,32.0,42.4857
2025-01-07,2025-08-15,220,32.0,55.9607
2025-01-07,2026-01-16,374,32.0,69.4356
2025-01-07,2027-01-15,738,32.0,92.1053
2025-01-08,2025-01-10,2,30.5,5.2049
2025-01-08,2025-01-17,9,30.5,9.9219
2025-01-08,2025-01-24,16,30.5,12.1991
2025-01-08,2025-01-31,23,30.5,16.8347
2025-01-08,2025-02-07,30,30.5,20.1692
2025-01-08,2025-02-14,37,30.5,23.4223
2025-01-08,2025-02-21,44,31.0,26.838
2025-01-08,2025-02-28,51,30.5,28.3019
2025-01-08,2025-05-16,128,31.0,44.242
2025-01-08,2025-08-15,219,31.0,55.6278
2025-01-08,2026-01-16,373,30.0,70.4294
2025-01-08,2027-01-15,737,30.0,90.5986
2025-01-10,2025-01-17,7,33.0,10.1718
2025-01-10,2025-01-24,14,33.0,12.8843
2025-01-10,2025-01-31,21,33.0,16.2749
2025-01-10,2025-02-07,28,33.0,20.3436
2025-01-10,2025-02-14,35,33.0,26.0699
2025-01-10,2025-02-21,42,33.0,26.8234
2025-01-10,2025-02-28,49,33.0,29.2345
2025-01-10,2025-05-16,126,33.0,42.9476
2025-01-10,2025-08-15,217,33.0,56.8113
2025-01-10,2026-01-16,371,32.0,69.0175
2025-01-10,2027-01-15,735,32.0,89.8131
2025-01-13,2025-01-17,4,35.5,9.9384
2025-01-13,2025-01-24,11,35.5,14.1377
2025-01-13,2025-01-31,18,35.5,16.0274
2025-01-13,2025-02-07,25,35.5,19.6669
2025-01-13,2025-02-14,32,35.5,24.2161
2025-01-13,2025-02-21,39,36.0,26.8757
2025-01-13,2025-02-28,46,35.5,27.5756
2025-01-13,2025-05-16,123,36.0,44.2329
2025-01-13,2025-08-15,214,36.0,54.4513
2025-01-13,2026-01-16,368,35.0,70.1288
2025-01-13,2027-01-15,732,35.0,90.2856
2025-01-14,2025-01-17,3,37.0,7.3191
2025-01-14,2025-01-24,10,37.0,12.1307
2025-01-14,2025-01-31,17,37.0,17.0778
2025-01-14,2025-02-07,24,37.0,19.653
2025-01-14,2025-02-14,31,37.0,22.9059
2025-01-14,2025-02-21,38,37.0,25.7522
2025-01-14,2025-02-28,45,37.0,27.5142
2025-01-14,2025-05-16,122,37.0,43.7788
2025-01-14,2025-08-15,213,37.0,55.164
2025-01-14,2026-01-16,367,37.0,70.4798
2025-01-14,2027-01-15,731,37.0,93.7924
2025-01-15,2025-01-17,2,37.0,5.6726
2025-01-15,2025-01-24,9,37.0,10.8725
2025-01-15,2025-01-31,16,37.0,14.3841
2025-01-15,2025-02-07,23,37.0,18.1659
2025-01-15,2025-02-14,30,37.0,21.8801
2025-01-15,2025-02-21,37,37.0,24.5813
2025-01-15,2025-02-28,44,37.0,27.4176
2025-01-15,2025-05-16,121,37.0,41.8693
2025-01-15,2025-08-15,212,37.0,54.8352
2025-01-15,2026-01-16,366,37.0,68.4765
2025-01-15,2027-01-15,730,37.0,92.6526
2025-01-16,2025-01-17,1,38.0,5.5201
2025-01-16,2025-01-24,8,37.5,9.045
2025-01-16,2025-01-31,15,37.5,13.5009
2025-01-16,2025-02-07,22,38.0,16.2277
2025-01-16,2025-02-14,29,38.0,21.0162
2025-01-16,2025-02-21,36,38.0,25.1397
2025-01-16,2025-02-28,43,37.5,24.4746
2025-01-16,2025-03-21,64,38.0,31.5243
2025-01-16,2025-05-16,120,38.0,40.9683
2025-01-16,2025-08-15,211,38.0,52.6736
2025-01-16,2026-01-16,365,37.0,63.7138
2025-01-16,2027-01-15,729,37.0,91.6467
2025-01-17,2025-01-24,7,36.0,7.9079
2025-01-17,2025-01-31,14,36.0,12.2087
2025-01-17,2025-02-07,21,36.0,15.8851
2025-01-17,2025-02-14,28,36.0,21.0877
2025-01-17,2025-02-21,35,36.0,21.0877
2025-01-17,2025-02-28,42,36.0,25.3885
2025-01-17,2025-03-21,63,36.0,29.6892
2025-01-17,2025-05-16,119,36.0,38.5683
2025-01-17,2025-08-15,210,36.0,51.3319
2025-01-17,2026-01-16,364,37.0,69.0899
2025-01-17,2027-01-15,728,37.0,94.4784
2025-01-21,2025-01-24,3,37.5,6.0505
2025-01-21,2025-01-31,10,37.5,12.1011
2025-01-21,2025-02-07,17,37.5,15.0266
2025-01-21,2025-02-14,24,38.0,19.5479
2025-01-21,2025-02-21,31,37.5,21.9415
2025-01-21,2025-02-28,38,37.5,23.8032
2025-01-21,2025-03-21,59,38.0,28.4574
2025-01-21,2025-05-16,115,38.0,40.2926
2025-01-21,2025-08-15,206,38.0,51.8617
2025-01-21,2026-01-16,360,37.0,65.5585
2025-01-21,2027-01-15,724,37.0,90.5585
2025-01-22,2025-01-24,2,39.5,5.5668
2025-01-22,2025-01-31,9,39.5,11.8295
2025-01-22,2025-02-07,16,39.5,15.3087
2025-01-22,2025-02-14,23,40.0,18.9777
2025-01-22,2025-02-21,30,39.5,21.8877
2025-01-22,2025-02-28,37,40.0,23.7854
2025-01-22,2025-03-21,58,40.0,28.5931
2025-01-22,2025-05-16,114,40.0,37.8289
2025-01-22,2025-08-15,205,40.0,51.4929
2025-01-22,2026-01-16,359,40.0,66.2955
2025-01-22,2027-01-15,723,40.0,92.9909
2025-01-23,2025-01-24,1,38.5,3.6879
2025-01-23,2025-01-31,8,38.5,9.7697
2025-01-23,2025-02-07,15,38.5,14.1046
2025-01-23,2025-02-14,22,39.0,18.8276
2025-01-23,2025-02-21,29,38.5,20.3157
2025-01-23,2025-02-28,36,39.0,22.1273
2025-01-23,2025-03-07,43,38.5,25.4917
2025-01-23,2025-03-21,57,39.0,28.0797
2025-01-23,2025-05-16,113,39.0,38.3023
2025-01-23,2025-08-15,204,39.0,51.1128
2025-01-23,2026-01-16,358,40.0,65.6056
2025-01-23,2027-01-15,722,40.0,87.0859
2025-01-24,2025-01-31,7,41.5,8.995
2025-01-24,2025-02-07,14,41.5,10.9739
2025-01-24,2025-02-14,21,41.5,16.9705
2025-01-24,2025-02-21,28,41.5,21.1082
2025-01-24,2025-02-28,35,41.5,23.8666
2025-01-24,2025-03-07,42,41.5,24.1065
2025-01-24,2025-03-21,56,42.0,27.3447
2025-01-24,2025-05-16,112,42.0,38.7383
2025-01-24,2025-08-15,203,42.0,50.2519
2025-01-24,2026-01-16,357,42.0,65.9631
2025-01-24,2027-01-15,721,42.0,89.1101
2025-01-27,2025-01-31,4,26.0,17.0629
2025-01-27,2025-02-07,11,26.0,23.0061
2025-01-27,2025-02-14,18,26.0,24.7316
2025-01-27,2025-02-21,25,26.0,28.7577
2025-01-27,2025-02-28,32,26.0,28.9494
2025-01-27,2025-03-07,39,25.0,31.8252
2025-01-27,2025-03-21,53,25.0,35.2761
2025-01-27,2025-05-16,109,26.0,46.5874
2025-01-27,2025-08-15,200,26.0,57.3236
2025-01-27,2026-01-16,354,27.0,73.4279
2025-01-27,2027-01-15,718,27.0,101.227
2025-01-28,2025-01-31,3,30.0,10.0532
2025-01-28,2025-02-07,10,30.0,16.5337
2025-01-28,2025-02-14,17,30.0,22.3496
2025-01-28,2025-02-21,24,30.0,24.9252
2025-01-28,2025-02-28,31,30.0,26.7531
2025-01-28,2025-03-07,38,30.0,28.4148
2025-01-28,2025-03-21,52,30.0,32.4028
2025-01-28,2025-05-16,108,30.0,43.8684
2025-01-28,2025-08-15,199,30.0,55.5002
2025-01-28,2026-01-16,353,30.0,70.7876
2025-01-28,2027-01-15,717,30.0,96.2114
2025-01-29,2025-01-31,2,29.5,7.9045
2025-01-29,2025-02-07,9,29.5,16.0612
2025-01-29,2025-02-14,16,29.5,19.0044
2025-01-29,2025-02-21,23,30.0,24.0498
2025-01-29,2025-02-28,30,29.5,26.9929
2025-01-29,2025-03-07,37,30.0,29.0952
2025-01-29,2025-03-21,51,30.0,32.1224
2025-01-29,2025-05-16,107,30.0,43.5587
2025-01-29,2025-08-15,198,30.0,55.4995
2025-01-29,2026-01-16,352,30.0,68.9539
2025-01-29,2027-01-15,716,30.0,94.6855
2025-01-30,2025-01-31,1,32.0,5.1101
2025-01-30,2025-02-07,8,32.0,13.0503
2025-01-30,2025-02-14,15,32.0,19.4182
2025-01-30,2025-02-21,22,32.0,22.327
2025-01-30,2025-02-28,29,32.0,24.0566
2025-01-30,2025-03-07,36,32.0,29.8742
2025-01-30,2025-03-14,43,32.0,30.8176
2025-01-30,2025-03-21,50,32.0,30.9748
2025-01-30,2025-05-16,106,32.0,42.2956
2025-01-30,2025-08-15,197,32.0,54.717
2025-01-30,2026-01-16,351,32.0,70.4403
2025-01-30,2027-01-15,715,32.0,90.566
2025-01-31,2025-02-07,7,32.5,10.4103
2025-01-31,2025-02-14,14,32.5,17.4525
2025-01-31,2025-02-21,21,32.5,20.6675
2025-01-31,2025-02-28,28,32.5,24.3417
2025-01-31,2025-03-07,35,33.0,26.6381
2025-01-31,2025-03-14,42,32.5,29.0876
2025-01-31,2025-03-21,49,33.0,30.0061
2025-01-31,2025-05-16,105,33.0,40.8757
2025-01-31,2025-08-15,196,33.0,55.2664
2025-01-31,2026-01-16,350,32.0,66.4421
2025-01-31,2027-01-15,714,32.0,93.2333
2025-02-03,2025-02-07,4,33.5,8.556
2025-02-03,2025-02-14,11,33.5,15.2357
2025-02-03,2025-02-21,18,33.5,18.6881
2025-02-03,2025-02-28,25,33.5,23.4164
2025-02-03,2025-03-07,32,33.0,24.0919
2025-02-03,2025-03-14,39,33.5,27.9195
2025-02-03,2025-03-21,46,33.0,29.2705
2025-02-03,2025-05-16,102,33.0,41.5791
2025-02-03,2025-08-15,193,33.0,51.1858
2025-02-03,2026-01-16,347,32.0,65.746
2025-02-03,2027-01-15,711,32.0,89.7628
2025-02-04,2025-02-07,3,34.5,8.2609
2025-02-04,2025-02-14,10,34.5,15.0
2025-02-04,2025-02-21,17,34.5,20.8696
2025-02-04,2025-02-28,24,34.5,22.3188
2025-02-04,2025-03-07,31,34.0,24.9275
2025-02-04,2025-03-14,38,34.5,28.1159
2025-02-04,2025-03-21,45,34.0,28.1159
2025-02-04,2025-05-16,101,34.0,38.6957
2025-02-04,2025-08-15,192,34.0,51.4493
2025-02-04,2026-01-16,346,35.0,66.6667
2025-02-04,2027-01-15,710,35.0,92.4638
2025-02-05,2025-02-07,2,34.0,6.8523
2025-02-05,2025-02-14,9,34.0,14.1468
2025-02-05,2025-02-21,16,34.0,18.6413
2025-02-05,2025-02-28,23,34.0,20.4833
2025-02-05,2025-03-07,30,34.0,25.0516
2025-02-05,2025-03-14,37,34.0,24.6095
2025-02-05,2025-03-21,44,34.0,27.5567
2025-02-05,2025-05-16,100,34.0,38.1668
2025-02-05,2025-08-15,191,34.0,51.7241
2025-02-05,2026-01-16,345,35.0,66.6077
2025-02-05,2027-01-15,709,35.0,91.0698
2025-02-06,2025-02-07,1,34.5,4.9928
2025-02-06,2025-02-14,8,34.5,10.7815
2025-02-06,2025-02-21,15,34.5,17.8726
2025-02-06,2025-02-28,22,34.5,19.1751
2025-02-06,2025-03-07,29,35.0,22.8654
2025-02-06,2025-03-14,36,34.5,24.4573
2025-02-06,2025-03-21,43,35.0,27.2069
2025-02-06,2025-03-28,50,34.5,29.0883
2025-02-06,2025-05-16,99,35.0,38.2055
2025-02-06,2025-08-15,190,35.0,49.0593
2025-02-06,2026-01-16,344,35.0,63.8206
2025-02-06,2027-01-15,708,35.0,89.2909
2025-02-07,2025-02-14,7,38.0,12.3263
2025-02-07,2025-02-21,14,38.0,21.8988
2025-02-07,2025-02-28,21,38.0,24.6525
2025-02-07,2025-03-07,28,38.0,26.2261
2025-02-07,2025-03-14,35,38.0,28.7175
2025-02-07,2025-03-21,42,38.0,28.9798
2025-02-07,2025-03-28,49,38.0,31.6024
2025-02-07,2025-05-16,98,38.0,40.5193
2025-02-07,2025-08-15,189,38.0,49.0427
2025-02-07,2026-01-16,343,37.0,65.3029
2025-02-07,2027-01-15,707,37.0,87.8573
2025-02-10,2025-02-14,4,41.0,11.5328
2025-02-10,2025-02-21,11,41.0,22.0893
2025-02-10,2025-02-28,18,41.0,23.9199
2025-02-10,2025-03-07,25,41.0,30.266
2025-02-10,2025-03-14,32,41.0,26.971
2025-02-10,2025-03-21,39,41.0,29.5338
2025-02-10,2025-03-28,46,41.0,31.6085
2025-02-10,2025-05-16,95,41.0,39.9072
2025-02-10,2025-08-15,186,41.0,51.5011
2025-02-10,2026-01-16,340,40.0,65.0476
2025-02-10,2027-01-15,704,40.0,88.1133
2025-02-11,2025-02-14,3,41.5,9.0536
2025-02-11,2025-02-21,10,41.5,20.2801
2025-02-11,2025-02-28,17,41.5,23.2979
2025-02-11,2025-03-07,24,41.5,26.1951
2025-02-11,2025-03-14,31,41.0,27.4022
2025-02-11,2025-03-21,38,41.0,28.1265
2025-02-11,2025-03-28,45,41.0,31.0237
2025-02-11,2025-05-16,94,41.0,40.3187
2025-02-11,2025-08-15,185,41.0,51.4244
2025-02-11,2026-01-16,339,42.0,66.1516
2025-02-11,2027-01-15,703,42.0,88.7253
2025-02-12,2025-02-14,2,39.5,6.6158
2025-02-12,2025-02-21,9,39.5,20.1018
2025-02-12,2025-02-28,16,39.5,23.2824
2025-02-12,2025-03-07,23,39.5,23.9186
2025-02-12,2025-03-14,30,39.0,27.9898
2025-02-12,2025-03-21,37,39.0,26.8448
2025-02-12,2025-03-28,44,39.5,28.7532
2025-02-12,2025-05-16,93,39.0,39.8219
2025-02-12,2025-08-15,184,39.0,51.0178
2025-02-12,2026-01-16,338,40.0,68.4478
2025-02-12,2027-01-15,702,40.0,90.5852
2025-02-13,2025-02-21,8,41.5,17.9856
2025-02-13,2025-02-28,15,41.5,21.5827
2025-02-13,2025-03-07,22,41.5,22.9017
2025-02-13,2025-03-14,29,42.0,26.8585
2025-02-13,2025-03-21,36,42.0,28.2974
2025-02-13,2025-03-28,43,42.0,27.5779
2025-02-13,2025-04-04,50,41.5,28.0576
2025-02-13,2025-05-16,92,42.0,39.8082
2025-02-13,2025-08-15,183,42.0,53.3573
2025-02-13,2026-01-16,337,42.0,65.7074
2025-02-13,2027-01-15,701,42.0,92.2062
2025-02-14,2025-02-21,7,44.0,19.1054
2025-02-14,2025-02-28,14,44.0,22.9265
2025-02-14,2025-03-07,21,44.5,26.6352
2025-02-14,2025-03-14,28,44.0,28.321
2025-02-14,2025-03-21,35,44.0,28.9953
2025-02-14,2025-03-28,42,44.0,30.0067
2025-02-14,2025-04-04,49,44.5,32.5916
2025-02-14,2025-05-16,91,44.0,42.5938
2025-02-14,2025-08-15,182,44.0,54.0571
2025-02-14,2026-01-16,336,45.0,67.9928
2025-02-14,2027-01-15,700,45.0,93.0546
2025-02-18,2025-02-21,3,48.0,16.5384
2025-02-18,2025-02-28,10,48.0,20.491
2025-02-18,2025-03-07,17,48.0,23.7154
2025-02-18,2025-03-14,24,48.0,26.1078
2025-02-18,2025-03-21,31,48.0,28.3961
2025-02-18,2025-03-28,38,48.0,30.3724
2025-02-18,2025-04-04,45,48.0,32.3487
2025-02-18,2025-05-16,87,48.0,42.5421
2025-02-18,2025-08-15,178,50.0,56.1681
2025-02-18,2026-01-16,332,47.0,66.5696
2025-02-18,2027-01-15,696,47.0,90.7011
2025-02-19,2025-02-21,2,45.0,16.1164
2025-02-19,2025-02-28,9,45.0,20.745
2025-02-19,2025-03-07,16,45.0,25.8755
2025-02-19,2025-03-14,23,45.0,28.2177
2025-02-19,2025-03-21,30,45.0,29.333
2025-02-19,2025-03-28,37,45.0,30.8945
2025-02-19,2025-04-04,44,45.0,33.9059
2025-02-19,2025-05-16,86,45.0,44.1669
2025-02-19,2025-08-15,177,45.0,53.6471
2025-02-19,2026-01-16,331,45.0,69.8193
2025-02-19,2027-01-15,695,45.0,93.2411
2025-02-20,2025-02-21,1,46.0,5.2973
2025-02-20,2025-02-28,8,46.5,14.7027
2025-02-20,2025-03-07,15,46.0,19.1351
2025-02-20,2025-03-14,22,46.0,23.3514
2025-02-20,2025-03-21,29,46.0,26.3784
2025-02-20,2025-03-28,36,46.0,29.4054
2025-02-20,2025-04-04,43,46.0,28.6486
2025-02-20,2025-04-17,56,46.0,35.6757
2025-02-20,2025-05-16,85,46.0,42.4865
2025-02-20,2025-08-15,176,46.0,56.3243
2025-02-20,2026-01-16,330,47.0,70.9189
2025-02-20,2027-01-15,694,47.0,92.7568
2025-02-21,2025-02-28,7,40.0,14.6856
2025-02-21,2025-03-07,14,40.0,18.0746
2025-02-21,2025-03-14,21,40.0,21.4635
2025-02-21,2025-03-21,28,40.0,24.476
2025-02-21,2025-03-28,35,40.0,25.8567
2025-02-21,2025-04-04,42,40.0,26.7353
2025-02-21,2025-04-17,55,40.0,32.7601
2025-02-21,2025-05-16,84,40.0,40.5422
2025-02-21,2025-08-15,175,40.0,53.9726
2025-02-21,2026-01-16,329,40.0,68.4072
2025-02-21,2027-01-15,693,40.0,92.2556
2025-02-24,2025-02-28,4,36.0,11.3887
2025-02-24,2025-03-07,11,36.0,13.9426
2025-02-24,2025-03-14,18,36.0,19.0502
2025-02-24,2025-03-21,25,36.0,22.7775
2025-02-24,2025-03-28,32,36.0,26.6427
2025-02-24,2025-04-04,39,36.0,29.2656
2025-02-24,2025-04-17,52,36.0,30.6461
2025-02-24,2025-05-16,81,36.0,38.3766
2025-02-24,2025-08-15,172,36.0,50.8007
2025-02-24,2026-01-16,326,37.0,67.6422
2025-02-24,2027-01-15,690,37.0,89.1772
2025-02-25,2025-02-28,3,34.0,9.6463
2025-02-25,2025-03-07,10,34.0,12.131
2025-02-25,2025-03-14,17,34.0,17.2464
2025-02-25,2025-03-21,24,34.0,22.2157
2025-02-25,2025-03-28,31,34.0,24.2619
2025-02-25,2025-04-04,38,34.0,26.1619
2025-02-25,2025-04-17,51,34.0,30.4005
2025-02-25,2025-05-16,80,34.0,38.0006
2025-02-25,2025-08-15,171,34.0,49.9854
2025-02-25,2026-01-16,325,35.0,68.8395
2025-02-25,2027-01-15,689,35.0,89.4475
2025-02-26,2025-02-28,2,36.0,8.8243
2025-02-26,2025-03-07,9,36.0,14.6609
2025-02-26,2025-03-14,16,36.0,20.289
2025-02-26,2025-03-21,23,36.0,21.1228
2025-02-26,2025-03-28,30,36.0,23.2073
2025-02-26,2025-04-04,37,36.0,26.2646
2025-02-26,2025-04-17,50,36.0,31.1284
2025-02-26,2025-05-16,79,36.0,37.5208
2025-02-26,2025-08-15,170,36.0,51.0006
2025-02-26,2026-01-16,324,35.0,66.8427
2025-02-26,2027-01-15,688,35.0,90.05
2025-02-27,2025-02-28,1,32.0,6.1622
2025-02-27,2025-03-07,8,32.0,11.9345
2025-02-27,2025-03-14,15,32.0,16.6927
2025-02-27,2025-03-21,22,32.0,20.4368
2025-02-27,2025-03-28,29,32.0,24.493
2025-02-27,2025-04-04,36,32.0,24.181
2025-02-27,2025-04-11,43,32.0,29.1732
2025-02-27,2025-04-17,49,32.0,29.1732
2025-02-27,2025-05-16,78,32.0,36.5055
2025-02-27,2025-08-15,169,32.0,51.9501
2025-02-27,2026-01-16,323,32.0,65.2106
2025-02-27,2027-01-15,687,32.0,90.4836
2025-02-28,2025-03-07,7,32.5,11.1573
2025-02-28,2025-03-14,14,32.5,14.8507
2025-02-28,2025-03-21,21,32.0,17.39
2025-02-28,2025-03-28,28,32.5,20.6987
2025-02-28,2025-04-04,35,32.0,23.4688
2025-02-28,2025-04-11,42,32.5,26.6236
2025-02-28,2025-04-17,48,32.0,28.4703
2025-02-28,2025-05-16,77,32.0,35.2416
2025-02-28,2025-08-15,168,32.0,49.7076
2025-02-28,2026-01-16,322,32.0,63.4041
2025-02-28,2027-01-15,686,32.0,87.7193
2025-03-03,2025-03-07,4,28.0,9.9644
2025-03-03,2025-03-14,11,28.0,16.2811
2025-03-03,2025-03-21,18,28.0,17.5267
2025-03-03,2025-03-28,25,28.0,20.1068
2025-03-03,2025-04-04,32,28.0,24.911
2025-03-03,2025-04-11,39,28.0,27.847
2025-03-03,2025-04-17,45,28.0,25.9786
2025-03-03,2025-05-16,74,28.0,34.6975
2025-03-03,2025-08-15,165,28.0,48.7544
2025-03-03,2026-01-16,319,27.0,63.879
2025-03-03,2027-01-15,683,27.0,91.1032
2025-03-04,2025-03-07,3,29.5,8.9497
2025-03-04,2025-03-14,10,29.5,15.873
2025-03-04,2025-03-21,17,29.5,17.5616
2025-03-04,2025-03-28,24,29.5,21.2766
2025-03-04,2025-04-04,31,29.5,22.7964
2025-03-04,2025-04-11,38,29.5,23.2185
2025-03-04,2025-04-17,44,30.0,26.6802
2025-03-04,2025-05-16,73,30.0,35.7987
2025-03-04,2025-08-15,164,30.0,50.3208
2025-03-04,2026-01-16,318,30.0,66.7004
2025-03-04,2027-01-15,682,30.0,90.8477
2025-03-05,2025-03-07,2,30.0,8.2864
2025-03-05,2025-03-14,9,30.0,13.7554
2025-03-05,2025-03-21,16,30.0,17.5671
2025-03-05,2025-03-28,23,30.0,18.1472
2025-03-05,2025-04-04,30,30.0,24.2791
2025-03-05,2025-04-11,37,30.0,30.6596
2025-03-05,2025-04-17,43,30.0,26.8479
2025-03-05,2025-05-16,72,30.0,34.8028
2025-03-05,2025-08-15,163,30.0,49.5525
2025-03-05,2026-01-16,317,30.0,65.2967
2025-03-05,2027-01-15,681,30.0,89.3271
2025-03-06,2025-03-07,1,27.0,6.7164
2025-03-06,2025-03-14,8,27.0,12.1269
2025-03-06,2025-03-21,15,27.0,17.5373
2025-03-06,2025-03-28,22,27.0,21.4552
2025-03-06,2025-04-04,29,27.0,23.8806
2025-03-06,2025-04-11,36,27.0,24.6269
2025-03-06,2025-04-17,42,27.0,27.9851
2025-03-06,2025-04-25,50,27.0,29.1045
2025-03-06,2025-05-16,71,27.0,35.0746
2025-03-06,2025-08-15,162,27.0,46.2687
2025-03-06,2026-01-16,316,27.0,66.4179
2025-03-06,2027-01-15,680,27.0,94.0299
2025-03-07,2025-03-14,7,28.0,10.7181
2025-03-07,2025-03-21,14,28.0,16.4344
2025-03-07,2025-03-28,21,28.0,20.0071
2025-03-07,2025-04-04,28,28.0,22.6867
2025-03-07,2025-04-11,35,28.0,23.4905
2025-03-07,2025-04-17,41,28.0,26.7953
2025-03-07,2025-04-25,49,28.0,29.1175
2025-03-07,2025-05-16,70,28.0,34.298
2025-03-07,2025-08-15,161,28.0,49.482
2025-03-07,2026-01-16,315,27.0,66.2737
2025-03-07,2027-01-15,679,27.0,87.7099
2025-03-10,2025-03-14,4,26.0,11.7322
2025-03-10,2025-03-21,11,26.0,15.7383
2025-03-10,2025-03-28,18,26.0,19.0767
2025-03-10,2025-04-04,25,26.0,21.652
2025-03-10,2025-04-11,32,26.0,22.6059
2025-03-10,2025-04-17,38,26.0,27.2797
2025-03-10,2025-04-25,46,26.0,28.5196
2025-03-10,2025-05-16,67,26.0,36.4365
2025-03-10,2025-08-15,158,26.0,49.2179
2025-03-10,2026-01-16,312,27.0,67.3407
2025-03-10,2027-01-15,676,27.0,89.6604
2025-03-11,2025-03-14,3,25.5,10.1179
2025-03-11,2025-03-21,10,25.5,16.6994
2025-03-11,2025-03-28,17,25.5,19.9411
2025-03-11,2025-04-04,24,25.5,22.5933
2025-03-11,2025-04-11,31,25.5,24.9509
2025-03-11,2025-04-17,37,25.0,27.112
2025-03-11,2025-04-25,45,25.5,29.2731
2025-03-11,2025-05-16,66,25.0,35.3635
2025-03-11,2025-08-15,157,25.0,50.0982
2025-03-11,2026-01-16,311,25.0,66.6012
2025-03-11,2027-01-15,675,25.0,92.7308
2025-03-12,2025-03-14,2,28.5,7.2183
2025-03-12,2025-03-21,9,28.5,13.6444
2025-03-12,2025-03-28,16,28.5,19.5423
2025-03-12,2025-04-04,23,28.5,23.7676
2025-03-12,2025-04-11,30,28.5,25.3521
2025-03-12,2025-04-17,36,28.0,25.3521
2025-03-12,2025-04-25,44,28.5,26.0563
2025-03-12,2025-05-16,65,28.0,32.3944
2025-03-12,2025-08-15,156,28.0,48.9437
2025-03-12,2026-01-16,310,27.0,64.4366
2025-03-12,2027-01-15,674,27.0,91.0211
2025-03-13,2025-03-14,1,26.0,5.4452
2025-03-13,2025-03-21,8,26.0,13.8517
2025-03-13,2025-03-28,15,26.0,17.0997
2025-03-13,2025-04-04,22,26.0,20.6343
2025-03-13,2025-04-11,29,26.0,23.1181
2025-03-13,2025-04-17,35,26.0,25.0287
2025-03-13,2025-04-25,43,26.0,28.0856
2025-03-13,2025-05-02,50,26.0,29.9962
2025-03-13,2025-05-16,64,26.0,34.0084
2025-03-13,2025-08-15,155,26.0,49.102
2025-03-13,2026-01-16,309,27.0,66.6794
2025-03-13,2027-01-15,673,27.0,92.2812
2025-03-14,2025-03-21,7,29.0,9.0435
2025-03-14,2025-03-28,14,29.0,15.6522
2025-03-14,2025-04-04,21,28.5,18.6957
2025-03-14,2025-04-11,28,28.5,20.9565
2025-03-14,2025-04-17,34,29.0,22.087
2025-03-14,2025-04-25,42,28.5,24.3478
2025-03-14,2025-05-02,49,28.5,27.8261
2025-03-14,2025-05-16,63,29.0,30.9565
2025-03-14,2025-08-15,154,29.0,50.2609
2025-03-14,2026-01-16,308,30.0,66.2609
2025-03-14,2027-01-15,672,30.0,91.6522
2025-03-17,2025-03-21,4,28.5,7.9533
2025-03-17,2025-03-28,11,28.5,13.609
2025-03-17,2025-04-04,18,28.5,17.6741
2025-03-17,2025-04-11,25,28.5,21.6508
2025-03-17,2025-04-17,31,28.0,22.0926
2025-03-17,2025-04-25,39,28.5,24.7437
2025-03-17,2025-05-02,46,28.5,28.0134
2025-03-17,2025-05-16,60,28.0,31.1064
2025-03-17,2025-06-20,95,28.0,38.5295
2025-03-17,2025-08-15,151,28.0,49.4874
2025-03-17,2026-01-16,305,27.0,62.9198
2025-03-17,2027-01-15,669,27.0,88.5472
2025-03-18,2025-03-21,3,25.5,12.2711
2025-03-18,2025-03-28,10,25.5,12.1737
2025-03-18,2025-04-04,17,25.5,14.8033
2025-03-18,2025-04-11,24,25.5,23.0814
2025-03-18,2025-04-17,30,26.0,23.6658
2025-03-18,2025-04-25,38,25.5,24.1527
2025-03-18,2025-05-02,45,25.5,24.9318
2025-03-18,2025-05-16,59,26.0,34.0865
2025-03-18,2025-06-20,94,26.0,38.5664
2025-03-18,2025-08-15,150,26.0,50.448
2025-03-18,2026-01-16,304,25.0,62.1348
2025-03-18,2027-01-15,668,25.0,87.0666
2025-03-19,2025-03-21,2,27.5,5.9826
2025-03-19,2025-03-28,9,27.5,11.24
2025-03-19,2025-04-04,16,27.5,15.1378
2025-03-19,2025-04-11,23,27.5,18.1291
2025-03-19,2025-04-17,29,28.0,18.2197
2025-03-19,2025-04-25,37,27.5,24.021
2025-03-19,2025-05-02,44,27.5,26.1965
2025-03-19,2025-05-16,58,28.0,28.1001
2025-03-19,2025-06-20,93,28.0,36.9833
2025-03-19,2025-08-15,149,28.0,46.0479
2025-03-19,2026-01-16,303,27.0,62.7266
2025-03-19,2027-01-15,667,27.0,87.7447
2025-03-20,2025-03-21,1,26.0,4.2025
2025-03-20,2025-03-28,8,26.0,10.0287
2025-03-20,2025-04-04,15,26.0,14.8997
2025-03-20,2025-04-11,22,26.0,17.765
2025-03-20,2025-04-17,28,26.0,19.1022
2025-03-20,2025-04-25,36,26.0,23.1137
2025-03-20,2025-05-02,43,26.0,26.361
2025-03-20,2025-05-16,57,26.0,27.8892
2025-03-20,2025-06-20,92,26.0,35.148
2025-03-20,2025-08-15,148,26.0,42.5979
2025-03-20,2025-11-21,246,26.0,57.1156
2025-03-20,2026-01-16,302,27.0,62.6552
2025-03-20,2027-01-15,666,27.0,92.4546
2025-03-21,2025-03-28,7,27.0,9.7294
2025-03-21,2025-04-04,14,27.0,13.2506
2025-03-21,2025-04-11,21,27.0,16.2157
2025-03-21,2025-04-17,27,27.0,16.957
2025-03-21,2025-04-25,35,27.0,20.5708
2025-03-21,2025-05-02,42,27.0,22.424
2025-03-21,2025-05-16,56,27.0,28.3543
2025-03-21,2025-06-20,91,27.0,38.5471
2025-03-21,2025-08-15,147,27.0,44.6627
2025-03-21,2025-11-21,245,27.0,56.894
2025-03-21,2026-01-16,301,27.0,62.083
2025-03-21,2027-01-15,665,27.0,88.2135
2025-03-24,2025-03-28,4,29.0,7.6225
2025-03-24,2025-04-04,11,29.0,11.6478
2025-03-24,2025-04-11,18,29.0,14.6454
2025-03-24,2025-04-17,24,29.0,17.9856
2025-03-24,2025-04-25,32,29.0,18.2425
2025-03-24,2025-05-02,39,29.0,24.3234
2025-03-24,2025-05-16,53,29.0,26.7215
2025-03-24,2025-06-20,88,29.0,34.9435
2025-03-24,2025-08-15,144,29.0,44.5358
2025-03-24,2025-11-21,242,29.0,58.9243
2025-03-24,2026-01-16,298,30.0,62.3501
2025-03-24,2027-01-15,662,30.0,88.0438
2025-03-25,2025-03-28,3,27.0,5.7968
2025-03-25,2025-04-04,10,27.0,10.3975
2025-03-25,2025-04-11,17,27.0,14.2621
2025-03-25,2025-04-17,23,27.0,16.8384
2025-03-25,2025-04-25,31,27.0,22.0832
2025-03-25,2025-05-02,38,27.0,18.9547
2025-03-25,2025-05-16,52,27.0,25.7637
2025-03-25,2025-06-20,87,27.0,32.7567
2025-03-25,2025-08-15,143,27.0,40.1178
2025-03-25,2025-11-21,241,27.0,55.2079
2025-03-25,2026-01-16,297,27.0,60.9128
2025-03-25,2027-01-15,661,27.0,88.8848
2025-03-26,2025-03-28,2,24.5,8.5998
2025-03-26,2025-04-04,9,24.5,13.5573
2025-03-26,2025-04-11,16,24.5,16.1878
2025-03-26,2025-04-17,22,24.5,19.0206
2025-03-26,2025-04-25,30,24.5,20.5382
2025-03-26,2025-05-02,37,24.5,24.1805
2025-03-26,2025-05-16,51,25.0,27.5192
2025-03-26,2025-06-20,86,25.0,35.6131
2025-03-26,2025-08-15,142,25.0,43.1
2025-03-26,2025-11-21,240,25.0,58.4784
2025-03-26,2026-01-16,296,25.0,62.1206
2025-03-26,2027-01-15,660,25.0,89.4375
2025-03-27,2025-03-28,1,25.5,5.608
2025-03-27,2025-04-04,8,25.5,12.5935
2025-03-27,2025-04-11,15,25.5,15.1515
2025-03-27,2025-04-17,21,25.5,15.9386
2025-03-27,2025-04-25,29,25.5,24.3998
2025-03-27,2025-05-02,36,25.5,23.416
2025-03-27,2025-05-09,43,25.5,26.3676
2025-03-27,2025-05-16,50,25.0,28.3353
2025-03-27,2025-06-20,85,25.0,34.632
2025-03-27,2025-08-15,141,25.0,42.503
2025-03-27,2025-11-21,239,25.0,55.0964
2025-03-27,2026-01-16,295,25.0,59.819
2025-03-27,2027-01-15,659,25.0,87.3672
2025-03-28,2025-04-04,7,22.5,11.9901
2025-03-28,2025-04-11,14,22.5,14.3433
2025-03-28,2025-04-17,20,22.5,18.6015
2025-03-28,2025-04-25,28,22.5,19.498
2025-03-28,2025-05-02,35,22.5,25.2129
2025-03-28,2025-05-09,42,22.5,27.2299
2025-03-28,2025-05-16,49,22.5,29.1349
2025-03-28,2025-06-20,84,22.0,35.4101
2025-03-28,2025-08-15,140,22.0,44.823
2025-03-28,2025-11-21,238,22.0,55.1322
2025-03-28,2026-01-16,294,23.0,60.7351
2025-03-28,2027-01-15,658,23.0,88.7494
2025-03-31,2025-04-04,4,21.0,10.54
2025-03-31,2025-04-11,11,21.0,14.9218
2025-03-31,2025-04-17,17,21.0,17.7641
2025-03-31,2025-04-25,25,21.0,20.9616
2025-03-31,2025-05-02,32,21.0,23.0933
2025-03-31,2025-05-09,39,21.0,25.6987
2025-03-31,2025-05-16,46,21.0,28.6594
2025-03-31,2025-06-20,81,21.0,35.2913
2025-03-31,2025-08-15,137,21.0,45.0024
2025-03-31,2025-11-21,235,21.0,57.3188
2025-03-31,2026-01-16,291,20.0,61.5822
2025-03-31,2027-01-15,655,20.0,86.2151
2025-04-01,2025-04-04,3,22.5,9.0348
2025-04-01,2025-04-11,10,22.5,14.3235
2025-04-01,2025-04-17,16,22.5,17.5187
2025-04-01,2025-04-25,24,22.5,22.587
2025-04-01,2025-05-02,31,22.5,24.6805
2025-04-01,2025-05-09,38,22.5,24.5703
2025-04-01,2025-05-16,45,22.5,28.647
2025-04-01,2025-06-20,80,23.0,35.2578
2025-04-01,2025-08-15,136,23.0,45.1741
2025-04-01,2025-11-21,234,23.0,57.294
2025-04-01,2026-01-16,290,23.0,61.7012
2025-04-01,2027-01-15,654,23.0,84.8391
2025-04-02,2025-04-04,2,24.5,8.8957
2025-04-02,2025-04-11,9,24.5,14.3149
2025-04-02,2025-04-17,15,24.5,17.4847
2025-04-02,2025-04-25,23,24.5,18.6094
2025-04-02,2025-05-02,30,24.5,24.7444
2025-04-02,2025-05-09,37,24.5,26.5849
2025-04-02,2025-05-16,44,24.0,28.6299
2025-04-02,2025-06-20,79,24.0,34.5603
2025-04-02,2025-08-15,135,24.0,43.3538
2025-04-02,2025-11-21,233,24.0,55.6237
2025-04-02,2026-01-16,289,25.0,62.9857
2025-04-02,2027-01-15,653,25.0,88.1391
2025-04-03,2025-04-04,1,22.0,5.9715
2025-04-03,2025-04-11,8,22.0,14.0101
2025-04-03,2025-04-17,14,22.0,16.5365
2025-04-03,2025-04-25,22,22.0,20.5558
2025-04-03,2025-05-02,29,22.0,21.5893
2025-04-03,2025-05-09,36,22.0,25.7235
2025-04-03,2025-05-16,43,22.5,28.9389
2025-04-03,2025-05-23,50,22.0,29.5131
2025-04-03,2025-06-20,78,22.0,36.7478
2025-04-03,2025-08-15,134,22.0,45.4754
2025-04-03,2025-11-21,232,22.0,59.4855
2025-04-03,2026-01-16,288,23.0,68.9022
2025-04-03,2027-01-15,652,23.0,90.9508
2025-04-04,2025-04-11,7,20.5,15.8945
2025-04-04,2025-04-17,13,20.5,22.0552
2025-04-04,2025-04-25,21,20.5,27.3534
2025-04-04,2025-05-02,28,20.0,27.723
2025-04-04,2025-05-09,35,20.5,26.9837
2025-04-04,2025-05-16,42,20.0,33.514
2025-04-04,2025-05-23,49,20.5,35.7319
2025-04-04,2025-06-20,77,20.0,40.9068
2025-04-04,2025-08-15,133,20.0,49.5318
2025-04-04,2025-11-21,231,20.0,61.6067
2025-04-04,2026-01-16,287,20.0,66.2888
2025-04-04,2027-01-15,651,20.0,87.9744
2025-04-07,2025-04-11,4,21.0,15.677
2025-04-07,2025-04-17,10,21.0,18.4086
2025-04-07,2025-04-25,18,21.0,21.8527
2025-04-07,2025-05-02,25,21.0,28.5036
2025-04-07,2025-05-09,32,21.0,26.3658
2025-04-07,2025-05-16,39,21.0,33.0166
2025-04-07,2025-05-23,46,21.0,32.0665
2025-04-07,2025-06-20,74,21.0,41.3302
2025-04-07,2025-08-15,130,21.0,49.6437
2025-04-07,2025-11-21,228,21.0,58.9074
2025-04-07,2026-01-16,284,20.0,62.9454
2025-04-07,2027-01-15,648,20.0,87.6485
2025-04-08,2025-04-11,3,20.0,12.5872
2025-04-08,2025-04-17,9,20.0,15.2044
2025-04-08,2025-04-25,17,20.0,22.3081
2025-04-08,2025-05-02,24,20.0,20.0648
2025-04-08,2025-05-09,31,20.0,26.9192
2025-04-08,2025-05-16,38,20.0,27.667
2025-04-08,2025-05-23,45,20.0,32.4028
2025-04-08,2025-06-20,73,20.0,37.8863
2025-04-08,2025-08-15,129,20.0,47.3579
2025-04-08,2025-11-21,227,20.0,60.0698
2025-04-08,2026-01-16,283,20.0,65.5533
2025-04-08,2027-01-15,647,20.0,90.9771
2025-04-09,2025-04-11,2,23.5,8.0989
2025-04-09,2025-04-17,8,23.5,12.7877
2025-04-09,2025-04-25,16,23.5,16.0912
2025-04-09,2025-05-02,23,23.5,20.9932
2025-04-09,2025-05-09,30,23.5,23.231
2025-04-09,2025-05-16,37,24.0,27.387
2025-04-09,2025-05-23,44,23.5,27.2805
2025-04-09,2025-06-20,72,23.0,32.3956
2025-04-09,2025-08-15,128,23.0,42.1995
2025-04-09,2025-11-21,226,23.0,54.1347
2025-04-09,2026-01-16,282,23.0,57.3316
2025-04-09,2027-01-15,646,23.0,81.8414
2025-04-10,2025-04-11,1,21.0,6.7728
2025-04-10,2025-04-17,7,21.0,14.3774
2025-04-10,2025-04-25,15,21.0,19.1302
2025-04-10,2025-05-02,22,21.0,21.3878
2025-04-10,2025-05-09,29,21.0,26.2595
2025-04-10,2025-05-16,36,21.0,29.3489
2025-04-10,2025-05-23,43,21.0,30.0618
2025-04-10,2025-05-30,50,21.0,30.7747
2025-04-10,2025-06-20,71,21.0,35.6464
2025-04-10,2025-08-15,127,21.0,45.865
2025-04-10,2025-11-21,225,21.0,57.2719
2025-04-10,2026-01-16,281,20.0,60.3612
2025-04-10,2027-01-15,645,20.0,84.1255
2025-04-11,2025-04-17,6,21.5,9.4142
2025-04-11,2025-04-25,14,21.5,14.5281
2025-04-11,2025-05-02,21,21.5,21.3854
2025-04-11,2025-05-09,28,21.5,24.7559
2025-04-11,2025-05-16,35,21.0,28.7076
2025-04-11,2025-05-23,42,21.5,28.8238
2025-04-11,2025-05-30,49,21.5,29.8698
2025-04-11,2025-06-20,70,22.0,34.8675
2025-04-11,2025-08-15,126,22.0,46.2576
2025-04-11,2025-11-21,224,22.0,56.9503
2025-04-11,2026-01-16,280,23.0,62.7615
2025-04-11,2027-01-15,644,23.0,85.3092
2025-04-14,2025-04-17,3,20.5,6.2711
2025-04-14,2025-04-25,11,20.5,13.507
2025-04-14,2025-05-02,18,20.5,17.2455
2025-04-14,2025-05-09,25,20.5,22.4313
2025-04-14,2025-05-16,32,21.0,24.3608
2025-04-14,2025-05-23,39,20.5,23.7578
2025-04-14,2025-05-30,46,20.5,24.4814
2025-04-14,2025-06-20,67,21.0,32.3203
2025-04-14,2025-08-15,123,21.0,42.4506
2025-04-14,2025-11-21,221,21.0,52.822
2025-04-14,2026-01-16,277,20.0,58.1283
2025-04-14,2027-01-15,641,20.0,83.2127
2025-04-15,2025-04-17,2,21.5,6.7979
2025-04-15,2025-04-25,10,21.5,12.4941
2025-04-15,2025-05-02,17,21.5,16.526
2025-04-15,2025-05-09,24,21.5,14.6507
2025-04-15,2025-05-16,31,21.0,20.511
2025-04-15,2025-05-23,38,21.5,24.8476
2025-04-15,2025-05-30,45,21.5,27.0745
2025-04-15,2025-06-20,66,21.0,30.5907
2025-04-15,2025-08-15,122,21.0,37.2714
2025-04-15,2025-11-21,220,21.0,52.2738
2025-04-15,2026-01-16,276,20.0,56.4932
2025-04-15,2027-01-15,640,20.0,78.7623
2025-04-16,2025-04-17,1,21.0,4.7438
2025-04-16,2025-04-25,9,21.0,12.4526
2025-04-16,2025-05-02,16,21.0,18.0266
2025-04-16,2025-05-09,23,21.0,20.0427
2025-04-16,2025-05-16,30,21.0,23.1262
2025-04-16,2025-05-23,37,21.0,24.7865
2025-04-16,2025-05-30,44,21.0,26.5655
2025-04-16,2025-06-20,65,21.0,30.8349
2025-04-16,2025-08-15,121,21.0,41.2713
2025-04-16,2025-11-21,219,21.0,53.3681
2025-04-16,2026-01-16,275,20.0,57.1632
2025-04-16,2027-01-15,639,20.0,81.8311
2025-04-17,2025-04-25,8,21.5,9.5216
2025-04-17,2025-05-02,15,21.5,14.3985
2025-04-17,2025-05-09,22,21.5,18.6948
2025-04-17,2025-05-16,29,21.0,22.2945
2025-04-17,2025-05-23,36,21.5,21.0172
2025-04-17,2025-05-30,43,21.5,26.0102
2025-04-17,2025-06-20,64,22.0,30.4227
2025-04-17,2025-08-15,120,22.0,41.1054
2025-04-17,2025-11-21,218,22.0,53.4138
2025-04-17,2026-01-16,274,23.0,59.4519
2025-04-17,2027-01-15,638,23.0,85.6944
2025-04-21,2025-04-25,4,20.5,7.8427
2025-04-21,2025-05-02,11,20.5,11.1004
2025-04-21,2025-05-09,18,20.5,14.4788
2025-04-21,2025-05-16,25,20.5,18.4604
2025-04-21,2025-05-23,32,20.5,25.9411
2025-04-21,2025-05-30,39,20.5,24.1313
2025-04-21,2025-06-20,60,21.0,29.1988
2025-04-21,2025-08-15,116,21.0,36.1969
2025-04-21,2025-11-21,214,21.0,53.0888
2025-04-21,2026-01-16,270,20.0,55.2606
2025-04-21,2027-01-15,634,20.0,85.4247
2025-04-22,2025-04-25,3,22.0,5.7182
2025-04-22,2025-05-02,10,22.0,12.4657
2025-04-22,2025-05-09,17,22.0,16.6972
2025-04-22,2025-05-16,24,22.0,19.5563
2025-04-22,2025-05-23,31,22.0,22.9872
2025-04-22,2025-05-30,38,22.0,20.6999
2025-04-22,2025-06-20,59,22.0,28.2479
2025-04-22,2025-08-15,115,22.0,39.57
2025-04-22,2025-11-21,213,22.0,52.8362
2025-04-22,2026-01-16,269,23.0,58.3257
2025-04-22,2027-01-15,633,23.0,86.0018
2025-04-23,2025-04-25,2,23.0,7.0775
2025-04-23,2025-05-02,9,23.0,11.324
2025-04-23,2025-05-09,16,23.0,15.5706
2025-04-23,2025-05-16,23,23.0,16.7683
2025-04-23,2025-05-23,30,23.0,18.946
2025-04-23,2025-05-30,37,23.0,20.1437
2025-04-23,2025-06-20,58,23.0,30.9233
2025-04-23,2025-08-15,114,23.0,34.081
2025-04-23,2025-11-21,212,23.0,50.3049
2025-04-23,2026-01-16,268,23.0,55.5314
2025-04-23,2027-01-15,632,23.0,81.0105
2025-04-24,2025-04-25,1,24.5,5.0082
2025-04-24,2025-05-02,8,24.5,10.0164
2025-04-24,2025-05-09,15,24.5,13.1848
2025-04-24,2025-05-16,22,24.5,17.8863
2025-04-24,2025-05-23,29,24.5,20.4415
2025-04-24,2025-05-30,36,24.5,18.4996
2025-04-24,2025-06-06,43,24.5,24.3254
2025-04-24,2025-06-20,57,24.0,27.4939
2025-04-24,2025-08-15,113,24.0,39.6566
2025-04-24,2025-11-21,211,24.0,50.2862
2025-04-24,2026-01-16,267,25.0,56.4186
2025-04-24,2027-01-15,631,25.0,82.175
2025-04-25,2025-05-02,7,24.5,9.0891
2025-04-25,2025-05-09,14,24.5,12.4592
2025-04-25,2025-05-16,21,24.5,17.5654
2025-04-25,2025-05-23,28,24.5,19.4036
2025-04-25,2025-05-30,35,24.5,20.9355
2025-04-25,2025-06-06,42,24.5,22.2631
2025-04-25,2025-06-20,56,24.0,25.531
2025-04-25,2025-08-15,112,24.0,36.3562
2025-04-25,2025-11-21,210,24.0,50.4493
2025-04-25,2026-01-16,266,25.0,54.5343
2025-04-25,2027-01-15,630,25.0,81.0866
2025-04-28,2025-05-02,4,24.0,8.1916
2025-04-28,2025-05-09,11,24.0,13.3762
2025-04-28,2025-05-16,18,24.0,19.2866
2025-04-28,2025-05-23,25,24.0,21.0494
2025-04-28,2025-05-30,32,24.0,24.7822
2025-04-28,2025-06-06,39,24.0,24.9896
2025-04-28,2025-06-20,53,24.0,25.8192
2025-04-28,2025-08-15,109,24.0,36.0846
2025-04-28,2025-11-21,207,24.0,48.5276
2025-04-28,2026-01-16,263,25.0,58.0672
2025-04-28,2027-01-15,627,25.0,82.5384
2025-04-29,2025-05-02,3,24.0,6.8106
2025-04-29,2025-05-09,10,24.0,11.1065
2025-04-29,2025-05-16,17,24.0,16.7645
2025-04-29,2025-05-23,24,24.0,18.86
2025-04-29,2025-05-30,31,24.0,21.689
2025-04-29,2025-06-06,38,24.0,23.2607
2025-04-29,2025-06-20,52,24.0,25.0419
2025-04-29,2025-08-15,108,24.0,35.6245
2025-04-29,2025-11-21,206,24.0,50.2934
2025-04-29,2026-01-16,262,23.0,53.2272
2025-04-29,2027-01-15,626,23.0,78.793
2025-04-30,2025-05-02,2,22.5,4.5095
2025-04-30,2025-05-09,9,22.5,10.5587
2025-04-30,2025-05-16,16,22.5,13.3084
2025-04-30,2025-05-23,23,22.5,17.8179
2025-04-30,2025-05-30,30,22.5,20.5675
2025-04-30,2025-06-06,37,22.5,22.2173
2025-04-30,2025-06-20,51,23.0,24.747
2025-04-30,2025-08-15,107,23.0,36.5156
2025-04-30,2025-11-21,205,23.0,48.6142
2025-04-30,2026-01-16,261,23.0,54.5535
2025-04-30,2027-01-15,625,23.0,77.4307
2025-05-01,2025-05-02,1,24.0,4.9112
2025-05-01,2025-05-09,8,24.0,9.1954
2025-05-01,2025-05-16,15,24.0,13.2706
2025-05-01,2025-05-23,22,24.0,18.1818
2025-05-01,2025-05-30,29,24.0,20.7941
2025-05-01,2025-06-06,36,24.0,23.4065
2025-05-01,2025-06-13,43,24.0,23.9289
2025-05-01,2025-06-20,50,24.0,24.5559
2025-05-01,2025-08-15,106,24.0,35.1097
2025-05-01,2025-11-21,204,24.0,48.0669
2025-05-01,2026-01-16,260,23.0,52.4556
2025-05-01,2027-01-15,624,23.0,78.5789
2025-05-02,2025-05-09,7,25.5,8.6614
2025-05-02,2025-05-16,14,25.5,12.6969
2025-05-02,2025-05-23,21,25.5,18.6024
2025-05-02,2025-05-30,28,25.5,19.685
2025-05-02,2025-06-06,35,25.5,22.2441
2025-05-02,2025-06-13,42,25.5,24.311
2025-05-02,2025-06-20,49,25.0,24.1142
2025-05-02,2025-08-15,105,25.0,35.0394
2025-05-02,2025-11-21,203,25.0,47.2441
2025-05-02,2026-01-16,259,25.0,52.5591
2025-05-02,2027-01-15,623,25.0,78.7402
2025-05-05,2025-05-09,4,24.0,7.6681
2025-05-05,2025-05-16,11,24.0,11.8697
2025-05-05,2025-05-23,18,24.0,17.1218
2025-05-05,2025-05-30,25,24.0,18.8025
2025-05-05,2025-06-06,32,24.0,18.8025
2025-05-05,2025-06-13,39,24.0,22.584
2025-05-05,2025-06-20,46,24.0,24.0546
2025-05-05,2025-08-15,102,24.0,35.2941
2025-05-05,2025-11-21,200,24.0,48.1092
2025-05-05,2026-01-16,256,23.0,52.3109
2025-05-05,2027-01-15,620,23.0,77.7311
2025-05-06,2025-05-09,3,25.0,6.6893
2025-05-06,2025-05-16,10,25.0,12.6797
2025-05-06,2025-05-23,17,25.0,17.3722
2025-05-06,2025-05-30,24,25.0,18.1709
2025-05-06,2025-06-06,31,25.0,21.1661
2025-05-06,2025-06-13,38,25.0,21.1661
2025-05-06,2025-06-20,45,25.0,24.6605
2025-05-06,2025-08-15,101,25.0,35.7428
2025-05-06,2025-11-21,199,25.0,47.7236
2025-05-06,2026-01-16,255,25.0,52.3163
2025-05-06,2027-01-15,619,25.0,78.8738
2025-05-07,2025-05-09,2,27.5,5.3734
2025-05-07,2025-05-16,9,27.5,10.929
2025-05-07,2025-05-23,16,27.5,18.5792
2025-05-07,2025-05-30,23,27.5,20.9472
2025-05-07,2025-06-06,30,27.5,21.7668
2025-05-07,2025-06-13,37,27.5,23.3151
2025-05-07,2025-06-20,44,27.0,24.7723
2025-05-07,2025-08-15,100,27.0,35.5191
2025-05-07,2025-11-21,198,27.0,48.0874
2025-05-07,2026-01-16,254,27.0,53.1876
2025-05-07,2027-01-15,618,27.0,78.8707
2025-05-08,2025-05-09,1,28.0,4.0751
2025-05-08,2025-05-16,8,28.0,10.1878
2025-05-08,2025-05-23,15,28.0,16.9206
2025-05-08,2025-05-30,22,28.0,17.5408
2025-05-08,2025-06-06,29,28.0,20.9072
2025-05-08,2025-06-13,36,28.0,20.6414
2025-05-08,2025-06-20,43,28.0,24.2736
2025-05-08,2025-06-27,50,28.0,22.679
2025-05-08,2025-08-15,99,28.0,35.0815
2025-05-08,2025-11-21,197,28.0,47.4841
2025-05-08,2026-01-16,253,28.0,52.7994
2025-05-08,2027-01-15,617,27.0,77.6045
2025-05-09,2025-05-16,7,28.5,9.197
2025-05-09,2025-05-23,14,28.5,16.4485
2025-05-09,2025-05-30,21,28.0,18.2172
2025-05-09,2025-06-06,28,28.0,19.4553
2025-05-09,2025-06-13,35,28.0,22.1967
2025-05-09,2025-06-20,42,28.0,23.5232
2025-05-09,2025-06-27,49,28.5,23.3463
2025-05-09,2025-08-15,98,28.0,35.0195
2025-05-09,2025-11-21,196,28.0,47.2232
2025-05-09,2026-01-16,252,28.0,52.706
2025-05-09,2027-01-15,616,27.0,75.5218
2025-05-12,2025-05-16,4,33.0,8.5483
2025-05-12,2025-05-23,11,33.0,17.0216
2025-05-12,2025-05-30,18,33.0,18.6713
2025-05-12,2025-06-06,25,33.0,20.021
2025-05-12,2025-06-13,32,33.0,21.3707
2025-05-12,2025-06-20,39,33.0,23.2454
2025-05-12,2025-06-27,46,33.0,27.1446
2025-05-12,2025-08-15,95,33.0,33.7433
2025-05-12,2025-11-21,193,33.0,46.0408
2025-05-12,2026-01-16,249,33.0,50.8398
2025-05-12,2027-01-15,613,32.0,76.1848
2025-05-13,2025-05-16,3,35.0,7.797
2025-05-13,2025-05-23,10,35.0,16.7281
2025-05-13,2025-05-30,17,35.0,18.7128
2025-05-13,2025-06-06,24,35.0,22.3986
2025-05-13,2025-06-13,31,35.0,20.8392
2025-05-13,2025-06-20,38,35.0,23.2492
2025-05-13,2025-06-27,45,35.0,24.9504
2025-05-13,2025-08-15,94,35.0,34.0232
2025-05-13,2025-11-21,192,35.0,46.2149
2025-05-13,2026-01-16,248,35.0,51.7437
2025-05-13,2027-01-15,612,35.0,76.4105
2025-05-14,2025-05-16,2,36.0,7.4751
2025-05-14,2025-05-23,9,36.0,17.4419
2025-05-14,2025-05-30,16,36.0,19.2414
2025-05-14,2025-06-06,23,36.0,21.2486
2025-05-14,2025-06-13,30,36.0,21.4563
2025-05-14,2025-06-20,37,36.0,24.2248
2025-05-14,2025-06-27,44,36.0,25.4707
2025-05-14,2025-08-15,93,36.0,34.6069
2025-05-14,2025-11-21,191,36.0,46.5116
2025-05-14,2026-01-16,247,36.0,50.8029
2025-05-14,2027-01-15,611,37.0,77.5194
2025-05-15,2025-05-16,1,36.0,4.8198
2025-05-15,2025-05-23,8,36.0,17.0439
2025-05-15,2025-05-30,15,36.0,18.9997
2025-05-15,2025-06-06,22,36.0,21.3747
2025-05-15,2025-06-13,29,36.0,24.1688
2025-05-15,2025-06-20,36,36.0,23.7497
2025-05-15,2025-06-27,43,36.0,22.4225
2025-05-15,2025-07-18,64,36.0,29.1981
2025-05-15,2025-08-15,92,36.0,33.948
2025-05-15,2025-11-21,190,36.0,46.3817
2025-05-15,2026-01-16,246,36.0,50.9919
2025-05-15,2027-01-15,610,35.0,76.418
2025-05-16,2025-05-23,7,37.5,16.1442
2025-05-16,2025-05-30,14,37.0,17.9528
2025-05-16,2025-06-06,21,37.0,19.8285
2025-05-16,2025-06-13,28,37.0,22.2401
2025-05-16,2025-06-20,35,37.0,23.0439
2025-05-16,2025-06-27,42,37.0,23.0439
2025-05-16,2025-07-18,63,37.0,28.9389
2025-05-16,2025-08-15,91,37.0,34.164
2025-05-16,2025-11-21,189,37.0,46.2219
2025-05-16,2026-01-16,245,37.0,50.5091
2025-05-16,2027-01-15,609,37.0,77.7063
2025-05-19,2025-05-23,4,37.5,15.5085
2025-05-19,2025-05-30,11,37.5,16.9728
2025-05-19,2025-06-06,18,37.5,17.6384
2025-05-19,2025-06-13,25,38.0,21.4324
2025-05-19,2025-06-20,32,37.5,22.7636
2025-05-19,2025-06-27,39,38.0,24.4941
2025-05-19,2025-07-18,60,38.0,28.3546
2025-05-19,2025-08-15,88,38.0,34.4782
2025-05-19,2025-11-21,186,38.0,47.1246
2025-05-19,2026-01-16,242,38.0,49.1214
2025-05-19,2027-01-15,606,37.0,77.8754
2025-05-20,2025-05-23,3,39.0,8.1758
2025-05-20,2025-05-30,10,39.0,12.583
2025-05-20,2025-06-06,17,39.0,16.7987
2025-05-20,2025-06-13,24,39.0,18.3955
2025-05-20,2025-06-20,31,39.0,20.184
2025-05-20,2025-06-27,38,39.0,22.4834
2025-05-20,2025-07-18,59,39.0,27.0823
2025-05-20,2025-08-15,87,39.0,32.8309
2025-05-20,2025-11-21,185,39.0,45.861
2025-05-20,2026-01-16,241,39.0,50.0766
2025-05-20,2027-01-15,605,40.0,76.9034
2025-05-21,2025-05-23,2,39.0,5.7811
2025-05-21,2025-05-30,9,39.0,12.0761
2025-05-21,2025-06-06,16,39.0,16.3155
2025-05-21,2025-06-13,23,39.0,18.7564
2025-05-21,2025-06-20,30,39.0,20.4265
2025-05-21,2025-06-27,37,39.0,23.3813
2025-05-21,2025-07-18,58,39.0,27.7492
2025-05-21,2025-08-15,86,39.0,33.7873
2025-05-21,2025-11-21,184,39.0,46.6341
2025-05-21,2026-01-16,240,39.0,51.5159
2025-05-21,2027-01-15,604,40.0,78.3659
2025-05-22,2025-05-23,1,38.0,4.1005
2025-05-22,2025-05-30,8,38.0,10.6481
2025-05-22,2025-06-06,15,38.0,14.4841
2025-05-22,2025-06-13,22,38.0,17.328
2025-05-22,2025-06-20,29,38.0,19.3122
2025-05-22,2025-06-27,36,38.0,21.6931
2025-05-22,2025-07-03,42,38.0,18.6508
2025-05-22,2025-07-18,57,38.0,26.5873
2025-05-22,2025-08-15,85,38.0,32.8042
2025-05-22,2025-11-21,183,38.0,46.0317
2025-05-22,2026-01-16,239,38.0,51.1905
2025-05-22,2027-01-15,603,37.0,75.9259
2025-05-23,2025-05-30,7,38.5,9.8471
2025-05-23,2025-06-06,14,38.5,13.6693
2025-05-23,2025-06-13,21,39.0,17.0381
2025-05-23,2025-06-20,28,38.5,18.9168
2025-05-23,2025-06-27,35,39.0,21.249
2025-05-23,2025-07-03,41,38.5,22.2208
2025-05-23,2025-07-18,56,39.0,26.4317
2025-05-23,2025-08-15,84,39.0,33.1692
2025-05-23,2025-11-21,182,39.0,46.2555
2025-05-23,2026-01-16,238,39.0,51.0495
2025-05-23,2027-01-15,602,40.0,78.3882
2025-05-27,2025-05-30,3,40.0,7.5339
2025-05-27,2025-06-06,10,40.0,12.0542
2025-05-27,2025-06-13,17,40.0,15.3189
2025-05-27,2025-06-20,24,40.0,17.328
2025-05-27,2025-06-27,31,40.0,19.8393
2025-05-27,2025-07-03,37,40.0,22.0994
2025-05-27,2025-07-18,52,40.0,25.113
2025-05-27,2025-08-15,80,40.0,31.6424
2025-05-27,2025-11-21,178,40.0,44.9523
2025-05-27,2026-01-16,234,40.0,49.7238
2025-05-27,2027-01-15,598,40.0,75.4646
2025-05-28,2025-05-30,2,39.5,6.6919
2025-05-28,2025-06-06,9,39.5,11.2374
2025-05-28,2025-06-13,16,39.5,14.7727
2025-05-28,2025-06-20,23,39.5,16.9192
2025-05-28,2025-06-27,30,40.0,17.7399
2025-05-28,2025-07-03,36,39.5,19.5707
2025-05-28,2025-07-18,51,40.0,24.8737
2025-05-28,2025-08-15,79,40.0,31.3131
2025-05-28,2025-11-21,177,40.0,44.9495
2025-05-28,2026-01-16,233,40.0,50.0
2025-05-28,2027-01-15,597,40.0,76.7677
2025-05-29,2025-05-30,1,38.0,3.1546
2025-05-29,2025-06-06,8,38.0,9.6609
2025-05-29,2025-06-13,15,38.0,13.2098
2025-05-29,2025-06-20,22,38.0,15.7071
2025-05-29,2025-06-27,29,38.0,18.5331
2025-05-29,2025-07-03,35,38.0,19.979
2025-05-29,2025-07-11,43,38.0,21.9506
2025-05-29,2025-07-18,50,38.0,23.5279
2025-05-29,2025-08-15,78,38.0,30.2313
2025-05-29,2025-11-21,176,38.0,44.2955
2025-05-29,2026-01-16,232,38.0,49.1588
2025-05-29,2027-01-15,596,37.0,75.0526
2025-05-30,2025-06-06,7,36.5,8.5034
2025-05-30,2025-06-13,14,36.5,11.7007
2025-05-30,2025-06-20,21,36.5,14.2857
2025-05-30,2025-06-27,28,37.0,19.0476
2025-05-30,2025-07-03,34,36.5,19.2517
2025-05-30,2025-07-11,42,36.5,20.8844
2025-05-30,2025-07-18,49,37.0,22.7211
2025-05-30,2025-08-15,77,37.0,29.3878
2025-05-30,2025-11-21,175,37.0,43.5374
2025-05-30,2026-01-16,231,37.0,48.8435
2025-05-30,2027-01-15,595,37.0,75.7823
2025-06-02,2025-06-06,4,36.0,6.8018
2025-06-02,2025-06-13,11,36.0,10.4803
2025-06-02,2025-06-20,18,36.0,12.9789
2025-06-02,2025-06-27,25,36.0,15.5469
2025-06-02,2025-07-03,31,36.0,17.5597
2025-06-02,2025-07-11,39,36.0,20.4053
2025-06-02,2025-07-18,46,36.0,21.377
2025-06-02,2025-08-15,74,36.0,27.9012
2025-06-02,2025-11-21,172,36.0,42.754
2025-06-02,2026-01-16,228,36.0,47.8901
2025-06-02,2027-01-15,592,37.0,75.3748
2025-06-03,2025-06-06,3,37.5,6.1712
2025-06-03,2025-06-13,10,37.5,10.4642
2025-06-03,2025-06-20,17,37.5,12.9461
2025-06-03,2025-06-27,24,37.0,15.428
2025-06-03,2025-07-03,30,37.5,16.9037
2025-06-03,2025-07-11,38,37.5,17.5074
2025-06-03,2025-07-18,45,37.0,21.465
2025-06-03,2025-08-15,73,37.0,28.1728
2025-06-03,2025-11-21,171,37.0,42.3933
2025-06-03,2026-01-16,227,37.0,47.0888
2025-06-03,2027-01-15,591,37.0,73.6517
2025-06-04,2025-06-06,2,39.5,5.5852
2025-06-04,2025-06-13,9,39.5,10.9165
2025-06-04,2025-06-20,16,39.5,13.7725
2025-06-04,2025-06-27,23,39.0,16.7555
2025-06-04,2025-07-03,29,39.5,19.802
2025-06-04,2025-07-11,37,39.5,21.9599
2025-06-04,2025-07-18,44,39.0,22.4676
2025-06-04,2025-08-15,72,39.0,29.4491
2025-06-04,2025-11-21,170,39.0,43.412
2025-06-04,2026-01-16,226,39.0,48.7433
2025-06-04,2027-01-15,590,40.0,75.7807
2025-06-05,2025-06-06,1,46.0,6.3175
2025-06-05,2025-06-13,8,46.0,14.4708
2025-06-05,2025-06-20,15,46.0,19.1145
2025-06-05,2025-06-27,22,46.0,21.1663
2025-06-05,2025-07-03,28,46.0,22.8942
2025-06-05,2025-07-11,36,46.0,25.594
2025-06-05,2025-07-18,43,46.0,27.3218
2025-06-05,2025-07-25,50,44.5,30.5616
2025-06-05,2025-08-15,71,46.0,34.6652
2025-06-05,2025-11-21,169,46.0,48.1641
2025-06-05,2026-01-16,225,46.0,53.6717
2025-06-05,2027-01-15,589,47.0,80.9935
2025-06-06,2025-06-13,7,48.5,10.8741
2025-06-06,2025-06-20,14,48.5,14.4988
2025-06-06,2025-06-27,21,48.5,16.4664
2025-06-06,2025-07-03,27,48.5,20.2983
2025-06-06,2025-07-11,35,48.5,22.2659
2025-06-06,2025-07-18,42,48.0,24.3372
2025-06-06,2025-07-25,49,48.5,25.2693
2025-06-06,2025-08-15,70,48.0,31.6901
2025-06-06,2025-09-19,105,48.0,38.9395
2025-06-06,2025-11-21,168,48.0,46.4996
2025-06-06,2026-01-16,224,48.0,52.2991
2025-06-06,2026-03-20,287,47.0,57.995
2025-06-06,2026-06-18,377,47.0,66.5907
2025-06-06,2026-09-18,469,47.0,71.976
2025-06-06,2026-12-18,560,47.0,75.4971
2025-06-06,2027-01-15,588,47.0,77.6719
2025-06-09,2025-06-13,4,52.5,10.1274
2025-06-09,2025-06-20,11,52.5,14.264
2025-06-09,2025-06-27,18,52.5,17.4971
2025-06-09,2025-07-03,24,52.5,19.9696
2025-06-09,2025-07-11,32,52.5,22.2518
2025-06-09,2025-07-18,39,55.0,25.485
2025-06-09,2025-07-25,46,52.5,25.0095
2025-06-09,2025-08-15,67,55.0,32.617
2025-06-09,2025-09-19,102,55.0,38.7029
2025-06-09,2025-11-21,165,55.0,47.927
2025-06-09,2026-01-16,221,55.0,53.3473
2025-06-09,2026-03-20,284,55.0,59.2431
2025-06-09,2026-06-18,374,55.0,66.7554
2025-06-09,2026-09-18,466,55.0,72.9365
2025-06-09,2026-12-18,557,55.0,78.3568
2025-06-09,2027-01-15,585,55.0,80.3537
2025-06-10,2025-06-13,3,52.5,8.2365
2025-06-10,2025-06-20,10,52.5,12.6643
2025-06-10,2025-06-27,17,52.5,17.0444
2025-06-10,2025-07-03,23,52.5,18.187
2025-06-10,2025-07-11,31,52.5,20.758
2025-06-10,2025-07-18,38,55.0,24.3763
2025-06-10,2025-07-25,45,52.5,25.1381
2025-06-10,2025-08-15,66,55.0,31.8987
2025-06-10,2025-09-19,101,55.0,37.7071
2025-06-10,2025-11-21,164,55.0,46.8482
2025-06-10,2026-01-16,220,55.0,53.1327
2025-06-10,2026-03-20,283,55.0,59.322
2025-06-10,2026-06-18,373,55.0,66.8444
2025-06-10,2026-09-18,465,55.0,73.4146
2025-06-10,2026-12-18,556,55.0,79.5087
2025-06-10,2027-01-15,584,55.0,80.3656
2025-06-11,2025-06-13,2,50.5,6.3773
2025-06-11,2025-06-20,9,50.5,11.1726
2025-06-11,2025-06-27,16,50.5,14.7321
2025-06-11,2025-07-03,22,50.5,17.896
2025-06-11,2025-07-11,30,50.5,18.687
2025-06-11,2025-07-18,37,50.0,21.5543
2025-06-11,2025-07-25,44,50.5,24.125
2025-06-11,2025-08-15,65,50.0,29.4641
2025-06-11,2025-09-19,100,50.0,35.8908
2025-06-11,2025-11-21,163,50.0,45.086
2025-06-11,2026-01-16,219,50.0,51.0184
2025-06-11,2026-03-20,282,50.0,56.753
2025-06-11,2026-06-18,372,50.0,64.6628
2025-06-11,2026-09-18,464,50.0,70.9907
2025-06-11,2026-12-18,555,50.0,74.5501
2025-06-11,2027-01-15,583,50.0,76.6265
2025-06-12,2025-06-13,1,50.5,4.2263
2025-06-12,2025-06-20,8,50.5,10.3421
2025-06-12,2025-06-27,15,50.5,14.4193
2025-06-12,2025-07-03,21,50.5,16.7064
2025-06-12,2025-07-11,29,50.5,21.6786
2025-06-12,2025-07-18,36,50.0,22.1758
2025-06-12,2025-07-25,43,50.5,25.6563
2025-06-12,2025-08-01,50,50.5,25.2586
2025-06-12,2025-08-15,64,50.0,30.0318
2025-06-12,2025-09-19,99,50.0,36.1973
2025-06-12,2025-11-21,162,50.0,45.5449
2025-06-12,2026-01-16,218,50.0,51.611
2025-06-12,2026-03-20,281,50.0,57.677
2025-06-12,2026-06-18,371,50.0,65.0358
2025-06-12,2026-09-18,463,50.0,71.599
2025-06-12,2026-12-18,554,50.0,76.969
2025-06-12,2027-01-15,582,50.0,78.1623
2025-06-13,2025-06-20,7,47.0,9.2828
2025-06-13,2025-06-27,14,47.0,13.3142
2025-06-13,2025-07-03,20,47.0,15.7013
2025-06-13,2025-07-11,28,47.0,18.99
2025-06-13,2025-07-18,35,47.0,21.6423
2025-06-13,2025-07-25,42,47.0,24.4006
2025-06-13,2025-08-01,49,47.0,28.7503
2025-06-13,2025-08-15,63,47.0,29.4929
2025-06-13,2025-09-19,98,47.0,36.1765
2025-06-13,2025-11-21,161,47.0,45.9368
2025-06-13,2026-01-16,217,47.0,51.8778
2025-06-13,2026-03-20,280,47.0,56.9701
2025-06-13,2026-06-18,370,47.0,65.139
2025-06-13,2026-09-18,462,47.0,73.0957
2025-06-13,2026-12-18,553,47.0,78.188
2025-06-13,2027-01-15,581,47.0,79.8854
2025-06-16,2025-06-20,4,50.5,7.1344
2025-06-16,2025-06-27,11,50.5,11.9897
2025-06-16,2025-07-03,17,50.5,14.6651
2025-06-16,2025-07-11,25,50.5,18.2323
2025-06-16,2025-07-18,32,50.0,20.6104
2025-06-16,2025-07-25,39,50.5,23.0876
2025-06-16,2025-08-01,46,50.5,24.4748
2025-06-16,2025-08-15,60,50.0,28.8347
2025-06-16,2025-09-19,95,50.0,35.4736
2025-06-16,2025-11-21,158,50.0,45.5807
2025-06-16,2026-01-16,214,50.0,51.3278
2025-06-16,2026-03-20,277,50.0,57.9667
2025-06-16,2026-06-18,367,50.0,65.5965
2025-06-16,2026-09-18,459,50.0,72.4336
2025-06-16,2026-12-18,550,50.0,78.2798
2025-06-16,2027-01-15,578,50.0,79.2707
2025-06-17,2025-06-20,3,48.5,6.1039
2025-06-17,2025-06-27,10,48.5,10.9663
2025-06-17,2025-07-03,16,48.5,13.9665
2025-06-17,2025-07-11,24,48.5,16.4494
2025-06-17,2025-07-18,31,48.0,20.2773
2025-06-17,2025-07-25,38,48.5,23.174
2025-06-17,2025-08-01,45,48.5,26.4846
2025-06-17,2025-08-15,59,48.0,29.4848
2025-06-17,2025-09-19,94,48.0,35.899
2025-06-17,2025-11-21,157,48.0,45.6238
2025-06-17,2026-01-16,213,48.0,51.6242
2025-06-17,2026-03-20,276,47.0,57.8316
2025-06-17,2026-06-18,366,47.0,65.5907
2025-06-17,2026-09-18,458,47.0,72.3153
2025-06-17,2026-12-18,549,47.0,78.7296
2025-06-17,2027-01-15,577,47.0,79.971
2025-06-18,2025-06-20,2,48.5,4.346
2025-06-18,2025-06-27,9,48.5,10.3994
2025-06-18,2025-07-03,15,48.5,13.245
2025-06-18,2025-07-11,23,48.5,16.6598
2025-06-18,2025-07-18,30,48.0,19.4536
2025-06-18,2025-07-25,37,48.5,22.351
2025-06-18,2025-08-01,44,48.5,23.5927
2025-06-18,2025-08-15,58,48.0,28.2492
2025-06-18,2025-09-19,93,48.0,35.1821
2025-06-18,2025-11-21,156,48.0,45.5298
2025-06-18,2026-01-16,212,48.0,51.428
2025-06-18,2026-02-20,247,48.0,55.3601
2025-06-18,2026-03-20,275,47.0,57.4296
2025-06-18,2026-06-18,365,47.0,64.88
2025-06-18,2026-09-18,457,47.0,70.6747
2025-06-18,2026-12-18,548,47.0,75.6416
2025-06-18,2027-01-15,576,47.0,78.7459
2025-06-20,2025-06-27,7,48.0,8.5991
2025-06-20,2025-07-03,13,48.0,11.7261
2025-06-20,2025-07-11,21,48.0,15.2178
2025-06-20,2025-07-18,28,48.0,18.6575
2025-06-20,2025-07-25,35,48.0,21.7844
2025-06-20,2025-08-01,42,48.0,25.3283
2025-06-20,2025-08-15,56,48.0,27.413
2025-06-20,2025-09-19,91,48.0,34.605
2025-06-20,2025-11-21,154,48.0,44.8197
2025-06-20,2026-01-16,210,48.0,51.0736
2025-06-20,2026-02-20,245,48.0,54.0963
2025-06-20,2026-03-20,273,47.0,57.536
2025-06-20,2026-06-18,363,47.0,64.1026
2025-06-20,2026-09-18,455,47.0,70.9819
2025-06-20,2026-12-18,546,47.0,77.9654
2025-06-20,2027-01-15,574,47.0,78.695
2025-06-23,2025-06-27,4,47.5,7.0029
2025-06-23,2025-07-03,10,47.5,10.1095
2025-06-23,2025-07-11,18,47.5,13.9006
2025-06-23,2025-07-18,25,47.5,17.1651
2025-06-23,2025-07-25,32,47.5,19.7978
2025-06-23,2025-08-01,39,47.5,24.1154
2025-06-23,2025-08-15,53,47.0,26.7481
2025-06-23,2025-09-19,88,47.0,33.0666
2025-06-23,2025-11-21,151,47.0,43.5973
2025-06-23,2026-01-16,207,47.0,49.5998
2025-06-23,2026-02-20,242,47.0,56.5501
2025-06-23,2026-03-20,270,47.0,55.9183
2025-06-23,2026-06-18,360,47.0,63.9217
2025-06-23,2026-09-18,452,47.0,72.7675
2025-06-23,2026-12-18,543,47.0,76.6639
2025-06-23,2027-01-15,571,47.0,77.9275
2025-06-24,2025-06-27,3,51.0,6.6641
2025-06-24,2025-07-03,9,51.0,10.0941
2025-06-24,2025-07-11,17,51.0,13.8181
2025-06-24,2025-07-18,24,51.0,17.0521
2025-06-24,2025-07-25,31,51.0,19.9922
2025-06-24,2025-08-01,38,51.0,23.1282
2025-06-24,2025-08-15,52,50.0,26.3622
2025-06-24,2025-09-19,87,50.0,32.9283
2025-06-24,2025-11-21,150,50.0,43.1203
2025-06-24,2026-01-16,206,50.0,49.0004
2025-06-24,2026-02-20,241,50.0,53.3124
2025-06-24,2026-03-20,269,50.0,56.5465
2025-06-24,2026-06-18,359,50.0,65.9545
2025-06-24,2026-09-18,451,50.0,70.3646
2025-06-24,2026-12-18,542,50.0,77.8126
2025-06-24,2027-01-15,570,50.0,77.7146
2025-06-25,2025-06-27,2,48.5,5.5647
2025-06-25,2025-07-03,8,48.5,9.3776
2025-06-25,2025-07-11,16,48.5,12.3145
2025-06-25,2025-07-18,23,48.5,18.343
2025-06-25,2025-07-25,30,48.5,17.8792
2025-06-25,2025-08-01,37,48.5,22.465
2025-06-25,2025-08-15,51,49.0,26.2778
2025-06-25,2025-09-19,86,49.0,32.77
2025-06-25,2025-11-21,149,49.0,43.4872
2025-06-25,2026-01-16,205,49.0,49.0519
2025-06-25,2026-02-20,240,49.0,53.5861
2025-06-25,2026-03-20,268,50.0,56.2655
2025-06-25,2026-06-18,358,50.0,65.2308
2025-06-25,2026-09-18,450,50.0,72.7535
2025-06-25,2026-12-18,541,50.0,78.0091
2025-06-25,2027-01-15,569,50.0,79.967
2025-06-26,2025-06-27,1,52.5,3.8023
2025-06-26,2025-07-03,7,52.5,8.7928
2025-06-26,2025-07-11,15,52.5,13.0228
2025-06-26,2025-07-18,22,52.5,16.8251
2025-06-26,2025-07-25,29,52.5,18.8213
2025-06-26,2025-08-01,36,52.5,23.0989
2025-06-26,2025-08-08,43,52.5,22.8137
2025-06-26,2025-08-15,50,55.0,27.4715
2025-06-26,2025-09-19,85,55.0,34.1255
2025-06-26,2025-11-21,148,55.0,44.6768
2025-06-26,2026-01-16,204,55.0,50.3802
2025-06-26,2026-02-20,239,55.0,55.038
2025-06-26,2026-03-20,267,55.0,57.5095
2025-06-26,2026-06-18,357,55.0,65.9696
2025-06-26,2026-09-18,449,55.0,72.2433
2025-06-26,2026-12-18,540,55.0,79.0875
2025-06-26,2027-01-15,568,55.0,79.7529
2025-06-27,2025-07-03,6,52.0,7.4267
2025-06-27,2025-07-11,14,52.0,12.1528
2025-06-27,2025-07-18,21,52.0,15.9144
2025-06-27,2025-07-25,28,52.0,20.1582
2025-06-27,2025-08-01,35,52.0,24.3056
2025-06-27,2025-08-08,42,52.0,26.2346
2025-06-27,2025-08-15,49,50.0,25.3665
2025-06-27,2025-09-19,84,50.0,31.4429
2025-06-27,2025-11-21,147,50.0,42.4383
2025-06-27,2026-01-16,203,50.0,48.3218
2025-06-27,2026-02-20,238,50.0,52.2762
2025-06-27,2026-03-20,266,50.0,56.6165
2025-06-27,2026-06-18,356,50.0,61.8248
2025-06-27,2026-09-18,448,50.0,71.277
2025-06-27,2026-12-18,539,50.0,76.9676
2025-06-27,2027-01-15,567,50.0,76.3889
2025-06-30,2025-07-03,3,55.0,6.4612
2025-06-30,2025-07-11,11,55.0,11.5218
2025-06-30,2025-07-18,18,55.0,15.0913
2025-06-30,2025-07-25,25,55.0,17.983
2025-06-30,2025-08-01,32,55.5,20.9651
2025-06-30,2025-08-08,39,55.5,22.3206
2025-06-30,2025-08-15,46,55.0,25.3931
2025-06-30,2025-09-19,81,55.0,33.0743
2025-06-30,2025-11-21,144,55.0,43.3761
2025-06-30,2026-01-16,200,55.0,49.8825
2025-06-30,2026-02-20,235,55.0,52.7743
2025-06-30,2026-03-20,263,55.0,56.8408
2025-06-30,2026-06-18,353,55.0,63.7087
2025-06-30,2026-09-18,445,55.0,70.5765
2025-06-30,2026-12-18,536,55.0,76.6311
2025-06-30,2027-01-15,564,55.0,77.2637
2025-07-01,2025-07-03,2,50.5,5.2177
2025-07-01,2025-07-11,10,50.5,10.9819
2025-07-01,2025-07-18,17,50.5,15.2057
2025-07-01,2025-07-25,24,50.5,17.2928
2025-07-01,2025-08-01,31,50.5,21.6657
2025-07-01,2025-08-08,38,50.5,22.7589
2025-07-01,2025-08-15,45,50.0,24.4484
2025-07-01,2025-09-19,80,50.0,32.101
2025-07-01,2025-11-21,143,50.0,42.8344
2025-07-01,2026-01-16,199,50.0,48.6981
2025-07-01,2026-02-20,234,50.0,53.071
2025-07-01,2026-03-20,262,50.0,55.4562
2025-07-01,2026-06-18,352,50.0,63.1087
2025-07-01,2026-09-18,444,50.0,69.8668
2025-07-01,2026-12-18,535,50.0,77.5194
2025-07-01,2027-01-15,563,50.0,77.6188
2025-07-02,2025-07-03,1,50.0,3.1019
2025-07-02,2025-07-11,9,50.0,10.4062
2025-07-02,2025-07-18,16,50.0,14.0084
2025-07-02,2025-07-25,23,50.0,20.012
2025-07-02,2025-08-01,30,50.0,20.3122
2025-07-02,2025-08-08,37,50.0,23.0138
2025-07-02,2025-08-15,44,50.0,24.6148
2025-07-02,2025-09-19,79,50.0,32.8197
2025-07-02,2025-11-21,142,50.0,44.3266
2025-07-02,2026-01-16,198,50.0,50.03
2025-07-02,2026-02-20,233,50.0,52.1313
2025-07-02,2026-03-20,261,50.0,55.033
2025-07-02,2026-06-18,351,50.0,65.2391
2025-07-02,2026-09-18,443,50.0,70.8425
2025-07-02,2026-12-18,534,50.0,73.4441
2025-07-02,2027-01-15,562,50.0,78.2469
2025-07-03,2025-07-11,8,50.0,9.1542
2025-07-03,2025-07-18,15,50.0,12.9353
2025-07-03,2025-07-25,22,50.0,15.6219
2025-07-03,2025-08-01,29,50.0,18.607
2025-07-03,2025-08-08,36,50.0,21.2935
2025-07-03,2025-08-15,43,50.0,23.3831
2025-07-03,2025-08-22,50,50.0,25.6716
2025-07-03,2025-09-19,78,50.0,31.2438
2025-07-03,2025-11-21,141,50.0,41.791
2025-07-03,2026-01-16,197,50.0,47.7612
2025-07-03,2026-02-20,232,50.0,52.4378
2025-07-03,2026-03-20,260,50.0,54.5274
2025-07-03,2026-06-18,350,50.0,62.8856
2025-07-03,2026-09-18,442,50.0,69.7512
2025-07-03,2026-12-18,533,50.0,76.0199
2025-07-03,2027-01-15,561,50.0,76.3184
2025-07-07,2025-07-11,4,48.0,7.3683
2025-07-07,2025-07-18,11,48.0,11.2876
2025-07-07,2025-07-25,18,48.0,14.5276
2025-07-07,2025-08-01,25,48.0,18.6037
2025-07-07,2025-08-08,32,48.0,22.1572
2025-07-07,2025-08-15,39,48.0,22.5753
2025-07-07,2025-08-22,46,48.0,26.4423
2025-07-07,2025-09-19,74,48.0,30.5184
2025-07-07,2025-11-21,137,48.0,41.1789
2025-07-07,2026-01-16,193,48.0,47.3453
2025-07-07,2026-02-20,228,48.0,51.944
2025-07-07,2026-03-20,256,47.0,53.9298
2025-07-07,2026-06-18,346,47.0,61.6639
2025-07-07,2026-09-18,438,47.0,67.4122
2025-07-07,2026-12-18,529,47.0,72.2199
2025-07-07,2027-01-15,557,47.0,75.6689
2025-07-08,2025-07-11,3,47.0,6.4756
2025-07-08,2025-07-18,10,47.0,10.2972
2025-07-08,2025-07-25,17,47.0,13.5881
2025-07-08,2025-08-01,24,47.0,16.5605
2025-07-08,2025-08-08,31,47.0,20.4352
2025-07-08,2025-08-15,38,47.0,21.5499
2025-07-08,2025-08-22,45,47.0,22.293
2025-07-08,2025-09-19,73,47.0,29.8301
2025-07-08,2025-11-21,136,47.0,40.6582
2025-07-08,2026-01-16,192,47.0,46.2845
2025-07-08,2026-02-20,227,47.0,50.3185
2025-07-08,2026-03-20,255,47.0,54.3524
2025-07-08,2026-06-18,345,47.0,64.3312
2025-07-08,2026-09-18,437,47.0,68.896
2025-07-08,2026-12-18,528,47.0,73.9915
2025-07-08,2027-01-15,556,47.0,74.5223
2025-07-09,2025-07-11,2,46.0,4.9946
2025-07-09,2025-07-18,9,46.0,9.5005
2025-07-09,2025-07-25,16,46.0,12.975
2025-07-09,2025-08-01,23,46.0,17.6982
2025-07-09,2025-08-08,30,46.0,20.4126
2025-07-09,2025-08-15,37,46.0,21.0641
2025-07-09,2025-08-22,44,46.0,23.4528
2025-07-09,2025-09-19,72,46.0,28.8817
2025-07-09,2025-11-21,135,46.0,39.1965
2025-07-09,2026-01-16,191,46.0,45.494
2025-07-09,2026-02-20,226,46.0,50.5972
2025-07-09,2026-03-20,254,47.0,52.0087
2025-07-09,2026-06-18,344,47.0,60.4777
2025-07-09,2026-09-18,436,47.0,69.0554
2025-07-09,2026-12-18,527,47.0,73.5071
2025-07-09,2027-01-15,555,47.0,73.7242
2025-07-10,2025-07-11,1,46.5,3.2307
2025-07-10,2025-07-18,8,46.5,8.6151
2025-07-10,2025-07-25,15,46.5,12.3304
2025-07-10,2025-08-01,22,46.5,15.7226
2025-07-10,2025-08-08,29,46.5,19.1686
2025-07-10,2025-08-15,36,46.0,20.4609
2025-07-10,2025-08-22,43,46.0,22.6147
2025-07-10,2025-08-29,50,46.0,24.1223
2025-07-10,2025-09-19,71,46.0,28.5376
2025-07-10,2025-11-21,134,46.0,38.8757
2025-07-10,2026-01-16,190,46.0,44.2602
2025-07-10,2026-02-20,225,46.0,48.7831
2025-07-10,2026-03-20,253,47.0,51.4753
2025-07-10,2026-06-18,343,47.0,60.0905
2025-07-10,2026-09-18,435,47.0,68.5979
2025-07-10,2026-12-18,526,47.0,70.644
2025-07-10,2027-01-15,554,47.0,70.3209
2025-07-11,2025-07-18,7,44.5,8.0135
2025-07-11,2025-07-25,14,44.5,11.2302
2025-07-11,2025-08-01,21,44.5,14.7856
2025-07-11,2025-08-08,28,44.5,17.3815
2025-07-11,2025-08-15,35,44.0,19.8646
2025-07-11,2025-08-22,42,44.0,23.1377
2025-07-11,2025-08-29,49,44.0,24.9436
2025-07-11,2025-09-19,70,44.0,27.7652
2025-07-11,2025-11-21,133,44.0,38.6005
2025-07-11,2026-01-16,189,44.0,44.4695
2025-07-11,2026-02-20,224,44.0,48.5327
2025-07-11,2026-03-20,252,45.0,52.0316
2025-07-11,2026-06-18,342,45.0,59.7065
2025-07-11,2026-09-18,434,45.0,64.8984
2025-07-11,2026-12-18,525,45.0,72.009
2025-07-11,2027-01-15,553,45.0,74.605
2025-07-14,2025-07-18,4,52.0,7.6035
2025-07-14,2025-07-25,11,52.0,11.5977
2025-07-14,2025-08-01,18,52.0,15.3032
2025-07-14,2025-08-08,25,52.0,18.0943
2025-07-14,2025-08-15,32,50.0,20.5967
2025-07-14,2025-08-22,39,52.0,23.0991
2025-07-14,2025-08-29,46,52.0,24.5428
2025-07-14,2025-09-19,67,50.0,28.6814
2025-07-14,2025-11-21,130,50.0,38.7873
2025-07-14,2026-01-16,186,50.0,44.9471
2025-07-14,2026-02-20,221,50.0,47.5457
2025-07-14,2026-03-20,249,50.0,50.7218
2025-07-14,2026-06-18,339,50.0,57.9403
2025-07-14,2026-09-18,431,50.0,64.0038
2025-07-14,2026-12-18,522,50.0,72.3773
2025-07-14,2027-01-15,550,50.0,72.9548
2025-07-15,2025-07-18,3,53.5,6.445
2025-07-15,2025-07-25,10,53.5,10.8817
2025-07-15,2025-08-01,17,53.5,14.7581
2025-07-15,2025-08-08,24,53.5,16.813
2025-07-15,2025-08-15,31,55.0,21.0163
2025-07-15,2025-08-22,38,54.0,23.258
2025-07-15,2025-08-29,45,54.0,23.8184
2025-07-15,2025-09-19,66,55.0,28.7689
2025-07-15,2025-11-21,129,55.0,39.8842
2025-07-15,2026-01-16,185,55.0,45.0215
2025-07-15,2026-02-20,220,55.0,49.6918
2025-07-15,2026-03-20,248,55.0,52.8676
2025-07-15,2026-06-18,338,55.0,62.1147
2025-07-15,2026-09-18,430,55.0,67.9993
2025-07-15,2026-12-18,521,55.0,74.8179
2025-07-15,2027-01-15,549,55.0,73.6036
2025-07-16,2025-07-18,2,53.5,4.8771
2025-07-16,2025-07-25,9,53.5,9.4729
2025-07-16,2025-08-01,16,53.5,13.6935
2025-07-16,2025-08-08,23,53.5,18.1017
2025-07-16,2025-08-15,30,55.0,19.8837
2025-07-16,2025-08-22,37,53.0,21.5719
2025-07-16,2025-08-29,44,53.0,24.667
2025-07-16,2025-09-19,65,55.0,28.3249
2025-07-16,2025-11-21,128,55.0,39.486
2025-07-16,2026-01-16,184,55.0,45.5824
2025-07-16,2026-02-20,219,55.0,49.7092
2025-07-16,2026-03-20,247,55.0,53.2733
2025-07-16,2026-06-18,337,55.0,59.6511
2025-07-16,2026-09-18,429,55.0,68.9364
2025-07-16,2026-12-18,520,55.0,74.3763
2025-07-16,2027-01-15,548,55.0,75.1266
2025-07-17,2025-07-18,1,53.5,3.2595
2025-07-17,2025-07-25,8,53.5,8.8471
2025-07-17,2025-08-01,15,53.5,12.9447
2025-07-17,2025-08-08,22,53.5,15.2729
2025-07-17,2025-08-15,29,55.0,18.9048
2025-07-17,2025-08-22,36,54.0,21.7918
2025-07-17,2025-08-29,43,54.0,22.8162
2025-07-17,2025-09-19,64,55.0,27.7519
2025-07-17,2025-11-21,127,55.0,38.7409
2025-07-17,2026-01-16,183,55.0,44.8873
2025-07-17,2026-02-20,218,55.0,48.0536
2025-07-17,2026-03-20,246,55.0,51.7787
2025-07-17,2026-06-18,336,55.0,59.4152
2025-07-17,2026-09-18,428,55.0,65.3753
2025-07-17,2026-12-18,519,55.0,74.0361
2025-07-17,2027-01-15,547,55.0,73.4774
2025-07-18,2025-07-25,7,53.0,7.7193
2025-07-18,2025-08-01,14,53.0,11.7446
2025-07-18,2025-08-08,21,53.0,15.8174
2025-07-18,2025-08-15,28,55.0,18.6588
2025-07-18,2025-08-22,35,53.0,21.6897
2025-07-18,2025-08-29,42,53.0,22.8263
2025-07-18,2025-09-19,63,55.0,27.4673
2025-07-18,2025-11-21,126,55.0,38.6437
2025-07-18,2026-01-16,182,55.0,44.516
2025-07-18,2026-02-20,217,55.0,48.9676
2025-07-18,2026-03-20,245,55.0,51.9038
2025-07-18,2026-06-18,335,55.0,59.481
2025-07-18,2026-09-18,427,55.0,66.4899
2025-07-18,2026-12-18,518,55.0,72.6463
2025-07-18,2027-01-15,546,55.0,74.2565
2025-07-21,2025-07-25,4,52.5,7.1606
2025-07-21,2025-08-01,11,52.5,11.3615
2025-07-21,2025-08-08,18,52.5,14.894
2025-07-21,2025-08-15,25,52.5,18.5221
2025-07-21,2025-08-22,32,52.0,19.1904
2025-07-21,2025-08-29,39,52.0,21.7682
2025-07-21,2025-09-19,60,50.0,27.5921
2025-07-21,2025-11-21,123,50.0,37.2351
2025-07-21,2026-01-16,179,50.0,42.6771
2025-07-21,2026-02-20,214,50.0,47.2599
2025-07-21,2026-03-20,242,50.0,50.2196
2025-07-21,2026-06-18,332,50.0,60.7218
2025-07-21,2026-09-18,424,50.0,65.2091
2025-07-21,2026-12-18,515,50.0,70.4602
2025-07-21,2027-01-15,543,50.0,73.038
2025-07-22,2025-07-25,3,51.0,6.2243
2025-07-22,2025-08-01,10,51.0,10.9782
2025-07-22,2025-08-08,17,51.0,14.3109
2025-07-22,2025-08-15,24,51.0,17.8396
2025-07-22,2025-08-22,31,51.0,19.8981
2025-07-22,2025-08-29,38,51.0,22.5446
2025-07-22,2025-09-19,59,50.0,26.6614
2025-07-22,2025-11-21,122,50.0,37.6397
2025-07-22,2026-01-16,178,50.0,43.7169
2025-07-22,2026-02-20,213,50.0,47.8338
2025-07-22,2026-03-20,241,50.0,51.4605
2025-07-22,2026-06-18,331,50.0,57.3417
2025-07-22,2026-09-18,423,50.0,65.1833
2025-07-22,2026-12-18,514,50.0,74.0051
2025-07-22,2027-01-15,542,50.0,72.8289
2025-07-23,2025-07-25,2,52.0,5.2043
2025-07-23,2025-08-01,9,52.0,10.2159
2025-07-23,2025-08-08,16,52.0,13.9746
2025-07-23,2025-08-15,23,52.0,17.155
2025-07-23,2025-08-22,30,52.0,19.2753
2025-07-23,2025-08-29,37,52.0,21.781
2025-07-23,2025-09-19,58,50.0,25.6361
2025-07-23,2025-11-21,121,50.0,36.5266
2025-07-23,2026-01-16,177,50.0,42.4056
2025-07-23,2026-02-20,212,50.0,47.5135
2025-07-23,2026-03-20,240,50.0,49.1519
2025-07-23,2026-06-18,330,50.0,56.6692
2025-07-23,2026-09-18,422,50.0,64.9576
2025-07-23,2026-12-18,513,50.0,68.8126
2025-07-23,2027-01-15,541,50.0,70.7402
2025-07-24,2025-07-25,1,52.0,3.3071
2025-07-24,2025-08-01,8,52.0,9.0107
2025-07-24,2025-08-08,15,52.0,11.8865
2025-07-24,2025-08-15,22,52.0,16.296
2025-07-24,2025-08-22,29,52.0,18.7883
2025-07-24,2025-08-29,36,52.0,20.8014
2025-07-24,2025-09-05,43,52.0,22.5268
2025-07-24,2025-09-19,57,50.0,25.115
2025-07-24,2025-11-21,120,50.0,36.0429
2025-07-24,2026-01-16,176,50.0,41.6986
2025-07-24,2026-02-20,211,50.0,46.4916
2025-07-24,2026-03-20,239,50.0,48.217
2025-07-24,2026-06-18,329,50.0,56.1733
2025-07-24,2026-09-18,421,50.0,63.5544
2025-07-24,2026-12-18,512,50.0,70.3604
2025-07-24,2027-01-15,540,50.0,70.4563
2025-07-25,2025-08-01,7,51.5,7.9813
2025-07-25,2025-08-08,14,51.5,11.388
2025-07-25,2025-08-15,21,51.5,15.184
2025-07-25,2025-08-22,28,51.0,18.2986
2025-07-25,2025-08-29,35,51.0,20.4399
2025-07-25,2025-09-05,42,51.0,22.7759
2025-07-25,2025-09-19,56,50.0,24.2359
2025-07-25,2025-10-17,84,50.0,29.4919
2025-07-25,2025-11-21,119,50.0,35.4292
2025-07-25,2026-01-16,175,50.0,41.4639
2025-07-25,2026-02-20,210,50.0,45.8439
2025-07-25,2026-03-20,238,50.0,47.8879
2025-07-25,2026-06-18,328,50.0,56.0639
2025-07-25,2026-09-18,420,50.0,62.4878
2025-07-25,2026-12-18,511,50.0,70.6638
2025-07-25,2027-01-15,539,50.0,71.4425
2025-07-28,2025-08-01,4,53.0,6.7299
2025-07-28,2025-08-08,11,53.0,12.3223
2025-07-28,2025-08-15,18,53.0,15.2607
2025-07-28,2025-08-22,25,53.0,17.2512
2025-07-28,2025-08-29,32,53.0,19.1469
2025-07-28,2025-09-05,39,53.0,22.9384
2025-07-28,2025-09-19,53,55.0,24.5498
2025-07-28,2025-10-17,81,55.0,29.5735
2025-07-28,2025-11-21,116,55.0,36.019
2025-07-28,2026-01-16,172,55.0,41.9905
2025-07-28,2026-02-20,207,55.0,46.2559
2025-07-28,2026-03-20,235,55.0,48.2464
2025-07-28,2026-06-18,325,55.0,57.0616
2025-07-28,2026-09-18,417,55.0,64.0758
2025-07-28,2026-12-18,508,55.0,71.2796
2025-07-28,2027-01-15,536,55.0,71.9431
2025-07-29,2025-08-01,3,50.5,5.9524
2025-07-29,2025-08-08,10,50.5,12.2024
2025-07-29,2025-08-15,17,50.5,15.0794
2025-07-29,2025-08-22,24,50.0,17.0635
2025-07-29,2025-08-29,31,50.0,19.7421
2025-07-29,2025-09-05,38,50.0,19.8413
2025-07-29,2025-09-19,52,50.0,23.4127
2025-07-29,2025-10-17,80,50.0,28.2738
2025-07-29,2025-11-21,115,50.0,34.5238
2025-07-29,2026-01-16,171,50.0,40.6746
2025-07-29,2026-02-20,206,50.0,45.1389
2025-07-29,2026-03-20,234,50.0,48.4127
2025-07-29,2026-06-18,324,50.0,55.5556
2025-07-29,2026-09-18,416,50.0,61.8056
2025-07-29,2026-12-18,507,50.0,68.0556
2025-07-29,2027-01-15,535,50.0,68.8492
2025-07-30,2025-08-01,2,51.5,5.1667
2025-07-30,2025-08-08,9,51.5,11.8932
2025-07-30,2025-08-15,16,51.5,14.8177
2025-07-30,2025-08-22,23,51.0,16.7674
2025-07-30,2025-08-29,30,51.0,18.3272
2025-07-30,2025-09-05,37,51.0,18.9121
2025-07-30,2025-09-19,51,50.0,23.0064
2025-07-30,2025-10-17,79,50.0,28.2706
2025-07-30,2025-11-21,114,50.0,34.3147
2025-07-30,2026-01-16,170,50.0,40.1638
2025-07-30,2026-02-20,205,50.0,44.3556
2025-07-30,2026-03-20,233,50.0,46.9877
2025-07-30,2026-06-18,323,50.0,52.6418
2025-07-30,2026-09-18,415,50.0,59.7582
2025-07-30,2026-12-18,506,50.0,65.9973
2025-07-30,2027-01-15,534,50.0,67.557
2025-07-31,2025-08-01,1,54.5,3.7204
2025-07-31,2025-08-08,8,54.5,12.4931
2025-07-31,2025-08-15,15,54.5,15.4327
2025-07-31,2025-08-22,22,54.0,17.5455
2025-07-31,2025-08-29,29,54.0,19.4746
2025-07-31,2025-09-05,36,54.0,19.842
2025-07-31,2025-09-12,43,54.0,22.0467
2025-07-31,2025-09-19,50,55.0,23.8839
2025-07-31,2025-10-17,78,55.0,29.0281
2025-07-31,2025-11-21,113,55.0,35.4584
2025-07-31,2026-01-16,169,55.0,41.3375
2025-07-31,2026-02-20,204,55.0,45.7468
2025-07-31,2026-03-20,232,55.0,48.1352
2025-07-31,2026-06-18,322,55.0,55.7597
2025-07-31,2026-09-18,414,55.0,62.5574
2025-07-31,2026-12-18,505,55.0,67.2423
2025-07-31,2027-01-15,533,55.0,69.6307
2025-08-01,2025-08-08,7,52.0,11.6346
2025-08-01,2025-08-15,14,52.0,14.8077
2025-08-01,2025-08-22,21,52.0,17.4038
2025-08-01,2025-08-29,28,52.0,19.2308
2025-08-01,2025-09-05,35,52.0,19.8077
2025-08-01,2025-09-12,42,52.0,22.5
2025-08-01,2025-09-19,49,50.0,23.8462
2025-08-01,2025-10-17,77,50.0,28.9423
2025-08-01,2025-11-21,112,50.0,35.3846
2025-08-01,2026-01-16,168,50.0,40.9615
2025-08-01,2026-02-20,203,50.0,45.9615
2025-08-01,2026-03-20,231,50.0,48.1731
2025-08-01,2026-06-18,321,50.0,55.6731
2025-08-01,2026-09-18,413,50.0,60.7692
2025-08-01,2026-12-18,504,50.0,64.7115
2025-08-01,2027-01-15,532,50.0,66.5385
2025-08-04,2025-08-08,4,54.0,10.0148
2025-08-04,2025-08-15,11,54.0,13.1992
2025-08-04,2025-08-22,18,54.0,15.5067
2025-08-04,2025-08-29,25,54.0,17.722
2025-08-04,2025-09-05,32,54.0,19.1988
2025-08-04,2025-09-12,39,54.0,20.5833
2025-08-04,2025-09-19,46,55.0,22.7063
2025-08-04,2025-10-17,74,55.0,27.9675
2025-08-04,2025-11-21,109,55.0,34.6133
2025-08-04,2026-01-16,165,55.0,40.9821
2025-08-04,2026-02-20,200,55.0,45.3203
2025-08-04,2026-03-20,228,55.0,47.3509
2025-08-04,2026-06-18,318,55.0,55.5658
2025-08-04,2026-09-18,410,55.0,62.2116
2025-08-04,2026-12-18,501,55.0,69.0419
2025-08-04,2027-01-15,529,55.0,69.7803
2025-08-05,2025-08-08,3,55.0,10.1051
2025-08-05,2025-08-15,10,55.0,13.685
2025-08-05,2025-08-22,17,55.0,15.5882
2025-08-05,2025-08-29,24,55.0,16.9476
2025-08-05,2025-09-05,31,55.0,18.3071
2025-08-05,2025-09-12,38,55.0,22.2041
2025-08-05,2025-09-19,45,55.0,22.7479
2025-08-05,2025-10-17,73,55.0,27.2793
2025-08-05,2025-11-21,108,55.0,34.9828
2025-08-05,2026-01-16,164,55.0,40.783
2025-08-05,2026-02-20,199,55.0,45.0426
2025-08-05,2026-03-20,227,55.0,47.8521
2025-08-05,2026-06-18,317,55.0,55.2837
2025-08-05,2026-09-18,409,55.0,60.9933
2025-08-05,2026-12-18,500,55.0,67.5186
2025-08-05,2027-01-15,528,55.0,67.5186
2025-08-06,2025-08-08,2,55.0,10.619
2025-08-06,2025-08-15,9,55.0,13.7048
2025-08-06,2025-08-22,16,55.0,15.7016
2025-08-06,2025-08-29,23,55.0,16.5184
2025-08-06,2025-09-05,30,55.0,19.0597
2025-08-06,2025-09-12,37,55.0,19.9673
2025-08-06,2025-09-19,44,55.0,22.6901
2025-08-06,2025-10-17,72,55.0,27.1374
2025-08-06,2025-11-21,107,55.0,33.8537
2025-08-06,2026-01-16,163,55.0,40.2977
2025-08-06,2026-02-20,198,55.0,44.2912
2025-08-06,2026-03-20,226,55.0,47.9216
2025-08-06,2026-06-18,316,55.0,54.0933
2025-08-06,2026-09-18,408,55.0,63.0786
2025-08-06,2026-12-18,499,55.0,67.7074
2025-08-06,2027-01-15,527,55.0,67.9797
2025-08-07,2025-08-08,1,65.0,4.0576
2025-08-07,2025-08-15,8,65.0,9.6463
2025-08-07,2025-08-22,15,65.0,12.1727
2025-08-07,2025-08-29,22,65.0,15.0054
2025-08-07,2025-09-05,29,65.0,16.7662
2025-08-07,2025-09-12,36,65.0,19.4457
2025-08-07,2025-09-19,43,65.0,20.2113
2025-08-07,2025-09-26,50,65.0,22.3549
2025-08-07,2025-10-17,71,65.0,25.6469
2025-08-07,2025-11-21,106,65.0,32.6902
2025-08-07,2026-01-16,162,65.0,38.968
2025-08-07,2026-02-20,197,65.0,42.1834
2025-08-07,2026-03-20,225,65.0,45.3989
2025-08-07,2026-06-18,315,65.0,53.2078
2025-08-07,2026-09-18,407,65.0,59.409
2025-08-07,2026-12-18,498,65.0,65.1508
2025-08-07,2027-01-15,526,65.0,67.5241
2025-08-08,2025-08-15,7,69.0,8.5417
2025-08-08,2025-08-22,14,69.0,11.6313
2025-08-08,2025-08-29,21,69.0,13.4487
2025-08-08,2025-09-05,28,69.0,16.2838
2025-08-08,2025-09-12,35,69.0,18.392
2025-08-08,2025-09-19,42,70.0,19.7732
2025-08-08,2025-09-26,49,69.0,22.681
2025-08-08,2025-10-17,70,70.0,25.3707
2025-08-08,2025-11-21,105,70.0,32.8584
2025-08-08,2025-12-19,133,70.0,35.2573
2025-08-08,2026-01-16,161,70.0,38.8921
2025-08-08,2026-02-20,196,70.0,42.4542
2025-08-08,2026-03-20,224,70.0,45.4347
2025-08-08,2026-06-18,314,70.0,53.2131
2025-08-08,2026-09-18,406,70.0,60.9189
2025-08-08,2026-12-18,497,70.0,64.2629
2025-08-08,2027-01-15,525,70.0,67.1707
2025-08-11,2025-08-15,4,70.0,7.9727
2025-08-11,2025-08-22,11,70.0,11.2472
2025-08-11,2025-08-29,18,70.0,13.881
2025-08-11,2025-09-05,25,70.0,15.5894
2025-08-11,2025-09-12,32,70.0,17.7249
2025-08-11,2025-09-19,39,70.0,19.2198
2025-08-11,2025-09-26,46,70.0,20.7859
2025-08-11,2025-10-17,67,70.0,24.8434
2025-08-11,2025-11-21,102,70.0,32.1754
2025-08-11,2025-12-19,130,70.0,35.3787
2025-08-11,2026-01-16,158,70.0,38.4396
2025-08-11,2026-02-20,193,70.0,42.7107
2025-08-11,2026-03-20,221,70.0,46.1276
2025-08-11,2026-06-18,311,70.0,53.0325
2025-08-11,2026-09-18,403,70.0,60.0085
2025-08-11,2026-12-18,494,70.0,64.4932
2025-08-11,2027-01-15,522,70.0,65.8457
2025-08-12,2025-08-15,3,75.0,7.0357
2025-08-12,2025-08-22,10,75.0,10.7527
2025-08-12,2025-08-29,17,75.0,13.2749
2025-08-12,2025-09-05,24,75.0,15.3989
2025-08-12,2025-09-12,31,75.0,16.9255
2025-08-12,2025-09-19,38,75.0,19.1159
2025-08-12,2025-09-26,45,75.0,20.5098
2025-08-12,2025-10-17,66,75.0,25.0896
2025-08-12,2025-11-21,101,75.0,32.7227
2025-08-12,2025-12-19,129,75.0,36.2405
2025-08-12,2026-01-16,157,75.0,38.7628
2025-08-12,2026-02-20,192,75.0,42.878
2025-08-12,2026-03-20,220,75.0,45.2011
2025-08-12,2026-06-18,310,75.0,53.2988
2025-08-12,2026-09-18,402,75.0,59.9363
2025-08-12,2026-12-18,493,75.0,64.848
2025-08-12,2027-01-15,521,75.0,67.3039
2025-08-13,2025-08-15,2,71.0,5.2386
2025-08-13,2025-08-22,9,71.0,9.9816
2025-08-13,2025-08-29,16,71.0,13.1672
2025-08-13,2025-09-05,23,71.0,15.5741
2025-08-13,2025-09-12,30,71.0,18.335
2025-08-13,2025-09-19,37,70.0,18.9013
2025-08-13,2025-09-26,44,71.0,21.5914
2025-08-13,2025-10-17,65,70.0,25.2725
2025-08-13,2025-11-21,100,70.0,33.2012
2025-08-13,2025-12-19,128,70.0,36.8116
2025-08-13,2026-01-16,156,70.0,40.068
2025-08-13,2026-02-20,191,70.0,44.5278
2025-08-13,2026-03-20,219,70.0,47.0055
2025-08-13,2026-06-18,309,70.0,54.651
2025-08-13,2026-09-18,401,70.0,60.0312
2025-08-13,2026-12-18,492,70.0,65.4113
2025-08-13,2027-01-15,520,70.0,66.8271
2025-08-14,2025-08-15,1,68.0,4.1995
2025-08-14,2025-08-22,8,68.0,9.1659
2025-08-14,2025-08-29,15,68.0,12.489
2025-08-14,2025-09-05,22,68.0,15.3374
2025-08-14,2025-09-12,29,68.0,16.6521
2025-08-14,2025-09-19,36,70.0,18.9162
2025-08-14,2025-09-26,43,68.0,20.2308
2025-08-14,2025-10-17,64,70.0,25.5624
2025-08-14,2025-11-21,99,70.0,33.8884
2025-08-14,2025-12-19,127,70.0,37.5402
2025-08-14,2026-01-16,155,70.0,40.5346
2025-08-14,2026-02-20,190,70.0,44.6976
2025-08-14,2026-03-20,218,70.0,47.7651
2025-08-14,2026-06-18,308,70.0,55.726
2025-08-14,2026-09-18,400,70.0,61.6418
2025-08-14,2026-12-18,491,70.0,66.2431
2025-08-14,2027-01-15,519,70.0,67.8498
2025-08-15,2025-08-22,7,72.0,8.203
2025-08-15,2025-08-29,14,72.0,11.7984
2025-08-15,2025-09-05,21,72.0,14.0324
2025-08-15,2025-09-12,28,72.0,16.5457
2025-08-15,2025-09-19,35,70.0,18.4306
2025-08-15,2025-09-26,42,72.0,22.2703
2025-08-15,2025-10-17,63,70.0,24.9232
2025-08-15,2025-11-21,98,70.0,33.4404
2025-08-15,2025-12-19,126,70.0,37.0706
2025-08-15,2026-01-16,154,70.0,40.0028
2025-08-15,2026-02-20,189,70.0,44.1916
2025-08-15,2026-03-20,217,70.0,47.0539
2025-08-15,2026-06-18,307,70.0,55.5711
2025-08-15,2026-09-18,399,70.0,60.5976
2025-08-15,2026-12-18,490,70.0,64.7166
2025-08-15,2027-01-15,518,70.0,67.5789
2025-08-18,2025-08-22,4,73.0,6.9617
2025-08-18,2025-08-29,11,73.0,10.7527
2025-08-18,2025-09-05,18,73.0,13.1652
2025-08-18,2025-09-12,25,73.0,15.4398
2025-08-18,2025-09-19,32,73.0,17.6454
2025-08-18,2025-09-26,39,73.0,20.0579
2025-08-18,2025-10-17,60,75.0,24.5382
2025-08-18,2025-11-21,95,75.0,32.5338
2025-08-18,2025-12-19,123,75.0,37.2208
2025-08-18,2026-01-16,151,75.0,40.2537
2025-08-18,2026-02-20,186,75.0,45.4232
2025-08-18,2026-03-20,214,75.0,47.4221
2025-08-18,2026-06-18,304,75.0,54.4527
2025-08-18,2026-09-18,396,75.0,61.6901
2025-08-18,2026-12-18,487,75.0,66.9975
2025-08-18,2027-01-15,515,75.0,67.6179
2025-08-19,2025-08-22,3,67.0,6.2881
2025-08-19,2025-08-29,10,67.0,10.2694
2025-08-19,2025-09-05,17,67.0,13.0228
2025-08-19,2025-09-12,24,67.0,15.1808
2025-08-19,2025-09-19,31,67.0,17.2645
2025-08-19,2025-09-26,38,67.0,19.4225
2025-08-19,2025-10-17,59,65.0,23.8875
2025-08-19,2025-11-21,94,65.0,32.2965
2025-08-19,2025-12-19,122,65.0,36.5382
2025-08-19,2026-01-16,150,65.0,39.8125
2025-08-19,2026-02-20,185,65.0,43.9053
2025-08-19,2026-03-20,213,65.0,47.0308
2025-08-19,2026-06-18,303,65.0,53.7282
2025-08-19,2026-09-18,395,65.0,60.9466
2025-08-19,2026-12-18,486,65.0,66.751
2025-08-19,2027-01-15,514,65.0,67.1975
2025-08-20,2025-08-22,2,67.0,5.8174
2025-08-20,2025-08-29,9,67.0,10.4491
2025-08-20,2025-09-05,16,67.0,13.2652
2025-08-20,2025-09-12,23,67.0,15.5625
2025-08-20,2025-09-19,30,67.0,17.7857
2025-08-20,2025-09-26,37,67.0,20.083
2025-08-20,2025-10-17,58,65.0,24.3812
2025-08-20,2025-11-21,93,65.0,32.8294
2025-08-20,2025-12-19,121,65.0,36.3865
2025-08-20,2026-01-16,149,65.0,39.7955
2025-08-20,2026-02-20,184,65.0,44.316
2025-08-20,2026-03-20,212,65.0,47.058
2025-08-20,2026-06-18,302,65.0,54.8392
2025-08-20,2026-09-18,394,65.0,62.6945
2025-08-20,2026-12-18,485,65.0,66.6963
2025-08-20,2027-01-15,513,65.0,67.6597
2025-08-21,2025-08-22,1,66.0,4.0042
2025-08-21,2025-08-29,8,66.0,9.2551
2025-08-21,2025-09-05,15,66.0,11.9371
2025-08-21,2025-09-12,22,66.0,13.7504
2025-08-21,2025-09-19,29,66.0,17.2257
2025-08-21,2025-09-26,36,66.0,19.3412
2025-08-21,2025-10-03,43,66.0,21.5322
2025-08-21,2025-10-17,57,65.0,23.9498
2025-08-21,2025-11-21,92,65.0,32.4872
2025-08-21,2025-12-19,120,65.0,36.2647
2025-08-21,2026-01-16,148,65.0,39.9668
2025-08-21,2026-02-20,183,65.0,45.7842
2025-08-21,2026-03-20,211,65.0,46.9175
2025-08-21,2026-06-18,301,65.0,56.0592
2025-08-21,2026-09-18,393,65.0,61.1967
2025-08-21,2026-12-18,484,65.0,66.032
2025-08-21,2027-01-15,512,65.0,69.8852
2025-08-22,2025-08-29,7,69.0,7.7921
2025-08-22,2025-09-05,14,69.0,10.5828
2025-08-22,2025-09-12,21,69.0,14.4245
2025-08-22,2025-09-19,28,69.0,15.9467
2025-08-22,2025-09-26,35,69.0,18.5561
2025-08-22,2025-10-03,42,69.0,21.6729
2025-08-22,2025-10-17,56,70.0,23.3401
2025-08-22,2025-11-21,91,70.0,32.1832
2025-08-22,2025-12-19,119,70.0,36.0249
2025-08-22,2026-01-16,147,70.0,38.4894
2025-08-22,2026-02-20,182,70.0,43.3459
2025-08-22,2026-03-20,210,70.0,47.2601
2025-08-22,2026-06-18,300,70.0,55.2334
2025-08-22,2026-09-18,392,70.0,61.6121
2025-08-22,2026-12-18,483,70.0,68.4981
2025-08-22,2027-01-15,511,70.0,69.078
2025-08-25,2025-08-29,4,70.0,6.8909
2025-08-25,2025-09-05,11,70.0,10.14
2025-08-25,2025-09-12,18,70.0,13.0677
2025-08-25,2025-09-19,25,70.0,15.6384
2025-08-25,2025-09-26,32,70.0,18.1377
2025-08-25,2025-10-03,39,70.0,19.2088
2025-08-25,2025-10-17,53,70.0,23.1362
2025-08-25,2025-11-21,88,70.0,31.6338
2025-08-25,2025-12-19,116,70.0,35.2042
2025-08-25,2026-01-16,144,70.0,38.4176
2025-08-25,2026-02-20,179,70.0,43.3448
2025-08-25,2026-03-20,207,70.0,45.9155
2025-08-25,2026-06-18,297,70.0,54.056
2025-08-25,2026-09-18,389,70.0,61.7681
2025-08-25,2026-12-18,480,70.0,65.3385
2025-08-25,2027-01-15,508,70.0,68.2662
2025-08-26,2025-08-29,3,70.0,6.3138
2025-08-26,2025-09-05,10,70.0,9.6481
2025-08-26,2025-09-12,17,70.0,12.6277
2025-08-26,2025-09-19,24,70.0,15.1816
2025-08-26,2025-09-26,31,70.0,18.374
2025-08-26,2025-10-03,38,70.0,18.9415
2025-08-26,2025-10-17,52,70.0,22.6305
2025-08-26,2025-11-21,87,70.0,31.2145
2025-08-26,2025-12-19,115,70.0,35.0454
2025-08-26,2026-01-16,143,70.0,38.2378
2025-08-26,2026-02-20,178,70.0,42.849
2025-08-26,2026-03-20,206,70.0,45.5448
2025-08-26,2026-06-18,296,70.0,55.193
2025-08-26,2026-09-18,388,70.0,60.2298
2025-08-26,2026-12-18,479,70.0,65.4086
2025-08-26,2027-01-15,507,70.0,66.9693
2025-08-27,2025-08-29,2,70.0,5.6705
2025-08-27,2025-09-05,9,70.0,9.2011
2025-08-27,2025-09-12,16,70.0,12.3395
2025-08-27,2025-09-19,23,70.0,14.6933
2025-08-27,2025-09-26,30,70.0,17.0471
2025-08-27,2025-10-03,37,70.0,19.0442
2025-08-27,2025-10-17,51,70.0,22.3966
2025-08-27,2025-11-21,86,70.0,31.0984
2025-08-27,2025-12-19,114,70.0,34.8074
2025-08-27,2026-01-16,142,70.0,37.9458
2025-08-27,2026-02-20,177,70.0,42.0827
2025-08-27,2026-03-20,205,70.0,45.6491
2025-08-27,2026-06-18,295,70.0,53.2097
2025-08-27,2026-09-18,387,70.0,59.6291
2025-08-27,2026-12-18,478,70.0,65.8345
2025-08-27,2027-01-15,506,70.0,66.2625
2025-08-28,2025-08-29,1,72.0,3.1233
2025-08-28,2025-09-05,8,72.0,7.5652
2025-08-28,2025-09-12,15,72.0,10.8273
2025-08-28,2025-09-19,22,72.0,13.3953
2025-08-28,2025-09-26,29,72.0,15.2693
2025-08-28,2025-10-03,36,72.0,18.7396
2025-08-28,2025-10-10,43,72.0,19.0866
2025-08-28,2025-10-17,50,70.0,20.8912
2025-08-28,2025-11-21,85,70.0,29.4975
2025-08-28,2025-12-19,113,70.0,33.3842
2025-08-28,2026-01-16,141,70.0,36.5769
2025-08-28,2026-02-20,176,70.0,41.6435
2025-08-28,2026-03-20,204,70.0,43.3093
2025-08-28,2026-06-18,294,70.0,52.8179
2025-08-28,2026-09-18,386,70.0,58.9256
2025-08-28,2026-12-18,477,70.0,62.9511
2025-08-28,2027-01-15,505,70.0,65.658
2025-08-29,2025-09-05,7,68.0,6.6232
2025-08-29,2025-09-12,14,68.0,10.2459
2025-08-29,2025-09-19,21,68.0,13.0269
2025-08-29,2025-09-26,28,68.0,14.4906
2025-08-29,2025-10-03,35,68.0,18.8085
2025-08-29,2025-10-10,42,68.0,19.9795
2025-08-29,2025-10-17,49,70.0,21.0773
2025-08-29,2025-11-21,84,70.0,30.445
2025-08-29,2025-12-19,112,70.0,34.1774
2025-08-29,2026-01-16,140,70.0,37.3975
2025-08-29,2026-02-20,175,70.0,41.935
2025-08-29,2026-03-20,203,70.0,44.9356
2025-08-29,2026-06-18,293,70.0,54.1569
2025-08-29,2026-09-18,385,70.0,60.5972
2025-08-29,2026-12-18,476,70.0,65.5738
2025-08-29,2027-01-15,504,70.0,67.4034
2025-09-02,2025-09-05,3,66.0,6.0864
2025-09-02,2025-09-12,10,66.0,9.7383
2025-09-02,2025-09-19,17,66.0,12.5533
2025-09-02,2025-09-26,24,66.0,14.7596
2025-09-02,2025-10-03,31,66.0,16.9659
2025-09-02,2025-10-10,38,66.0,20.3895
2025-09-02,2025-10-17,45,65.0,20.1613
2025-09-02,2025-11-21,80,65.0,28.6823
2025-09-02,2025-12-19,108,65.0,32.4863
2025-09-02,2026-01-16,136,65.0,35.6056
2025-09-02,2026-02-20,171,65.0,40.3226
2025-09-02,2026-03-20,199,65.0,43.2136
2025-09-02,2026-06-18,289,65.0,51.2781
2025-09-02,2026-09-18,381,65.0,58.2015
2025-09-02,2026-12-18,472,65.0,63.9075
2025-09-02,2027-01-15,500,65.0,65.1248
2025-09-03,2025-09-05,2,66.0,5.0267
2025-09-03,2025-09-12,9,66.0,8.7586
2025-09-03,2025-09-19,16,66.0,11.5765
2025-09-03,2025-09-26,23,66.0,13.6329
2025-09-03,2025-10-03,30,66.0,15.08
2025-09-03,2025-10-10,37,66.0,17.8979
2025-09-03,2025-10-17,44,65.0,19.0404
2025-09-03,2025-11-21,79,65.0,27.4943
2025-09-03,2025-12-19,107,65.0,31.4547
2025-09-03,2026-01-16,135,65.0,34.6535
2025-09-03,2026-02-20,170,65.0,39.147
2025-09-03,2026-03-20,198,65.0,42.0411
2025-09-03,2026-06-18,288,65.0,52.0183
2025-09-03,2026-09-18,380,65.0,56.8164
2025-09-03,2026-12-18,471,65.0,64.0518
2025-09-03,2027-01-15,499,65.0,65.2704
2025-09-04,2025-09-05,1,65.0,3.3893
2025-09-04,2025-09-12,8,65.0,7.9726
2025-09-04,2025-09-19,15,65.0,10.7842
2025-09-04,2025-09-26,22,65.0,13.0951
2025-09-04,2025-10-03,29,65.0,15.0208
2025-09-04,2025-10-10,36,65.0,15.7141
2025-09-04,2025-10-17,43,65.0,18.4871
2025-09-04,2025-10-24,50,65.0,20.4129
2025-09-04,2025-11-21,78,65.0,27.1915
2025-09-04,2025-12-19,106,65.0,30.966
2025-09-04,2026-01-16,134,65.0,34.1242
2025-09-04,2026-02-20,169,65.0,39.0541
2025-09-04,2026-03-20,197,65.0,42.8285
2025-09-04,2026-06-18,287,65.0,50.6856
2025-09-04,2026-09-18,379,65.0,58.1574
2025-09-04,2026-12-18,470,65.0,63.3955
2025-09-04,2027-01-15,498,65.0,64.6279
2025-09-05,2025-09-12,7,65.0,6.9116
2025-09-05,2025-09-19,14,65.0,9.7373
2025-09-05,2025-09-26,21,65.0,12.2957
2025-09-05,2025-10-03,28,65.0,14.205
2025-09-05,2025-10-10,35,65.0,15.2742
2025-09-05,2025-10-17,42,65.0,17.5653
2025-09-05,2025-10-24,49,65.0,20.6201
2025-09-05,2025-11-21,77,65.0,26.5007
2025-09-05,2025-12-19,105,65.0,30.5483
2025-09-05,2026-01-16,133,65.0,33.985
2025-09-05,2026-02-20,168,65.0,39.2546
2025-09-05,2026-03-20,196,65.0,41.8512
2025-09-05,2026-06-18,286,65.0,50.4048
2025-09-05,2026-09-18,378,65.0,57.4309
2025-09-05,2026-12-18,469,65.0,63.006
2025-09-05,2027-01-15,497,65.0,63.846
2025-09-08,2025-09-12,4,64.0,5.971
2025-09-08,2025-09-19,11,64.0,9.3662
2025-09-08,2025-09-26,18,64.0,11.7858
2025-09-08,2025-10-03,25,64.0,13.8152
2025-09-08,2025-10-10,32,64.0,15.064
2025-09-08,2025-10-17,39,65.0,17.3275
2025-09-08,2025-10-24,46,64.0,19.2008
2025-09-08,2025-11-21,74,65.0,26.0693
2025-09-08,2025-12-19,102,65.0,30.128
2025-09-08,2026-01-16,130,65.0,33.4842
2025-09-08,2026-02-20,165,65.0,38.0112
2025-09-08,2026-03-20,193,65.0,41.2894
2025-09-08,2026-06-18,283,65.0,51.5923
2025-09-08,2026-09-18,375,65.0,56.5095
2025-09-08,2026-12-18,466,65.0,63.6903
2025-09-08,2027-01-15,494,65.0,64.9391
2025-09-09,2025-09-12,3,95.0,9.5069
2025-09-09,2025-09-19,10,95.0,13.4768
2025-09-09,2025-09-26,17,95.0,15.8796
2025-09-09,2025-10-03,24,95.0,17.8124
2025-09-09,2025-10-10,31,95.0,19.4317
2025-09-09,2025-10-17,38,95.0,21.2077
2025-09-09,2025-10-24,45,95.0,22.6181
2025-09-09,2025-11-21,73,95.0,29.5132
2025-09-09,2025-12-19,101,95.0,32.9085
2025-09-09,2026-01-16,129,95.0,35.9382
2025-09-09,2026-02-20,164,95.0,40.117
2025-09-09,2026-03-20,192,95.0,42.781
2025-09-09,2026-06-18,282,95.0,49.8851
2025-09-09,2026-09-18,374,95.0,57.1458
2025-09-09,2026-12-18,465,95.0,62.6828
2025-09-09,2027-01-15,493,95.0,63.9365
2025-09-10,2025-09-12,2,93.0,6.6388
2025-09-10,2025-09-19,9,93.0,11.6715
2025-09-10,2025-09-26,16,95.0,14.7232
2025-09-10,2025-10-03,23,95.0,17.2395
2025-09-10,2025-10-10,30,95.0,19.0063
2025-09-10,2025-10-17,37,95.0,20.3983
2025-09-10,2025-10-24,44,95.0,21.4691
2025-09-10,2025-11-21,72,95.0,29.2858
2025-09-10,2025-12-19,100,95.0,32.3375
2025-09-10,2026-01-16,128,95.0,35.764
2025-09-10,2026-02-20,163,95.0,39.8865
2025-09-10,2026-03-20,191,95.0,42.1887
2025-09-10,2026-06-18,281,95.0,50.3801
2025-09-10,2026-09-18,373,95.0,57.2866
2025-09-10,2026-12-18,464,95.0,62.1052
2025-09-10,2027-01-15,492,95.0,63.0689
2025-09-11,2025-09-12,1,89.0,3.5318
2025-09-11,2025-09-19,8,89.0,8.8575
2025-09-11,2025-09-26,15,89.0,11.6605
2025-09-11,2025-10-03,22,89.0,15.4726
2025-09-11,2025-10-10,29,89.0,16.5938
2025-09-11,2025-10-17,36,90.0,18.2195
2025-09-11,2025-10-24,43,89.0,19.8453
2025-09-11,2025-10-31,50,89.0,22.1998
2025-09-11,2025-11-21,71,90.0,27.8619
2025-09-11,2025-12-19,99,90.0,32.0103
2025-09-11,2026-01-16,127,90.0,35.1497
2025-09-11,2026-02-20,162,90.0,40.6996
2025-09-11,2026-03-20,190,90.0,42.9981
2025-09-11,2026-06-18,280,90.0,51.295
2025-09-11,2026-09-18,372,90.0,57.9101
2025-09-11,2026-12-18,463,90.0,61.4419
2025-09-11,2027-01-15,491,90.0,62.4509
2025-09-11,2027-12-17,827,90.0,78.4841
2025-09-12,2025-09-19,7,90.0,8.0743
2025-09-12,2025-09-26,14,90.0,11.5585
2025-09-12,2025-10-03,21,90.0,12.9963
2025-09-12,2025-10-10,28,90.0,16.7017
2025-09-12,2025-10-17,35,90.0,18.029
2025-09-12,2025-10-24,42,90.0,20.2964
2025-09-12,2025-10-31,49,90.0,21.3472
2025-09-12,2025-11-21,70,90.0,27.3753
2025-09-12,2025-12-19,98,90.0,31.2465
2025-09-12,2026-01-16,126,90.0,34.2329
2025-09-12,2026-02-20,161,90.0,39.708
2025-09-12,2026-03-20,189,90.0,41.0353
2025-09-12,2026-06-18,279,90.0,49.4414
2025-09-12,2026-09-18,371,90.0,56.0779
2025-09-12,2026-12-18,462,90.0,60.7787
2025-09-12,2027-01-15,490,90.0,62.7143
2025-09-12,2027-12-17,826,90.0,79.3054
2025-09-15,2025-09-19,4,91.0,6.9536
2025-09-15,2025-09-26,11,91.0,11.0488
2025-09-15,2025-10-03,18,91.0,13.7973
2025-09-15,2025-10-10,25,91.0,16.051
2025-09-15,2025-10-17,32,90.0,17.865
2025-09-15,2025-10-24,39,91.0,19.4591
2025-09-15,2025-10-31,46,91.0,21.8777
2025-09-15,2025-11-21,67,90.0,27.8144
2025-09-15,2025-12-19,95,90.0,32.102
2025-09-15,2026-01-16,123,90.0,35.1803
2025-09-15,2026-02-20,158,90.0,39.7427
2025-09-15,2026-03-20,186,90.0,42.7661
2025-09-15,2026-06-18,276,90.0,51.3962
2025-09-15,2026-09-18,368,90.0,56.6733
2025-09-15,2026-12-18,459,90.0,61.7854
2025-09-15,2027-01-15,487,90.0,64.4789
2025-09-15,2027-12-17,823,90.0,78.7709
2025-09-15,2028-01-21,858,90.0,79.5954
2025-09-16,2025-09-19,3,89.0,6.0382
2025-09-16,2025-09-26,10,89.0,10.0078
2025-09-16,2025-10-03,17,89.0,13.0269
2025-09-16,2025-10-10,24,89.0,15.0956
2025-09-16,2025-10-17,31,90.0,17.2761
2025-09-16,2025-10-24,38,89.0,18.6179
2025-09-16,2025-10-31,45,89.0,21.3575
2025-09-16,2025-11-21,66,90.0,27.5635
2025-09-16,2025-12-19,94,90.0,31.3653
2025-09-16,2026-01-16,122,90.0,34.7758
2025-09-16,2026-02-20,157,90.0,39.8077
2025-09-16,2026-03-20,185,90.0,42.9945
2025-09-16,2026-06-18,275,90.0,50.6541
2025-09-16,2026-09-18,367,90.0,56.3569
2025-09-16,2026-12-18,458,90.0,63.2338
2025-09-16,2027-01-15,486,90.0,64.967
2025-09-16,2027-12-17,822,90.0,78.609
2025-09-16,2028-01-21,857,90.0,80.2303
2025-09-17,2025-09-19,2,94.0,5.4209
2025-09-17,2025-09-26,9,94.0,10.1509
2025-09-17,2025-10-03,16,94.0,13.3929
2025-09-17,2025-10-10,23,94.0,15.5719
2025-09-17,2025-10-17,30,95.0,17.8571
2025-09-17,2025-10-24,37,94.0,18.6012
2025-09-17,2025-10-31,44,94.0,20.8865
2025-09-17,2025-11-21,65,95.0,28.1144
2025-09-17,2025-12-19,93,95.0,32.1003
2025-09-17,2026-01-16,121,95.0,35.7674
2025-09-17,2026-02-20,156,95.0,40.0723
2025-09-17,2026-03-20,184,95.0,42.5702
2025-09-17,2026-06-18,274,95.0,51.233
2025-09-17,2026-09-18,366,95.0,57.1322
2025-09-17,2026-12-18,457,95.0,62.2343
2025-09-17,2027-01-15,485,95.0,62.8189
2025-09-17,2027-12-17,821,95.0,79.8788
2025-09-17,2028-01-21,856,95.0,80.8886
2025-09-18,2025-09-19,1,94.0,3.214
2025-09-18,2025-09-26,8,94.0,8.606
2025-09-18,2025-10-03,15,94.0,12.8028
2025-09-18,2025-10-10,22,94.0,14.8215
2025-09-18,2025-10-17,29,95.0,16.9465
2025-09-18,2025-10-24,36,94.0,18.8589
2025-09-18,2025-10-31,43,94.0,20.7714
2025-09-18,2025-11-21,64,95.0,27.2524
2025-09-18,2025-12-19,92,95.0,31.6617
2025-09-18,2026-01-16,120,95.0,34.7429
2025-09-18,2026-02-20,155,95.0,40.1615
2025-09-18,2026-03-20,183,95.0,42.5521
2025-09-18,2026-05-15,239,95.0,48.1832
2025-09-18,2026-06-18,273,95.0,50.4675
2025-09-18,2026-09-18,365,95.0,57.6923
2025-09-18,2026-12-18,456,95.0,61.8891
2025-09-18,2027-01-15,484,95.0,64.1203
2025-09-18,2027-12-17,820,95.0,80.0574
2025-09-18,2028-01-21,855,95.0,81.0136
2025-09-19,2025-09-26,7,99.0,8.8108
2025-09-19,2025-10-03,14,99.0,12.4862
2025-09-19,2025-10-10,21,99.0,15.7084
2025-09-19,2025-10-17,28,100.0,17.5712
2025-09-19,2025-10-24,35,99.0,19.2831
2025-09-19,2025-10-31,42,99.0,22.1025
2025-09-19,2025-11-21,63,100.0,27.9428
2025-09-19,2025-12-19,91,100.0,32.4741
2025-09-19,2026-01-16,119,100.0,35.797
2025-09-19,2026-02-20,154,100.0,40.9324
2025-09-19,2026-03-20,182,100.0,43.3491
2025-09-19,2026-05-15,238,100.0,49.5418
2025-09-19,2026-06-18,272,100.0,52.1599
2025-09-19,2026-09-18,364,100.0,57.9499
2025-09-19,2026-12-18,455,100.0,62.8839
2025-09-19,2027-01-15,483,100.0,64.2433
2025-09-19,2027-12-17,819,100.0,80.5055
2025-09-19,2028-01-21,854,100.0,81.8145
2025-09-22,2025-09-26,4,107.0,7.5516
2025-09-22,2025-10-03,11,107.0,11.8668
2025-09-22,2025-10-10,18,107.0,14.8687
2025-09-22,2025-10-17,25,106.0,17.2139
2025-09-22,2025-10-24,32,107.0,19.3715
2025-09-22,2025-10-31,39,105.0,21.4353
2025-09-22,2025-11-21,60,105.0,28.0019
2025-09-22,2025-12-19,88,105.0,32.4578
2025-09-22,2026-01-16,116,105.0,37.2889
2025-09-22,2026-02-20,151,105.0,41.4165
2025-09-22,2026-03-20,179,105.0,43.8086
2025-09-22,2026-05-15,235,105.0,49.9062
2025-09-22,2026-06-18,269,105.0,52.4859
2025-09-22,2026-09-18,361,105.0,58.1614
2025-09-22,2026-12-18,452,105.0,63.0394
2025-09-22,2027-01-15,480,105.0,65.1032
2025-09-22,2027-12-17,816,105.0,79.5028
2025-09-22,2028-01-21,851,105.0,80.4878
2025-09-23,2025-09-26,3,108.0,6.5863
2025-09-23,2025-10-03,10,108.0,11.0853
2025-09-23,2025-10-10,17,108.0,14.6568
2025-09-23,2025-10-17,24,106.0,16.744
2025-09-23,2025-10-24,31,108.0,19.295
2025-09-23,2025-10-31,38,110.0,22.1243
2025-09-23,2025-11-21,59,110.0,28.4787
2025-09-23,2025-12-19,87,110.0,33.1633
2025-09-23,2026-01-16,115,110.0,37.384
2025-09-23,2026-02-20,150,110.0,42.718
2025-09-23,2026-03-20,178,110.0,45.4545
2025-09-23,2026-05-15,234,110.0,51.2523
2025-09-23,2026-06-18,268,110.0,53.6642
2025-09-23,2026-09-18,360,110.0,59.1373
2025-09-23,2026-12-18,451,110.0,64.1466
2025-09-23,2027-01-15,479,110.0,65.7699
2025-09-23,2027-12-17,815,110.0,81.3544
2025-09-23,2028-01-21,850,110.0,82.1892
2025-09-24,2025-09-26,2,113.0,5.7847
2025-09-24,2025-10-03,9,113.0,11.1278
2025-09-24,2025-10-10,16,113.0,14.5721
2025-09-24,2025-10-17,23,115.0,17.619
2025-09-24,2025-10-24,30,113.0,18.8996
2025-09-24,2025-10-31,37,115.0,23.3595
2025-09-24,2025-11-21,58,115.0,29.4975
2025-09-24,2025-12-19,86,115.0,34.399
2025-09-24,2026-01-16,114,115.0,39.0356
2025-09-24,2026-02-20,149,115.0,43.9813
2025-09-24,2026-03-20,177,115.0,48.4854
2025-09-24,2026-05-15,233,115.0,53.5194
2025-09-24,2026-06-18,267,115.0,55.9922
2025-09-24,2026-09-18,359,115.0,61.9535
2025-09-24,2026-12-18,450,115.0,66.6343
2025-09-24,2027-01-15,478,115.0,68.6655
2025-09-24,2027-12-17,814,115.0,82.8844
2025-09-24,2028-01-21,849,115.0,84.0767
2025-09-25,2025-09-26,1,108.0,4.169
2025-09-25,2025-10-03,8,108.0,10.5151
2025-09-25,2025-10-10,15,108.0,14.0819
2025-09-25,2025-10-17,22,106.0,16.9539
2025-09-25,2025-10-24,29,108.0,20.0111
2025-09-25,2025-10-31,36,108.0,23.3463
2025-09-25,2025-11-07,43,108.0,25.4308
2025-09-25,2025-11-21,57,110.0,29.6461
2025-09-25,2025-12-19,85,110.0,34.6489
2025-09-25,2026-01-16,113,110.0,39.1884
2025-09-25,2026-02-20,148,110.0,44.5618
2025-09-25,2026-03-20,176,110.0,47.7117
2025-09-25,2026-05-15,232,110.0,54.521
2025-09-25,2026-06-18,266,110.0,56.5592
2025-09-25,2026-09-18,358,110.0,62.3958
2025-09-25,2026-12-18,449,110.0,66.889
2025-09-25,2027-01-15,477,110.0,68.2787
2025-09-25,2027-12-17,813,110.0,82.6385
2025-09-25,2028-01-21,848,110.0,84.0745
2025-09-26,2025-10-03,7,108.0,8.4494
2025-09-26,2025-10-10,14,108.0,12.2563
2025-09-26,2025-10-17,21,106.0,15.6917
2025-09-26,2025-10-24,28,108.0,17.7809
2025-09-26,2025-10-31,35,108.0,20.9378
2025-09-26,2025-11-07,42,108.0,23.8626
2025-09-26,2025-11-21,56,110.0,28.4123
2025-09-26,2025-12-19,84,110.0,33.7047
2025-09-26,2026-01-16,112,110.0,38.1151
2025-09-26,2026-02-20,147,110.0,43.6862
2025-09-26,2026-03-20,175,110.0,46.5181
2025-09-26,2026-05-15,231,110.0,52.6927
2025-09-26,2026-06-18,265,110.0,55.7103
2025-09-26,2026-09-18,357,110.0,61.0956
2025-09-26,2026-12-18,448,110.0,66.156
2025-09-26,2027-01-15,476,110.0,67.7809
2025-09-26,2027-12-17,812,110.0,81.987
2025-09-26,2028-01-21,847,110.0,82.8691
2025-09-29,2025-10-03,4,110.0,7.3489
2025-09-29,2025-10-10,11,110.0,11.5224
2025-09-29,2025-10-17,18,110.0,14.5618
2025-09-29,2025-10-24,25,110.0,17.1022
2025-09-29,2025-10-31,32,110.0,19.4157
2025-09-29,2025-11-07,39,110.0,22.9087
2025-09-29,2025-11-21,53,110.0,27.2183
2025-09-29,2025-12-19,81,110.0,32.6166
2025-09-29,2026-01-16,109,110.0,37.153
2025-09-29,2026-02-20,144,110.0,42.8234
2025-09-29,2026-03-20,172,110.0,45.8628
2025-09-29,2026-05-15,228,110.0,52.0777
2025-09-29,2026-06-18,262,110.0,53.8015
2025-09-29,2026-09-18,354,110.0,59.971
2025-09-29,2026-12-18,445,110.0,64.0537
2025-09-29,2027-01-15,473,110.0,66.0044
2025-09-29,2027-12-17,809,110.0,80.9744
2025-09-29,2028-01-21,844,110.0,81.9724
2025-09-30,2025-10-03,3,112.0,6.4131
2025-09-30,2025-10-10,10,112.0,10.9557
2025-09-30,2025-10-17,17,110.0,14.1178
2025-09-30,2025-10-24,24,112.0,16.6563
2025-09-30,2025-10-31,31,112.0,19.6847
2025-09-30,2025-11-07,38,112.0,22.0005
2025-09-30,2025-11-21,52,110.0,26.8994
2025-09-30,2025-12-19,80,110.0,32.2437
2025-09-30,2026-01-16,108,110.0,36.5636
2025-09-30,2026-02-20,143,110.0,42.3978
2025-09-30,2026-03-20,171,110.0,45.6934
2025-09-30,2026-05-15,227,110.0,51.9284
2025-09-30,2026-06-18,261,110.0,53.7098
2025-09-30,2026-09-18,353,110.0,59.633
2025-09-30,2026-12-18,444,110.0,65.0664
2025-09-30,2027-01-15,472,110.0,66.3579
2025-09-30,2027-12-17,808,110.0,81.0101
2025-09-30,2028-01-21,843,110.0,81.2327
2025-10-01,2025-10-03,2,116.0,5.298
2025-10-01,2025-10-10,9,116.0,10.8987
2025-10-01,2025-10-17,16,115.0,14.0126
2025-10-01,2025-10-24,23,116.0,16.4778
2025-10-01,2025-10-31,30,116.0,19.3755
2025-10-01,2025-11-07,37,116.0,23.0516
2025-10-01,2025-11-21,51,115.0,27.1603
2025-10-01,2025-12-19,79,115.0,32.4799
2025-10-01,2026-01-16,107,115.0,36.7615
2025-10-01,2026-02-20,142,115.0,43.2489
2025-10-01,2026-03-20,170,115.0,46.3195
2025-10-01,2026-05-15,226,115.0,51.8121
2025-10-01,2026-06-18,260,115.0,54.8828
2025-10-01,2026-09-18,352,115.0,59.5537
2025-10-01,2026-12-18,443,115.0,64.5273
2025-10-01,2027-01-15,471,115.0,66.041
2025-10-01,2027-12-17,807,115.0,80.9619
2025-10-01,2028-01-21,842,115.0,82.0863
2025-10-02,2025-10-03,1,126.0,4.0121
2025-10-02,2025-10-10,8,126.0,10.3678
2025-10-02,2025-10-17,15,126.0,13.9032
2025-10-02,2025-10-24,22,126.0,16.7633
2025-10-02,2025-10-31,29,126.0,19.9412
2025-10-02,2025-11-07,36,126.0,23.8341
2025-10-02,2025-11-14,43,126.0,24.6683
2025-10-02,2025-11-21,50,125.0,27.6078
2025-10-02,2025-12-19,78,125.0,32.4144
2025-10-02,2026-01-16,106,125.0,36.6251
2025-10-02,2026-02-20,141,125.0,42.7425
2025-10-02,2026-03-20,169,125.0,45.8409
2025-10-02,2026-05-15,225,125.0,51.9186
2025-10-02,2026-06-18,259,125.0,54.9774
2025-10-02,2026-09-18,351,125.0,60.7373
2025-10-02,2026-12-18,442,125.0,65.4644
2025-10-02,2027-01-15,470,125.0,66.5766
2025-10-02,2027-12-17,806,125.0,81.8702
2025-10-02,2028-01-21,841,125.0,82.9824
2025-10-03,2025-10-10,7,128.0,9.4937
2025-10-03,2025-10-17,14,128.0,13.5568
2025-10-03,2025-10-24,21,128.0,17.073
2025-10-03,2025-10-31,28,128.0,20.1985
2025-10-03,2025-11-07,35,128.0,23.6365
2025-10-03,2025-11-14,42,128.0,24.9648
2025-10-03,2025-11-21,49,130.0,27.6606
2025-10-03,2025-12-19,77,130.0,32.7004
2025-10-03,2026-01-16,105,130.0,37.6621
2025-10-03,2026-02-20,140,130.0,43.874
2025-10-03,2026-03-20,168,130.0,46.687
2025-10-03,2026-05-15,224,130.0,53.4849
2025-10-03,2026-06-18,258,130.0,56.8839
2025-10-03,2026-09-18,350,130.0,63.6037
2025-10-03,2026-12-18,441,130.0,68.4091
2025-10-03,2027-01-15,469,130.0,69.1124
2025-10-03,2027-12-17,805,130.0,83.3333
2025-10-03,2028-01-21,840,130.0,85.5212
2025-10-06,2025-10-10,4,125.0,8.5641
2025-10-06,2025-10-17,11,125.0,12.8462
2025-10-06,2025-10-24,18,125.0,16.2078
2025-10-06,2025-10-31,25,125.0,20.0496
2025-10-06,2025-11-07,32,125.0,22.891
2025-10-06,2025-11-14,39,125.0,25.3322
2025-10-06,2025-11-21,46,125.0,27.8934
2025-10-06,2025-12-19,74,125.0,33.5361
2025-10-06,2026-01-16,102,125.0,38.0182
2025-10-06,2026-02-20,137,125.0,44.0611
2025-10-06,2026-03-20,165,125.0,47.983
2025-10-06,2026-05-15,221,125.0,54.226
2025-10-06,2026-06-18,255,125.0,57.2675
2025-10-06,2026-09-18,347,125.0,63.6305
2025-10-06,2026-12-18,438,125.0,69.5534
2025-10-06,2027-01-15,466,125.0,69.9936
2025-10-06,2027-12-17,802,125.0,84.5206
2025-10-06,2028-01-21,837,125.0,85.7211
2025-10-07,2025-10-10,3,118.0,7.9439
2025-10-07,2025-10-17,10,118.0,13.424
2025-10-07,2025-10-24,17,118.0,16.5675
2025-10-07,2025-10-31,24,118.0,19.9235
2025-10-07,2025-11-07,31,118.0,23.3645
2025-10-07,2025-11-14,38,118.0,26.0833
2025-10-07,2025-11-21,45,120.0,28.3348
2025-10-07,2025-12-19,73,120.0,33.9847
2025-10-07,2026-01-16,101,120.0,39.0824
2025-10-07,2026-02-20,136,120.0,44.3076
2025-10-07,2026-03-20,164,120.0,48.4707
2025-10-07,2026-05-15,220,120.0,55.1827
2025-10-07,2026-06-18,254,120.0,57.9439
2025-10-07,2026-09-18,346,120.0,64.7409
2025-10-07,2026-12-18,437,120.0,71.198
2025-10-07,2027-01-15,465,120.0,72.4724
2025-10-07,2027-12-17,801,120.0,87.1708
2025-10-07,2028-01-21,836,120.0,89.1249
2025-10-08,2025-10-10,2,122.0,6.1066
2025-10-08,2025-10-17,9,122.0,12.377
2025-10-08,2025-10-24,16,122.0,15.7787
2025-10-08,2025-10-31,23,122.0,19.5492
2025-10-08,2025-11-07,30,122.0,22.582
2025-10-08,2025-11-14,37,122.0,25.4098
2025-10-08,2025-11-21,44,120.0,27.3361
2025-10-08,2025-12-19,72,120.0,33.1148
2025-10-08,2026-01-16,100,120.0,37.7869
2025-10-08,2026-02-20,135,120.0,43.8934
2025-10-08,2026-03-20,163,120.0,47.7049
2025-10-08,2026-05-15,219,120.0,54.3443
2025-10-08,2026-06-18,253,120.0,56.7623
2025-10-08,2026-09-18,345,120.0,64.2623
2025-10-08,2026-12-18,436,120.0,69.4262
2025-10-08,2027-01-15,464,120.0,70.6148
2025-10-08,2027-12-17,800,120.0,86.0246
2025-10-08,2028-01-21,835,120.0,86.5164
2025-10-09,2025-10-10,1,133.0,4.9759
2025-10-09,2025-10-17,8,133.0,12.2512
2025-10-09,2025-10-24,15,133.0,16.0585
2025-10-09,2025-10-31,22,133.0,19.5642
2025-10-09,2025-11-07,29,133.0,23.56
2025-10-09,2025-11-14,36,133.0,25.4071
2025-10-09,2025-11-21,43,135.0,28.0081
2025-10-09,2025-11-28,50,133.0,29.2521
2025-10-09,2025-12-19,71,135.0,33.7379
2025-10-09,2026-01-16,99,135.0,38.8646
2025-10-09,2026-02-20,134,135.0,44.7452
2025-10-09,2026-03-20,162,135.0,49.1933
2025-10-09,2026-05-15,218,135.0,56.0917
2025-10-09,2026-06-18,252,135.0,58.9943
2025-10-09,2026-09-18,344,135.0,66.4204
2025-10-09,2026-12-18,435,135.0,71.3586
2025-10-09,2027-01-15,463,135.0,71.9994
2025-10-09,2027-12-17,799,135.0,87.7186
2025-10-09,2028-01-21,834,135.0,88.9249
2025-10-10,2025-10-17,7,130.0,11.19
2025-10-10,2025-10-24,14,130.0,16.322
2025-10-10,2025-10-31,21,130.0,20.7208
2025-10-10,2025-11-07,28,130.0,24.0006
2025-10-10,2025-11-14,35,130.0,26.7402
2025-10-10,2025-11-21,42,130.0,29.094
2025-10-10,2025-11-28,49,130.0,30.4445
2025-10-10,2025-12-19,70,130.0,34.9591
2025-10-10,2026-01-16,98,130.0,39.7438
2025-10-10,2026-02-20,133,130.0,46.2649
2025-10-10,2026-03-20,161,130.0,49.6604
2025-10-10,2026-05-15,217,130.0,56.3359
2025-10-10,2026-06-18,251,130.0,59.4227
2025-10-10,2026-09-18,343,130.0,66.2139
2025-10-10,2026-12-18,434,130.0,72.9665
2025-10-10,2027-01-15,462,130.0,74.0083
2025-10-10,2027-12-17,798,130.0,89.4428
2025-10-10,2028-01-21,833,130.0,90.4846
2025-10-13,2025-10-17,4,135.0,8.748
2025-10-13,2025-10-24,11,135.0,13.5464
2025-10-13,2025-10-31,18,135.0,17.7174
2025-10-13,2025-11-07,25,135.0,22.1098
2025-10-13,2025-11-14,32,135.0,25.2473
2025-10-13,2025-11-21,39,135.0,26.7238
2025-10-13,2025-11-28,46,135.0,29.0492
2025-10-13,2025-12-19,67,135.0,33.0725
2025-10-13,2026-01-16,95,135.0,38.683
2025-10-13,2026-02-20,130,135.0,44.6257
2025-10-13,2026-03-20,158,135.0,48.7967
2025-10-13,2026-05-15,214,135.0,56.0313
2025-10-13,2026-06-18,248,135.0,58.652
2025-10-13,2026-09-18,340,135.0,66.2557
2025-10-13,2026-12-18,431,135.0,72.7152
2025-10-13,2027-01-15,459,135.0,73.4903
2025-10-13,2027-12-17,795,135.0,89.2883
2025-10-13,2028-01-21,830,135.0,91.1339
2025-10-14,2025-10-17,3,128.0,7.0425
2025-10-14,2025-10-24,10,128.0,12.6414
2025-10-14,2025-10-31,17,128.0,16.8943
2025-10-14,2025-11-07,24,128.0,21.6933
2025-10-14,2025-11-14,31,128.0,24.4245
2025-10-14,2025-11-21,38,130.0,27.1167
2025-10-14,2025-11-28,45,128.0,28.1701
2025-10-14,2025-12-19,66,130.0,33.0472
2025-10-14,2026-01-16,94,130.0,37.6512
2025-10-14,2026-02-20,129,130.0,45.0644
2025-10-14,2026-03-20,157,130.0,48.927
2025-10-14,2026-05-15,213,130.0,55.755
2025-10-14,2026-06-18,247,130.0,59.4226
2025-10-14,2026-09-18,339,130.0,67.1479
2025-10-14,2026-12-18,430,130.0,73.0784
2025-10-14,2027-01-15,458,130.0,74.7561
2025-10-14,2027-12-17,794,130.0,91.1432
2025-10-14,2028-01-21,829,130.0,92.4698
2025-10-15,2025-10-17,2,126.0,7.0333
2025-10-15,2025-10-24,9,126.0,13.1129
2025-10-15,2025-10-31,16,126.0,17.4442
2025-10-15,2025-11-07,23,126.0,20.9012
2025-10-15,2025-11-14,30,126.0,23.6827
2025-10-15,2025-11-21,37,125.0,25.9874
2025-10-15,2025-11-28,44,126.0,27.1398
2025-10-15,2025-12-19,65,125.0,32.1068
2025-10-15,2026-01-16,93,125.0,37.3917
2025-10-15,2026-02-20,128,125.0,43.67
2025-10-15,2026-03-20,156,125.0,48.5178
2025-10-15,2026-05-15,212,125.0,55.6306
2025-10-15,2026-06-18,246,125.0,58.3724
2025-10-15,2026-09-18,338,125.0,66.121
2025-10-15,2026-12-18,429,125.0,72.0814
2025-10-15,2027-01-15,457,125.0,73.7106
2025-10-15,2027-12-17,793,125.0,90.519
2025-10-15,2028-01-21,828,125.0,91.4329
2025-10-16,2025-10-17,1,123.0,4.5717
2025-10-16,2025-10-24,8,123.0,11.541
2025-10-16,2025-10-31,15,123.0,17.3927
2025-10-16,2025-11-07,22,123.0,21.5377
2025-10-16,2025-11-14,29,123.0,24.301
2025-10-16,2025-11-21,36,125.0,27.3488
2025-10-16,2025-11-28,43,123.0,28.0397
2025-10-16,2025-12-19,64,125.0,32.7942
2025-10-16,2026-01-16,92,125.0,37.7926
2025-10-16,2026-02-20,127,125.0,43.5224
2025-10-16,2026-03-20,155,125.0,48.5614
2025-10-16,2026-05-15,211,125.0,55.551
2025-10-16,2026-06-18,245,125.0,58.5988
2025-10-16,2026-09-18,337,125.0,67.1733
2025-10-16,2026-12-18,428,125.0,73.5127
2025-10-16,2027-01-15,456,125.0,75.3414
2025-10-16,2027-12-17,792,125.0,91.6775
2025-10-16,2028-01-21,827,125.0,93.1404
2025-10-17,2025-10-24,7,113.0,9.9612
2025-10-17,2025-10-31,14,113.0,15.5589
2025-10-17,2025-11-07,21,113.0,20.3191
2025-10-17,2025-11-14,28,113.0,23.2722
2025-10-17,2025-11-21,35,115.0,25.8286
2025-10-17,2025-11-28,42,113.0,26.2253
2025-10-17,2025-12-19,63,115.0,32.1756
2025-10-17,2026-01-16,91,115.0,37.7733
2025-10-17,2026-02-20,126,115.0,43.4591
2025-10-17,2026-03-20,154,115.0,48.6601
2025-10-17,2026-05-15,210,115.0,56.109
2025-10-17,2026-06-18,244,115.0,59.018
2025-10-17,2026-09-18,336,115.0,66.5991
2025-10-17,2026-12-18,427,115.0,72.946
2025-10-17,2027-01-15,455,115.0,74.092
2025-10-17,2027-12-17,791,115.0,91.9429
2025-10-17,2028-01-21,826,115.0,92.9566
2025-10-20,2025-10-24,4,109.0,8.578
2025-10-20,2025-10-31,11,109.0,13.8073
2025-10-20,2025-11-07,18,109.0,18.6697
2025-10-20,2025-11-14,25,109.0,22.4771
2025-10-20,2025-11-21,32,109.0,25.5046
2025-10-20,2025-11-28,39,109.0,26.7431
2025-10-20,2025-12-19,60,110.0,30.9174
2025-10-20,2026-01-16,88,110.0,36.789
2025-10-20,2026-02-20,123,110.0,43.211
2025-10-20,2026-03-20,151,110.0,47.4771
2025-10-20,2026-05-15,207,110.0,56.422
2025-10-20,2026-06-18,241,110.0,58.945
2025-10-20,2026-09-18,333,110.0,67.5688
2025-10-20,2026-12-18,424,110.0,72.9358
2025-10-20,2027-01-15,452,110.0,75.0
2025-10-20,2027-12-17,788,110.0,91.422
2025-10-20,2028-01-21,823,110.0,92.8899
2025-10-21,2025-10-24,3,104.0,7.8155
2025-10-21,2025-10-31,10,104.0,13.0418
2025-10-21,2025-11-07,17,104.0,18.0284
2025-10-21,2025-11-14,24,104.0,21.4327
2025-10-21,2025-11-21,31,104.0,24.9808
2025-10-21,2025-11-28,38,105.0,25.8918
2025-10-21,2025-12-19,59,105.0,31.5017
2025-10-21,2026-01-16,87,105.0,37.7829
2025-10-21,2026-02-20,122,105.0,42.7695
2025-10-21,2026-03-20,150,105.0,48.0437
2025-10-21,2026-05-15,206,105.0,54.8523
2025-10-21,2026-06-18,240,105.0,58.9758
2025-10-21,2026-09-18,332,105.0,67.99
2025-10-21,2026-12-18,423,105.0,75.6617
2025-10-21,2027-01-15,451,105.0,76.2371
2025-10-21,2027-12-17,787,105.0,94.1695
2025-10-21,2028-01-21,822,105.0,95.8477
2025-10-22,2025-10-24,2,99.0,6.2868
2025-10-22,2025-10-31,9,99.0,13.334
2025-10-22,2025-11-07,16,99.0,17.0858
2025-10-22,2025-11-14,23,99.0,24.1837
2025-10-22,2025-11-21,30,100.0,26.0089
2025-10-22,2025-11-28,37,100.0,27.2257
2025-10-22,2025-12-19,58,100.0,33.2083
2025-10-22,2026-01-16,86,100.0,37.6698
2025-10-22,2026-02-20,121,100.0,44.0073
2025-10-22,2026-03-20,149,100.0,49.9899
2025-10-22,2026-05-15,205,100.0,56.378
2025-10-22,2026-06-18,239,100.0,61.0424
2025-10-22,2026-09-18,331,100.0,68.7994
2025-10-22,2026-12-18,422,100.0,76.5565
2025-10-22,2027-01-15,450,100.0,78.4831
2025-10-22,2027-12-17,786,100.0,95.5688
2025-10-22,2028-01-21,821,100.0,96.3293
2025-10-23,2025-10-24,1,106.0,4.286
2025-10-23,2025-10-31,8,106.0,11.9631
2025-10-23,2025-11-07,15,106.0,15.8723
2025-10-23,2025-11-14,22,106.0,22.5603
2025-10-23,2025-11-21,29,106.0,25.292
2025-10-23,2025-11-28,36,106.0,26.8463
2025-10-23,2025-12-05,43,106.0,28.2121
2025-10-23,2025-12-19,57,105.0,31.98
2025-10-23,2026-01-16,85,105.0,37.3022
2025-10-23,2026-02-20,120,105.0,43.7076
2025-10-23,2026-03-20,148,105.0,48.3704
2025-10-23,2026-05-15,204,105.0,55.341
2025-10-23,2026-06-18,238,105.0,59.8154
2025-10-23,2026-09-18,330,105.0,67.9164
2025-10-23,2026-12-18,421,105.0,74.6986
2025-10-23,2027-01-15,449,105.0,76.2999
2025-10-23,2027-12-17,785,105.0,94.9039
2025-10-23,2028-01-21,820,105.0,96.9292
2025-10-24,2025-10-31,7,117.0,10.5322
2025-10-24,2025-11-07,14,117.0,15.4358
2025-10-24,2025-11-14,21,117.0,21.7465
2025-10-24,2025-11-21,28,117.0,24.7314
2025-10-24,2025-11-28,35,117.0,26.3091
2025-10-24,2025-12-05,42,116.0,28.1426
2025-10-24,2025-12-19,56,115.0,32.1934
2025-10-24,2026-01-16,84,115.0,37.4808
2025-10-24,2026-02-20,119,115.0,44.1327
2025-10-24,2026-03-20,147,115.0,47.6292
2025-10-24,2026-05-15,203,115.0,55.5177
2025-10-24,2026-06-18,237,115.0,59.6964
2025-10-24,2026-09-18,329,115.0,67.6701
2025-10-24,2026-12-18,420,115.0,73.8956
2025-10-24,2027-01-15,448,115.0,76.2835
2025-10-24,2027-12-17,784,115.0,94.0218
2025-10-24,2028-01-21,819,115.0,95.7274
2025-10-27,2025-10-31,4,125.0,9.5272
2025-10-27,2025-11-07,11,125.0,14.231
2025-10-27,2025-11-14,18,125.0,21.4462
2025-10-27,2025-11-21,25,125.0,24.3164
2025-10-27,2025-11-28,32,125.0,24.994
2025-10-27,2025-12-05,39,125.0,27.9439
2025-10-27,2025-12-19,53,125.0,31.1728
2025-10-27,2026-01-16,81,125.0,38.1488
2025-10-27,2026-02-20,116,125.0,43.9687
2025-10-27,2026-03-20,144,125.0,48.8719
2025-10-27,2026-05-15,200,125.0,56.9242
2025-10-27,2026-06-18,234,125.0,60.0733
2025-10-27,2026-09-18,326,125.0,68.4047
2025-10-27,2026-12-18,417,125.0,75.9786
2025-10-27,2027-01-15,445,125.0,77.5333
2025-10-27,2027-12-17,781,125.0,94.9534
2025-10-27,2028-01-21,816,125.0,96.3884
2025-10-28,2025-10-31,3,122.0,8.4134
2025-10-28,2025-11-07,10,122.0,13.5845
2025-10-28,2025-11-14,17,122.0,20.8077
2025-10-28,2025-11-21,24,122.0,23.8447
2025-10-28,2025-11-28,31,122.0,25.2401
2025-10-28,2025-12-05,38,122.0,27.0459
2025-10-28,2025-12-19,52,120.0,30.8216
2025-10-28,2026-01-16,80,120.0,36.7726
2025-10-28,2026-02-20,115,120.0,43.257
2025-10-28,2026-03-20,143,120.0,48.7154
2025-10-28,2026-05-15,199,120.0,55.364
2025-10-28,2026-06-18,233,120.0,58.401
2025-10-28,2026-09-18,325,120.0,67.7994
2025-10-28,2026-12-18,416,120.0,74.5301
2025-10-28,2027-01-15,444,120.0,76.5411
2025-10-28,2027-12-17,780,120.0,94.8042
2025-10-28,2028-01-21,815,120.0,96.2407
2025-10-29,2025-10-31,2,125.0,8.1535
2025-10-29,2025-11-07,9,125.0,14.1886
2025-10-29,2025-11-14,16,125.0,22.0624
2025-10-29,2025-11-21,23,125.0,24.4205
2025-10-29,2025-11-28,30,125.0,26.9384
2025-10-29,2025-12-05,37,125.0,28.2974
2025-10-29,2025-12-19,51,125.0,32.5739
2025-10-29,2026-01-16,79,125.0,38.0895
2025-10-29,2026-02-20,114,125.0,44.8042
2025-10-29,2026-03-20,142,125.0,50.1599
2025-10-29,2026-05-15,198,125.0,57.0743
2025-10-29,2026-06-18,232,125.0,60.8313
2025-10-29,2026-09-18,324,125.0,69.4245
2025-10-29,2026-12-18,415,125.0,76.7386
2025-10-29,2027-01-15,443,125.0,78.3373
2025-10-29,2027-12-17,779,125.0,96.7226
2025-10-29,2028-01-21,814,125.0,97.6819
2025-10-30,2025-10-31,1,124.0,4.5297
2025-10-30,2025-11-07,8,124.0,12.1195
2025-10-30,2025-11-14,15,124.0,19.9307
2025-10-30,2025-11-21,22,124.0,22.5479
2025-10-30,2025-11-28,29,124.0,24.8832
2025-10-30,2025-12-05,36,124.0,26.4938
2025-10-30,2025-12-12,43,124.0,29.2318
2025-10-30,2025-12-19,50,125.0,31.3255
2025-10-30,2026-01-16,78,125.0,37.6067
2025-10-30,2026-02-20,113,125.0,44.5724
2025-10-30,2026-03-20,141,125.0,48.6793
2025-10-30,2026-05-15,197,125.0,57.014
2025-10-30,2026-06-18,231,125.0,61.2015
2025-10-30,2026-09-18,323,125.0,69.9388
2025-10-30,2026-12-18,414,125.0,77.1863
2025-10-30,2027-01-15,442,125.0,78.5151
2025-10-30,2027-12-17,778,125.0,95.9494
2025-10-30,2028-01-21,813,125.0,97.721
2025-10-31,2025-11-07,7,131.0,10.3195
2025-10-31,2025-11-14,14,131.0,19.3013
2025-10-31,2025-11-21,21,130.0,22.4736
2025-10-31,2025-11-28,28,131.0,24.3846
2025-10-31,2025-12-05,35,131.0,26.9072
2025-10-31,2025-12-12,42,131.0,29.3533
2025-10-31,2025-12-19,49,130.0,30.5764
2025-10-31,2026-01-16,77,130.0,36.5005
2025-10-31,2026-02-20,112,130.0,44.3739
2025-10-31,2026-03-20,140,130.0,49.1897
2025-10-31,2026-05-15,196,130.0,56.6045
2025-10-31,2026-06-18,230,130.0,60.9234
2025-10-31,2026-09-18,322,130.0,69.0644
2025-10-31,2026-12-18,413,130.0,76.976
2025-10-31,2027-01-15,441,130.0,78.9252
2025-10-31,2027-12-17,777,130.0,96.2391
2025-10-31,2028-01-21,812,130.0,97.5768
2025-11-03,2025-11-07,4,120.0,9.2139
2025-11-03,2025-11-14,11,120.0,18.7599
2025-11-03,2025-11-21,18,120.0,21.4576
2025-11-03,2025-11-28,25,120.0,23.4913
2025-11-03,2025-12-05,32,120.0,26.1476
2025-11-03,2025-12-12,39,120.0,28.4303
2025-11-03,2025-12-19,46,120.0,30.1735
2025-11-03,2026-01-16,74,120.0,36.1916
2025-11-03,2026-02-20,109,120.0,43.8698
2025-11-03,2026-03-20,137,120.0,48.1448
2025-11-03,2026-05-15,193,120.0,55.574
2025-11-03,2026-06-18,227,120.0,59.3094
2025-11-03,2026-09-18,319,120.0,69.2704
2025-11-03,2026-12-18,410,120.0,76.2015
2025-11-03,2027-01-15,438,120.0,78.4013
2025-11-03,2027-12-17,774,120.0,95.667
2025-11-03,2028-01-21,809,120.0,97.3271
2025-11-04,2025-11-07,3,111.0,8.6394
2025-11-04,2025-11-14,10,111.0,19.45
2025-11-04,2025-11-21,17,111.0,22.7519
2025-11-04,2025-11-28,24,111.0,23.7018
2025-11-04,2025-12-05,31,111.0,25.4659
2025-11-04,2025-12-12,38,111.0,28.7679
2025-11-04,2025-12-19,45,110.0,29.8534
2025-11-04,2026-01-16,73,110.0,36.4122
2025-11-04,2026-02-20,108,110.0,43.6494
2025-11-04,2026-03-20,136,110.0,49.7557
2025-11-04,2026-05-15,192,110.0,56.4954
2025-11-04,2026-06-18,226,110.0,60.0688
2025-11-04,2026-09-18,318,110.0,70.1556
2025-11-04,2026-12-18,409,110.0,77.9356
2025-11-04,2027-01-15,437,110.0,79.1569
2025-11-04,2027-12-17,773,110.0,96.2547
2025-11-04,2028-01-21,808,110.0,98.1997
2025-11-05,2025-11-07,2,117.0,7.1368
2025-11-05,2025-11-14,9,117.0,18.3761
2025-11-05,2025-11-21,16,117.0,21.1111
2025-11-05,2025-11-28,23,117.0,23.1624
2025-11-05,2025-12-05,30,117.0,25.7692
2025-11-05,2025-12-12,37,117.0,28.2051
2025-11-05,2025-12-19,44,115.0,29.4872
2025-11-05,2026-01-16,72,115.0,35.8547
2025-11-05,2026-02-20,107,115.0,43.4188
2025-11-05,2026-03-20,135,115.0,48.5043
2025-11-05,2026-05-15,191,115.0,56.6667
2025-11-05,2026-06-18,225,115.0,60.6838
2025-11-05,2026-09-18,317,115.0,69.1026
2025-11-05,2026-12-18,408,115.0,77.1795
2025-11-05,2027-01-15,436,115.0,78.5043
2025-11-05,2027-12-17,772,115.0,96.4103
2025-11-05,2028-01-21,807,115.0,97.8632
2025-11-06,2025-11-07,1,109.0,5.5967
2025-11-06,2025-11-14,8,109.0,17.0413
2025-11-06,2025-11-21,15,109.0,20.8333
2025-11-06,2025-11-28,22,109.0,22.5238
2025-11-06,2025-12-05,29,109.0,24.7167
2025-11-06,2025-12-12,36,109.0,27.9605
2025-11-06,2025-12-19,43,110.0,30.2449
2025-11-06,2025-12-26,50,109.0,30.519
2025-11-06,2026-01-16,71,110.0,36.2756
2025-11-06,2026-02-20,106,110.0,43.951
2025-11-06,2026-03-20,134,110.0,48.8395
2025-11-06,2026-05-15,190,110.0,56.0124
2025-11-06,2026-06-18,224,110.0,60.3527
2025-11-06,2026-09-18,316,110.0,69.7643
2025-11-06,2026-12-18,407,110.0,78.125
2025-11-06,2027-01-15,435,110.0,79.1301
2025-11-06,2027-12-17,771,110.0,97.9075
2025-11-06,2028-01-21,806,110.0,99.4609
2025-11-07,2025-11-14,7,111.0,15.771
2025-11-07,2025-11-21,14,111.0,19.7699
2025-11-07,2025-11-28,21,111.0,23.005
2025-11-07,2025-12-05,28,111.0,25.1168
2025-11-07,2025-12-12,35,111.0,27.4083
2025-11-07,2025-12-19,42,110.0,28.5316
2025-11-07,2025-12-26,49,111.0,30.7333
2025-11-07,2026-01-16,70,110.0,35.496
2025-11-07,2026-02-20,105,110.0,43.1794
2025-11-07,2026-03-20,133,110.0,47.5377
2025-11-07,2026-05-15,189,110.0,56.8835
2025-11-07,2026-06-18,223,110.0,61.3767
2025-11-07,2026-09-18,315,110.0,69.9587
2025-11-07,2026-12-18,406,110.0,77.0579
2025-11-07,2027-01-15,434,110.0,78.6754
2025-11-07,2027-12-17,770,110.0,97.0525
2025-11-07,2028-01-21,805,110.0,99.4788
2025-11-10,2025-11-14,4,110.0,13.9154
2025-11-10,2025-11-21,11,110.0,18.3265
2025-11-10,2025-11-28,18,110.0,20.9186
2025-11-10,2025-12-05,25,110.0,24.4657
2025-11-10,2025-12-12,32,110.0,26.0573
2025-11-10,2025-12-19,39,110.0,28.2856
2025-11-10,2025-12-26,46,110.0,29.9682
2025-11-10,2026-01-16,67,110.0,34.6976
2025-11-10,2026-02-20,102,110.0,43.4288
2025-11-10,2026-03-20,130,110.0,47.2033
2025-11-10,2026-05-15,186,110.0,56.2074
2025-11-10,2026-06-18,220,110.0,60.0273
2025-11-10,2026-09-18,312,110.0,69.8499
2025-11-10,2026-12-18,403,110.0,77.4898
2025-11-10,2027-01-15,431,110.0,78.3993
2025-11-10,2027-12-17,767,110.0,96.9986
2025-11-10,2028-01-21,802,110.0,98.4538
2025-11-11,2025-11-14,3,102.0,8.2176
2025-11-11,2025-11-21,10,102.0,13.647
2025-11-11,2025-11-28,17,102.0,16.8754
2025-11-11,2025-12-05,24,102.0,19.3211
2025-11-11,2025-12-12,31,102.0,21.8157
2025-11-11,2025-12-19,38,100.0,24.4571
2025-11-11,2025-12-26,45,102.0,25.9245
2025-11-11,2026-01-16,66,100.0,31.3539
2025-11-11,2026-02-20,101,100.0,38.6421
2025-11-11,2026-03-20,129,100.0,44.2184
2025-11-11,2026-05-15,185,100.0,53.0718
2025-11-11,2026-06-18,219,100.0,57.0338
2025-11-11,2026-09-18,311,100.0,65.9851
2025-11-11,2026-12-18,402,100.0,74.2027
2025-11-11,2027-01-15,430,100.0,75.4745
2025-11-11,2027-12-17,766,100.0,93.7683
2025-11-11,2028-01-21,801,100.0,95.7738
2025-11-12,2025-11-14,2,94.0,6.756
2025-11-12,2025-11-21,9,95.0,12.9822
2025-11-12,2025-11-28,16,94.0,16.1085
2025-11-12,2025-12-05,23,94.0,19.8707
2025-11-12,2025-12-12,30,95.0,22.7851
2025-11-12,2025-12-19,37,95.0,24.7457
2025-11-12,2025-12-26,44,95.0,25.4345
2025-11-12,2026-01-16,65,95.0,31.3692
2025-11-12,2026-02-20,100,95.0,39.1056
2025-11-12,2026-03-20,128,95.0,44.2984
2025-11-12,2026-05-15,184,95.0,52.9886
2025-11-12,2026-06-18,218,95.0,57.7045
2025-11-12,2026-09-18,310,95.0,66.9245
2025-11-12,2026-12-18,401,95.0,75.2437
2025-11-12,2027-01-15,429,95.0,77.6282
2025-11-12,2027-12-17,765,95.0,95.5914
2025-11-12,2028-01-21,800,95.0,96.2802
2025-11-13,2025-11-14,1,89.0,5.444
2025-11-13,2025-11-21,8,90.0,13.483
2025-11-13,2025-11-28,15,89.0,16.0217
2025-11-13,2025-12-05,22,89.0,20.4784
2025-11-13,2025-12-12,29,89.0,22.4529
2025-11-13,2025-12-19,36,90.0,25.9506
2025-11-13,2025-12-26,43,89.0,27.3045
2025-11-13,2026-01-02,50,89.0,28.7149
2025-11-13,2026-01-16,64,90.0,33.4537
2025-11-13,2026-02-20,99,90.0,41.9722
2025-11-13,2026-03-20,127,90.0,46.711
2025-11-13,2026-05-15,183,90.0,56.1887
2025-11-13,2026-06-18,217,90.0,59.5171
2025-11-13,2026-09-18,309,90.0,68.3741
2025-11-13,2026-12-18,400,90.0,76.2157
2025-11-13,2027-01-15,428,90.0,78.8108
2025-11-13,2027-12-17,764,90.0,96.807
2025-11-13,2028-01-21,799,90.0,99.1199
2025-11-14,2025-11-21,7,85.0,12.3294
2025-11-14,2025-11-28,14,84.0,16.2198
2025-11-14,2025-12-05,21,84.0,19.4518
2025-11-14,2025-12-12,28,84.0,21.9655
2025-11-14,2025-12-19,35,85.0,25.2574
2025-11-14,2025-12-26,42,84.0,26.9332
2025-11-14,2026-01-02,49,84.0,27.8908
2025-11-14,2026-01-16,63,85.0,32.8585
2025-11-14,2026-02-20,98,85.0,42.7939
2025-11-14,2026-03-20,126,85.0,47.1032
2025-11-14,2026-05-15,182,85.0,55.4226
2025-11-14,2026-06-18,216,85.0,60.2107
2025-11-14,2026-09-18,308,85.0,69.4278
2025-11-14,2026-12-18,399,85.0,76.8494
2025-11-14,2027-01-15,427,85.0,78.3457
2025-11-14,2027-12-17,763,85.0,97.7376
2025-11-14,2028-01-21,798,85.0,99.3536
2025-11-17,2025-11-21,4,86.0,10.8746
2025-11-17,2025-11-28,11,86.0,14.9453
2025-11-17,2025-12-05,18,86.0,19.0742
2025-11-17,2025-12-12,25,86.0,21.1096
2025-11-17,2025-12-19,32,85.0,24.7732
2025-11-17,2025-12-26,39,86.0,26.5759
2025-11-17,2026-01-02,46,86.0,27.7972
2025-11-17,2026-01-16,60,85.0,32.7402
2025-11-17,2026-02-20,95,85.0,41.2887
2025-11-17,2026-03-20,123,85.0,46.5806
2025-11-17,2026-05-15,179,85.0,54.6057
2025-11-17,2026-06-18,213,85.0,58.9672
2025-11-17,2026-09-18,305,85.0,68.6206
2025-11-17,2026-12-18,396,85.0,75.7734
2025-11-17,2027-01-15,424,85.0,78.5648
2025-11-17,2027-12-17,760,85.0,96.5922
2025-11-17,2028-01-21,795,85.0,98.2205
2025-11-18,2025-11-21,3,91.0,10.0508
2025-11-18,2025-11-28,10,91.0,14.7449
2025-11-18,2025-12-05,17,91.0,19.1076
2025-11-18,2025-12-12,24,91.0,21.9792
2025-11-18,2025-12-19,31,90.0,24.9613
2025-11-18,2025-12-26,38,91.0,27.5017
2025-11-18,2026-01-02,45,91.0,29.2136
2025-11-18,2026-01-16,59,90.0,32.5271
2025-11-18,2026-02-20,94,90.0,42.0256
2025-11-18,2026-03-20,122,90.0,46.2779
2025-11-18,2026-05-15,178,90.0,55.666
2025-11-18,2026-06-18,212,90.0,60.2496
2025-11-18,2026-09-18,304,90.0,69.8586
2025-11-18,2026-12-18,395,90.0,77.2587
2025-11-18,2027-01-15,423,90.0,79.9094
2025-11-18,2027-12-17,759,90.0,98.4095
2025-11-18,2028-01-21,794,90.0,100.3424
2025-11-19,2025-11-21,2,95.0,8.783
2025-11-19,2025-11-28,9,95.0,13.7267
2025-11-19,2025-12-05,16,95.0,17.7238
2025-11-19,2025-12-12,23,95.0,21.7208
2025-11-19,2025-12-19,30,95.0,23.9823
2025-11-19,2025-12-26,37,95.0,25.7705
2025-11-19,2026-01-02,44,95.0,28.1898
2025-11-19,2026-01-16,58,95.0,31.9764
2025-11-19,2026-02-20,93,95.0,41.075
2025-11-19,2026-03-20,121,95.0,46.1239
2025-11-19,2026-05-15,177,95.0,54.6965
2025-11-19,2026-06-18,211,95.0,59.5877
2025-11-19,2026-09-18,303,95.0,69.8959
2025-11-19,2026-12-18,394,95.0,77.0485
2025-11-19,2027-01-15,422,95.0,79.0996
2025-11-19,2027-12-17,758,95.0,98.3486
2025-11-19,2028-01-21,793,95.0,100.1893
2025-11-20,2025-11-21,1,85.0,6.6458
2025-11-20,2025-11-28,8,85.0,13.9414
2025-11-20,2025-12-05,15,85.0,18.9627
2025-11-20,2025-12-12,22,85.0,21.7982
2025-11-20,2025-12-19,29,85.0,24.7519
2025-11-20,2025-12-26,36,85.0,27.4693
2025-11-20,2026-01-02,43,85.0,28.9461
2025-11-20,2026-01-16,57,85.0,32.077
2025-11-20,2026-02-20,92,85.0,41.2925
2025-11-20,2026-03-20,120,85.0,47.1999
2025-11-20,2026-05-15,176,85.0,54.9386
2025-11-20,2026-06-18,210,85.0,59.5463
2025-11-20,2026-09-18,302,85.0,69.3526
2025-11-20,2026-12-18,393,85.0,77.3866
2025-11-20,2027-01-15,421,85.0,79.0406
2025-11-20,2027-12-17,757,85.0,97.8261
2025-11-20,2028-01-21,792,85.0,100.0118
2025-11-21,2025-11-28,7,83.0,11.5301
2025-11-21,2025-12-05,14,83.0,17.5354
2025-11-21,2025-12-12,21,83.0,21.8592
2025-11-21,2025-12-19,28,85.0,24.8018
2025-11-21,2025-12-26,35,83.0,25.042
2025-11-21,2026-01-02,42,83.0,27.9246
2025-11-21,2026-01-16,56,85.0,33.2693
2025-11-21,2026-02-20,91,85.0,41.3164
2025-11-21,2026-03-20,119,85.0,47.0214
2025-11-21,2026-05-15,175,85.0,56.87
2025-11-21,2026-06-18,209,85.0,60.9536
2025-11-21,2026-09-18,301,85.0,70.6822
2025-11-21,2026-12-18,392,85.0,77.288
2025-11-21,2027-01-15,420,85.0,80.1705
2025-11-21,2027-12-17,756,85.0,99.6877
2025-11-21,2028-01-21,791,85.0,100.6486
2025-11-24,2025-11-28,4,92.0,8.2699
2025-11-24,2025-12-05,11,92.0,14.309
2025-11-24,2025-12-12,18,92.0,18.3351
2025-11-24,2025-12-19,25,92.0,22.0892
2025-11-24,2025-12-26,32,92.0,23.0686
2025-11-24,2026-01-02,39,92.0,25.4625
2025-11-24,2026-01-16,53,90.0,29.9782
2025-11-24,2026-02-20,88,90.0,38.901
2025-11-24,2026-03-20,116,90.0,44.1785
2025-11-24,2026-05-15,172,90.0,53.3188
2025-11-24,2026-06-18,206,90.0,58.4875
2025-11-24,2026-09-18,298,90.0,68.0631
2025-11-24,2026-12-18,389,90.0,75.0816
2025-11-24,2027-01-15,417,90.0,77.4755
2025-11-24,2027-12-17,753,90.0,97.5517
2025-11-24,2028-01-21,788,90.0,98.7486
2025-11-25,2025-11-28,3,89.0,6.6382
2025-11-25,2025-12-05,10,89.0,13.2201
2025-11-25,2025-12-12,17,89.0,17.9455
2025-11-25,2025-12-19,24,89.0,20.4208
2025-11-25,2025-12-26,31,89.0,22.5585
2025-11-25,2026-01-02,38,89.0,25.0338
2025-11-25,2026-01-16,52,90.0,29.1404
2025-11-25,2026-02-20,87,90.0,38.5914
2025-11-25,2026-03-20,115,90.0,44.3294
2025-11-25,2026-05-15,171,90.0,53.2741
2025-11-25,2026-06-18,205,90.0,57.887
2025-11-25,2026-09-18,297,90.0,67.8443
2025-11-25,2026-12-18,388,90.0,75.5513
2025-11-25,2027-01-15,416,90.0,77.4077
2025-11-25,2027-12-17,752,90.0,97.5473
2025-11-25,2028-01-21,787,90.0,98.5036
2025-11-26,2025-11-28,2,95.0,3.7491
2025-11-26,2025-12-05,9,95.0,11.1944
2025-11-26,2025-12-12,16,95.0,16.0524
2025-11-26,2025-12-19,23,95.0,19.0622
2025-11-26,2025-12-26,30,95.0,21.7552
2025-11-26,2026-01-02,37,95.0,23.6561
2025-11-26,2026-01-09,44,95.0,25.9795
2025-11-26,2026-01-16,51,95.0,28.1445
2025-11-26,2026-02-20,86,95.0,37.438
2025-11-26,2026-03-20,114,95.0,43.1936
2025-11-26,2026-05-15,170,95.0,52.223
2025-11-26,2026-06-18,204,95.0,55.8137
2025-11-26,2026-09-18,296,95.0,66.3745
2025-11-26,2026-12-18,387,95.0,74.8231
2025-11-26,2027-01-15,415,95.0,76.5128
2025-11-26,2027-12-17,751,95.0,97.8984
2025-11-26,2028-01-21,786,95.0,98.4264
2025-11-28,2025-12-05,7,95.0,9.3286
2025-11-28,2025-12-12,14,95.0,14.0192
2025-11-28,2025-12-19,21,95.0,17.2868
2025-11-28,2025-12-26,28,95.0,19.8166
2025-11-28,2026-01-02,35,95.0,21.6612
2025-11-28,2026-01-09,42,95.0,24.0329
2025-11-28,2026-01-16,49,95.0,26.4046
2025-11-28,2026-02-20,84,95.0,36.471
2025-11-28,2026-03-20,112,95.0,41.8994
2025-11-28,2026-05-15,168,95.0,51.6496
2025-11-28,2026-06-18,202,95.0,55.4443
2025-11-28,2026-09-18,294,95.0,65.5634
2025-11-28,2026-12-18,385,95.0,74.4703
2025-11-28,2027-01-15,413,95.0,75.6825
2025-11-28,2027-12-17,749,95.0,95.9207
2025-11-28,2028-01-21,784,95.0,96.6059
2025-12-01,2025-12-05,4,100.0,8.5372
2025-12-01,2025-12-12,11,100.0,13.1802
2025-12-01,2025-12-19,18,100.0,16.7748
2025-12-01,2025-12-26,25,100.0,18.9216
2025-12-01,2026-01-02,32,100.0,20.7688
2025-12-01,2026-01-09,39,100.0,23.8143
2025-12-01,2026-01-16,46,100.0,26.2606
2025-12-01,2026-02-20,81,100.0,36.2956
2025-12-01,2026-03-20,109,100.0,41.7374
2025-12-01,2026-05-15,165,100.0,50.9236
2025-12-01,2026-06-18,199,100.0,55.7663
2025-12-01,2026-09-18,291,100.0,64.7029
2025-12-01,2026-12-18,382,100.0,73.3899
2025-12-01,2027-01-15,410,100.0,74.638
2025-12-01,2027-12-17,746,100.0,96.006
2025-12-01,2028-01-21,781,100.0,98.0529
2025-12-02,2025-12-05,3,96.0,7.2576
2025-12-02,2025-12-12,10,96.0,12.8564
2025-12-02,2025-12-19,17,96.0,15.9668
2025-12-02,2025-12-26,24,96.0,17.8331
2025-12-02,2026-01-02,31,96.0,20.8398
2025-12-02,2026-01-09,38,96.0,23.4318
2025-12-02,2026-01-16,45,95.0,25.7646
2025-12-02,2026-02-20,80,95.0,35.3551
2025-12-02,2026-03-20,108,95.0,39.7615
2025-12-02,2026-05-15,164,95.0,49.352
2025-12-02,2026-06-18,198,95.0,53.9658
2025-12-02,2026-09-18,290,95.0,63.7118
2025-12-02,2026-12-18,381,95.0,71.7989
2025-12-02,2027-01-15,409,95.0,75.1166
2025-12-02,2027-12-17,745,95.0,95.127
2025-12-02,2028-01-21,780,95.0,96.5267
2025-12-03,2025-12-05,2,99.0,5.459
2025-12-03,2025-12-12,9,99.0,11.8277
2025-12-03,2025-12-19,16,99.0,15.6187
2025-12-03,2025-12-26,23,99.0,18.3987
2025-12-03,2026-01-02,30,99.0,20.3195
2025-12-03,2026-01-09,37,99.0,23.15
2025-12-03,2026-01-16,44,100.0,25.2729
2025-12-03,2026-02-20,79,100.0,35.281
2025-12-03,2026-03-20,107,100.0,41.7509
2025-12-03,2026-05-15,163,100.0,51.0008
2025-12-03,2026-06-18,197,100.0,54.9939
2025-12-03,2026-09-18,289,100.0,63.3846
2025-12-03,2026-12-18,380,100.0,73.1905
2025-12-03,2027-01-15,408,100.0,74.909
2025-12-03,2027-12-17,744,100.0,96.0372
2025-12-03,2028-01-21,779,100.0,97.8063
2025-12-04,2025-12-05,1,103.0,3.7695
2025-12-04,2025-12-12,8,103.0,11.4786
2025-12-04,2025-12-19,15,105.0,15.2237
2025-12-04,2025-12-26,22,103.0,17.607
2025-12-04,2026-01-02,29,103.0,19.893
2025-12-04,2026-01-09,36,103.0,22.3735
2025-12-04,2026-01-16,43,105.0,25.3405
2025-12-04,2026-01-23,50,103.0,26.4591
2025-12-04,2026-02-20,78,105.0,34.7763
2025-12-04,2026-03-20,106,105.0,41.2938
2025-12-04,2026-05-15,162,105.0,50.7296
2025-12-04,2026-06-18,196,105.0,54.7179
2025-12-04,2026-09-18,288,105.0,63.8619
2025-12-04,2026-12-18,379,105.0,74.465
2025-12-04,2027-01-15,407,105.0,75.4864
2025-12-04,2027-12-17,743,105.0,96.2549
2025-12-04,2028-01-21,778,105.0,98.6868
2025-12-05,2025-12-12,7,98.0,9.7409
2025-12-05,2025-12-19,14,98.0,14.0249
2025-12-05,2025-12-26,21,98.0,17.0849
2025-12-05,2026-01-02,28,98.0,19.5328
2025-12-05,2026-01-09,35,98.0,22.2358
2025-12-05,2026-01-16,42,100.0,24.4798
2025-12-05,2026-01-23,49,98.0,26.0098
2025-12-05,2026-02-20,77,100.0,34.9347
2025-12-05,2026-03-20,105,100.0,40.3407
2025-12-05,2026-05-15,161,100.0,49.3166
2025-12-05,2026-06-18,195,100.0,54.4166
2025-12-05,2026-09-18,287,100.0,64.8715
2025-12-05,2026-12-18,378,100.0,72.7764
2025-12-05,2027-01-15,406,100.0,75.8874
2025-12-05,2027-12-17,742,100.0,96.7462
2025-12-05,2028-01-21,777,100.0,97.8172
2025-12-08,2025-12-12,4,100.0,8.7212
2025-12-08,2025-12-19,11,100.0,13.3559
2025-12-08,2025-12-26,18,100.0,15.3493
2025-12-08,2026-01-02,25,100.0,18.3893
2025-12-08,2026-01-09,32,100.0,21.2798
2025-12-08,2026-01-16,39,100.0,23.2234
2025-12-08,2026-01-23,46,100.0,25.0174
2025-12-08,2026-02-20,74,100.0,33.4895
2025-12-08,2026-03-20,102,100.0,39.6193
2025-12-08,2026-05-15,158,100.0,49.1877
2025-12-08,2026-06-18,192,100.0,52.6263
2025-12-08,2026-09-18,284,100.0,63.3908
2025-12-08,2026-12-18,375,100.0,71.514
2025-12-08,2027-01-15,403,100.0,74.1553
2025-12-08,2027-12-17,739,100.0,94.9865
2025-12-08,2028-01-21,774,100.0,97.1295
2025-12-09,2025-12-12,3,96.0,7.8311
2025-12-09,2025-12-19,10,96.0,12.8617
2025-12-09,2025-12-26,17,96.0,15.6623
2025-12-09,2026-01-02,24,96.0,19.1889
2025-12-09,2026-01-09,31,96.0,20.7447
2025-12-09,2026-01-16,38,95.0,23.1304
2025-12-09,2026-01-23,45,96.0,25.153
2025-12-09,2026-02-20,73,95.0,33.7102
2025-12-09,2026-03-20,101,95.0,39.5187
2025-12-09,2026-05-15,157,95.0,49.0094
2025-12-09,2026-06-18,191,95.0,52.7435
2025-12-09,2026-09-18,283,95.0,63.7901
2025-12-09,2026-12-18,374,95.0,71.8286
2025-12-09,2027-01-15,402,95.0,74.681
2025-12-09,2027-12-17,738,95.0,95.2702
2025-12-09,2028-01-21,773,95.0,96.7223
2025-12-10,2025-12-12,2,94.0,6.9452
2025-12-10,2025-12-19,9,94.0,12.0205
2025-12-10,2025-12-26,16,94.0,14.9589
2025-12-10,2026-01-02,23,94.0,16.9356
2025-12-10,2026-01-09,30,94.0,19.6068
2025-12-10,2026-01-16,37,95.0,22.5986
2025-12-10,2026-01-23,44,94.0,23.9342
2025-12-10,2026-02-20,72,95.0,33.3369
2025-12-10,2026-03-20,100,95.0,39.4807
2025-12-10,2026-05-15,156,95.0,49.3108
2025-12-10,2026-06-18,190,95.0,52.5697
2025-12-10,2026-09-18,282,95.0,63.5752
2025-12-10,2026-12-18,373,95.0,72.1765
2025-12-10,2027-01-15,401,95.0,74.0464
2025-12-10,2027-12-17,737,95.0,95.0422
2025-12-10,2028-01-21,772,95.0,97.0189
2025-12-11,2025-12-12,1,94.0,4.3222
2025-12-11,2025-12-19,8,94.0,10.2885
2025-12-11,2025-12-26,15,94.0,13.3114
2025-12-11,2026-01-02,22,94.0,16.3874
2025-12-11,2026-01-09,29,94.0,19.4103
2025-12-11,2026-01-16,36,95.0,21.7437
2025-12-11,2026-01-23,43,94.0,23.706
2025-12-11,2026-01-30,50,94.0,25.7213
2025-12-11,2026-02-20,71,95.0,32.9868
2025-12-11,2026-03-20,99,95.0,39.1387
2025-12-11,2026-05-15,155,95.0,49.2681
2025-12-11,2026-06-18,189,95.0,53.776
2025-12-11,2026-09-18,281,95.0,63.4811
2025-12-11,2026-12-18,372,95.0,71.9665
2025-12-11,2027-01-15,400,95.0,74.7773
2025-12-11,2027-12-17,736,95.0,96.7862
2025-12-11,2028-01-21,771,95.0,97.6347
2025-12-12,2025-12-19,7,88.0,9.7503
2025-12-12,2025-12-26,14,88.0,13.1144
2025-12-12,2026-01-02,21,88.0,15.6232
2025-12-12,2026-01-09,28,88.0,19.6146
2025-12-12,2026-01-16,35,90.0,21.3821
2025-12-12,2026-01-23,42,88.0,23.948
2025-12-12,2026-01-30,49,88.0,26.1147
2025-12-12,2026-02-20,70,90.0,32.7859
2025-12-12,2026-03-20,98,90.0,39.1721
2025-12-12,2026-05-15,154,90.0,48.4662
2025-12-12,2026-06-18,188,90.0,54.2821
2025-12-12,2026-09-18,280,90.0,63.7473
2025-12-12,2026-12-18,371,90.0,71.787
2025-12-12,2027-01-15,399,90.0,74.2958
2025-12-12,2027-12-17,735,90.0,96.6473
2025-12-12,2028-01-21,770,90.0,97.3315
2025-12-15,2025-12-19,4,81.0,9.2433
2025-12-15,2025-12-26,11,81.0,12.5092
2025-12-15,2026-01-02,18,81.0,15.4055
2025-12-15,2026-01-09,25,81.0,18.8563
2025-12-15,2026-01-16,32,80.0,20.8282
2025-12-15,2026-01-23,39,80.0,22.6152
2025-12-15,2026-01-30,46,80.0,24.772
2025-12-15,2026-02-20,67,80.0,31.7353
2025-12-15,2026-03-20,95,80.0,37.9591
2025-12-15,2026-05-15,151,80.0,48.6813
2025-12-15,2026-06-18,185,80.0,52.6867
2025-12-15,2026-09-18,277,80.0,62.2997
2025-12-15,2026-12-18,368,80.0,70.9884
2025-12-15,2027-01-15,396,80.0,73.2684
2025-12-15,2027-12-17,732,80.0,93.6653
2025-12-15,2028-01-21,767,80.0,96.6231
2025-12-16,2025-12-19,3,81.0,7.3502
2025-12-16,2025-12-26,10,81.0,10.9327
2025-12-16,2026-01-02,17,81.0,14.021
2025-12-16,2026-01-09,24,81.0,17.4182
2025-12-16,2026-01-16,31,80.0,19.7653
2025-12-16,2026-01-23,38,80.0,21.8653
2025-12-16,2026-01-30,45,80.0,23.6566
2025-12-16,2026-02-20,66,80.0,30.698
2025-12-16,2026-03-20,94,80.0,36.5658
2025-12-16,2026-05-15,150,80.0,46.2631
2025-12-16,2026-06-18,184,80.0,50.8956
2025-12-16,2026-09-18,276,80.0,61.1489
2025-12-16,2026-12-18,367,80.0,70.5991
2025-12-16,2027-01-15,395,80.0,71.2168
2025-12-16,2027-12-17,731,80.0,94.194
2025-12-16,2028-01-21,766,80.0,94.441
2025-12-17,2025-12-19,2,75.0,6.7594
2025-12-17,2025-12-26,9,75.0,10.8681
2025-12-17,2026-01-02,16,75.0,14.2478
2025-12-17,2026-01-09,23,75.0,17.5613
2025-12-17,2026-01-16,30,75.0,20.1458
2025-12-17,2026-01-23,37,75.0,21.2061
2025-12-17,2026-01-30,44,75.0,23.4592
2025-12-17,2026-02-20,65,75.0,30.9476
2025-12-17,2026-03-20,93,75.0,37.0444
2025-12-17,2026-05-15,149,75.0,46.8522
2025-12-17,2026-06-18,183,75.0,51.8224
2025-12-17,2026-09-18,275,75.0,61.6965
2025-12-17,2026-12-18,366,75.0,71.0404
2025-12-17,2027-01-15,394,75.0,72.5646
2025-12-17,2027-12-17,730,75.0,94.5659
2025-12-17,2028-01-21,765,75.0,96.2889
2025-12-18,2025-12-19,1,78.0,4.1299
2025-12-18,2025-12-26,8,78.0,9.4122
2025-12-18,2026-01-02,15,78.0,13.0619
2025-12-18,2026-01-09,22,78.0,16.5834
2025-12-18,2026-01-16,29,80.0,19.3367
2025-12-18,2026-01-23,36,78.0,21.1295
2025-12-18,2026-01-30,43,78.0,23.3705
2025-12-18,2026-02-20,64,80.0,30.6697
2025-12-18,2026-03-20,92,80.0,36.8165
2025-12-18,2026-05-15,148,80.0,46.9971
2025-12-18,2026-06-18,182,80.0,51.9913
2025-12-18,2026-08-21,246,80.0,59.7388
2025-12-18,2026-09-18,274,80.0,62.428
2025-12-18,2026-12-18,365,80.0,71.2639
2025-12-18,2027-01-15,393,80.0,72.0963
2025-12-18,2027-12-17,729,80.0,94.9545
2025-12-18,2028-01-21,764,80.0,97.8358
2025-12-19,2025-12-26,7,89.0,8.0483
2025-12-19,2026-01-02,14,89.0,12.3519
2025-12-19,2026-01-09,21,89.0,15.8171
2025-12-19,2026-01-16,28,90.0,18.5558
2025-12-19,2026-01-23,35,89.0,21.9651
2025-12-19,2026-01-30,42,89.0,22.9712
2025-12-19,2026-02-20,63,90.0,29.9575
2025-12-19,2026-03-20,91,90.0,36.888
2025-12-19,2026-05-15,147,90.0,45.9982
2025-12-19,2026-06-18,181,90.0,51.3078
2025-12-19,2026-08-21,245,90.0,59.6915
2025-12-19,2026-09-18,273,90.0,62.8214
2025-12-19,2026-12-18,364,90.0,69.9195
2025-12-19,2027-01-15,392,90.0,71.5962
2025-12-19,2027-12-17,728,90.0,95.0704
2025-12-19,2028-01-21,763,90.0,94.7351
2025-12-22,2025-12-26,4,93.0,6.1139
2025-12-22,2026-01-02,11,93.0,10.458
2025-12-22,2026-01-09,18,93.0,14.2122
2025-12-22,2026-01-16,25,93.0,16.8401
2025-12-22,2026-01-23,32,93.0,19.1462
2025-12-22,2026-01-30,39,93.0,21.5596
2025-12-22,2026-02-20,60,95.0,28.2098
2025-12-22,2026-03-20,88,95.0,35.0209
2025-12-22,2026-05-15,144,95.0,45.5862
2025-12-22,2026-06-18,178,95.0,50.0912
2025-12-22,2026-08-21,242,95.0,57.5459
2025-12-22,2026-09-18,270,95.0,60.871
2025-12-22,2026-12-18,361,95.0,70.1491
2025-12-22,2027-01-15,389,95.0,72.0798
2025-12-22,2027-12-17,725,95.0,93.8539
2025-12-22,2028-01-21,760,95.0,95.5701
2025-12-23,2025-12-26,3,90.0,4.5263
2025-12-23,2026-01-02,10,90.0,9.2191
2025-12-23,2026-01-09,17,90.0,13.1623
2025-12-23,2026-01-16,24,90.0,16.0502
2025-12-23,2026-01-23,31,90.0,18.716
2025-12-23,2026-01-30,38,90.0,21.3262
2025-12-23,2026-02-20,59,90.0,27.1576
2025-12-23,2026-03-20,87,90.0,33.9887
2025-12-23,2026-05-15,143,90.0,44.5962
2025-12-23,2026-06-18,177,90.0,49.3724
2025-12-23,2026-08-21,241,90.0,56.981
2025-12-23,2026-09-18,269,90.0,60.8131
2025-12-23,2026-12-18,360,90.0,69.1992
2025-12-23,2027-01-15,388,90.0,71.143
2025-12-23,2027-12-17,724,90.0,94.3574
2025-12-23,2028-01-21,759,90.0,95.0239
2025-12-24,2025-12-26,2,91.0,3.1
2025-12-24,2026-01-02,9,91.0,8.7238
2025-12-24,2026-01-09,16,91.0,12.8937
2025-12-24,2026-01-16,23,91.0,15.8016
2025-12-24,2026-01-23,30,91.0,17.7768
2025-12-24,2026-01-30,37,91.0,19.5874
2025-12-24,2026-02-06,44,91.0,22.9891
2025-12-24,2026-02-20,58,90.0,27.0493
2025-12-24,2026-03-20,86,90.0,34.0722
2025-12-24,2026-05-15,142,90.0,43.7836
2025-12-24,2026-06-18,176,90.0,49.1605
2025-12-24,2026-08-21,240,90.0,56.7321
2025-12-24,2026-09-18,268,90.0,59.2011
2025-12-24,2026-12-18,359,90.0,68.6382
2025-12-24,2027-01-15,387,90.0,70.8877
2025-12-24,2027-12-17,723,90.0,92.6149
2025-12-24,2028-01-21,758,90.0,94.0963
2025-12-26,2026-01-02,7,88.0,7.3353
2025-12-26,2026-01-09,14,88.0,11.5881
2025-12-26,2026-01-16,21,88.0,15.1844
2025-12-26,2026-01-23,28,88.0,17.8103
2025-12-26,2026-01-30,35,88.0,20.8357
2025-12-26,2026-02-06,42,88.0,22.3199
2025-12-26,2026-02-20,56,90.0,26.9437
2025-12-26,2026-03-20,84,90.0,34.1363
2025-12-26,2026-05-15,140,90.0,44.2402
2025-12-26,2026-06-18,174,90.0,49.0924
2025-12-26,2026-08-21,238,90.0,55.8854
2025-12-26,2026-09-18,266,90.0,60.2238
2025-12-26,2026-12-18,357,90.0,68.2726
2025-12-26,2027-01-15,385,90.0,71.3552
2025-12-26,2027-12-17,721,90.0,93.3897
2025-12-26,2028-01-21,756,90.0,95.0451
2025-12-29,2026-01-02,4,86.0,6.3343
2025-12-29,2026-01-09,11,86.0,10.867
2025-12-29,2026-01-16,18,86.0,14.1213
2025-12-29,2026-01-23,25,86.0,16.3877
2025-12-29,2026-01-30,32,86.0,18.1311
2025-12-29,2026-02-06,39,86.0,22.1409
2025-12-29,2026-02-20,53,85.0,25.6857
2025-12-29,2026-03-20,81,85.0,32.8917
2025-12-29,2026-05-15,137,85.0,43.1776
2025-12-29,2026-06-18,171,85.0,48.2334
2025-12-29,2026-08-21,235,85.0,56.6016
2025-12-29,2026-09-18,263,85.0,58.4612
2025-12-29,2026-12-18,354,85.0,67.9916
2025-12-29,2027-01-15,382,85.0,69.2701
2025-12-29,2027-12-17,718,85.0,92.2827
2025-12-29,2028-01-21,753,85.0,93.5611
2025-12-30,2026-01-02,3,85.0,4.491
2025-12-30,2026-01-09,10,85.0,9.7452
2025-12-30,2026-01-16,17,85.0,13.3263
2025-12-30,2026-01-23,24,85.0,15.6745
2025-12-30,2026-01-30,31,85.0,18.7273
2025-12-30,2026-02-06,38,85.0,20.782
2025-12-30,2026-02-20,52,85.0,25.1262
2025-12-30,2026-03-20,80,85.0,32.5232
2025-12-30,2026-05-15,136,85.0,43.2664
2025-12-30,2026-06-18,170,85.0,47.4932
2025-12-30,2026-08-21,234,85.0,55.9469
2025-12-30,2026-09-18,262,85.0,57.9429
2025-12-30,2026-12-18,353,85.0,67.7469
2025-12-30,2027-01-15,381,85.0,70.2712
2025-12-30,2027-12-17,717,85.0,92.1099
2025-12-30,2028-01-21,752,85.0,94.1646
2025-12-31,2026-01-02,2,84.0,3.4048
2025-12-31,2026-01-09,9,84.0,8.96
2025-12-31,2026-01-16,16,84.0,12.5441
2025-12-31,2026-01-23,23,84.0,15.0529
2025-12-31,2026-01-30,30,84.0,17.0838
2025-12-31,2026-02-06,37,84.0,20.2497
2025-12-31,2026-02-13,44,84.0,22.4598
2025-12-31,2026-02-20,51,85.0,24.1324
2025-12-31,2026-03-20,79,85.0,31.8977
2025-12-31,2026-05-15,135,85.0,42.4108
2025-12-31,2026-06-18,169,85.0,47.4882
2025-12-31,2026-08-21,233,85.0,55.0744
2025-12-31,2026-09-18,261,85.0,58.7778
2025-12-31,2026-12-18,352,85.0,67.3198
2025-12-31,2027-01-15,380,85.0,69.5299
2025-12-31,2027-12-17,716,85.0,92.2287
2025-12-31,2028-01-21,751,85.0,93.3636
2026-01-02,2026-01-09,7,90.0,8.5325
2026-01-02,2026-01-16,14,90.0,12.1178
2026-01-02,2026-01-23,21,90.0,15.8143
2026-01-02,2026-01-30,28,90.0,16.7593
2026-01-02,2026-02-06,35,90.0,20.2057
2026-01-02,2026-02-13,42,90.0,22.0956
2026-01-02,2026-02-20,49,90.0,24.2357
2026-01-02,2026-03-20,77,90.0,32.0178
2026-01-02,2026-05-15,133,90.0,43.0239
2026-01-02,2026-06-18,167,90.0,46.4425
2026-01-02,2026-08-21,231,90.0,55.2529
2026-01-02,2026-09-18,259,90.0,57.6153
2026-01-02,2026-12-18,350,90.0,67.6487
2026-01-02,2027-01-15,378,90.0,69.8166
2026-01-02,2027-12-17,714,90.0,92.1901
2026-01-02,2028-01-21,749,90.0,93.5242
2026-01-05,2026-01-09,4,93.0,7.5945
2026-01-05,2026-01-16,11,93.0,11.9035
2026-01-05,2026-01-23,18,93.0,14.5427
2026-01-05,2026-01-30,25,93.0,17.2897
2026-01-05,2026-02-06,32,93.0,19.8481
2026-01-05,2026-02-13,39,93.0,22.218
2026-01-05,2026-02-20,46,95.0,24.7495
2026-01-05,2026-03-20,74,95.0,32.3171
2026-01-05,2026-05-15,130,95.0,42.4432
2026-01-05,2026-06-18,164,95.0,47.8024
2026-01-05,2026-08-21,228,95.0,55.0199
2026-01-05,2026-09-18,256,95.0,57.6322
2026-01-05,2026-12-18,347,95.0,66.3309
2026-01-05,2027-01-15,375,95.0,69.3472
2026-01-05,2027-12-17,711,95.0,92.1038
2026-01-05,2028-01-21,746,95.0,93.9082
2026-01-06,2026-01-09,3,100.0,7.6067
2026-01-06,2026-01-16,10,100.0,12.3953
2026-01-06,2026-01-23,17,100.0,15.2634
2026-01-06,2026-01-30,24,100.0,19.0543
2026-01-06,2026-02-06,31,100.0,20.6754
2026-01-06,2026-02-13,38,100.0,24.2418
2026-01-06,2026-02-20,45,100.0,25.7382
2026-01-06,2026-03-20,73,100.0,33.2203
2026-01-06,2026-05-15,129,100.0,43.8947
2026-01-06,2026-06-18,163,100.0,47.3613
2026-01-06,2026-08-21,227,100.0,56.4894
2026-01-06,2026-09-18,255,100.0,58.1355
2026-01-06,2026-12-18,346,100.0,67.6626
2026-01-06,2027-01-15,374,100.0,69.3585
2026-01-06,2027-12-17,710,100.0,92.2287
2026-01-06,2028-01-21,745,100.0,93.351
2026-01-07,2026-01-09,2,96.0,5.9713
2026-01-07,2026-01-16,9,96.0,11.7192
2026-01-07,2026-01-23,16,96.0,13.8499
2026-01-07,2026-01-30,23,96.0,17.5398
2026-01-07,2026-02-06,30,96.0,20.58
2026-01-07,2026-02-13,37,96.0,22.7887
2026-01-07,2026-02-20,44,95.0,25.3092
2026-01-07,2026-03-20,72,95.0,32.8968
2026-01-07,2026-05-15,128,95.0,43.0828
2026-01-07,2026-06-18,162,95.0,47.5522
2026-01-07,2026-08-21,226,95.0,56.1532
2026-01-07,2026-09-18,254,95.0,58.5698
2026-01-07,2026-12-18,345,95.0,66.755
2026-01-07,2027-01-15,373,95.0,69.8472
2026-01-07,2027-12-17,709,95.0,91.8564
2026-01-07,2028-01-21,744,95.0,92.7139
2026-01-08,2026-01-09,1,97.0,4.4296
2026-01-08,2026-01-16,8,97.0,10.8684
2026-01-08,2026-01-23,15,97.0,14.2086
2026-01-08,2026-01-30,22,97.0,16.8294
2026-01-08,2026-02-06,29,97.0,19.4758
2026-01-08,2026-02-13,36,97.0,22.482
2026-01-08,2026-02-20,43,95.0,25.0514
2026-01-08,2026-02-27,50,97.0,27.6721
2026-01-08,2026-03-20,71,95.0,33.4018
2026-01-08,2026-05-15,127,95.0,43.7821
2026-01-08,2026-06-18,161,95.0,47.1223
2026-01-08,2026-08-21,225,95.0,55.1131
2026-01-08,2026-09-18,253,95.0,57.9651
2026-01-08,2026-12-18,344,95.0,66.9579
2026-01-08,2027-01-15,372,95.0,70.221
2026-01-08,2027-12-17,708,95.0,91.3669
2026-01-08,2028-01-21,743,95.0,92.7544
2026-01-09,2026-01-16,7,98.0,9.5987
2026-01-09,2026-01-23,14,98.0,12.8919
2026-01-09,2026-01-30,21,98.0,15.5468
2026-01-09,2026-02-06,28,98.0,18.5592
2026-01-09,2026-02-13,35,98.0,21.8523
2026-01-09,2026-02-20,42,100.0,24.6605
2026-01-09,2026-02-27,49,98.0,27.2644
2026-01-09,2026-03-20,70,100.0,32.753
2026-01-09,2026-05-15,126,100.0,43.1686
2026-01-09,2026-06-18,160,100.0,48.3764
2026-01-09,2026-08-21,224,100.0,56.8518
2026-01-09,2026-09-18,252,100.0,59.5323
2026-01-09,2026-12-18,343,100.0,68.4162
2026-01-09,2027-01-15,371,100.0,71.1222
2026-01-09,2027-12-17,707,100.0,92.4895
2026-01-09,2028-01-21,742,100.0,94.251
2026-01-12,2026-01-16,4,107.0,8.6649
2026-01-12,2026-01-23,11,107.0,12.4383
2026-01-12,2026-01-30,18,107.0,16.0486
2026-01-12,2026-02-06,25,107.0,19.4727
2026-01-12,2026-02-13,32,107.0,21.4525
2026-01-12,2026-02-20,39,105.0,24.1778
2026-01-12,2026-02-27,46,107.0,26.7633
2026-01-12,2026-03-20,67,105.0,31.9575
2026-01-12,2026-05-15,123,105.0,42.9516
2026-01-12,2026-06-18,157,105.0,48.0294
2026-01-12,2026-08-21,221,105.0,55.5297
2026-01-12,2026-09-18,249,105.0,59.14
2026-01-12,2026-12-18,340,105.0,67.0828
2026-01-12,2027-01-15,368,105.0,69.3422
2026-01-12,2027-12-17,704,105.0,92.006
2026-01-12,2028-01-21,739,105.0,92.7047
2026-01-13,2026-01-16,3,105.0,7.0189
2026-01-13,2026-01-23,10,105.0,11.0974
2026-01-13,2026-01-30,17,105.0,14.7254
2026-01-13,2026-02-06,24,105.0,17.7843
2026-01-13,2026-02-13,31,105.0,19.9184
2026-01-13,2026-02-20,38,105.0,22.9773
2026-01-13,2026-02-27,45,105.0,25.6805
2026-01-13,2026-03-20,66,105.0,31.419
2026-01-13,2026-05-15,122,105.0,42.8483
2026-01-13,2026-06-18,156,105.0,47.0929
2026-01-13,2026-08-21,220,105.0,55.8902
2026-01-13,2026-09-18,248,105.0,58.38
2026-01-13,2026-12-18,339,105.0,66.6319
2026-01-13,2027-01-15,367,105.0,69.1454
2026-01-13,2027-12-17,703,105.0,91.1031
2026-01-13,2028-01-21,738,105.0,92.1702
2026-01-14,2026-01-16,2,102.0,5.9669
2026-01-14,2026-01-23,9,102.0,10.8355
2026-01-14,2026-01-30,16,102.0,14.7088
2026-01-14,2026-02-06,23,102.0,18.4595
2026-01-14,2026-02-13,30,102.0,21.1561
2026-01-14,2026-02-20,37,100.0,23.3624
2026-01-14,2026-02-27,44,102.0,26.1326
2026-01-14,2026-03-20,65,100.0,31.82
2026-01-14,2026-05-15,121,100.0,42.4348
2026-01-14,2026-06-18,155,100.0,47.7545
2026-01-14,2026-08-21,219,100.0,54.8882
2026-01-14,2026-09-18,247,100.0,57.7074
2026-01-14,2026-12-18,338,100.0,66.1649
2026-01-14,2027-01-15,366,100.0,69.3518
2026-01-14,2027-12-17,702,100.0,91.2189
2026-01-14,2028-01-21,737,100.0,93.2536
2026-01-15,2026-01-16,1,104.0,4.144
2026-01-15,2026-01-23,8,104.0,9.5538
2026-01-15,2026-01-30,15,104.0,13.7412
2026-01-15,2026-02-06,22,104.0,16.4846
2026-01-15,2026-02-13,29,104.0,20.1665
2026-01-15,2026-02-20,36,105.0,22.9581
2026-01-15,2026-02-27,43,104.0,26.1106
2026-01-15,2026-03-20,64,105.0,31.9103
2026-01-15,2026-04-17,92,105.0,37.349
2026-01-15,2026-05-15,120,105.0,43.0524
2026-01-15,2026-06-18,154,105.0,48.1061
2026-01-15,2026-08-21,218,105.0,56.8658
2026-01-15,2026-09-18,246,105.0,59.3926
2026-01-15,2026-12-18,337,105.0,68.6817
2026-01-15,2027-01-15,365,105.0,69.885
2026-01-15,2027-12-17,701,105.0,91.9767
2026-01-15,2028-01-21,736,105.0,93.9019
2026-01-16,2026-01-23,7,109.0,8.9212
2026-01-16,2026-01-30,14,109.0,13.1518
2026-01-16,2026-02-06,21,109.0,16.8537
2026-01-16,2026-02-13,28,109.0,19.6358
2026-01-16,2026-02-20,35,110.0,22.4409
2026-01-16,2026-02-27,42,109.0,25.43
2026-01-16,2026-03-20,63,110.0,31.2241
2026-01-16,2026-04-17,91,110.0,36.7424
2026-01-16,2026-05-15,119,110.0,42.7895
2026-01-16,2026-06-18,153,110.0,47.7329
2026-01-16,2026-08-21,217,110.0,56.3782
2026-01-16,2026-09-18,245,110.0,58.9764
2026-01-16,2026-12-18,336,110.0,68.3114
2026-01-16,2027-01-15,364,110.0,70.4957
2026-01-16,2027-12-17,700,110.0,93.3275
2026-01-16,2028-01-21,735,110.0,94.1552
2026-01-20,2026-01-23,3,99.0,7.4026
2026-01-20,2026-01-30,10,99.0,12.6397
2026-01-20,2026-02-06,17,99.0,16.3158
2026-01-20,2026-02-13,24,99.0,18.9344
2026-01-20,2026-02-20,31,99.0,21.7293
2026-01-20,2026-02-27,38,99.0,25.1032
2026-01-20,2026-03-20,59,100.0,30.9447
2026-01-20,2026-04-17,87,100.0,36.2322
2026-01-20,2026-05-15,115,100.0,42.1493
2026-01-20,2026-06-18,149,100.0,47.1347
2026-01-20,2026-08-21,213,100.0,56.1738
2026-01-20,2026-09-18,241,100.0,58.7169
2026-01-20,2026-12-18,332,100.0,67.328
2026-01-20,2027-01-15,360,100.0,70.0725
2026-01-20,2027-12-17,696,100.0,92.9097
2026-01-20,2028-01-21,731,100.0,94.5211
2026-01-21,2026-01-23,2,99.0,6.1647
2026-01-21,2026-01-30,9,99.0,11.5809
2026-01-21,2026-02-06,16,99.0,15.4749
2026-01-21,2026-02-13,23,99.0,18.939
2026-01-21,2026-02-20,30,99.0,21.417
2026-01-21,2026-02-27,37,99.0,25.2604
2026-01-21,2026-03-20,58,100.0,30.5704
2026-01-21,2026-04-17,86,100.0,36.8666
2026-01-21,2026-05-15,114,100.0,42.5812
2026-01-21,2026-06-18,148,100.0,48.0935
2026-01-21,2026-08-21,212,100.0,56.2355
2026-01-21,2026-09-18,240,100.0,58.9663
2026-01-21,2026-12-18,331,100.0,68.3979
2026-01-21,2027-01-15,359,100.0,70.269
2026-01-21,2027-12-17,695,100.0,92.6469
2026-01-21,2028-01-21,730,100.0,94.6192
2026-01-22,2026-01-23,1,97.0,3.9391
2026-01-22,2026-01-30,8,97.0,10.4027
2026-01-22,2026-02-06,15,97.0,14.1972
2026-01-22,2026-02-13,22,97.0,17.0367
2026-01-22,2026-02-20,29,97.0,20.3665
2026-01-22,2026-02-27,36,97.0,23.7223
2026-01-22,2026-03-06,43,97.0,25.7615
2026-01-22,2026-03-20,57,95.0,29.1172
2026-01-22,2026-04-17,85,95.0,35.2091
2026-01-22,2026-05-15,113,95.0,40.2426
2026-01-22,2026-06-18,147,95.0,45.586
2026-01-22,2026-08-21,211,95.0,54.414
2026-01-22,2026-09-18,239,95.0,56.9954
2026-01-22,2026-12-18,330,95.0,66.6753
2026-01-22,2027-01-15,358,95.0,68.6371
2026-01-22,2027-12-17,694,95.0,90.191
2026-01-22,2028-01-21,729,95.0,92.4368
2026-01-23,2026-01-30,7,94.0,9.9471
2026-01-23,2026-02-06,14,94.0,13.6243
2026-01-23,2026-02-13,21,94.0,17.0106
2026-01-23,2026-02-20,28,94.0,20.4233
2026-01-23,2026-02-27,35,94.0,22.9365
2026-01-23,2026-03-06,42,94.0,24.9471
2026-01-23,2026-03-20,56,95.0,29.0212
2026-01-23,2026-04-17,84,95.0,34.5767
2026-01-23,2026-05-15,112,95.0,40.2381
2026-01-23,2026-06-18,146,95.0,45.6349
2026-01-23,2026-08-21,210,95.0,54.3386
2026-01-23,2026-09-18,238,95.0,56.8519
2026-01-23,2026-12-18,329,95.0,66.1376
2026-01-23,2027-01-15,357,95.0,68.6508
2026-01-23,2027-12-17,693,95.0,91.1111
2026-01-23,2028-01-21,728,95.0,92.7778
2026-01-26,2026-01-30,4,91.0,8.8017
2026-01-26,2026-02-06,11,91.0,12.7651
2026-01-26,2026-02-13,18,91.0,15.7993
2026-01-26,2026-02-20,25,90.0,19.4621
2026-01-26,2026-02-27,32,91.0,22.9609
2026-01-26,2026-03-06,39,91.0,25.0109
2026-01-26,2026-03-20,53,90.0,28.1544
2026-01-26,2026-04-17,81,90.0,32.9106
2026-01-26,2026-05-15,109,90.0,38.4594
2026-01-26,2026-06-18,143,90.0,45.0197
2026-01-26,2026-08-21,207,90.0,53.6573
2026-01-26,2026-09-18,235,90.0,56.9101
2026-01-26,2026-12-18,326,90.0,65.3018
2026-01-26,2027-01-15,354,90.0,66.7232
2026-01-26,2027-12-17,690,90.0,90.5587
2026-01-26,2028-01-21,725,90.0,92.4995
2026-01-27,2026-01-30,3,98.0,7.5866
2026-01-27,2026-02-06,10,98.0,12.4144
2026-01-27,2026-02-13,17,98.0,15.6074
2026-01-27,2026-02-20,24,98.0,19.2347
2026-01-27,2026-02-27,31,98.0,22.9897
2026-01-27,2026-03-06,38,98.0,24.2924
2026-01-27,2026-03-20,52,100.0,28.405
2026-01-27,2026-04-17,80,100.0,34.2291
2026-01-27,2026-05-15,108,100.0,40.2064
2026-01-27,2026-06-18,142,100.0,47.0267
2026-01-27,2026-07-17,171,100.0,50.1175
2026-01-27,2026-08-21,206,100.0,55.0986
2026-01-27,2026-09-18,234,100.0,58.5981
2026-01-27,2026-12-18,325,100.0,67.4364
2026-01-27,2027-01-15,353,100.0,69.531
2026-01-27,2027-12-17,689,100.0,92.0354
2026-01-27,2028-01-21,724,100.0,92.9549
2026-01-28,2026-01-30,2,100.0,6.502
2026-01-28,2026-02-06,9,100.0,11.6499
2026-01-28,2026-02-13,16,100.0,14.886
2026-01-28,2026-02-20,23,100.0,19.3667
2026-01-28,2026-02-27,30,100.0,21.4577
2026-01-28,2026-03-06,37,100.0,24.2706
2026-01-28,2026-03-20,51,100.0,27.7805
2026-01-28,2026-04-17,79,100.0,33.6553
2026-01-28,2026-05-15,107,100.0,40.3017
2026-01-28,2026-06-18,141,100.0,45.3301
2026-01-28,2026-07-17,170,100.0,49.8357
2026-01-28,2026-08-21,205,100.0,54.1422
2026-01-28,2026-09-18,233,100.0,57.7268
2026-01-28,2026-12-18,324,100.0,66.5887
2026-01-28,2027-01-15,352,100.0,68.5801
2026-01-28,2027-12-17,688,100.0,90.9589
2026-01-28,2028-01-21,723,100.0,92.328
2026-01-29,2026-01-30,1,95.0,4.2303
2026-01-29,2026-02-06,8,95.0,10.4836
2026-01-29,2026-02-13,15,95.0,14.2503
2026-01-29,2026-02-20,22,95.0,18.3858
2026-01-29,2026-02-27,29,95.0,20.8882
2026-01-29,2026-03-06,36,95.0,23.8911
2026-01-29,2026-03-13,43,95.0,26.0247
2026-01-29,2026-03-20,50,95.0,27.7368
2026-01-29,2026-04-17,78,95.0,33.9796
2026-01-29,2026-05-15,106,95.0,39.4584
2026-01-29,2026-06-18,140,95.0,44.8846
2026-01-29,2026-07-17,169,95.0,48.9938
2026-01-29,2026-08-21,204,95.0,53.8141
2026-01-29,2026-09-18,232,95.0,57.2121
2026-01-29,2026-12-18,323,95.0,65.9309
2026-01-29,2027-01-15,351,95.0,68.6176
2026-01-29,2027-12-17,687,95.0,90.138
2026-01-29,2028-01-21,722,95.0,92.0609
2026-01-30,2026-02-06,7,85.0,9.9777
2026-01-30,2026-02-13,14,85.0,13.9981
2026-01-30,2026-02-20,21,85.0,17.7838
2026-01-30,2026-02-27,28,85.0,21.8335
2026-01-30,2026-03-06,35,85.0,23.8878
2026-01-30,2026-03-13,42,85.0,25.6485
2026-01-30,2026-03-20,49,85.0,27.6734
2026-01-30,2026-04-17,77,85.0,33.8948
2026-01-30,2026-05-15,105,85.0,39.6173
2026-01-30,2026-06-18,139,85.0,45.1051
2026-01-30,2026-07-17,168,85.0,48.5386
2026-01-30,2026-08-21,203,85.0,53.9089
2026-01-30,2026-09-18,231,85.0,56.7261
2026-01-30,2026-12-18,322,85.0,66.4397
2026-01-30,2027-01-15,350,85.0,68.6994
2026-01-30,2027-12-17,686,85.0,90.4155
2026-01-30,2028-01-21,721,85.0,92.0883
2026-02-02,2026-02-06,4,88.0,8.5073
2026-02-02,2026-02-13,11,88.0,16.022
2026-02-02,2026-02-20,18,90.0,18.6025
2026-02-02,2026-02-27,25,88.0,21.0696
2026-02-02,2026-03-06,32,88.0,23.395
2026-02-02,2026-03-13,39,88.0,25.2098
2026-02-02,2026-03-20,46,90.0,27.3934
2026-02-02,2026-04-17,74,90.0,33.3768
2026-02-02,2026-05-15,102,90.0,39.6155
2026-02-02,2026-06-18,136,90.0,45.0034
2026-02-02,2026-07-17,165,90.0,48.8033
2026-02-02,2026-08-21,200,90.0,53.0853
2026-02-02,2026-09-18,228,90.0,57.0554
2026-02-02,2026-12-18,319,90.0,66.1865
2026-02-02,2027-01-15,347,90.0,69.1073
2026-02-02,2027-12-17,683,90.0,91.765
2026-02-02,2028-01-21,718,90.0,93.1828
2026-02-03,2026-02-06,3,90.0,7.7821
2026-02-03,2026-02-13,10,90.0,15.6198
2026-02-03,2026-02-20,17,90.0,17.9266
2026-02-03,2026-02-27,24,90.0,21.234
2026-02-03,2026-03-06,31,90.0,23.5964
2026-02-03,2026-03-13,38,90.0,25.0973
2026-02-03,2026-03-20,45,90.0,26.9316
2026-02-03,2026-04-17,73,90.0,33.463
2026-02-03,2026-05-15,101,90.0,40.189
2026-02-03,2026-06-18,135,90.0,45.2474
2026-02-03,2026-07-17,164,90.0,48.388
2026-02-03,2026-08-21,199,90.0,53.1684
2026-02-03,2026-09-18,227,90.0,56.0311
2026-02-03,2026-12-18,318,90.0,65.2029
2026-02-03,2027-01-15,346,90.0,68.7604
2026-02-03,2027-12-17,682,90.0,91.134
2026-02-03,2028-01-21,717,90.0,91.3285
2026-02-04,2026-02-06,2,82.0,6.9547
2026-02-04,2026-02-13,9,82.0,15.7483
2026-02-04,2026-02-20,16,80.0,18.4185
2026-02-04,2026-02-27,23,82.0,20.9977
2026-02-04,2026-03-06,30,82.0,23.0004
2026-02-04,2026-03-13,37,82.0,25.6099
2026-02-04,2026-03-20,44,80.0,27.8857
2026-02-04,2026-04-17,72,80.0,34.2578
2026-02-04,2026-05-15,100,80.0,39.932
2026-02-04,2026-06-18,134,80.0,45.2421
2026-02-04,2026-07-17,163,80.0,48.4889
2026-02-04,2026-08-21,198,80.0,53.6473
2026-02-04,2026-09-18,226,80.0,56.8637
2026-02-04,2026-12-18,317,80.0,66.786
2026-02-04,2027-01-15,345,80.0,68.3639
2026-02-04,2027-12-17,681,80.0,91.516
2026-02-04,2028-01-21,716,80.0,92.2139
2026-02-05,2026-02-06,1,74.0,6.4438
2026-02-05,2026-02-13,8,74.0,16.1771
2026-02-05,2026-02-20,15,75.0,19.1553
2026-02-05,2026-02-27,22,74.0,21.3212
2026-02-05,2026-03-06,29,74.0,22.2012
2026-02-05,2026-03-13,36,74.0,26.7023
2026-02-05,2026-03-20,43,75.0,28.8683
2026-02-05,2026-03-27,50,74.0,31.1358
2026-02-05,2026-04-17,71,75.0,35.7723
2026-02-05,2026-05-15,99,75.0,40.9842
2026-02-05,2026-06-18,133,75.0,47.0759
2026-02-05,2026-07-17,162,75.0,49.8511
2026-02-05,2026-08-21,197,75.0,54.3522
2026-02-05,2026-09-18,225,75.0,58.6503
2026-02-05,2026-12-18,316,75.0,67.9911
2026-02-05,2027-01-15,344,75.0,69.514
2026-02-05,2027-12-17,680,75.0,92.1551
2026-02-05,2028-01-21,715,75.0,94.7272
2026-02-06,2026-02-13,7,86.0,13.3566
2026-02-06,2026-02-20,14,85.0,16.2602
2026-02-06,2026-02-27,21,86.0,19.5703
2026-02-06,2026-03-06,28,86.0,23.1127
2026-02-06,2026-03-13,35,86.0,25.0871
2026-02-06,2026-03-20,42,85.0,26.3357
2026-02-06,2026-03-27,49,86.0,28.4553
2026-02-06,2026-04-17,70,85.0,31.5331
2026-02-06,2026-05-15,98,85.0,39.4309
2026-02-06,2026-06-18,132,85.0,44.6864
2026-02-06,2026-07-17,161,85.0,48.8095
2026-02-06,2026-08-21,196,85.0,53.4843
2026-02-06,2026-09-18,224,85.0,56.7364
2026-02-06,2026-12-18,315,85.0,65.302
2026-02-06,2027-01-15,343,85.0,66.8699
2026-02-06,2027-12-17,679,85.0,89.3148
2026-02-06,2028-01-21,714,85.0,90.8246
2026-02-09,2026-02-13,4,93.0,11.924
2026-02-09,2026-02-20,11,93.0,14.8848
2026-02-09,2026-02-27,18,93.0,18.2224
2026-02-09,2026-03-06,25,93.0,20.9679
2026-02-09,2026-03-13,32,93.0,23.4711
2026-02-09,2026-03-20,39,95.0,25.2476
2026-02-09,2026-03-27,46,91.0,26.9434
2026-02-09,2026-04-17,67,95.0,31.9767
2026-02-09,2026-05-15,95,95.0,38.0868
2026-02-09,2026-06-18,129,95.0,44.4929
2026-02-09,2026-07-17,158,95.0,48.5573
2026-02-09,2026-08-21,193,95.0,53.1331
2026-02-09,2026-09-18,221,95.0,56.9821
2026-02-09,2026-12-18,312,95.0,65.7569
2026-02-09,2027-01-15,340,95.0,68.2332
2026-02-09,2027-12-17,676,95.0,91.6774
2026-02-09,2028-01-21,711,95.0,92.1888
2026-02-10,2026-02-13,3,92.0,11.3302
2026-02-10,2026-02-20,10,92.0,14.2717
2026-02-10,2026-02-27,17,92.0,17.9758
2026-02-10,2026-03-06,24,92.0,21.2441
2026-02-10,2026-03-13,31,92.0,23.5592
2026-02-10,2026-03-20,38,90.0,24.8938
2026-02-10,2026-03-27,45,91.0,26.8548
2026-02-10,2026-04-17,66,90.0,31.1853
2026-02-10,2026-05-15,94,90.0,37.5313
2026-02-10,2026-06-18,128,90.0,43.959
2026-02-10,2026-07-17,157,90.0,46.2196
2026-02-10,2026-08-21,192,90.0,52.375
2026-02-10,2026-09-18,220,90.0,55.6433
2026-02-10,2026-12-18,311,90.0,64.7129
2026-02-10,2027-01-15,339,90.0,66.2109
2026-02-10,2027-12-17,675,90.0,89.7429
2026-02-10,2028-01-21,710,90.0,91.5677
2026-02-11,2026-02-13,2,89.0,11.0879
2026-02-11,2026-02-20,9,89.0,14.7557
2026-02-11,2026-02-27,16,89.0,18.1695
2026-02-11,2026-03-06,23,89.0,19.9752
2026-02-11,2026-03-13,30,89.0,23.4172
2026-02-11,2026-03-20,37,90.0,25.505
2026-02-11,2026-03-27,44,89.0,27.48
2026-02-11,2026-04-17,65,90.0,30.9502
2026-02-11,2026-05-15,93,90.0,38.06
2026-02-11,2026-06-18,127,90.0,44.0977
2026-02-11,2026-07-17,156,90.0,48.7247
2026-02-11,2026-08-21,191,90.0,53.6903
2026-02-11,2026-09-18,219,90.0,56.3706
2026-02-11,2026-12-18,310,90.0,66.6685
2026-02-11,2027-01-15,338,90.0,67.2046
2026-02-11,2027-12-17,674,90.0,91.2425
2026-02-11,2028-01-21,709,90.0,92.4839
2026-02-12,2026-02-13,1,90.0,4.6306
2026-02-12,2026-02-20,8,90.0,10.5316
2026-02-12,2026-02-27,15,90.0,14.9616
2026-02-12,2026-03-06,22,90.0,18.1935
2026-02-12,2026-03-13,29,90.0,21.2861
2026-02-12,2026-03-20,36,90.0,23.32
2026-02-12,2026-03-27,43,90.0,25.0752
2026-02-12,2026-04-02,49,90.0,26.3847
2026-02-12,2026-04-17,64,90.0,29.6445
2026-02-12,2026-05-15,92,90.0,36.5262
2026-02-12,2026-06-18,126,90.0,42.3214
2026-02-12,2026-07-17,155,90.0,45.8041
2026-02-12,2026-08-21,190,90.0,52.1565
2026-02-12,2026-09-18,218,90.0,53.856
2026-02-12,2026-12-18,309,90.0,64.6384
2026-02-12,2027-01-15,337,90.0,67.2016
2026-02-12,2027-12-17,673,90.0,89.4071
2026-02-12,2028-01-21,708,90.0,91.3295
2026-02-13,2026-02-20,7,98.0,9.3613
2026-02-13,2026-02-27,14,98.0,14.3863
2026-02-13,2026-03-06,21,98.0,18.2889
2026-02-13,2026-03-13,28,98.0,21.2478
2026-02-13,2026-03-20,35,100.0,23.2884
2026-02-13,2026-03-27,42,98.0,24.9719
2026-02-13,2026-04-02,48,98.0,26.1708
2026-02-13,2026-04-17,63,100.0,30.4306
2026-02-13,2026-05-15,91,100.0,36.5269
2026-02-13,2026-06-18,125,100.0,43.1844
2026-02-13,2026-07-17,154,100.0,46.9595
2026-02-13,2026-08-21,189,100.0,52.061
2026-02-13,2026-09-18,217,100.0,55.3005
2026-02-13,2026-12-18,308,100.0,65.1209
2026-02-13,2027-01-15,336,100.0,67.7992
2026-02-13,2027-12-17,672,100.0,89.6592
2026-02-13,2028-01-21,707,100.0,91.8529
2026-02-17,2026-02-20,3,98.0,8.1778
2026-02-17,2026-02-27,10,98.0,13.9202
2026-02-17,2026-03-06,17,98.0,17.2785
2026-02-17,2026-03-13,24,98.0,20.4573
2026-02-17,2026-03-20,31,100.0,22.8671
2026-02-17,2026-03-27,38,98.0,24.3283
2026-02-17,2026-04-02,44,98.0,26.0203
2026-02-17,2026-04-17,59,100.0,30.0451
2026-02-17,2026-05-15,87,100.0,36.6079
2026-02-17,2026-06-18,121,100.0,42.6323
2026-02-17,2026-07-17,150,100.0,46.3238
2026-02-17,2026-08-21,185,100.0,52.3226
2026-02-17,2026-09-18,213,100.0,55.4502
2026-02-17,2026-12-18,304,100.0,65.6019
2026-02-17,2027-01-15,332,100.0,67.0119
2026-02-17,2027-12-17,668,100.0,90.2379
2026-02-17,2028-01-21,703,100.0,93.1604
2026-02-18,2026-02-20,2,102.0,6.1198
2026-02-18,2026-02-27,9,102.0,12.4018
2026-02-18,2026-03-06,16,102.0,15.8399
2026-02-18,2026-03-13,23,102.0,18.7132
2026-02-18,2026-03-20,30,100.0,20.9479
2026-02-18,2026-03-27,37,101.0,23.2073
2026-02-18,2026-04-02,43,101.0,25.0246
2026-02-18,2026-04-17,58,100.0,28.6837
2026-02-18,2026-05-15,86,100.0,35.167
2026-02-18,2026-06-18,120,100.0,41.0363
2026-02-18,2026-07-17,149,100.0,44.7937
2026-02-18,2026-08-21,184,100.0,50.1473
2026-02-18,2026-09-18,212,100.0,53.3644
2026-02-18,2026-12-18,303,100.0,63.335
2026-02-18,2027-01-15,331,100.0,64.9312
2026-02-18,2027-12-17,667,100.0,87.5246
2026-02-18,2028-01-21,702,100.0,89.4646
2026-02-19,2026-02-20,1,108.0,4.2468
2026-02-19,2026-02-27,8,108.0,11.3605
2026-02-19,2026-03-06,15,108.0,15.1008
2026-02-19,2026-03-13,22,108.0,18.7483
2026-02-19,2026-03-20,29,110.0,21.1644
2026-02-19,2026-03-27,36,108.0,23.5341
2026-02-19,2026-04-02,42,108.0,25.1371
2026-02-19,2026-04-17,57,110.0,28.8542
2026-02-19,2026-05-15,85,110.0,35.3127
2026-02-19,2026-06-18,119,110.0,41.3298
2026-02-19,2026-07-17,148,110.0,45.6277
2026-02-19,2026-08-21,183,110.0,51.1802
2026-02-19,2026-09-18,211,110.0,53.6196
2026-02-19,2026-12-18,302,110.0,63.4467
2026-02-19,2027-01-15,330,110.0,66.4669
2026-02-19,2027-12-17,666,110.0,88.8858
2026-02-19,2028-01-21,701,110.0,90.4888
2026-02-20,2026-02-27,7,98.0,10.4167
2026-02-20,2026-03-06,14,98.0,14.6038
2026-02-20,2026-03-13,21,98.0,18.0504
2026-02-20,2026-03-20,28,100.0,20.6036
2026-02-20,2026-03-27,35,98.0,22.7992
2026-02-20,2026-04-02,41,98.0,24.3056
2026-02-20,2026-04-17,56,100.0,28.3139
2026-02-20,2026-05-15,84,100.0,35.1052
2026-02-20,2026-06-18,118,100.0,41.8964
2026-02-20,2026-07-17,147,100.0,45.5219
2026-02-20,2026-08-21,182,100.0,50.8578
2026-02-20,2026-09-18,210,100.0,53.7684
2026-02-20,2026-12-18,301,100.0,64.5425
2026-02-20,2027-01-15,329,100.0,66.1765
2026-02-20,2027-12-17,665,100.0,90.2012
2026-02-20,2028-01-21,700,100.0,90.7373
2026-02-23,2026-02-27,4,101.0,9.3679
2026-02-23,2026-03-06,11,101.0,13.7163
2026-02-23,2026-03-13,18,101.0,17.6175
2026-02-23,2026-03-20,25,101.0,20.1521
2026-02-23,2026-03-27,32,101.0,22.5872
2026-02-23,2026-04-02,38,101.0,24.2272
2026-02-23,2026-04-17,53,100.0,28.1036
2026-02-23,2026-05-15,81,100.0,35.4339
2026-02-23,2026-06-18,115,100.0,41.3975
2026-02-23,2026-07-17,144,100.0,45.5472
2026-02-23,2026-08-21,179,100.0,51.4362
2026-02-23,2026-09-18,207,100.0,54.1944
2026-02-23,2026-12-18,298,100.0,63.4629
2026-02-23,2027-01-15,326,100.0,66.0223
2026-02-23,2027-12-17,662,100.0,88.9325
2026-02-23,2028-01-21,697,100.0,90.0258
2026-02-24,2026-02-27,3,103.0,8.4324
2026-02-24,2026-03-06,10,103.0,12.8924
2026-02-24,2026-03-13,17,103.0,16.4262
2026-02-24,2026-03-20,24,103.0,19.4482
2026-02-24,2026-03-27,31,103.0,21.9828
2026-02-24,2026-04-02,37,103.0,23.5913
2026-02-24,2026-04-17,52,105.0,27.7832
2026-02-24,2026-05-15,80,105.0,34.5828
2026-02-24,2026-06-18,114,105.0,40.3587
2026-02-24,2026-07-17,143,105.0,45.7204
2026-02-24,2026-08-21,178,105.0,49.9854
2026-02-24,2026-09-18,206,105.0,53.7873
2026-02-24,2026-12-18,297,105.0,64.6081
2026-02-24,2027-01-15,325,105.0,66.1191
2026-02-24,2027-12-17,661,105.0,88.8331
2026-02-24,2028-01-21,696,105.0,90.7097
2026-02-25,2026-02-27,2,106.0,7.5386
2026-02-25,2026-03-06,9,106.0,12.0854
2026-02-25,2026-03-13,16,106.0,15.8547
2026-02-25,2026-03-20,23,106.0,18.7524
2026-02-25,2026-03-27,30,106.0,21.3202
2026-02-25,2026-04-02,36,106.0,23.1577
2026-02-25,2026-04-17,51,105.0,26.9742
2026-02-25,2026-05-15,79,105.0,34.395
2026-02-25,2026-06-18,113,105.0,40.5202
2026-02-25,2026-07-17,142,105.0,44.4779
2026-02-25,2026-08-21,177,105.0,49.6843
2026-02-25,2026-09-18,205,105.0,52.9825
2026-02-25,2026-12-18,296,105.0,62.0288
2026-02-25,2027-01-15,324,105.0,64.4318
2026-02-25,2027-12-17,660,105.0,87.2597
2026-02-25,2028-01-21,695,105.0,89.0737
2026-02-26,2026-02-27,1,105.0,4.3669
2026-02-26,2026-03-06,8,105.0,10.5359
2026-02-26,2026-03-13,15,105.0,14.6834
2026-02-26,2026-03-20,22,105.0,17.5915
2026-02-26,2026-03-27,29,105.0,19.999
2026-02-26,2026-04-02,35,105.0,21.7391
2026-02-26,2026-04-10,43,105.0,23.7891
2026-02-26,2026-04-17,50,105.0,25.9344
2026-02-26,2026-05-15,78,105.0,33.4907
2026-02-26,2026-06-18,112,105.0,39.7359
2026-02-26,2026-07-17,141,105.0,43.812
2026-02-26,2026-08-21,176,105.0,49.1752
2026-02-26,2026-09-18,204,105.0,52.6554
2026-02-26,2026-12-18,295,105.0,62.4285
2026-02-26,2027-01-15,323,105.0,64.4069
2026-02-26,2027-12-17,659,105.0,88.1722
2026-02-26,2028-01-21,694,105.0,89.7454
2026-02-27,2026-03-06,7,91.0,10.9113
2026-02-27,2026-03-13,14,91.0,15.4074
2026-02-27,2026-03-20,21,91.0,18.7795
2026-02-27,2026-03-27,28,91.0,21.3291
2026-02-27,2026-04-02,34,91.0,23.1111
2026-02-27,2026-04-10,42,90.0,25.2769
2026-02-27,2026-04-17,49,90.0,27.3056
2026-02-27,2026-05-15,77,90.0,35.2012
2026-02-27,2026-06-18,111,90.0,41.2874
2026-02-27,2026-07-17,140,90.0,46.0577
2026-02-27,2026-08-21,175,90.0,50.7457
2026-02-27,2026-09-18,203,90.0,54.4742
2026-02-27,2026-12-18,294,90.0,63.1648
2026-02-27,2027-01-15,322,90.0,66.2627
2026-02-27,2027-12-17,658,90.0,89.4012
2026-02-27,2028-01-21,693,90.0,90.9639
2026-03-02,2026-03-06,4,91.0,9.1199
2026-03-02,2026-03-13,11,91.0,13.9545
2026-03-02,2026-03-20,18,91.0,17.5255
2026-03-02,2026-03-27,25,91.0,20.3
2026-03-02,2026-04-02,31,91.0,22.2228
2026-03-02,2026-04-10,39,90.0,24.5303
2026-03-02,2026-04-17,46,90.0,26.4531
2026-03-02,2026-05-15,74,90.0,33.8974
2026-03-02,2026-06-18,108,90.0,40.4351
2026-03-02,2026-07-17,137,90.0,45.6543
2026-03-02,2026-08-21,172,90.0,50.022
2026-03-02,2026-09-18,200,90.0,53.593
2026-03-02,2026-12-18,291,90.0,62.9876
2026-03-02,2027-01-15,319,90.0,65.6247
2026-03-02,2027-12-17,655,90.0,88.8913
2026-03-02,2028-01-21,690,90.0,90.7318
2026-03-03,2026-03-06,3,87.0,8.1509
2026-03-03,2026-03-13,10,87.0,13.4217
2026-03-03,2026-03-20,17,88.0,16.7915
2026-03-03,2026-03-27,24,87.0,19.6429
2026-03-03,2026-04-02,30,87.0,21.4862
2026-03-03,2026-04-10,38,85.0,23.5599
2026-03-03,2026-04-17,45,85.0,25.7488
2026-03-03,2026-05-15,73,85.0,33.3813
2026-03-03,2026-06-18,107,85.0,40.2362
2026-03-03,2026-07-17,136,85.0,45.2477
2026-03-03,2026-08-21,171,85.0,50.72
2026-03-03,2026-09-18,199,85.0,54.2339
2026-03-03,2026-12-18,290,85.0,63.7673
2026-03-03,2027-01-15,318,85.0,65.3226
2026-03-03,2027-12-17,654,85.0,90.2362
2026-03-03,2028-01-21,689,85.0,90.7546
2026-03-04,2026-03-06,2,98.0,6.126
2026-03-04,2026-03-13,9,98.0,11.7611
2026-03-04,2026-03-20,16,98.0,15.7241
2026-03-04,2026-03-27,23,98.0,18.2553
2026-03-04,2026-04-02,29,98.0,20.7609
2026-03-04,2026-04-10,37,98.0,22.6273
2026-03-04,2026-04-17,44,100.0,24.775
2026-03-04,2026-05-15,72,100.0,33.3657
2026-03-04,2026-06-18,106,100.0,39.4764
2026-03-04,2026-07-17,135,100.0,43.9763
2026-03-04,2026-08-21,170,100.0,49.2943
2026-03-04,2026-09-18,198,100.0,53.0528
2026-03-04,2026-12-18,289,100.0,63.8423
2026-03-04,2027-01-15,317,100.0,65.1207
2026-03-04,2027-12-17,653,100.0,88.9497
2026-03-04,2028-01-21,688,100.0,90.8673
2026-03-05,2026-03-06,1,96.0,4.2812
2026-03-05,2026-03-13,8,96.0,10.9514
2026-03-05,2026-03-20,15,96.0,15.4208
2026-03-05,2026-03-27,22,96.0,18.2697
2026-03-05,2026-04-02,28,96.0,20.5175
2026-03-05,2026-04-10,36,96.0,22.7653
2026-03-05,2026-04-17,43,95.0,24.2551
2026-03-05,2026-04-24,50,96.0,26.3199
2026-03-05,2026-05-15,71,95.0,31.7564
2026-03-05,2026-06-18,105,95.0,38.6043
2026-03-05,2026-07-17,134,95.0,43.3873
2026-03-05,2026-08-21,169,95.0,48.3795
2026-03-05,2026-09-18,197,95.0,51.5159
2026-03-05,2026-12-18,288,95.0,61.6309
2026-03-05,2027-01-15,316,95.0,64.7935
2026-03-05,2027-12-17,652,95.0,87.8463
2026-03-05,2028-01-21,687,95.0,89.7804
2026-03-06,2026-03-13,7,89.0,11.2784
2026-03-06,2026-03-20,14,89.0,15.8401
2026-03-06,2026-03-27,21,89.0,17.6313
2026-03-06,2026-04-02,27,89.0,20.6817
2026-03-06,2026-04-10,35,89.0,23.0885
2026-03-06,2026-04-17,42,90.0,25.2995
2026-03-06,2026-04-24,49,89.0,27.7342
2026-03-06,2026-05-15,70,90.0,32.9676
2026-03-06,2026-06-18,104,90.0,40.5519
2026-03-06,2026-07-17,133,90.0,44.414
2026-03-06,2026-08-21,168,90.0,50.1511
2026-03-06,2026-09-18,196,90.0,53.5374
2026-03-06,2026-12-18,287,90.0,62.9128
2026-03-06,2027-01-15,315,90.0,65.7394
2026-03-06,2027-12-17,651,90.0,89.5836
2026-03-06,2028-01-21,686,90.0,91.1228
2026-03-09,2026-03-13,4,95.0,8.6107
2026-03-09,2026-03-20,11,95.0,13.4822
2026-03-09,2026-03-27,18,95.0,17.1687
2026-03-09,2026-04-02,24,95.0,20.1443
2026-03-09,2026-04-10,32,95.0,22.8302
2026-03-09,2026-04-17,39,95.0,23.7782
2026-03-09,2026-04-24,46,95.0,25.8584
2026-03-09,2026-05-15,67,95.0,32.2045
2026-03-09,2026-06-18,101,95.0,38.3663
2026-03-09,2026-07-17,130,95.0,43.1852
2026-03-09,2026-08-21,165,95.0,47.9777
2026-03-09,2026-09-18,193,95.0,52.3752
2026-03-09,2026-12-18,284,95.0,61.8285
2026-03-09,2027-01-15,312,95.0,64.7251
2026-03-09,2027-12-17,648,95.0,88.6876
2026-03-09,2028-01-21,683,95.0,90.9258
2026-03-10,2026-03-13,3,96.0,7.8814
2026-03-10,2026-03-20,10,96.0,12.885
2026-03-10,2026-03-27,17,96.0,16.1775
2026-03-10,2026-04-02,23,96.0,18.3812
2026-03-10,2026-04-10,31,96.0,20.9478
2026-03-10,2026-04-17,38,95.0,23.1256
2026-03-10,2026-04-24,45,96.0,24.9922
2026-03-10,2026-05-15,66,95.0,31.3958
2026-03-10,2026-06-18,100,95.0,38.3439
2026-03-10,2026-07-17,129,95.0,42.6475
2026-03-10,2026-08-21,164,95.0,48.5845
2026-03-10,2026-09-18,192,95.0,51.8511
2026-03-10,2026-12-18,283,95.0,61.5991
2026-03-10,2027-01-15,311,95.0,64.1657
2026-03-10,2027-12-17,647,95.0,87.6283
2026-03-10,2028-01-21,682,95.0,90.0394
2026-03-11,2026-03-13,2,112.0,6.094
2026-03-11,2026-03-20,9,112.0,11.7193
2026-03-11,2026-03-27,16,112.0,15.09
2026-03-11,2026-04-02,22,112.0,17.2329
2026-03-11,2026-04-10,30,112.0,20.3804
2026-03-11,2026-04-17,37,110.0,22.0322
2026-03-11,2026-04-24,44,110.0,24.3314
2026-03-11,2026-05-15,65,110.0,30.4701
2026-03-11,2026-06-18,99,110.0,37.0552
2026-03-11,2026-07-17,128,110.0,40.7384
2026-03-11,2026-08-21,163,110.0,47.6807
2026-03-11,2026-09-18,191,110.0,50.7612
2026-03-11,2026-12-18,282,110.0,60.0473
2026-03-11,2027-01-15,310,110.0,62.1456
2026-03-11,2027-12-17,646,110.0,85.5395
2026-03-11,2028-01-21,681,110.0,88.4638
2026-03-12,2026-03-13,1,108.0,4.3688
2026-03-12,2026-03-20,8,108.0,11.0607
2026-03-12,2026-03-27,15,108.0,14.7862
2026-03-12,2026-04-02,21,108.0,16.9613
2026-03-12,2026-04-10,29,108.0,19.5298
2026-03-12,2026-04-17,36,110.0,22.0289
2026-03-12,2026-04-24,43,108.0,23.7643
2026-03-12,2026-05-01,50,108.0,25.7081
2026-03-12,2026-05-15,64,110.0,30.6137
2026-03-12,2026-06-18,98,110.0,37.7869
2026-03-12,2026-07-17,127,110.0,42.5305
2026-03-12,2026-08-21,162,110.0,47.8989
2026-03-12,2026-09-18,190,110.0,51.1616
2026-03-12,2026-12-18,281,110.0,61.3662
2026-03-12,2027-01-15,309,110.0,63.1016
2026-03-12,2027-12-17,645,110.0,87.9304
2026-03-12,2028-01-21,680,110.0,89.6427
2026-03-13,2026-03-20,7,113.0,9.8938
2026-03-13,2026-03-27,14,113.0,13.7672
2026-03-13,2026-04-02,20,113.0,16.8437
2026-03-13,2026-04-10,28,113.0,18.88
2026-03-13,2026-04-17,35,115.0,21.4918
2026-03-13,2026-04-24,42,113.0,23.4617
2026-03-13,2026-05-01,49,113.0,25.2988
2026-03-13,2026-05-15,63,115.0,29.8362
2026-03-13,2026-06-18,97,115.0,37.0297
2026-03-13,2026-07-17,126,115.0,41.2793
2026-03-13,2026-08-21,161,115.0,46.857
2026-03-13,2026-09-18,189,115.0,49.9779
2026-03-13,2026-12-18,280,115.0,60.6463
2026-03-13,2027-01-15,308,115.0,62.417
2026-03-13,2027-12-17,644,115.0,86.4763
2026-03-13,2028-01-21,679,115.0,88.6897
2026-03-16,2026-03-20,4,130.0,8.5868
2026-03-16,2026-03-27,11,130.0,12.9188
2026-03-16,2026-04-02,17,130.0,15.5564
2026-03-16,2026-04-10,25,130.0,18.5599
2026-03-16,2026-04-17,32,130.0,20.3889
2026-03-16,2026-04-24,39,130.0,22.0832
2026-03-16,2026-05-01,46,130.0,24.3743
2026-03-16,2026-05-15,60,130.0,28.7832
2026-03-16,2026-06-18,94,130.0,36.0801
2026-03-16,2026-07-17,123,130.0,40.2002
2026-03-16,2026-08-21,158,130.0,45.8799
2026-03-16,2026-09-18,186,130.0,49.2491
2026-03-16,2026-12-18,277,130.0,59.1837
2026-03-16,2027-01-15,305,130.0,61.571
2026-03-16,2027-12-17,641,130.0,85.9068
2026-03-16,2028-01-21,676,130.0,87.1005
2026-03-17,2026-03-20,3,116.0,7.1564
2026-03-17,2026-03-27,10,116.0,11.7554
2026-03-17,2026-04-02,16,116.0,14.4202
2026-03-17,2026-04-10,24,116.0,17.2569
2026-03-17,2026-04-17,31,115.0,19.1911
2026-03-17,2026-04-24,38,116.0,21.5765
2026-03-17,2026-05-01,45,116.0,23.1669
2026-03-17,2026-05-15,59,115.0,27.5939
2026-03-17,2026-06-18,93,115.0,34.5569
2026-03-17,2026-07-17,122,115.0,39.1344
2026-03-17,2026-08-21,157,115.0,45.56
2026-03-17,2026-09-18,185,115.0,47.6876
2026-03-17,2026-12-18,276,115.0,58.7123
2026-03-17,2027-01-15,304,115.0,61.0118
2026-03-17,2027-12-17,640,115.0,84.9308
2026-03-17,2028-01-21,675,115.0,87.7246
2026-03-18,2026-03-20,2,119.0,5.7481
2026-03-18,2026-03-27,9,119.0,10.7962
2026-03-18,2026-04-02,15,119.0,13.7905
2026-03-18,2026-04-10,23,119.0,17.3119
2026-03-18,2026-04-17,30,120.0,19.0832
2026-03-18,2026-04-24,37,119.0,21.2972
2026-03-18,2026-05-01,44,119.0,23.2583
2026-03-18,2026-05-15,58,120.0,27.4334
2026-03-18,2026-06-18,92,120.0,35.0666
2026-03-18,2026-07-17,121,120.0,39.4526
2026-03-18,2026-08-21,156,120.0,45.5466
2026-03-18,2026-09-18,184,120.0,48.4565
2026-03-18,2026-12-18,275,120.0,59.0208
2026-03-18,2027-01-15,303,120.0,61.1926
2026-03-18,2027-12-17,639,120.0,86.2433
2026-03-18,2028-01-21,674,120.0,88.2465
2026-03-19,2026-03-20,1,122.0,3.8965
2026-03-19,2026-03-27,8,122.0,10.0806
2026-03-19,2026-04-02,14,122.0,13.3311
2026-03-19,2026-04-10,22,122.0,16.7051
2026-03-19,2026-04-17,29,120.0,18.5772
2026-03-19,2026-04-24,36,122.0,20.8813
2026-03-19,2026-05-01,43,122.0,22.5889
2026-03-19,2026-05-15,57,120.0,27.7526
2026-03-19,2026-06-18,91,120.0,34.0685
2026-03-19,2026-07-17,120,120.0,39.3968
2026-03-19,2026-08-21,155,120.0,44.8897
2026-03-19,2026-09-18,183,120.0,48.5723
2026-03-19,2026-11-20,246,120.0,55.9167
2026-03-19,2026-12-18,274,120.0,58.2414
2026-03-19,2027-01-15,302,120.0,60.2576
2026-03-19,2027-12-17,638,120.0,85.274
2026-03-19,2028-01-21,673,120.0,86.529
2026-03-20,2026-03-27,7,118.0,9.5647
2026-03-20,2026-04-02,13,118.0,12.9017
2026-03-20,2026-04-10,21,118.0,15.5798
2026-03-20,2026-04-17,28,120.0,18.8743
2026-03-20,2026-04-24,35,118.0,20.9148
2026-03-20,2026-05-01,42,118.0,23.0616
2026-03-20,2026-05-15,56,120.0,27.6314
2026-03-20,2026-06-18,90,120.0,35.4106
2026-03-20,2026-07-17,119,120.0,39.9379
2026-03-20,2026-08-21,154,120.0,45.8043
2026-03-20,2026-09-18,182,120.0,48.9713
2026-03-20,2026-11-20,245,120.0,57.1331
2026-03-20,2026-12-18,273,120.0,60.1088
2026-03-20,2027-01-15,301,120.0,62.128
2026-03-20,2027-12-17,637,120.0,86.4011
2026-03-20,2028-01-21,672,120.0,88.6116
2026-03-23,2026-03-27,4,114.0,8.1034
2026-03-23,2026-04-02,10,114.0,11.717
2026-03-23,2026-04-10,18,114.0,15.0898
2026-03-23,2026-04-17,25,114.0,17.3237
2026-03-23,2026-04-24,32,114.0,20.0175
2026-03-23,2026-05-01,39,114.0,21.5725
2026-03-23,2026-05-15,53,115.0,26.4564
2026-03-23,2026-06-18,87,115.0,34.0999
2026-03-23,2026-07-17,116,115.0,38.6991
2026-03-23,2026-08-21,151,115.0,44.919
2026-03-23,2026-09-18,179,115.0,48.0508
2026-03-23,2026-11-20,242,115.0,56.0885
2026-03-23,2026-12-18,270,115.0,59.1765
2026-03-23,2027-01-15,298,115.0,61.1476
2026-03-23,2027-12-17,634,115.0,85.9615
2026-03-23,2028-01-21,669,115.0,87.6478
2026-03-24,2026-03-27,3,115.0,7.049
2026-03-24,2026-04-02,9,115.0,11.0956
2026-03-24,2026-04-10,17,115.0,14.6854
2026-03-24,2026-04-17,24,115.0,17.2744
2026-03-24,2026-04-24,31,115.0,19.6023
2026-03-24,2026-05-01,38,115.0,21.952
2026-03-24,2026-05-15,52,115.0,26.4555
2026-03-24,2026-06-18,86,115.0,34.0484
2026-03-24,2026-07-17,115,115.0,38.5302
2026-03-24,2026-08-21,150,115.0,44.7959
2026-03-24,2026-09-18,178,115.0,48.1464
2026-03-24,2026-11-20,241,115.0,55.6087
2026-03-24,2026-12-18,269,115.0,58.8504
2026-03-24,2027-01-15,297,115.0,61.2001
2026-03-24,2027-12-17,633,115.0,86.1544
2026-03-24,2028-01-21,668,115.0,87.9166
2026-03-25,2026-03-27,2,115.0,5.5739
2026-03-25,2026-04-02,8,115.0,10.4049
2026-03-25,2026-04-10,16,115.0,14.2932
2026-03-25,2026-04-17,23,115.0,16.7912
2026-03-25,2026-04-24,30,115.0,19.2675
2026-03-25,2026-05-01,37,115.0,21.9611
2026-03-25,2026-05-15,51,115.0,26.0014
2026-03-25,2026-06-18,85,115.0,33.539
2026-03-25,2026-07-17,114,115.0,38.1441
2026-03-25,2026-08-21,149,115.0,43.6615
2026-03-25,2026-09-18,177,115.0,48.2014
2026-03-25,2026-11-20,240,115.0,55.2394
2026-03-25,2026-12-18,268,115.0,57.9764
2026-03-25,2027-01-15,296,115.0,60.5179
2026-03-25,2027-12-17,632,115.0,84.347
2026-03-25,2028-01-21,667,115.0,87.8443
2026-03-26,2026-03-27,1,106.0,3.8879
2026-03-26,2026-04-02,7,106.0,9.8377
2026-03-26,2026-04-10,15,106.0,14.037
2026-03-26,2026-04-17,22,106.0,16.75
2026-03-26,2026-04-24,29,106.0,19.6046
2026-03-26,2026-05-01,36,106.0,21.374
2026-03-26,2026-05-08,43,106.0,24.4881
2026-03-26,2026-05-15,50,105.0,26.3282
2026-03-26,2026-06-18,84,105.0,34.0662
2026-03-26,2026-07-17,113,105.0,38.4307
2026-03-26,2026-08-21,148,105.0,45.0599
2026-03-26,2026-09-18,176,105.0,47.4191
2026-03-26,2026-11-20,239,105.0,54.8976
2026-03-26,2026-12-18,267,105.0,58.5071
2026-03-26,2027-01-15,295,105.0,60.7011
2026-03-26,2027-12-17,631,105.0,85.2128
2026-03-26,2028-01-21,666,105.0,87.4304
2026-03-27,2026-04-02,6,101.0,8.9516
2026-03-27,2026-04-10,14,101.0,13.7126
2026-03-27,2026-04-17,21,100.0,17.1097
2026-03-27,2026-04-24,28,101.0,20.2093
2026-03-27,2026-05-01,35,101.0,22.7633
2026-03-27,2026-05-08,42,101.0,24.6479
2026-03-27,2026-05-15,49,100.0,26.83
2026-03-27,2026-06-18,83,100.0,34.8641
2026-03-27,2026-07-17,112,100.0,39.7491
2026-03-27,2026-08-21,147,100.0,45.5515
2026-03-27,2026-09-18,175,100.0,48.6015
2026-03-27,2026-11-20,238,100.0,56.4868
2026-03-27,2026-12-18,266,100.0,58.7929
2026-03-27,2027-01-15,294,100.0,62.0909
2026-03-27,2027-12-17,630,100.0,86.2676
2026-03-27,2028-01-21,665,100.0,87.8546
2026-03-30,2026-04-02,3,92.0,7.9937
2026-03-30,2026-04-10,11,92.0,13.4403
2026-03-30,2026-04-17,18,90.0,16.9629
2026-03-30,2026-04-24,25,92.0,19.9436
2026-03-30,2026-05-01,32,94.0,22.6534
2026-03-30,2026-05-08,39,90.0,23.8728
2026-03-30,2026-05-15,46,90.0,26.5825
2026-03-30,2026-06-18,80,90.0,33.8988
2026-03-30,2026-07-17,109,90.0,39.2369
2026-03-30,2026-08-21,144,90.0,44.6022
2026-03-30,2026-09-18,172,90.0,48.3958
2026-03-30,2026-11-20,235,90.0,54.9534
2026-03-30,2026-12-18,263,90.0,57.9612
2026-03-30,2027-01-15,291,90.0,60.4
2026-03-30,2027-12-17,627,90.0,84.6792
2026-03-30,2028-01-21,662,90.0,87.3347
2026-03-31,2026-04-02,2,104.0,5.7199
2026-03-31,2026-04-10,10,104.0,11.1315
2026-03-31,2026-04-17,17,105.0,14.6492
2026-03-31,2026-04-24,24,104.0,17.4682
2026-03-31,2026-05-01,31,104.0,19.7571
2026-03-31,2026-05-08,38,104.0,22.1183
2026-03-31,2026-05-15,45,105.0,24.6482
2026-03-31,2026-06-18,79,105.0,32.286
2026-03-31,2026-07-17,108,105.0,36.888
2026-03-31,2026-08-21,143,105.0,42.9115
2026-03-31,2026-09-18,171,105.0,46.3811
2026-03-31,2026-11-20,234,105.0,54.4526
2026-03-31,2026-12-18,262,105.0,57.0788
2026-03-31,2027-01-15,290,105.0,60.1629
2026-03-31,2027-12-17,626,105.0,83.8955
2026-03-31,2028-01-21,661,105.0,86.1604
2026-04-01,2026-04-02,1,102.0,4.1736
2026-04-01,2026-04-10,9,102.0,10.2992
2026-04-01,2026-04-17,16,100.0,14.4434
2026-04-01,2026-04-24,23,102.0,17.1898
2026-04-01,2026-05-01,30,102.0,19.4213
2026-04-01,2026-05-08,37,102.0,22.1677
2026-04-01,2026-05-15,44,100.0,24.0804
2026-04-01,2026-06-18,78,100.0,31.5351
2026-04-01,2026-07-17,107,100.0,36.464
2026-04-01,2026-08-21,142,100.0,42.0549
2026-04-01,2026-09-18,170,100.0,45.3163
2026-04-01,2026-11-20,233,100.0,53.6047
2026-04-01,2026-12-18,261,100.0,56.155
2026-04-01,2027-01-15,289,100.0,58.8769
2026-04-01,2027-12-17,625,100.0,83.2761
2026-04-01,2028-01-21,660,100.0,84.5267
2026-04-02,2026-04-10,8,109.0,9.0746
2026-04-02,2026-04-17,15,109.0,13.095
2026-04-02,2026-04-24,22,109.0,16.3573
2026-04-02,2026-05-01,29,109.0,19.4587
2026-04-02,2026-05-08,36,109.0,21.7102
2026-04-02,2026-05-15,43,110.0,24.1224
2026-04-02,2026-05-22,50,109.0,26.3738
2026-04-02,2026-06-18,77,110.0,32.2321
2026-04-02,2026-07-17,106,110.0,36.8269
2026-04-02,2026-08-21,141,110.0,42.4554
2026-04-02,2026-09-18,169,110.0,45.8555
2026-04-02,2026-11-20,232,110.0,53.8734
2026-04-02,2026-12-18,260,110.0,57.733
2026-04-02,2027-01-15,288,110.0,59.1344
2026-04-02,2027-12-17,624,110.0,84.1068
2026-04-02,2028-01-21,659,110.0,86.7947
2026-04-06,2026-04-10,4,113.0,7.6639
2026-04-06,2026-04-17,11,113.0,11.9069
2026-04-06,2026-04-24,18,113.0,15.1724
2026-04-06,2026-05-01,25,113.0,18.1047
2026-04-06,2026-05-08,32,113.0,20.837
2026-04-06,2026-05-15,39,115.0,23.0585
2026-04-06,2026-05-22,46,113.0,25.702
2026-04-06,2026-06-18,73,115.0,31.4777
2026-04-06,2026-07-17,102,115.0,35.8539
2026-04-06,2026-08-21,137,115.0,42.5849
2026-04-06,2026-09-18,165,115.0,46.0725
2026-04-06,2026-11-20,228,115.0,54.3362
2026-04-06,2026-12-18,256,115.0,57.2241
2026-04-06,2027-01-15,284,115.0,59.6677
2026-04-06,2027-12-17,620,115.0,85.614
2026-04-06,2028-01-21,655,115.0,86.6136
2026-04-07,2026-04-10,3,117.0,7.4319
2026-04-07,2026-04-17,10,117.0,11.9037
2026-04-07,2026-04-24,17,117.0,15.5238
2026-04-07,2026-05-01,24,117.0,17.8024
2026-04-07,2026-05-08,31,117.0,21.4012
2026-04-07,2026-05-15,38,115.0,23.1899
2026-04-07,2026-05-22,45,117.0,25.4259
2026-04-07,2026-06-18,72,115.0,31.5801
2026-04-07,2026-07-17,101,115.0,36.5204
2026-04-07,2026-08-21,136,115.0,41.8867
2026-04-07,2026-09-18,164,115.0,45.9966
2026-04-07,2026-11-20,227,115.0,53.4072
2026-04-07,2026-12-18,255,115.0,56.2181
2026-04-07,2027-01-15,283,115.0,59.3484
2026-04-07,2027-12-17,619,115.0,82.1976
2026-04-07,2028-01-21,654,115.0,84.753
2026-04-08,2026-04-10,2,125.0,5.62
2026-04-08,2026-04-17,9,125.0,10.42
2026-04-08,2026-04-24,16,125.0,13.62
2026-04-08,2026-05-01,23,125.0,16.78
2026-04-08,2026-05-08,30,125.0,19.6
2026-04-08,2026-05-15,37,125.0,21.78
2026-04-08,2026-05-22,44,125.0,23.96
2026-04-08,2026-06-18,71,125.0,29.76
2026-04-08,2026-07-17,100,125.0,35.0
2026-04-08,2026-08-21,135,125.0,40.94
2026-04-08,2026-09-18,163,125.0,44.38
2026-04-08,2026-11-20,226,125.0,52.86
2026-04-08,2026-12-18,254,125.0,55.34
2026-04-08,2027-01-15,282,125.0,57.76
2026-04-08,2027-12-17,618,125.0,82.52
2026-04-08,2028-01-21,653,125.0,84.46
2026-04-09,2026-04-10,1,136.0,4.049
2026-04-09,2026-04-17,8,136.0,10.0675
2026-04-09,2026-04-24,15,136.0,13.625
2026-04-09,2026-05-01,22,136.0,17.2009
2026-04-09,2026-05-08,29,136.0,19.8232
2026-04-09,2026-05-15,36,135.0,22.1888
2026-04-09,2026-05-22,43,136.0,24.481
2026-04-09,2026-05-29,50,136.0,25.8747
2026-04-09,2026-06-18,70,135.0,30.5509
2026-04-09,2026-07-17,99,135.0,35.4287
2026-04-09,2026-08-21,134,135.0,41.3519
2026-04-09,2026-09-18,162,135.0,45.1478
2026-04-09,2026-11-20,225,135.0,52.8314
2026-04-09,2026-12-18,253,135.0,55.9305
2026-04-09,2027-01-15,281,135.0,57.5442
2026-04-09,2027-12-17,617,135.0,81.3834
2026-04-09,2028-01-21,652,135.0,83.0522
2026-04-10,2026-04-17,7,145.0,9.6227
2026-04-10,2026-04-24,14,145.0,13.4511
2026-04-10,2026-05-01,21,145.0,16.8828
2026-04-10,2026-05-08,28,145.0,19.8489
2026-04-10,2026-05-15,35,145.0,22.5909
2026-04-10,2026-05-22,42,145.0,24.9362
2026-04-10,2026-05-29,49,145.0,26.6607
2026-04-10,2026-06-18,69,145.0,30.8167
2026-04-10,2026-07-17,98,145.0,35.766
2026-04-10,2026-08-21,133,145.0,42.2674
2026-04-10,2026-09-18,161,145.0,45.5267
2026-04-10,2026-11-20,224,145.0,53.0799
2026-04-10,2026-12-18,252,145.0,55.5977
2026-04-10,2027-01-15,280,145.0,57.5291
2026-04-10,2027-12-17,616,145.0,79.5509
2026-04-10,2028-01-21,651,145.0,82.0859
2026-04-13,2026-04-17,4,155.0,8.3301
2026-04-13,2026-04-24,11,155.0,12.8591
2026-04-13,2026-05-01,18,155.0,16.369
2026-04-13,2026-05-08,25,155.0,19.5232
2026-04-13,2026-05-15,32,155.0,22.0626
2026-04-13,2026-05-22,39,155.0,25.2653
2026-04-13,2026-05-29,46,155.0,26.446
2026-04-13,2026-06-18,66,155.0,30.6515
2026-04-13,2026-07-17,95,155.0,35.5849
2026-04-13,2026-08-21,130,155.0,41.9255
2026-04-13,2026-09-18,158,155.0,45.306
2026-04-13,2026-11-20,221,155.0,53.345
2026-04-13,2026-12-18,249,155.0,55.658
2026-04-13,2027-01-15,277,155.0,58.2622
2026-04-13,2027-12-17,613,155.0,80.5836
2026-04-13,2028-01-21,648,155.0,81.8776
2026-04-14,2026-04-17,3,162.5,7.194
2026-04-14,2026-04-24,10,162.5,12.0261
2026-04-14,2026-05-01,17,162.5,16.009
2026-04-14,2026-05-08,24,160.0,19.4516
2026-04-14,2026-05-15,31,160.0,21.2579
2026-04-14,2026-05-22,38,160.0,24.0521
2026-04-14,2026-05-29,45,160.0,25.5496
2026-04-14,2026-06-18,65,160.0,30.0574
2026-04-14,2026-07-17,94,160.0,35.4607
2026-04-14,2026-08-21,129,160.0,41.4042
2026-04-14,2026-09-18,157,160.0,44.924
2026-04-14,2026-11-20,220,160.0,52.7201
2026-04-14,2026-12-18,248,160.0,55.0821
2026-04-14,2027-01-15,276,160.0,57.2897
2026-04-14,2027-12-17,612,160.0,79.7054
2026-04-14,2028-01-21,647,160.0,80.8015
2026-04-15,2026-04-17,2,167.5,6.2661
2026-04-15,2026-04-24,9,167.5,11.7077
2026-04-15,2026-05-01,16,167.5,15.5604
2026-04-15,2026-05-08,23,165.0,18.6784
2026-04-15,2026-05-15,30,165.0,21.047
2026-04-15,2026-05-22,37,165.0,23.5804
2026-04-15,2026-05-29,44,165.0,25.2144
2026-04-15,2026-06-18,64,165.0,29.9664
2026-04-15,2026-07-17,93,165.0,34.3137
2026-04-15,2026-08-21,128,165.0,40.7148
2026-04-15,2026-09-18,156,165.0,44.6723
2026-04-15,2026-11-20,219,165.0,52.4375
2026-04-15,2026-12-18,247,165.0,54.5961
2026-04-15,2027-01-15,275,165.0,56.9347
2026-04-15,2027-12-17,611,165.0,78.8361
2026-04-15,2028-01-21,646,165.0,80.7999
2026-04-16,2026-04-17,1,165.0,3.7498
2026-04-16,2026-04-24,8,165.0,10.2818
2026-04-16,2026-05-01,15,165.0,14.2736
2026-04-16,2026-05-08,22,165.0,17.6303
2026-04-16,2026-05-15,29,165.0,20.5183
2026-04-16,2026-05-22,36,165.0,23.3458
2026-04-16,2026-05-29,43,165.0,25.3417
2026-04-16,2026-06-18,63,165.0,29.016
2026-04-16,2026-07-17,92,165.0,34.0208
2026-04-16,2026-08-21,127,165.0,40.6133
2026-04-16,2026-09-18,155,165.0,43.9851
2026-04-16,2026-11-20,218,165.0,51.7721
2026-04-16,2026-12-18,246,165.0,54.3123
2026-04-16,2027-01-15,274,165.0,56.7316
2026-04-16,2027-12-17,610,165.0,78.4142
2026-04-16,2028-01-21,645,165.0,80.0472
2026-04-17,2026-04-24,7,157.5,8.8615
2026-04-17,2026-05-01,14,157.5,12.998
2026-04-17,2026-05-08,21,157.5,16.1957
2026-04-17,2026-05-15,28,155.0,18.9481
2026-04-17,2026-05-22,35,157.5,22.3686
2026-04-17,2026-05-29,42,157.5,23.9595
2026-04-17,2026-06-18,62,155.0,28.1596
2026-04-17,2026-07-17,91,155.0,33.2347
2026-04-17,2026-08-21,126,155.0,39.7575
2026-04-17,2026-09-18,154,155.0,43.5599
2026-04-17,2026-11-20,217,155.0,50.9896
2026-04-17,2026-12-18,245,155.0,53.6464
2026-04-17,2027-01-15,273,155.0,55.7465
2026-04-17,2027-12-17,609,155.0,78.3219
2026-04-17,2028-01-21,644,155.0,80.1355
2026-04-20,2026-04-24,4,160.0,7.9794
2026-04-20,2026-05-01,11,160.0,12.7702
2026-04-20,2026-05-08,18,160.0,16.54
2026-04-20,2026-05-15,25,160.0,19.3202
2026-04-20,2026-05-22,32,160.0,22.6659
2026-04-20,2026-05-29,39,160.0,23.9225
2026-04-20,2026-06-18,59,160.0,28.0692
2026-04-20,2026-07-17,88,160.0,33.7396
2026-04-20,2026-08-21,123,160.0,39.6928
2026-04-20,2026-09-18,151,160.0,43.4783
2026-04-20,2026-11-20,214,160.0,51.5205
2026-04-20,2026-12-18,242,160.0,54.2536
2026-04-20,2027-01-15,270,160.0,56.2013
2026-04-20,2027-03-19,333,160.0,61.746
2026-04-20,2027-12-17,606,160.0,78.5059
2026-04-20,2028-01-21,641,160.0,80.3751
2026-04-21,2026-04-24,3,157.5,7.282
2026-04-21,2026-05-01,10,157.5,12.9671
2026-04-21,2026-05-08,17,157.5,17.3427
2026-04-21,2026-05-15,24,157.5,19.9457
2026-04-21,2026-05-22,31,157.5,22.8521
2026-04-21,2026-05-29,38,157.5,24.5129
2026-04-21,2026-06-18,58,155.0,28.7288
2026-04-21,2026-07-17,87,155.0,33.7113
2026-04-21,2026-08-21,122,155.0,39.4602
2026-04-21,2026-09-18,150,155.0,42.7978
2026-04-21,2026-11-20,213,155.0,50.3354
2026-04-21,2026-12-18,241,155.0,52.9543
2026-04-21,2027-01-15,269,155.0,55.2859
2026-04-21,2027-03-19,332,155.0,60.2204
2026-04-21,2027-12-17,605,155.0,77.2118
2026-04-21,2028-01-21,640,155.0,79.144
2026-04-22,2026-04-24,2,155.0,6.1964
2026-04-22,2026-05-01,9,155.0,12.1365
2026-04-22,2026-05-08,16,155.0,16.6837
2026-04-22,2026-05-15,23,155.0,19.3096
2026-04-22,2026-05-22,30,155.0,22.8001
2026-04-22,2026-05-29,37,155.0,24.177
2026-04-22,2026-06-18,57,155.0,28.5321
2026-04-22,2026-07-17,86,155.0,33.4796
2026-04-22,2026-08-21,121,155.0,39.8521
2026-04-22,2026-09-18,149,155.0,43.6307
2026-04-22,2026-11-20,212,155.0,51.5243
2026-04-22,2026-12-18,240,155.0,53.6858
2026-04-22,2027-01-15,268,155.0,56.1996
2026-04-22,2027-03-19,331,155.0,61.2591
2026-04-22,2027-12-17,604,155.0,78.7915
2026-04-22,2028-01-21,639,155.0,79.7361
2026-04-23,2026-04-24,1,157.5,4.1539
2026-04-23,2026-05-01,8,157.5,11.6183
2026-04-23,2026-05-08,15,157.5,16.5043
2026-04-23,2026-05-15,22,157.5,19.4009
2026-04-23,2026-05-22,29,157.5,23.2684
2026-04-23,2026-05-29,36,157.5,24.4939
2026-04-23,2026-06-05,43,157.5,26.0377
2026-04-23,2026-06-18,56,155.0,29.1094
2026-04-23,2026-07-17,85,155.0,34.3615
2026-04-23,2026-08-21,120,155.0,40.1706
2026-04-23,2026-09-18,148,155.0,43.6243
2026-04-23,2026-11-20,211,155.0,51.6616
2026-04-23,2026-12-18,239,155.0,54.1603
2026-04-23,2027-01-15,267,155.0,56.5317
2026-04-23,2027-03-19,330,155.0,61.8634
2026-04-23,2027-12-17,603,155.0,78.8929
2026-04-23,2028-01-21,638,155.0,80.2298
2026-04-24,2026-05-01,7,147.0,11.0594
2026-04-24,2026-05-08,14,147.0,16.6316
2026-04-24,2026-05-15,21,147.0,19.8933
2026-04-24,2026-05-22,28,147.0,23.1721
2026-04-24,2026-05-29,35,147.0,24.4292
2026-04-24,2026-06-05,42,147.0,26.5188
2026-04-24,2026-06-18,55,145.0,29.3218
2026-04-24,2026-07-17,84,145.0,34.928
2026-04-24,2026-08-21,119,145.0,40.9928
2026-04-24,2026-09-18,147,145.0,44.1696
2026-04-24,2026-11-20,210,145.0,52.4089
2026-04-24,2026-12-18,238,145.0,55.263
2026-04-24,2027-01-15,266,145.0,57.9641
2026-04-24,2027-03-19,329,145.0,63.5533
2026-04-24,2027-12-17,602,145.0,79.7261
2026-04-24,2028-01-21,637,145.0,81.5099
2026-04-27,2026-05-01,4,145.0,10.1407
2026-04-27,2026-05-08,11,145.0,15.5043
2026-04-27,2026-05-15,18,145.0,18.8155
2026-04-27,2026-05-22,25,145.0,22.7477
2026-04-27,2026-05-29,32,145.0,24.455
2026-04-27,2026-06-05,39,145.0,26.2831
2026-04-27,2026-06-18,52,145.0,29.0597
2026-04-27,2026-07-17,81,145.0,34.1646
2026-04-27,2026-08-21,116,145.0,40.6319
2026-04-27,2026-09-18,144,145.0,44.4433
2026-04-27,2026-11-20,207,145.0,52.6352
2026-04-27,2026-12-18,235,145.0,55.5153
2026-04-27,2027-01-15,263,145.0,57.5848
2026-04-27,2027-03-19,326,145.0,63.5865
2026-04-27,2027-12-17,599,145.0,81.4707
2026-04-27,2028-01-21,634,145.0,83.0057
2026-04-28,2026-05-01,3,136.0,8.8185
2026-04-28,2026-05-08,10,136.0,14.5746
2026-04-28,2026-05-15,17,135.0,17.6555
2026-04-28,2026-05-22,24,136.0,21.991
2026-04-28,2026-05-29,31,136.0,23.8359
2026-04-28,2026-06-05,38,136.0,25.6254
2026-04-28,2026-06-18,51,135.0,28.7248
2026-04-28,2026-07-17,80,135.0,33.54
2026-04-28,2026-08-21,115,135.0,40.4214
2026-04-28,2026-09-18,143,135.0,44.1111
2026-04-28,2026-11-20,206,135.0,52.3578
2026-04-28,2026-12-18,234,135.0,55.0882
2026-04-28,2027-01-15,262,135.0,57.4865
2026-04-28,2027-03-19,325,135.0,63.2795
2026-04-28,2027-12-17,598,135.0,81.3962
2026-04-28,2028-01-21,633,135.0,82.8537
2026-04-29,2026-05-01,2,141.0,7.7378
2026-04-29,2026-05-08,9,141.0,14.0059
2026-04-29,2026-05-15,16,140.0,17.8483
2026-04-29,2026-05-22,23,141.0,21.6375
2026-04-29,2026-05-29,30,141.0,23.7269
2026-04-29,2026-06-05,37,141.0,25.0903
2026-04-29,2026-06-18,50,140.0,28.3483
2026-04-29,2026-07-17,79,140.0,34.0853
2026-04-29,2026-08-21,114,140.0,40.7076
2026-04-29,2026-09-18,142,140.0,44.4968
2026-04-29,2026-11-20,205,140.0,53.173
2026-04-29,2026-12-18,233,140.0,55.8999
2026-04-29,2027-01-15,261,140.0,58.0246
2026-04-29,2027-03-19,324,140.0,63.3189
2026-04-29,2027-12-17,597,140.0,81.9286
2026-04-29,2028-01-21,632,140.0,83.593
2026-04-30,2026-05-01,1,138.0,4.2502
2026-04-30,2026-05-08,8,138.0,11.7196
2026-04-30,2026-05-15,15,140.0,16.1868
2026-04-30,2026-05-22,22,138.0,19.8944
2026-04-30,2026-05-29,29,138.0,22.0466
2026-04-30,2026-06-05,36,138.0,23.7286
2026-04-30,2026-06-12,43,138.0,25.6457
2026-04-30,2026-06-18,49,140.0,27.5989
2026-04-30,2026-07-17,78,140.0,32.8981
2026-04-30,2026-08-21,113,140.0,39.7707
2026-04-30,2026-09-18,141,140.0,43.6049
2026-04-30,2026-11-20,204,140.0,51.8882
2026-04-30,2026-12-18,232,140.0,54.8181
2026-04-30,2027-01-15,260,140.0,57.4043
2026-04-30,2027-03-19,323,140.0,63.3365
2026-04-30,2027-12-17,596,140.0,82.1276
2026-04-30,2028-01-21,631,140.0,83.9724
2026-05-01,2026-05-08,7,155.0,10.2757
2026-05-01,2026-05-15,14,155.0,16.069
2026-05-01,2026-05-22,21,155.0,19.5967
2026-05-01,2026-05-29,28,155.0,21.927
2026-05-01,2026-06-05,35,155.0,23.5776
2026-05-01,2026-06-12,42,155.0,25.6813
2026-05-01,2026-06-18,48,155.0,27.1215
2026-05-01,2026-07-17,77,155.0,33.028
2026-05-01,2026-08-21,112,155.0,40.3101
2026-05-01,2026-09-18,140,155.0,43.9187
2026-05-01,2026-11-20,203,155.0,52.5439
2026-05-01,2026-12-18,231,155.0,55.2948
2026-05-01,2027-01-15,259,155.0,57.7869
2026-05-01,2027-03-19,322,155.0,63.4831
2026-05-01,2027-12-17,595,155.0,82.562
2026-05-01,2028-01-21,630,155.0,84.0346
2026-05-04,2026-05-08,4,177.5,10.2596
2026-05-04,2026-05-15,11,177.5,16.1688
2026-05-04,2026-05-22,18,177.5,19.9949
2026-05-04,2026-05-29,25,177.5,21.7946
2026-05-04,2026-06-05,32,177.5,24.1469
2026-05-04,2026-06-12,39,175.0,25.8899
2026-05-04,2026-06-18,45,175.0,27.5054
2026-05-04,2026-07-17,74,175.0,33.9389
2026-05-04,2026-08-21,109,175.0,40.9109
2026-05-04,2026-09-18,137,175.0,45.1763
2026-05-04,2026-11-20,200,175.0,54.784
2026-05-04,2026-12-18,228,175.0,57.108
2026-05-04,2027-01-15,256,175.0,59.5879
2026-05-04,2027-03-19,319,175.0,66.1206
2026-05-04,2027-12-17,592,175.0,85.0527
2026-05-04,2028-01-21,627,175.0,86.7249
2026-05-05,2026-05-08,3,175.0,8.7398
2026-05-05,2026-05-15,10,175.0,15.4616
2026-05-05,2026-05-22,17,175.0,19.0996
2026-05-05,2026-05-29,24,175.0,21.5581
2026-05-05,2026-06-05,31,175.0,23.2918
2026-05-05,2026-06-12,38,175.0,25.5088
2026-05-05,2026-06-18,44,175.0,27.1714
2026-05-05,2026-07-17,73,175.0,33.2964
2026-05-05,2026-08-21,108,175.0,40.8282
2026-05-05,2026-09-18,136,175.0,45.0631
2026-05-05,2026-11-20,199,175.0,53.8597
2026-05-05,2026-12-18,227,175.0,56.8156
2026-05-05,2027-01-15,255,175.0,59.402
2026-05-05,2027-03-19,318,175.0,65.4417
2026-05-05,2027-12-17,591,175.0,84.6407
2026-05-05,2028-01-21,626,175.0,86.9856
2026-05-06,2026-05-08,2,195.0,7.6119
2026-05-06,2026-05-15,9,195.0,15.826
2026-05-06,2026-05-22,16,195.0,20.0677
2026-05-06,2026-05-29,23,195.0,22.3999
2026-05-06,2026-06-05,30,195.0,24.9885
2026-05-06,2026-06-12,37,195.0,27.0644
2026-05-06,2026-06-18,43,195.0,28.5637
2026-05-06,2026-07-17,72,195.0,35.7143
2026-05-06,2026-08-21,107,195.0,43.0955
2026-05-06,2026-09-18,135,195.0,47.2602
2026-05-06,2026-11-20,198,195.0,55.9998
2026-05-06,2026-12-18,226,195.0,59.37
2026-05-06,2027-01-15,254,195.0,62.1124
2026-05-06,2027-03-19,317,195.0,67.802
2026-05-06,2027-12-17,590,195.0,87.0496
2026-05-06,2028-01-21,625,195.0,89.2537
2026-05-07,2026-05-08,1,185.0,6.0751
2026-05-07,2026-05-15,8,185.0,14.8563
2026-05-07,2026-05-22,15,185.0,19.1184
2026-05-07,2026-05-29,22,185.0,21.6621
2026-05-07,2026-06-05,29,185.0,24.3817
2026-05-07,2026-06-12,36,185.0,26.7359
2026-05-07,2026-06-18,42,185.0,28.6437
2026-05-07,2026-06-26,50,185.0,30.3215
2026-05-07,2026-07-17,71,185.0,35.5307
2026-05-07,2026-08-21,106,185.0,43.27
2026-05-07,2026-09-18,134,185.0,47.8297
2026-05-07,2026-11-20,197,185.0,57.5039
2026-05-07,2026-12-18,225,185.0,60.5077
2026-05-07,2027-01-15,253,185.0,63.5926
2026-05-07,2027-03-19,316,185.0,69.573
2026-05-07,2027-12-17,589,185.0,88.4884
2026-05-07,2028-01-21,624,185.0,90.3826
2026-05-07,2028-12-15,953,185.0,106.2131
2026-05-08,2026-05-15,7,177.5,13.0754
2026-05-08,2026-05-22,14,177.5,17.4386
2026-05-08,2026-05-29,21,177.5,20.0508
2026-05-08,2026-06-05,28,177.5,22.8749
2026-05-08,2026-06-12,35,177.5,25.586
2026-05-08,2026-06-18,41,175.0,26.9415
2026-05-08,2026-06-26,49,177.5,29.229
2026-05-08,2026-07-17,70,175.0,34.1288
2026-05-08,2026-08-21,105,175.0,42.3327
2026-05-08,2026-09-18,133,175.0,47.2324
2026-05-08,2026-11-20,196,175.0,57.1308
2026-05-08,2026-12-18,224,175.0,59.8842
2026-05-08,2027-01-15,252,175.0,62.8777
2026-05-08,2027-03-19,315,175.0,68.8647
2026-05-08,2027-12-17,588,175.0,88.1107
2026-05-08,2028-01-21,623,175.0,90.1864
2026-05-08,2028-12-15,952,175.0,105.874
2026-05-11,2026-05-15,4,185.0,11.9022
2026-05-11,2026-05-22,11,185.0,17.1548
2026-05-11,2026-05-29,18,185.0,19.828
2026-05-11,2026-06-05,25,185.0,22.5954
2026-05-11,2026-06-12,32,185.0,25.0269
2026-05-11,2026-06-18,38,185.0,26.9613
2026-05-11,2026-06-26,46,185.0,28.9495
2026-05-11,2026-07-17,67,185.0,34.2558
2026-05-11,2026-08-21,102,185.0,42.504
2026-05-11,2026-09-18,130,185.0,47.5282
2026-05-11,2026-11-20,193,185.0,57.5766
2026-05-11,2026-12-18,221,185.0,61.0693
2026-05-11,2027-01-15,249,185.0,64.0381
2026-05-11,2027-03-19,312,185.0,70.3923
2026-05-11,2027-12-17,585,185.0,89.4009
2026-05-11,2028-01-21,620,185.0,91.2144
2026-05-11,2028-12-15,949,185.0,105.9511
2026-05-12,2026-05-15,3,180.0,11.3059
2026-05-12,2026-05-22,10,180.0,16.5401
2026-05-12,2026-05-29,17,180.0,19.0107
2026-05-12,2026-06-05,24,180.0,22.0116
2026-05-12,2026-06-12,31,180.0,24.6776
2026-05-12,2026-06-18,37,180.0,26.869
2026-05-12,2026-06-26,45,180.0,28.5858
2026-05-12,2026-07-17,66,180.0,34.476
2026-05-12,2026-08-21,101,180.0,42.1529
2026-05-12,2026-09-18,129,180.0,46.8567
2026-05-12,2026-11-20,192,180.0,57.1855
2026-05-12,2026-12-18,220,180.0,60.8146
2026-05-12,2027-01-15,248,180.0,63.4387
2026-05-12,2027-03-19,311,180.0,69.9291
2026-05-12,2027-12-17,584,180.0,89.1073
2026-05-12,2028-01-21,619,180.0,91.173
2026-05-12,2028-12-15,948,180.0,106.2057
2026-05-13,2026-05-15,2,207.5,7.1163
2026-05-13,2026-05-22,9,207.5,14.5342
2026-05-13,2026-05-29,16,205.0,17.5616
2026-05-13,2026-06-05,23,205.0,20.6856
2026-05-13,2026-06-12,30,205.0,23.9181
2026-05-13,2026-06-18,36,210.0,26.1495
2026-05-13,2026-06-26,44,205.0,27.9708
2026-05-13,2026-07-17,65,210.0,33.893
2026-05-13,2026-08-21,100,210.0,42.4205
2026-05-13,2026-09-18,128,210.0,47.5949
2026-05-13,2026-11-20,191,210.0,57.2321
2026-05-13,2026-12-18,219,210.0,60.6576
2026-05-13,2027-01-15,247,210.0,63.287
2026-05-13,2027-03-19,310,210.0,69.6555
2026-05-13,2027-12-17,583,210.0,88.4233
2026-05-13,2028-01-21,618,210.0,89.9913
2026-05-13,2028-12-15,947,210.0,105.3939
2026-05-14,2026-05-15,1,220.0,5.5166
2026-05-14,2026-05-22,8,220.0,14.1759
2026-05-14,2026-05-29,15,220.0,18.1777
2026-05-14,2026-06-05,22,220.0,22.0552
2026-05-14,2026-06-12,29,220.0,25.3335
2026-05-14,2026-06-18,35,220.0,27.3118
2026-05-14,2026-06-26,43,220.0,29.7649
2026-05-14,2026-07-17,64,220.0,35.8467
2026-05-14,2026-08-21,99,220.0,44.9017
2026-05-14,2026-09-18,127,220.0,50.2713
2026-05-14,2026-11-20,190,220.0,59.6767
2026-05-14,2026-12-18,218,220.0,63.1585
2026-05-14,2027-01-15,246,220.0,66.4933
2026-05-14,2027-03-19,309,220.0,72.7334
2026-05-14,2027-12-17,582,220.0,90.7981
2026-05-14,2028-01-21,617,220.0,92.5842
2026-05-14,2028-12-15,946,220.0,106.6019
2026-05-15,2026-05-22,7,220.0,12.6398
2026-05-15,2026-05-29,14,220.0,16.7318
2026-05-15,2026-06-05,21,220.0,20.4488
2026-05-15,2026-06-12,28,220.0,24.0634
2026-05-15,2026-06-18,34,220.0,25.9275
2026-05-15,2026-06-26,42,220.0,28.2577
2026-05-15,2026-07-17,63,220.0,34.5662
2026-05-15,2026-08-21,98,220.0,44.4553
2026-05-15,2026-09-18,126,220.0,50.2182
2026-05-15,2026-11-20,189,220.0,60.2664
2026-05-15,2026-12-18,217,220.0,63.8697
2026-05-15,2027-01-15,245,220.0,67.0637
2026-05-15,2027-03-19,308,220.0,73.5314
2026-05-15,2027-12-17,581,220.0,91.7978
2026-05-15,2028-01-21,616,220.0,93.5255
2026-05-15,2028-12-15,945,220.0,107.8476
2026-05-18,2026-05-22,4,200.0,10.8326
2026-05-18,2026-05-29,11,200.0,15.0605
2026-05-18,2026-06-05,18,200.0,18.8757
2026-05-18,2026-06-12,25,200.0,22.5658
2026-05-18,2026-06-18,31,200.0,24.4546
2026-05-18,2026-06-26,39,200.0,27.2691
2026-05-18,2026-07-17,60,200.0,32.9105
2026-05-18,2026-08-21,95,200.0,42.83
2026-05-18,2026-09-18,123,200.0,48.1587
2026-05-18,2026-11-20,186,200.0,59.6918
2026-05-18,2026-12-18,214,200.0,63.1192
2026-05-18,2027-01-15,242,200.0,66.2214
2026-05-18,2027-03-19,305,200.0,72.7634
2026-05-18,2027-12-17,578,200.0,91.5016
2026-05-18,2028-01-21,613,200.0,93.0276
2026-05-18,2028-12-15,942,200.0,107.2501
2026-05-19,2026-05-22,3,197.5,10.0895
2026-05-19,2026-05-29,10,197.5,15.2607
2026-05-19,2026-06-05,17,197.5,19.6101
2026-05-19,2026-06-12,24,197.5,23.264
2026-05-19,2026-06-18,30,197.5,25.5272
2026-05-19,2026-06-26,38,197.5,27.8031
2026-05-19,2026-07-17,59,200.0,34.4156
2026-05-19,2026-08-21,94,200.0,44.3787
2026-05-19,2026-09-18,122,200.0,49.7395
2026-05-19,2026-11-20,185,200.0,61.1061
2026-05-19,2026-12-18,213,200.0,64.3301
2026-05-19,2027-01-15,241,200.0,67.7692
2026-05-19,2027-03-19,304,200.0,74.2679
2026-05-19,2027-12-17,577,200.0,92.7401
2026-05-19,2028-01-21,612,200.0,94.3838
2026-05-19,2028-12-15,941,200.0,108.8732
2026-05-20,2026-05-22,2,192.5,8.4324
2026-05-20,2026-05-29,9,192.5,13.8802
2026-05-20,2026-06-05,16,192.5,18.1681
2026-05-20,2026-06-12,23,192.5,21.8564
2026-05-20,2026-06-18,29,190.0,23.9808
2026-05-20,2026-06-26,37,192.5,26.8742
2026-05-20,2026-07-17,58,190.0,32.9476
2026-05-20,2026-08-21,93,190.0,42.9309
2026-05-20,2026-09-18,121,190.0,48.3396
2026-05-20,2026-11-20,184,190.0,59.6392
2026-05-20,2026-12-18,212,190.0,63.2103
2026-05-20,2027-01-15,240,190.0,66.3773
2026-05-20,2027-03-19,303,190.0,73.6107
2026-05-20,2027-12-17,576,190.0,92.4043
2026-05-20,2028-01-21,611,190.0,93.9683
2026-05-20,2028-12-15,940,190.0,108.422
2026-05-21,2026-05-22,1,220.0,5.0584
2026-05-21,2026-05-29,8,220.0,11.7083
2026-05-21,2026-06-05,15,220.0,16.6758
2026-05-21,2026-06-12,22,220.0,20.5406
2026-05-21,2026-06-18,28,220.0,22.8595
2026-05-21,2026-06-26,36,220.0,25.4967
2026-05-21,2026-07-02,42,220.0,27.5315
2026-05-21,2026-07-17,57,220.0,31.6123
2026-05-21,2026-08-21,92,220.0,41.4336
2026-05-21,2026-09-18,120,220.0,47.2423
2026-05-21,2026-11-20,183,220.0,57.9957
2026-05-21,2026-12-18,211,220.0,61.44
2026-05-21,2027-01-15,239,220.0,64.7592
2026-05-21,2027-03-19,302,220.0,71.9092
2026-05-21,2027-12-17,575,220.0,91.0176
2026-05-21,2028-01-21,610,220.0,92.4953
2026-05-21,2028-12-15,939,220.0,107.0113
2026-05-22,2026-05-29,7,215.0,10.2552
2026-05-22,2026-06-05,14,215.0,15.6796
2026-05-22,2026-06-12,21,215.0,19.2299
2026-05-22,2026-06-18,27,215.0,21.814
2026-05-22,2026-06-26,35,215.0,24.7474
2026-05-22,2026-07-02,41,215.0,26.2257
2026-05-22,2026-07-17,56,210.0,29.7644
2026-05-22,2026-08-21,91,210.0,39.8333
2026-05-22,2026-09-18,119,210.0,45.3625
2026-05-22,2026-11-20,182,210.0,55.6875
2026-05-22,2026-12-18,210,210.0,59.878
2026-05-22,2027-01-15,238,210.0,63.0675
2026-05-22,2027-03-19,301,210.0,70.0866
2026-05-22,2027-12-17,574,210.0,89.6657
2026-05-22,2028-01-21,609,210.0,91.2604
2026-05-22,2028-12-15,938,210.0,105.8574
2026-05-26,2026-05-29,3,207.5,8.5913
2026-05-26,2026-06-05,10,207.5,14.3949
2026-05-26,2026-06-12,17,207.5,18.4202
2026-05-26,2026-06-18,23,207.5,20.7993
2026-05-26,2026-06-26,31,207.5,23.7792
2026-05-26,2026-07-02,37,207.5,25.4494
2026-05-26,2026-07-17,52,210.0,30.1476
2026-05-26,2026-08-21,87,210.0,40.0846
2026-05-26,2026-09-18,115,210.0,44.8549
2026-05-26,2026-11-20,178,210.0,56.414
2026-05-26,2026-12-18,206,210.0,59.9106
2026-05-26,2027-01-15,234,210.0,63.4553
2026-05-26,2027-03-19,297,210.0,70.4004
2026-05-26,2027-12-17,570,210.0,90.1182
2026-05-26,2028-01-21,605,210.0,91.8605
2026-05-26,2028-12-15,934,210.0,107.2647
2026-05-27,2026-05-29,2,207.5,6.8508
2026-05-27,2026-06-05,9,207.5,13.3537
2026-05-27,2026-06-12,16,207.5,17.6849
2026-05-27,2026-06-18,22,207.5,20.3964
2026-05-27,2026-06-26,30,207.5,23.2399
2026-05-27,2026-07-02,36,207.5,25.0996
2026-05-27,2026-07-17,51,210.0,29.7068
2026-05-27,2026-08-21,86,210.0,40.4329
2026-05-27,2026-09-18,114,210.0,45.8799
2026-05-27,2026-11-20,177,210.0,57.098
2026-05-27,2026-12-18,205,210.0,60.8413
2026-05-27,2027-01-15,233,210.0,64.4287
2026-05-27,2027-03-19,296,210.0,71.1475
2026-05-27,2027-12-17,569,210.0,91.3519
2026-05-27,2028-01-21,604,210.0,93.0676
2026-05-27,2028-12-15,933,210.0,108.173
2026-05-28,2026-05-29,1,227.5,4.7384
2026-05-28,2026-06-05,8,227.5,12.7905
2026-05-28,2026-06-12,15,227.5,17.4185
2026-05-28,2026-06-18,21,227.5,20.2461
2026-05-28,2026-06-26,29,225.0,23.1068
2026-05-28,2026-07-02,35,225.0,25.592
2026-05-28,2026-07-10,43,225.0,28.2871
2026-05-28,2026-07-17,50,230.0,30.7944
2026-05-28,2026-08-21,85,230.0,41.3758
2026-05-28,2026-09-18,113,230.0,47.1415
2026-05-28,2026-11-20,176,230.0,58.485
2026-05-28,2026-12-18,204,230.0,61.9422
2026-05-28,2027-01-15,232,230.0,65.8191
2026-05-28,2027-03-19,295,230.0,72.8108
2026-05-28,2027-12-17,568,230.0,92.0849
2026-05-28,2028-01-21,603,230.0,94.051
2026-05-28,2028-12-15,932,230.0,108.3547
2026-05-29,2026-06-05,7,230.0,11.8244
2026-05-29,2026-06-12,14,230.0,16.8225
2026-05-29,2026-06-18,20,230.0,20.0247
2026-05-29,2026-06-26,28,230.0,23.0971
2026-05-29,2026-07-02,34,230.0,25.542
2026-05-29,2026-07-10,42,230.0,27.8896
2026-05-29,2026-07-17,49,230.0,30.4535
2026-05-29,2026-08-21,84,230.0,41.3367
2026-05-29,2026-09-18,112,230.0,47.1137
2026-05-29,2026-11-20,175,230.0,58.8083
2026-05-29,2026-12-18,203,230.0,62.5189
2026-05-29,2027-01-15,231,230.0,66.1106
2026-05-29,2027-03-19,294,230.0,73.056
2026-05-29,2027-12-17,567,230.0,92.821
2026-05-29,2028-01-21,602,230.0,94.8007
2026-05-29,2028-12-15,931,230.0,108.7347
2026-06-01,2026-06-05,4,265.0,10.907
2026-06-01,2026-06-12,11,265.0,16.6912
2026-06-01,2026-06-18,17,265.0,19.8102
2026-06-01,2026-06-26,25,265.0,23.3261
2026-06-01,2026-07-02,31,265.0,25.5567
2026-06-01,2026-07-10,39,265.0,28.619
2026-06-01,2026-07-17,46,260.0,30.8306
2026-06-01,2026-08-21,81,260.0,42.2385
2026-06-01,2026-09-18,109,260.0,48.0133
2026-06-01,2026-11-20,172,260.0,60.1111
2026-06-01,2026-12-18,200,260.0,64.024
2026-06-01,2027-01-15,228,260.0,67.4644
2026-06-01,2027-03-19,291,260.0,74.9688
2026-06-01,2027-12-17,564,260.0,93.8906
2026-06-01,2028-01-21,599,260.0,95.8281
2026-06-01,2028-12-15,928,260.0,109.6272
2026-06-02,2026-06-05,3,260.0,9.1527
2026-06-02,2026-06-12,10,260.0,15.4271
2026-06-02,2026-06-18,16,260.0,18.8042
2026-06-02,2026-06-26,24,260.0,22.306
2026-06-02,2026-07-02,30,260.0,24.8388
2026-06-02,2026-07-10,38,260.0,27.4868
2026-06-02,2026-07-17,45,260.0,29.8949
2026-06-02,2026-08-21,80,260.0,41.1486
2026-06-02,2026-09-18,108,260.0,47.0873
2026-06-02,2026-11-20,171,260.0,58.9838
2026-06-02,2026-12-18,199,260.0,62.8886
2026-06-02,2027-01-15,227,260.0,66.5055
2026-06-02,2027-03-19,290,260.0,74.2382
2026-06-02,2027-12-17,563,260.0,93.8387
2026-06-02,2028-01-21,598,260.0,95.748
2026-06-02,2028-12-15,927,260.0,110.3308
2026-06-03,2026-06-05,2,252.5,7.6585
2026-06-03,2026-06-12,9,252.5,14.9297
2026-06-03,2026-06-18,15,250.0,18.5156
2026-06-03,2026-06-26,23,250.0,21.9823
2026-06-03,2026-07-02,29,250.0,24.0683
2026-06-03,2026-07-10,37,250.0,27.078
2026-06-03,2026-07-17,44,250.0,29.611
2026-06-03,2026-08-21,79,250.0,40.3787
2026-06-03,2026-09-18,107,250.0,45.9711
2026-06-03,2026-11-20,170,250.0,57.9108
2026-06-03,2026-12-18,198,250.0,61.7947
2026-06-03,2027-01-15,226,250.0,65.5892
2026-06-03,2027-03-19,289,250.0,72.9398
2026-06-03,2027-12-17,562,250.0,93.5712
2026-06-03,2028-01-21,597,250.0,95.5976
2026-06-03,2028-12-15,926,250.0,109.7326
2026-06-04,2026-06-05,1,260.0,5.1219
2026-06-04,2026-06-12,8,260.0,13.9119
2026-06-04,2026-06-18,14,260.0,17.917
2026-06-04,2026-06-26,22,260.0,21.6236
2026-06-04,2026-07-02,28,260.0,24.1364
2026-06-04,2026-07-10,36,260.0,26.784
2026-06-04,2026-07-17,43,260.0,29.6049
2026-06-04,2026-07-24,50,260.0,31.7903
2026-06-04,2026-08-21,78,260.0,41.235
2026-06-04,2026-09-18,106,260.0,47.0501
2026-06-04,2026-11-20,169,260.0,58.8343
2026-06-04,2026-12-18,197,260.0,62.5698
2026-06-04,2027-01-15,225,260.0,66.1705
2026-06-04,2027-03-19,288,260.0,73.863
2026-06-04,2027-12-17,561,260.0,94.3698
2026-06-04,2028-01-21,596,260.0,96.2279
2026-06-04,2028-12-15,925,260.0,110.7078
2026-06-05,2026-06-12,7,227.5,13.7395
2026-06-05,2026-06-18,13,227.5,17.9426
2026-06-05,2026-06-26,21,230.0,22.1566
2026-06-05,2026-07-02,27,230.0,24.5051
2026-06-05,2026-07-10,35,230.0,27.8522
2026-06-05,2026-07-17,42,230.0,30.047
2026-06-05,2026-07-24,49,230.0,32.4064
2026-06-05,2026-08-21,77,230.0,41.46
2026-06-05,2026-09-18,105,230.0,47.9347
2026-06-05,2026-11-20,168,230.0,59.633
2026-06-05,2026-12-18,196,230.0,63.3642
2026-06-05,2027-01-15,224,230.0,66.9198
2026-06-05,2027-03-19,287,230.0,74.6894
2026-06-05,2027-12-17,560,230.0,95.3646
2026-06-05,2028-01-21,595,230.0,97.5484
2026-06-05,2028-12-15,924,230.0,112.111
2026-06-08,2026-06-12,4,217.5,11.5711
2026-06-08,2026-06-18,10,217.5,16.6743
2026-06-08,2026-06-26,18,217.5,20.6193
2026-06-08,2026-07-02,24,217.5,23.8417
2026-06-08,2026-07-10,32,217.5,26.594
2026-06-08,2026-07-17,39,220.0,29.3234
2026-06-08,2026-07-24,46,220.0,31.9381
2026-06-08,2026-08-21,74,220.0,41.1353
2026-06-08,2026-09-18,102,220.0,46.961
2026-06-08,2026-11-20,165,220.0,58.9794
2026-06-08,2026-12-18,193,220.0,62.4312
2026-06-08,2027-01-15,221,220.0,66.7431
2026-06-08,2027-03-19,284,220.0,73.9794
2026-06-08,2027-12-17,557,220.0,94.9197
2026-06-08,2028-01-21,592,220.0,96.5711
2026-06-08,2028-12-15,921,220.0,110.9862
2026-06-09,2026-06-12,3,220.0,9.7333
2026-06-09,2026-06-18,9,220.0,15.3098
2026-06-09,2026-06-26,17,220.0,19.7619
2026-06-09,2026-07-02,23,220.0,22.4877
2026-06-09,2026-07-10,31,220.0,25.5997
2026-06-09,2026-07-17,38,220.0,28.2573
2026-06-09,2026-07-24,45,220.0,30.9036
2026-06-09,2026-08-21,73,220.0,40.0463
2026-06-09,2026-09-18,101,220.0,46.2475
2026-06-09,2026-11-20,164,220.0,58.3091
2026-06-09,2026-12-18,192,220.0,62.5114
2026-06-09,2027-01-15,220,220.0,66.1457
2026-06-09,2027-03-19,283,220.0,73.9256
2026-06-09,2027-12-17,556,220.0,94.2668
2026-06-09,2028-01-21,591,220.0,96.3225
2026-06-09,2028-12-15,920,220.0,111.2121
2026-06-10,2026-06-12,2,212.5,8.4794
2026-06-10,2026-06-18,8,212.5,15.3172
2026-06-10,2026-06-26,16,212.5,20.1238
2026-06-10,2026-07-02,22,212.5,22.6038
2026-06-10,2026-07-10,30,212.5,26.3121
2026-06-10,2026-07-17,37,210.0,28.6031
2026-06-10,2026-07-24,44,210.0,31.3312
2026-06-10,2026-08-21,72,210.0,40.2948
2026-06-10,2026-09-18,100,210.0,46.8964
2026-06-10,2026-11-20,163,210.0,59.1077
2026-06-10,2026-12-18,191,210.0,62.6506
2026-06-10,2027-01-15,219,210.0,66.1344
2026-06-10,2027-03-19,282,210.0,74.1414
2026-06-10,2027-12-17,555,210.0,94.9738
2026-06-10,2028-01-21,590,210.0,96.8279
2026-06-10,2028-12-15,919,210.0,112.0034
2026-06-11,2026-06-12,1,222.5,5.6358
2026-06-11,2026-06-18,7,222.5,13.7464
2026-06-11,2026-06-26,15,222.5,18.7635
2026-06-11,2026-07-02,21,222.5,21.5983
2026-06-11,2026-07-10,29,222.5,24.838
2026-06-11,2026-07-17,36,220.0,27.4928
2026-06-11,2026-07-24,43,222.5,29.9451
2026-06-11,2026-07-31,50,222.5,32.4087
2026-06-11,2026-08-21,71,220.0,39.5968
2026-06-11,2026-09-18,99,220.0,45.7051
2026-06-11,2026-11-20,162,220.0,58.2253
2026-06-11,2026-12-18,190,220.0,62.095
2026-06-11,2027-01-15,218,220.0,65.7397
2026-06-11,2027-03-19,281,220.0,74.0641
2026-06-11,2027-12-17,554,220.0,95.2911
2026-06-11,2028-01-21,589,220.0,97.1922
2026-06-11,2028-12-15,918,220.0,112.2885
2026-06-12,2026-06-18,6,232.5,11.6414
2026-06-12,2026-06-26,14,232.5,17.1824
2026-06-12,2026-07-02,20,232.5,20.4855
2026-06-12,2026-07-10,28,232.5,23.8746
2026-06-12,2026-07-17,35,230.0,26.8011
2026-06-12,2026-07-24,42,232.5,29.4478
2026-06-12,2026-07-31,49,232.5,31.6535
2026-06-12,2026-08-21,70,230.0,39.5722
2026-06-12,2026-09-18,98,230.0,45.7695
2026-06-12,2026-11-20,161,230.0,58.1641
2026-06-12,2026-12-18,189,230.0,62.1449
2026-06-12,2027-01-15,217,230.0,65.8676
2026-06-12,2027-03-19,280,230.0,74.2383
2026-06-12,2027-12-17,553,230.0,96.5528
2026-06-12,2028-01-21,588,230.0,98.6616
2026-06-12,2028-12-15,917,230.0,113.9396
2026-06-15,2026-06-18,3,260.0,9.1802
2026-06-15,2026-06-26,11,260.0,15.64
2026-06-15,2026-07-02,17,260.0,18.9084
2026-06-15,2026-07-10,25,260.0,22.4459
2026-06-15,2026-07-17,32,260.0,25.5604
2026-06-15,2026-07-24,39,260.0,28.2616
2026-06-15,2026-07-31,46,260.0,30.7033
2026-06-15,2026-08-21,67,260.0,38.1628
2026-06-15,2026-09-18,95,260.0,44.613
2026-06-15,2026-11-20,158,260.0,57.4076
2026-06-15,2026-12-18,186,260.0,61.743
2026-06-15,2027-01-15,214,260.0,65.3478
2026-06-15,2027-03-19,277,260.0,73.807
2026-06-15,2027-12-17,550,260.0,97.3488
2026-06-15,2028-01-21,585,260.0,99.2041
2026-06-15,2028-12-15,914,260.0,114.3923
2026-06-16,2026-06-18,2,265.0,7.7989
2026-06-16,2026-06-26,10,265.0,14.9283
2026-06-16,2026-07-02,16,265.0,18.7854
2026-06-16,2026-07-10,24,265.0,22.4161
2026-06-16,2026-07-17,31,270.0,25.7073
2026-06-16,2026-07-24,38,265.0,28.0743
2026-06-16,2026-07-31,45,265.0,30.828
2026-06-16,2026-08-21,66,270.0,38.9759
2026-06-16,2026-09-18,94,270.0,45.5583
2026-06-16,2026-11-20,157,270.0,58.9212
2026-06-16,2026-12-18,185,270.0,63.278
2026-06-16,2027-01-15,213,270.0,67.0785
2026-06-16,2027-03-19,276,270.0,75.4055
2026-06-16,2027-12-17,549,270.0,98.7175
2026-06-16,2028-01-21,584,270.0,100.8676
2026-06-16,2028-12-15,913,270.0,116.937
2026-06-17,2026-06-18,1,280.0,5.7403
2026-06-17,2026-06-26,9,280.0,14.3729
2026-06-17,2026-07-02,15,280.0,18.4935
2026-06-17,2026-07-10,23,280.0,22.5784
2026-06-17,2026-07-17,30,280.0,25.5598
2026-06-17,2026-07-24,37,280.0,28.6569
2026-06-17,2026-07-31,44,280.0,31.4247
2026-06-17,2026-08-21,65,280.0,39.7725
2026-06-17,2026-09-18,93,280.0,46.6876
2026-06-17,2026-11-20,156,280.0,59.2895
2026-06-17,2026-12-18,184,280.0,63.8372
2026-06-17,2027-01-15,212,280.0,67.4682
2026-06-17,2027-03-19,275,280.0,75.7983
2026-06-17,2027-12-17,548,280.0,99.854
2026-06-17,2028-01-21,583,280.0,102.079
2026-06-17,2028-12-15,912,280.0,118.0627
2026-06-18,2026-06-26,8,287.5,12.8362
2026-06-18,2026-07-02,14,287.5,17.0829
2026-06-18,2026-07-10,22,287.5,21.4692
2026-06-18,2026-07-17,29,290.0,24.8962
2026-06-18,2026-07-24,36,287.5,28.3407
2026-06-18,2026-07-31,43,287.5,31.105
2026-06-18,2026-08-21,64,290.0,40.0433
2026-06-18,2026-09-18,92,290.0,47.063
2026-06-18,2026-11-20,155,290.0,60.1434
2026-06-18,2026-12-18,183,290.0,64.582
2026-06-18,2027-01-15,211,290.0,68.2706
2026-06-18,2027-02-19,246,290.0,72.9882
2026-06-18,2027-03-19,274,290.0,76.8426
2026-06-18,2027-12-17,547,290.0,101.329
2026-06-18,2028-01-21,582,290.0,103.7183
2026-06-18,2028-12-15,911,290.0,120.6006
2026-06-22,2026-06-26,4,282.5,11.098
2026-06-22,2026-07-02,10,282.5,15.9815
2026-06-22,2026-07-10,18,282.5,20.4682
2026-06-22,2026-07-17,25,282.5,23.7121
2026-06-22,2026-07-24,32,282.5,26.9737
2026-06-22,2026-07-31,39,282.5,30.0765
2026-06-22,2026-08-21,60,280.0,38.627
2026-06-22,2026-09-18,88,280.0,45.626
2026-06-22,2026-11-20,151,280.0,58.822
2026-06-22,2026-12-18,179,280.0,63.4674
2026-06-22,2027-01-15,207,280.0,67.2931
2026-06-22,2027-02-19,242,280.0,72.3176
2026-06-22,2027-03-19,270,280.0,75.8348
2026-06-22,2027-12-17,543,280.0,100.1199
2026-06-22,2028-01-21,578,280.0,102.4294
2026-06-22,2028-12-15,907,280.0,118.2963
2026-06-23,2026-06-26,3,275.0,10.0091
2026-06-23,2026-07-02,9,275.0,15.6857
2026-06-23,2026-07-10,17,275.0,20.4995
2026-06-23,2026-07-17,24,275.0,24.0418
2026-06-23,2026-07-24,31,275.0,27.2752
2026-06-23,2026-07-31,38,275.0,30.2361
2026-06-23,2026-08-21,59,280.0,39.4641
2026-06-23,2026-09-18,87,280.0,46.8756
2026-06-23,2026-11-20,150,280.0,59.8638
2026-06-23,2026-12-18,178,280.0,64.4687
2026-06-23,2027-01-15,206,280.0,68.2561
2026-06-23,2027-02-19,241,280.0,73.2334
2026-06-23,2027-03-19,269,280.0,76.8756
2026-06-23,2027-06-17,359,280.0,87.2843
2026-06-23,2027-12-17,542,280.0,101.762
2026-06-23,2028-01-21,577,280.0,103.9691
2026-06-23,2028-06-16,724,280.0,112.2616
2026-06-23,2028-12-15,906,280.0,120.1181
2026-06-24,2026-06-26,2,260.0,8.5978
2026-06-24,2026-07-02,8,260.0,15.2218
2026-06-24,2026-07-10,16,260.0,20.2765
2026-06-24,2026-07-17,23,260.0,24.0218
2026-06-24,2026-07-24,30,260.0,26.9583
2026-06-24,2026-07-31,37,260.0,29.8178
2026-06-24,2026-08-21,58,260.0,39.2147
2026-06-24,2026-09-18,86,260.0,46.2528
2026-06-24,2026-11-20,149,260.0,59.1446
2026-06-24,2026-12-18,177,260.0,63.6505
2026-06-24,2027-01-15,205,260.0,67.4825
2026-06-24,2027-02-19,240,260.0,72.489
2026-06-24,2027-03-19,268,260.0,76.0321
2026-06-24,2027-06-17,358,260.0,86.1511
2026-06-24,2027-12-17,541,260.0,100.4968
2026-06-24,2028-01-21,576,260.0,102.7497
2026-06-24,2028-06-16,723,260.0,111.2994
2026-06-24,2028-12-15,905,260.0,119.3869
2026-06-25,2026-06-26,1,257.5,5.3384
2026-06-25,2026-07-02,7,257.5,13.1902
2026-06-25,2026-07-10,15,257.5,18.4604
2026-06-25,2026-07-17,22,257.5,22.435
2026-06-25,2026-07-24,29,257.5,25.5036
2026-06-25,2026-07-31,36,257.5,28.7574
2026-06-25,2026-08-07,43,257.5,32.3228
2026-06-25,2026-08-21,57,260.0,38.0509
2026-06-25,2026-09-18,85,260.0,45.2889
2026-06-25,2026-11-20,148,260.0,58.8298
2026-06-25,2026-12-18,176,260.0,62.9895
2026-06-25,2027-01-15,204,260.0,67.0518
2026-06-25,2027-02-19,239,260.0,71.8642
2026-06-25,2027-03-19,267,260.0,75.4199
2026-06-25,2027-06-17,357,260.0,86.009
2026-06-25,2027-12-17,540,260.0,100.641
2026-06-25,2028-01-21,575,260.0,102.9693
2026-06-25,2028-06-16,722,260.0,111.3471
2026-06-25,2028-12-15,904,260.0,119.4619
2026-06-26,2026-07-02,6,240.0,11.7041
2026-06-26,2026-07-10,14,240.0,17.4782
2026-06-26,2026-07-17,21,240.0,21.7749
2026-06-26,2026-07-24,28,240.0,24.9584
2026-06-26,2026-07-31,35,240.0,28.1315
2026-06-26,2026-08-07,42,240.0,31.8456
2026-06-26,2026-08-21,56,240.0,37.0891
2026-06-26,2026-09-18,84,240.0,44.434
2026-06-26,2026-11-20,147,240.0,57.834
2026-06-26,2026-12-18,175,240.0,62.1827
2026-06-26,2027-01-15,203,240.0,66.0633
2026-06-26,2027-02-19,238,240.0,71.2651
2026-06-26,2027-03-19,266,240.0,74.7087
2026-06-26,2027-06-17,356,240.0,85.0187
2026-06-26,2027-12-17,539,240.0,99.7399
2026-06-26,2028-01-21,574,240.0,102.0911
2026-06-26,2028-06-16,721,240.0,110.3724
2026-06-26,2028-12-15,903,240.0,118.7058
2026-06-29,2026-07-02,3,260.0,9.0561
2026-06-29,2026-07-10,11,260.0,15.8147
2026-06-29,2026-07-17,18,260.0,20.0747
2026-06-29,2026-07-24,25,260.0,23.9039
2026-06-29,2026-07-31,32,260.0,26.8811
2026-06-29,2026-08-07,39,260.0,30.8731
2026-06-29,2026-08-21,53,260.0,36.3871
2026-06-29,2026-09-18,81,260.0,43.969
2026-06-29,2026-11-20,144,260.0,57.8212
2026-06-29,2026-12-18,172,260.0,62.2248
2026-06-29,2027-01-15,200,260.0,66.255
2026-06-29,2027-02-19,235,260.0,71.1756
2026-06-29,2027-03-19,263,260.0,74.9091
2026-06-29,2027-06-17,353,260.0,84.999
2026-06-29,2027-12-17,536,260.0,99.8373
2026-06-29,2028-01-21,571,260.0,102.4411
2026-06-29,2028-06-16,718,260.0,111.0569
2026-06-29,2028-12-15,900,260.0,119.4524
2026-06-30,2026-07-02,2,275.0,7.5406
2026-06-30,2026-07-10,10,275.0,15.027
2026-06-30,2026-07-17,17,275.0,19.7342
2026-06-30,2026-07-24,24,275.0,23.2013
2026-06-30,2026-07-31,31,275.0,26.4602
2026-06-30,2026-08-07,38,275.0,30.3436
2026-06-30,2026-08-21,52,280.0,36.2367
2026-06-30,2026-09-18,80,280.0,44.1395
2026-06-30,2026-11-20,143,280.0,57.6638
2026-06-30,2026-12-18,171,280.0,62.2624
2026-06-30,2027-01-15,199,280.0,66.0372
2026-06-30,2027-02-19,234,280.0,71.1247
2026-06-30,2027-03-19,262,280.0,75.0987
2026-06-30,2027-06-17,352,280.0,85.6809
2026-06-30,2027-12-17,535,280.0,101.0247
2026-06-30,2028-01-21,570,280.0,102.9167
2026-06-30,2028-06-16,717,280.0,111.8423
2026-06-30,2028-12-15,899,280.0,120.5417
2026-07-01,2026-07-02,1,230.0,5.9124
2026-07-01,2026-07-10,9,230.0,15.7409
2026-07-01,2026-07-17,16,230.0,20.9661
2026-07-01,2026-07-24,23,230.0,24.544
2026-07-01,2026-07-31,30,230.0,27.8057
2026-07-01,2026-08-07,37,230.0,32.0381
2026-07-01,2026-08-21,51,230.0,37.3396
2026-07-01,2026-09-18,79,230.0,44.8447
2026-07-01,2026-11-20,142,230.0,58.1312
2026-07-01,2026-12-18,170,230.0,62.7891
2026-07-01,2027-01-15,198,230.0,66.967
2026-07-01,2027-02-19,233,230.0,71.5049
2026-07-01,2027-03-19,261,230.0,75.8138
2026-07-01,2027-06-17,351,230.0,85.675
2026-07-01,2027-12-17,534,230.0,100.9687
2026-07-01,2028-01-21,569,230.0,103.2813
2026-07-01,2028-06-16,716,230.0,111.8771
2026-07-01,2028-12-15,898,230.0,120.1348
2026-07-02,2026-07-10,8,215.0,14.8525
2026-07-02,2026-07-17,15,215.0,20.8353
2026-07-02,2026-07-24,22,215.0,24.2788
2026-07-02,2026-07-31,29,215.0,27.7108
2026-07-02,2026-08-07,36,215.0,31.8152
2026-07-02,2026-08-14,43,215.0,34.366
2026-07-02,2026-08-21,50,220.0,37.369
2026-07-02,2026-09-18,78,220.0,44.8706
2026-07-02,2026-11-20,141,220.0,58.9347
2026-07-02,2026-12-18,169,220.0,63.2594
2026-07-02,2027-01-15,197,220.0,67.6421
2026-07-02,2027-02-19,232,220.0,72.4539
2026-07-02,2027-03-19,260,220.0,76.3264
2026-07-02,2027-06-17,350,220.0,87.0977
2026-07-02,2027-12-17,533,220.0,102.2864
2026-07-02,2028-01-21,568,220.0,104.1415
2026-07-02,2028-06-16,715,220.0,112.7794
2026-07-02,2028-12-15,897,220.0,120.5825
2026-07-06,2026-07-10,4,212.5,12.0177
2026-07-06,2026-07-17,11,212.5,19.0123
2026-07-06,2026-07-24,18,212.5,23.249
2026-07-06,2026-07-31,25,212.5,27.1219
2026-07-06,2026-08-07,32,215.0,31.6754
2026-07-06,2026-08-14,39,215.0,34.9498
2026-07-06,2026-08-21,46,210.0,36.8745
2026-07-06,2026-09-18,74,210.0,44.7493
2026-07-06,2026-11-20,137,210.0,58.1988
2026-07-06,2026-12-18,165,210.0,62.5293
2026-07-06,2027-01-15,193,210.0,66.5196
2026-07-06,2027-02-19,228,210.0,71.3196
2026-07-06,2027-03-19,256,210.0,75.2981
2026-07-06,2027-06-17,346,210.0,85.4615
2026-07-06,2027-12-17,529,210.0,100.8121
2026-07-06,2028-01-21,564,210.0,103.1593
2026-07-06,2028-06-16,711,210.0,112.2312
2026-07-06,2028-12-15,893,210.0,120.6342
2026-07-07,2026-07-10,3,195.0,10.9253
2026-07-07,2026-07-17,10,195.0,18.482
2026-07-07,2026-07-24,17,195.0,22.9264
2026-07-07,2026-07-31,24,195.0,26.8713
2026-07-07,2026-08-07,31,195.0,31.1748
2026-07-07,2026-08-14,38,195.0,34.2871
2026-07-07,2026-08-21,45,195.0,37.028
2026-07-07,2026-09-18,73,195.0,45.5326
2026-07-07,2026-11-20,136,195.0,58.7248
2026-07-07,2026-12-18,164,195.0,63.1564
2026-07-07,2027-01-15,192,195.0,67.3062
2026-07-07,2027-02-19,227,195.0,72.4038
2026-07-07,2027-03-19,255,195.0,76.259
2026-07-07,2027-06-17,345,195.0,85.9419
2026-07-07,2027-12-17,528,195.0,101.414
2026-07-07,2028-01-21,563,195.0,103.7451
2026-07-07,2028-06-16,710,195.0,112.557
2026-07-07,2028-12-15,892,195.0,121.4202
2026-07-08,2026-07-10,2,217.5,8.5112
2026-07-08,2026-07-17,9,217.5,16.9415
2026-07-08,2026-07-24,16,217.5,22.196
2026-07-08,2026-07-31,23,217.5,26.7115
2026-07-08,2026-08-07,30,215.0,31.3308
2026-07-08,2026-08-14,37,215.0,35.1765
2026-07-08,2026-08-21,44,220.0,37.7749
2026-07-08,2026-09-18,72,220.0,45.9396
2026-07-08,2026-11-20,135,220.0,59.8439
2026-07-08,2026-12-18,163,220.0,64.5556
2026-07-08,2027-01-15,191,220.0,68.3435
2026-07-08,2027-02-19,226,220.0,73.2054
2026-07-08,2027-03-19,254,220.0,77.2358
2026-07-08,2027-06-17,344,220.0,87.5023
2026-07-08,2027-12-17,527,220.0,103.2082
2026-07-08,2028-01-21,562,220.0,105.3793
2026-07-08,2028-06-16,709,220.0,114.3639
2026-07-08,2028-12-15,891,220.0,123.337
2026-07-09,2026-07-10,1,215.0,5.8858
2026-07-09,2026-07-17,8,215.0,15.2636
2026-07-09,2026-07-24,15,215.0,20.5365
2026-07-09,2026-07-31,22,215.0,25.2891
2026-07-09,2026-08-07,29,215.0,29.6832
2026-07-09,2026-08-14,36,215.0,33.6378
2026-07-09,2026-08-21,43,220.0,36.9334
2026-07-09,2026-08-28,50,215.0,38.8876
2026-07-09,2026-09-18,71,220.0,45.2706
2026-07-09,2026-10-16,99,220.0,52.0583
2026-07-09,2026-11-20,134,220.0,59.5282
2026-07-09,2026-12-18,162,220.0,63.7951
2026-07-09,2027-01-15,190,220.0,67.8423
2026-07-09,2027-02-19,225,220.0,72.8145
2026-07-09,2027-03-19,253,220.0,76.6189
2026-07-09,2027-06-17,343,220.0,87.2109
2026-07-09,2027-12-17,526,220.0,102.5786
2026-07-09,2028-01-21,561,220.0,104.8913
2026-07-09,2028-06-16,708,220.0,113.8992
2026-07-09,2028-12-15,890,220.0,122.7914
2026-07-10,2026-07-17,7,220.0,13.5215
2026-07-10,2026-07-24,14,220.0,19.5311
2026-07-10,2026-07-31,21,220.0,24.4707
2026-07-10,2026-08-07,28,220.0,29.6153
2026-07-10,2026-08-14,35,220.0,33.6331
2026-07-10,2026-08-21,42,220.0,37.2752
2026-07-10,2026-08-28,49,220.0,39.028
2026-07-10,2026-09-18,70,220.0,44.9807
2026-07-10,2026-10-16,98,220.0,51.1268
2026-07-10,2026-11-20,133,220.0,58.6843
2026-07-10,2026-12-18,161,220.0,63.1573
2026-07-10,2027-01-15,189,220.0,67.3913
2026-07-10,2027-02-19,224,220.0,72.4562
2026-07-10,2027-03-19,252,220.0,75.6658
2026-07-10,2027-06-17,342,220.0,86.6151
2026-07-10,2027-12-17,525,220.0,101.8666
2026-07-10,2028-01-21,560,220.0,104.2568
2026-07-10,2028-06-16,707,220.0,113.0207
2026-07-10,2028-12-15,889,220.0,122.0123
2026-07-13,2026-07-17,4,210.0,11.5909
2026-07-13,2026-07-24,11,210.0,18.7996
2026-07-13,2026-07-31,18,210.0,23.7162
2026-07-13,2026-08-07,25,210.0,28.9179
2026-07-13,2026-08-14,32,210.0,32.7419
2026-07-13,2026-08-21,39,210.0,36.3284
2026-07-13,2026-08-28,46,210.0,38.6799
2026-07-13,2026-09-18,67,210.0,44.3091
2026-07-13,2026-10-16,95,210.0,51.1971
2026-07-13,2026-11-20,130,210.0,58.477
2026-07-13,2026-12-18,158,210.0,62.9543
2026-07-13,2027-01-15,186,210.0,66.2676
2026-07-13,2027-02-19,221,210.0,71.3387
2026-07-13,2027-03-19,249,210.0,74.8421
2026-07-13,2027-06-17,339,210.0,85.6729
2026-07-13,2027-12-17,522,210.0,101.0641
2026-07-13,2028-01-21,557,210.0,103.4393
2026-07-13,2028-06-16,704,210.0,112.655
2026-07-13,2028-12-15,886,210.0,121.3719
2026-07-14,2026-07-17,3,195.0,10.3818
2026-07-14,2026-07-24,10,195.0,18.7413
2026-07-14,2026-07-31,17,195.0,24.164
2026-07-14,2026-08-07,24,195.0,29.6898
2026-07-14,2026-08-14,31,195.0,33.8116
2026-07-14,2026-08-21,38,195.0,37.1477
2026-07-14,2026-08-28,45,195.0,39.6723
2026-07-14,2026-09-18,66,195.0,45.4944
2026-07-14,2026-10-16,94,195.0,51.7415
2026-07-14,2026-11-20,129,195.0,59.2637
2026-07-14,2026-12-18,157,195.0,63.8621
2026-07-14,2027-01-15,185,195.0,67.4816
2026-07-14,2027-02-19,220,195.0,72.402
2026-07-14,2027-03-19,248,195.0,76.3048
2026-07-14,2027-06-17,338,195.0,86.1456
2026-07-14,2027-12-17,521,195.0,101.7698
2026-07-14,2028-01-21,556,195.0,104.2558
2026-07-14,2028-06-16,703,195.0,113.3495
2026-07-14,2028-12-15,885,195.0,122.25
2026-07-15,2026-07-17,2,200.0,8.1951
2026-07-15,2026-07-24,9,200.0,18.3199
2026-07-15,2026-07-31,16,200.0,23.9086
2026-07-15,2026-08-07,23,200.0,29.3469
2026-07-15,2026-08-14,30,200.0,33.6575
2026-07-15,2026-08-21,37,200.0,36.5771
2026-07-15,2026-08-28,44,200.0,39.3589
2026-07-15,2026-09-18,65,200.0,45.3235
2026-07-15,2026-10-16,93,200.0,51.4761
2026-07-15,2026-11-20,128,200.0,59.3203
2026-07-15,2026-12-18,156,200.0,63.5933
2026-07-15,2027-01-15,184,200.0,67.4778
2026-07-15,2027-02-19,219,200.0,72.3021
2026-07-15,2027-03-19,247,200.0,76.5876
2026-07-15,2027-06-17,337,200.0,86.5621
2026-07-15,2027-12-17,520,200.0,101.8245
2026-07-15,2028-01-21,555,200.0,104.506
2026-07-15,2028-06-16,702,200.0,113.1522
2026-07-15,2028-12-15,884,200.0,122.2119
2026-07-16,2026-07-17,1,172.5,6.6513
2026-07-16,2026-07-24,8,172.5,18.1056
2026-07-16,2026-07-31,15,170.0,23.7236
2026-07-16,2026-08-07,22,170.0,29.0941
2026-07-16,2026-08-14,29,170.0,33.7661
2026-07-16,2026-08-21,36,170.0,36.8662
2026-07-16,2026-08-28,43,170.0,39.3841
2026-07-16,2026-09-18,64,170.0,45.264
2026-07-16,2026-10-16,92,170.0,51.7698
2026-07-16,2026-11-20,127,170.0,59.5127
2026-07-16,2026-12-18,155,170.0,63.7189
2026-07-16,2027-01-15,183,170.0,67.4739
2026-07-16,2027-02-19,218,170.0,72.3788
2026-07-16,2027-03-19,246,170.0,76.192
2026-07-16,2027-06-17,336,170.0,86.2927
2026-07-16,2027-12-17,519,170.0,101.5457
2026-07-16,2028-01-21,554,170.0,103.7143
2026-07-16,2028-06-16,701,170.0,113.0873
2026-07-16,2028-12-15,883,170.0,121.9945
2026-07-17,2026-07-24,7,177.5,17.2753
2026-07-17,2026-07-31,14,177.5,24.1264
2026-07-17,2026-08-07,21,180.0,30.3162
2026-07-17,2026-08-14,28,180.0,34.4381
2026-07-17,2026-08-21,35,180.0,38.1802
2026-07-17,2026-08-28,42,180.0,40.5999
2026-07-17,2026-09-18,63,180.0,46.8601
2026-07-17,2026-10-16,91,180.0,53.7111
2026-07-17,2026-11-20,126,180.0,60.745
2026-07-17,2026-12-18,154,180.0,65.1483
2026-07-17,2027-01-15,182,180.0,69.3405
2026-07-17,2027-02-19,217,180.0,73.8281
2026-07-17,2027-03-19,245,180.0,77.9219
2026-07-17,2027-06-17,335,180.0,88.3462
2026-07-17,2027-12-17,518,180.0,103.3988
2026-07-17,2028-01-21,553,180.0,105.6496
2026-07-17,2028-06-16,700,180.0,115.0751
2026-07-17,2028-12-15,882,180.0,123.7972
2026-07-20,2026-07-24,4,182.5,13.9908
2026-07-20,2026-07-31,11,182.5,24.4086
2026-07-20,2026-08-07,18,182.5,30.7469
2026-07-20,2026-08-14,25,185.0,35.0591
2026-07-20,2026-08-21,32,182.5,39.0018
2026-07-20,2026-08-28,39,185.0,42.0545
2026-07-20,2026-09-18,60,185.0,48.0232
2026-07-20,2026-10-16,88,185.0,54.5532
2026-07-20,2026-11-20,123,185.0,62.0414
2026-07-20,2026-12-18,151,185.0,66.7506
2026-07-20,2027-01-15,179,185.0,70.3236
2026-07-20,2027-02-19,214,185.0,74.9233
2026-07-20,2027-03-19,242,185.0,79.1397
2026-07-20,2027-06-17,332,185.0,89.1195
2026-07-20,2027-12-17,515,185.0,104.712
2026-07-20,2028-01-21,550,185.0,106.916
2026-07-20,2028-06-16,697,185.0,115.9512
2026-07-20,2028-12-15,879,185.0,124.8083
2026-07-21,2026-07-24,3,217.5,12.2741
2026-07-21,2026-07-31,10,217.5,21.7707
2026-07-21,2026-08-07,17,215.0,28.121
2026-07-21,2026-08-14,24,215.0,32.9269
2026-07-21,2026-08-21,31,215.0,36.8569
2026-07-21,2026-08-28,38,215.0,39.4155
2026-07-21,2026-09-18,59,220.0,46.5148
2026-07-21,2026-10-16,87,220.0,53.4414
2026-07-21,2026-11-20,122,220.0,61.5204
2026-07-21,2026-12-18,150,220.0,66.1188
2026-07-21,2027-01-15,178,220.0,70.2678
2026-07-21,2027-02-19,213,220.0,75.2927
2026-07-21,2027-03-19,241,220.0,79.1421
2026-07-21,2027-06-17,331,220.0,89.3417
2026-07-21,2027-12-17,514,220.0,105.2462
2026-07-21,2028-01-21,549,220.0,107.7586
2026-07-21,2028-06-16,696,220.0,116.6329
2026-07-21,2028-12-15,878,220.0,125.1614
2026-07-22,2026-07-24,2,217.5,9.9812
2026-07-22,2026-07-31,9,217.5,20.7646
2026-07-22,2026-08-07,16,220.0,27.1933
2026-07-22,2026-08-14,23,220.0,31.949
2026-07-22,2026-08-21,30,220.0,35.7077
2026-07-22,2026-08-28,37,220.0,38.2976
2026-07-22,2026-09-18,58,220.0,44.7034
2026-07-22,2026-10-16,86,220.0,51.7395
2026-07-22,2026-11-20,121,220.0,60.3112
2026-07-22,2026-12-18,149,220.0,64.7575
2026-07-22,2027-01-15,177,220.0,68.9058
2026-07-22,2027-02-19,212,220.0,73.8907
2026-07-22,2027-03-19,240,220.0,77.764
2026-07-22,2027-06-17,330,220.0,87.9859
2026-07-22,2027-12-17,513,220.0,103.8343
2026-07-22,2028-01-21,548,220.0,106.1492
2026-07-22,2028-06-16,695,220.0,115.3626
2026-07-22,2028-12-15,877,220.0,123.8999
2026-07-23,2026-07-24,1,220.0,6.2113
2026-07-23,2026-07-31,8,220.0,18.7243
2026-07-23,2026-08-07,15,220.0,26.2592
2026-07-23,2026-08-14,22,220.0,31.6106
2026-07-23,2026-08-21,29,220.0,35.3102
2026-07-23,2026-08-28,36,220.0,37.9803
2026-07-23,2026-09-04,43,220.0,40.1751
2026-07-23,2026-09-18,57,220.0,44.6214
2026-07-23,2026-10-16,85,220.0,51.8736
2026-07-23,2026-11-20,120,220.0,60.11
2026-07-23,2026-12-18,148,220.0,64.8165
2026-07-23,2027-01-15,176,220.0,68.7763
2026-07-23,2027-02-19,211,220.0,73.6186
2026-07-23,2027-03-19,239,220.0,77.0014
2026-07-23,2027-06-17,329,220.0,88.021
2026-07-23,2027-12-17,512,220.0,103.7471
2026-07-23,2028-01-21,547,220.0,105.8967
2026-07-23,2028-06-16,694,220.0,115.2871
2026-07-23,2028-12-15,876,220.0,123.9987
2026-07-24,2026-07-31,7,187.5,17.1486
2026-07-24,2026-08-07,14,187.5,26.8946
2026-07-24,2026-08-14,21,190.0,32.38
2026-07-24,2026-08-21,28,187.5,36.1613
2026-07-24,2026-08-28,35,190.0,38.7176
2026-07-24,2026-09-04,42,190.0,41.4204
2026-07-24,2026-09-18,56,190.0,45.1217
2026-07-24,2026-10-16,84,190.0,52.1915
2026-07-24,2026-11-20,119,190.0,60.6593
2026-07-24,2026-12-18,147,190.0,65.0929
2026-07-24,2027-01-15,175,190.0,69.2203
2026-07-24,2027-02-19,210,190.0,73.8403
2026-07-24,2027-03-19,238,190.0,77.981
2026-07-24,2027-06-17,328,190.0,88.912
2026-07-24,2027-12-17,511,190.0,103.9836
2026-07-24,2028-01-21,546,190.0,106.3801
2026-07-24,2028-06-16,693,190.0,115.8465
2026-07-24,2028-12-15,875,190.0,124.8868
2026-07-27,2026-07-31,4,187.5,13.9052
2026-07-27,2026-08-07,11,187.5,22.5676
2026-07-27,2026-08-14,18,187.5,29.2474
2026-07-27,2026-08-21,25,187.5,33.6917
2026-07-27,2026-08-28,32,190.0,36.2865
2026-07-27,2026-09-04,39,190.0,38.8413
2026-07-27,2026-09-18,53,190.0,43.086
2026-07-27,2026-10-16,81,190.0,51.3493
2026-07-27,2026-11-20,116,190.0,59.6258
2026-07-27,2026-12-18,144,190.0,63.8572
2026-07-27,2027-01-15,172,190.0,68.0221
2026-07-27,2027-02-19,207,190.0,72.9721
2026-07-27,2027-03-19,235,190.0,76.7777
2026-07-27,2027-06-17,325,190.0,87.822
2026-07-27,2027-12-17,508,190.0,104.1622
2026-07-27,2028-01-21,543,190.0,106.7304
2026-07-27,2028-06-16,690,190.0,115.7654
2026-07-27,2028-12-15,872,190.0,124.6806
2026-07-28,2026-07-31,3,170.0,12.9648
2026-07-28,2026-08-07,10,170.0,21.7455
2026-07-28,2026-08-14,17,170.0,28.2574
2026-07-28,2026-08-21,24,170.0,32.9277
2026-07-28,2026-08-28,31,170.0,36.0952
2026-07-28,2026-09-04,38,170.0,38.5261
2026-07-28,2026-09-18,52,170.0,43.0786
2026-07-28,2026-10-16,80,170.0,50.8574
2026-07-28,2026-11-20,115,170.0,59.4466
2026-07-28,2026-12-18,143,170.0,63.4539
2026-07-28,2027-01-15,171,170.0,67.9474
2026-07-28,2027-02-19,206,170.0,73.045
2026-07-28,2027-03-19,234,170.0,76.5514
2026-07-28,2027-06-17,324,170.0,87.7777
2026-07-28,2027-12-17,507,170.0,103.1292
2026-07-28,2028-01-21,542,170.0,105.2949
2026-07-28,2028-06-16,689,170.0,114.1346
2026-07-28,2028-12-15,871,170.0,123.4604
2026-07-29,2026-07-31,2,148.0,12.5489
2026-07-29,2026-08-07,9,148.0,20.8811
2026-07-29,2026-08-14,16,150.0,29.0784
2026-07-29,2026-08-21,23,150.0,32.8734
2026-07-29,2026-08-28,30,150.0,35.6902
2026-07-29,2026-09-04,37,150.0,38.0853
2026-07-29,2026-09-18,51,150.0,41.9646
2026-07-29,2026-10-16,79,150.0,49.0487
2026-07-29,2026-11-20,114,150.0,58.3423
2026-07-29,2026-12-18,142,150.0,62.7614
2026-07-29,2027-01-15,170,150.0,67.7877
2026-07-29,2027-02-19,205,150.0,72.7803
2026-07-29,2027-03-19,233,150.0,76.626
2026-07-29,2027-06-17,323,150.0,86.2232
2026-07-29,2027-12-17,506,150.0,102.4322
2026-07-29,2028-01-21,541,150.0,105.0297
2026-07-29,2028-06-16,688,150.0,114.3064
2026-07-29,2028-12-15,870,150.0,123.0603
2026-07-30,2026-07-31,1,187.5,7.2308
2026-07-30,2026-08-07,8,187.5,16.4915
2026-07-30,2026-08-14,15,187.5,24.8103
2026-07-30,2026-08-21,22,187.5,27.822
2026-07-30,2026-08-28,29,190.0,30.502
2026-07-30,2026-09-04,36,190.0,33.3015
2026-07-30,2026-09-11,43,190.0,35.013
2026-07-30,2026-09-18,50,190.0,37.4808
2026-07-30,2026-10-16,78,190.0,44.3401
2026-07-30,2026-11-20,113,190.0,52.5394
2026-07-30,2026-12-18,141,190.0,57.3821
2026-07-30,2027-01-15,169,190.0,61.2429
2026-07-30,2027-02-19,204,190.0,66.2978
2026-07-30,2027-03-19,232,190.0,70.1189
2026-07-30,2027-06-17,322,190.0,80.9186
2026-07-30,2027-12-17,505,190.0,96.508
2026-07-30,2028-01-21,540,190.0,99.1084
2026-07-30,2028-06-16,687,190.0,108.409
2026-07-30,2028-12-15,869,190.0,118.2269
2026-07-31,2026-08-07,7,190.0,14.8364
2026-07-31,2026-08-14,14,190.0,23.3575
2026-07-31,2026-08-21,21,190.0,27.4802
2026-07-31,2026-08-28,28,190.0,30.4737
2026-07-31,2026-09-04,35,190.0,32.732
2026-07-31,2026-09-11,42,190.0,34.4388
2026-07-31,2026-09-18,49,190.0,36.7496
2026-07-31,2026-10-16,77,190.0,44.2598
2026-07-31,2026-11-20,112,190.0,52.4263
2026-07-31,2026-12-18,140,190.0,57.1924
2026-07-31,2027-01-15,168,190.0,60.9868
2026-07-31,2027-02-19,203,190.0,66.0548
2026-07-31,2027-03-19,231,190.0,70.2038
2026-07-31,2027-06-17,321,190.0,80.4842
2026-07-31,2027-12-17,504,190.0,96.0165
2026-07-31,2028-01-21,539,190.0,98.2748
2026-07-31,2028-06-16,686,190.0,107.5311
2026-07-31,2028-12-15,868,190.0,117.05
2026-08-03,2026-08-07,4,212.5,13.9595
2026-08-03,2026-08-14,11,212.5,23.6617
2026-08-03,2026-08-21,18,212.5,27.2956
2026-08-03,2026-08-28,25,215.0,30.365
2026-08-03,2026-09-04,32,215.0,33.0346
2026-08-03,2026-09-11,39,215.0,34.9515
2026-08-03,2026-09-18,46,210.0,37.0214
2026-08-03,2026-10-16,74,210.0,44.7949
2026-08-03,2026-11-20,109,210.0,52.4979
2026-08-03,2026-12-18,137,210.0,56.7433
2026-08-03,2027-01-15,165,210.0,60.6948
2026-08-03,2027-02-19,200,210.0,65.54
2026-08-03,2027-03-19,228,210.0,69.2445
2026-08-03,2027-06-17,318,210.0,80.3109
2026-08-03,2027-12-17,501,210.0,95.4699
2026-08-03,2028-01-21,536,210.0,97.7397
2026-08-03,2028-06-16,683,210.0,107.0303
2026-08-03,2028-12-15,865,210.0,116.415
2026-08-04,2026-08-07,3,225.0,11.8831
2026-08-04,2026-08-14,10,225.0,22.4816
2026-08-04,2026-08-21,17,225.0,26.4021
2026-08-04,2026-08-28,24,225.0,29.6912
2026-08-04,2026-09-04,31,225.0,32.2938
2026-08-04,2026-09-11,38,225.0,34.8188
2026-08-04,2026-09-18,45,230.0,37.4989
2026-08-04,2026-10-16,73,230.0,45.5723
2026-08-04,2026-11-20,108,230.0,54.1441
2026-08-04,2026-12-18,136,230.0,58.7955
2026-08-04,2027-01-15,164,230.0,62.7713
2026-08-04,2027-02-19,199,230.0,67.8878
2026-08-04,2027-03-19,227,230.0,71.4428
2026-08-04,2027-06-17,317,230.0,82.3403
2026-08-04,2027-12-17,500,230.0,98.3764
2026-08-04,2028-01-21,535,230.0,100.5582
2026-08-04,2028-06-16,682,230.0,109.7945
2026-08-04,2028-12-15,864,230.0,118.8092
2026-08-05,2026-08-07,2,220.0,9.0301
2026-08-05,2026-08-14,9,220.0,20.1836
2026-08-05,2026-08-21,16,220.0,24.2363
2026-08-05,2026-08-28,23,220.0,27.5127
2026-08-05,2026-09-04,30,220.0,30.4923
2026-08-05,2026-09-11,37,220.0,32.7983
2026-08-05,2026-09-18,44,220.0,35.3327
2026-08-05,2026-10-16,72,220.0,43.518
2026-08-05,2026-11-20,107,220.0,52.1371
2026-08-05,2026-12-18,135,220.0,56.6807
2026-08-05,2027-01-15,163,220.0,60.7562
2026-08-05,2027-02-19,198,220.0,66.0989
2026-08-05,2027-03-19,226,220.0,69.5922
2026-08-05,2027-06-17,316,220.0,80.9968
2026-08-05,2027-12-17,499,220.0,97.1277
2026-08-05,2028-01-21,534,220.0,99.1027
2026-08-05,2028-06-16,681,220.0,108.578
2026-08-05,2028-12-15,863,220.0,117.5967
2026-08-06,2026-08-07,1,190.0,6.017
2026-08-06,2026-08-14,8,190.0,18.5775
2026-08-06,2026-08-21,15,190.0,22.9355
2026-08-06,2026-08-28,22,190.0,25.8979
2026-08-06,2026-09-04,29,190.0,28.6628
2026-08-06,2026-09-11,36,190.0,31.4146
2026-08-06,2026-09-18,43,190.0,33.8635
2026-08-06,2026-09-25,50,190.0,36.4046
2026-08-06,2026-10-16,71,190.0,41.908
2026-08-06,2026-11-20,106,190.0,50.8347
2026-08-06,2026-12-18,134,190.0,55.8906
2026-08-06,2027-01-15,162,190.0,60.2222
2026-08-06,2027-02-19,197,190.0,65.1859
2026-08-06,2027-03-19,225,190.0,68.9778
2026-08-06,2027-06-17,315,190.0,79.2737
2026-08-06,2027-12-17,498,190.0,95.9817
2026-08-06,2028-01-21,533,190.0,98.2989
2026-08-06,2028-06-16,680,190.0,107.4889
2026-08-06,2028-12-15,862,190.0,117.0476
2026-08-07,2026-08-14,7,187.5,15.9866
2026-08-07,2026-08-21,14,187.5,20.4687
2026-08-07,2026-08-28,21,190.0,23.6474
2026-08-07,2026-09-04,28,190.0,26.7463
2026-08-07,2026-09-11,35,190.0,28.861
2026-08-07,2026-09-18,42,190.0,31.2417
2026-08-07,2026-09-25,49,190.0,33.1968
2026-08-07,2026-10-16,70,190.0,39.2882
2026-08-07,2026-11-20,105,190.0,48.5317
2026-08-07,2026-12-18,133,190.0,53.5192
2026-08-07,2027-01-15,161,190.0,57.722
2026-08-07,2027-02-19,196,190.0,63.4942
2026-08-07,2027-03-19,224,190.0,66.766
2026-08-07,2027-06-17,314,190.0,77.0868
2026-08-07,2027-12-17,497,190.0,94.4965
2026-08-07,2028-01-21,532,190.0,96.6777
2026-08-07,2028-06-16,679,190.0,106.4
2026-08-07,2028-12-15,861,190.0,115.976
2026-08-10,2026-08-14,4,185.0,13.0221
2026-08-10,2026-08-21,11,185.0,17.2723
2026-08-10,2026-08-28,18,185.0,20.8571
2026-08-10,2026-09-04,25,185.0,23.7087
2026-08-10,2026-09-11,32,185.0,25.9492
2026-08-10,2026-09-18,39,185.0,28.1897
2026-08-10,2026-09-25,46,185.0,30.3894
2026-08-10,2026-10-16,67,185.0,36.8122
2026-08-10,2026-11-20,102,185.0,45.7607
2026-08-10,2026-12-18,130,185.0,50.5676
2026-08-10,2027-01-15,158,185.0,55.1708
2026-08-10,2027-02-19,193,185.0,60.8604
2026-08-10,2027-03-19,221,185.0,64.9883
2026-08-10,2027-06-17,311,185.0,75.7835
2026-08-10,2027-12-17,494,185.0,92.0645
2026-08-10,2028-01-21,529,185.0,94.7939
2026-08-10,2028-06-16,676,185.0,104.109
2026-08-10,2028-12-15,858,185.0,113.9944
2026-08-11,2026-08-14,3,192.5,13.0803
2026-08-11,2026-08-21,10,192.5,16.7546
2026-08-11,2026-08-28,17,192.5,19.9503
2026-08-11,2026-09-04,24,195.0,22.6285
2026-08-11,2026-09-11,31,195.0,24.608
2026-08-11,2026-09-18,38,195.0,27.1956
2026-08-11,2026-09-25,45,195.0,29.0457
2026-08-11,2026-10-16,66,195.0,34.7384
2026-08-11,2026-11-20,101,195.0,43.3033
2026-08-11,2026-12-18,129,195.0,48.155
2026-08-11,2027-01-15,157,195.0,52.7868
2026-08-11,2027-02-19,192,195.0,58.4537
2026-08-11,2027-03-19,220,195.0,61.4811
2026-08-11,2027-06-17,310,195.0,72.2714
2026-08-11,2027-12-17,493,195.0,89.1554
2026-08-11,2028-01-21,528,195.0,91.6524
2026-08-11,2028-06-16,675,195.0,101.6923
2026-08-11,2028-12-15,857,195.0,111.6545
2026-08-12,2026-08-14,2,260.0,7.745
2026-08-12,2026-08-21,9,260.0,14.0432
2026-08-12,2026-08-28,16,260.0,17.9398
2026-08-12,2026-09-04,23,260.0,21.1516
2026-08-12,2026-09-11,30,260.0,23.4471
2026-08-12,2026-09-18,37,260.0,25.9163
2026-08-12,2026-09-25,44,260.0,28.125
2026-08-12,2026-10-16,65,260.0,33.8831
2026-08-12,2026-11-20,100,260.0,43.0941
2026-08-12,2026-12-18,128,260.0,48.3218
2026-08-12,2027-01-15,156,260.0,52.4788
2026-08-12,2027-02-19,191,260.0,58.2562
2026-08-12,2027-03-19,219,260.0,61.6319
2026-08-12,2027-06-17,309,260.0,72.1258
2026-08-12,2027-12-17,492,260.0,88.6285
2026-08-12,2028-01-21,527,260.0,90.8758
2026-08-12,2028-06-16,674,260.0,100.7909
2026-08-12,2028-12-15,856,260.0,110.5228
2026-08-13,2026-08-14,1,255.0,4.9012
2026-08-13,2026-08-21,8,255.0,12.3608
2026-08-13,2026-08-28,15,255.0,16.3602
2026-08-13,2026-09-04,22,255.0,19.3597
2026-08-13,2026-09-11,29,255.0,21.9867
2026-08-13,2026-09-18,36,260.0,24.8294
2026-08-13,2026-09-25,43,255.0,26.9173
2026-08-13,2026-10-02,50,255.0,29.3974
2026-08-13,2026-10-16,64,260.0,33.4653
2026-08-13,2026-11-20,99,260.0,43.0717
2026-08-13,2026-12-18,127,260.0,48.1395
2026-08-13,2027-01-15,155,260.0,52.2859
2026-08-13,2027-02-19,190,260.0,58.1183
2026-08-13,2027-03-19,218,260.0,61.9805
2026-08-13,2027-06-17,308,260.0,72.6945
2026-08-13,2027-12-17,491,260.0,89.4664
2026-08-13,2028-01-21,526,260.0,91.7993
2026-08-13,2028-06-16,673,260.0,101.9448
2026-08-13,2028-12-15,855,260.0,111.7766
2026-08-14,2026-08-21,7,277.5,11.344
2026-08-14,2026-08-28,14,280.0,15.6475
2026-08-14,2026-09-04,21,280.0,19.0777
2026-08-14,2026-09-11,28,280.0,21.5896
2026-08-14,2026-09-18,35,280.0,24.3176
2026-08-14,2026-09-25,42,280.0,26.7124
2026-08-14,2026-10-02,49,280.0,28.7651
2026-08-14,2026-10-16,63,280.0,32.6995
2026-08-14,2026-11-20,98,280.0,42.2429
2026-08-14,2026-12-18,126,280.0,47.5727
2026-08-14,2027-01-15,154,280.0,51.8583
2026-08-14,2027-02-19,189,280.0,57.8094
2026-08-14,2027-03-19,217,280.0,61.5097
2026-08-14,2027-06-17,307,280.0,72.1874
2026-08-14,2027-12-17,490,280.0,88.9513
2026-08-14,2028-01-21,525,280.0,91.2291
2026-08-14,2028-06-16,672,280.0,100.9705
2026-08-14,2028-12-15,854,280.0,111.1351
2026-08-17,2026-08-21,4,270.0,10.1265
2026-08-17,2026-08-28,11,270.0,14.7294
2026-08-17,2026-09-04,18,270.0,18.1607
2026-08-17,2026-09-11,25,270.0,20.6156
2026-08-17,2026-09-18,32,270.0,23.2658
2026-08-17,2026-09-25,39,270.0,25.8787
2026-08-17,2026-10-02,46,270.0,28.1198
2026-08-17,2026-10-16,60,270.0,32.0904
2026-08-17,2026-11-20,95,270.0,41.8728
2026-08-17,2026-12-18,123,270.0,46.7826
2026-08-17,2027-01-15,151,270.0,51.3762
2026-08-17,2027-02-19,186,270.0,56.8254
2026-08-17,2027-03-19,214,270.0,60.8425
2026-08-17,2027-06-17,304,270.0,71.3781
2026-08-17,2027-12-17,487,270.0,88.0603
2026-08-17,2028-01-21,522,270.0,90.5709
2026-08-17,2028-06-16,669,270.0,100.4928
2026-08-17,2028-12-15,851,270.0,110.0986
2026-08-18,2026-08-21,3,247.5,7.7386
2026-08-18,2026-08-28,10,247.5,12.8708
2026-08-18,2026-09-04,17,247.5,16.4533
2026-08-18,2026-09-11,24,250.0,18.9893
2026-08-18,2026-09-18,31,250.0,21.6661
2026-08-18,2026-09-25,38,250.0,24.3429
2026-08-18,2026-10-02,45,250.0,26.6172
2026-08-18,2026-10-16,59,250.0,30.4814
2026-08-18,2026-11-20,94,250.0,40.3333
2026-08-18,2026-12-18,122,250.0,45.6366
2026-08-18,2027-01-15,150,250.0,50.2858
2026-08-18,2027-02-19,185,250.0,56.0419
2026-08-18,2027-03-19,213,250.0,60.0471
2026-08-18,2027-06-17,303,250.0,70.855
2026-08-18,2027-12-17,486,250.0,87.6706
2026-08-18,2028-01-21,521,250.0,90.1763
2026-08-18,2028-06-16,668,250.0,100.3703
2026-08-18,2028-12-15,850,250.0,110.031
2026-08-19,2026-08-21,2,225.0,6.5878
2026-08-19,2026-08-28,9,225.0,12.1371
2026-08-19,2026-09-04,16,225.0,15.7548
2026-08-19,2026-09-11,23,225.0,18.3117
2026-08-19,2026-09-18,30,220.0,20.824
2026-08-19,2026-09-25,37,225.0,23.5038
2026-08-19,2026-10-02,44,225.0,25.5806
2026-08-19,2026-10-16,58,220.0,29.4998
2026-08-19,2026-11-20,93,220.0,38.9348
2026-08-19,2026-12-18,121,220.0,43.736
2026-08-19,2027-01-15,149,220.0,48.2247
2026-08-19,2027-02-19,184,220.0,53.506
2026-08-19,2027-03-19,212,220.0,57.414
2026-08-19,2027-06-17,302,220.0,67.4297
2026-08-19,2027-12-17,485,220.0,83.0728
2026-08-19,2028-01-21,520,220.0,85.1943
2026-08-19,2028-06-16,667,220.0,94.0152
2026-08-19,2028-12-15,849,220.0,103.1711
2026-08-20,2026-08-21,1,220.0,4.3274
2026-08-20,2026-08-28,8,220.0,11.0513
2026-08-20,2026-09-04,15,220.0,14.8903
2026-08-20,2026-09-11,22,220.0,17.7298
2026-08-20,2026-09-18,29,220.0,20.3421
2026-08-20,2026-09-25,36,220.0,22.9431
2026-08-20,2026-10-02,43,220.0,25.1124
2026-08-20,2026-10-16,57,220.0,28.9174
2026-08-20,2026-11-20,92,220.0,38.9124
2026-08-20,2026-12-18,120,220.0,43.6373
2026-08-20,2027-01-15,148,220.0,48.3168
2026-08-20,2027-02-19,183,220.0,53.6663
2026-08-20,2027-03-19,211,220.0,57.4485
2026-08-20,2027-06-17,301,220.0,67.6139
2026-08-20,2027-12-17,484,220.0,83.8558
2026-08-20,2028-01-21,519,220.0,86.2069
2026-08-20,2028-06-16,666,220.0,95.316
2026-08-20,2028-12-15,848,220.0,104.9475
2026-08-21,2026-08-28,7,220.0,9.88
2026-08-21,2026-09-04,14,220.0,14.2267
2026-08-21,2026-09-11,21,220.0,16.8507
2026-08-21,2026-09-18,28,220.0,19.8284
2026-08-21,2026-09-25,35,220.0,22.2699
2026-08-21,2026-10-02,42,220.0,24.7114
2026-08-21,2026-10-16,56,220.0,28.7843
2026-08-21,2026-11-20,91,220.0,38.4931
2026-08-21,2026-12-18,119,220.0,43.1707
2026-08-21,2027-01-15,147,220.0,47.7799
2026-08-21,2027-02-19,182,220.0,53.2789
2026-08-21,2027-03-19,210,220.0,56.9981
2026-08-21,2027-06-17,300,220.0,67.266
2026-08-21,2027-12-17,483,220.0,83.2839
2026-08-21,2028-01-21,518,220.0,85.6797
2026-08-21,2028-06-16,665,220.0,94.9779
2026-08-21,2028-12-15,847,220.0,104.5042
2026-08-24,2026-08-28,4,210.0,8.4752
2026-08-24,2026-09-04,11,210.0,13.1928
2026-08-24,2026-09-11,18,210.0,15.9665
2026-08-24,2026-09-18,25,210.0,18.8706
2026-08-24,2026-09-25,32,210.0,21.7747
2026-08-24,2026-10-02,39,210.0,23.9676
2026-08-24,2026-10-16,53,210.0,27.5236
2026-08-24,2026-11-20,88,210.0,37.8242
2026-08-24,2026-12-18,116,210.0,42.3877
2026-08-24,2027-01-15,144,210.0,46.6076
2026-08-24,2027-02-19,179,210.0,52.475
2026-08-24,2027-03-19,207,210.0,56.1732
2026-08-24,2027-04-16,235,210.0,59.8478
2026-08-24,2027-05-21,270,210.0,64.198
2026-08-24,2027-06-17,297,210.0,66.5568
2026-08-24,2027-09-17,389,210.0,74.8186
2026-08-24,2027-12-17,480,210.0,82.5708
2026-08-24,2028-01-21,515,210.0,84.8229
2026-08-24,2028-06-16,662,210.0,94.2938
2026-08-24,2028-12-15,844,210.0,103.6935
2026-08-25,2026-08-28,3,222.5,7.1068
2026-08-25,2026-09-04,10,222.5,11.9836
2026-08-25,2026-09-11,17,222.5,15.1597
2026-08-25,2026-09-18,24,222.5,18.3583
2026-08-25,2026-09-25,31,220.0,21.1628
2026-08-25,2026-10-02,38,220.0,23.3027
2026-08-25,2026-10-16,52,220.0,27.4587
2026-08-25,2026-11-20,87,220.0,36.9982
2026-08-25,2026-12-18,115,220.0,42.0327
2026-08-25,2027-01-15,143,220.0,46.1549
2026-08-25,2027-02-19,178,220.0,51.9665
2026-08-25,2027-03-19,206,220.0,55.2665
2026-08-25,2027-04-16,234,220.0,59.2986
2026-08-25,2027-05-21,269,220.0,63.477
2026-08-25,2027-06-17,296,220.0,66.1689
2026-08-25,2027-09-17,388,220.0,75.134
2026-08-25,2027-12-17,479,220.0,82.2071
2026-08-25,2028-01-21,514,220.0,84.9777
2026-08-25,2028-06-16,661,220.0,93.9316
2026-08-25,2028-12-15,843,220.0,103.2121
2026-08-26,2026-08-28,2,215.0,6.1936
2026-08-26,2026-09-04,9,215.0,11.3355
2026-08-26,2026-09-11,16,215.0,14.631
2026-08-26,2026-09-18,23,215.0,17.7394
2026-08-26,2026-09-25,30,215.0,20.1818
2026-08-26,2026-10-02,37,215.0,23.1034
2026-08-26,2026-10-16,51,210.0,26.6325
2026-08-26,2026-11-20,86,210.0,36.5423
2026-08-26,2026-12-18,114,210.0,41.4622
2026-08-26,2027-01-15,142,210.0,45.6691
2026-08-26,2027-02-19,177,210.0,51.5239
2026-08-26,2027-03-19,205,210.0,55.1115
2026-08-26,2027-04-16,233,210.0,58.5238
2026-08-26,2027-05-21,268,210.0,63.023
2026-08-26,2027-06-17,295,210.0,65.3485
2026-08-26,2027-09-17,387,210.0,74.2533
2026-08-26,2027-12-17,478,210.0,81.6856
2026-08-26,2028-01-21,513,210.0,84.1747
2026-08-26,2028-06-16,660,210.0,93.3483
2026-08-26,2028-12-15,842,210.0,102.592
2026-08-27,2026-08-28,1,217.5,4.0507
2026-08-27,2026-09-04,8,217.5,9.9323
2026-08-27,2026-09-11,15,217.5,13.3994
2026-08-27,2026-09-18,22,217.5,16.5233
2026-08-27,2026-09-25,29,220.0,19.5212
2026-08-27,2026-10-02,36,220.0,21.9356
2026-08-27,2026-10-09,43,220.0,23.961
2026-08-27,2026-10-16,50,220.0,25.7689
2026-08-27,2026-11-20,85,220.0,35.6783
2026-08-27,2026-12-18,113,220.0,40.8733
2026-08-27,2027-01-15,141,220.0,45.0613
2026-08-27,2027-02-19,176,220.0,51.0573
2026-08-27,2027-03-19,204,220.0,55.0737
2026-08-27,2027-04-16,232,220.0,58.1747
2026-08-27,2027-05-21,267,220.0,62.7289
2026-08-27,2027-06-17,294,220.0,65.006
2026-08-27,2027-09-17,386,220.0,73.7596
2026-08-27,2027-12-17,477,220.0,81.0829
2026-08-27,2028-01-21,512,220.0,83.4172
2026-08-27,2028-06-16,659,220.0,93.258
2026-08-27,2028-12-15,841,220.0,102.641
2026-08-28,2026-09-04,7,210.0,8.2345
2026-08-28,2026-09-11,14,210.0,11.7961
2026-08-28,2026-09-18,21,210.0,14.8437
2026-08-28,2026-09-25,28,210.0,17.4371
2026-08-28,2026-10-02,35,210.0,19.7079
2026-08-28,2026-10-09,42,210.0,22.0743
2026-08-28,2026-10-16,49,210.0,23.9268
2026-08-28,2026-11-20,84,210.0,33.5118
2026-08-28,2026-12-18,112,210.0,38.6987
2026-08-28,2027-01-15,140,210.0,43.2164
2026-08-28,2027-02-19,175,210.0,48.7738
2026-08-28,2027-03-19,203,210.0,53.2317
2026-08-28,2027-04-16,231,210.0,56.3988
2026-08-28,2027-05-21,266,210.0,61.1316
2026-08-28,2027-06-17,293,210.0,63.5099
2026-08-28,2027-09-17,385,210.0,72.5332
2026-08-28,2027-12-17,476,210.0,79.8714
2026-08-28,2028-01-21,511,210.0,82.3095
2026-08-28,2028-06-16,658,210.0,91.9782
2026-08-28,2028-12-15,840,210.0,101.3959
