date,expiration,dte,strike,expmove_pct
2024-10-09,2024-10-18,9,17.5,24.6691
2024-10-09,2024-11-15,37,17.5,43.3213
2024-10-09,2025-01-17,100,17.5,56.1071
2024-10-09,2025-04-17,190,17.5,68.5921
2024-10-10,2024-10-18,8,17.5,18.0893
2024-10-10,2024-11-15,36,17.5,39.2877
2024-10-10,2025-01-17,99,17.5,53.5613
2024-10-10,2025-04-17,189,17.5,63.5952
2024-10-11,2024-10-18,7,17.5,16.5831
2024-10-11,2024-11-15,35,17.5,35.1171
2024-10-11,2025-01-17,98,17.5,48.2163
2024-10-11,2025-04-17,188,17.5,63.5451
2024-10-14,2024-10-18,4,17.5,13.3599
2024-10-14,2024-11-15,32,17.5,35.6737
2024-10-14,2025-01-17,95,17.5,52.3024
2024-10-14,2025-04-17,185,17.5,63.6725
2024-10-15,2024-10-18,3,15.0,11.8895
2024-10-15,2024-11-15,31,15.0,34.7044
2024-10-15,2025-01-17,94,15.0,49.8072
2024-10-15,2025-04-17,184,15.0,62.018
2024-10-16,2024-10-18,2,22.5,19.1142
2024-10-16,2024-11-15,30,22.5,47.0862
2024-10-16,2025-01-17,93,22.5,64.3357
2024-10-16,2025-04-17,183,22.5,74.8252
2024-10-17,2024-10-18,1,17.5,10.8115
2024-10-17,2024-11-15,29,17.5,42.1783
2024-10-17,2024-12-20,64,17.5,54.4581
2024-10-17,2025-01-17,92,17.5,61.1319
2024-10-17,2025-04-17,182,17.5,75.8142
2024-10-18,2024-11-15,28,20.0,39.4995
2024-10-18,2024-12-20,63,20.0,56.1825
2024-10-18,2025-01-17,91,20.0,66.2414
2024-10-18,2025-04-17,181,20.0,75.8096
2024-10-21,2024-11-15,25,25.0,37.6462
2024-10-21,2024-12-20,60,25.0,56.2865
2024-10-21,2025-01-17,88,25.0,59.3933
2024-10-21,2025-04-17,178,25.0,80.2266
2024-10-22,2024-11-15,24,22.5,35.2442
2024-10-22,2024-12-20,59,22.5,51.1677
2024-10-22,2025-01-17,87,22.5,59.0234
2024-10-22,2025-04-17,177,22.5,76.0085
2024-10-23,2024-11-15,23,20.0,33.7192
2024-10-23,2024-12-20,58,20.0,50.5788
2024-10-23,2025-01-17,86,20.0,57.6246
2024-10-23,2025-04-17,176,20.0,76.2456
2024-10-24,2024-11-01,8,18.5,17.9445
2024-10-24,2024-11-08,15,18.5,26.373
2024-10-24,2024-11-15,22,18.5,32.0827
2024-10-24,2024-11-22,29,18.5,37.1126
2024-10-24,2024-11-29,36,18.5,38.6079
2024-10-24,2024-12-06,43,18.5,42.9581
2024-10-24,2024-12-20,57,17.5,45.677
2024-10-24,2025-01-17,85,17.5,54.6493
2024-10-24,2025-04-17,175,17.5,72.8657
2024-10-25,2024-11-01,7,19.0,16.293
2024-10-25,2024-11-08,14,19.0,25.2868
2024-10-25,2024-11-15,21,19.0,31.1522
2024-10-25,2024-11-22,28,19.0,35.1929
2024-10-25,2024-11-29,35,19.0,37.9301
2024-10-25,2024-12-06,42,19.0,41.5798
2024-10-25,2024-12-20,56,20.0,48.7487
2024-10-25,2025-01-17,84,20.0,57.8728
2024-10-25,2025-04-17,174,20.0,77.4244
2024-10-28,2024-11-01,4,22.0,15.1585
2024-10-28,2024-11-08,11,22.0,25.379
2024-10-28,2024-11-15,18,22.0,31.4653
2024-10-28,2024-11-22,25,22.0,35.8291
2024-10-28,2024-11-29,32,22.0,39.2742
2024-10-28,2024-12-06,39,22.0,43.1787
2024-10-28,2024-12-20,53,22.5,47.5425
2024-10-28,2025-01-17,81,22.5,56.4998
2024-10-28,2025-04-17,171,22.5,77.4001
2024-10-29,2024-11-01,3,21.0,13.0383
2024-10-29,2024-11-08,10,21.0,24.1627
2024-10-29,2024-11-15,17,21.0,29.6651
2024-10-29,2024-11-22,24,21.0,34.2105
2024-10-29,2024-11-29,31,21.0,36.6029
2024-10-29,2024-12-06,38,21.0,40.1914
2024-10-29,2024-12-20,52,20.0,43.5407
2024-10-29,2025-01-17,80,20.0,52.6316
2024-10-29,2025-04-17,170,20.0,71.5311
2024-10-30,2024-11-01,2,20.5,10.0787
2024-10-30,2024-11-08,9,20.5,22.1239
2024-10-30,2024-11-15,16,20.5,27.6549
2024-10-30,2024-11-22,23,20.5,31.7109
2024-10-30,2024-11-29,30,20.5,35.5211
2024-10-30,2024-12-06,37,20.5,38.7168
2024-10-30,2024-12-20,51,20.0,43.5103
2024-10-30,2025-01-17,79,20.0,51.1308
2024-10-30,2025-04-17,169,20.0,70.059
2024-10-31,2024-11-01,1,19.5,7.7965
2024-10-31,2024-11-08,8,19.5,20.3221
2024-10-31,2024-11-15,15,19.5,27.0961
2024-10-31,2024-11-22,22,19.5,30.2914
2024-10-31,2024-11-29,29,19.5,34.1258
2024-10-31,2024-12-06,36,19.5,37.8323
2024-10-31,2024-12-13,43,19.5,41.411
2024-10-31,2024-12-20,50,20.0,43.9673
2024-10-31,2025-01-17,78,20.0,52.9141
2024-10-31,2025-04-17,168,20.0,73.8753
2024-11-01,2024-11-08,7,19.5,19.3406
2024-11-01,2024-11-15,14,19.5,25.4413
2024-11-01,2024-11-22,21,19.5,30.5036
2024-11-01,2024-11-29,28,19.5,33.4891
2024-11-01,2024-12-06,35,19.5,37.3832
2024-11-01,2024-12-13,42,19.5,41.2773
2024-11-01,2024-12-20,49,20.0,43.4839
2024-11-01,2025-01-17,77,20.0,52.4403
2024-11-01,2025-04-17,167,20.0,71.6511
2024-11-04,2024-11-08,4,17.0,15.4762
2024-11-04,2024-11-15,11,17.0,22.4702
2024-11-04,2024-11-22,18,17.0,26.4881
2024-11-04,2024-11-29,25,17.0,29.6131
2024-11-04,2024-12-06,32,17.0,33.4821
2024-11-04,2024-12-13,39,17.0,38.5417
2024-11-04,2024-12-20,46,17.5,40.7738
2024-11-04,2025-01-17,74,17.5,51.4881
2024-11-04,2025-04-17,164,17.5,69.9405
2024-11-05,2024-11-08,3,18.0,13.9743
2024-11-05,2024-11-15,10,18.0,21.6601
2024-11-05,2024-11-22,17,18.0,26.1319
2024-11-05,2024-11-29,24,18.0,29.6255
2024-11-05,2024-12-06,31,18.0,33.1191
2024-11-05,2024-12-13,38,18.0,36.4729
2024-11-05,2024-12-20,45,17.5,38.1498
2024-11-05,2025-01-17,73,17.5,46.6741
2024-11-05,2025-04-17,163,17.5,66.2381
2024-11-06,2024-11-08,2,19.0,10.2362
2024-11-06,2024-11-15,9,19.0,18.7664
2024-11-06,2024-11-22,16,19.0,25.1969
2024-11-06,2024-11-29,23,19.0,28.6089
2024-11-06,2024-12-06,30,19.0,32.6772
2024-11-06,2024-12-13,37,19.0,35.4331
2024-11-06,2024-12-20,44,20.0,38.0577
2024-11-06,2025-01-17,72,20.0,48.0315
2024-11-06,2025-04-17,162,20.0,68.2415
2024-11-07,2024-11-08,1,21.5,9.5622
2024-11-07,2024-11-15,8,21.5,16.8203
2024-11-07,2024-11-22,15,21.5,24.6544
2024-11-07,2024-11-29,22,21.5,26.8433
2024-11-07,2024-12-06,29,21.5,31.2212
2024-11-07,2024-12-13,36,21.5,35.3687
2024-11-07,2024-12-20,43,22.5,38.3641
2024-11-07,2024-12-27,50,21.5,38.7097
2024-11-07,2025-01-17,71,22.5,47.235
2024-11-07,2025-04-17,161,22.5,70.0461
2024-11-08,2024-11-15,7,23.0,16.5425
2024-11-08,2024-11-22,14,23.0,22.787
2024-11-08,2024-11-29,21,23.0,26.8405
2024-11-08,2024-12-06,28,23.0,31.0035
2024-11-08,2024-12-13,35,23.0,33.6328
2024-11-08,2024-12-20,42,22.5,36.1525
2024-11-08,2024-12-27,49,23.0,37.5767
2024-11-08,2025-01-17,70,22.5,44.9167
2024-11-08,2025-04-17,160,22.5,64.8554
2024-11-11,2024-11-15,4,21.5,13.8889
2024-11-11,2024-11-22,11,21.5,21.0648
2024-11-11,2024-11-29,18,21.5,24.3056
2024-11-11,2024-12-06,25,21.5,28.588
2024-11-11,2024-12-13,32,21.5,31.3657
2024-11-11,2024-12-20,39,22.5,36.2269
2024-11-11,2024-12-27,46,21.5,36.8056
2024-11-11,2025-01-17,67,22.5,46.412
2024-11-11,2025-04-17,157,22.5,65.2778
2024-11-11,2025-05-16,186,20.0,66.6667
2024-11-11,2025-07-18,249,20.0,72.9167
2024-11-11,2025-10-17,340,20.0,82.4074
2024-11-11,2025-12-19,403,20.0,85.6481
2024-11-12,2024-11-15,3,23.0,11.9509
2024-11-12,2024-11-22,10,23.0,19.8105
2024-11-12,2024-11-29,17,23.0,22.9328
2024-11-12,2024-12-06,24,23.0,26.9165
2024-11-12,2024-12-13,31,23.0,31.2231
2024-11-12,2024-12-20,38,22.5,32.5151
2024-11-12,2024-12-27,45,23.0,36.8217
2024-11-12,2025-01-17,66,22.5,43.497
2024-11-12,2025-04-17,156,22.5,63.5228
2024-11-12,2025-05-16,185,25.0,74.0741
2024-11-12,2025-07-18,248,25.0,81.6107
2024-11-12,2025-10-17,339,25.0,90.2239
2024-11-12,2025-12-19,402,25.0,93.8846
2024-11-13,2024-11-15,2,23.0,11.2603
2024-11-13,2024-11-22,9,23.0,18.0814
2024-11-13,2024-11-29,16,23.0,22.1958
2024-11-13,2024-12-06,23,23.0,26.3101
2024-11-13,2024-12-13,30,23.0,29.45
2024-11-13,2024-12-20,37,22.5,32.0485
2024-11-13,2024-12-27,44,23.0,34.3222
2024-11-13,2025-01-17,65,22.5,42.0095
2024-11-13,2025-04-17,155,22.5,62.5812
2024-11-13,2025-05-16,184,25.0,72.3257
2024-11-13,2025-07-18,247,25.0,78.3889
2024-11-13,2025-10-17,338,25.0,86.401
2024-11-13,2025-12-19,401,25.0,91.8146
2024-11-14,2024-11-15,1,22.5,7.3984
2024-11-14,2024-11-22,8,22.5,16.7845
2024-11-14,2024-11-29,15,22.5,21.7535
2024-11-14,2024-12-06,22,22.5,26.0601
2024-11-14,2024-12-13,29,22.5,29.9249
2024-11-14,2024-12-20,36,22.5,32.9064
2024-11-14,2024-12-27,43,22.5,35.8878
2024-11-14,2025-01-17,64,22.5,42.4028
2024-11-14,2025-04-17,154,22.5,64.4876
2024-11-14,2025-05-16,183,25.0,73.3216
2024-11-14,2025-07-18,246,22.5,73.3216
2024-11-14,2025-10-17,337,25.0,89.6643
2024-11-14,2025-12-19,400,25.0,95.8481
2024-11-15,2024-11-22,7,21.5,17.1659
2024-11-15,2024-11-29,14,21.5,21.8894
2024-11-15,2024-12-06,21,21.5,26.4977
2024-11-15,2024-12-13,28,21.5,30.53
2024-11-15,2024-12-20,35,22.5,35.3687
2024-11-15,2024-12-27,42,21.5,35.7143
2024-11-15,2025-01-17,63,22.5,45.6221
2024-11-15,2025-04-17,153,22.5,64.977
2024-11-15,2025-05-16,182,22.5,72.3502
2024-11-15,2025-07-18,245,22.5,78.5714
2024-11-15,2025-10-17,336,22.5,87.788
2024-11-15,2025-12-19,399,22.5,95.6221
2024-11-18,2024-11-22,4,22.5,13.3319
2024-11-18,2024-11-29,11,22.5,18.9511
2024-11-18,2024-12-06,18,22.5,24.9008
2024-11-18,2024-12-13,25,22.5,29.0877
2024-11-18,2024-12-20,32,22.5,32.1728
2024-11-18,2024-12-27,39,22.5,35.0375
2024-11-18,2025-01-17,60,22.5,41.8687
2024-11-18,2025-04-17,150,22.5,64.1252
2024-11-18,2025-05-16,179,22.5,69.4138
2024-11-18,2025-07-18,242,22.5,76.0247
2024-11-18,2025-10-17,333,22.5,86.3817
2024-11-18,2025-12-19,396,22.5,90.3482
2024-11-19,2024-11-22,3,25.5,12.3713
2024-11-19,2024-11-29,10,25.5,20.6849
2024-11-19,2024-12-06,17,25.5,24.5447
2024-11-19,2024-12-13,24,25.5,28.6025
2024-11-19,2024-12-20,31,25.5,33.0562
2024-11-19,2024-12-27,38,25.5,34.3428
2024-11-19,2025-01-17,59,25.0,41.5677
2024-11-19,2025-04-17,149,25.0,64.331
2024-11-19,2025-05-16,178,25.0,69.0816
2024-11-19,2025-07-18,241,25.0,77.3951
2024-11-19,2025-10-17,332,25.0,84.9169
2024-11-19,2025-12-19,395,25.0,90.0633
2024-11-20,2024-11-22,2,23.0,9.5053
2024-11-20,2024-11-29,9,23.0,16.9583
2024-11-20,2024-12-06,16,23.0,25.0594
2024-11-20,2024-12-13,23,23.0,27.2197
2024-11-20,2024-12-20,30,23.0,29.596
2024-11-20,2024-12-27,37,23.0,34.7807
2024-11-20,2025-01-17,58,22.5,41.4776
2024-11-20,2025-04-17,148,22.5,61.7844
2024-11-20,2025-05-16,177,22.5,70.8576
2024-11-20,2025-07-18,240,22.5,73.45
2024-11-20,2025-10-17,331,22.5,86.6278
2024-11-20,2025-12-19,394,22.5,87.4919
2024-11-21,2024-11-22,1,29.0,9.6581
2024-11-21,2024-11-29,8,29.0,17.8632
2024-11-21,2024-12-06,15,29.0,24.8718
2024-11-21,2024-12-13,22,29.0,28.7179
2024-11-21,2024-12-20,29,29.0,30.7692
2024-11-21,2024-12-27,36,29.0,34.188
2024-11-21,2025-01-03,43,28.5,37.4359
2024-11-21,2025-01-17,57,30.0,42.735
2024-11-21,2025-04-17,147,30.0,64.1026
2024-11-21,2025-05-16,176,30.0,72.3077
2024-11-21,2025-07-18,239,30.0,78.4615
2024-11-21,2025-10-17,330,30.0,86.4957
2024-11-21,2025-12-19,393,30.0,92.6496
2024-11-22,2024-11-29,7,33.5,15.625
2024-11-22,2024-12-06,14,33.5,23.2887
2024-11-22,2024-12-13,21,33.5,23.3631
2024-11-22,2024-12-20,28,33.5,29.4643
2024-11-22,2024-12-27,35,33.5,35.8631
2024-11-22,2025-01-03,42,34.0,35.7143
2024-11-22,2025-01-17,56,35.0,44.1964
2024-11-22,2025-04-17,146,35.0,63.0952
2024-11-22,2025-05-16,175,35.0,65.0298
2024-11-22,2025-07-18,238,35.0,75.0
2024-11-22,2025-10-17,329,35.0,83.1845
2024-11-22,2025-12-19,392,35.0,88.2441
2024-11-25,2024-11-29,4,26.0,11.0961
2024-11-25,2024-12-06,11,26.0,17.5608
2024-11-25,2024-12-13,18,26.0,20.166
2024-11-25,2024-12-20,25,26.0,25.0868
2024-11-25,2024-12-27,32,26.0,28.7534
2024-11-25,2025-01-03,39,26.0,26.9201
2024-11-25,2025-01-17,53,25.0,31.0691
2024-11-25,2025-04-17,143,25.0,45.7352
2024-11-25,2025-05-16,172,25.0,48.4369
2024-11-25,2025-07-18,235,25.0,54.8051
2024-11-25,2025-10-17,326,25.0,62.1382
2024-11-25,2025-12-19,389,25.0,63.682
2024-11-26,2024-11-29,3,26.0,6.6295
2024-11-26,2024-12-06,10,26.0,15.0846
2024-11-26,2024-12-13,17,26.0,21.2337
2024-11-26,2024-12-20,24,26.0,22.3866
2024-11-26,2024-12-27,31,26.0,25.7494
2024-11-26,2025-01-03,38,26.0,29.2083
2024-11-26,2025-01-17,52,26.0,29.2083
2024-11-26,2025-04-17,142,26.0,46.1184
2024-11-26,2025-05-16,171,26.0,48.4243
2024-11-26,2025-07-18,234,26.0,52.844
2024-11-26,2025-10-17,325,27.0,59.3774
2024-11-26,2025-12-19,388,27.0,63.2206
2024-11-26,2026-01-16,416,27.0,66.8716
2024-11-26,2027-01-15,780,27.0,77.2483
2024-11-27,2024-11-29,2,27.0,3.4554
2024-11-27,2024-12-06,9,27.0,12.8876
2024-11-27,2024-12-13,16,27.0,20.1718
2024-11-27,2024-12-20,23,27.0,21.8528
2024-11-27,2024-12-27,30,27.0,26.3354
2024-11-27,2025-01-03,37,27.0,27.5495
2024-11-27,2025-01-10,44,27.0,31.0049
2024-11-27,2025-01-17,51,27.0,29.7908
2024-11-27,2025-04-17,141,27.0,46.6941
2024-11-27,2025-05-16,170,27.0,50.2428
2024-11-27,2025-07-18,233,27.0,54.3519
2024-11-27,2025-10-17,324,27.0,56.9668
2024-11-27,2025-12-19,387,27.0,59.9552
2024-11-27,2026-01-16,415,27.0,62.9436
2024-11-27,2027-01-15,779,27.0,73.2163
2024-11-29,2024-12-06,7,27.5,12.4049
2024-11-29,2024-12-13,14,27.5,20.6447
2024-11-29,2024-12-20,21,27.5,19.1054
2024-11-29,2024-12-27,28,27.5,26.6208
2024-11-29,2025-01-03,35,27.5,24.9909
2024-11-29,2025-01-10,42,27.5,29.3372
2024-11-29,2025-01-17,49,28.0,32.0536
2024-11-29,2025-04-17,139,28.0,49.6197
2024-11-29,2025-05-16,168,28.0,52.155
2024-11-29,2025-07-18,231,28.0,57.0445
2024-11-29,2025-10-17,322,27.0,57.95
2024-11-29,2025-12-19,385,27.0,62.4774
2024-11-29,2026-01-16,413,27.0,60.8475
2024-11-29,2027-01-15,777,27.0,72.2564
2024-12-02,2024-12-06,4,28.0,9.1071
2024-12-02,2024-12-13,11,28.0,15.2679
2024-12-02,2024-12-20,18,28.0,19.0179
2024-12-02,2024-12-27,25,28.0,21.6071
2024-12-02,2025-01-03,32,28.0,25.3571
2024-12-02,2025-01-10,39,28.0,26.6071
2024-12-02,2025-01-17,46,28.0,29.2857
2024-12-02,2025-04-17,136,28.0,45.1786
2024-12-02,2025-05-16,165,28.0,48.9286
2024-12-02,2025-07-18,228,28.0,55.0
2024-12-02,2025-10-17,319,27.0,54.4643
2024-12-02,2025-12-19,382,27.0,61.25
2024-12-02,2026-01-16,410,27.0,58.5714
2024-12-02,2027-01-15,774,27.0,70.3571
2024-12-03,2024-12-06,3,26.5,7.0436
2024-12-03,2024-12-13,10,26.5,15.1202
2024-12-03,2024-12-20,17,26.5,16.5289
2024-12-03,2024-12-27,24,26.5,20.5672
2024-12-03,2025-01-03,31,26.5,20.9429
2024-12-03,2025-01-10,38,26.5,26.8595
2024-12-03,2025-01-17,45,27.0,29.7708
2024-12-03,2025-04-17,135,27.0,45.2667
2024-12-03,2025-05-16,164,27.0,51.6529
2024-12-03,2025-07-18,227,27.0,55.0338
2024-12-03,2025-10-17,318,27.0,57.6634
2024-12-03,2025-12-19,381,27.0,60.4808
2024-12-03,2026-01-16,409,27.0,62.547
2024-12-03,2027-01-15,773,27.0,71.3749
2024-12-04,2024-12-06,2,26.5,6.7925
2024-12-04,2024-12-13,9,26.5,13.9623
2024-12-04,2024-12-20,16,26.5,18.8679
2024-12-04,2024-12-27,23,26.5,20.1887
2024-12-04,2025-01-03,30,26.5,21.1321
2024-12-04,2025-01-10,37,26.5,26.5094
2024-12-04,2025-01-17,44,26.0,27.9245
2024-12-04,2025-04-17,134,26.0,44.5283
2024-12-04,2025-05-16,163,26.0,47.5472
2024-12-04,2025-07-18,226,27.0,54.1509
2024-12-04,2025-10-17,317,27.0,58.1132
2024-12-04,2025-12-19,380,27.0,60.9434
2024-12-04,2026-01-16,408,27.0,62.8302
2024-12-04,2027-01-15,772,27.0,74.1509
2024-12-05,2024-12-06,1,25.5,4.9097
2024-12-05,2024-12-13,8,25.5,11.8814
2024-12-05,2024-12-20,15,25.5,16.3001
2024-12-05,2024-12-27,22,25.5,19.2459
2024-12-05,2025-01-03,29,25.5,20.5224
2024-12-05,2025-01-10,36,25.5,25.6284
2024-12-05,2025-01-17,43,25.0,26.414
2024-12-05,2025-01-24,50,25.5,31.4218
2024-12-05,2025-04-17,133,25.0,44.7761
2024-12-05,2025-05-16,162,25.0,46.9364
2024-12-05,2025-07-18,225,25.0,54.3991
2024-12-05,2025-10-17,316,25.0,56.9521
2024-12-05,2025-12-19,379,25.0,59.5051
2024-12-05,2026-01-16,407,25.0,60.6834
2024-12-05,2027-01-15,771,25.0,73.4485
2024-12-06,2024-12-13,7,26.5,8.1813
2024-12-06,2024-12-20,14,26.5,15.9865
2024-12-06,2024-12-27,21,26.5,16.7388
2024-12-06,2025-01-03,28,26.5,21.9109
2024-12-06,2025-01-10,35,26.5,26.8008
2024-12-06,2025-01-17,42,27.0,28.0233
2024-12-06,2025-01-24,49,26.5,26.6128
2024-12-06,2025-04-17,132,27.0,43.8217
2024-12-06,2025-05-16,161,27.0,52.097
2024-12-06,2025-07-18,224,27.0,53.4136
2024-12-06,2025-10-17,315,27.0,60.9366
2024-12-06,2025-12-19,378,27.0,61.3128
2024-12-06,2026-01-16,406,27.0,66.2027
2024-12-06,2027-01-15,770,27.0,70.5285
2024-12-09,2024-12-13,4,25.0,8.7129
2024-12-09,2024-12-20,11,25.0,17.2277
2024-12-09,2024-12-27,18,25.0,20.6931
2024-12-09,2025-01-03,25,25.5,24.1584
2024-12-09,2025-01-10,32,25.5,25.5446
2024-12-09,2025-01-17,39,25.0,28.5149
2024-12-09,2025-01-24,46,25.5,29.505
2024-12-09,2025-04-17,129,25.0,46.1386
2024-12-09,2025-05-16,158,25.0,48.9109
2024-12-09,2025-07-18,221,25.0,54.8515
2024-12-09,2025-10-17,312,25.0,57.2277
2024-12-09,2025-12-19,375,25.0,61.3861
2024-12-09,2026-01-16,403,25.0,60.198
2024-12-09,2027-01-15,767,25.0,75.4455
2024-12-10,2024-12-13,3,23.5,12.4197
2024-12-10,2024-12-20,10,23.5,13.8116
2024-12-10,2024-12-27,17,23.5,20.2355
2024-12-10,2025-01-03,24,23.5,17.666
2024-12-10,2025-01-10,31,23.5,24.5182
2024-12-10,2025-01-17,38,24.0,25.3747
2024-12-10,2025-01-24,45,23.5,26.6595
2024-12-10,2025-04-17,128,24.0,46.0385
2024-12-10,2025-05-16,157,24.0,49.4647
2024-12-10,2025-07-18,220,24.0,55.2463
2024-12-10,2025-10-17,311,22.5,59.1006
2024-12-10,2025-12-19,374,22.5,58.4582
2024-12-10,2026-01-16,402,23.0,59.1006
2024-12-10,2027-01-15,766,23.0,68.7366
2024-12-11,2024-12-13,2,24.0,7.3651
2024-12-11,2024-12-20,9,24.0,14.3154
2024-12-11,2024-12-27,16,24.0,18.1535
2024-12-11,2025-01-03,23,24.0,21.3693
2024-12-11,2025-01-10,30,24.0,24.3776
2024-12-11,2025-01-17,37,24.0,25.4149
2024-12-11,2025-01-24,44,24.0,27.1784
2024-12-11,2025-04-17,127,24.0,45.6432
2024-12-11,2025-05-16,156,24.0,47.3029
2024-12-11,2025-07-18,219,24.0,49.7925
2024-12-11,2025-10-17,310,25.0,54.9793
2024-12-11,2025-12-19,373,25.0,60.9958
2024-12-11,2026-01-16,401,25.0,58.5062
2024-12-11,2027-01-15,765,25.0,77.5934
2024-12-12,2024-12-13,1,23.0,6.8182
2024-12-12,2024-12-20,8,23.0,14.1775
2024-12-12,2024-12-27,15,23.0,18.6147
2024-12-12,2025-01-03,22,23.0,18.9394
2024-12-12,2025-01-10,29,23.0,22.1861
2024-12-12,2025-01-17,36,22.5,25.7576
2024-12-12,2025-01-24,43,23.0,30.6277
2024-12-12,2025-01-31,50,23.0,31.4935
2024-12-12,2025-04-17,126,22.5,43.0736
2024-12-12,2025-05-16,155,22.5,45.8874
2024-12-12,2025-07-18,218,22.5,55.1948
2024-12-12,2025-10-17,309,22.5,56.2771
2024-12-12,2025-12-19,372,22.5,58.2251
2024-12-12,2026-01-16,400,23.0,57.3593
2024-12-12,2027-01-15,764,23.0,73.1602
2024-12-13,2024-12-20,7,25.0,12.3296
2024-12-13,2024-12-27,14,25.0,16.3392
2024-12-13,2025-01-03,21,25.0,19.3464
2024-12-13,2025-01-10,28,25.0,23.1556
2024-12-13,2025-01-17,35,25.0,26.7642
2024-12-13,2025-01-24,42,25.0,27.9671
2024-12-13,2025-01-31,49,25.0,30.9743
2024-12-13,2025-04-17,125,25.0,46.5116
2024-12-13,2025-05-16,154,25.0,46.0104
2024-12-13,2025-07-18,217,25.0,54.7314
2024-12-13,2025-10-17,308,25.0,55.433
2024-12-13,2025-12-19,371,25.0,57.9391
2024-12-13,2026-01-16,399,25.0,58.5405
2024-12-13,2027-01-15,763,25.0,72.9751
2024-12-16,2024-12-20,4,26.5,11.2082
2024-12-16,2024-12-27,11,26.5,14.7226
2024-12-16,2025-01-03,18,26.5,18.617
2024-12-16,2025-01-10,25,26.5,21.1816
2024-12-16,2025-01-17,32,26.0,23.3663
2024-12-16,2025-01-24,39,26.5,26.9757
2024-12-16,2025-01-31,46,26.5,29.1603
2024-12-16,2025-04-17,122,26.0,44.0729
2024-12-16,2025-05-16,151,26.0,46.3526
2024-12-16,2025-07-18,214,26.0,51.1018
2024-12-16,2025-10-17,305,27.0,55.8511
2024-12-16,2025-12-19,368,27.0,58.3207
2024-12-16,2026-01-16,396,27.0,59.4605
2024-12-16,2027-01-15,760,27.0,66.4894
2024-12-17,2024-12-20,3,25.5,7.1845
2024-12-17,2024-12-27,10,25.5,11.4563
2024-12-17,2025-01-03,17,25.5,16.0194
2024-12-17,2025-01-10,24,25.5,21.4563
2024-12-17,2025-01-17,31,26.0,26.3107
2024-12-17,2025-01-24,38,25.5,26.8932
2024-12-17,2025-01-31,45,25.5,26.3107
2024-12-17,2025-04-17,121,26.0,44.2718
2024-12-17,2025-05-16,150,26.0,46.9903
2024-12-17,2025-07-18,213,26.0,53.4951
2024-12-17,2025-10-17,304,25.0,52.6214
2024-12-17,2025-12-19,367,25.0,57.4757
2024-12-17,2026-01-16,395,25.0,57.2816
2024-12-17,2027-01-15,759,25.0,75.7282
2024-12-18,2024-12-20,2,23.5,8.8496
2024-12-18,2024-12-27,9,23.5,15.1707
2024-12-18,2025-01-03,16,23.5,18.7526
2024-12-18,2025-01-10,23,23.5,20.4383
2024-12-18,2025-01-17,30,24.0,25.0737
2024-12-18,2025-01-24,37,23.5,28.8664
2024-12-18,2025-01-31,44,23.5,28.5504
2024-12-18,2025-04-17,120,24.0,46.7762
2024-12-18,2025-05-16,149,24.0,47.619
2024-12-18,2025-07-18,212,24.0,53.8348
2024-12-18,2025-10-17,303,22.5,52.6759
2024-12-18,2025-12-19,366,22.5,58.1542
2024-12-18,2026-01-16,394,23.0,60.2613
2024-12-18,2027-01-15,758,23.0,74.3784
2024-12-19,2024-12-20,1,24.5,6.4523
2024-12-19,2024-12-27,8,24.5,12.9045
2024-12-19,2025-01-03,15,24.5,18.6399
2024-12-19,2025-01-10,22,24.5,22.3269
2024-12-19,2025-01-17,29,24.0,22.839
2024-12-19,2025-01-24,36,24.5,26.526
2024-12-19,2025-01-31,43,24.5,27.4478
2024-12-19,2025-02-21,64,24.0,32.4662
2024-12-19,2025-04-17,119,24.0,45.0635
2024-12-19,2025-05-16,148,24.0,45.5756
2024-12-19,2025-07-18,211,24.0,52.8472
2024-12-19,2025-10-17,302,25.0,53.5641
2024-12-19,2025-12-19,365,25.0,56.9439
2024-12-19,2026-01-16,393,25.0,63.9082
2024-12-19,2027-01-15,757,25.0,76.4031
2024-12-20,2024-12-27,7,25.0,11.314
2024-12-20,2025-01-03,14,25.0,15.8793
2024-12-20,2025-01-10,21,25.0,22.231
2024-12-20,2025-01-17,28,25.0,23.1243
2024-12-20,2025-01-24,35,25.0,26.0024
2024-12-20,2025-01-31,42,25.0,27.5903
2024-12-20,2025-02-21,63,25.0,33.4458
2024-12-20,2025-04-17,118,25.0,42.0802
2024-12-20,2025-05-16,147,25.0,47.0425
2024-12-20,2025-07-18,210,25.0,54.3867
2024-12-20,2025-10-17,301,25.0,54.5852
2024-12-20,2025-12-19,364,25.0,57.5625
2024-12-20,2026-01-16,392,25.0,56.7686
2024-12-20,2027-01-15,756,25.0,68.0826
2024-12-23,2024-12-27,4,27.0,8.9941
2024-12-23,2025-01-03,11,27.0,14.6843
2024-12-23,2025-01-10,18,27.0,18.4471
2024-12-23,2025-01-17,25,27.0,21.8429
2024-12-23,2025-01-24,32,27.0,23.2195
2024-12-23,2025-01-31,39,27.0,24.9633
2024-12-23,2025-02-21,60,27.0,29.2768
2024-12-23,2025-04-17,115,27.0,41.8502
2024-12-23,2025-05-16,144,27.0,45.4295
2024-12-23,2025-07-18,207,27.0,51.2115
2024-12-23,2025-10-17,298,27.0,53.9648
2024-12-23,2025-12-19,361,27.0,57.2687
2024-12-23,2026-01-16,389,27.0,56.7181
2024-12-23,2027-01-15,753,27.0,69.9339
2024-12-24,2024-12-27,3,28.5,7.5227
2024-12-24,2025-01-03,10,28.5,12.2463
2024-12-24,2025-01-10,17,28.5,18.3695
2024-12-24,2025-01-17,24,28.5,21.3436
2024-12-24,2025-01-24,31,28.5,23.443
2024-12-24,2025-01-31,38,28.5,24.93
2024-12-24,2025-02-21,59,29.0,30.8782
2024-12-24,2025-04-17,114,29.0,41.9874
2024-12-24,2025-05-16,143,29.0,45.3989
2024-12-24,2025-07-18,206,29.0,50.5598
2024-12-24,2025-10-17,297,30.0,56.7705
2024-12-24,2025-12-19,360,30.0,57.7327
2024-12-24,2026-01-16,388,30.0,57.6452
2024-12-24,2027-01-15,752,30.0,76.1022
2024-12-26,2024-12-27,1,28.5,5.62
2024-12-26,2025-01-03,8,28.5,13.2596
2024-12-26,2025-01-10,15,28.5,21.9529
2024-12-26,2025-01-17,22,28.5,21.3383
2024-12-26,2025-01-24,29,28.5,23.5335
2024-12-26,2025-01-31,36,28.5,27.3094
2024-12-26,2025-02-07,43,28.5,29.3291
2024-12-26,2025-02-21,57,28.0,29.3291
2024-12-26,2025-04-17,112,28.0,39.8665
2024-12-26,2025-05-16,141,28.0,45.8377
2024-12-26,2025-07-18,204,28.0,51.4577
2024-12-26,2025-10-17,295,27.0,52.8627
2024-12-26,2025-12-19,358,27.0,55.8483
2024-12-26,2026-01-16,386,27.0,55.1458
2024-12-26,2027-01-15,750,27.0,69.5469
2024-12-27,2025-01-03,7,27.0,10.3083
2024-12-27,2025-01-10,14,27.0,18.3878
2024-12-27,2025-01-17,21,27.0,19.3165
2024-12-27,2025-01-24,28,27.0,23.0312
2024-12-27,2025-01-31,35,27.0,26.8388
2024-12-27,2025-02-07,42,27.0,30.3678
2024-12-27,2025-02-21,56,27.0,31.7608
2024-12-27,2025-04-17,111,27.0,42.9049
2024-12-27,2025-05-16,140,27.0,43.3692
2024-12-27,2025-07-18,203,27.0,51.5416
2024-12-27,2025-10-17,294,27.0,53.4918
2024-12-27,2025-12-19,357,27.0,61.4785
2024-12-27,2026-01-16,385,27.0,58.8782
2024-12-27,2027-01-15,749,27.0,74.1085
2024-12-30,2025-01-03,4,25.0,8.4575
2024-12-30,2025-01-10,11,25.0,14.3979
2024-12-30,2025-01-17,18,25.0,17.0157
2024-12-30,2025-01-24,25,25.0,23.5602
2024-12-30,2025-01-31,32,25.0,24.1643
2024-12-30,2025-02-07,39,25.0,30.6081
2024-12-30,2025-02-21,53,25.0,33.4273
2024-12-30,2025-04-17,108,25.0,39.8711
2024-12-30,2025-05-16,137,25.0,48.4293
2024-12-30,2025-07-18,200,25.0,53.967
2024-12-30,2025-10-17,291,25.0,53.3629
2024-12-30,2025-12-19,354,25.0,53.967
2024-12-30,2026-01-16,382,25.0,61.0149
2024-12-30,2027-01-15,746,25.0,68.4656
2024-12-31,2025-01-03,3,25.0,8.8371
2024-12-31,2025-01-10,10,25.0,12.2515
2024-12-31,2025-01-17,17,25.0,16.8709
2024-12-31,2025-01-24,24,25.0,18.7789
2024-12-31,2025-01-31,31,25.0,23.097
2024-12-31,2025-02-07,38,25.0,30.4278
2024-12-31,2025-02-21,52,25.0,32.3358
2024-12-31,2025-04-17,107,25.0,39.5662
2024-12-31,2025-05-16,136,25.0,42.5788
2024-12-31,2025-07-18,199,25.0,50.3113
2024-12-31,2025-10-17,290,25.0,52.0185
2024-12-31,2025-12-19,353,25.0,56.2362
2024-12-31,2026-01-16,381,25.0,56.2362
2024-12-31,2027-01-15,745,25.0,72.7054
2025-01-02,2025-01-03,1,24.0,4.7012
2025-01-02,2025-01-10,8,24.0,11.1784
2025-01-02,2025-01-17,15,24.0,16.402
2025-01-02,2025-01-24,22,24.0,22.7748
2025-01-02,2025-01-31,29,24.0,24.7597
2025-01-02,2025-02-07,36,24.0,22.8792
2025-01-02,2025-02-14,43,24.0,25.8044
2025-01-02,2025-02-21,50,24.0,32.4906
2025-01-02,2025-04-17,105,24.0,39.9081
2025-01-02,2025-05-16,134,24.0,47.2211
2025-01-02,2025-07-18,197,24.0,53.2804
2025-01-02,2025-10-17,288,25.0,54.4296
2025-01-02,2025-12-19,351,25.0,59.6532
2025-01-02,2026-01-16,379,23.0,55.5788
2025-01-02,2027-01-15,743,23.0,70.8316
2025-01-03,2025-01-10,7,27.0,9.9037
2025-01-03,2025-01-17,14,27.0,14.7168
2025-01-03,2025-01-24,21,27.0,18.1414
2025-01-03,2025-01-31,28,27.0,21.1959
2025-01-03,2025-02-07,35,27.0,23.047
2025-01-03,2025-02-14,42,27.0,27.6749
2025-01-03,2025-02-21,49,27.0,29.1559
2025-01-03,2025-04-17,104,27.0,39.615
2025-01-03,2025-05-16,133,27.0,43.4098
2025-01-03,2025-07-18,196,27.0,52.388
2025-01-03,2025-10-17,287,27.0,55.535
2025-01-03,2025-12-19,350,27.0,59.4224
2025-01-03,2026-01-16,378,27.0,59.6076
2025-01-03,2027-01-15,742,27.0,75.1573
2025-01-06,2025-01-10,4,32.5,12.0547
2025-01-06,2025-01-17,11,33.0,16.5848
2025-01-06,2025-01-24,18,33.0,18.8882
2025-01-06,2025-01-31,25,33.0,22.6505
2025-01-06,2025-02-07,32,32.5,24.7236
2025-01-06,2025-02-14,39,33.0,28.793
2025-01-06,2025-02-21,46,33.0,30.4822
2025-01-06,2025-04-17,101,33.0,39.9263
2025-01-06,2025-05-16,130,33.0,44.8403
2025-01-06,2025-07-18,193,33.0,50.9828
2025-01-06,2025-10-17,284,32.0,54.5147
2025-01-06,2025-12-19,347,32.0,57.8931
2025-01-06,2026-01-16,375,32.0,60.043
2025-01-06,2027-01-15,739,32.0,72.0209
2025-01-07,2025-01-10,3,30.0,7.2751
2025-01-07,2025-01-17,10,30.0,14.6329
2025-01-07,2025-01-24,17,30.0,18.6839
2025-01-07,2025-01-31,24,30.0,21.8254
2025-01-07,2025-02-07,31,30.0,24.4709
2025-01-07,2025-02-14,38,30.0,25.711
2025-01-07,2025-02-21,45,30.0,29.4312
2025-01-07,2025-04-17,100,30.0,38.0291
2025-01-07,2025-05-16,129,30.0,41.5013
2025-01-07,2025-07-18,192,30.0,50.5952
2025-01-07,2025-10-17,283,30.0,55.7209
2025-01-07,2025-12-19,346,30.0,56.713
2025-01-07,2026-01-16,374,30.0,60.1852
2025-01-07,2027-01-15,738,30.0,71.4286
2025-01-08,2025-01-10,2,27.0,5.5887
2025-01-08,2025-01-17,9,27.0,14.3443
2025-01-08,2025-01-24,16,27.0,17.7906
2025-01-08,2025-01-31,23,27.0,20.7712
2025-01-08,2025-02-07,30,27.0,22.9136
2025-01-08,2025-02-14,37,27.0,27.1982
2025-01-08,2025-02-21,44,27.0,29.8994
2025-01-08,2025-02-28,51,27.0,30.3651
2025-01-08,2025-04-17,99,27.0,40.9836
2025-01-08,2025-05-16,128,27.0,44.5231
2025-01-08,2025-07-18,191,27.0,50.6706
2025-01-08,2025-10-17,282,27.0,56.4456
2025-01-08,2025-12-19,345,27.0,60.1714
2025-01-08,2026-01-16,373,27.0,60.7303
2025-01-08,2027-01-15,737,27.0,73.2116
2025-01-10,2025-01-17,7,25.5,11.6913
2025-01-10,2025-01-24,14,25.5,16.0756
2025-01-10,2025-01-31,21,25.5,21.5316
2025-01-10,2025-02-07,28,25.5,23.9673
2025-01-10,2025-02-14,35,25.5,24.0647
2025-01-10,2025-02-21,42,26.0,28.3515
2025-01-10,2025-02-28,49,25.5,29.0335
2025-01-10,2025-04-17,97,26.0,39.7506
2025-01-10,2025-05-16,126,26.0,45.2065
2025-01-10,2025-07-18,189,26.0,50.3702
2025-01-10,2025-10-17,280,25.0,55.1442
2025-01-10,2025-12-19,343,25.0,57.8722
2025-01-10,2026-01-16,371,25.0,59.431
2025-01-10,2027-01-15,735,25.0,72.8761
2025-01-13,2025-01-17,4,20.5,12.7513
2025-01-13,2025-01-24,11,20.5,15.4487
2025-01-13,2025-01-31,18,20.5,20.5983
2025-01-13,2025-02-07,25,20.5,22.8053
2025-01-13,2025-02-14,32,20.5,27.3418
2025-01-13,2025-02-21,39,20.0,28.2001
2025-01-13,2025-02-28,46,20.5,29.3036
2025-01-13,2025-04-17,94,20.0,38.7445
2025-01-13,2025-05-16,123,20.0,44.0167
2025-01-13,2025-07-18,186,20.0,51.4958
2025-01-13,2025-10-17,277,20.0,56.4002
2025-01-13,2025-12-19,340,20.0,60.3237
2025-01-13,2026-01-16,368,20.0,61.3046
2025-01-13,2027-01-15,732,20.0,77.489
2025-01-14,2025-01-17,3,21.5,10.29
2025-01-14,2025-01-24,10,21.5,15.7858
2025-01-14,2025-01-31,17,21.5,18.4752
2025-01-14,2025-02-07,24,21.5,21.6324
2025-01-14,2025-02-14,31,21.5,27.0112
2025-01-14,2025-02-21,38,21.0,26.8943
2025-01-14,2025-02-28,45,21.5,30.2853
2025-01-14,2025-03-21,66,21.0,35.1964
2025-01-14,2025-04-17,93,21.0,39.7568
2025-01-14,2025-05-16,122,21.0,43.1478
2025-01-14,2025-07-18,185,21.0,51.45
2025-01-14,2025-10-17,276,22.5,58.6997
2025-01-14,2025-12-19,339,22.5,62.9093
2025-01-14,2026-01-16,367,20.0,59.4013
2025-01-14,2027-01-15,731,20.0,74.1347
2025-01-15,2025-01-17,2,23.0,7.221
2025-01-15,2025-01-24,9,23.0,13.895
2025-01-15,2025-01-31,16,23.0,17.7243
2025-01-15,2025-02-07,23,23.0,20.4595
2025-01-15,2025-02-14,30,23.0,26.8053
2025-01-15,2025-02-21,37,23.0,26.1488
2025-01-15,2025-02-28,44,23.0,29.1028
2025-01-15,2025-03-21,65,23.0,35.8862
2025-01-15,2025-04-17,92,22.5,40.0438
2025-01-15,2025-05-16,121,22.5,42.8884
2025-01-15,2025-07-18,184,22.5,50.9847
2025-01-15,2025-10-17,275,22.5,55.361
2025-01-15,2025-12-19,338,22.5,59.5186
2025-01-15,2026-01-16,366,23.0,62.3632
2025-01-15,2027-01-15,730,23.0,81.8381
2025-01-16,2025-01-17,1,23.5,4.0581
2025-01-16,2025-01-24,8,23.5,10.3588
2025-01-16,2025-01-31,15,23.5,17.7275
2025-01-16,2025-02-07,22,23.5,21.4652
2025-01-16,2025-02-14,29,23.5,24.4554
2025-01-16,2025-02-21,36,23.0,24.3486
2025-01-16,2025-02-28,43,23.5,28.6202
2025-01-16,2025-03-21,64,23.0,33.6395
2025-01-16,2025-04-17,91,24.0,36.4161
2025-01-16,2025-05-16,120,24.0,43.2507
2025-01-16,2025-07-18,183,24.0,53.396
2025-01-16,2025-10-17,274,22.5,52.7552
2025-01-16,2025-12-19,337,22.5,58.3084
2025-01-16,2026-01-16,365,23.0,60.2307
2025-01-16,2027-01-15,729,23.0,81.3755
2025-01-17,2025-01-24,7,24.5,10.7244
2025-01-17,2025-01-31,14,24.5,13.4561
2025-01-17,2025-02-07,21,24.5,18.6159
2025-01-17,2025-02-14,28,24.5,22.9664
2025-01-17,2025-02-21,35,25.0,24.484
2025-01-17,2025-02-28,42,24.5,26.3051
2025-01-17,2025-03-21,63,25.0,32.1732
2025-01-17,2025-04-17,90,25.0,37.0295
2025-01-17,2025-05-16,119,25.0,40.8741
2025-01-17,2025-07-18,182,25.0,50.7892
2025-01-17,2025-10-17,273,25.0,55.4431
2025-01-17,2025-12-19,336,25.0,59.8948
2025-01-17,2026-01-16,364,25.0,61.5136
2025-01-17,2027-01-15,728,25.0,80.3319
2025-01-21,2025-01-24,3,32.0,11.5755
2025-01-21,2025-01-31,10,32.0,16.2368
2025-01-21,2025-02-07,17,32.0,18.9559
2025-01-21,2025-02-14,24,32.0,22.7626
2025-01-21,2025-02-21,31,32.0,25.3263
2025-01-21,2025-02-28,38,32.0,27.2685
2025-01-21,2025-03-21,59,32.0,33.2505
2025-01-21,2025-04-17,86,32.0,37.601
2025-01-21,2025-05-16,115,32.0,43.9714
2025-01-21,2025-07-18,178,32.0,50.1865
2025-01-21,2025-10-17,269,32.0,55.0031
2025-01-21,2025-12-19,332,32.0,56.0907
2025-01-21,2026-01-16,360,32.0,59.3536
2025-01-21,2027-01-15,724,32.0,75.6681
2025-01-22,2025-01-24,2,36.0,8.7791
2025-01-22,2025-01-31,9,36.0,15.7064
2025-01-22,2025-02-07,16,36.0,19.6159
2025-01-22,2025-02-14,23,36.0,22.9767
2025-01-22,2025-02-21,30,36.0,26.2003
2025-01-22,2025-02-28,37,36.0,27.4348
2025-01-22,2025-03-21,58,36.0,32.6475
2025-01-22,2025-04-17,85,36.0,39.2318
2025-01-22,2025-05-16,114,36.0,43.4842
2025-01-22,2025-07-18,177,36.0,48.6968
2025-01-22,2025-10-17,268,37.0,56.5158
2025-01-22,2025-12-19,331,37.0,59.9451
2025-01-22,2026-01-16,359,37.0,59.9451
2025-01-22,2027-01-15,723,37.0,76.6804
2025-01-23,2025-01-24,1,43.0,9.1834
2025-01-23,2025-01-31,8,43.0,20.9406
2025-01-23,2025-02-07,15,43.0,27.4918
2025-01-23,2025-02-14,22,43.0,30.8844
2025-01-23,2025-02-21,29,43.0,34.277
2025-01-23,2025-02-28,36,43.0,36.0318
2025-01-23,2025-03-07,43,41.0,36.1488
2025-01-23,2025-03-21,57,43.0,42.4661
2025-01-23,2025-04-17,84,43.0,47.0285
2025-01-23,2025-05-16,113,43.0,51.2401
2025-01-23,2025-07-18,176,43.0,57.3233
2025-01-23,2025-10-17,267,43.0,63.0557
2025-01-23,2025-12-19,330,42.0,64.3425
2025-01-23,2026-01-16,358,42.0,64.9275
2025-01-23,2027-01-15,722,42.0,78.9658
2025-01-24,2025-01-31,7,44.5,18.5352
2025-01-24,2025-02-07,14,45.0,29.0946
2025-01-24,2025-02-14,21,45.0,32.577
2025-01-24,2025-02-21,28,45.0,37.1827
2025-01-24,2025-02-28,35,45.0,39.8787
2025-01-24,2025-03-07,42,45.0,41.2267
2025-01-24,2025-03-21,56,45.0,45.1584
2025-01-24,2025-04-17,83,45.0,50.2134
2025-01-24,2025-05-16,112,45.0,53.6958
2025-01-24,2025-07-18,175,45.0,60.3235
2025-01-24,2025-10-17,266,45.0,66.1649
2025-01-24,2025-12-19,329,45.0,69.6473
2025-01-24,2026-01-16,357,45.0,69.1979
2025-01-24,2027-01-15,721,45.0,83.3521
2025-01-27,2025-01-31,4,33.5,16.0854
2025-01-27,2025-02-07,11,33.5,22.3993
2025-01-27,2025-02-14,18,33.0,28.1118
2025-01-27,2025-02-21,25,33.0,30.0661
2025-01-27,2025-02-28,32,33.5,34.7264
2025-01-27,2025-03-07,39,33.5,37.282
2025-01-27,2025-03-21,53,33.0,39.2363
2025-01-27,2025-04-17,80,33.0,43.8966
2025-01-27,2025-05-16,109,33.0,46.7529
2025-01-27,2025-07-18,172,33.0,54.1191
2025-01-27,2025-10-17,263,33.0,59.2303
2025-01-27,2025-12-19,326,32.0,62.0866
2025-01-27,2026-01-16,354,32.0,62.8382
2025-01-27,2027-01-15,718,32.0,80.5773
2025-01-28,2025-01-31,3,35.0,12.8629
2025-01-28,2025-02-07,10,35.0,18.8991
2025-01-28,2025-02-14,17,35.0,24.0011
2025-01-28,2025-02-21,24,35.0,26.3007
2025-01-28,2025-02-28,31,35.0,28.6002
2025-01-28,2025-03-07,38,35.0,33.9178
2025-01-28,2025-03-21,52,35.0,35.7861
2025-01-28,2025-04-17,79,35.0,40.3852
2025-01-28,2025-05-16,108,35.0,44.2656
2025-01-28,2025-07-18,171,35.0,52.4576
2025-01-28,2025-10-17,262,35.0,59.4999
2025-01-28,2025-12-19,325,35.0,63.9552
2025-01-28,2026-01-16,353,35.0,63.2366
2025-01-28,2027-01-15,717,35.0,78.902
2025-01-29,2025-01-31,2,36.5,9.2365
2025-01-29,2025-02-07,9,36.5,16.9677
2025-01-29,2025-02-14,16,37.0,23.6043
2025-01-29,2025-02-21,23,37.0,26.4094
2025-01-29,2025-02-28,30,37.0,30.2408
2025-01-29,2025-03-07,37,36.5,32.4302
2025-01-29,2025-03-21,51,37.0,37.4932
2025-01-29,2025-04-17,78,37.0,42.9666
2025-01-29,2025-05-16,107,37.0,45.977
2025-01-29,2025-07-18,170,37.0,55.145
2025-01-29,2025-10-17,261,37.0,60.208
2025-01-29,2025-12-19,324,37.0,62.3974
2025-01-29,2026-01-16,352,37.0,62.8079
2025-01-29,2027-01-15,716,37.0,78.2704
2025-01-30,2025-01-31,1,40.0,6.6233
2025-01-30,2025-02-07,8,40.0,15.8085
2025-01-30,2025-02-14,15,40.0,22.3694
2025-01-30,2025-02-21,22,40.0,25.6186
2025-01-30,2025-02-28,29,40.0,29.9925
2025-01-30,2025-03-07,36,40.0,32.2419
2025-01-30,2025-03-14,43,40.0,33.4916
2025-01-30,2025-03-21,50,40.0,37.6156
2025-01-30,2025-04-17,77,40.0,42.9893
2025-01-30,2025-05-16,106,40.0,46.2384
2025-01-30,2025-07-18,169,40.0,54.2364
2025-01-30,2025-10-17,260,40.0,58.9853
2025-01-30,2025-12-19,323,40.0,62.1095
2025-01-30,2026-01-16,351,40.0,63.2342
2025-01-30,2027-01-15,715,40.0,75.4811
2025-01-31,2025-02-07,7,38.5,13.2703
2025-01-31,2025-02-14,14,38.5,20.1968
2025-01-31,2025-02-21,21,38.5,23.304
2025-01-31,2025-02-28,28,38.5,25.3755
2025-01-31,2025-03-07,35,38.5,28.0943
2025-01-31,2025-03-14,42,38.5,31.7193
2025-01-31,2025-03-21,49,39.0,34.0497
2025-01-31,2025-04-17,76,39.0,41.6882
2025-01-31,2025-05-16,105,39.0,46.0901
2025-01-31,2025-07-18,168,39.0,53.9876
2025-01-31,2025-10-17,259,39.0,60.8493
2025-01-31,2025-12-19,322,40.0,64.6038
2025-01-31,2026-01-16,350,40.0,65.5101
2025-01-31,2027-01-15,714,40.0,80.9166
2025-02-03,2025-02-07,4,38.0,11.7454
2025-02-03,2025-02-14,11,38.0,19.8163
2025-02-03,2025-02-21,18,38.0,23.0971
2025-02-03,2025-02-28,25,38.0,25.4593
2025-02-03,2025-03-07,32,38.0,28.2152
2025-02-03,2025-03-14,39,38.0,30.5774
2025-02-03,2025-03-21,46,38.0,33.2021
2025-02-03,2025-04-17,73,38.0,41.2074
2025-02-03,2025-05-16,102,38.0,45.9318
2025-02-03,2025-07-18,165,38.0,53.2808
2025-02-03,2025-10-17,256,38.0,60.2362
2025-02-03,2025-12-19,319,37.0,62.2047
2025-02-03,2026-01-16,347,37.0,62.2047
2025-02-03,2027-01-15,711,37.0,77.6903
2025-02-04,2025-02-07,3,37.0,9.9811
2025-02-04,2025-02-14,10,37.0,18.2088
2025-02-04,2025-02-21,17,37.0,21.4459
2025-02-04,2025-02-28,24,37.0,24.2784
2025-02-04,2025-03-07,31,37.0,27.1109
2025-02-04,2025-03-14,38,37.0,29.5387
2025-02-04,2025-03-21,45,37.0,31.9666
2025-02-04,2025-04-17,72,37.0,39.5198
2025-02-04,2025-05-16,101,37.0,45.1848
2025-02-04,2025-07-18,164,37.0,53.1427
2025-02-04,2025-10-17,255,37.0,59.8867
2025-02-04,2025-12-19,318,37.0,64.068
2025-02-04,2026-01-16,346,37.0,64.7424
2025-02-04,2027-01-15,710,37.0,78.635
2025-02-05,2025-02-07,2,35.5,8.4842
2025-02-05,2025-02-14,9,35.5,17.8167
2025-02-05,2025-02-21,16,35.5,21.069
2025-02-05,2025-02-28,23,35.5,24.3213
2025-02-05,2025-03-07,30,35.5,28.7048
2025-02-05,2025-03-14,37,35.5,30.2602
2025-02-05,2025-03-21,44,35.0,30.9672
2025-02-05,2025-04-17,71,35.0,37.0475
2025-02-05,2025-05-16,100,35.0,44.259
2025-02-05,2025-07-18,163,35.0,50.905
2025-02-05,2025-10-17,254,35.0,58.3993
2025-02-05,2025-12-19,317,35.0,61.3688
2025-02-05,2026-01-16,345,35.0,62.6414
2025-02-05,2027-01-15,709,35.0,77.2059
2025-02-06,2025-02-07,1,33.5,6.3319
2025-02-06,2025-02-14,8,33.5,17.5805
2025-02-06,2025-02-21,15,33.5,20.5602
2025-02-06,2025-02-28,22,33.5,23.3909
2025-02-06,2025-03-07,29,33.5,26.0727
2025-02-06,2025-03-14,36,33.5,28.4565
2025-02-06,2025-03-21,43,34.0,30.8403
2025-02-06,2025-03-28,50,33.5,33.2241
2025-02-06,2025-04-17,70,34.0,40.0775
2025-02-06,2025-05-16,99,34.0,44.8451
2025-02-06,2025-07-18,162,34.0,51.9964
2025-02-06,2025-10-17,253,34.0,58.9988
2025-02-06,2025-12-19,316,35.0,61.8296
2025-02-06,2026-01-16,344,35.0,63.7664
2025-02-06,2027-01-15,708,35.0,80.3039
2025-02-07,2025-02-14,7,35.5,15.9416
2025-02-07,2025-02-21,14,35.5,20.547
2025-02-07,2025-02-28,21,35.5,22.8142
2025-02-07,2025-03-07,28,35.5,26.2151
2025-02-07,2025-03-14,35,35.5,28.7658
2025-02-07,2025-03-21,42,35.0,30.6079
2025-02-07,2025-03-28,49,35.5,33.5837
2025-02-07,2025-04-17,69,35.0,37.8348
2025-02-07,2025-05-16,98,35.0,43.6446
2025-02-07,2025-07-18,161,35.0,51.8634
2025-02-07,2025-10-17,252,35.0,58.6652
2025-02-07,2025-12-19,315,35.0,61.4992
2025-02-07,2026-01-16,343,35.0,63.058
2025-02-07,2027-01-15,707,35.0,77.0866
2025-02-10,2025-02-14,4,35.0,12.8881
2025-02-10,2025-02-21,11,35.0,17.6588
2025-02-10,2025-02-28,18,35.0,20.6494
2025-02-10,2025-03-07,25,35.0,26.2034
2025-02-10,2025-03-14,32,35.0,28.6243
2025-02-10,2025-03-21,39,35.0,30.6181
2025-02-10,2025-03-28,46,35.0,32.1846
2025-02-10,2025-04-17,66,35.0,37.1689
2025-02-10,2025-05-16,95,35.0,43.8621
2025-02-10,2025-07-18,158,35.0,51.9795
2025-02-10,2025-10-17,249,35.0,58.1031
2025-02-10,2025-12-19,312,35.0,60.9513
2025-02-10,2026-01-16,340,35.0,61.8058
2025-02-10,2027-01-15,704,35.0,78.4677
2025-02-11,2025-02-14,3,32.0,10.8696
2025-02-11,2025-02-21,10,32.0,16.4596
2025-02-11,2025-02-28,17,32.0,19.6429
2025-02-11,2025-03-07,24,32.0,22.9814
2025-02-11,2025-03-14,31,32.0,25.6211
2025-02-11,2025-03-21,38,32.0,28.2609
2025-02-11,2025-03-28,45,32.0,30.7453
2025-02-11,2025-04-17,65,32.0,35.559
2025-02-11,2025-05-16,94,32.0,41.9255
2025-02-11,2025-07-18,157,32.0,51.3975
2025-02-11,2025-10-17,248,32.0,58.3851
2025-02-11,2025-12-19,311,32.0,61.646
2025-02-11,2026-01-16,339,32.0,61.0248
2025-02-11,2027-01-15,703,32.0,77.795
2025-02-12,2025-02-14,2,34.5,8.3044
2025-02-12,2025-02-21,9,34.5,13.1427
2025-02-12,2025-02-28,16,34.5,17.1144
2025-02-12,2025-03-07,23,34.5,20.2195
2025-02-12,2025-03-14,30,34.5,23.5413
2025-02-12,2025-03-21,37,35.0,26.141
2025-02-12,2025-03-28,44,34.5,27.7296
2025-02-12,2025-04-17,64,35.0,34.5176
2025-02-12,2025-05-16,93,35.0,41.3056
2025-02-12,2025-07-18,156,35.0,49.8267
2025-02-12,2025-10-17,247,35.0,56.9035
2025-02-12,2025-12-19,310,35.0,60.803
2025-02-12,2026-01-16,338,35.0,61.814
2025-02-12,2027-01-15,702,35.0,80.8781
2025-02-13,2025-02-14,1,33.5,6.2259
2025-02-13,2025-02-21,8,33.5,12.2295
2025-02-13,2025-02-28,15,33.5,16.1577
2025-02-13,2025-03-07,22,33.5,19.9377
2025-02-13,2025-03-14,29,33.5,24.1625
2025-02-13,2025-03-21,36,34.0,25.3484
2025-02-13,2025-03-28,43,33.5,27.2754
2025-02-13,2025-04-04,50,33.5,30.6849
2025-02-13,2025-04-17,63,34.0,33.2049
2025-02-13,2025-05-16,92,34.0,39.7272
2025-02-13,2025-07-18,155,34.0,47.732
2025-02-13,2025-10-17,246,34.0,55.885
2025-02-13,2025-12-19,309,35.0,60.7768
2025-02-13,2026-01-16,337,35.0,62.7038
2025-02-13,2027-01-15,701,35.0,79.8992
2025-02-14,2025-02-21,7,32.5,8.2333
2025-02-14,2025-02-28,14,32.5,13.1579
2025-02-14,2025-03-07,21,32.5,17.313
2025-02-14,2025-03-14,28,32.5,21.5451
2025-02-14,2025-03-21,35,32.0,22.7762
2025-02-14,2025-03-28,42,32.5,26.9314
2025-02-14,2025-04-04,49,32.5,28.932
2025-02-14,2025-04-17,62,32.0,32.0098
2025-02-14,2025-05-16,91,32.0,38.7812
2025-02-14,2025-07-18,154,32.0,47.5531
2025-02-14,2025-10-17,245,32.0,54.0166
2025-02-14,2025-12-19,308,32.0,58.6334
2025-02-14,2026-01-16,336,32.0,60.634
2025-02-14,2027-01-15,700,32.0,75.1
2025-02-18,2025-02-21,3,31.5,7.0635
2025-02-18,2025-02-28,10,31.5,12.1429
2025-02-18,2025-03-07,17,31.5,16.8254
2025-02-18,2025-03-14,24,31.5,18.8889
2025-02-18,2025-03-21,31,32.0,21.2698
2025-02-18,2025-03-28,38,31.5,24.8413
2025-02-18,2025-04-04,45,31.5,25.3968
2025-02-18,2025-04-17,58,32.0,31.4286
2025-02-18,2025-05-16,87,32.0,36.6667
2025-02-18,2025-07-18,150,32.0,45.5556
2025-02-18,2025-10-17,241,32.0,55.2381
2025-02-18,2025-12-19,304,32.0,58.254
2025-02-18,2026-01-16,332,32.0,60.1587
2025-02-18,2027-01-15,696,32.0,78.8889
2025-02-19,2025-02-21,2,31.5,5.9562
2025-02-19,2025-02-28,9,31.5,11.0388
2025-02-19,2025-03-07,16,31.5,13.9771
2025-02-19,2025-03-14,23,31.5,17.4714
2025-02-19,2025-03-21,30,31.0,19.7745
2025-02-19,2025-03-28,37,31.5,22.9511
2025-02-19,2025-04-04,44,31.5,24.9365
2025-02-19,2025-04-17,57,31.0,28.4308
2025-02-19,2025-05-16,86,31.0,35.737
2025-02-19,2025-07-18,149,31.0,44.155
2025-02-19,2025-10-17,240,31.0,52.4142
2025-02-19,2025-12-19,303,32.0,57.1792
2025-02-19,2026-01-16,331,32.0,60.197
2025-02-19,2027-01-15,695,32.0,77.033
2025-02-20,2025-02-21,1,30.5,3.5096
2025-02-20,2025-02-28,8,30.5,11.4267
2025-02-20,2025-03-07,15,30.5,13.8753
2025-02-20,2025-03-14,22,30.0,16.5687
2025-02-20,2025-03-21,29,31.0,19.507
2025-02-20,2025-03-28,36,30.5,22.1188
2025-02-20,2025-04-04,43,30.5,24.8123
2025-02-20,2025-04-17,56,31.0,29.0565
2025-02-20,2025-05-16,85,31.0,36.8919
2025-02-20,2025-07-18,148,31.0,45.0539
2025-02-20,2025-10-17,239,31.0,54.5217
2025-02-20,2025-12-19,302,30.0,55.9909
2025-02-20,2026-01-16,330,30.0,57.2968
2025-02-20,2027-01-15,694,30.0,75.4163
2025-02-21,2025-02-28,7,29.0,8.9841
2025-02-21,2025-03-07,14,29.0,12.9578
2025-02-21,2025-03-14,21,29.0,16.3269
2025-02-21,2025-03-21,28,29.0,18.3138
2025-02-21,2025-03-28,35,29.0,21.51
2025-02-21,2025-04-04,42,29.0,23.4969
2025-02-21,2025-04-17,55,29.0,27.4706
2025-02-21,2025-05-16,84,29.0,34.5542
2025-02-21,2025-07-18,147,29.0,43.7111
2025-02-21,2025-10-17,238,29.0,54.4229
2025-02-21,2025-12-19,301,30.0,59.7789
2025-02-21,2026-01-16,329,30.0,60.2972
2025-02-21,2027-01-15,693,30.0,82.2391
2025-02-24,2025-02-28,4,26.5,8.1583
2025-02-24,2025-03-07,11,27.0,13.2221
2025-02-24,2025-03-14,18,26.5,16.973
2025-02-24,2025-03-21,25,27.0,18.0983
2025-02-24,2025-03-28,32,26.5,22.3181
2025-02-24,2025-04-04,39,26.5,22.8807
2025-02-24,2025-04-17,52,27.0,26.5379
2025-02-24,2025-05-16,81,27.0,32.7269
2025-02-24,2025-07-18,144,27.0,41.2603
2025-02-24,2025-10-17,235,27.0,51.7629
2025-02-24,2025-12-19,298,27.0,54.9512
2025-02-24,2026-01-16,326,27.0,57.5769
2025-02-24,2027-01-15,690,27.0,79.3323
2025-02-25,2025-02-28,3,25.5,6.9608
2025-02-25,2025-03-07,10,25.5,12.549
2025-02-25,2025-03-14,17,26.0,16.6667
2025-02-25,2025-03-21,24,26.0,18.6275
2025-02-25,2025-03-28,31,25.0,20.098
2025-02-25,2025-04-04,38,25.0,22.2549
2025-02-25,2025-04-17,51,26.0,25.6863
2025-02-25,2025-05-16,80,26.0,33.4314
2025-02-25,2025-07-18,143,26.0,42.3529
2025-02-25,2025-10-17,234,26.0,51.5686
2025-02-25,2025-12-19,297,25.0,54.3137
2025-02-25,2026-01-16,325,25.0,56.2745
2025-02-25,2027-01-15,689,25.0,79.4118
2025-02-26,2025-02-28,2,29.5,8.0972
2025-02-26,2025-03-07,9,29.5,13.5796
2025-02-26,2025-03-14,16,29.5,17.1221
2025-02-26,2025-03-21,23,29.5,20.4116
2025-02-26,2025-03-28,30,30.0,22.0985
2025-02-26,2025-04-04,37,29.5,22.942
2025-02-26,2025-04-17,50,30.0,28.0027
2025-02-26,2025-05-16,79,30.0,34.2443
2025-02-26,2025-07-18,142,30.0,43.0162
2025-02-26,2025-10-17,233,30.0,52.2942
2025-02-26,2025-12-19,296,30.0,56.6802
2025-02-26,2026-01-16,324,30.0,58.7045
2025-02-26,2027-01-15,688,30.0,78.1039
2025-02-27,2025-02-28,1,27.5,5.5354
2025-02-27,2025-03-07,8,27.5,13.2486
2025-02-27,2025-03-14,15,28.0,16.4247
2025-02-27,2025-03-21,22,28.0,20.2359
2025-02-27,2025-03-28,29,28.0,22.686
2025-02-27,2025-04-04,36,28.0,22.0508
2025-02-27,2025-04-11,43,27.5,23.8657
2025-02-27,2025-04-17,49,28.0,28.1307
2025-02-27,2025-05-16,78,28.0,34.3013
2025-02-27,2025-07-18,141,28.0,44.8276
2025-02-27,2025-10-17,232,28.0,53.902
2025-02-27,2025-12-19,295,27.0,56.9873
2025-02-27,2026-01-16,323,27.0,59.1652
2025-02-27,2027-01-15,687,27.0,72.9583
2025-02-28,2025-03-07,7,29.0,11.5491
2025-02-28,2025-03-14,14,29.0,16.1514
2025-02-28,2025-03-21,21,29.0,19.538
2025-02-28,2025-03-28,28,29.0,21.3616
2025-02-28,2025-04-04,35,29.0,23.8798
2025-02-28,2025-04-11,42,29.0,25.4429
2025-02-28,2025-04-17,48,29.0,27.7874
2025-02-28,2025-05-16,77,29.0,34.5606
2025-02-28,2025-07-18,140,29.0,43.7652
2025-02-28,2025-10-17,231,29.0,53.4908
2025-02-28,2025-12-19,294,30.0,58.0063
2025-02-28,2026-01-16,322,30.0,59.9166
2025-02-28,2027-01-15,686,30.0,77.6311
2025-03-03,2025-03-07,4,27.0,8.7316
2025-03-03,2025-03-14,11,27.0,15.0735
2025-03-03,2025-03-21,18,27.0,18.2904
2025-03-03,2025-03-28,25,27.0,20.3125
2025-03-03,2025-04-04,32,27.0,23.4375
2025-03-03,2025-04-11,39,27.0,25.5515
2025-03-03,2025-04-17,45,27.0,28.8603
2025-03-03,2025-05-16,74,27.0,35.1103
2025-03-03,2025-07-18,137,27.0,41.3603
2025-03-03,2025-10-17,228,27.0,52.0221
2025-03-03,2025-12-19,291,27.0,56.0662
2025-03-03,2026-01-16,319,27.0,60.1103
2025-03-03,2027-01-15,683,27.0,78.8603
2025-03-04,2025-03-07,3,28.5,9.7834
2025-03-04,2025-03-14,10,28.5,14.5877
2025-03-04,2025-03-21,17,28.5,16.9462
2025-03-04,2025-03-28,24,29.0,20.3529
2025-03-04,2025-04-04,31,29.0,23.1481
2025-03-04,2025-04-11,38,28.5,23.9343
2025-03-04,2025-04-17,44,29.0,26.9043
2025-03-04,2025-05-16,73,29.0,34.9406
2025-03-04,2025-07-18,136,29.0,44.0252
2025-03-04,2025-10-17,227,29.0,52.2362
2025-03-04,2025-12-19,290,30.0,60.0978
2025-03-04,2026-01-16,318,30.0,59.5737
2025-03-04,2027-01-15,682,30.0,75.8211
2025-03-05,2025-03-07,2,29.0,6.8648
2025-03-05,2025-03-14,9,29.0,12.6868
2025-03-05,2025-03-21,16,29.0,16.5103
2025-03-05,2025-03-28,23,29.0,20.5944
2025-03-05,2025-04-04,30,29.0,21.9847
2025-03-05,2025-04-11,37,29.0,23.5488
2025-03-05,2025-04-17,43,29.0,28.1543
2025-03-05,2025-05-16,72,29.0,33.7157
2025-03-05,2025-07-18,135,29.0,42.5791
2025-03-05,2025-10-17,226,29.0,51.6163
2025-03-05,2025-12-19,289,30.0,59.2631
2025-03-05,2026-01-16,317,30.0,60.8272
2025-03-05,2027-01-15,681,30.0,78.2065
2025-03-06,2025-03-07,1,27.0,6.9522
2025-03-06,2025-03-14,8,27.0,12.6066
2025-03-06,2025-03-21,15,27.0,16.9633
2025-03-06,2025-03-28,22,27.0,21.2273
2025-03-06,2025-04-04,29,27.0,21.9689
2025-03-06,2025-04-11,36,27.0,24.1935
2025-03-06,2025-04-17,42,27.0,26.4182
2025-03-06,2025-04-25,50,27.0,28.3649
2025-03-06,2025-05-16,71,27.0,33.3704
2025-03-06,2025-07-18,134,27.0,42.8254
2025-03-06,2025-10-17,225,27.0,52.0949
2025-03-06,2025-12-19,288,27.0,56.5443
2025-03-06,2026-01-16,316,27.0,58.0274
2025-03-06,2027-01-15,680,27.0,75.2688
2025-03-07,2025-03-14,7,27.0,10.3781
2025-03-07,2025-03-21,14,27.0,15.8451
2025-03-07,2025-03-28,21,27.0,18.9029
2025-03-07,2025-04-04,28,27.0,21.6827
2025-03-07,2025-04-11,35,27.0,22.3314
2025-03-07,2025-04-17,41,27.0,25.1112
2025-03-07,2025-04-25,49,27.0,27.1497
2025-03-07,2025-05-16,70,27.0,32.9874
2025-03-07,2025-07-18,133,27.0,41.6976
2025-03-07,2025-10-17,224,27.0,49.4811
2025-03-07,2025-12-19,287,27.0,56.894
2025-03-07,2026-01-16,315,27.0,56.338
2025-03-07,2027-01-15,679,27.0,73.9437
2025-03-10,2025-03-14,4,25.0,10.2061
2025-03-10,2025-03-21,11,25.0,15.0614
2025-03-10,2025-03-28,18,25.0,18.4304
2025-03-10,2025-04-04,25,25.0,20.7095
2025-03-10,2025-04-11,32,25.0,22.8894
2025-03-10,2025-04-17,38,25.0,25.4657
2025-03-10,2025-04-25,46,25.0,27.1502
2025-03-10,2025-05-16,67,25.0,32.6992
2025-03-10,2025-07-18,130,25.0,42.0135
2025-03-10,2025-10-17,221,25.0,50.7333
2025-03-10,2025-12-19,284,25.0,56.084
2025-03-10,2026-01-16,312,25.0,57.8676
2025-03-10,2027-01-15,676,25.0,74.1181
2025-03-11,2025-03-14,3,27.5,9.4442
2025-03-11,2025-03-21,10,28.0,13.8939
2025-03-11,2025-03-28,17,27.5,17.6171
2025-03-11,2025-04-04,24,28.0,20.7047
2025-03-11,2025-04-11,31,27.5,24.8819
2025-03-11,2025-04-17,37,28.0,24.4279
2025-03-11,2025-04-25,45,27.5,26.3349
2025-03-11,2025-05-16,66,28.0,32.3284
2025-03-11,2025-07-18,129,28.0,42.1359
2025-03-11,2025-10-17,220,28.0,51.2169
2025-03-11,2025-12-19,283,27.0,55.5757
2025-03-11,2026-01-16,311,27.0,57.7552
2025-03-11,2027-01-15,675,27.0,75.1907
2025-03-12,2025-03-14,2,28.0,6.7495
2025-03-12,2025-03-21,9,28.0,13.049
2025-03-12,2025-03-28,16,28.0,17.4586
2025-03-12,2025-04-04,23,28.0,19.2585
2025-03-12,2025-04-11,30,28.0,23.2181
2025-03-12,2025-04-17,36,28.0,23.4881
2025-03-12,2025-04-25,44,28.0,26.0979
2025-03-12,2025-05-16,65,28.0,31.8575
2025-03-12,2025-07-18,128,28.0,41.5767
2025-03-12,2025-10-17,219,28.0,51.2959
2025-03-12,2025-12-19,282,27.0,54.3557
2025-03-12,2026-01-16,310,27.0,54.7156
2025-03-12,2027-01-15,674,27.0,73.9741
2025-03-13,2025-03-14,1,28.5,4.7669
2025-03-13,2025-03-21,8,28.5,11.6525
2025-03-13,2025-03-28,15,28.5,14.2126
2025-03-13,2025-04-04,22,28.0,18.2733
2025-03-13,2025-04-11,29,28.5,21.1864
2025-03-13,2025-04-17,35,28.0,23.1285
2025-03-13,2025-04-25,43,28.5,23.923
2025-03-13,2025-05-02,50,28.5,27.5424
2025-03-13,2025-05-16,64,28.0,30.7203
2025-03-13,2025-07-18,127,28.0,41.4901
2025-03-13,2025-10-17,218,28.0,50.3178
2025-03-13,2025-12-19,281,27.0,53.1427
2025-03-13,2026-01-16,309,27.0,56.3206
2025-03-13,2027-01-15,673,27.0,72.9167
2025-03-14,2025-03-21,7,30.5,10.575
2025-03-14,2025-03-28,14,30.5,14.2102
2025-03-14,2025-04-04,21,30.5,16.5235
2025-03-14,2025-04-11,28,30.5,19.9934
2025-03-14,2025-04-17,34,30.0,22.0588
2025-03-14,2025-04-25,42,30.5,23.959
2025-03-14,2025-05-02,49,30.5,27.0985
2025-03-14,2025-05-16,63,30.0,29.7422
2025-03-14,2025-07-18,126,30.0,40.6477
2025-03-14,2025-10-17,217,30.0,49.7356
2025-03-14,2025-12-19,280,30.0,54.5274
2025-03-14,2026-01-16,308,30.0,56.345
2025-03-14,2027-01-15,672,30.0,72.3728
2025-03-17,2025-03-21,4,30.5,8.6573
2025-03-17,2025-03-28,11,30.5,14.0477
2025-03-17,2025-04-04,18,30.5,16.5795
2025-03-17,2025-04-11,25,30.5,19.0297
2025-03-17,2025-04-17,31,31.0,20.4998
2025-03-17,2025-04-25,39,30.5,25.6452
2025-03-17,2025-05-02,46,30.5,26.3803
2025-03-17,2025-05-16,60,31.0,30.0555
2025-03-17,2025-07-18,123,31.0,41.9797
2025-03-17,2025-10-17,214,31.0,51.1271
2025-03-17,2025-12-19,277,30.0,54.7207
2025-03-17,2026-01-16,305,30.0,56.5175
2025-03-17,2027-01-15,669,30.0,73.342
2025-03-18,2025-03-21,3,30.0,7.8851
2025-03-18,2025-03-28,10,30.0,12.2842
2025-03-18,2025-04-04,17,30.0,15.9363
2025-03-18,2025-04-11,24,30.0,20.0863
2025-03-18,2025-04-17,30,30.0,19.0073
2025-03-18,2025-04-25,38,30.0,23.0744
2025-03-18,2025-05-02,45,30.0,26.2284
2025-03-18,2025-05-16,59,30.0,28.7185
2025-03-18,2025-07-18,122,30.0,39.1766
2025-03-18,2025-10-17,213,30.0,48.6388
2025-03-18,2025-12-19,276,30.0,56.2749
2025-03-18,2026-01-16,304,30.0,54.7809
2025-03-18,2027-01-15,668,30.0,73.3732
2025-03-19,2025-03-21,2,31.5,6.318
2025-03-19,2025-03-28,9,31.5,10.4766
2025-03-19,2025-04-04,16,31.5,15.675
2025-03-19,2025-04-11,23,31.5,17.6743
2025-03-19,2025-04-17,29,31.0,18.794
2025-03-19,2025-04-25,37,31.5,22.7127
2025-03-19,2025-05-02,44,31.5,24.3122
2025-03-19,2025-05-16,58,31.0,27.0313
2025-03-19,2025-07-18,121,31.0,39.3474
2025-03-19,2025-10-17,212,31.0,48.6244
2025-03-19,2025-12-19,275,32.0,55.9821
2025-03-19,2026-01-16,303,32.0,55.9821
2025-03-19,2027-01-15,667,32.0,75.3359
2025-03-20,2025-03-21,1,31.0,3.9618
2025-03-20,2025-03-28,8,31.0,10.1876
2025-03-20,2025-04-04,15,31.0,13.4217
2025-03-20,2025-04-11,22,31.0,17.2219
2025-03-20,2025-04-17,28,31.0,17.8687
2025-03-20,2025-04-25,36,31.0,21.1837
2025-03-20,2025-05-02,43,31.0,22.9625
2025-03-20,2025-05-16,57,31.0,26.5201
2025-03-20,2025-07-18,120,31.0,37.3545
2025-03-20,2025-10-17,211,31.0,48.1889
2025-03-20,2025-12-19,274,30.0,51.9081
2025-03-20,2026-01-16,302,30.0,53.6869
2025-03-20,2027-01-15,666,30.0,71.3131
2025-03-21,2025-03-28,7,30.0,7.6184
2025-03-21,2025-04-04,14,30.0,11.8417
2025-03-21,2025-04-11,21,30.0,15.4025
2025-03-21,2025-04-17,27,30.0,17.1414
2025-03-21,2025-04-25,35,30.0,19.9569
2025-03-21,2025-05-02,42,30.0,22.2756
2025-03-21,2025-05-16,56,30.0,25.5051
2025-03-21,2025-07-18,119,30.0,37.264
2025-03-21,2025-10-17,210,30.0,48.0291
2025-03-21,2025-12-19,273,30.0,52.3352
2025-03-21,2026-01-16,301,30.0,52.9977
2025-03-21,2027-01-15,665,30.0,73.3687
2025-03-24,2025-03-28,4,33.0,7.1363
2025-03-24,2025-04-04,11,33.0,11.0082
2025-03-24,2025-04-11,18,33.0,12.6784
2025-03-24,2025-04-17,24,33.0,16.2466
2025-03-24,2025-04-25,32,33.0,18.1445
2025-03-24,2025-05-02,39,33.0,19.8148
2025-03-24,2025-05-16,53,33.0,23.1552
2025-03-24,2025-07-18,116,33.0,34.4671
2025-03-24,2025-10-17,207,33.0,46.0067
2025-03-24,2025-12-19,270,32.0,49.8026
2025-03-24,2026-01-16,298,32.0,52.8394
2025-03-24,2027-01-15,662,32.0,68.4786
2025-03-25,2025-03-28,3,31.5,7.1925
2025-03-25,2025-04-04,10,31.5,9.4056
2025-03-25,2025-04-11,17,31.5,12.3301
2025-03-25,2025-04-17,23,31.5,15.0174
2025-03-25,2025-04-25,31,31.5,15.2545
2025-03-25,2025-05-02,38,31.5,19.2065
2025-03-25,2025-05-16,52,32.0,23.0794
2025-03-25,2025-07-18,115,32.0,35.2513
2025-03-25,2025-10-17,206,32.0,45.6845
2025-03-25,2025-12-19,269,32.0,51.5334
2025-03-25,2026-01-16,297,32.0,52.9561
2025-03-25,2027-01-15,661,32.0,71.135
2025-03-26,2025-03-28,2,29.5,5.9666
2025-03-26,2025-04-04,9,29.5,10.9956
2025-03-26,2025-04-11,16,29.5,13.4674
2025-03-26,2025-04-17,22,29.5,15.8541
2025-03-26,2025-04-25,30,29.5,17.8145
2025-03-26,2025-05-02,37,29.5,19.9454
2025-03-26,2025-05-16,51,29.0,23.014
2025-03-26,2025-07-18,114,29.0,34.6062
2025-03-26,2025-10-17,205,29.0,45.5165
2025-03-26,2025-12-19,268,30.0,51.3126
2025-03-26,2026-01-16,296,30.0,53.3583
2025-03-26,2027-01-15,660,30.0,71.94
2025-03-27,2025-03-28,1,28.0,4.2478
2025-03-27,2025-04-04,8,28.0,10.2655
2025-03-27,2025-04-11,15,28.0,12.7434
2025-03-27,2025-04-17,21,28.0,14.8673
2025-03-27,2025-04-25,29,28.0,16.9912
2025-03-27,2025-05-02,36,28.0,18.6726
2025-03-27,2025-05-09,43,28.0,21.5044
2025-03-27,2025-05-16,50,28.0,22.9204
2025-03-27,2025-07-18,113,28.0,34.5133
2025-03-27,2025-10-17,204,28.0,45.3097
2025-03-27,2025-12-19,267,27.0,52.3894
2025-03-27,2026-01-16,295,27.0,51.5044
2025-03-27,2027-01-15,659,27.0,69.5575
2025-03-28,2025-04-04,7,27.0,8.4049
2025-03-28,2025-04-11,14,27.0,11.7669
2025-03-28,2025-04-17,20,27.0,15.6892
2025-03-28,2025-04-25,28,27.0,16.9966
2025-03-28,2025-05-02,35,27.0,19.7983
2025-03-28,2025-05-09,42,27.0,21.3859
2025-03-28,2025-05-16,49,27.0,23.7206
2025-03-28,2025-07-18,112,27.0,35.1139
2025-03-28,2025-10-17,203,27.0,48.1883
2025-03-28,2025-12-19,266,27.0,53.7916
2025-03-28,2026-01-16,294,27.0,53.0445
2025-03-28,2027-01-15,658,27.0,72.4692
2025-03-31,2025-04-04,4,26.5,8.8813
2025-03-31,2025-04-11,11,26.5,13.133
2025-03-31,2025-04-17,17,26.5,15.2116
2025-03-31,2025-04-25,25,26.5,16.3454
2025-03-31,2025-05-02,32,26.5,19.9358
2025-03-31,2025-05-09,39,26.5,21.6364
2025-03-31,2025-05-16,46,26.0,23.904
2025-03-31,2025-07-18,109,26.0,34.5805
2025-03-31,2025-10-17,200,26.0,45.9184
2025-03-31,2025-12-19,263,27.0,51.9652
2025-03-31,2026-01-16,291,27.0,53.288
2025-03-31,2027-01-15,655,27.0,73.5072
2025-04-01,2025-04-04,3,26.0,7.9931
2025-04-01,2025-04-11,10,26.0,12.8082
2025-04-01,2025-04-17,16,26.0,14.6379
2025-04-01,2025-04-25,24,26.0,17.7196
2025-04-01,2025-05-02,31,26.0,18.2974
2025-04-01,2025-05-09,38,26.0,19.2604
2025-04-01,2025-05-16,45,26.0,23.7866
2025-04-01,2025-07-18,108,26.0,35.0539
2025-04-01,2025-10-17,199,26.0,47.7658
2025-04-01,2025-12-19,262,25.0,50.6549
2025-04-01,2026-01-16,290,25.0,51.6179
2025-04-01,2027-01-15,654,25.0,69.53
2025-04-02,2025-04-04,2,24.5,6.9388
2025-04-02,2025-04-11,9,24.5,12.551
2025-04-02,2025-04-17,15,24.5,14.7959
2025-04-02,2025-04-25,23,24.5,16.4286
2025-04-02,2025-05-02,30,24.5,18.0612
2025-04-02,2025-05-09,37,24.5,21.6327
2025-04-02,2025-05-16,44,24.0,24.1837
2025-04-02,2025-07-18,107,25.0,35.8163
2025-04-02,2025-10-17,198,25.0,46.5306
2025-04-02,2025-12-19,261,25.0,52.2449
2025-04-02,2026-01-16,289,25.0,54.6939
2025-04-02,2027-01-15,653,25.0,72.6531
2025-04-03,2025-04-04,1,23.5,5.6455
2025-04-03,2025-04-11,8,23.5,12.9953
2025-04-03,2025-04-17,14,23.0,15.4452
2025-04-03,2025-04-25,22,23.5,15.9778
2025-04-03,2025-05-02,29,23.5,19.2799
2025-04-03,2025-05-09,36,23.5,26.2037
2025-04-03,2025-05-16,43,24.0,26.9493
2025-04-03,2025-05-23,50,23.0,28.121
2025-04-03,2025-07-18,106,24.0,39.8381
2025-04-03,2025-10-17,197,24.0,48.5726
2025-04-03,2025-12-19,260,22.5,51.3421
2025-04-03,2026-01-16,288,23.0,53.6856
2025-04-03,2027-01-15,652,23.0,72.0068
2025-04-04,2025-04-11,7,21.5,15.3846
2025-04-04,2025-04-17,13,21.0,20.2797
2025-04-04,2025-04-25,21,21.0,22.028
2025-04-04,2025-05-02,28,21.0,25.5245
2025-04-04,2025-05-09,35,21.0,29.021
2025-04-04,2025-05-16,42,21.0,31.9347
2025-04-04,2025-05-23,49,21.0,33.9161
2025-04-04,2025-07-18,105,21.0,41.958
2025-04-04,2025-10-17,196,22.5,53.9627
2025-04-04,2025-12-19,259,22.5,58.5082
2025-04-04,2026-01-16,287,20.0,58.042
2025-04-04,2027-01-15,651,20.0,75.2914
2025-04-07,2025-04-11,4,23.0,14.6294
2025-04-07,2025-04-17,10,23.0,18.4222
2025-04-07,2025-04-25,18,23.0,22.7568
2025-04-07,2025-05-02,25,23.5,25.3576
2025-04-07,2025-05-09,32,23.5,28.1751
2025-04-07,2025-05-16,39,22.5,32.0763
2025-04-07,2025-05-23,46,23.0,31.6428
2025-04-07,2025-07-18,102,22.5,41.6125
2025-04-07,2025-10-17,193,22.5,52.0156
2025-04-07,2025-12-19,256,22.5,56.567
2025-04-07,2026-01-16,284,23.0,59.1678
2025-04-07,2027-01-15,648,23.0,75.2059
2025-04-08,2025-04-11,3,22.5,13.7047
2025-04-08,2025-04-17,9,22.5,17.6835
2025-04-08,2025-04-25,17,22.5,22.2149
2025-04-08,2025-05-02,24,22.5,30.1724
2025-04-08,2025-05-09,31,22.5,27.2988
2025-04-08,2025-05-16,38,22.5,30.504
2025-04-08,2025-05-23,45,23.0,30.8355
2025-04-08,2025-07-18,101,22.5,41.5561
2025-04-08,2025-10-17,192,22.5,53.0504
2025-04-08,2025-12-19,255,22.5,59.4607
2025-04-08,2026-01-16,283,23.0,60.7869
2025-04-08,2027-01-15,647,23.0,80.2387
2025-04-09,2025-04-11,2,24.5,8.1851
2025-04-09,2025-04-17,8,24.5,13.4398
2025-04-09,2025-04-25,16,24.5,17.3808
2025-04-09,2025-05-02,23,24.5,20.5133
2025-04-09,2025-05-09,30,24.5,23.0396
2025-04-09,2025-05-16,37,25.0,26.1722
2025-04-09,2025-05-23,44,25.0,27.789
2025-04-09,2025-07-18,100,25.0,38.1973
2025-04-09,2025-10-17,191,25.0,48.3023
2025-04-09,2025-12-19,254,25.0,55.1738
2025-04-09,2026-01-16,282,25.0,56.9927
2025-04-09,2027-01-15,646,25.0,72.9588
2025-04-10,2025-04-11,1,22.5,6.2637
2025-04-10,2025-04-17,7,22.5,13.2967
2025-04-10,2025-04-25,15,22.5,16.2637
2025-04-10,2025-05-02,22,22.5,23.956
2025-04-10,2025-05-09,29,22.5,25.4945
2025-04-10,2025-05-16,36,22.5,27.4725
2025-04-10,2025-05-23,43,23.0,29.5604
2025-04-10,2025-05-30,50,23.0,31.7582
2025-04-10,2025-07-18,99,22.5,41.978
2025-04-10,2025-10-17,190,22.5,51.8681
2025-04-10,2025-12-19,253,22.5,55.6044
2025-04-10,2026-01-16,281,23.0,58.9011
2025-04-10,2027-01-15,645,23.0,75.1648
2025-04-11,2025-04-17,6,23.5,11.6029
2025-04-11,2025-04-25,14,23.5,16.4375
2025-04-11,2025-05-02,21,23.5,21.3795
2025-04-11,2025-05-09,28,23.5,21.3795
2025-04-11,2025-05-16,35,24.0,25.462
2025-04-11,2025-05-23,42,23.0,30.8337
2025-04-11,2025-05-30,49,23.0,29.8668
2025-04-11,2025-07-18,98,24.0,38.8913
2025-04-11,2025-10-17,189,24.0,50.7091
2025-04-11,2025-12-19,252,24.0,56.9403
2025-04-11,2026-01-16,280,23.0,56.2957
2025-04-11,2027-01-15,644,23.0,77.7826
2025-04-14,2025-04-17,3,23.5,7.6792
2025-04-14,2025-04-25,11,23.5,12.2654
2025-04-14,2025-05-02,18,23.5,17.2782
2025-04-14,2025-05-09,25,23.5,21.2244
2025-04-14,2025-05-16,32,24.0,22.7176
2025-04-14,2025-05-23,39,23.0,23.7841
2025-04-14,2025-05-30,46,23.0,24.4241
2025-04-14,2025-07-18,95,24.0,37.2227
2025-04-14,2025-10-17,186,24.0,49.9147
2025-04-14,2025-12-19,249,24.0,55.4607
2025-04-14,2026-01-16,277,23.0,55.8874
2025-04-14,2027-01-15,641,23.0,77.0051
2025-04-15,2025-04-17,2,22.0,6.2077
2025-04-15,2025-04-25,10,22.0,12.5282
2025-04-15,2025-05-02,17,22.0,16.7043
2025-04-15,2025-05-09,24,22.5,20.2032
2025-04-15,2025-05-16,31,22.5,23.3634
2025-04-15,2025-05-23,38,22.0,25.5079
2025-04-15,2025-05-30,45,22.0,27.5395
2025-04-15,2025-07-18,94,22.5,36.0045
2025-04-15,2025-10-17,185,22.5,51.4673
2025-04-15,2025-12-19,248,22.5,56.2077
2025-04-15,2026-01-16,276,23.0,58.465
2025-04-15,2027-01-15,640,23.0,79.0068
2025-04-16,2025-04-17,1,20.5,5.2388
2025-04-16,2025-04-25,9,20.5,12.6706
2025-04-16,2025-05-02,16,20.5,15.4727
2025-04-16,2025-05-09,23,21.0,20.8333
2025-04-16,2025-05-16,30,21.0,24.1228
2025-04-16,2025-05-23,37,21.0,26.6813
2025-04-16,2025-05-30,44,21.0,25.463
2025-04-16,2025-07-18,93,21.0,39.1082
2025-04-16,2025-10-17,184,21.0,50.6823
2025-04-16,2025-12-19,247,21.0,57.5049
2025-04-16,2026-01-16,275,20.0,59.4542
2025-04-16,2027-01-15,639,20.0,75.7797
2025-04-17,2025-04-25,8,20.0,13.3434
2025-04-17,2025-05-02,15,20.0,15.861
2025-04-17,2025-05-09,22,20.0,19.3857
2025-04-17,2025-05-16,29,20.0,22.281
2025-04-17,2025-05-23,36,20.0,25.428
2025-04-17,2025-05-30,43,20.0,25.8056
2025-04-17,2025-06-20,64,20.0,33.3585
2025-04-17,2025-07-18,92,20.0,37.0091
2025-04-17,2025-10-17,183,20.0,52.3666
2025-04-17,2025-12-19,246,20.0,57.9053
2025-04-17,2026-01-16,274,20.0,57.9053
2025-04-17,2027-01-15,638,20.0,79.8087
2025-04-21,2025-04-25,4,18.5,10.1242
2025-04-21,2025-05-02,11,18.5,15.5238
2025-04-21,2025-05-09,18,18.5,20.1134
2025-04-21,2025-05-16,25,18.5,22.1382
2025-04-21,2025-05-23,32,19.0,25.378
2025-04-21,2025-05-30,39,19.0,28.4827
2025-04-21,2025-06-20,60,19.0,33.2073
2025-04-21,2025-07-18,88,19.0,38.067
2025-04-21,2025-10-17,179,19.0,50.216
2025-04-21,2025-12-19,242,19.0,55.3456
2025-04-21,2026-01-16,270,19.0,57.7754
2025-04-21,2027-01-15,634,18.0,76.1339
2025-04-22,2025-04-25,3,19.0,7.556
2025-04-22,2025-05-02,10,19.0,11.9854
2025-04-22,2025-05-09,17,19.0,17.3267
2025-04-22,2025-05-16,24,19.0,20.5836
2025-04-22,2025-05-23,31,19.0,21.3653
2025-04-22,2025-05-30,38,19.0,23.8405
2025-04-22,2025-06-20,59,19.0,30.4846
2025-04-22,2025-07-18,87,19.0,35.4351
2025-04-22,2025-10-17,178,19.0,47.6811
2025-04-22,2025-12-19,241,19.0,51.1985
2025-04-22,2026-01-16,269,19.0,55.4977
2025-04-22,2027-01-15,633,20.0,80.2501
2025-04-23,2025-04-25,2,20.5,6.8226
2025-04-23,2025-05-02,9,20.5,11.2086
2025-04-23,2025-05-09,16,20.5,16.2037
2025-04-23,2025-05-16,23,20.5,19.615
2025-04-23,2025-05-23,30,21.0,21.808
2025-04-23,2025-05-30,37,21.0,23.6355
2025-04-23,2025-06-20,58,21.0,29.3616
2025-04-23,2025-07-18,86,21.0,37.2807
2025-04-23,2025-10-17,177,21.0,48.2456
2025-04-23,2025-12-19,240,21.0,53.8499
2025-04-23,2026-01-16,268,21.0,55.5556
2025-04-23,2027-01-15,632,20.0,73.0994
2025-04-24,2025-04-25,1,23.0,4.5553
2025-04-24,2025-05-02,8,23.0,11.6052
2025-04-24,2025-05-09,15,23.0,12.9067
2025-04-24,2025-05-16,22,23.0,18.0043
2025-04-24,2025-05-23,29,23.0,19.6312
2025-04-24,2025-05-30,36,23.0,21.4751
2025-04-24,2025-06-06,43,23.0,23.5358
2025-04-24,2025-06-20,57,23.0,27.2234
2025-04-24,2025-07-18,85,22.5,31.6703
2025-04-24,2025-10-17,176,22.5,44.6855
2025-04-24,2025-12-19,239,22.5,52.2777
2025-04-24,2026-01-16,267,23.0,54.2299
2025-04-24,2027-01-15,631,23.0,79.1757
2025-04-25,2025-05-02,7,23.0,9.7077
2025-04-25,2025-05-09,14,23.0,13.6344
2025-04-25,2025-05-16,21,23.0,16.9066
2025-04-25,2025-05-23,28,23.0,19.9607
2025-04-25,2025-05-30,35,23.0,21.815
2025-04-25,2025-06-06,42,23.0,23.5602
2025-04-25,2025-06-20,56,23.0,26.3962
2025-04-25,2025-07-18,84,22.5,32.0681
2025-04-25,2025-10-17,175,22.5,46.0297
2025-04-25,2025-12-19,238,22.5,50.6108
2025-04-25,2026-01-16,266,23.0,52.356
2025-04-25,2027-01-15,630,23.0,78.0977
2025-04-28,2025-05-02,4,24.0,8.0679
2025-04-28,2025-05-09,11,24.0,12.0495
2025-04-28,2025-05-16,18,24.0,16.2406
2025-04-28,2025-05-23,25,24.0,18.5457
2025-04-28,2025-05-30,32,24.0,20.5365
2025-04-28,2025-06-06,39,24.0,22.5272
2025-04-28,2025-06-20,53,24.0,26.1945
2025-04-28,2025-07-18,81,24.0,32.5859
2025-04-28,2025-10-17,172,24.0,43.1685
2025-04-28,2025-12-19,235,24.0,50.0838
2025-04-28,2026-01-16,263,24.0,54.9036
2025-04-28,2027-01-15,627,23.0,74.3923
2025-04-29,2025-05-02,3,23.5,6.9832
2025-04-29,2025-05-09,10,23.5,11.4955
2025-04-29,2025-05-16,17,23.5,15.9003
2025-04-29,2025-05-23,24,23.0,19.2308
2025-04-29,2025-05-30,31,23.0,20.1977
2025-04-29,2025-06-06,38,23.0,22.991
2025-04-29,2025-06-20,52,23.0,25.3545
2025-04-29,2025-07-18,80,24.0,32.1229
2025-04-29,2025-10-17,171,24.0,47.2712
2025-04-29,2025-12-19,234,24.0,50.7091
2025-04-29,2026-01-16,262,23.0,52.8578
2025-04-29,2027-01-15,626,23.0,74.9893
2025-04-30,2025-05-02,2,22.5,5.7143
2025-04-30,2025-05-09,9,22.5,12.1978
2025-04-30,2025-05-16,16,22.5,15.6044
2025-04-30,2025-05-23,23,23.0,18.1319
2025-04-30,2025-05-30,30,23.0,21.4286
2025-04-30,2025-06-06,37,23.0,22.967
2025-04-30,2025-06-20,51,23.0,25.3846
2025-04-30,2025-07-18,79,22.5,31.4286
2025-04-30,2025-10-17,170,22.5,45.2747
2025-04-30,2025-12-19,233,22.5,50.3297
2025-04-30,2026-01-16,261,23.0,54.2857
2025-04-30,2027-01-15,625,23.0,75.3846
2025-05-01,2025-05-02,1,23.5,2.8772
2025-05-01,2025-05-09,8,23.5,10.763
2025-05-01,2025-05-16,15,23.5,14.5993
2025-05-01,2025-05-23,22,23.0,17.37
2025-05-01,2025-05-30,29,23.0,20.5669
2025-05-01,2025-06-06,36,23.0,21.6326
2025-05-01,2025-06-13,43,23.0,23.231
2025-05-01,2025-06-20,50,23.0,25.0426
2025-05-01,2025-07-18,78,24.0,31.7562
2025-05-01,2025-10-17,169,24.0,44.3308
2025-05-01,2025-12-19,232,24.0,50.0853
2025-05-01,2026-01-16,260,23.0,50.7246
2025-05-01,2027-01-15,624,23.0,73.9557
2025-05-02,2025-05-09,7,24.0,8.4746
2025-05-02,2025-05-16,14,24.0,13.8487
2025-05-02,2025-05-23,21,24.0,16.019
2025-05-02,2025-05-30,28,24.0,18.396
2025-05-02,2025-06-06,35,24.0,20.9797
2025-05-02,2025-06-13,42,24.0,22.84
2025-05-02,2025-06-20,49,24.0,24.1835
2025-05-02,2025-07-18,77,24.0,29.9711
2025-05-02,2025-10-17,168,24.0,43.1997
2025-05-02,2025-12-19,231,24.0,48.1604
2025-05-02,2026-01-16,259,24.0,51.8809
2025-05-02,2027-01-15,623,25.0,73.9975
2025-05-05,2025-05-09,4,23.5,7.5985
2025-05-05,2025-05-16,11,23.5,13.4846
2025-05-05,2025-05-23,18,23.5,16.1601
2025-05-05,2025-05-30,25,23.0,18.5146
2025-05-05,2025-06-06,32,23.0,20.5479
2025-05-05,2025-06-13,39,23.0,22.4743
2025-05-05,2025-06-20,46,23.0,23.5445
2025-05-05,2025-07-18,74,24.0,30.6079
2025-05-05,2025-10-17,165,24.0,45.3767
2025-05-05,2025-12-19,228,24.0,50.9418
2025-05-05,2026-01-16,256,23.0,53.5103
2025-05-05,2027-01-15,620,23.0,72.988
2025-05-06,2025-05-09,3,25.0,6.9666
2025-05-06,2025-05-16,10,25.0,13.1369
2025-05-06,2025-05-23,17,25.0,15.625
2025-05-06,2025-05-30,24,25.0,16.9188
2025-05-06,2025-06-06,31,25.0,20.203
2025-05-06,2025-06-13,38,25.0,21.8949
2025-05-06,2025-06-20,45,25.0,23.5868
2025-05-06,2025-07-18,73,25.0,29.9562
2025-05-06,2025-10-17,164,25.0,44.785
2025-05-06,2025-12-19,227,25.0,48.965
2025-05-06,2026-01-16,255,25.0,50.7564
2025-05-06,2027-01-15,619,25.0,73.2484
2025-05-07,2025-05-09,2,23.5,7.0153
2025-05-07,2025-05-16,9,23.5,12.9677
2025-05-07,2025-05-23,16,23.5,16.0502
2025-05-07,2025-05-30,23,24.0,18.2823
2025-05-07,2025-06-06,30,24.0,20.1956
2025-05-07,2025-06-13,37,24.0,21.8963
2025-05-07,2025-06-20,44,24.0,24.5536
2025-05-07,2025-07-18,72,24.0,29.3367
2025-05-07,2025-10-17,163,24.0,44.4303
2025-05-07,2025-12-19,226,24.0,51.4456
2025-05-07,2026-01-16,254,24.0,53.3588
2025-05-07,2027-01-15,618,23.0,72.2789
2025-05-08,2025-05-09,1,23.5,5.0064
2025-05-08,2025-05-16,8,23.5,13.2084
2025-05-08,2025-05-23,15,23.5,15.6583
2025-05-08,2025-05-30,22,23.0,17.8952
2025-05-08,2025-06-06,29,23.0,19.706
2025-05-08,2025-06-13,36,23.0,22.1559
2025-05-08,2025-06-20,43,23.0,23.2211
2025-05-08,2025-06-27,50,23.0,26.5232
2025-05-08,2025-07-18,71,24.0,29.1862
2025-05-08,2025-10-17,162,24.0,44.3119
2025-05-08,2025-12-19,225,24.0,50.703
2025-05-08,2026-01-16,253,23.0,52.8334
2025-05-08,2027-01-15,617,23.0,74.1372
2025-05-09,2025-05-16,7,24.0,12.1571
2025-05-09,2025-05-23,14,24.0,15.3782
2025-05-09,2025-05-30,21,24.0,18.4954
2025-05-09,2025-06-06,28,24.0,19.1189
2025-05-09,2025-06-13,35,24.0,22.2361
2025-05-09,2025-06-20,42,24.0,23.6908
2025-05-09,2025-06-27,49,24.0,25.5611
2025-05-09,2025-07-18,70,24.0,29.6135
2025-05-09,2025-10-17,161,24.0,44.0565
2025-05-09,2025-12-19,224,24.0,50.7066
2025-05-09,2026-01-16,252,24.0,50.7066
2025-05-09,2027-01-15,616,25.0,75.0208
2025-05-12,2025-05-16,4,25.0,9.6345
2025-05-12,2025-05-23,11,25.0,12.7135
2025-05-12,2025-05-30,18,25.0,16.1899
2025-05-12,2025-06-06,25,25.0,20.2622
2025-05-12,2025-06-13,32,25.0,20.4609
2025-05-12,2025-06-20,39,25.0,22.1494
2025-05-12,2025-06-27,46,25.0,24.0366
2025-05-12,2025-07-18,67,25.0,27.5129
2025-05-12,2025-10-17,158,25.0,40.9217
2025-05-12,2025-12-19,221,25.0,47.0799
2025-05-12,2026-01-16,249,25.0,50.0596
2025-05-12,2027-01-15,613,25.0,72.3083
2025-05-13,2025-05-16,3,27.5,8.5102
2025-05-13,2025-05-23,10,27.5,12.7196
2025-05-13,2025-05-30,17,27.5,15.4649
2025-05-13,2025-06-06,24,27.0,16.929
2025-05-13,2025-06-13,31,27.0,19.1252
2025-05-13,2025-06-20,38,27.0,20.5893
2025-05-13,2025-06-27,45,27.0,23.6091
2025-05-13,2025-07-18,66,27.0,27.4524
2025-05-13,2025-10-17,157,27.0,40.8126
2025-05-13,2025-12-19,220,27.0,47.0351
2025-05-13,2026-01-16,248,27.0,49.5974
2025-05-13,2027-01-15,612,27.0,71.5593
2025-05-14,2025-05-16,2,26.5,7.2696
2025-05-14,2025-05-23,9,26.5,12.9343
2025-05-14,2025-05-30,16,26.5,14.5393
2025-05-14,2025-06-06,23,26.0,17.3716
2025-05-14,2025-06-13,30,26.0,19.6375
2025-05-14,2025-06-20,37,26.0,21.5257
2025-05-14,2025-06-27,44,26.0,23.7915
2025-05-14,2025-07-18,65,26.0,27.7568
2025-05-14,2025-10-17,156,26.0,41.1631
2025-05-14,2025-12-19,219,26.0,47.2054
2025-05-14,2026-01-16,247,27.0,51.7372
2025-05-14,2027-01-15,611,27.0,73.074
2025-05-15,2025-05-16,1,26.0,5.7537
2025-05-15,2025-05-23,8,26.0,10.5485
2025-05-15,2025-05-30,15,26.0,13.9049
2025-05-15,2025-06-06,22,26.0,17.5489
2025-05-15,2025-06-13,29,26.0,19.6586
2025-05-15,2025-06-20,36,26.0,20.8094
2025-05-15,2025-06-27,43,26.0,22.6314
2025-05-15,2025-07-18,64,26.0,27.5221
2025-05-15,2025-10-17,155,26.0,41.0433
2025-05-15,2025-12-19,218,26.0,48.3314
2025-05-15,2026-01-16,246,26.0,50.6329
2025-05-15,2027-01-15,610,27.0,73.0725
2025-05-16,2025-05-23,7,27.5,10.0917
2025-05-16,2025-05-30,14,27.5,12.3853
2025-05-16,2025-06-06,21,27.0,15.4128
2025-05-16,2025-06-13,28,27.0,18.2569
2025-05-16,2025-06-20,35,27.0,19.4495
2025-05-16,2025-06-27,42,27.0,21.6514
2025-05-16,2025-07-18,63,27.0,25.2294
2025-05-16,2025-10-17,154,27.0,40.5505
2025-05-16,2025-12-19,217,27.0,47.3394
2025-05-16,2026-01-16,245,27.0,48.6239
2025-05-16,2027-01-15,609,27.0,71.3761
2025-05-19,2025-05-23,4,27.0,8.0104
2025-05-19,2025-05-30,11,27.0,13.0402
2025-05-19,2025-06-06,18,27.0,15.5551
2025-05-19,2025-06-13,25,27.0,18.1632
2025-05-19,2025-06-20,32,27.0,19.4672
2025-05-19,2025-06-27,39,27.0,21.9821
2025-05-19,2025-07-18,60,27.0,26.5462
2025-05-19,2025-10-17,151,27.0,40.7973
2025-05-19,2025-12-19,214,27.0,47.3174
2025-05-19,2026-01-16,242,27.0,51.2295
2025-05-19,2027-01-15,606,27.0,69.6721
2025-05-20,2025-05-23,3,26.0,6.6577
2025-05-20,2025-05-30,10,26.0,10.9031
2025-05-20,2025-06-06,17,26.0,14.4732
2025-05-20,2025-06-13,24,26.0,17.7538
2025-05-20,2025-06-20,31,26.0,18.6222
2025-05-20,2025-06-27,38,26.0,21.1308
2025-05-20,2025-07-18,59,26.0,25.4728
2025-05-20,2025-10-17,150,26.0,40.7179
2025-05-20,2025-12-19,213,26.0,47.279
2025-05-20,2026-01-16,241,26.0,51.9105
2025-05-20,2027-01-15,605,25.0,71.0151
2025-05-21,2025-05-23,2,25.5,5.2529
2025-05-21,2025-05-30,9,25.5,10.1167
2025-05-21,2025-06-06,16,25.5,13.6187
2025-05-21,2025-06-13,23,26.0,16.9261
2025-05-21,2025-06-20,30,25.5,18.1907
2025-05-21,2025-06-27,37,26.0,20.1362
2025-05-21,2025-07-18,58,26.0,25.7782
2025-05-21,2025-10-17,149,26.0,40.6615
2025-05-21,2025-12-19,212,26.0,46.1089
2025-05-21,2026-01-16,240,26.0,50.1946
2025-05-21,2027-01-15,604,25.0,71.9844
2025-05-22,2025-05-23,1,27.5,4.4432
2025-05-22,2025-05-30,8,27.5,9.3399
2025-05-22,2025-06-06,15,27.5,13.4204
2025-05-22,2025-06-13,22,28.0,17.6823
2025-05-22,2025-06-20,29,27.5,19.3145
2025-05-22,2025-06-27,36,28.0,21.7628
2025-05-22,2025-07-03,42,28.0,21.7628
2025-05-22,2025-07-18,57,28.0,27.0221
2025-05-22,2025-10-17,148,28.0,41.3493
2025-05-22,2025-12-19,211,28.0,47.1527
2025-05-22,2026-01-16,239,28.0,50.9612
2025-05-22,2027-01-15,603,27.0,71.0918
2025-05-23,2025-05-30,7,36.0,15.9649
2025-05-23,2025-06-06,14,36.0,21.333
2025-05-23,2025-06-13,21,36.0,24.4004
2025-05-23,2025-06-20,28,36.0,27.1891
2025-05-23,2025-06-27,35,36.0,29.9777
2025-05-23,2025-07-03,41,36.0,30.9537
2025-05-23,2025-07-18,56,36.0,33.8818
2025-05-23,2025-10-17,147,36.0,47.6854
2025-05-23,2025-12-19,210,36.0,55.2147
2025-05-23,2026-01-16,238,35.0,55.3542
2025-05-23,2027-01-15,602,35.0,75.5717
2025-05-27,2025-05-30,3,35.0,8.5268
2025-05-27,2025-06-06,10,35.0,14.689
2025-05-27,2025-06-13,17,35.0,18.4867
2025-05-27,2025-06-20,24,35.0,21.2095
2025-05-27,2025-06-27,31,35.0,23.9324
2025-05-27,2025-07-03,37,35.0,25.0788
2025-05-27,2025-07-18,52,35.0,29.0914
2025-05-27,2025-10-17,143,35.0,44.282
2025-05-27,2025-12-19,206,35.0,51.3041
2025-05-27,2026-01-16,234,35.0,53.7403
2025-05-27,2027-01-15,598,35.0,74.2333
2025-05-28,2025-05-30,2,32.0,6.0269
2025-05-28,2025-06-06,9,32.0,11.7408
2025-05-28,2025-06-13,16,32.0,15.8892
2025-05-28,2025-06-20,23,32.0,18.2373
2025-05-28,2025-06-27,30,32.0,19.8028
2025-05-28,2025-07-03,36,32.0,22.464
2025-05-28,2025-07-18,51,32.0,26.6124
2025-05-28,2025-10-17,142,32.0,43.0495
2025-05-28,2025-12-19,205,32.0,50.0939
2025-05-28,2026-01-16,233,32.0,52.4421
2025-05-28,2027-01-15,597,32.0,74.5147
2025-05-29,2025-05-30,1,31.0,4.7367
2025-05-29,2025-06-06,8,31.0,10.6776
2025-05-29,2025-06-13,15,31.0,14.9326
2025-05-29,2025-06-20,22,31.0,17.4213
2025-05-29,2025-06-27,29,31.0,20.0706
2025-05-29,2025-07-03,35,31.0,22.0777
2025-05-29,2025-07-11,43,31.0,23.9242
2025-05-29,2025-07-18,50,31.0,25.5299
2025-05-29,2025-10-17,141,31.0,42.7103
2025-05-29,2025-12-19,204,31.0,50.0963
2025-05-29,2026-01-16,232,31.0,52.1837
2025-05-29,2027-01-15,596,32.0,74.1811
2025-05-30,2025-06-06,7,30.0,9.7079
2025-05-30,2025-06-13,14,30.0,13.6907
2025-05-30,2025-06-20,21,30.0,16.5118
2025-05-30,2025-06-27,28,30.0,19.001
2025-05-30,2025-07-03,34,30.0,20.9094
2025-05-30,2025-07-11,42,30.0,23.7305
2025-05-30,2025-07-18,49,30.0,25.224
2025-05-30,2025-10-17,140,30.0,42.3166
2025-05-30,2025-12-19,203,30.0,49.2864
2025-05-30,2026-01-16,231,30.0,53.6011
2025-05-30,2027-01-15,595,30.0,74.5105
2025-06-02,2025-06-06,4,31.0,9.0527
2025-06-02,2025-06-13,11,31.0,13.4174
2025-06-02,2025-06-20,18,31.0,16.3272
2025-06-02,2025-06-27,25,31.0,18.9137
2025-06-02,2025-07-03,31,31.0,20.9344
2025-06-02,2025-07-11,39,31.0,23.1167
2025-06-02,2025-07-18,46,31.0,25.0566
2025-06-02,2025-10-17,137,31.0,42.3537
2025-06-02,2025-12-19,200,31.0,50.1132
2025-06-02,2026-01-16,228,31.0,52.538
2025-06-02,2027-01-15,592,30.0,71.775
2025-06-03,2025-06-06,3,29.0,7.2824
2025-06-03,2025-06-13,10,29.0,12.4229
2025-06-03,2025-06-20,17,29.0,16.2783
2025-06-03,2025-06-27,24,29.0,18.1631
2025-06-03,2025-07-03,30,29.0,20.305
2025-06-03,2025-07-11,38,29.0,23.5607
2025-06-03,2025-07-18,45,29.0,25.1885
2025-06-03,2025-10-17,136,29.0,43.1803
2025-06-03,2025-12-19,199,29.0,50.891
2025-06-03,2026-01-16,227,29.0,53.2899
2025-06-03,2027-01-15,591,30.0,75.2228
2025-06-04,2025-06-06,2,29.5,6.1593
2025-06-04,2025-06-13,9,30.0,11.728
2025-06-04,2025-06-20,16,29.5,15.0186
2025-06-04,2025-06-27,23,30.0,18.5623
2025-06-04,2025-07-03,29,30.0,21.0935
2025-06-04,2025-07-11,37,30.0,24.1309
2025-06-04,2025-07-18,44,30.0,26.4934
2025-06-04,2025-10-17,135,30.0,45.7307
2025-06-04,2025-12-19,198,30.0,55.1806
2025-06-04,2026-01-16,226,30.0,56.3618
2025-06-04,2027-01-15,590,30.0,76.1053
2025-06-05,2025-06-06,1,28.5,4.3088
2025-06-05,2025-06-13,8,28.0,10.7281
2025-06-05,2025-06-20,15,28.5,14.0696
2025-06-05,2025-06-27,22,28.0,17.4112
2025-06-05,2025-07-03,28,28.0,19.7854
2025-06-05,2025-07-11,36,28.0,22.8632
2025-06-05,2025-07-18,43,28.0,25.6771
2025-06-05,2025-07-25,50,28.0,28.491
2025-06-05,2025-10-17,134,28.0,44.847
2025-06-05,2025-12-19,197,28.0,52.0577
2025-06-05,2026-01-16,225,28.0,55.0475
2025-06-05,2027-01-15,589,27.0,74.5691
2025-06-06,2025-06-13,7,31.0,9.6986
2025-06-06,2025-06-20,14,31.0,13.546
2025-06-06,2025-06-27,21,31.0,16.8323
2025-06-06,2025-07-03,27,31.0,19.3972
2025-06-06,2025-07-11,35,31.0,22.2828
2025-06-06,2025-07-18,42,31.0,25.1683
2025-06-06,2025-07-25,49,31.0,27.2523
2025-06-06,2025-10-17,133,31.0,43.9243
2025-06-06,2025-12-19,196,31.0,51.9397
2025-06-06,2026-01-16,224,31.0,54.184
2025-06-06,2027-01-15,588,32.0,76.3065
2025-06-09,2025-06-13,4,31.0,7.8652
2025-06-09,2025-06-20,11,31.0,11.878
2025-06-09,2025-06-27,18,31.0,16.2921
2025-06-09,2025-07-03,24,31.0,18.138
2025-06-09,2025-07-11,32,31.0,22.0706
2025-06-09,2025-07-18,39,31.0,23.756
2025-06-09,2025-07-25,46,31.0,26.1637
2025-06-09,2025-10-17,130,31.0,43.4992
2025-06-09,2025-12-19,193,31.0,51.2039
2025-06-09,2026-01-16,221,31.0,54.2536
2025-06-09,2027-01-15,585,32.0,77.3676
2025-06-10,2025-06-13,3,30.5,6.9604
2025-06-10,2025-06-20,10,30.5,11.4641
2025-06-10,2025-06-27,17,30.5,15.2309
2025-06-10,2025-07-03,23,31.0,18.097
2025-06-10,2025-07-11,31,31.0,21.2086
2025-06-10,2025-07-18,38,31.0,23.3377
2025-06-10,2025-07-25,45,31.0,27.1864
2025-06-10,2025-10-17,129,31.0,43.7275
2025-06-10,2025-12-19,192,31.0,52.0799
2025-06-10,2026-01-16,220,31.0,54.5365
2025-06-10,2027-01-15,584,30.0,74.8444
2025-06-11,2025-06-13,2,34.0,6.5693
2025-06-11,2025-06-20,9,34.0,11.7518
2025-06-11,2025-06-27,16,34.0,15.3285
2025-06-11,2025-07-03,22,34.0,18.2482
2025-06-11,2025-07-11,30,34.0,21.0949
2025-06-11,2025-07-18,37,34.0,23.3577
2025-06-11,2025-07-25,44,34.0,26.4234
2025-06-11,2025-08-15,65,34.0,31.5328
2025-06-11,2025-10-17,128,34.0,42.6277
2025-06-11,2025-12-19,191,34.0,50.8029
2025-06-11,2026-01-16,219,34.0,53.2847
2025-06-11,2027-01-15,583,35.0,76.7883
2025-06-12,2025-06-13,1,32.5,5.1099
2025-06-12,2025-06-20,8,32.5,11.0715
2025-06-12,2025-06-27,15,32.5,15.5621
2025-06-12,2025-07-03,21,32.0,17.6525
2025-06-12,2025-07-11,29,32.0,19.2784
2025-06-12,2025-07-18,36,32.0,24.4658
2025-06-12,2025-07-25,43,32.0,25.3949
2025-06-12,2025-08-01,50,32.0,27.253
2025-06-12,2025-08-15,64,32.0,31.4339
2025-06-12,2025-10-17,127,32.0,42.7377
2025-06-12,2025-12-19,190,32.0,51.8736
2025-06-12,2026-01-16,218,32.0,54.0415
2025-06-12,2027-01-15,582,32.0,75.1006
2025-06-13,2025-06-20,7,30.5,10.0
2025-06-13,2025-06-27,14,30.5,14.3443
2025-06-13,2025-07-03,20,30.0,17.541
2025-06-13,2025-07-11,28,30.0,20.5738
2025-06-13,2025-07-18,35,30.0,23.4426
2025-06-13,2025-07-25,42,31.0,25.4918
2025-06-13,2025-08-01,49,31.0,28.0328
2025-06-13,2025-08-15,63,31.0,31.9672
2025-06-13,2025-10-17,126,31.0,43.7705
2025-06-13,2025-12-19,189,31.0,52.2951
2025-06-13,2026-01-16,217,30.0,53.7705
2025-06-13,2027-01-15,581,30.0,77.0492
2025-06-16,2025-06-20,4,34.5,10.1112
2025-06-16,2025-06-27,11,34.5,15.0946
2025-06-16,2025-07-03,17,34.5,18.4169
2025-06-16,2025-07-11,25,35.0,21.5225
2025-06-16,2025-07-18,32,35.0,24.2669
2025-06-16,2025-07-25,39,35.0,26.867
2025-06-16,2025-08-01,46,35.0,30.3337
2025-06-16,2025-08-15,60,35.0,32.9337
2025-06-16,2025-10-17,123,35.0,45.2116
2025-06-16,2025-12-19,186,35.0,52.7228
2025-06-16,2026-01-16,214,35.0,55.7562
2025-06-16,2027-01-15,578,35.0,77.8564
2025-06-17,2025-06-20,3,33.5,7.7635
2025-06-17,2025-06-27,10,33.5,14.258
2025-06-17,2025-07-03,16,33.5,16.7214
2025-06-17,2025-07-11,24,33.0,20.6032
2025-06-17,2025-07-18,31,33.0,23.2905
2025-06-17,2025-07-25,38,33.0,24.7835
2025-06-17,2025-08-01,45,33.0,28.6653
2025-06-17,2025-08-15,59,33.0,31.9498
2025-06-17,2025-10-17,122,33.0,44.1923
2025-06-17,2025-12-19,185,33.0,52.1051
2025-06-17,2026-01-16,213,33.0,55.0911
2025-06-17,2027-01-15,577,32.0,74.7984
2025-06-18,2025-06-20,2,38.0,4.6747
2025-06-18,2025-06-27,9,38.0,13.1024
2025-06-18,2025-07-03,15,38.0,15.6044
2025-06-18,2025-07-11,23,38.0,19.094
2025-06-18,2025-07-18,30,38.0,22.2544
2025-06-18,2025-07-25,37,38.0,24.493
2025-06-18,2025-08-01,44,38.0,26.0732
2025-06-18,2025-08-15,58,38.0,30.6821
2025-06-18,2025-10-17,121,38.0,42.9286
2025-06-18,2025-12-19,184,38.0,53.1999
2025-06-18,2026-01-16,212,38.0,54.5167
2025-06-18,2027-01-15,576,37.0,77.0345
2025-06-20,2025-06-27,7,37.5,11.123
2025-06-20,2025-07-03,13,37.0,14.4733
2025-06-20,2025-07-11,21,37.0,18.2257
2025-06-20,2025-07-18,28,37.0,20.6379
2025-06-20,2025-07-25,35,37.0,23.5862
2025-06-20,2025-08-01,42,37.0,26.1324
2025-06-20,2025-08-15,56,37.0,29.8847
2025-06-20,2025-10-17,119,37.0,42.6159
2025-06-20,2025-12-19,182,37.0,50.9247
2025-06-20,2026-01-16,210,37.0,53.4709
2025-06-20,2027-01-15,574,37.0,75.0469
2025-06-23,2025-06-27,4,35.5,9.3425
2025-06-23,2025-07-03,10,35.5,13.206
2025-06-23,2025-07-11,18,35.5,17.9826
2025-06-23,2025-07-18,25,35.5,20.2304
2025-06-23,2025-07-25,32,36.0,24.0236
2025-06-23,2025-08-01,39,36.0,26.6929
2025-06-23,2025-08-15,53,36.0,30.4861
2025-06-23,2025-10-17,116,36.0,43.2706
2025-06-23,2025-12-19,179,36.0,51.2784
2025-06-23,2026-01-16,207,36.0,53.9477
2025-06-23,2027-01-15,571,35.0,75.1616
2025-06-24,2025-06-27,3,39.5,7.7848
2025-06-24,2025-07-03,9,39.5,11.4557
2025-06-24,2025-07-11,17,39.0,15.1266
2025-06-24,2025-07-18,24,39.0,18.1013
2025-06-24,2025-07-25,31,39.0,20.7595
2025-06-24,2025-08-01,38,39.0,23.1646
2025-06-24,2025-08-15,52,39.0,27.4684
2025-06-24,2025-10-17,115,39.0,40.2532
2025-06-24,2025-12-19,178,39.0,49.2405
2025-06-24,2026-01-16,206,39.0,51.8987
2025-06-24,2027-01-15,570,40.0,76.0759
2025-06-25,2025-06-27,2,35.5,6.0275
2025-06-25,2025-07-03,8,35.5,11.1438
2025-06-25,2025-07-11,16,35.5,14.9285
2025-06-25,2025-07-18,23,35.5,17.8021
2025-06-25,2025-07-25,30,36.0,20.956
2025-06-25,2025-08-01,37,36.0,23.9697
2025-06-25,2025-08-15,51,36.0,27.6142
2025-06-25,2025-10-17,114,36.0,40.5102
2025-06-25,2025-12-19,177,36.0,48.6403
2025-06-25,2026-01-16,205,36.0,52.1447
2025-06-25,2027-01-15,569,35.0,75.4135
2025-06-26,2025-06-27,1,35.5,4.1363
2025-06-26,2025-07-03,7,35.5,9.7448
2025-06-26,2025-07-11,15,35.5,14.0213
2025-06-26,2025-07-18,22,35.5,17.0359
2025-06-26,2025-07-25,29,36.0,19.9804
2025-06-26,2025-08-01,36,36.0,22.2939
2025-06-26,2025-08-08,43,36.0,25.0981
2025-06-26,2025-08-15,50,36.0,26.9209
2025-06-26,2025-10-17,113,36.0,39.5401
2025-06-26,2025-12-19,176,36.0,50.1963
2025-06-26,2026-01-16,204,36.0,51.8789
2025-06-26,2027-01-15,568,35.0,76.1357
2025-06-27,2025-07-03,6,34.5,8.6082
2025-06-27,2025-07-11,14,34.5,13.1655
2025-06-27,2025-07-18,21,34.5,16.4931
2025-06-27,2025-07-25,28,35.0,19.4589
2025-06-27,2025-08-01,35,35.0,22.1354
2025-06-27,2025-08-08,42,35.0,24.5949
2025-06-27,2025-08-15,49,35.0,26.6204
2025-06-27,2025-10-17,112,35.0,40.0752
2025-06-27,2025-12-19,175,35.0,48.7558
2025-06-27,2026-01-16,203,35.0,52.662
2025-06-27,2027-01-15,567,35.0,76.2442
2025-06-30,2025-07-03,3,34.5,5.8713
2025-06-30,2025-07-11,11,34.5,11.3076
2025-06-30,2025-07-18,18,34.5,15.0768
2025-06-30,2025-07-25,25,34.0,17.6138
2025-06-30,2025-08-01,32,34.0,20.2957
2025-06-30,2025-08-08,39,34.0,22.6152
2025-06-30,2025-08-15,46,34.0,24.9348
2025-06-30,2025-10-17,109,34.0,37.6921
2025-06-30,2025-12-19,172,34.0,46.3903
2025-06-30,2026-01-16,200,34.0,49.1447
2025-06-30,2027-01-15,564,35.0,75.8191
2025-07-01,2025-07-03,2,32.5,5.0031
2025-07-01,2025-07-11,10,32.5,10.8528
2025-07-01,2025-07-18,17,32.5,14.5474
2025-07-01,2025-07-25,24,32.0,15.4711
2025-07-01,2025-08-01,31,32.0,19.7044
2025-07-01,2025-08-08,38,32.0,22.0135
2025-07-01,2025-08-15,45,32.0,24.4766
2025-07-01,2025-10-17,108,32.0,37.4076
2025-07-01,2025-12-19,171,32.0,46.1823
2025-07-01,2026-01-16,199,32.0,49.2611
2025-07-01,2027-01-15,563,32.0,76.0468
2025-07-02,2025-07-03,1,33.0,3.2625
2025-07-02,2025-07-11,9,33.0,10.2428
2025-07-02,2025-07-18,16,33.0,14.0364
2025-07-02,2025-07-25,23,33.0,17.4507
2025-07-02,2025-08-01,30,33.0,19.8027
2025-07-02,2025-08-08,37,33.0,21.6995
2025-07-02,2025-08-15,44,33.0,24.8862
2025-07-02,2025-10-17,107,33.0,37.9363
2025-07-02,2025-12-19,170,33.0,47.1927
2025-07-02,2026-01-16,198,33.0,49.9241
2025-07-02,2027-01-15,562,32.0,73.7481
2025-07-03,2025-07-11,8,33.5,9.1491
2025-07-03,2025-07-18,15,33.5,13.2401
2025-07-03,2025-07-25,22,34.0,16.8849
2025-07-03,2025-08-01,29,34.0,19.3395
2025-07-03,2025-08-08,36,34.0,22.0916
2025-07-03,2025-08-15,43,34.0,24.2487
2025-07-03,2025-08-22,50,34.0,26.4802
2025-07-03,2025-10-17,106,34.0,37.1913
2025-07-03,2025-12-19,169,34.0,46.7123
2025-07-03,2026-01-16,197,34.0,49.3901
2025-07-03,2027-01-15,561,35.0,77.3579
2025-07-07,2025-07-11,4,34.0,7.9086
2025-07-07,2025-07-18,11,34.0,12.3023
2025-07-07,2025-07-25,18,34.0,16.3298
2025-07-07,2025-08-01,25,34.0,18.6731
2025-07-07,2025-08-08,32,34.0,20.7967
2025-07-07,2025-08-15,39,34.0,23.4329
2025-07-07,2025-08-22,46,34.0,25.9227
2025-07-07,2025-10-17,102,34.0,36.9069
2025-07-07,2025-12-19,165,34.0,46.1336
2025-07-07,2026-01-16,193,34.0,49.5021
2025-07-07,2027-01-15,557,35.0,75.5712
2025-07-08,2025-07-11,3,33.5,6.5985
2025-07-08,2025-07-18,10,33.5,11.1951
2025-07-08,2025-07-25,17,34.0,15.0504
2025-07-08,2025-08-01,24,34.0,17.8677
2025-07-08,2025-08-08,31,34.0,20.1661
2025-07-08,2025-08-15,38,34.0,22.8351
2025-07-08,2025-08-22,45,34.0,25.0593
2025-07-08,2025-10-17,101,34.0,36.6251
2025-07-08,2025-12-19,164,34.0,45.6702
2025-07-08,2026-01-16,192,34.0,49.2289
2025-07-08,2027-01-15,556,35.0,77.1056
2025-07-09,2025-07-11,2,34.5,5.1978
2025-07-09,2025-07-18,9,34.5,10.179
2025-07-09,2025-07-25,16,34.5,14.0774
2025-07-09,2025-08-01,23,35.0,16.7485
2025-07-09,2025-08-08,30,35.0,19.0586
2025-07-09,2025-08-15,37,35.0,22.0907
2025-07-09,2025-08-22,44,35.0,23.9677
2025-07-09,2025-10-17,100,35.0,35.6627
2025-07-09,2025-12-19,163,35.0,44.7589
2025-07-09,2026-01-16,191,35.0,48.3685
2025-07-09,2027-01-15,555,35.0,75.0794
2025-07-10,2025-07-11,1,35.0,3.4266
2025-07-10,2025-07-18,8,35.0,9.4946
2025-07-10,2025-07-25,15,35.0,12.8498
2025-07-10,2025-08-01,22,35.0,16.4192
2025-07-10,2025-08-08,29,35.0,18.5608
2025-07-10,2025-08-15,36,35.0,21.1308
2025-07-10,2025-08-22,43,35.0,23.7007
2025-07-10,2025-08-29,50,35.0,25.2713
2025-07-10,2025-10-17,99,35.0,34.8372
2025-07-10,2025-12-19,162,35.0,44.4032
2025-07-10,2026-01-16,190,35.0,47.8298
2025-07-10,2027-01-15,554,35.0,73.815
2025-07-11,2025-07-18,7,34.0,8.3285
2025-07-11,2025-07-25,14,34.0,11.9082
2025-07-11,2025-08-01,21,34.0,15.1227
2025-07-11,2025-08-08,28,34.0,17.8989
2025-07-11,2025-08-15,35,34.0,20.3098
2025-07-11,2025-08-22,42,34.0,22.9398
2025-07-11,2025-08-29,49,34.0,25.2776
2025-07-11,2025-10-17,98,34.0,34.0444
2025-07-11,2025-12-19,161,34.0,43.3957
2025-07-11,2026-01-16,189,34.0,47.7791
2025-07-11,2027-01-15,553,35.0,76.2712
2025-07-14,2025-07-18,4,36.0,8.2639
2025-07-14,2025-07-25,11,36.0,12.6389
2025-07-14,2025-08-01,18,36.0,15.0694
2025-07-14,2025-08-08,25,36.0,18.6111
2025-07-14,2025-08-15,32,36.0,21.25
2025-07-14,2025-08-22,39,36.0,23.4722
2025-07-14,2025-08-29,46,36.0,25.0
2025-07-14,2025-10-17,95,36.0,34.3056
2025-07-14,2025-12-19,158,36.0,43.75
2025-07-14,2026-01-16,186,36.0,47.2222
2025-07-14,2027-01-15,550,37.0,74.8611
2025-07-15,2025-07-18,3,35.0,6.1288
2025-07-15,2025-07-25,10,35.0,10.7611
2025-07-15,2025-08-01,17,35.0,14.2531
2025-07-15,2025-08-08,24,35.0,17.6739
2025-07-15,2025-08-15,31,35.0,19.6693
2025-07-15,2025-08-22,38,35.0,22.2349
2025-07-15,2025-08-29,45,35.0,24.2303
2025-07-15,2025-10-17,94,35.0,33.6374
2025-07-15,2025-12-19,157,35.0,43.6146
2025-07-15,2026-01-16,185,35.0,47.3204
2025-07-15,2027-01-15,549,35.0,74.6864
2025-07-16,2025-07-18,2,37.0,5.1999
2025-07-16,2025-07-25,9,37.0,10.3998
2025-07-16,2025-08-01,16,37.0,13.7088
2025-07-16,2025-08-08,23,37.0,16.6126
2025-07-16,2025-08-15,30,37.0,20.2593
2025-07-16,2025-08-22,37,37.0,21.6099
2025-07-16,2025-08-29,44,37.0,23.6359
2025-07-16,2025-10-17,93,37.0,33.4954
2025-07-16,2025-12-19,156,37.0,42.5446
2025-07-16,2026-01-16,184,37.0,45.7861
2025-07-16,2027-01-15,548,37.0,72.7985
2025-07-17,2025-07-18,1,37.5,3.1184
2025-07-17,2025-07-25,8,37.5,9.0234
2025-07-17,2025-08-01,15,37.5,13.2033
2025-07-17,2025-08-08,22,38.0,15.4591
2025-07-17,2025-08-15,29,38.0,18.4448
2025-07-17,2025-08-22,36,38.0,20.8333
2025-07-17,2025-08-29,43,38.0,21.8949
2025-07-17,2025-09-19,64,38.0,27.4682
2025-07-17,2025-10-17,92,38.0,33.1741
2025-07-17,2025-12-19,155,38.0,42.5955
2025-07-17,2026-01-16,183,38.0,46.5764
2025-07-17,2027-01-15,547,37.0,73.2484
2025-07-18,2025-07-25,7,37.5,7.9745
2025-07-18,2025-08-01,14,37.5,11.8953
2025-07-18,2025-08-08,21,38.0,14.9522
2025-07-18,2025-08-15,28,38.0,17.8761
2025-07-18,2025-08-22,35,38.0,19.9362
2025-07-18,2025-08-29,42,38.0,21.664
2025-07-18,2025-09-19,63,38.0,26.5816
2025-07-18,2025-10-17,91,38.0,32.2967
2025-07-18,2025-12-19,154,38.0,42.1318
2025-07-18,2026-01-16,182,38.0,45.5875
2025-07-18,2027-01-15,546,37.0,73.764
2025-07-21,2025-07-25,4,34.0,7.1848
2025-07-21,2025-08-01,11,34.0,11.217
2025-07-21,2025-08-08,18,34.0,14.0029
2025-07-21,2025-08-15,25,34.0,17.0088
2025-07-21,2025-08-22,32,34.0,18.9883
2025-07-21,2025-08-29,39,34.0,21.7009
2025-07-21,2025-09-19,60,34.0,25.6598
2025-07-21,2025-10-17,88,34.0,31.085
2025-07-21,2025-12-19,151,34.0,41.0557
2025-07-21,2026-01-16,179,34.0,45.1613
2025-07-21,2027-01-15,543,35.0,73.607
2025-07-22,2025-07-25,3,34.0,5.9854
2025-07-22,2025-08-01,10,34.0,10.146
2025-07-22,2025-08-08,17,34.0,12.9197
2025-07-22,2025-08-15,24,34.0,16.3504
2025-07-22,2025-08-22,31,34.0,18.6131
2025-07-22,2025-08-29,38,34.0,20.438
2025-07-22,2025-09-19,59,34.0,25.5474
2025-07-22,2025-10-17,87,34.0,31.0949
2025-07-22,2025-12-19,150,34.0,40.438
2025-07-22,2026-01-16,178,34.0,45.1095
2025-07-22,2027-01-15,542,35.0,74.5985
2025-07-23,2025-07-25,2,37.0,5.214
2025-07-23,2025-08-01,9,37.0,10.1571
2025-07-23,2025-08-08,16,37.0,13.0688
2025-07-23,2025-08-15,23,37.0,16.3868
2025-07-23,2025-08-22,30,37.0,18.5536
2025-07-23,2025-08-29,37,37.0,20.3142
2025-07-23,2025-09-19,58,37.0,25.1896
2025-07-23,2025-10-17,86,37.0,29.9296
2025-07-23,2025-12-19,149,37.0,39.2741
2025-07-23,2026-01-16,177,37.0,43.2015
2025-07-23,2027-01-15,541,37.0,72.8602
2025-07-24,2025-07-25,1,39.0,4.3646
2025-07-24,2025-08-01,8,39.0,10.077
2025-07-24,2025-08-08,15,39.0,14.0565
2025-07-24,2025-08-15,22,39.0,17.0732
2025-07-24,2025-08-22,29,39.0,19.6406
2025-07-24,2025-08-29,36,39.0,20.9243
2025-07-24,2025-09-05,43,39.0,22.5931
2025-07-24,2025-09-19,57,39.0,26.059
2025-07-24,2025-10-17,85,39.0,31.7073
2025-07-24,2025-12-19,148,39.0,41.4634
2025-07-24,2026-01-16,176,39.0,44.6727
2025-07-24,2027-01-15,540,40.0,74.4544
2025-07-25,2025-08-01,7,42.0,9.4385
2025-07-25,2025-08-08,14,42.0,13.5006
2025-07-25,2025-08-15,21,42.0,17.2043
2025-07-25,2025-08-22,28,42.0,19.7133
2025-07-25,2025-08-29,35,42.0,21.9833
2025-07-25,2025-09-05,42,42.0,23.2975
2025-07-25,2025-09-19,56,42.0,27.0012
2025-07-25,2025-10-17,84,42.0,32.497
2025-07-25,2025-12-19,147,42.0,42.4134
2025-07-25,2026-01-16,175,42.0,45.9976
2025-07-25,2027-01-15,539,42.0,74.552
2025-07-28,2025-08-01,4,38.0,7.7878
2025-07-28,2025-08-08,11,38.0,12.4076
2025-07-28,2025-08-15,18,38.0,16.4335
2025-07-28,2025-08-22,25,38.0,19.0074
2025-07-28,2025-08-29,32,38.0,21.3833
2025-07-28,2025-09-05,39,38.0,22.9673
2025-07-28,2025-09-19,53,38.0,26.9271
2025-07-28,2025-10-17,81,38.0,32.9989
2025-07-28,2025-12-19,144,38.0,42.8986
2025-07-28,2026-01-16,172,38.0,46.4625
2025-07-28,2027-01-15,536,37.0,74.3136
2025-07-29,2025-08-01,3,35.5,6.9111
2025-07-29,2025-08-08,10,35.5,12.2708
2025-07-29,2025-08-15,17,35.5,16.6432
2025-07-29,2025-08-22,24,35.0,19.1819
2025-07-29,2025-08-29,31,35.0,21.5797
2025-07-29,2025-09-05,38,35.0,22.9901
2025-07-29,2025-09-19,52,35.0,26.7983
2025-07-29,2025-10-17,80,35.0,33.1453
2025-07-29,2025-12-19,143,35.0,43.0183
2025-07-29,2026-01-16,171,35.0,46.8265
2025-07-29,2027-01-15,535,35.0,74.4711
2025-07-30,2025-08-01,2,36.0,5.5448
2025-07-30,2025-08-08,9,36.0,11.5747
2025-07-30,2025-08-15,16,36.0,15.9412
2025-07-30,2025-08-22,23,36.0,18.7136
2025-07-30,2025-08-29,30,36.0,21.2088
2025-07-30,2025-09-05,37,36.0,21.3474
2025-07-30,2025-09-19,51,36.0,26.4763
2025-07-30,2025-10-17,79,36.0,32.4369
2025-07-30,2025-12-19,142,36.0,42.5561
2025-07-30,2026-01-16,170,36.0,46.2989
2025-07-30,2027-01-15,534,37.0,75.8248
2025-07-31,2025-08-01,1,35.5,3.2458
2025-07-31,2025-08-08,8,35.5,10.8665
2025-07-31,2025-08-15,15,35.5,15.8764
2025-07-31,2025-08-22,22,35.0,18.346
2025-07-31,2025-08-29,29,35.0,20.604
2025-07-31,2025-09-05,36,35.0,22.2975
2025-07-31,2025-09-12,43,35.0,23.5676
2025-07-31,2025-09-19,50,35.0,26.2489
2025-07-31,2025-10-17,78,35.0,32.1761
2025-07-31,2025-12-19,141,35.0,42.0548
2025-07-31,2026-01-16,169,35.0,45.5828
2025-07-31,2027-01-15,533,35.0,74.372
2025-08-01,2025-08-08,7,34.0,9.341
2025-08-01,2025-08-15,14,34.0,14.5631
2025-08-01,2025-08-22,21,34.0,17.8729
2025-08-01,2025-08-29,28,34.0,20.153
2025-08-01,2025-09-05,35,34.0,22.2124
2025-08-01,2025-09-12,42,34.0,23.3892
2025-08-01,2025-09-19,49,34.0,26.0371
2025-08-01,2025-10-17,77,34.0,32.2154
2025-08-01,2025-12-19,140,34.0,42.3654
2025-08-01,2026-01-16,168,34.0,44.8661
2025-08-01,2027-01-15,532,35.0,76.346
2025-08-04,2025-08-08,4,35.5,7.2372
2025-08-04,2025-08-15,11,35.5,12.9286
2025-08-04,2025-08-22,18,35.5,15.8797
2025-08-04,2025-08-29,25,36.0,18.7605
2025-08-04,2025-09-05,32,36.0,20.5171
2025-08-04,2025-09-12,39,36.0,22.344
2025-08-04,2025-09-19,46,36.0,24.4519
2025-08-04,2025-10-17,74,36.0,30.6352
2025-08-04,2025-12-19,137,36.0,41.1748
2025-08-04,2026-01-16,165,36.0,45.6717
2025-08-04,2027-01-15,529,35.0,72.7937
2025-08-05,2025-08-08,3,38.0,6.7194
2025-08-05,2025-08-15,10,38.0,12.9117
2025-08-05,2025-08-22,17,38.0,16.0738
2025-08-05,2025-08-29,24,38.0,18.7088
2025-08-05,2025-09-05,31,38.0,20.5534
2025-08-05,2025-09-12,38,38.0,22.5296
2025-08-05,2025-09-19,45,38.0,24.5059
2025-08-05,2025-10-17,73,38.0,30.5665
2025-08-05,2025-12-19,136,38.0,41.3702
2025-08-05,2026-01-16,164,38.0,44.664
2025-08-05,2027-01-15,528,37.0,71.1462
2025-08-06,2025-08-08,2,38.5,5.8109
2025-08-06,2025-08-15,9,38.5,12.34
2025-08-06,2025-08-22,16,38.5,15.5393
2025-08-06,2025-08-29,23,38.0,17.7592
2025-08-06,2025-09-05,30,38.0,19.5874
2025-08-06,2025-09-12,37,38.0,21.6767
2025-08-06,2025-09-19,44,38.0,23.8966
2025-08-06,2025-10-17,72,38.0,30.034
2025-08-06,2025-12-19,135,38.0,40.0888
2025-08-06,2026-01-16,163,38.0,43.6145
2025-08-06,2027-01-15,527,37.0,71.298
2025-08-07,2025-08-08,1,37.0,3.794
2025-08-07,2025-08-15,8,37.0,11.4499
2025-08-07,2025-08-22,15,37.0,14.7696
2025-08-07,2025-08-29,22,37.0,17.4797
2025-08-07,2025-09-05,29,37.0,19.2412
2025-08-07,2025-09-12,36,37.0,21.4092
2025-08-07,2025-09-19,43,37.0,23.1707
2025-08-07,2025-09-26,50,37.0,25.0677
2025-08-07,2025-10-17,71,37.0,29.5393
2025-08-07,2025-12-19,134,37.0,39.9729
2025-08-07,2026-01-16,162,37.0,43.4959
2025-08-07,2027-01-15,526,37.0,74.1192
2025-08-08,2025-08-15,7,35.5,10.0818
2025-08-08,2025-08-22,14,35.5,14.4529
2025-08-08,2025-08-29,21,35.0,16.286
2025-08-08,2025-09-05,28,35.0,18.1895
2025-08-08,2025-09-12,35,35.0,20.3046
2025-08-08,2025-09-19,42,35.0,22.2786
2025-08-08,2025-09-26,49,35.0,24.1117
2025-08-08,2025-10-17,70,35.0,28.6238
2025-08-08,2025-12-19,133,35.0,39.0581
2025-08-08,2026-01-16,161,35.0,43.0062
2025-08-08,2027-01-15,525,35.0,71.348
2025-08-11,2025-08-15,4,35.0,8.682
2025-08-11,2025-08-22,11,35.0,12.3114
2025-08-11,2025-08-29,18,35.0,15.6561
2025-08-11,2025-09-05,25,35.0,17.0794
2025-08-11,2025-09-12,32,35.0,19.2143
2025-08-11,2025-09-19,39,35.0,21.3493
2025-08-11,2025-09-26,46,35.0,23.0572
2025-08-11,2025-10-17,67,35.0,28.0387
2025-08-11,2025-12-19,130,35.0,38.4287
2025-08-11,2026-01-16,158,35.0,41.9869
2025-08-11,2027-01-15,522,35.0,73.0145
2025-08-12,2025-08-15,3,37.0,8.012
2025-08-12,2025-08-22,10,37.0,11.95
2025-08-12,2025-08-29,17,37.0,15.2091
2025-08-12,2025-09-05,24,37.0,16.9745
2025-08-12,2025-09-12,31,37.0,19.0114
2025-08-12,2025-09-19,38,37.0,20.9125
2025-08-12,2025-09-26,45,37.0,22.8137
2025-08-12,2025-10-17,66,37.0,27.7023
2025-08-12,2025-12-19,129,37.0,38.1586
2025-08-12,2026-01-16,157,37.0,41.5535
2025-08-12,2027-01-15,521,37.0,71.5644
2025-08-13,2025-08-15,2,36.0,7.412
2025-08-13,2025-08-22,9,36.0,11.6376
2025-08-13,2025-08-29,16,36.0,14.6162
2025-08-13,2025-09-05,23,36.0,16.4866
2025-08-13,2025-09-12,30,36.0,19.396
2025-08-13,2025-09-19,37,36.0,20.6428
2025-08-13,2025-09-26,44,36.0,22.4439
2025-08-13,2025-10-17,65,36.0,27.2929
2025-08-13,2025-12-19,128,36.0,37.8221
2025-08-13,2026-01-16,156,36.0,41.2857
2025-08-13,2027-01-15,520,37.0,71.9036
2025-08-14,2025-08-15,1,35.0,6.9602
2025-08-14,2025-08-22,8,35.0,11.1506
2025-08-14,2025-08-29,15,35.0,14.1335
2025-08-14,2025-09-05,22,35.0,16.1932
2025-08-14,2025-09-12,29,35.0,18.4659
2025-08-14,2025-09-19,36,35.0,20.5966
2025-08-14,2025-09-26,43,35.0,22.4432
2025-08-14,2025-10-17,64,35.0,26.9886
2025-08-14,2025-12-19,127,35.0,38.4943
2025-08-14,2026-01-16,155,35.0,41.7614
2025-08-14,2026-04-17,246,35.0,50.4261
2025-08-14,2027-01-15,519,35.0,73.2955
2025-08-15,2025-08-22,7,36.0,8.9161
2025-08-15,2025-08-29,14,36.0,12.5383
2025-08-15,2025-09-05,21,36.0,14.7673
2025-08-15,2025-09-12,28,36.0,17.275
2025-08-15,2025-09-19,35,36.0,19.3647
2025-08-15,2025-09-26,42,36.0,21.3151
2025-08-15,2025-10-17,63,36.0,26.0518
2025-08-15,2025-12-19,126,36.0,37.3363
2025-08-15,2026-01-16,154,36.0,40.8192
2025-08-15,2026-04-17,245,36.0,50.9891
2025-08-15,2027-01-15,518,35.0,69.1
2025-08-18,2025-08-22,4,32.0,7.4871
2025-08-18,2025-08-29,11,32.0,11.4647
2025-08-18,2025-09-05,18,32.0,13.8044
2025-08-18,2025-09-12,25,32.0,16.3001
2025-08-18,2025-09-19,32,32.0,18.7178
2025-08-18,2025-09-26,39,32.0,20.6676
2025-08-18,2025-10-17,60,32.0,25.581
2025-08-18,2025-12-19,123,32.0,36.1878
2025-08-18,2026-01-16,151,32.0,40.0873
2025-08-18,2026-04-17,242,32.0,50.2262
2025-08-18,2027-01-15,515,32.0,71.2837
2025-08-19,2025-08-22,3,29.5,7.3316
2025-08-19,2025-08-29,10,29.5,12.2762
2025-08-19,2025-09-05,17,29.0,14.578
2025-08-19,2025-09-12,24,29.0,17.1355
2025-08-19,2025-09-19,31,29.0,19.5226
2025-08-19,2025-09-26,38,29.0,21.5686
2025-08-19,2025-10-17,59,29.0,26.2575
2025-08-19,2025-12-19,122,29.0,36.9991
2025-08-19,2026-01-16,150,29.0,40.5797
2025-08-19,2026-04-17,241,29.0,50.2984
2025-08-19,2027-01-15,514,30.0,69.3947
2025-08-20,2025-08-22,2,29.0,6.1973
2025-08-20,2025-08-29,9,29.0,11.2756
2025-08-20,2025-09-05,16,29.0,14.116
2025-08-20,2025-09-12,23,29.0,16.7843
2025-08-20,2025-09-19,30,29.0,19.2804
2025-08-20,2025-09-26,37,29.0,21.3462
2025-08-20,2025-10-17,58,29.0,26.5106
2025-08-20,2025-12-19,121,29.0,37.7001
2025-08-20,2026-01-16,149,29.0,41.4873
2025-08-20,2026-04-17,240,29.0,51.2997
2025-08-20,2027-01-15,513,30.0,70.9244
2025-08-21,2025-08-22,1,29.0,4.4643
2025-08-21,2025-08-29,8,29.0,10.388
2025-08-21,2025-09-05,15,29.0,13.307
2025-08-21,2025-09-12,22,29.0,16.226
2025-08-21,2025-09-19,29,29.0,18.6298
2025-08-21,2025-09-26,36,29.0,20.8619
2025-08-21,2025-10-03,43,29.0,23.1799
2025-08-21,2025-10-17,57,29.0,26.2706
2025-08-21,2025-12-19,120,29.0,36.9162
2025-08-21,2026-01-16,148,29.0,40.8654
2025-08-21,2026-04-17,239,29.0,50.6525
2025-08-21,2027-01-15,512,30.0,73.6607
2025-08-22,2025-08-29,7,31.5,8.2216
2025-08-22,2025-09-05,14,31.5,11.6539
2025-08-22,2025-09-12,21,31.0,14.5275
2025-08-22,2025-09-19,28,31.5,17.2414
2025-08-22,2025-09-26,35,31.0,19.3167
2025-08-22,2025-10-03,42,31.0,21.2324
2025-08-22,2025-10-17,56,31.0,24.5849
2025-08-22,2025-12-19,119,31.0,35.7599
2025-08-22,2026-01-16,147,31.0,39.751
2025-08-22,2026-04-17,238,31.0,49.6488
2025-08-22,2027-01-15,511,32.0,70.083
2025-08-25,2025-08-29,4,31.0,6.6172
2025-08-25,2025-09-05,11,31.0,9.6837
2025-08-25,2025-09-12,18,31.0,13.5571
2025-08-25,2025-09-19,25,31.0,16.4622
2025-08-25,2025-09-26,32,31.0,18.8832
2025-08-25,2025-10-03,39,31.0,20.7392
2025-08-25,2025-10-17,53,31.0,24.532
2025-08-25,2025-12-19,116,31.0,35.8296
2025-08-25,2026-01-16,144,31.0,39.703
2025-08-25,2026-04-17,235,31.0,50.1937
2025-08-25,2027-01-15,508,30.0,67.9471
2025-08-26,2025-08-29,3,32.5,6.1089
2025-08-26,2025-09-05,10,32.5,9.8979
2025-08-26,2025-09-12,17,32.5,13.5323
2025-08-26,2025-09-19,24,32.5,16.6254
2025-08-26,2025-09-26,31,32.0,18.8679
2025-08-26,2025-10-03,38,32.0,21.3424
2025-08-26,2025-10-17,52,32.0,25.6727
2025-08-26,2025-12-19,115,32.0,36.9626
2025-08-26,2026-01-16,143,32.0,41.1383
2025-08-26,2026-04-17,234,32.0,51.8095
2025-08-26,2027-01-15,507,32.0,70.0588
2025-08-27,2025-08-29,2,33.0,4.9407
2025-08-27,2025-09-05,9,33.0,9.5014
2025-08-27,2025-09-12,16,33.0,13.1499
2025-08-27,2025-09-19,23,33.0,16.3424
2025-08-27,2025-09-26,30,33.0,18.6227
2025-08-27,2025-10-03,37,33.0,21.131
2025-08-27,2025-10-17,51,33.0,25.2356
2025-08-27,2025-12-19,114,33.0,36.6373
2025-08-27,2026-01-16,142,33.0,40.7419
2025-08-27,2026-04-17,233,33.0,50.7753
2025-08-27,2027-01-15,506,32.0,69.17
2025-08-28,2025-08-29,1,34.5,3.1884
2025-08-28,2025-09-05,8,34.5,8.1159
2025-08-28,2025-09-12,15,34.5,12.2464
2025-08-28,2025-09-19,22,34.5,15.3623
2025-08-28,2025-09-26,29,34.0,17.8261
2025-08-28,2025-10-03,36,34.0,20.0
2025-08-28,2025-10-10,43,34.0,22.4638
2025-08-28,2025-10-17,50,34.0,24.3478
2025-08-28,2025-12-19,113,34.0,35.942
2025-08-28,2026-01-16,141,34.0,40.0
2025-08-28,2026-04-17,232,34.0,50.4348
2025-08-28,2027-01-15,505,35.0,70.2899
2025-08-29,2025-09-05,7,32.5,7.4524
2025-08-29,2025-09-12,14,32.5,10.9096
2025-08-29,2025-09-19,21,32.5,14.9047
2025-08-29,2025-09-26,28,33.0,17.901
2025-08-29,2025-10-03,35,33.0,20.3596
2025-08-29,2025-10-10,42,33.0,22.7412
2025-08-29,2025-10-17,49,33.0,24.5851
2025-08-29,2025-12-19,112,33.0,36.4167
2025-08-29,2026-01-16,140,33.0,40.7191
2025-08-29,2026-04-17,231,33.0,50.8605
2025-08-29,2027-01-15,504,32.0,68.8384
2025-09-02,2025-09-05,3,32.5,6.7464
2025-09-02,2025-09-12,10,32.5,11.1162
2025-09-02,2025-09-19,17,32.5,14.7194
2025-09-02,2025-09-26,24,33.0,17.6326
2025-09-02,2025-10-03,31,33.0,20.0092
2025-09-02,2025-10-10,38,33.0,22.0791
2025-09-02,2025-10-17,45,33.0,24.2257
2025-09-02,2025-12-19,108,33.0,36.4919
2025-09-02,2026-01-16,136,33.0,40.3251
2025-09-02,2026-04-17,227,33.0,51.058
2025-09-02,2027-01-15,500,32.0,69.7639
2025-09-03,2025-09-05,2,32.0,5.0781
2025-09-03,2025-09-12,9,32.0,10.3906
2025-09-03,2025-09-19,16,32.0,13.9844
2025-09-03,2025-09-26,23,32.0,16.6406
2025-09-03,2025-10-03,30,32.0,19.2188
2025-09-03,2025-10-10,37,32.0,21.25
2025-09-03,2025-10-17,44,32.0,23.4375
2025-09-03,2025-12-19,107,32.0,35.625
2025-09-03,2026-01-16,135,32.0,39.5312
2025-09-03,2026-04-17,226,32.0,50.0
2025-09-03,2027-01-15,499,32.0,70.0
2025-09-04,2025-09-05,1,31.0,3.8499
2025-09-04,2025-09-12,8,31.0,9.4642
2025-09-04,2025-09-19,15,31.0,12.9933
2025-09-04,2025-09-26,22,31.0,15.9609
2025-09-04,2025-10-03,29,31.0,18.367
2025-09-04,2025-10-10,36,31.0,20.5326
2025-09-04,2025-10-17,43,31.0,22.7783
2025-09-04,2025-10-24,50,31.0,24.0616
2025-09-04,2025-12-19,106,31.0,34.8091
2025-09-04,2026-01-16,134,31.0,39.1402
2025-09-04,2026-04-17,225,31.0,49.4065
2025-09-04,2027-01-15,498,32.0,69.939
2025-09-05,2025-09-12,7,31.5,8.4438
2025-09-05,2025-09-19,14,31.5,12.4684
2025-09-05,2025-09-26,21,32.0,15.4672
2025-09-05,2025-10-03,28,32.0,18.1503
2025-09-05,2025-10-10,35,32.0,21.2279
2025-09-05,2025-10-17,42,32.0,22.4116
2025-09-05,2025-10-24,49,32.0,24.1477
2025-09-05,2025-12-19,105,32.0,34.8801
2025-09-05,2026-01-16,133,32.0,39.1414
2025-09-05,2026-04-17,224,32.0,49.8737
2025-09-05,2027-01-15,497,32.0,70.5492
2025-09-08,2025-09-12,4,32.0,7.2146
2025-09-08,2025-09-19,11,32.0,11.2923
2025-09-08,2025-09-26,18,32.0,14.1939
2025-09-08,2025-10-03,25,32.0,16.5464
2025-09-08,2025-10-10,32,32.0,18.899
2025-09-08,2025-10-17,39,32.0,21.1731
2025-09-08,2025-10-24,46,32.0,23.0552
2025-09-08,2025-12-19,102,32.0,33.877
2025-09-08,2026-01-16,130,32.0,38.2685
2025-09-08,2026-04-17,221,32.0,48.6198
2025-09-08,2027-01-15,494,32.0,69.0088
2025-09-09,2025-09-12,3,32.5,5.8336
2025-09-09,2025-09-19,10,32.5,10.2855
2025-09-09,2025-09-26,17,32.5,13.1256
2025-09-09,2025-10-03,24,33.0,15.9656
2025-09-09,2025-10-10,31,33.0,18.1148
2025-09-09,2025-10-17,38,33.0,20.264
2025-09-09,2025-10-24,45,33.0,22.1062
2025-09-09,2025-12-19,101,33.0,33.3129
2025-09-09,2026-01-16,129,33.0,37.6113
2025-09-09,2026-04-17,220,33.0,48.6644
2025-09-09,2027-01-15,493,32.0,68.3144
2025-09-10,2025-09-12,2,31.5,5.1686
2025-09-10,2025-09-19,9,31.5,9.6215
2025-09-10,2025-09-26,16,31.5,12.8817
2025-09-10,2025-10-03,23,31.0,14.7901
2025-09-10,2025-10-10,30,31.0,16.8575
2025-09-10,2025-10-17,37,31.0,18.7659
2025-09-10,2025-10-24,44,31.0,20.3562
2025-09-10,2025-12-19,100,31.0,30.8524
2025-09-10,2026-01-16,128,31.0,35.1463
2025-09-10,2026-04-17,219,31.0,46.2786
2025-09-10,2027-01-15,492,32.0,70.7697
2025-09-11,2025-09-12,1,33.0,3.3374
2025-09-11,2025-09-19,8,33.0,8.7985
2025-09-11,2025-09-26,15,33.0,11.6808
2025-09-11,2025-10-03,22,33.0,14.1839
2025-09-11,2025-10-10,29,33.0,16.4593
2025-09-11,2025-10-17,36,33.0,19.0382
2025-09-11,2025-10-24,43,33.0,20.2518
2025-09-11,2025-10-31,50,33.0,22.4515
2025-09-11,2025-12-19,99,33.0,30.6432
2025-09-11,2026-01-16,127,33.0,35.0425
2025-09-11,2026-04-17,218,33.0,46.5716
2025-09-11,2027-01-15,491,32.0,66.4442
2025-09-12,2025-09-19,7,33.0,8.0157
2025-09-12,2025-09-26,14,33.0,11.1918
2025-09-12,2025-10-03,21,33.0,13.8385
2025-09-12,2025-10-10,28,33.0,16.0315
2025-09-12,2025-10-17,35,33.0,17.9976
2025-09-12,2025-10-24,42,33.0,19.8125
2025-09-12,2025-10-31,49,33.0,21.7786
2025-09-12,2025-12-19,98,33.0,30.5505
2025-09-12,2026-01-16,126,33.0,34.634
2025-09-12,2026-04-17,217,33.0,45.8258
2025-09-12,2027-01-15,490,32.0,66.2432
2025-09-15,2025-09-19,4,37.5,8.0991
2025-09-15,2025-09-26,11,37.0,11.3119
2025-09-15,2025-10-03,18,37.0,14.5917
2025-09-15,2025-10-10,25,37.0,16.8675
2025-09-15,2025-10-17,32,37.0,18.8755
2025-09-15,2025-10-24,39,37.0,20.6158
2025-09-15,2025-10-31,46,37.0,22.0884
2025-09-15,2025-12-19,95,37.0,30.9237
2025-09-15,2026-01-16,123,37.0,35.3414
2025-09-15,2026-04-17,214,37.0,46.3186
2025-09-15,2027-01-15,487,37.0,66.9344
2025-09-15,2028-01-21,858,37.0,82.0616
2025-09-16,2025-09-19,3,36.5,6.6823
2025-09-16,2025-09-26,10,36.5,10.9534
2025-09-16,2025-10-03,17,36.5,13.7779
2025-09-16,2025-10-10,24,36.0,16.3268
2025-09-16,2025-10-17,31,36.0,18.3246
2025-09-16,2025-10-24,38,36.0,19.978
2025-09-16,2025-10-31,45,36.0,21.3557
2025-09-16,2025-12-19,94,36.0,30.7247
2025-09-16,2026-01-16,122,36.0,34.9959
2025-09-16,2026-04-17,213,36.0,46.4315
2025-09-16,2027-01-15,486,37.0,68.8895
2025-09-16,2028-01-21,857,37.0,84.3207
2025-09-17,2025-09-19,2,36.0,5.1662
2025-09-17,2025-09-26,9,36.0,10.3323
2025-09-17,2025-10-03,16,36.0,13.4041
2025-09-17,2025-10-10,23,36.0,15.8475
2025-09-17,2025-10-17,30,36.0,18.0815
2025-09-17,2025-10-24,37,36.0,19.9665
2025-09-17,2025-10-31,44,36.0,21.642
2025-09-17,2025-12-19,93,36.0,30.9969
2025-09-17,2026-01-16,121,36.0,35.3253
2025-09-17,2026-04-17,212,36.0,46.635
2025-09-17,2027-01-15,485,35.0,67.5789
2025-09-17,2028-01-21,856,35.0,83.3566
2025-09-18,2025-09-19,1,38.0,4.5145
2025-09-18,2025-09-26,8,38.0,10.0759
2025-09-18,2025-10-03,15,38.0,13.8707
2025-09-18,2025-10-10,22,38.0,16.4878
2025-09-18,2025-10-17,29,38.0,18.7124
2025-09-18,2025-10-24,36,38.0,19.2358
2025-09-18,2025-10-31,43,38.0,22.3763
2025-09-18,2025-11-21,64,38.0,26.8254
2025-09-18,2025-12-19,92,38.0,31.4054
2025-09-18,2026-01-16,120,38.0,35.5928
2025-09-18,2026-04-17,211,38.0,47.1081
2025-09-18,2027-01-15,484,37.0,69.0919
2025-09-18,2028-01-21,855,37.0,82.7009
2025-09-19,2025-09-26,7,46.0,14.4677
2025-09-19,2025-10-03,14,46.0,18.5705
2025-09-19,2025-10-10,21,46.0,22.8892
2025-09-19,2025-10-17,28,46.0,25.5884
2025-09-19,2025-10-24,35,46.0,26.884
2025-09-19,2025-10-31,42,46.0,29.4753
2025-09-19,2025-11-21,63,45.0,33.902
2025-09-19,2025-12-19,91,46.0,38.9765
2025-09-19,2026-01-16,119,46.0,42.4314
2025-09-19,2026-04-17,210,46.0,51.9326
2025-09-19,2027-01-15,483,47.0,73.0944
2025-09-19,2028-01-21,854,47.0,87.886
2025-09-22,2025-09-26,4,45.0,10.6899
2025-09-22,2025-10-03,11,45.0,15.9797
2025-09-22,2025-10-10,18,45.0,19.5063
2025-09-22,2025-10-17,25,45.0,22.2614
2025-09-22,2025-10-24,32,45.0,24.6859
2025-09-22,2025-10-31,39,45.0,27.9921
2025-09-22,2025-11-21,60,45.0,32.0697
2025-09-22,2025-12-19,88,45.0,36.2574
2025-09-22,2026-01-16,116,45.0,40.2248
2025-09-22,2026-04-17,207,45.0,51.1351
2025-09-22,2027-01-15,480,45.0,71.8536
2025-09-22,2028-01-21,851,45.0,86.4007
2025-09-23,2025-09-26,3,46.0,8.63
2025-09-23,2025-10-03,10,46.0,14.2395
2025-09-23,2025-10-10,17,46.0,17.9072
2025-09-23,2025-10-17,24,46.0,20.712
2025-09-23,2025-10-24,31,46.0,23.1931
2025-09-23,2025-10-31,38,46.0,25.3506
2025-09-23,2025-11-21,59,46.0,30.6365
2025-09-23,2025-12-19,87,46.0,35.4908
2025-09-23,2026-01-16,115,46.0,39.698
2025-09-23,2026-04-17,206,46.0,50.5933
2025-09-23,2027-01-15,479,47.0,70.658
2025-09-23,2028-01-21,850,47.0,86.9471
2025-09-24,2025-09-26,2,42.5,6.4584
2025-09-24,2025-10-03,9,42.5,12.1536
2025-09-24,2025-10-10,16,43.0,16.2048
2025-09-24,2025-10-17,23,43.0,19.4927
2025-09-24,2025-10-24,30,43.0,21.8412
2025-09-24,2025-10-31,37,43.0,25.364
2025-09-24,2025-11-21,58,43.0,30.0611
2025-09-24,2025-12-19,86,43.0,35.8149
2025-09-24,2026-01-16,114,43.0,41.4514
2025-09-24,2026-04-17,205,43.0,51.0803
2025-09-24,2027-01-15,478,42.0,69.5162
2025-09-24,2028-01-21,849,42.0,84.3119
2025-09-25,2025-09-26,1,41.5,3.8043
2025-09-25,2025-10-03,8,41.5,10.9903
2025-09-25,2025-10-10,15,41.0,15.4589
2025-09-25,2025-10-17,22,41.0,18.599
2025-09-25,2025-10-24,29,41.0,21.8599
2025-09-25,2025-10-31,36,41.0,23.3092
2025-09-25,2025-11-07,43,41.0,27.0531
2025-09-25,2025-11-21,57,41.0,29.2271
2025-09-25,2025-12-19,85,41.0,34.4203
2025-09-25,2026-01-16,113,41.0,39.0097
2025-09-25,2026-04-17,204,41.0,50.0
2025-09-25,2027-01-15,477,42.0,72.8261
2025-09-25,2028-01-21,848,42.0,86.8357
2025-09-26,2025-10-03,7,39.5,9.608
2025-09-26,2025-10-10,14,39.0,13.8076
2025-09-26,2025-10-17,21,39.0,17.0527
2025-09-26,2025-10-24,28,39.0,19.4706
2025-09-26,2025-10-31,35,39.0,23.7974
2025-09-26,2025-11-07,42,39.0,24.1792
2025-09-26,2025-11-21,56,39.0,27.9969
2025-09-26,2025-12-19,84,39.0,33.3418
2025-09-26,2026-01-16,112,39.0,37.5414
2025-09-26,2026-04-17,203,39.0,48.8674
2025-09-26,2027-01-15,476,40.0,72.6648
2025-09-26,2028-01-21,847,40.0,87.1723
2025-09-29,2025-10-03,4,39.0,8.1758
2025-09-29,2025-10-10,11,39.0,12.6469
2025-09-29,2025-10-17,18,39.0,16.0961
2025-09-29,2025-10-24,25,39.0,18.7787
2025-09-29,2025-10-31,32,39.0,21.2059
2025-09-29,2025-11-07,39,39.0,23.5054
2025-09-29,2025-11-21,53,39.0,27.3378
2025-09-29,2025-12-19,81,39.0,33.2141
2025-09-29,2026-01-16,109,39.0,38.0685
2025-09-29,2026-04-17,200,39.0,49.5657
2025-09-29,2027-01-15,473,40.0,71.5381
2025-09-29,2028-01-21,844,40.0,87.1231
2025-09-30,2025-10-03,3,38.5,7.2614
2025-09-30,2025-10-10,10,38.5,12.0591
2025-09-30,2025-10-17,17,39.0,15.7547
2025-09-30,2025-10-24,24,39.0,18.5425
2025-09-30,2025-10-31,31,39.0,21.0062
2025-09-30,2025-11-07,38,39.0,23.3402
2025-09-30,2025-11-21,52,39.0,27.2303
2025-09-30,2025-12-19,80,39.0,32.9357
2025-09-30,2026-01-16,108,39.0,39.9378
2025-09-30,2026-04-17,199,39.0,49.6629
2025-09-30,2027-01-15,472,40.0,70.2801
2025-09-30,2028-01-21,843,40.0,87.9149
2025-10-01,2025-10-03,2,39.0,5.3055
2025-10-01,2025-10-10,9,39.0,11.1225
2025-10-01,2025-10-17,16,39.0,14.83
2025-10-01,2025-10-24,23,39.0,17.8982
2025-10-01,2025-10-31,30,39.0,20.4551
2025-10-01,2025-11-07,37,39.0,22.7563
2025-10-01,2025-11-21,51,39.0,26.7195
2025-10-01,2025-12-19,79,39.0,32.4725
2025-10-01,2026-01-16,107,39.0,38.0977
2025-10-01,2026-04-17,198,39.0,48.8366
2025-10-01,2027-01-15,471,40.0,72.1043
2025-10-01,2028-01-21,842,40.0,87.0621
2025-10-02,2025-10-03,1,41.5,4.3176
2025-10-02,2025-10-10,8,41.5,10.9139
2025-10-02,2025-10-17,15,42.0,14.8117
2025-10-02,2025-10-24,22,42.0,17.9899
2025-10-02,2025-10-31,29,42.0,20.3886
2025-10-02,2025-11-07,36,42.0,22.6673
2025-10-02,2025-11-14,43,42.0,25.066
2025-10-02,2025-11-21,50,42.0,26.6251
2025-10-02,2025-12-19,78,42.0,32.8616
2025-10-02,2026-01-16,106,42.0,37.6589
2025-10-02,2026-04-17,197,42.0,49.8921
2025-10-02,2027-01-15,470,42.0,70.8803
2025-10-02,2028-01-21,841,42.0,86.5915
2025-10-03,2025-10-10,7,44.5,10.8451
2025-10-03,2025-10-17,14,44.0,15.0596
2025-10-03,2025-10-24,21,44.0,18.2063
2025-10-03,2025-10-31,28,44.0,20.9036
2025-10-03,2025-11-07,35,44.0,23.2637
2025-10-03,2025-11-14,42,44.0,25.6237
2025-10-03,2025-11-21,49,44.0,27.3095
2025-10-03,2025-12-19,77,44.0,33.3783
2025-10-03,2026-01-16,105,44.0,38.0984
2025-10-03,2026-04-17,196,44.0,49.5617
2025-10-03,2027-01-15,469,45.0,71.9263
2025-10-03,2028-01-21,840,45.0,86.4239
2025-10-06,2025-10-10,4,54.0,11.6073
2025-10-06,2025-10-17,11,54.0,17.9004
2025-10-06,2025-10-24,18,54.0,20.6974
2025-10-06,2025-10-31,25,54.0,23.9605
2025-10-06,2025-11-07,32,54.0,26.3845
2025-10-06,2025-11-14,39,55.0,29.3679
2025-10-06,2025-11-21,46,55.0,31.6987
2025-10-06,2025-12-19,74,55.0,38.1316
2025-10-06,2026-01-16,102,55.0,43.1661
2025-10-06,2026-04-17,193,55.0,55.3795
2025-10-06,2027-01-15,466,55.0,76.7294
2025-10-06,2028-01-21,837,55.0,93.2314
2025-10-07,2025-10-10,3,57.0,11.3897
2025-10-07,2025-10-17,10,57.0,18.1882
2025-10-07,2025-10-24,17,57.0,21.7199
2025-10-07,2025-10-31,24,57.0,25.2516
2025-10-07,2025-11-07,31,57.0,28.077
2025-10-07,2025-11-14,38,57.0,30.8141
2025-10-07,2025-11-21,45,55.0,31.5204
2025-10-07,2025-12-19,73,55.0,38.7604
2025-10-07,2026-01-16,101,55.0,43.9696
2025-10-07,2026-04-17,192,55.0,56.6837
2025-10-07,2027-01-15,465,55.0,76.4612
2025-10-07,2028-01-21,836,55.0,89.5285
2025-10-08,2025-10-10,2,47.0,9.2474
2025-10-08,2025-10-17,9,47.0,19.0264
2025-10-08,2025-10-24,16,47.0,23.4906
2025-10-08,2025-10-31,23,47.0,27.1046
2025-10-08,2025-11-07,30,47.0,28.2738
2025-10-08,2025-11-14,37,47.0,33.4821
2025-10-08,2025-11-21,44,47.0,35.1828
2025-10-08,2025-12-19,72,47.0,41.773
2025-10-08,2026-01-16,100,47.0,46.9813
2025-10-08,2026-04-17,191,47.0,60.1616
2025-10-08,2027-01-15,464,47.0,82.9082
2025-10-08,2028-01-21,835,47.0,97.8954
2025-10-09,2025-10-10,1,47.5,5.8532
2025-10-09,2025-10-17,8,47.5,15.5031
2025-10-09,2025-10-24,15,47.5,20.7762
2025-10-09,2025-10-31,22,47.0,24.4674
2025-10-09,2025-11-07,29,47.0,27.8422
2025-10-09,2025-11-14,36,47.0,31.0061
2025-10-09,2025-11-21,43,47.0,33.2208
2025-10-09,2025-11-28,50,47.0,35.541
2025-10-09,2025-12-19,71,47.0,41.447
2025-10-09,2026-01-16,99,47.0,46.0873
2025-10-09,2026-04-17,190,47.0,59.7975
2025-10-09,2027-01-15,463,47.0,84.1595
2025-10-09,2028-01-21,834,47.0,100.6117
2025-10-10,2025-10-17,7,46.0,15.2738
2025-10-10,2025-10-24,14,46.0,21.4925
2025-10-10,2025-10-31,21,46.0,26.1837
2025-10-10,2025-11-07,28,46.0,28.9112
2025-10-10,2025-11-14,35,46.0,29.784
2025-10-10,2025-11-21,42,46.0,33.166
2025-10-10,2025-11-28,49,46.0,35.7844
2025-10-10,2025-12-19,70,46.0,41.1303
2025-10-10,2026-01-16,98,46.0,48.2217
2025-10-10,2026-04-17,189,46.0,60.1135
2025-10-10,2027-01-15,462,45.0,84.7698
2025-10-10,2028-01-21,833,45.0,99.1708
2025-10-13,2025-10-17,4,54.0,12.7663
2025-10-13,2025-10-24,11,54.0,20.022
2025-10-13,2025-10-31,18,54.0,23.8795
2025-10-13,2025-11-07,25,54.0,27.1859
2025-10-13,2025-11-14,32,54.0,29.9412
2025-10-13,2025-11-21,39,55.0,33.9824
2025-10-13,2025-11-28,46,54.0,34.809
2025-10-13,2025-12-19,67,55.0,41.881
2025-10-13,2026-01-16,95,55.0,48.8611
2025-10-13,2026-04-17,186,55.0,62.4541
2025-10-13,2027-01-15,459,55.0,85.4151
2025-10-13,2028-01-21,830,55.0,100.6613
2025-10-14,2025-10-17,3,54.0,12.2288
2025-10-14,2025-10-24,10,54.0,18.0213
2025-10-14,2025-10-31,17,54.0,22.7106
2025-10-14,2025-11-07,24,54.0,25.6528
2025-10-14,2025-11-14,31,54.0,27.5837
2025-10-14,2025-11-21,38,55.0,31.8132
2025-10-14,2025-11-28,45,54.0,34.1118
2025-10-14,2025-12-19,66,55.0,39.1688
2025-10-14,2026-01-16,94,55.0,46.8003
2025-10-14,2026-04-17,185,55.0,61.9713
2025-10-14,2027-01-15,458,55.0,86.4288
2025-10-14,2028-01-21,829,55.0,100.9562
2025-10-15,2025-10-17,2,53.0,10.1954
2025-10-15,2025-10-24,9,53.0,16.8816
2025-10-15,2025-10-31,16,53.0,23.1411
2025-10-15,2025-11-07,23,53.0,24.6586
2025-10-15,2025-11-14,30,53.0,29.0212
2025-10-15,2025-11-21,37,55.0,31.9613
2025-10-15,2025-11-28,44,53.0,33.2891
2025-10-15,2025-12-19,65,55.0,39.4537
2025-10-15,2026-01-16,93,55.0,46.6616
2025-10-15,2026-04-17,184,55.0,61.8361
2025-10-15,2027-01-15,457,55.0,87.5379
2025-10-15,2028-01-21,828,55.0,101.4795
2025-10-16,2025-10-17,1,48.5,6.6102
2025-10-16,2025-10-24,8,48.5,17.1452
2025-10-16,2025-10-31,15,48.5,21.8963
2025-10-16,2025-11-07,22,48.0,25.9244
2025-10-16,2025-11-14,29,48.0,29.2295
2025-10-16,2025-11-21,36,48.0,31.7083
2025-10-16,2025-11-28,43,48.0,33.9806
2025-10-16,2025-12-19,64,48.0,39.4547
2025-10-16,2026-01-16,92,48.0,45.3419
2025-10-16,2026-04-17,183,48.0,61.0411
2025-10-16,2027-01-15,456,47.0,86.3458
2025-10-16,2028-01-21,827,47.0,99.0498
2025-10-17,2025-10-24,7,48.0,14.7366
2025-10-17,2025-10-31,14,48.0,18.8127
2025-10-17,2025-11-07,21,48.0,23.6204
2025-10-17,2025-11-14,28,48.0,27.3829
2025-10-17,2025-11-21,35,48.0,30.4139
2025-10-17,2025-11-28,42,48.0,34.8035
2025-10-17,2025-12-19,63,48.0,38.5661
2025-10-17,2026-01-16,91,48.0,45.1505
2025-10-17,2026-04-17,182,48.0,60.3052
2025-10-17,2027-01-15,455,47.0,84.7617
2025-10-17,2028-01-21,826,47.0,99.4983
2025-10-20,2025-10-24,4,46.0,10.9073
2025-10-20,2025-10-31,11,46.0,18.8843
2025-10-20,2025-11-07,18,46.0,20.9464
2025-10-20,2025-11-14,25,46.0,24.3108
2025-10-20,2025-11-21,32,46.0,28.3265
2025-10-20,2025-11-28,39,46.0,30.4971
2025-10-20,2025-12-19,60,46.0,35.9236
2025-10-20,2026-01-16,88,46.0,44.4975
2025-10-20,2026-04-17,179,46.0,59.4747
2025-10-20,2027-01-15,452,47.0,85.522
2025-10-20,2028-01-21,823,47.0,100.7163
2025-10-21,2025-10-24,3,42.0,9.3253
2025-10-21,2025-10-31,10,42.0,16.0371
2025-10-21,2025-11-07,17,42.0,20.3136
2025-10-21,2025-11-14,24,42.0,22.5707
2025-10-21,2025-11-21,31,42.0,27.6788
2025-10-21,2025-11-28,38,42.0,29.1043
2025-10-21,2025-12-19,59,42.0,35.5191
2025-10-21,2026-01-16,87,42.0,41.2212
2025-10-21,2026-04-17,178,42.0,58.8026
2025-10-21,2027-01-15,451,42.0,85.8874
2025-10-21,2028-01-21,822,42.0,99.0734
2025-10-22,2025-10-24,2,39.0,8.4942
2025-10-22,2025-10-31,9,39.0,18.1467
2025-10-22,2025-11-07,16,39.0,21.3642
2025-10-22,2025-11-14,23,39.0,24.8391
2025-10-22,2025-11-21,30,39.0,27.9279
2025-10-22,2025-11-28,37,39.0,28.5714
2025-10-22,2025-12-19,58,39.0,35.6499
2025-10-22,2026-01-16,86,39.0,42.2136
2025-10-22,2026-04-17,177,39.0,56.4994
2025-10-22,2027-01-15,450,40.0,88.5457
2025-10-22,2028-01-21,821,40.0,105.148
2025-10-23,2025-10-24,1,42.5,8.8844
2025-10-23,2025-10-31,8,42.5,14.5328
2025-10-23,2025-11-07,15,42.5,21.7698
2025-10-23,2025-11-14,22,42.0,23.5349
2025-10-23,2025-11-21,29,42.5,27.7712
2025-10-23,2025-11-28,36,42.0,30.0071
2025-10-23,2025-12-05,43,42.0,32.3606
2025-10-23,2025-12-19,57,42.0,36.3615
2025-10-23,2026-01-16,85,42.0,42.3629
2025-10-23,2026-04-17,176,42.0,58.3667
2025-10-23,2027-01-15,449,42.0,86.2556
2025-10-23,2028-01-21,820,42.0,103.6714
2025-10-24,2025-10-31,7,44.5,12.8552
2025-10-24,2025-11-07,14,44.5,19.1137
2025-10-24,2025-11-14,21,44.0,24.3572
2025-10-24,2025-11-21,28,44.5,27.6274
2025-10-24,2025-11-28,35,44.0,30.1083
2025-10-24,2025-12-05,42,44.0,32.3636
2025-10-24,2025-12-19,56,44.0,34.8444
2025-10-24,2026-01-16,84,44.0,41.723
2025-10-24,2026-04-17,175,44.0,58.074
2025-10-24,2027-01-15,448,45.0,86.9418
2025-10-24,2028-01-21,819,45.0,102.3906
2025-10-27,2025-10-31,4,43.5,12.2301
2025-10-27,2025-11-07,11,43.5,16.7662
2025-10-27,2025-11-14,18,43.5,20.3261
2025-10-27,2025-11-21,25,43.5,23.1971
2025-10-27,2025-11-28,32,44.0,27.3312
2025-10-27,2025-12-05,39,44.0,29.3983
2025-10-27,2025-12-19,53,44.0,32.9582
2025-10-27,2026-01-16,81,44.0,39.3891
2025-10-27,2026-04-17,172,44.0,56.7294
2025-10-27,2027-01-15,445,45.0,85.898
2025-10-27,2028-01-21,816,45.0,100.8268
2025-10-28,2025-10-31,3,44.0,11.271
2025-10-28,2025-11-07,10,44.0,17.1613
2025-10-28,2025-11-14,17,44.0,20.3897
2025-10-28,2025-11-21,24,44.0,23.9012
2025-10-28,2025-11-28,31,44.0,23.9012
2025-10-28,2025-12-05,38,44.0,29.2252
2025-10-28,2025-12-19,52,44.0,34.5492
2025-10-28,2026-01-16,80,44.0,41.5723
2025-10-28,2026-04-17,171,44.0,55.5052
2025-10-28,2027-01-15,444,45.0,85.1835
2025-10-28,2028-01-21,815,45.0,102.5147
2025-10-29,2025-10-31,2,48.0,8.7288
2025-10-29,2025-11-07,9,48.0,18.1894
2025-10-29,2025-11-14,16,48.0,22.58
2025-10-29,2025-11-21,23,48.0,25.8206
2025-10-29,2025-11-28,30,48.0,27.5977
2025-10-29,2025-12-05,37,48.0,29.793
2025-10-29,2025-12-19,51,48.0,32.8246
2025-10-29,2026-01-16,79,48.0,40.1422
2025-10-29,2026-04-17,170,48.0,56.0318
2025-10-29,2027-01-15,443,47.0,82.5841
2025-10-29,2028-01-21,814,47.0,102.6552
2025-10-30,2025-10-31,1,47.0,6.2753
2025-10-30,2025-11-07,8,47.0,15.7413
2025-10-30,2025-11-14,15,47.0,22.0166
2025-10-30,2025-11-21,22,47.0,24.4629
2025-10-30,2025-11-28,29,47.0,25.7392
2025-10-30,2025-12-05,36,47.0,29.2491
2025-10-30,2025-12-12,43,47.0,30.6318
2025-10-30,2025-12-19,50,47.0,33.0781
2025-10-30,2026-01-16,78,47.0,39.9915
2025-10-30,2026-04-17,169,47.0,55.6265
2025-10-30,2027-01-15,442,47.0,83.0674
2025-10-30,2028-01-21,813,47.0,102.6377
2025-10-31,2025-11-07,7,47.5,13.8305
2025-10-31,2025-11-14,14,47.5,17.5642
2025-10-31,2025-11-21,21,47.5,22.297
2025-10-31,2025-11-28,28,48.0,26.7143
2025-10-31,2025-12-05,35,48.0,27.6609
2025-10-31,2025-12-12,42,48.0,29.6592
2025-10-31,2025-12-19,49,48.0,31.4472
2025-10-31,2026-01-16,77,48.0,39.4405
2025-10-31,2026-04-17,168,48.0,55.5322
2025-10-31,2027-01-15,441,47.0,82.4569
2025-10-31,2028-01-21,812,47.0,100.5469
2025-11-03,2025-11-07,4,45.0,9.7812
2025-11-03,2025-11-14,11,45.0,17.1309
2025-11-03,2025-11-21,18,45.0,21.2202
2025-11-03,2025-11-28,25,45.0,23.2095
2025-11-03,2025-12-05,32,45.0,25.42
2025-11-03,2025-12-12,39,45.0,28.4041
2025-11-03,2025-12-19,46,45.0,31.4987
2025-11-03,2026-01-16,74,45.0,38.6826
2025-11-03,2026-04-17,165,45.0,53.0504
2025-11-03,2027-01-15,438,45.0,80.4598
2025-11-03,2028-01-21,809,45.0,98.4748
2025-11-04,2025-11-07,3,41.5,9.62
2025-11-04,2025-11-14,10,41.5,18.0976
2025-11-04,2025-11-21,17,41.5,17.9173
2025-11-04,2025-11-28,24,42.0,24.531
2025-11-04,2025-12-05,31,42.0,23.9298
2025-11-04,2025-12-12,38,42.0,28.9803
2025-11-04,2025-12-19,45,42.0,29.5815
2025-11-04,2026-01-16,73,42.0,37.037
2025-11-04,2026-04-17,164,42.0,54.3531
2025-11-04,2027-01-15,437,42.0,81.2891
2025-11-04,2028-01-21,808,42.0,98.0038
2025-11-05,2025-11-07,2,43.5,7.649
2025-11-05,2025-11-14,9,43.5,13.6876
2025-11-05,2025-11-21,16,43.5,19.2086
2025-11-05,2025-11-28,23,43.0,20.8765
2025-11-05,2025-12-05,30,43.0,25.0748
2025-11-05,2025-12-12,37,43.0,24.2696
2025-11-05,2025-12-19,44,43.0,28.1804
2025-11-05,2026-01-16,72,43.0,37.9572
2025-11-05,2026-04-17,163,43.0,50.8397
2025-11-05,2027-01-15,436,42.0,78.4449
2025-11-05,2028-01-21,807,42.0,93.9729
2025-11-06,2025-11-07,1,38.5,7.351
2025-11-06,2025-11-14,8,38.0,14.637
2025-11-06,2025-11-21,15,38.0,19.8413
2025-11-06,2025-11-28,22,38.0,23.6794
2025-11-06,2025-12-05,29,38.0,23.8095
2025-11-06,2025-12-12,36,38.0,28.6235
2025-11-06,2025-12-19,43,38.0,30.7052
2025-11-06,2025-12-26,50,38.0,29.7944
2025-11-06,2026-01-16,71,38.0,38.5116
2025-11-06,2026-04-17,162,38.0,51.0018
2025-11-06,2027-01-15,435,37.0,77.1533
2025-11-06,2028-01-21,806,37.0,97.0596
2025-11-07,2025-11-14,7,39.0,12.1873
2025-11-07,2025-11-21,14,39.0,16.9729
2025-11-07,2025-11-28,21,39.0,20.0357
2025-11-07,2025-12-05,28,39.0,23.3538
2025-11-07,2025-12-12,35,39.0,26.4165
2025-11-07,2025-12-19,42,39.0,31.266
2025-11-07,2025-12-26,49,39.0,29.8622
2025-11-07,2026-01-16,70,39.0,37.902
2025-11-07,2026-04-17,161,39.0,53.4712
2025-11-07,2027-01-15,434,40.0,79.3772
2025-11-07,2028-01-21,805,40.0,98.2644
2025-11-10,2025-11-14,4,38.0,10.4222
2025-11-10,2025-11-21,11,38.0,16.3588
2025-11-10,2025-11-28,18,38.0,19.3931
2025-11-10,2025-12-05,25,38.0,22.4274
2025-11-10,2025-12-12,32,38.0,24.8021
2025-11-10,2025-12-19,39,38.0,27.1768
2025-11-10,2025-12-26,46,38.0,29.9472
2025-11-10,2026-01-16,67,38.0,37.5989
2025-11-10,2026-04-17,158,38.0,51.9789
2025-11-10,2027-01-15,431,37.0,77.7045
2025-11-10,2028-01-21,802,37.0,96.5699
2025-11-11,2025-11-14,3,36.0,7.0578
2025-11-11,2025-11-21,10,36.0,14.5309
2025-11-11,2025-11-28,17,36.0,18.5441
2025-11-11,2025-12-05,24,36.0,21.5887
2025-11-11,2025-12-12,31,36.0,25.7404
2025-11-11,2025-12-19,38,36.0,26.5707
2025-11-11,2025-12-26,45,36.0,30.8608
2025-11-11,2026-01-16,66,36.0,35.1508
2025-11-11,2026-04-17,157,36.0,49.9585
2025-11-11,2027-01-15,430,37.0,80.2657
2025-11-11,2028-01-21,801,37.0,102.6847
2025-11-12,2025-11-14,2,36.5,6.6995
2025-11-12,2025-11-21,9,37.0,12.8521
2025-11-12,2025-11-28,16,36.5,16.1334
2025-11-12,2025-12-05,23,37.0,21.4657
2025-11-12,2025-12-12,30,37.0,22.8329
2025-11-12,2025-12-19,37,37.0,25.5674
2025-11-12,2025-12-26,44,37.0,26.3877
2025-11-12,2026-01-16,65,37.0,34.8646
2025-11-12,2026-04-17,156,37.0,54.006
2025-11-12,2027-01-15,429,37.0,80.9407
2025-11-12,2028-01-21,800,37.0,100.9024
2025-11-13,2025-11-14,1,33.5,6.0831
2025-11-13,2025-11-21,8,34.0,12.6113
2025-11-13,2025-11-28,15,33.5,17.2849
2025-11-13,2025-12-05,22,34.0,21.8843
2025-11-13,2025-12-12,29,34.0,24.8516
2025-11-13,2025-12-19,36,34.0,27.8932
2025-11-13,2025-12-26,43,34.0,28.4866
2025-11-13,2026-01-02,50,34.0,29.822
2025-11-13,2026-01-16,64,34.0,31.454
2025-11-13,2026-04-17,155,34.0,52.0772
2025-11-13,2027-01-15,428,35.0,83.6795
2025-11-13,2028-01-21,799,35.0,102.3739
2025-11-14,2025-11-21,7,33.0,11.0653
2025-11-14,2025-11-28,14,33.0,14.0415
2025-11-14,2025-12-05,21,33.0,21.3675
2025-11-14,2025-12-12,28,33.0,23.6569
2025-11-14,2025-12-19,35,33.0,25.4884
2025-11-14,2025-12-26,42,33.0,28.5409
2025-11-14,2026-01-02,49,33.0,29.6093
2025-11-14,2026-01-16,63,33.0,34.7985
2025-11-14,2026-04-17,154,33.0,51.2821
2025-11-14,2027-01-15,427,32.0,79.0598
2025-11-14,2028-01-21,798,32.0,97.9854
2025-11-17,2025-11-21,4,31.0,10.4906
2025-11-17,2025-11-28,11,31.0,15.2518
2025-11-17,2025-12-05,18,31.0,19.3673
2025-11-17,2025-12-12,25,31.0,23.0794
2025-11-17,2025-12-19,32,31.0,24.9354
2025-11-17,2025-12-26,39,31.0,27.9212
2025-11-17,2026-01-02,46,31.0,27.7598
2025-11-17,2026-01-16,60,31.0,33.4087
2025-11-17,2026-04-17,151,31.0,49.7095
2025-11-17,2027-01-15,424,30.0,79.0833
2025-11-17,2028-01-21,795,30.0,98.4506
2025-11-18,2025-11-21,3,32.0,6.3659
2025-11-18,2025-11-28,10,32.0,13.5964
2025-11-18,2025-12-05,17,32.0,17.6831
2025-11-18,2025-12-12,24,32.0,22.1628
2025-11-18,2025-12-19,31,32.0,24.2062
2025-11-18,2025-12-26,38,32.0,25.4637
2025-11-18,2026-01-02,45,32.0,26.171
2025-11-18,2026-01-16,59,32.0,33.1657
2025-11-18,2026-04-17,150,32.0,50.2986
2025-11-18,2027-01-15,423,32.0,76.7054
2025-11-18,2028-01-21,794,32.0,100.9117
2025-11-19,2025-11-21,2,32.5,7.5478
2025-11-19,2025-11-28,9,32.5,13.093
2025-11-19,2025-12-05,16,32.5,15.7116
2025-11-19,2025-12-12,23,32.0,20.3327
2025-11-19,2025-12-19,30,32.0,23.1054
2025-11-19,2025-12-26,37,32.0,26.9563
2025-11-19,2026-01-02,44,32.0,28.3426
2025-11-19,2026-01-16,58,32.0,34.9661
2025-11-19,2026-04-17,149,32.0,50.3697
2025-11-19,2027-01-15,422,32.0,80.2526
2025-11-19,2028-01-21,793,32.0,98.8909
2025-11-20,2025-11-21,1,29.5,8.0123
2025-11-20,2025-11-28,8,29.5,13.297
2025-11-20,2025-12-05,15,29.5,18.1555
2025-11-20,2025-12-12,22,29.0,20.2864
2025-11-20,2025-12-19,29,29.0,25.3154
2025-11-20,2025-12-26,36,29.0,25.5711
2025-11-20,2026-01-02,43,29.0,27.3611
2025-11-20,2026-01-16,57,29.0,33.4129
2025-11-20,2026-04-17,148,29.0,50.1193
2025-11-20,2026-07-17,239,29.0,62.7344
2025-11-20,2027-01-15,421,30.0,81.1456
2025-11-20,2028-01-21,792,30.0,100.2387
2025-11-21,2025-11-28,7,30.0,11.2454
2025-11-21,2025-12-05,14,30.0,15.6932
2025-11-21,2025-12-12,21,30.0,22.0712
2025-11-21,2025-12-19,28,30.0,22.6586
2025-11-21,2025-12-26,35,30.0,27.0225
2025-11-21,2026-01-02,42,30.0,29.8758
2025-11-21,2026-01-16,56,30.0,31.7221
2025-11-21,2026-04-17,147,30.0,51.0238
2025-11-21,2026-07-17,238,30.0,61.0943
2025-11-21,2027-01-15,420,30.0,79.8926
2025-11-21,2028-01-21,791,30.0,100.0336
2025-11-24,2025-11-28,4,30.5,7.8409
2025-11-24,2025-12-05,11,30.5,14.5262
2025-11-24,2025-12-12,18,30.5,20.5513
2025-11-24,2025-12-19,25,30.5,22.3671
2025-11-24,2025-12-26,32,30.0,24.513
2025-11-24,2026-01-02,39,30.0,27.2367
2025-11-24,2026-01-16,53,30.0,29.7128
2025-11-24,2026-04-17,144,30.0,49.0261
2025-11-24,2026-07-17,235,30.0,61.0763
2025-11-24,2027-01-15,417,30.0,77.2532
2025-11-24,2028-01-21,788,30.0,97.2268
2025-11-25,2025-11-28,3,30.5,5.0397
2025-11-25,2025-12-05,10,30.5,13.4666
2025-11-25,2025-12-12,17,30.5,19.0846
2025-11-25,2025-12-19,24,30.5,20.7369
2025-11-25,2025-12-26,31,30.0,24.2895
2025-11-25,2026-01-02,38,30.0,26.4375
2025-11-25,2026-01-16,52,30.0,30.0727
2025-11-25,2026-04-17,143,30.0,47.4223
2025-11-25,2026-07-17,234,30.0,60.3106
2025-11-25,2027-01-15,416,30.0,80.965
2025-11-25,2028-01-21,787,30.0,96.3318
2025-11-26,2025-11-28,2,31.0,5.2691
2025-11-26,2025-12-05,9,31.0,11.9974
2025-11-26,2025-12-12,16,31.0,16.537
2025-11-26,2025-12-19,23,31.0,19.0499
2025-11-26,2025-12-26,30,31.0,23.5084
2025-11-26,2026-01-02,37,31.0,23.6706
2025-11-26,2026-01-09,44,31.0,27.6427
2025-11-26,2026-01-16,51,31.0,29.1829
2025-11-26,2026-04-17,142,31.0,47.8275
2025-11-26,2026-07-17,233,31.0,58.8521
2025-11-26,2027-01-15,415,30.0,70.6874
2025-11-26,2028-01-21,786,30.0,90.6291
2025-11-28,2025-12-05,7,32.5,9.0214
2025-11-28,2025-12-12,14,32.5,14.6024
2025-11-28,2025-12-19,21,32.5,18.4251
2025-11-28,2025-12-26,28,33.0,20.0306
2025-11-28,2026-01-02,35,33.0,22.1713
2025-11-28,2026-01-09,42,33.0,26.2997
2025-11-28,2026-01-16,49,33.0,28.8991
2025-11-28,2026-04-17,140,33.0,45.4128
2025-11-28,2026-07-17,231,33.0,55.5046
2025-11-28,2027-01-15,413,32.0,70.0306
2025-11-28,2028-01-21,784,32.0,90.6728
2025-12-01,2025-12-05,4,31.5,8.4047
2025-12-01,2025-12-12,11,31.5,12.4485
2025-12-01,2025-12-19,18,31.5,17.1265
2025-12-01,2025-12-26,25,32.0,20.1395
2025-12-01,2026-01-02,32,32.0,22.2804
2025-12-01,2026-01-09,39,32.0,25.2934
2025-12-01,2026-01-16,46,32.0,26.4827
2025-12-01,2026-04-17,137,32.0,42.6578
2025-12-01,2026-07-17,228,32.0,55.6613
2025-12-01,2027-01-15,410,32.0,70.4091
2025-12-01,2028-01-21,781,32.0,90.5487
2025-12-02,2025-12-05,3,33.0,10.0304
2025-12-02,2025-12-12,10,33.0,14.8176
2025-12-02,2025-12-19,17,33.0,17.6292
2025-12-02,2025-12-26,24,33.0,18.541
2025-12-02,2026-01-02,31,33.0,22.4164
2025-12-02,2026-01-09,38,33.0,24.1641
2025-12-02,2026-01-16,45,33.0,25.5319
2025-12-02,2026-04-17,136,33.0,46.8085
2025-12-02,2026-07-17,227,33.0,55.0152
2025-12-02,2027-01-15,409,32.0,70.0608
2025-12-02,2028-01-21,780,32.0,90.1216
2025-12-03,2025-12-05,2,34.0,6.1228
2025-12-03,2025-12-12,9,34.0,13.2045
2025-12-03,2025-12-19,16,34.0,16.8929
2025-12-03,2025-12-26,23,34.0,18.7371
2025-12-03,2026-01-02,30,34.0,22.4255
2025-12-03,2026-01-09,37,34.0,25.5238
2025-12-03,2026-01-16,44,34.0,27.1467
2025-12-03,2026-04-17,135,34.0,43.0806
2025-12-03,2026-07-17,226,34.0,56.3588
2025-12-03,2027-01-15,408,35.0,69.9321
2025-12-03,2028-01-21,779,35.0,90.7347
2025-12-04,2025-12-05,1,36.5,4.9904
2025-12-04,2025-12-12,8,37.0,11.4165
2025-12-04,2025-12-19,15,37.0,16.5436
2025-12-04,2025-12-26,22,37.0,19.5515
2025-12-04,2026-01-02,29,37.0,21.4657
2025-12-04,2026-01-09,36,37.0,24.542
2025-12-04,2026-01-16,43,37.0,25.8409
2025-12-04,2026-01-23,50,37.0,26.3877
2025-12-04,2026-04-17,134,37.0,44.0252
2025-12-04,2026-07-17,225,37.0,52.0919
2025-12-04,2027-01-15,407,37.0,70.0027
2025-12-04,2028-01-21,778,37.0,87.9136
2025-12-05,2025-12-12,7,36.0,10.2768
2025-12-05,2025-12-19,14,36.0,14.9609
2025-12-05,2025-12-26,21,36.0,19.6449
2025-12-05,2026-01-02,28,36.0,22.651
2025-12-05,2026-01-09,35,36.0,23.3501
2025-12-05,2026-01-16,42,36.0,25.5872
2025-12-05,2026-01-23,49,36.0,28.943
2025-12-05,2026-04-17,133,36.0,42.7852
2025-12-05,2026-07-17,224,36.0,53.4116
2025-12-05,2027-01-15,406,35.0,68.2327
2025-12-05,2028-01-21,777,35.0,87.9474
2025-12-08,2025-12-12,4,36.0,8.8063
2025-12-08,2025-12-19,11,36.0,13.5588
2025-12-08,2025-12-26,18,36.0,16.8437
2025-12-08,2026-01-02,25,36.0,20.9673
2025-12-08,2026-01-09,32,36.0,22.9242
2025-12-08,2026-01-16,39,36.0,24.1823
2025-12-08,2026-01-23,46,36.0,26.5586
2025-12-08,2026-04-17,130,36.0,42.0744
2025-12-08,2026-07-17,221,36.0,52.2784
2025-12-08,2027-01-15,403,35.0,68.7727
2025-12-08,2028-01-21,774,35.0,85.267
2025-12-09,2025-12-12,3,36.0,7.6679
2025-12-09,2025-12-19,10,36.0,11.8127
2025-12-09,2025-12-26,17,36.0,16.0956
2025-12-09,2026-01-02,24,36.0,22.1746
2025-12-09,2026-01-09,31,36.0,23.2108
2025-12-09,2026-01-16,38,36.0,24.3161
2025-12-09,2026-01-23,45,36.0,26.9411
2025-12-09,2026-04-17,129,36.0,43.3822
2025-12-09,2026-07-17,220,36.0,53.4678
2025-12-09,2027-01-15,402,37.0,68.5272
2025-12-09,2028-01-21,773,37.0,88.0077
2025-12-10,2025-12-12,2,36.5,8.7082
2025-12-10,2025-12-19,9,36.5,15.1536
2025-12-10,2025-12-26,16,36.5,18.4449
2025-12-10,2026-01-02,23,36.0,21.4619
2025-12-10,2026-01-09,30,36.0,23.9989
2025-12-10,2026-01-16,37,36.0,24.5474
2025-12-10,2026-01-23,44,36.0,27.7016
2025-12-10,2026-04-17,128,36.0,43.3352
2025-12-10,2026-07-17,219,36.0,54.169
2025-12-10,2027-01-15,401,37.0,67.6083
2025-12-10,2028-01-21,772,37.0,86.9446
2025-12-11,2025-12-12,1,39.0,5.0823
2025-12-11,2025-12-19,8,39.0,11.5157
2025-12-11,2025-12-26,15,39.0,15.5044
2025-12-11,2026-01-02,22,39.0,19.4931
2025-12-11,2026-01-09,29,39.0,22.7741
2025-12-11,2026-01-16,36,39.0,23.2887
2025-12-11,2026-01-23,43,39.0,26.1194
2025-12-11,2026-01-30,50,39.0,27.2774
2025-12-11,2026-04-17,127,39.0,42.5888
2025-12-11,2026-07-17,218,39.0,52.3675
2025-12-11,2027-01-15,400,40.0,67.9362
2025-12-11,2028-01-21,771,40.0,87.6222
2025-12-12,2025-12-19,7,35.5,11.3668
2025-12-12,2025-12-26,14,35.5,14.9675
2025-12-12,2026-01-02,21,35.0,20.4038
2025-12-12,2026-01-09,28,35.0,20.545
2025-12-12,2026-01-16,35,35.0,22.8749
2025-12-12,2026-01-23,42,35.0,27.111
2025-12-12,2026-01-30,49,35.0,29.7938
2025-12-12,2026-04-17,126,35.0,41.6549
2025-12-12,2026-07-17,217,35.0,51.9627
2025-12-12,2027-01-15,399,35.0,67.0714
2025-12-12,2028-01-21,770,35.0,87.2635
2025-12-15,2025-12-19,4,31.5,14.5933
2025-12-15,2025-12-26,11,31.5,18.5805
2025-12-15,2026-01-02,18,31.5,20.0159
2025-12-15,2026-01-09,25,31.0,23.8437
2025-12-15,2026-01-16,32,31.0,25.0399
2025-12-15,2026-01-23,39,31.0,27.4322
2025-12-15,2026-01-30,46,31.0,27.4322
2025-12-15,2026-04-17,123,31.0,40.9888
2025-12-15,2026-07-17,214,31.0,51.5152
2025-12-15,2027-01-15,396,32.0,71.7703
2025-12-15,2028-01-21,767,32.0,86.4434
2025-12-16,2025-12-19,3,32.5,10.2909
2025-12-16,2025-12-26,10,32.5,16.5583
2025-12-16,2026-01-02,17,32.5,19.1891
2025-12-16,2026-01-09,24,32.0,21.8199
2025-12-16,2026-01-16,31,32.0,23.3674
2025-12-16,2026-01-23,38,32.0,26.3076
2025-12-16,2026-01-30,45,32.0,27.5457
2025-12-16,2026-04-17,122,32.0,40.2352
2025-12-16,2026-07-17,213,32.0,52.9248
2025-12-16,2027-01-15,395,32.0,69.6379
2025-12-16,2028-01-21,766,32.0,86.97
2025-12-17,2025-12-19,2,30.0,11.087
2025-12-17,2025-12-26,9,30.0,16.5889
2025-12-17,2026-01-02,16,30.0,20.5068
2025-12-17,2026-01-09,23,30.0,23.6746
2025-12-17,2026-01-16,30,30.0,22.6742
2025-12-17,2026-01-23,37,30.0,29.9266
2025-12-17,2026-01-30,44,30.0,30.01
2025-12-17,2026-04-17,121,30.0,41.6806
2025-12-17,2026-07-17,212,30.0,53.0177
2025-12-17,2027-01-15,394,30.0,68.6896
2025-12-17,2028-01-21,765,30.0,88.1961
2025-12-18,2025-12-19,1,30.0,7.7737
2025-12-18,2025-12-26,8,30.0,13.8935
2025-12-18,2026-01-02,15,30.0,17.2842
2025-12-18,2026-01-09,22,30.0,19.6824
2025-12-18,2026-01-16,29,30.0,21.2537
2025-12-18,2026-01-23,36,30.0,23.652
2025-12-18,2026-01-30,43,30.0,27.2908
2025-12-18,2026-02-20,64,30.0,31.9219
2025-12-18,2026-04-17,120,30.0,41.5151
2025-12-18,2026-07-17,211,30.0,52.7622
2025-12-18,2027-01-15,393,30.0,66.6556
2025-12-18,2028-01-21,764,30.0,84.5187
2025-12-19,2025-12-26,7,33.0,8.023
2025-12-19,2026-01-02,14,33.0,13.0942
2025-12-19,2026-01-09,21,33.0,16.8786
2025-12-19,2026-01-16,28,33.0,19.452
2025-12-19,2026-01-23,35,33.0,21.7227
2025-12-19,2026-01-30,42,33.0,25.3557
2025-12-19,2026-02-20,63,33.0,31.0324
2025-12-19,2026-04-17,119,33.0,40.4178
2025-12-19,2026-07-17,210,33.0,51.6197
2025-12-19,2027-01-15,392,32.0,66.0006
2025-12-19,2028-01-21,763,32.0,84.4687
2025-12-22,2025-12-26,4,33.0,6.2159
2025-12-22,2026-01-02,11,33.0,11.5979
2025-12-22,2026-01-09,18,33.0,16.0703
2025-12-22,2026-01-16,25,33.0,18.8751
2025-12-22,2026-01-23,32,33.0,19.4057
2025-12-22,2026-01-30,39,33.0,21.8314
2025-12-22,2026-02-20,60,33.0,27.7441
2025-12-22,2026-04-17,116,33.0,38.0534
2025-12-22,2026-07-17,207,33.0,50.4851
2025-12-22,2027-01-15,389,32.0,64.8878
2025-12-22,2028-01-21,760,32.0,83.5355
2025-12-23,2025-12-26,3,31.5,5.1181
2025-12-23,2026-01-02,10,32.0,10.1575
2025-12-23,2026-01-09,17,32.0,12.8346
2025-12-23,2026-01-16,24,32.0,17.1654
2025-12-23,2026-01-23,31,32.0,21.5748
2025-12-23,2026-01-30,38,32.0,25.4331
2025-12-23,2026-02-20,59,32.0,25.3543
2025-12-23,2026-04-17,115,32.0,36.5354
2025-12-23,2026-07-17,206,32.0,50.2362
2025-12-23,2027-01-15,388,32.0,64.5669
2025-12-23,2028-01-21,759,32.0,82.0472
2025-12-24,2025-12-26,2,30.5,3.7129
2025-12-24,2026-01-02,9,30.5,8.5809
2025-12-24,2026-01-09,16,30.5,15.5941
2025-12-24,2026-01-16,23,30.5,18.5644
2025-12-24,2026-01-23,30,30.0,19.2244
2025-12-24,2026-01-30,37,30.0,22.3597
2025-12-24,2026-02-06,44,30.0,22.7723
2025-12-24,2026-02-20,58,30.0,26.7327
2025-12-24,2026-04-17,114,30.0,36.1386
2025-12-24,2026-07-17,205,30.0,50.6601
2025-12-24,2027-01-15,387,30.0,65.0165
2025-12-24,2028-01-21,758,30.0,83.3333
2025-12-26,2026-01-02,7,28.0,7.8098
2025-12-26,2026-01-09,14,28.0,13.4258
2025-12-26,2026-01-16,21,28.0,15.6195
2025-12-26,2026-01-23,28,28.0,19.9193
2025-12-26,2026-01-30,35,28.0,25.3598
2025-12-26,2026-02-06,42,28.0,24.921
2025-12-26,2026-02-20,56,28.0,28.9575
2025-12-26,2026-04-17,112,28.0,37.3815
2025-12-26,2026-07-17,203,28.0,50.3686
2025-12-26,2027-01-15,385,27.0,64.9351
2025-12-26,2028-01-21,756,28.0,81.9586
2025-12-29,2026-01-02,4,26.0,7.2861
2025-12-29,2026-01-09,11,26.0,11.6389
2025-12-29,2026-01-16,18,26.0,17.7896
2025-12-29,2026-01-23,25,26.0,19.9659
2025-12-29,2026-01-30,32,26.0,23.2778
2025-12-29,2026-02-06,39,26.0,26.022
2025-12-29,2026-02-20,53,26.0,29.3338
2025-12-29,2026-04-17,109,26.0,39.7426
2025-12-29,2026-07-17,200,26.0,49.7729
2025-12-29,2027-01-15,382,27.0,66.8055
2025-12-29,2028-01-21,753,25.0,79.4852
2025-12-30,2026-01-02,3,25.0,6.2274
2025-12-30,2026-01-09,10,25.0,13.4592
2025-12-30,2026-01-16,17,25.0,15.7694
2025-12-30,2026-01-23,24,25.0,19.9879
2025-12-30,2026-01-30,31,25.0,22.3986
2025-12-30,2026-02-06,38,25.0,26.4162
2025-12-30,2026-02-20,52,25.0,25.3114
2025-12-30,2026-04-17,108,25.0,38.3688
2025-12-30,2026-07-17,199,25.0,51.2254
2025-12-30,2027-01-15,381,25.0,66.2917
2025-12-30,2028-01-21,752,25.0,83.1659
2025-12-31,2026-01-02,2,24.0,3.8526
2025-12-31,2026-01-09,9,24.0,11.8701
2025-12-31,2026-01-16,16,24.0,16.1391
2025-12-31,2026-01-23,23,24.0,18.5339
2025-12-31,2026-01-30,30,24.0,21.5535
2025-12-31,2026-02-06,37,24.0,26.1349
2025-12-31,2026-02-13,44,24.0,29.6751
2025-12-31,2026-02-20,51,24.0,27.2803
2025-12-31,2026-04-17,107,24.0,38.1091
2025-12-31,2026-07-17,198,24.0,51.2287
2025-12-31,2027-01-15,380,25.0,67.6801
2025-12-31,2028-01-21,751,25.0,88.713
2026-01-02,2026-01-09,7,27.5,11.4089
2026-01-02,2026-01-16,14,28.0,15.4835
2026-01-02,2026-01-23,21,28.0,21.0069
2026-01-02,2026-01-30,28,28.0,24.0855
2026-01-02,2026-02-06,35,28.0,23.8138
2026-01-02,2026-02-13,42,28.0,30.7859
2026-01-02,2026-02-20,49,28.0,29.3372
2026-01-02,2026-04-17,105,28.0,35.9471
2026-01-02,2026-07-17,196,28.0,53.966
2026-01-02,2027-01-15,378,27.0,64.2883
2026-01-02,2028-01-21,749,28.0,84.933
2026-01-05,2026-01-09,4,31.0,8.9661
2026-01-05,2026-01-16,11,31.0,13.8126
2026-01-05,2026-01-23,18,31.0,18.5784
2026-01-05,2026-01-30,25,31.0,18.7399
2026-01-05,2026-02-06,32,31.0,24.0711
2026-01-05,2026-02-13,39,31.0,25.4443
2026-01-05,2026-02-20,46,31.0,27.4637
2026-01-05,2026-04-17,102,31.0,38.7722
2026-01-05,2026-07-17,193,31.0,51.5347
2026-01-05,2027-01-15,375,30.0,65.4281
2026-01-05,2028-01-21,746,30.0,84.4911
2026-01-06,2026-01-09,3,32.0,8.3803
2026-01-06,2026-01-16,10,32.0,13.9411
2026-01-06,2026-01-23,17,32.0,17.5439
2026-01-06,2026-01-30,24,32.0,20.755
2026-01-06,2026-02-06,31,32.0,23.0263
2026-01-06,2026-02-13,38,32.0,23.183
2026-01-06,2026-02-20,45,32.0,26.7857
2026-01-06,2026-04-17,101,32.0,38.0639
2026-01-06,2026-07-17,192,32.0,51.5351
2026-01-06,2027-01-15,374,32.0,65.3195
2026-01-06,2028-01-21,745,32.0,84.1165
2026-01-07,2026-01-09,2,31.5,8.7691
2026-01-07,2026-01-16,9,31.5,12.9943
2026-01-07,2026-01-23,16,31.5,16.3425
2026-01-07,2026-01-30,23,31.0,19.5312
2026-01-07,2026-02-06,30,31.0,22.5606
2026-01-07,2026-02-13,37,31.0,23.9158
2026-01-07,2026-02-20,44,31.0,25.8291
2026-01-07,2026-04-17,100,31.0,36.8304
2026-01-07,2026-07-17,191,31.0,49.426
2026-01-07,2027-01-15,373,32.0,64.2538
2026-01-07,2028-01-21,744,32.0,88.0102
2026-01-08,2026-01-09,1,33.0,4.9168
2026-01-08,2026-01-16,8,33.0,11.5734
2026-01-08,2026-01-23,15,33.0,16.8684
2026-01-08,2026-01-30,22,33.0,19.8185
2026-01-08,2026-02-06,29,33.0,21.3313
2026-01-08,2026-02-13,36,33.0,27.6097
2026-01-08,2026-02-20,43,33.0,26.3238
2026-01-08,2026-02-27,50,33.0,28.3661
2026-01-08,2026-04-17,99,33.0,38.4266
2026-01-08,2026-07-17,190,33.0,50.8321
2026-01-08,2027-01-15,372,32.0,64.9017
2026-01-08,2028-01-21,743,32.0,82.4508
2026-01-09,2026-01-16,7,32.0,10.856
2026-01-09,2026-01-23,14,32.0,14.9953
2026-01-09,2026-01-30,21,32.0,18.9003
2026-01-09,2026-02-06,28,32.0,20.4624
2026-01-09,2026-02-13,35,32.0,23.4302
2026-01-09,2026-02-20,42,32.0,24.9922
2026-01-09,2026-02-27,49,32.0,24.6798
2026-01-09,2026-04-17,98,32.0,34.5205
2026-01-09,2026-07-17,189,32.0,49.3596
2026-01-09,2027-01-15,371,32.0,64.1987
2026-01-09,2028-01-21,742,32.0,84.9735
2026-01-12,2026-01-16,4,33.5,9.6384
2026-01-12,2026-01-23,11,33.5,14.3455
2026-01-12,2026-01-30,18,33.0,16.2881
2026-01-12,2026-02-06,25,33.0,21.2194
2026-01-12,2026-02-13,32,33.0,23.3114
2026-01-12,2026-02-20,39,33.0,24.9552
2026-01-12,2026-02-27,46,33.5,25.4035
2026-01-12,2026-04-17,95,33.0,36.312
2026-01-12,2026-07-17,186,33.0,50.0598
2026-01-12,2027-01-15,368,32.0,61.7155
2026-01-12,2028-01-21,739,32.0,83.2337
2026-01-13,2026-01-16,3,32.5,7.7113
2026-01-13,2026-01-23,10,32.5,11.3356
2026-01-13,2026-01-30,17,32.0,15.4226
2026-01-13,2026-02-06,24,32.0,18.43
2026-01-13,2026-02-13,31,32.0,20.0494
2026-01-13,2026-02-20,38,32.0,22.8254
2026-01-13,2026-02-27,45,32.5,26.6811
2026-01-13,2026-04-17,94,32.0,35.6262
2026-01-13,2026-07-17,185,32.0,48.5811
2026-01-13,2027-01-15,367,32.0,63.2326
2026-01-13,2028-01-21,738,32.0,84.5157
2026-01-14,2026-01-16,2,34.5,6.3282
2026-01-14,2026-01-23,9,34.5,12.4382
2026-01-14,2026-01-30,16,34.0,17.4571
2026-01-14,2026-02-06,23,34.0,18.1117
2026-01-14,2026-02-13,30,34.0,21.5304
2026-01-14,2026-02-20,37,34.0,24.2944
2026-01-14,2026-02-27,44,34.5,23.5671
2026-01-14,2026-04-17,93,34.0,36.3689
2026-01-14,2026-07-17,184,34.0,45.6794
2026-01-14,2027-01-15,366,35.0,64.4457
2026-01-14,2028-01-21,737,35.0,84.2304
2026-01-15,2026-01-16,1,33.5,4.4188
2026-01-15,2026-01-23,8,33.5,11.459
2026-01-15,2026-01-30,15,33.0,15.2786
2026-01-15,2026-02-06,22,33.0,17.8999
2026-01-15,2026-02-13,29,33.0,21.2702
2026-01-15,2026-02-20,36,33.0,22.6183
2026-01-15,2026-02-27,43,33.5,26.2133
2026-01-15,2026-03-20,64,33.0,29.3589
2026-01-15,2026-04-17,92,33.0,35.5003
2026-01-15,2026-07-17,183,33.0,49.4308
2026-01-15,2027-01-15,365,32.0,63.8107
2026-01-15,2028-01-21,736,32.0,83.8826
2026-01-16,2026-01-23,7,35.5,9.4617
2026-01-16,2026-01-30,14,36.0,13.3165
2026-01-16,2026-02-06,21,36.0,18.8534
2026-01-16,2026-02-13,28,36.0,20.6056
2026-01-16,2026-02-20,35,36.0,22.568
2026-01-16,2026-02-27,42,35.5,22.6381
2026-01-16,2026-03-20,63,36.0,29.857
2026-01-16,2026-04-17,91,36.0,36.8657
2026-01-16,2026-07-17,182,36.0,49.4814
2026-01-16,2027-01-15,364,35.0,66.162
2026-01-16,2028-01-21,735,35.0,83.4034
2026-01-20,2026-01-23,3,34.0,7.6048
2026-01-20,2026-01-30,10,34.0,12.0348
2026-01-20,2026-02-06,17,34.0,16.6864
2026-01-20,2026-02-13,24,34.0,21.707
2026-01-20,2026-02-20,31,34.0,22.2977
2026-01-20,2026-02-27,38,34.0,22.2977
2026-01-20,2026-03-20,59,34.0,29.3857
2026-01-20,2026-04-17,87,34.0,35.44
2026-01-20,2026-07-17,178,34.0,48.1394
2026-01-20,2027-01-15,360,35.0,66.7454
2026-01-20,2028-01-21,731,35.0,87.4188
2026-01-21,2026-01-23,2,35.0,7.336
2026-01-21,2026-01-30,9,35.0,12.7302
2026-01-21,2026-02-06,16,35.0,17.9804
2026-01-21,2026-02-13,23,35.0,20.7854
2026-01-21,2026-02-20,30,35.0,22.2957
2026-01-21,2026-02-27,37,35.0,24.1657
2026-01-21,2026-03-20,58,35.0,29.6318
2026-01-21,2026-04-17,86,35.0,34.5224
2026-01-21,2026-07-17,177,35.0,47.4684
2026-01-21,2027-01-15,359,35.0,67.1749
2026-01-21,2028-01-21,730,35.0,83.7169
2026-01-22,2026-01-23,1,36.0,4.6412
2026-01-22,2026-01-30,8,36.0,10.6678
2026-01-22,2026-02-06,15,36.0,15.3782
2026-01-22,2026-02-13,22,36.0,18.8418
2026-01-22,2026-02-20,29,36.0,21.0585
2026-01-22,2026-02-27,36,36.0,22.1668
2026-01-22,2026-03-06,43,36.0,25.0762
2026-01-22,2026-03-20,57,36.0,29.5096
2026-01-22,2026-04-17,85,36.0,35.6054
2026-01-22,2026-07-17,176,36.0,47.7972
2026-01-22,2027-01-15,358,37.0,67.4702
2026-01-22,2028-01-21,729,37.0,86.5891
2026-01-23,2026-01-30,7,34.5,10.9415
2026-01-23,2026-02-06,14,34.5,15.0446
2026-01-23,2026-02-13,21,35.0,17.852
2026-01-23,2026-02-20,28,34.5,20.8753
2026-01-23,2026-02-27,35,34.5,22.8909
2026-01-23,2026-03-06,42,34.5,24.4025
2026-01-23,2026-03-20,56,35.0,29.5134
2026-01-23,2026-04-17,84,35.0,33.8324
2026-01-23,2026-07-17,175,35.0,47.7973
2026-01-23,2027-01-15,357,35.0,64.7855
2026-01-23,2028-01-21,728,35.0,84.653
2026-01-26,2026-01-30,4,33.0,8.3867
2026-01-26,2026-02-06,11,33.0,16.6972
2026-01-26,2026-02-13,18,33.0,20.1281
2026-01-26,2026-02-20,25,33.0,18.7557
2026-01-26,2026-02-27,32,33.0,22.4916
2026-01-26,2026-03-06,39,33.0,23.9402
2026-01-26,2026-03-20,53,33.0,27.4474
2026-01-26,2026-04-17,81,33.0,33.0894
2026-01-26,2026-07-17,172,33.0,46.9655
2026-01-26,2027-01-15,354,32.0,64.9588
2026-01-26,2028-01-21,725,32.0,86.3068
2026-01-27,2026-01-30,3,35.0,9.5496
2026-01-27,2026-02-06,10,35.0,13.8255
2026-01-27,2026-02-13,17,35.0,18.5291
2026-01-27,2026-02-20,24,35.0,18.9567
2026-01-27,2026-02-27,31,35.0,23.5177
2026-01-27,2026-03-06,38,35.0,24.0165
2026-01-27,2026-03-20,52,35.0,29.0764
2026-01-27,2026-04-17,80,35.0,33.9225
2026-01-27,2026-07-17,171,35.0,47.748
2026-01-27,2027-01-15,353,35.0,65.5644
2026-01-27,2028-01-21,724,35.0,85.0912
2026-01-28,2026-01-30,2,34.5,6.8017
2026-01-28,2026-02-06,9,34.5,12.6628
2026-01-28,2026-02-13,16,34.5,16.4255
2026-01-28,2026-02-20,23,34.5,18.4515
2026-01-28,2026-02-27,30,34.5,21.9247
2026-01-28,2026-03-06,37,34.5,23.2996
2026-01-28,2026-03-20,51,35.0,29.9566
2026-01-28,2026-04-17,79,35.0,33.4298
2026-01-28,2026-07-17,170,35.0,45.7308
2026-01-28,2027-01-15,352,35.0,65.5572
2026-01-28,2028-01-21,723,35.0,83.068
2026-01-29,2026-01-30,1,32.0,4.7493
2026-01-29,2026-02-06,8,32.0,10.9779
2026-01-29,2026-02-13,15,32.0,14.9486
2026-01-29,2026-02-20,22,32.0,18.5301
2026-01-29,2026-02-27,29,32.0,21.4886
2026-01-29,2026-03-06,36,32.0,24.5251
2026-01-29,2026-03-13,43,32.0,25.7708
2026-01-29,2026-03-20,50,32.0,27.7172
2026-01-29,2026-04-17,78,32.0,33.0115
2026-01-29,2026-07-17,169,32.0,47.493
2026-01-29,2027-01-15,351,32.0,64.3102
2026-01-29,2028-01-21,722,32.0,86.5774
2026-01-30,2026-02-06,7,29.5,10.9713
2026-01-30,2026-02-13,14,29.5,15.9041
2026-01-30,2026-02-20,21,29.0,18.8808
2026-01-30,2026-02-27,28,29.5,18.2004
2026-01-30,2026-03-06,35,29.5,23.4734
2026-01-30,2026-03-13,42,29.5,26.1949
2026-01-30,2026-03-20,49,29.0,24.8342
2026-01-30,2026-04-17,77,29.0,32.9988
2026-01-30,2026-07-17,168,29.0,47.1169
2026-01-30,2027-01-15,350,30.0,64.8069
2026-01-30,2028-01-21,721,30.0,85.7289
2026-02-02,2026-02-06,4,27.5,11.1873
2026-02-02,2026-02-13,11,27.5,15.0668
2026-02-02,2026-02-20,18,28.0,17.5027
2026-02-02,2026-02-27,25,27.5,20.5702
2026-02-02,2026-03-06,32,28.0,23.7279
2026-02-02,2026-03-13,39,28.0,25.803
2026-02-02,2026-03-20,46,28.0,25.4421
2026-02-02,2026-04-17,74,28.0,33.9228
2026-02-02,2026-07-17,165,28.0,47.9971
2026-02-02,2027-01-15,347,27.0,60.8084
2026-02-02,2028-01-21,718,28.0,88.2353
2026-02-03,2026-02-06,3,30.0,9.3677
2026-02-03,2026-02-13,10,30.0,14.3024
2026-02-03,2026-02-20,17,30.0,17.3971
2026-02-03,2026-02-27,24,30.0,18.9863
2026-02-03,2026-03-06,31,30.0,23.5028
2026-02-03,2026-03-13,38,30.0,25.7611
2026-02-03,2026-03-20,45,30.0,26.263
2026-02-03,2026-04-17,73,30.0,32.6196
2026-02-03,2026-07-17,164,30.0,47.5075
2026-02-03,2027-01-15,346,30.0,67.7484
2026-02-03,2028-01-21,717,30.0,86.1492
2026-02-04,2026-02-06,2,28.0,10.8774
2026-02-04,2026-02-13,9,28.0,14.5631
2026-02-04,2026-02-20,16,28.0,18.2488
2026-02-04,2026-02-27,23,28.0,22.384
2026-02-04,2026-03-06,30,28.0,21.575
2026-02-04,2026-03-13,37,28.0,26.7889
2026-02-04,2026-03-20,44,28.0,27.1485
2026-02-04,2026-04-17,72,28.0,34.52
2026-02-04,2026-07-17,163,28.0,46.9256
2026-02-04,2027-01-15,345,27.0,65.6239
2026-02-04,2028-01-21,716,28.0,89.8957
2026-02-05,2026-02-06,1,26.0,6.6986
2026-02-05,2026-02-13,8,26.0,15.2153
2026-02-05,2026-02-20,15,26.0,17.6077
2026-02-05,2026-02-27,22,26.0,23.7321
2026-02-05,2026-03-06,29,26.0,22.6794
2026-02-05,2026-03-13,36,26.0,26.5072
2026-02-05,2026-03-20,43,26.0,27.177
2026-02-05,2026-03-27,50,26.0,29.5694
2026-02-05,2026-04-17,71,26.0,34.6411
2026-02-05,2026-07-17,162,26.0,48.6124
2026-02-05,2027-01-15,344,27.0,66.6029
2026-02-05,2028-01-21,715,25.0,87.2727
2026-02-06,2026-02-13,7,29.0,11.5582
2026-02-06,2026-02-20,14,29.0,16.524
2026-02-06,2026-02-27,21,29.0,17.2089
2026-02-06,2026-03-06,28,29.0,21.5753
2026-02-06,2026-03-13,35,29.0,24.4007
2026-02-06,2026-03-20,42,29.0,26.7123
2026-02-06,2026-03-27,49,29.0,28.7671
2026-02-06,2026-04-17,70,29.0,32.7055
2026-02-06,2026-07-17,161,29.0,48.8014
2026-02-06,2027-01-15,343,30.0,66.2671
2026-02-06,2028-01-21,714,30.0,86.9863
2026-02-09,2026-02-13,4,28.5,10.5189
2026-02-09,2026-02-20,11,28.5,14.5512
2026-02-09,2026-02-27,18,28.5,19.46
2026-02-09,2026-03-06,25,28.5,20.8626
2026-02-09,2026-03-13,32,28.5,23.7553
2026-02-09,2026-03-20,39,29.0,25.7714
2026-02-09,2026-03-27,46,28.5,28.9271
2026-02-09,2026-04-17,67,29.0,31.5568
2026-02-09,2026-07-17,158,29.0,47.6858
2026-02-09,2027-01-15,340,30.0,67.8471
2026-02-09,2028-01-21,711,28.0,86.6059
2026-02-10,2026-02-13,3,26.5,10.4796
2026-02-10,2026-02-20,10,26.5,13.8784
2026-02-10,2026-02-27,17,26.5,18.3157
2026-02-10,2026-03-06,24,26.0,19.9207
2026-02-10,2026-03-13,31,26.0,22.9418
2026-02-10,2026-03-20,38,26.0,24.8301
2026-02-10,2026-03-27,45,26.5,29.4562
2026-02-10,2026-04-17,66,26.0,32.4773
2026-02-10,2026-07-17,157,26.0,45.6949
2026-02-10,2027-01-15,339,27.0,64.577
2026-02-10,2028-01-21,710,25.0,85.1586
2026-02-11,2026-02-13,2,26.0,7.8364
2026-02-11,2026-02-20,9,26.0,13.857
2026-02-11,2026-02-27,16,26.0,17.2974
2026-02-11,2026-03-06,23,26.0,20.5466
2026-02-11,2026-03-13,30,26.0,22.8402
2026-02-11,2026-03-20,37,26.0,24.656
2026-02-11,2026-03-27,44,26.0,26.2806
2026-02-11,2026-04-17,65,26.0,31.5367
2026-02-11,2026-07-17,156,26.0,47.7829
2026-02-11,2027-01-15,338,27.0,66.1315
2026-02-11,2028-01-21,709,25.0,82.9511
2026-02-12,2026-02-13,1,25.0,5.5488
2026-02-12,2026-02-20,8,25.0,13.8216
2026-02-12,2026-02-27,15,25.0,19.774
2026-02-12,2026-03-06,22,25.0,20.5811
2026-02-12,2026-03-13,29,25.0,26.8362
2026-02-12,2026-03-20,36,25.0,24.9193
2026-02-12,2026-03-27,43,25.0,30.569
2026-02-12,2026-04-02,49,25.0,28.2486
2026-02-12,2026-04-17,64,25.0,31.8805
2026-02-12,2026-07-17,155,25.0,46.2066
2026-02-12,2027-01-15,337,25.0,65.3753
2026-02-12,2028-01-21,708,25.0,90.799
2026-02-13,2026-02-20,7,25.0,11.6983
2026-02-13,2026-02-27,14,25.0,16.6398
2026-02-13,2026-03-06,21,25.0,19.8669
2026-02-13,2026-03-13,28,25.0,22.5898
2026-02-13,2026-03-20,35,25.0,24.5058
2026-02-13,2026-03-27,42,25.0,26.9262
2026-02-13,2026-04-02,48,25.0,28.0355
2026-02-13,2026-04-17,63,25.0,31.4643
2026-02-13,2026-07-17,154,25.0,47.1964
2026-02-13,2027-01-15,336,25.0,64.3405
2026-02-13,2028-01-21,707,25.0,88.5438
2026-02-17,2026-02-20,3,25.0,10.3052
2026-02-17,2026-02-27,10,25.0,15.5569
2026-02-17,2026-03-06,17,25.0,21.4031
2026-02-17,2026-03-13,24,25.0,24.1776
2026-02-17,2026-03-20,31,25.0,24.0785
2026-02-17,2026-03-27,38,25.0,27.8438
2026-02-17,2026-04-02,44,25.0,26.0602
2026-02-17,2026-04-17,59,25.0,31.3119
2026-02-17,2026-07-17,150,25.0,46.3734
2026-02-17,2027-01-15,332,25.0,65.2002
2026-02-17,2028-01-21,703,25.0,88.585
2026-02-18,2026-02-20,2,25.0,7.0802
2026-02-18,2026-02-27,9,25.0,12.7643
2026-02-18,2026-03-06,16,25.0,16.8528
2026-02-18,2026-03-13,23,25.0,19.7447
2026-02-18,2026-03-20,30,25.0,22.5369
2026-02-18,2026-03-27,37,25.0,26.5257
2026-02-18,2026-04-02,43,25.0,27.5229
2026-02-18,2026-04-17,58,25.0,28.7196
2026-02-18,2026-07-17,149,25.0,46.071
2026-02-18,2027-01-15,331,25.0,63.8213
2026-02-18,2028-01-21,702,25.0,84.3638
2026-02-19,2026-02-20,1,25.5,5.2611
2026-02-19,2026-02-27,8,25.5,12.1785
2026-02-19,2026-03-06,15,25.5,16.3679
2026-02-19,2026-03-13,22,26.0,19.3882
2026-02-19,2026-03-20,29,26.0,21.629
2026-02-19,2026-03-27,36,25.5,23.7724
2026-02-19,2026-04-02,42,25.5,25.6235
2026-02-19,2026-04-17,57,26.0,28.8387
2026-02-19,2026-07-17,148,26.0,44.622
2026-02-19,2026-10-16,239,26.0,55.9236
2026-02-19,2027-01-15,330,25.0,64.4973
2026-02-19,2028-01-21,701,25.0,86.3211
2026-02-20,2026-02-27,7,24.5,9.7561
2026-02-20,2026-03-06,14,24.5,14.8374
2026-02-20,2026-03-13,21,25.0,16.565
2026-02-20,2026-03-20,28,25.0,20.5285
2026-02-20,2026-03-27,35,24.5,22.1545
2026-02-20,2026-04-02,41,24.5,20.6301
2026-02-20,2026-04-17,56,25.0,27.8455
2026-02-20,2026-07-17,147,25.0,44.1057
2026-02-20,2026-10-16,238,25.0,57.5203
2026-02-20,2027-01-15,329,25.0,64.6341
2026-02-20,2028-01-21,700,25.0,89.0244
2026-02-23,2026-02-27,4,24.5,8.8993
2026-02-23,2026-03-06,11,24.5,13.1956
2026-02-23,2026-03-13,18,24.5,16.2643
2026-02-23,2026-03-20,25,24.5,20.1514
2026-02-23,2026-03-27,32,24.5,22.6064
2026-02-23,2026-04-02,38,24.5,24.3453
2026-02-23,2026-04-17,53,24.0,26.1866
2026-02-23,2026-07-17,144,24.0,43.7807
2026-02-23,2026-10-16,235,24.0,54.6236
2026-02-23,2027-01-15,326,25.0,63.6252
2026-02-23,2028-01-21,697,25.0,86.9476
2026-02-24,2026-02-27,3,25.5,7.7695
2026-02-24,2026-03-06,10,25.5,12.6869
2026-02-24,2026-03-13,17,25.5,15.9323
2026-02-24,2026-03-20,24,25.5,19.2762
2026-02-24,2026-03-27,31,25.5,21.5382
2026-02-24,2026-04-02,37,25.5,24.6853
2026-02-24,2026-04-17,52,25.0,27.0456
2026-02-24,2026-07-17,143,25.0,42.8796
2026-02-24,2026-10-16,234,25.0,53.3045
2026-02-24,2027-01-15,325,25.0,63.5327
2026-02-24,2028-01-21,696,25.0,88.7097
2026-02-25,2026-02-27,2,27.0,6.25
2026-02-25,2026-03-06,9,27.0,11.7647
2026-02-25,2026-03-13,16,27.0,15.3493
2026-02-25,2026-03-20,23,27.0,18.2904
2026-02-25,2026-03-27,30,27.0,18.8419
2026-02-25,2026-04-02,36,27.0,20.5882
2026-02-25,2026-04-17,51,27.0,27.0221
2026-02-25,2026-07-17,142,27.0,44.3015
2026-02-25,2026-10-16,233,27.0,53.8603
2026-02-25,2027-01-15,324,27.0,61.5809
2026-02-25,2028-01-21,695,28.0,88.2353
2026-02-26,2026-02-27,1,27.5,5.5014
2026-02-26,2026-03-06,8,27.5,11.2734
2026-02-26,2026-03-13,15,27.5,18.4885
2026-02-26,2026-03-20,22,27.5,17.1356
2026-02-26,2026-03-27,29,27.5,21.1039
2026-02-26,2026-04-02,35,27.5,22.096
2026-02-26,2026-04-10,43,27.5,23.3586
2026-02-26,2026-04-17,50,28.0,27.0563
2026-02-26,2026-07-17,141,28.0,42.2078
2026-02-26,2026-10-16,232,28.0,53.9322
2026-02-26,2027-01-15,323,27.0,60.4257
2026-02-26,2028-01-21,694,28.0,84.0548
2026-02-27,2026-03-06,7,26.5,9.7781
2026-02-27,2026-03-13,14,26.5,13.821
2026-02-27,2026-03-20,21,26.5,17.2997
2026-02-27,2026-03-27,28,26.5,19.5562
2026-02-27,2026-04-02,34,26.5,23.223
2026-02-27,2026-04-10,42,26.5,26.8898
2026-02-27,2026-04-17,49,27.0,25.6675
2026-02-27,2026-07-17,140,27.0,43.0613
2026-02-27,2026-10-16,231,27.0,55.472
2026-02-27,2027-01-15,322,27.0,61.8654
2026-02-27,2028-01-21,693,28.0,91.1997
2026-03-02,2026-03-06,4,27.5,8.7958
2026-03-02,2026-03-13,11,27.5,12.7856
2026-03-02,2026-03-20,18,27.5,16.5034
2026-03-02,2026-03-27,25,27.5,19.4052
2026-03-02,2026-04-02,31,27.5,21.5814
2026-03-02,2026-04-10,39,27.5,23.2136
2026-03-02,2026-04-17,46,28.0,24.0297
2026-03-02,2026-07-17,137,28.0,44.9764
2026-03-02,2026-10-16,228,28.0,55.4951
2026-03-02,2027-01-15,319,27.0,61.4799
2026-03-02,2028-01-21,690,28.0,87.7766
2026-03-03,2026-03-06,3,26.0,7.7825
2026-03-03,2026-03-13,10,26.0,12.5865
2026-03-03,2026-03-20,17,26.0,16.0453
2026-03-03,2026-03-27,24,26.0,17.8709
2026-03-03,2026-04-02,30,26.0,21.1376
2026-03-03,2026-04-10,38,26.0,26.5181
2026-03-03,2026-04-17,45,26.0,25.0769
2026-03-03,2026-07-17,136,26.0,45.9262
2026-03-03,2026-10-16,227,26.0,55.5342
2026-03-03,2027-01-15,318,27.0,62.8363
2026-03-03,2028-01-21,689,25.0,84.7425
2026-03-04,2026-03-06,2,26.5,6.0698
2026-03-04,2026-03-13,9,26.5,11.3809
2026-03-04,2026-03-20,16,26.5,15.459
2026-03-04,2026-03-27,23,26.5,17.83
2026-03-04,2026-04-02,29,26.5,18.7785
2026-03-04,2026-04-10,37,26.5,22.5721
2026-03-04,2026-04-17,44,26.0,25.1328
2026-03-04,2026-07-17,135,26.0,43.8164
2026-03-04,2026-10-16,226,26.0,55.1973
2026-03-04,2027-01-15,317,27.0,62.5948
2026-03-04,2028-01-21,688,25.0,85.9256
2026-03-05,2026-03-06,1,25.5,4.5952
2026-03-05,2026-03-13,8,25.5,10.5592
2026-03-05,2026-03-20,15,25.5,14.6656
2026-03-05,2026-03-27,22,25.5,16.9144
2026-03-05,2026-04-02,28,25.5,18.6742
2026-03-05,2026-04-10,36,25.5,22.6828
2026-03-05,2026-04-17,43,26.0,25.0293
2026-03-05,2026-04-24,50,25.5,26.887
2026-03-05,2026-07-17,134,26.0,41.2593
2026-03-05,2026-10-16,225,26.0,54.7517
2026-03-05,2027-01-15,316,25.0,62.3778
2026-03-05,2028-01-21,687,25.0,85.8428
2026-03-06,2026-03-13,7,23.5,10.0892
2026-03-06,2026-03-20,14,23.5,14.3373
2026-03-06,2026-03-27,21,23.5,17.4172
2026-03-06,2026-04-02,27,23.5,19.966
2026-03-06,2026-04-10,35,23.5,21.9839
2026-03-06,2026-04-17,42,24.0,24.9575
2026-03-06,2026-04-24,49,23.5,26.5506
2026-03-06,2026-07-17,133,24.0,40.9941
2026-03-06,2026-10-16,224,24.0,55.4376
2026-03-06,2027-01-15,315,23.0,64.5709
2026-03-06,2028-01-21,686,23.0,87.0858
2026-03-09,2026-03-13,4,23.5,8.3404
2026-03-09,2026-03-20,11,23.5,13.9358
2026-03-09,2026-03-27,18,23.5,16.364
2026-03-09,2026-04-02,24,23.5,18.4755
2026-03-09,2026-04-10,32,23.5,21.5372
2026-03-09,2026-04-17,39,24.0,22.9096
2026-03-09,2026-04-24,46,23.5,25.9713
2026-03-09,2026-07-17,130,24.0,41.5963
2026-03-09,2026-10-16,221,24.0,53.6318
2026-03-09,2027-01-15,312,23.0,61.022
2026-03-09,2028-01-21,683,23.0,82.348
2026-03-10,2026-03-13,3,24.0,7.9498
2026-03-10,2026-03-20,10,24.0,12.8661
2026-03-10,2026-03-27,17,24.0,16.318
2026-03-10,2026-04-02,23,24.0,19.7699
2026-03-10,2026-04-10,31,24.0,21.6527
2026-03-10,2026-04-17,38,24.0,23.431
2026-03-10,2026-04-24,45,24.0,25.6276
2026-03-10,2026-07-17,129,24.0,41.0042
2026-03-10,2026-10-16,220,24.0,55.4393
2026-03-10,2027-01-15,311,23.0,57.3222
2026-03-10,2028-01-21,682,23.0,79.9163
2026-03-11,2026-03-13,2,24.5,6.1666
2026-03-11,2026-03-20,9,24.5,11.8277
2026-03-11,2026-03-27,16,24.5,15.467
2026-03-11,2026-04-02,22,24.5,18.702
2026-03-11,2026-04-10,30,24.5,20.8249
2026-03-11,2026-04-17,37,25.0,22.6446
2026-03-11,2026-04-24,44,24.5,23.9588
2026-03-11,2026-07-17,128,25.0,40.8411
2026-03-11,2026-10-16,219,25.0,53.983
2026-03-11,2027-01-15,310,25.0,62.6769
2026-03-11,2028-01-21,681,25.0,84.3106
2026-03-12,2026-03-13,1,23.5,4.2141
2026-03-12,2026-03-20,8,23.5,11.378
2026-03-12,2026-03-27,15,23.5,14.5386
2026-03-12,2026-04-02,21,23.5,16.7509
2026-03-12,2026-04-10,29,23.5,19.2794
2026-03-12,2026-04-17,36,24.0,23.0721
2026-03-12,2026-04-24,43,23.5,25.2845
2026-03-12,2026-05-01,50,23.5,27.9182
2026-03-12,2026-07-17,127,24.0,40.4551
2026-03-12,2026-10-16,218,24.0,53.5188
2026-03-12,2027-01-15,309,23.0,61.5255
2026-03-12,2028-01-21,680,23.0,83.6494
2026-03-13,2026-03-20,7,23.0,9.9693
2026-03-13,2026-03-27,14,23.0,13.1464
2026-03-13,2026-04-02,20,23.0,16.433
2026-03-13,2026-04-10,28,23.0,19.0622
2026-03-13,2026-04-17,35,23.0,22.1297
2026-03-13,2026-04-24,42,23.0,24.3208
2026-03-13,2026-05-01,49,23.0,26.95
2026-03-13,2026-07-17,126,23.0,41.6301
2026-03-13,2026-10-16,217,23.0,55.872
2026-03-13,2027-01-15,308,23.0,65.2936
2026-03-13,2028-01-21,679,23.0,84.5749
2026-03-16,2026-03-20,4,22.0,8.8798
2026-03-16,2026-03-27,11,22.0,13.2058
2026-03-16,2026-04-02,17,22.0,16.6211
2026-03-16,2026-04-10,25,22.0,19.4672
2026-03-16,2026-04-17,32,22.0,21.2887
2026-03-16,2026-04-24,39,22.0,24.3625
2026-03-16,2026-05-01,46,22.0,24.4763
2026-03-16,2026-07-17,123,22.0,40.5282
2026-03-16,2026-10-16,214,22.0,54.1894
2026-03-16,2027-01-15,305,23.0,65.8015
2026-03-16,2028-01-21,676,23.0,88.3424
2026-03-17,2026-03-20,3,21.5,7.4954
2026-03-17,2026-03-27,10,21.5,11.4161
2026-03-17,2026-04-02,16,21.5,14.4142
2026-03-17,2026-04-10,24,21.5,17.4124
2026-03-17,2026-04-17,31,22.0,20.7565
2026-03-17,2026-04-24,38,21.5,22.0249
2026-03-17,2026-05-01,45,21.5,25.0231
2026-03-17,2026-07-17,122,22.0,40.3598
2026-03-17,2026-10-16,213,22.0,52.1218
2026-03-17,2027-01-15,304,23.0,65.2675
2026-03-17,2028-01-21,675,23.0,88.5609
2026-03-18,2026-03-20,2,21.0,6.9444
2026-03-18,2026-03-27,9,21.0,11.6525
2026-03-18,2026-04-02,15,21.0,14.8305
2026-03-18,2026-04-10,23,21.0,16.9492
2026-03-18,2026-04-17,30,21.0,20.5979
2026-03-18,2026-04-24,37,21.0,22.1281
2026-03-18,2026-05-01,44,21.0,25.306
2026-03-18,2026-07-17,121,21.0,39.548
2026-03-18,2026-10-16,212,21.0,54.3785
2026-03-18,2027-01-15,303,20.0,61.6761
2026-03-18,2028-01-21,674,20.0,80.9793
2026-03-19,2026-03-20,1,21.0,5.5926
2026-03-19,2026-03-27,8,21.0,10.1142
2026-03-19,2026-04-02,14,21.0,13.208
2026-03-19,2026-04-10,22,21.0,16.0638
2026-03-19,2026-04-17,29,21.0,19.8715
2026-03-19,2026-04-24,36,21.0,22.0133
2026-03-19,2026-05-01,43,21.0,24.6311
2026-03-19,2026-05-15,57,21.0,29.2718
2026-03-19,2026-07-17,120,21.0,40.2189
2026-03-19,2026-10-16,211,21.0,52.356
2026-03-19,2027-01-15,302,20.0,64.2551
2026-03-19,2028-01-21,673,20.0,83.0557
2026-03-20,2026-03-27,7,21.0,10.4265
2026-03-20,2026-04-02,13,21.0,13.1517
2026-03-20,2026-04-10,21,21.0,16.3507
2026-03-20,2026-04-17,28,21.0,18.8389
2026-03-20,2026-04-24,35,21.0,21.9194
2026-03-20,2026-05-01,42,21.0,24.8815
2026-03-20,2026-05-15,56,21.0,27.8436
2026-03-20,2026-07-17,119,21.0,38.6256
2026-03-20,2026-10-16,210,21.0,52.6066
2026-03-20,2027-01-15,301,20.0,59.7156
2026-03-20,2028-01-21,672,20.0,81.7536
2026-03-23,2026-03-27,4,22.0,7.8338
2026-03-23,2026-04-02,10,22.0,10.218
2026-03-23,2026-04-10,18,22.0,14.6458
2026-03-23,2026-04-17,25,22.0,17.7112
2026-03-23,2026-04-24,32,22.0,19.4142
2026-03-23,2026-05-01,39,22.0,23.3878
2026-03-23,2026-05-15,53,22.0,27.1344
2026-03-23,2026-07-17,116,22.0,37.693
2026-03-23,2026-10-16,207,22.0,53.1335
2026-03-23,2027-01-15,298,23.0,63.8056
2026-03-23,2028-01-21,669,23.0,85.8311
2026-03-24,2026-03-27,3,21.5,6.9412
2026-03-24,2026-04-02,9,21.5,11.106
2026-03-24,2026-04-10,17,21.5,15.0393
2026-03-24,2026-04-17,24,21.5,17.5845
2026-03-24,2026-04-24,31,21.5,20.3609
2026-03-24,2026-05-01,38,21.5,23.0217
2026-03-24,2026-05-15,52,22.0,26.6081
2026-03-24,2026-07-17,115,22.0,38.6395
2026-03-24,2026-10-16,206,22.0,52.2906
2026-03-24,2027-01-15,297,23.0,61.5456
2026-03-24,2028-01-21,668,23.0,82.3693
2026-03-25,2026-03-27,2,22.0,5.9253
2026-03-25,2026-04-02,8,22.0,9.7995
2026-03-25,2026-04-10,16,22.0,13.5597
2026-03-25,2026-04-17,23,22.0,16.8642
2026-03-25,2026-04-24,30,22.0,18.8013
2026-03-25,2026-05-01,37,22.0,22.3336
2026-03-25,2026-05-15,51,22.0,25.9799
2026-03-25,2026-07-17,114,22.0,36.9189
2026-03-25,2026-10-16,205,22.0,50.5925
2026-03-25,2027-01-15,296,23.0,62.2151
2026-03-25,2028-01-21,667,23.0,85.6882
2026-03-26,2026-03-27,1,21.0,3.5461
2026-03-26,2026-04-02,7,21.0,9.4563
2026-03-26,2026-04-10,15,21.0,13.7116
2026-03-26,2026-04-17,22,21.0,16.1939
2026-03-26,2026-04-24,29,21.0,19.1489
2026-03-26,2026-05-01,36,21.0,21.0402
2026-03-26,2026-05-08,43,21.0,23.5225
2026-03-26,2026-05-15,50,21.0,25.6501
2026-03-26,2026-07-17,113,21.0,37.3522
2026-03-26,2026-10-16,204,21.0,51.3002
2026-03-26,2027-01-15,295,20.0,59.1017
2026-03-26,2028-01-21,666,20.0,81.3239
2026-03-27,2026-04-02,6,20.5,8.9946
2026-03-27,2026-04-10,14,20.5,13.5535
2026-03-27,2026-04-17,21,20.5,16.8802
2026-03-27,2026-04-24,28,20.5,19.7141
2026-03-27,2026-05-01,35,20.5,22.4248
2026-03-27,2026-05-08,42,20.5,23.657
2026-03-27,2026-05-15,49,20.0,25.998
2026-03-27,2026-07-17,112,20.0,37.7033
2026-03-27,2026-10-16,203,20.0,51.2568
2026-03-27,2027-01-15,294,20.0,60.621
2026-03-27,2028-01-21,665,20.0,86.9887
2026-03-30,2026-04-02,3,19.0,7.5
2026-03-30,2026-04-10,11,19.0,12.2368
2026-03-30,2026-04-17,18,19.0,15.2632
2026-03-30,2026-04-24,25,19.0,17.5
2026-03-30,2026-05-01,32,19.0,21.5789
2026-03-30,2026-05-08,39,19.0,23.6842
2026-03-30,2026-05-15,46,19.0,24.6053
2026-03-30,2026-07-17,109,19.0,37.6316
2026-03-30,2026-10-16,200,19.0,51.5789
2026-03-30,2027-01-15,291,20.0,60.7895
2026-03-30,2028-01-21,662,20.0,93.6842
2026-03-31,2026-04-02,2,20.5,5.9814
2026-03-31,2026-04-10,10,20.5,11.5967
2026-03-31,2026-04-17,17,20.5,15.0146
2026-03-31,2026-04-24,24,20.5,17.8223
2026-03-31,2026-05-01,31,20.5,20.6299
2026-03-31,2026-05-08,38,20.5,21.4844
2026-03-31,2026-05-15,45,20.0,24.292
2026-03-31,2026-07-17,108,20.0,36.6211
2026-03-31,2026-10-16,199,20.0,51.0254
2026-03-31,2027-01-15,290,20.0,59.3262
2026-03-31,2028-01-21,661,20.0,85.4492
2026-04-01,2026-04-02,1,20.5,3.4314
2026-04-01,2026-04-10,9,20.5,10.6618
2026-04-01,2026-04-17,16,20.5,14.951
2026-04-01,2026-04-24,23,20.5,18.2598
2026-04-01,2026-05-01,30,20.5,20.7108
2026-04-01,2026-05-08,37,20.5,22.1814
2026-04-01,2026-05-15,44,20.0,24.5098
2026-04-01,2026-07-17,107,20.0,36.0294
2026-04-01,2026-10-16,198,20.0,49.5098
2026-04-01,2027-01-15,289,20.0,60.7843
2026-04-01,2028-01-21,660,20.0,84.0686
2026-04-02,2026-04-10,8,21.5,10.5239
2026-04-02,2026-04-17,15,21.5,13.0964
2026-04-02,2026-04-24,22,21.5,15.435
2026-04-02,2026-05-01,29,21.5,19.7615
2026-04-02,2026-05-08,36,21.5,21.8662
2026-04-02,2026-05-15,43,21.0,24.4387
2026-04-02,2026-05-22,50,21.5,26.0758
2026-04-02,2026-07-17,106,21.0,37.652
2026-04-02,2026-10-16,197,21.0,49.579
2026-04-02,2027-01-15,288,20.0,57.5304
2026-04-02,2028-01-21,659,20.0,82.3199
2026-04-06,2026-04-10,4,21.5,7.6709
2026-04-06,2026-04-17,11,21.5,12.0874
2026-04-06,2026-04-24,18,21.5,15.2255
2026-04-06,2026-05-01,25,21.5,17.7824
2026-04-06,2026-05-08,32,21.5,20.8043
2026-04-06,2026-05-15,39,22.0,22.7801
2026-04-06,2026-05-22,46,21.5,24.8722
2026-04-06,2026-07-17,102,22.0,36.9596
2026-04-06,2026-10-16,193,22.0,50.2092
2026-04-06,2027-01-15,284,23.0,61.3668
2026-04-06,2028-01-21,655,23.0,86.4714
2026-04-07,2026-04-10,3,20.0,7.7076
2026-04-07,2026-04-17,10,20.0,11.81
2026-04-07,2026-04-24,17,20.0,15.5395
2026-04-07,2026-05-01,24,20.0,19.5177
2026-04-07,2026-05-08,31,20.0,21.5067
2026-04-07,2026-05-15,38,20.0,22.9985
2026-04-07,2026-05-22,45,20.0,24.9876
2026-04-07,2026-07-17,101,20.0,35.8031
2026-04-07,2026-10-16,192,20.0,48.9806
2026-04-07,2027-01-15,283,20.0,57.9314
2026-04-07,2028-01-21,654,20.0,84.0378
2026-04-08,2026-04-10,2,22.5,5.8915
2026-04-08,2026-04-17,9,22.5,11.0049
2026-04-08,2026-04-24,16,22.5,14.3397
2026-04-08,2026-05-01,23,22.5,17.341
2026-04-08,2026-05-08,30,22.5,20.1201
2026-04-08,2026-05-15,37,22.0,22.3433
2026-04-08,2026-05-22,44,22.5,25.3446
2026-04-08,2026-07-17,100,22.0,34.2374
2026-04-08,2026-10-16,191,22.0,48.466
2026-04-08,2027-01-15,282,23.0,57.8035
2026-04-08,2028-01-21,653,23.0,84.7043
2026-04-09,2026-04-10,1,21.0,4.9739
2026-04-09,2026-04-17,8,21.0,10.6585
2026-04-09,2026-04-24,15,21.0,14.3297
2026-04-09,2026-05-01,22,21.0,17.4088
2026-04-09,2026-05-08,29,21.0,19.8958
2026-04-09,2026-05-15,36,21.0,22.3828
2026-04-09,2026-05-22,43,21.0,22.8565
2026-04-09,2026-05-29,50,21.0,26.1724
2026-04-09,2026-07-17,99,21.0,36.7125
2026-04-09,2026-10-16,190,21.0,51.1606
2026-04-09,2027-01-15,281,20.0,58.7399
2026-04-09,2028-01-21,652,20.0,85.2676
2026-04-10,2026-04-17,7,21.0,9.3931
2026-04-10,2026-04-24,14,21.0,12.2832
2026-04-10,2026-05-01,21,21.0,17.341
2026-04-10,2026-05-08,28,21.0,20.3516
2026-04-10,2026-05-15,35,21.0,22.0376
2026-04-10,2026-05-22,42,21.0,23.8439
2026-04-10,2026-05-29,49,21.0,23.9644
2026-04-10,2026-07-17,98,21.0,35.4046
2026-04-10,2026-10-16,189,21.0,50.3372
2026-04-10,2027-01-15,280,20.0,58.0443
2026-04-10,2028-01-21,651,20.0,85.0193
2026-04-13,2026-04-17,4,22.0,7.6589
2026-04-13,2026-04-24,11,22.0,12.1171
2026-04-13,2026-05-01,18,22.0,15.0892
2026-04-13,2026-05-08,25,22.0,18.2899
2026-04-13,2026-05-15,32,22.0,21.262
2026-04-13,2026-05-22,39,22.0,23.6626
2026-04-13,2026-05-29,46,22.0,25.0343
2026-04-13,2026-07-17,95,22.0,34.5222
2026-04-13,2026-10-16,186,22.0,48.011
2026-04-13,2027-01-15,277,23.0,60.3567
2026-04-13,2028-01-21,648,23.0,85.7339
2026-04-14,2026-04-17,3,23.5,7.6531
2026-04-14,2026-04-24,10,23.5,12.0111
2026-04-14,2026-05-01,17,23.5,15.4124
2026-04-14,2026-05-08,24,23.5,18.4949
2026-04-14,2026-05-15,31,24.0,21.79
2026-04-14,2026-05-22,38,23.5,22.7466
2026-04-14,2026-05-29,45,23.5,25.085
2026-04-14,2026-07-17,94,24.0,32.9507
2026-04-14,2026-10-16,185,24.0,48.0442
2026-04-14,2027-01-15,276,23.0,56.7602
2026-04-14,2028-01-21,647,23.0,83.1207
2026-04-15,2026-04-17,2,24.5,6.1754
2026-04-15,2026-04-24,9,24.5,12.7625
2026-04-15,2026-05-01,16,24.5,15.8501
2026-04-15,2026-05-08,23,24.5,18.732
2026-04-15,2026-05-15,30,24.0,22.1284
2026-04-15,2026-05-22,37,24.5,23.6723
2026-04-15,2026-05-29,44,24.5,24.3928
2026-04-15,2026-07-17,93,24.0,34.1704
2026-04-15,2026-10-16,184,24.0,48.168
2026-04-15,2027-01-15,275,25.0,58.6661
2026-04-15,2028-01-21,646,25.0,82.9559
2026-04-16,2026-04-17,1,24.5,4.888
2026-04-16,2026-04-24,8,24.5,11.609
2026-04-16,2026-05-01,15,24.5,15.4786
2026-04-16,2026-05-08,22,24.5,19.7556
2026-04-16,2026-05-15,29,25.0,22.8106
2026-04-16,2026-05-22,36,24.5,23.6253
2026-04-16,2026-05-29,43,24.5,25.8656
2026-04-16,2026-06-18,63,25.0,29.4297
2026-04-16,2026-07-17,92,25.0,34.4196
2026-04-16,2026-10-16,183,25.0,46.6395
2026-04-16,2027-01-15,274,25.0,57.8411
2026-04-16,2028-01-21,645,25.0,83.0957
2026-04-17,2026-04-24,7,26.0,10.3482
2026-04-17,2026-05-01,14,26.0,15.1838
2026-04-17,2026-05-08,21,26.0,18.1818
2026-04-17,2026-05-15,28,26.0,21.2766
2026-04-17,2026-05-22,35,26.0,23.7911
2026-04-17,2026-05-29,42,26.0,24.4681
2026-04-17,2026-06-18,62,26.0,29.207
2026-04-17,2026-07-17,91,26.0,33.4623
2026-04-17,2026-10-16,182,26.0,46.8085
2026-04-17,2027-01-15,273,25.0,57.8337
2026-04-17,2028-01-21,644,25.0,81.2379
2026-04-20,2026-04-24,4,25.5,8.5194
2026-04-20,2026-05-01,11,25.5,13.6114
2026-04-20,2026-05-08,18,25.5,17.9201
2026-04-20,2026-05-15,25,25.5,20.7599
2026-04-20,2026-05-22,32,25.5,22.9142
2026-04-20,2026-05-29,39,25.5,24.481
2026-04-20,2026-06-18,59,26.0,30.3564
2026-04-20,2026-07-17,88,26.0,34.8609
2026-04-20,2026-10-16,179,26.0,48.962
2026-04-20,2027-01-15,270,25.0,56.2084
2026-04-20,2028-01-21,641,25.0,80.4935
2026-04-21,2026-04-24,3,24.0,7.9899
2026-04-21,2026-05-01,10,24.0,13.2464
2026-04-21,2026-05-08,17,24.0,17.3465
2026-04-21,2026-05-15,24,24.0,20.7107
2026-04-21,2026-05-22,31,24.0,23.4441
2026-04-21,2026-05-29,38,24.0,24.7056
2026-04-21,2026-06-18,58,24.0,29.857
2026-04-21,2026-07-17,87,24.0,34.2725
2026-04-21,2026-10-16,178,24.0,49.201
2026-04-21,2027-01-15,269,23.0,57.6114
2026-04-21,2028-01-21,640,23.0,83.053
2026-04-22,2026-04-24,2,27.5,6.7543
2026-04-22,2026-05-01,9,27.5,12.7784
2026-04-22,2026-05-08,16,27.5,17.5246
2026-04-22,2026-05-15,23,27.5,20.9931
2026-04-22,2026-05-22,30,27.5,24.2789
2026-04-22,2026-05-29,37,27.5,24.8266
2026-04-22,2026-06-18,57,27.0,30.1205
2026-04-22,2026-07-17,86,27.0,34.5016
2026-04-22,2026-10-16,177,27.0,48.3753
2026-04-22,2027-01-15,268,27.0,55.6773
2026-04-22,2028-01-21,639,28.0,83.9723
2026-04-23,2026-04-24,1,25.5,5.4283
2026-04-23,2026-05-01,8,25.5,12.1398
2026-04-23,2026-05-08,15,25.5,16.1863
2026-04-23,2026-05-15,22,25.5,20.4303
2026-04-23,2026-05-22,29,25.5,23.5886
2026-04-23,2026-05-29,36,25.5,24.773
2026-04-23,2026-06-05,43,25.5,26.3522
2026-04-23,2026-06-18,56,25.0,29.2144
2026-04-23,2026-07-17,85,25.0,33.3597
2026-04-23,2026-10-16,176,25.0,45.4007
2026-04-23,2027-01-15,267,25.0,56.6522
2026-04-23,2028-01-21,638,25.0,82.9056
2026-04-24,2026-05-01,7,24.5,11.0227
2026-04-24,2026-05-08,14,24.5,15.8196
2026-04-24,2026-05-15,21,24.5,19.5958
2026-04-24,2026-05-22,28,24.5,22.8618
2026-04-24,2026-05-29,35,24.5,24.2907
2026-04-24,2026-06-05,42,24.5,26.2298
2026-04-24,2026-06-18,55,24.0,29.3938
2026-04-24,2026-07-17,84,24.0,32.4556
2026-04-24,2026-10-16,175,24.0,48.1731
2026-04-24,2027-01-15,266,24.0,56.9504
2026-04-24,2028-01-21,637,25.0,83.0782
2026-04-27,2026-05-01,4,26.0,9.3168
2026-04-27,2026-05-08,11,26.0,13.7811
2026-04-27,2026-05-15,18,26.0,18.8276
2026-04-27,2026-05-22,25,26.0,22.2244
2026-04-27,2026-05-29,32,26.0,24.0683
2026-04-27,2026-06-05,39,26.0,25.1359
2026-04-27,2026-06-18,52,26.0,29.309
2026-04-27,2026-07-17,81,26.0,32.9969
2026-04-27,2026-10-16,172,26.0,49.1071
2026-04-27,2027-01-15,263,26.0,57.0652
2026-04-27,2028-01-21,634,25.0,83.6568
2026-04-28,2026-05-01,3,23.5,8.9625
2026-04-28,2026-05-08,10,23.5,14.1291
2026-04-28,2026-05-15,17,23.5,18.9793
2026-04-28,2026-05-22,24,23.5,20.8773
2026-04-28,2026-05-29,31,23.5,23.6187
2026-04-28,2026-06-05,38,23.5,24.4623
2026-04-28,2026-06-18,51,24.0,29.3125
2026-04-28,2026-07-17,80,24.0,33.1084
2026-04-28,2026-10-16,171,24.0,46.183
2026-04-28,2027-01-15,262,24.0,57.1489
2026-04-28,2028-01-21,633,23.0,87.7267
2026-04-29,2026-05-01,2,22.5,7.025
2026-04-29,2026-05-08,9,22.5,13.6039
2026-04-29,2026-05-15,16,22.5,17.9527
2026-04-29,2026-05-22,23,22.5,21.521
2026-04-29,2026-05-29,30,22.5,24.3087
2026-04-29,2026-06-05,37,22.5,25.5352
2026-04-29,2026-06-18,50,22.0,28.6574
2026-04-29,2026-07-17,79,22.0,33.2293
2026-04-29,2026-10-16,170,22.0,45.7181
2026-04-29,2027-01-15,261,22.0,57.5379
2026-04-29,2028-01-21,632,23.0,83.1847
2026-04-30,2026-05-01,1,23.5,4.9187
2026-04-30,2026-05-08,8,23.5,12.2968
2026-04-30,2026-05-15,15,23.5,17.1086
2026-04-30,2026-05-22,22,23.5,20.4234
2026-04-30,2026-05-29,29,23.5,22.9897
2026-04-30,2026-06-05,36,23.5,24.4867
2026-04-30,2026-06-12,43,23.5,25.556
2026-04-30,2026-06-18,49,23.0,27.9085
2026-04-30,2026-07-17,78,23.0,33.3618
2026-04-30,2026-10-16,169,23.0,48.1181
2026-04-30,2027-01-15,260,23.0,56.4585
2026-04-30,2028-01-21,631,23.0,82.1215
2026-05-01,2026-05-08,7,23.5,10.4656
2026-05-01,2026-05-15,14,23.5,15.912
2026-05-01,2026-05-22,21,23.5,19.9701
2026-05-01,2026-05-29,28,23.5,21.3584
2026-05-01,2026-06-05,35,23.5,23.8146
2026-05-01,2026-06-12,42,23.5,25.7369
2026-05-01,2026-06-18,48,23.0,26.4844
2026-05-01,2026-07-17,77,23.0,31.824
2026-05-01,2026-10-16,168,23.0,47.2021
2026-05-01,2027-01-15,259,23.0,56.3862
2026-05-01,2028-01-21,630,23.0,83.2977
2026-05-04,2026-05-08,4,23.5,9.5412
2026-05-04,2026-05-15,11,23.5,15.5446
2026-05-04,2026-05-22,18,23.5,19.1895
2026-05-04,2026-05-29,25,23.5,21.548
2026-05-04,2026-06-05,32,23.5,23.6921
2026-05-04,2026-06-12,39,23.5,25.0858
2026-05-04,2026-06-18,45,23.0,26.6938
2026-05-04,2026-07-17,74,23.0,32.5901
2026-05-04,2026-10-16,165,23.0,45.8834
2026-05-04,2027-01-15,256,23.0,57.4614
2026-05-04,2028-01-21,627,23.0,82.1184
2026-05-05,2026-05-08,3,23.0,7.7953
2026-05-05,2026-05-15,10,23.0,14.8221
2026-05-05,2026-05-22,17,23.0,18.7747
2026-05-05,2026-05-29,24,23.0,20.751
2026-05-05,2026-06-05,31,23.0,23.1664
2026-05-05,2026-06-12,38,23.0,24.7036
2026-05-05,2026-06-18,44,23.0,26.57
2026-05-05,2026-07-17,73,23.0,32.4989
2026-05-05,2026-10-16,164,23.0,46.7721
2026-05-05,2027-01-15,255,23.0,55.9947
2026-05-05,2028-01-21,626,23.0,83.4431
2026-05-06,2026-05-08,2,29.0,8.5999
2026-05-06,2026-05-15,9,29.0,14.8779
2026-05-06,2026-05-22,16,29.0,19.3498
2026-05-06,2026-05-29,23,29.0,21.4138
2026-05-06,2026-06-05,30,29.0,24.2518
2026-05-06,2026-06-12,37,29.0,25.6278
2026-05-06,2026-06-18,43,29.0,27.8638
2026-05-06,2026-07-17,72,29.0,33.8837
2026-05-06,2026-10-16,163,29.0,49.3636
2026-05-06,2027-01-15,254,29.0,60.8875
2026-05-06,2028-01-21,625,30.0,87.3753
2026-05-07,2026-05-08,1,26.5,6.367
2026-05-07,2026-05-15,8,26.5,14.3258
2026-05-07,2026-05-22,15,26.5,18.1648
2026-05-07,2026-05-29,22,26.5,20.8801
2026-05-07,2026-06-05,29,26.5,23.5019
2026-05-07,2026-06-12,36,26.5,25.0936
2026-05-07,2026-06-18,42,27.0,27.1536
2026-05-07,2026-06-26,50,26.5,29.4007
2026-05-07,2026-07-17,71,27.0,33.1461
2026-05-07,2026-10-16,162,27.0,47.191
2026-05-07,2027-01-15,253,27.0,56.367
2026-05-07,2028-01-21,624,28.0,86.5169
2026-05-08,2026-05-15,7,27.5,13.4791
2026-05-08,2026-05-22,14,27.5,17.3953
2026-05-08,2026-05-29,21,27.5,19.8543
2026-05-08,2026-06-05,28,27.5,23.4973
2026-05-08,2026-06-12,35,27.5,25.592
2026-05-08,2026-06-18,41,27.0,26.5938
2026-05-08,2026-06-26,49,27.5,27.1403
2026-05-08,2026-07-17,70,27.0,32.7869
2026-05-08,2026-10-16,161,27.0,46.9945
2026-05-08,2027-01-15,252,27.0,57.7413
2026-05-08,2028-01-21,623,28.0,83.6066
2026-05-11,2026-05-15,4,28.5,12.2575
2026-05-11,2026-05-22,11,28.5,17.1958
2026-05-11,2026-05-29,18,28.5,19.4885
2026-05-11,2026-06-05,25,28.5,22.6631
2026-05-11,2026-06-12,32,28.5,25.0441
2026-05-11,2026-06-18,38,28.0,26.1023
2026-05-11,2026-06-26,46,28.5,28.3951
2026-05-11,2026-07-17,67,28.0,32.6279
2026-05-11,2026-10-16,158,28.0,49.03
2026-05-11,2027-01-15,249,28.0,58.5538
2026-05-11,2028-01-21,620,28.0,83.5979
2026-05-12,2026-05-15,3,27.0,9.8745
2026-05-12,2026-05-22,10,27.0,15.4116
2026-05-12,2026-05-29,17,27.0,19.103
2026-05-12,2026-06-05,24,27.0,20.9487
2026-05-12,2026-06-12,31,27.0,23.3481
2026-05-12,2026-06-18,37,27.0,25.1015
2026-05-12,2026-06-26,45,27.0,27.8701
2026-05-12,2026-07-17,66,27.0,33.7763
2026-05-12,2026-10-16,157,27.0,48.5419
2026-05-12,2027-01-15,248,27.0,57.2167
2026-05-12,2028-01-21,619,28.0,86.3787
2026-05-13,2026-05-15,2,27.0,8.8725
2026-05-13,2026-05-22,9,27.0,15.6192
2026-05-13,2026-05-29,16,27.0,18.207
2026-05-13,2026-06-05,23,27.0,21.4418
2026-05-13,2026-06-12,30,27.0,24.3993
2026-05-13,2026-06-18,36,27.0,25.5083
2026-05-13,2026-06-26,44,27.0,27.5416
2026-05-13,2026-07-17,65,27.0,32.3475
2026-05-13,2026-10-16,156,27.0,48.0592
2026-05-13,2027-01-15,247,27.0,58.2255
2026-05-13,2028-01-21,618,28.0,86.8762
2026-05-14,2026-05-15,1,27.5,6.3544
2026-05-14,2026-05-22,8,27.5,14.252
2026-05-14,2026-05-29,15,27.5,17.3384
2026-05-14,2026-06-05,22,27.5,21.3326
2026-05-14,2026-06-12,29,27.5,23.7836
2026-05-14,2026-06-18,35,28.0,25.4176
2026-05-14,2026-06-26,43,27.5,27.9593
2026-05-14,2026-07-17,64,28.0,32.6797
2026-05-14,2026-10-16,155,28.0,48.1118
2026-05-14,2027-01-15,246,28.0,58.0973
2026-05-14,2028-01-21,617,28.0,86.4198
2026-05-15,2026-05-22,7,25.0,11.0353
2026-05-15,2026-05-29,14,25.0,15.1485
2026-05-15,2026-06-05,21,25.0,18.2584
2026-05-15,2026-06-12,28,25.0,22.9735
2026-05-15,2026-06-18,34,25.0,23.3748
2026-05-15,2026-06-26,42,25.0,26.1838
2026-05-15,2026-07-17,63,25.0,32.504
2026-05-15,2026-10-16,154,25.0,49.1573
2026-05-15,2027-01-15,245,25.0,58.5875
2026-05-15,2028-01-21,616,25.0,84.8716
2026-05-18,2026-05-22,4,24.0,9.6273
2026-05-18,2026-05-29,11,24.0,14.2857
2026-05-18,2026-06-05,18,24.0,19.9793
2026-05-18,2026-06-12,25,24.0,22.0497
2026-05-18,2026-06-18,31,24.0,22.6708
2026-05-18,2026-06-26,39,24.0,25.0518
2026-05-18,2026-07-17,60,24.0,30.8489
2026-05-18,2026-10-16,151,24.0,46.1698
2026-05-18,2027-01-15,242,24.0,55.9006
2026-05-18,2028-01-21,613,25.0,85.5072
2026-05-19,2026-05-22,3,22.5,10.8769
2026-05-19,2026-05-29,10,22.5,14.6894
2026-05-19,2026-06-05,17,22.5,18.2776
2026-05-19,2026-06-12,24,22.5,20.9688
2026-05-19,2026-06-18,30,22.5,23.0993
2026-05-19,2026-06-26,38,22.5,25.6784
2026-05-19,2026-07-17,59,22.0,30.7244
2026-05-19,2026-10-16,150,22.0,48.4414
2026-05-19,2027-01-15,241,22.0,57.412
2026-05-19,2028-01-21,612,23.0,85.2209
2026-05-20,2026-05-22,2,24.5,6.7873
2026-05-20,2026-05-29,9,24.5,12.1349
2026-05-20,2026-06-05,16,24.5,15.7343
2026-05-20,2026-06-12,23,24.5,19.1279
2026-05-20,2026-06-18,29,24.5,21.0819
2026-05-20,2026-06-26,37,24.5,24.784
2026-05-20,2026-07-17,58,24.0,29.2061
2026-05-20,2026-10-16,149,24.0,47.1
2026-05-20,2027-01-15,240,24.0,56.7668
2026-05-20,2028-01-21,611,25.0,85.7672
2026-05-21,2026-05-22,1,25.0,5.3828
2026-05-21,2026-05-29,8,25.0,11.862
2026-05-21,2026-06-05,15,25.0,16.1483
2026-05-21,2026-06-12,22,25.0,19.3381
2026-05-21,2026-06-18,28,25.0,21.2321
2026-05-21,2026-06-26,36,25.0,24.2225
2026-05-21,2026-07-02,42,25.0,25.7177
2026-05-21,2026-07-17,57,25.0,29.5056
2026-05-21,2026-10-16,148,25.0,47.0494
2026-05-21,2027-01-15,239,25.0,58.4131
2026-05-21,2028-01-21,610,25.0,84.3301
2026-05-22,2026-05-29,7,26.5,10.0075
2026-05-22,2026-06-05,14,26.5,15.4321
2026-05-22,2026-06-12,21,26.5,19.5473
2026-05-22,2026-06-18,27,26.5,20.015
2026-05-22,2026-06-26,35,26.5,23.4755
2026-05-22,2026-07-02,41,26.5,25.2525
2026-05-22,2026-07-17,56,27.0,28.6195
2026-05-22,2026-10-16,147,27.0,45.8287
2026-05-22,2027-01-15,238,27.0,57.6132
2026-05-22,2028-01-21,609,28.0,87.355
2026-05-26,2026-05-29,3,29.0,9.0299
2026-05-26,2026-06-05,10,29.0,15.1359
2026-05-26,2026-06-12,17,29.0,19.3498
2026-05-26,2026-06-18,23,29.0,21.9298
2026-05-26,2026-06-26,31,29.0,24.5958
2026-05-26,2026-07-02,37,29.0,24.6818
2026-05-26,2026-07-17,52,29.0,29.7558
2026-05-26,2026-10-16,143,29.0,47.8156
2026-05-26,2027-01-15,234,29.0,58.1355
2026-05-26,2028-01-21,605,30.0,85.3113
2026-05-27,2026-05-29,2,27.5,7.1272
2026-05-27,2026-06-05,9,27.5,13.5234
2026-05-27,2026-06-12,16,27.5,17.6352
2026-05-27,2026-06-18,22,27.5,20.1023
2026-05-27,2026-06-26,30,27.5,23.2091
2026-05-27,2026-07-02,36,27.5,24.2142
2026-05-27,2026-07-17,51,27.0,29.057
2026-05-27,2026-10-16,142,27.0,46.7836
2026-05-27,2027-01-15,233,27.0,55.9211
2026-05-27,2028-01-21,604,28.0,88.8158
2026-05-28,2026-05-29,1,28.5,6.1955
2026-05-28,2026-06-05,8,28.5,12.6527
2026-05-28,2026-06-12,15,28.5,16.9284
2026-05-28,2026-06-18,21,28.5,19.7208
2026-05-28,2026-06-26,29,28.5,23.3857
2026-05-28,2026-07-02,35,28.5,25.3054
2026-05-28,2026-07-10,43,28.5,26.3525
2026-05-28,2026-07-17,50,29.0,28.4468
2026-05-28,2026-10-16,141,29.0,47.4695
2026-05-28,2027-01-15,232,29.0,58.9878
2026-05-28,2028-01-21,603,28.0,85.1658
2026-05-29,2026-06-05,7,29.0,12.2057
2026-05-29,2026-06-12,14,29.0,16.7071
2026-05-29,2026-06-18,20,29.0,19.4771
2026-05-29,2026-06-26,28,29.0,22.2472
2026-05-29,2026-07-02,34,29.0,25.277
2026-05-29,2026-07-10,42,29.0,26.5755
2026-05-29,2026-07-17,49,29.0,28.9127
2026-05-29,2026-10-16,140,29.0,47.0914
2026-05-29,2027-01-15,231,29.0,58.6911
2026-05-29,2028-01-21,602,28.0,84.4875
2026-06-01,2026-06-05,4,29.5,11.1953
2026-06-01,2026-06-12,11,29.5,17.0875
2026-06-01,2026-06-18,17,29.5,20.202
2026-06-01,2026-06-26,25,29.5,22.9798
2026-06-01,2026-07-02,31,29.5,25.5892
2026-06-01,2026-07-10,39,29.5,28.1145
2026-06-01,2026-07-17,46,30.0,29.1246
2026-06-01,2026-10-16,137,30.0,47.3064
2026-06-01,2027-01-15,228,30.0,59.2593
2026-06-01,2028-01-21,599,30.0,87.5421
2026-06-02,2026-06-05,3,30.5,9.8953
2026-06-02,2026-06-12,10,30.5,16.2741
2026-06-02,2026-06-18,16,30.5,19.3817
2026-06-02,2026-06-26,24,30.5,22.5711
2026-06-02,2026-07-02,30,31.0,25.3517
2026-06-02,2026-07-10,38,30.5,28.2957
2026-06-02,2026-07-17,45,31.0,29.9313
2026-06-02,2026-10-16,136,31.0,49.3948
2026-06-02,2027-01-15,227,31.0,60.5168
2026-06-02,2028-01-21,598,30.0,86.6863
2026-06-03,2026-06-05,2,26.5,7.9636
2026-06-03,2026-06-12,9,26.5,15.548
2026-06-03,2026-06-18,15,26.5,18.7713
2026-06-03,2026-06-26,23,26.5,21.8999
2026-06-03,2026-07-02,29,26.5,25.1232
2026-06-03,2026-07-10,37,26.5,27.683
2026-06-03,2026-07-17,44,26.0,29.9583
2026-06-03,2026-10-16,135,26.0,49.4881
2026-06-03,2027-01-15,226,26.0,60.675
2026-06-03,2028-01-21,597,25.0,87.9788
2026-06-04,2026-06-05,1,26.0,5.7339
2026-06-04,2026-06-12,8,26.0,11.9457
2026-06-04,2026-06-18,14,26.0,16.6284
2026-06-04,2026-06-26,22,26.0,21.0245
2026-06-04,2026-07-02,28,26.0,23.318
2026-06-04,2026-07-10,36,26.0,26.9495
2026-06-04,2026-07-17,43,26.0,28.4786
2026-06-04,2026-07-24,50,26.0,30.9633
2026-06-04,2026-10-16,134,26.0,48.1651
2026-06-04,2027-01-15,225,26.0,60.3976
2026-06-04,2028-01-21,596,25.0,87.9205
2026-06-05,2026-06-12,7,23.5,10.1868
2026-06-05,2026-06-18,13,23.5,13.264
2026-06-05,2026-06-26,21,23.5,18.1452
2026-06-05,2026-07-02,27,23.5,20.2674
2026-06-05,2026-07-10,35,23.5,24.7241
2026-06-05,2026-07-17,42,24.0,27.2708
2026-06-05,2026-07-24,49,23.5,29.393
2026-06-05,2026-10-16,133,24.0,48.8115
2026-06-05,2027-01-15,224,24.0,60.4839
2026-06-05,2028-01-21,595,23.0,91.2564
2026-06-08,2026-06-12,4,26.0,9.5745
2026-06-08,2026-06-18,10,26.0,14.3133
2026-06-08,2026-06-26,18,26.0,18.3752
2026-06-08,2026-07-02,24,26.0,21.2766
2026-06-08,2026-07-10,32,26.0,23.9845
2026-06-08,2026-07-17,39,26.0,27.4662
2026-06-08,2026-07-24,46,26.0,29.207
2026-06-08,2026-10-16,130,26.0,48.5493
2026-06-08,2027-01-15,221,26.0,59.9613
2026-06-08,2028-01-21,592,25.0,93.2302
2026-06-09,2026-06-12,3,24.0,9.9206
2026-06-09,2026-06-18,9,24.0,14.5155
2026-06-09,2026-06-26,17,24.0,18.5881
2026-06-09,2026-07-02,23,24.0,21.9298
2026-06-09,2026-07-10,31,24.0,23.7051
2026-06-09,2026-07-17,38,24.0,26.9424
2026-06-09,2026-07-24,45,24.0,28.8221
2026-06-09,2026-10-16,129,24.0,47.4102
2026-06-09,2027-01-15,220,24.0,58.6884
2026-06-09,2028-01-21,591,23.0,88.7636
2026-06-10,2026-06-12,2,22.0,8.3654
2026-06-10,2026-06-18,8,22.0,13.9046
2026-06-10,2026-06-26,16,22.0,19.1047
2026-06-10,2026-07-02,22,22.0,21.0265
2026-06-10,2026-07-10,30,22.0,24.0787
2026-06-10,2026-07-17,37,22.0,26.3396
2026-06-10,2026-07-24,44,22.0,28.9396
2026-06-10,2026-10-16,128,22.0,47.9313
2026-06-10,2027-01-15,219,22.0,62.175
2026-06-10,2028-01-21,590,23.0,94.9582
2026-06-11,2026-06-12,1,23.5,5.6263
2026-06-11,2026-06-18,7,23.5,10.828
2026-06-11,2026-06-26,15,23.5,15.8174
2026-06-11,2026-07-02,21,23.5,18.7898
2026-06-11,2026-07-10,29,23.5,21.1253
2026-06-11,2026-07-17,36,24.0,25.2654
2026-06-11,2026-07-24,43,23.5,28.1316
2026-06-11,2026-07-31,50,23.5,29.2994
2026-06-11,2026-10-16,127,24.0,47.5584
2026-06-11,2027-01-15,218,24.0,61.3588
2026-06-11,2028-01-21,589,23.0,89.5966
2026-06-12,2026-06-18,6,23.0,9.7066
2026-06-12,2026-06-26,14,23.0,14.0207
2026-06-12,2026-07-02,20,23.0,17.0406
2026-06-12,2026-07-10,28,23.0,18.6583
2026-06-12,2026-07-17,35,23.0,22.7567
2026-06-12,2026-07-24,42,23.0,28.2571
2026-06-12,2026-07-31,49,23.0,30.0906
2026-06-12,2026-10-16,126,23.0,46.1605
2026-06-12,2027-01-15,217,23.0,59.9655
2026-06-12,2028-01-21,588,23.0,87.3598
2026-06-15,2026-06-18,3,25.0,7.8748
2026-06-15,2026-06-26,11,25.0,12.2608
2026-06-15,2026-07-02,17,25.0,15.6499
2026-06-15,2026-07-10,25,25.0,19.9362
2026-06-15,2026-07-17,32,25.0,22.9266
2026-06-15,2026-07-24,39,25.0,26.2161
2026-06-15,2026-07-31,46,25.0,27.512
2026-06-15,2026-10-16,123,25.0,46.4514
2026-06-15,2027-01-15,214,25.0,57.4163
2026-06-15,2028-01-21,585,25.0,90.311
2026-06-16,2026-06-18,2,24.0,6.4556
2026-06-16,2026-06-26,10,24.0,12.5989
2026-06-16,2026-07-02,16,24.0,15.9309
2026-06-16,2026-07-10,24,24.0,19.6793
2026-06-16,2026-07-17,31,24.0,22.1783
2026-06-16,2026-07-24,38,24.0,25.5102
2026-06-16,2026-07-31,45,24.0,27.2803
2026-06-16,2026-10-16,122,24.0,46.6472
2026-06-16,2027-01-15,213,24.0,58.1008
2026-06-16,2028-01-21,584,25.0,91.6285
2026-06-17,2026-06-18,1,25.5,6.7167
2026-06-17,2026-06-26,9,25.5,12.8408
2026-06-17,2026-07-02,15,25.5,16.3967
2026-06-17,2026-07-10,23,25.5,20.3477
2026-06-17,2026-07-17,30,25.0,23.1134
2026-06-17,2026-07-24,37,25.5,24.8913
2026-06-17,2026-07-31,44,25.5,27.4595
2026-06-17,2026-10-16,121,25.0,44.0537
2026-06-17,2027-01-15,212,25.0,56.8945
2026-06-17,2028-01-21,583,25.0,89.2928
2026-06-18,2026-06-26,8,28.0,11.6094
2026-06-18,2026-07-02,14,28.0,15.3314
2026-06-18,2026-07-10,22,28.0,19.6739
2026-06-18,2026-07-17,29,28.0,22.2439
2026-06-18,2026-07-24,36,28.0,23.6618
2026-06-18,2026-07-31,43,28.0,26.5863
2026-06-18,2026-08-21,64,28.0,33.3215
2026-06-18,2026-10-16,120,28.0,45.5512
2026-06-18,2027-01-15,211,28.0,58.6671
2026-06-18,2028-01-21,582,28.0,90.2162
2026-06-22,2026-06-26,4,25.5,9.7504
2026-06-22,2026-07-02,10,25.5,14.2356
2026-06-22,2026-07-10,18,25.5,18.5257
2026-06-22,2026-07-17,25,25.5,21.6459
2026-06-22,2026-07-24,32,25.5,24.6685
2026-06-22,2026-07-31,39,25.5,27.0086
2026-06-22,2026-08-21,60,26.0,33.7364
2026-06-22,2026-10-16,116,26.0,44.0718
2026-06-22,2027-01-15,207,26.0,57.1373
2026-06-22,2028-01-21,578,25.0,89.1186
2026-06-23,2026-06-26,3,24.0,7.9498
2026-06-23,2026-07-02,9,24.0,13.7029
2026-06-23,2026-07-10,17,24.0,18.2008
2026-06-23,2026-07-17,24,24.0,21.6527
2026-06-23,2026-07-24,31,24.0,23.954
2026-06-23,2026-07-31,38,24.0,26.4644
2026-06-23,2026-08-21,59,24.0,33.682
2026-06-23,2026-10-16,115,24.0,45.6067
2026-06-23,2027-01-15,206,24.0,59.8326
2026-06-23,2028-01-21,577,23.0,90.1674
2026-06-24,2026-06-26,2,23.0,6.6955
2026-06-24,2026-07-02,8,23.0,12.851
2026-06-24,2026-07-10,16,23.0,17.4946
2026-06-24,2026-07-17,23,23.0,20.3024
2026-06-24,2026-07-24,30,23.0,23.5421
2026-06-24,2026-07-31,37,23.0,26.0259
2026-06-24,2026-08-21,58,23.0,33.0454
2026-06-24,2026-10-16,114,23.0,43.4125
2026-06-24,2027-01-15,205,23.0,55.7235
2026-06-24,2028-01-21,576,23.0,88.9849
2026-06-25,2026-06-26,1,20.5,4.9637
2026-06-25,2026-07-02,7,20.5,11.9855
2026-06-25,2026-07-10,15,20.5,17.0702
2026-06-25,2026-07-17,22,21.0,20.46
2026-06-25,2026-07-24,29,21.0,23.6077
2026-06-25,2026-07-31,36,20.5,25.6659
2026-06-25,2026-08-07,43,20.5,28.4504
2026-06-25,2026-08-21,57,21.0,32.0823
2026-06-25,2026-10-16,113,21.0,44.7942
2026-06-25,2027-01-15,204,21.0,60.5327
2026-06-25,2028-01-21,575,20.0,93.4625
2026-06-26,2026-07-02,6,20.0,9.8138
2026-06-26,2026-07-10,14,20.0,15.3498
2026-06-26,2026-07-17,21,20.0,18.621
2026-06-26,2026-07-24,28,20.0,23.7796
2026-06-26,2026-07-31,35,20.0,26.0443
2026-06-26,2026-08-07,42,20.0,27.6799
2026-06-26,2026-08-21,56,20.0,31.5803
2026-06-26,2026-10-16,112,20.0,44.0362
2026-06-26,2027-01-15,203,20.0,57.6246
2026-06-26,2028-01-21,574,20.0,83.543
2026-06-29,2026-07-02,3,21.5,9.7326
2026-06-29,2026-07-10,11,21.5,15.4784
2026-06-29,2026-07-17,18,21.5,18.4099
2026-06-29,2026-07-24,25,21.5,22.8659
2026-06-29,2026-07-31,32,21.5,25.5629
2026-06-29,2026-08-07,39,21.5,27.6735
2026-06-29,2026-08-21,53,21.0,32.2467
2026-06-29,2026-10-16,109,21.0,45.7317
2026-06-29,2027-01-15,200,21.0,57.9268
2026-06-29,2028-01-21,571,20.0,84.8968
2026-06-30,2026-07-02,2,21.0,6.6225
2026-06-30,2026-07-10,10,21.0,13.0085
2026-06-30,2026-07-17,17,21.0,16.5563
2026-06-30,2026-07-24,24,21.0,19.631
2026-06-30,2026-07-31,31,21.0,23.2971
2026-06-30,2026-08-07,38,21.0,26.017
2026-06-30,2026-08-21,52,21.0,29.21
2026-06-30,2026-10-16,108,21.0,43.7559
2026-06-30,2027-01-15,199,21.0,55.1088
2026-06-30,2028-01-21,570,20.0,79.4702
2026-07-01,2026-07-02,1,21.0,4.9398
2026-07-01,2026-07-10,9,21.0,11.8072
2026-07-01,2026-07-17,16,21.0,15.7831
2026-07-01,2026-07-24,23,21.0,18.6747
2026-07-01,2026-07-31,30,21.0,21.3253
2026-07-01,2026-08-07,37,21.0,25.3012
2026-07-01,2026-08-21,51,21.0,28.9157
2026-07-01,2026-10-16,107,21.0,42.8916
2026-07-01,2027-01-15,198,21.0,56.8675
2026-07-01,2028-01-21,569,20.0,86.2651
2026-07-02,2026-07-10,8,20.0,11.1083
2026-07-02,2026-07-17,15,20.0,15.6016
2026-07-02,2026-07-24,22,20.0,19.2212
2026-07-02,2026-07-31,29,20.0,22.5911
2026-07-02,2026-08-07,36,20.0,24.7129
2026-07-02,2026-08-14,43,20.0,28.0829
2026-07-02,2026-08-21,50,20.0,29.7054
2026-07-02,2026-10-16,106,20.0,41.4378
2026-07-02,2027-01-15,197,20.0,54.1687
2026-07-02,2028-01-21,568,20.0,89.3659
2026-07-06,2026-07-10,4,20.0,9.4106
2026-07-06,2026-07-17,11,20.0,14.735
2026-07-06,2026-07-24,18,20.0,18.2021
2026-07-06,2026-07-31,25,20.0,21.9168
2026-07-06,2026-08-07,32,20.0,24.2694
2026-07-06,2026-08-14,39,20.0,26.6221
2026-07-06,2026-08-21,46,20.0,29.0986
2026-07-06,2026-10-16,102,20.0,42.3477
2026-07-06,2027-01-15,193,20.0,55.7207
2026-07-06,2028-01-21,564,20.0,88.1625
2026-07-07,2026-07-10,3,19.0,8.3444
2026-07-07,2026-07-17,10,19.0,13.5099
2026-07-07,2026-07-24,17,19.0,18.543
2026-07-07,2026-07-31,24,19.0,19.3377
2026-07-07,2026-08-07,31,19.0,24.106
2026-07-07,2026-08-14,38,19.0,27.2848
2026-07-07,2026-08-21,45,19.0,29.404
2026-07-07,2026-10-16,101,19.0,41.8543
2026-07-07,2027-01-15,192,19.0,54.8344
2026-07-07,2028-01-21,563,20.0,96.9536
2026-07-08,2026-07-10,2,19.0,6.8565
2026-07-08,2026-07-17,9,19.0,13.1857
2026-07-08,2026-07-24,16,19.0,17.1414
2026-07-08,2026-07-31,23,19.0,20.3059
2026-07-08,2026-08-07,30,19.0,23.4705
2026-07-08,2026-08-14,37,19.0,25.9757
2026-07-08,2026-08-21,44,19.0,28.481
2026-07-08,2026-10-16,100,19.0,41.403
2026-07-08,2027-01-15,191,19.0,56.1709
2026-07-08,2028-01-21,562,20.0,92.5633
2026-07-09,2026-07-10,1,19.5,3.4992
2026-07-09,2026-07-17,8,19.0,11.7937
2026-07-09,2026-07-24,15,19.5,16.0705
2026-07-09,2026-07-31,22,19.5,19.4401
2026-07-09,2026-08-07,29,19.5,22.6801
2026-07-09,2026-08-14,36,19.5,26.309
2026-07-09,2026-08-21,43,19.0,27.8642
2026-07-09,2026-08-28,50,19.5,30.0674
2026-07-09,2026-10-16,99,19.0,41.2131
2026-07-09,2027-01-15,190,19.0,55.9876
2026-07-09,2028-01-21,561,20.0,90.4614
2026-07-10,2026-07-17,7,19.0,10.3393
2026-07-10,2026-07-24,14,19.0,14.9788
2026-07-10,2026-07-31,21,19.0,19.088
2026-07-10,2026-08-07,28,19.0,22.0042
2026-07-10,2026-08-14,35,19.0,25.1856
2026-07-10,2026-08-21,42,19.0,27.439
2026-07-10,2026-08-28,49,19.0,30.2227
2026-07-10,2026-10-16,98,19.0,40.8271
2026-07-10,2027-01-15,189,19.0,53.0223
2026-07-10,2028-01-21,560,20.0,92.2587
2026-07-13,2026-07-17,4,18.0,9.2952
2026-07-13,2026-07-24,11,18.0,13.7347
2026-07-13,2026-07-31,18,18.0,17.3418
2026-07-13,2026-08-07,25,18.0,20.6715
2026-07-13,2026-08-14,32,18.0,24.2786
2026-07-13,2026-08-21,39,18.0,26.9145
2026-07-13,2026-08-28,46,18.0,28.4406
2026-07-13,2026-10-16,95,18.0,42.1754
2026-07-13,2027-01-15,186,18.0,55.2164
2026-07-13,2028-01-21,557,20.0,92.6748
2026-07-14,2026-07-17,3,18.0,7.8556
2026-07-14,2026-07-24,10,18.0,13.0926
2026-07-14,2026-07-31,17,18.0,17.3649
2026-07-14,2026-08-07,24,18.0,20.1213
2026-07-14,2026-08-14,31,18.0,23.2911
2026-07-14,2026-08-21,38,18.0,26.0474
2026-07-14,2026-08-28,45,18.0,29.2172
2026-07-14,2026-10-16,94,18.0,39.4157
2026-07-14,2027-01-15,185,18.0,53.473
2026-07-14,2028-01-21,556,20.0,92.8886
2026-07-15,2026-07-17,2,18.0,6.8551
2026-07-15,2026-07-24,9,18.0,12.3111
2026-07-15,2026-07-31,16,18.0,16.7879
2026-07-15,2026-08-07,23,18.0,19.7258
2026-07-15,2026-08-14,30,18.0,23.643
2026-07-15,2026-08-21,37,18.0,26.0213
2026-07-15,2026-08-28,44,18.0,27.84
2026-07-15,2026-10-16,93,18.0,40.0112
2026-07-15,2027-01-15,184,18.0,54.2809
2026-07-15,2028-01-21,555,20.0,94.0123
2026-07-16,2026-07-17,1,16.0,4.1667
2026-07-16,2026-07-24,8,16.0,11.7284
2026-07-16,2026-07-31,15,16.0,16.0494
2026-07-16,2026-08-07,22,16.0,18.9815
2026-07-16,2026-08-14,29,16.0,22.5309
2026-07-16,2026-08-21,36,16.0,25.0
2026-07-16,2026-08-28,43,16.0,27.1605
2026-07-16,2026-09-18,64,16.0,32.0988
2026-07-16,2026-10-16,92,16.0,39.0432
2026-07-16,2027-01-15,183,16.0,54.9383
2026-07-16,2028-01-21,554,15.0,85.1852
2026-07-17,2026-07-24,7,16.0,10.917
2026-07-17,2026-07-31,14,16.0,15.4398
2026-07-17,2026-08-07,21,16.0,18.7149
2026-07-17,2026-08-14,28,16.0,22.7698
2026-07-17,2026-08-21,35,16.0,24.7973
2026-07-17,2026-08-28,42,16.0,27.2926
2026-07-17,2026-09-18,63,16.0,32.5951
2026-07-17,2026-10-16,91,16.0,38.8334
2026-07-17,2027-01-15,182,16.0,54.5852
2026-07-17,2028-01-21,553,15.0,86.0886
2026-07-20,2026-07-24,4,16.5,9.2931
2026-07-20,2026-07-31,11,16.5,14.3205
2026-07-20,2026-08-07,18,16.5,17.9768
2026-07-20,2026-08-14,25,16.5,21.9378
2026-07-20,2026-08-21,32,16.5,24.0707
2026-07-20,2026-08-28,39,16.5,26.2035
2026-07-20,2026-09-18,60,16.0,31.9927
2026-07-20,2026-10-16,88,16.0,38.8483
2026-07-20,2027-01-15,179,16.0,53.3211
2026-07-20,2028-01-21,550,15.0,84.3998
2026-07-21,2026-07-24,3,17.5,7.8035
2026-07-21,2026-07-31,10,17.5,13.2948
2026-07-21,2026-08-07,17,17.5,17.341
2026-07-21,2026-08-14,24,17.5,21.5318
2026-07-21,2026-08-21,31,17.5,24.1329
2026-07-21,2026-08-28,38,17.5,26.0116
2026-07-21,2026-09-18,59,17.0,31.9364
2026-07-21,2026-10-16,87,17.0,38.1503
2026-07-21,2027-01-15,178,17.0,53.7572
2026-07-21,2028-01-21,549,15.0,83.526
2026-07-22,2026-07-24,2,17.5,6.7841
2026-07-22,2026-07-31,9,17.5,12.7021
2026-07-22,2026-08-07,16,17.5,16.7436
2026-07-22,2026-08-14,23,17.5,20.7852
2026-07-22,2026-08-21,30,17.5,23.8164
2026-07-22,2026-08-28,37,17.5,25.8372
2026-07-22,2026-09-18,58,17.0,31.3222
2026-07-22,2026-10-16,86,17.0,37.3845
2026-07-22,2027-01-15,177,17.0,52.2517
2026-07-22,2028-01-21,548,15.0,81.9861
2026-07-23,2026-07-24,1,17.0,4.1469
2026-07-23,2026-07-31,8,17.0,11.5521
2026-07-23,2026-08-07,15,17.0,15.9953
2026-07-23,2026-08-14,22,17.0,20.4384
2026-07-23,2026-08-21,29,17.0,22.9562
2026-07-23,2026-08-28,36,17.0,23.5486
2026-07-23,2026-09-04,43,17.0,27.3993
2026-07-23,2026-09-18,57,17.0,31.25
2026-07-23,2026-10-16,85,17.0,38.5071
2026-07-23,2027-01-15,176,17.0,52.4289
2026-07-23,2028-01-21,547,15.0,82.346
2026-07-24,2026-07-31,7,15.5,10.7441
2026-07-24,2026-08-07,14,15.5,15.2341
2026-07-24,2026-08-14,21,16.0,19.4035
2026-07-24,2026-08-21,28,15.5,22.4503
2026-07-24,2026-08-28,35,15.5,25.1764
2026-07-24,2026-09-04,42,15.5,26.78
2026-07-24,2026-09-18,56,16.0,31.5908
2026-07-24,2026-10-16,84,16.0,38.0051
2026-07-24,2027-01-15,175,16.0,52.9185
2026-07-24,2028-01-21,546,15.0,85.9525
2026-07-27,2026-07-31,4,17.0,9.3806
2026-07-27,2026-08-07,11,17.0,14.7409
2026-07-27,2026-08-14,18,17.0,18.7612
2026-07-27,2026-08-21,25,17.0,22.0369
2026-07-27,2026-08-28,32,17.0,24.1215
2026-07-27,2026-09-04,39,17.0,26.0572
2026-07-27,2026-09-18,53,17.0,30.9708
2026-07-27,2026-10-16,81,17.0,37.6712
2026-07-27,2027-01-15,172,17.0,52.1144
2026-07-27,2028-01-21,543,15.0,84.2764
2026-07-28,2026-07-31,3,16.0,8.5616
2026-07-28,2026-08-07,10,16.0,15.0996
2026-07-28,2026-08-14,17,16.0,18.5243
2026-07-28,2026-08-21,24,16.0,21.0149
2026-07-28,2026-08-28,31,16.0,23.5056
2026-07-28,2026-09-04,38,16.0,26.1519
2026-07-28,2026-09-18,52,16.0,29.8879
2026-07-28,2026-10-16,80,16.0,36.7372
2026-07-28,2027-01-15,171,16.0,51.3699
2026-07-28,2028-01-21,542,15.0,84.9938
2026-07-29,2026-07-31,2,15.0,7.5605
2026-07-29,2026-08-07,9,15.0,12.9368
2026-07-29,2026-08-14,16,15.0,17.9772
2026-07-29,2026-08-21,23,15.0,20.1613
2026-07-29,2026-08-28,30,15.0,24.3616
2026-07-29,2026-09-04,37,15.0,24.8656
2026-07-29,2026-09-18,51,15.0,29.4019
2026-07-29,2026-10-16,79,15.0,36.9624
2026-07-29,2027-01-15,170,15.0,51.7473
2026-07-29,2028-01-21,541,15.0,85.6855
2026-07-30,2026-07-31,1,16.5,5.5456
2026-07-30,2026-08-07,8,16.5,11.9904
2026-07-30,2026-08-14,15,16.5,17.536
2026-07-30,2026-08-21,22,16.5,19.4844
2026-07-30,2026-08-28,29,16.5,23.0815
2026-07-30,2026-09-04,36,16.5,23.0815
2026-07-30,2026-09-11,43,16.5,28.4772
2026-07-30,2026-09-18,50,17.0,29.2266
2026-07-30,2026-10-16,78,17.0,36.5707
2026-07-30,2027-01-15,169,17.0,52.1583
2026-07-30,2028-01-21,540,15.0,84.8321
2026-07-31,2026-08-07,7,16.0,10.9994
2026-07-31,2026-08-14,14,16.0,16.4991
2026-07-31,2026-08-21,21,16.0,19.7989
2026-07-31,2026-08-28,28,16.0,22.9415
2026-07-31,2026-09-04,35,16.0,24.3558
2026-07-31,2026-09-11,42,16.0,26.8699
2026-07-31,2026-09-18,49,16.0,28.9126
2026-07-31,2026-10-16,77,16.0,36.2979
2026-07-31,2027-01-15,168,16.0,51.2256
2026-07-31,2028-01-21,539,15.0,83.9095
2026-08-03,2026-08-07,4,17.5,9.5279
2026-08-03,2026-08-14,11,17.5,14.7895
2026-08-03,2026-08-21,18,17.5,19.6246
2026-08-03,2026-08-28,25,17.5,21.4733
2026-08-03,2026-09-04,32,17.5,23.4642
2026-08-03,2026-09-11,39,17.5,26.0239
2026-08-03,2026-09-18,46,18.0,28.5836
2026-08-03,2026-10-16,74,18.0,35.9784
2026-08-03,2027-01-15,165,18.0,53.7543
2026-08-03,2028-01-21,536,20.0,91.8658
2026-08-04,2026-08-07,3,18.0,8.393
2026-08-04,2026-08-14,10,18.0,14.9972
2026-08-04,2026-08-21,17,18.0,18.1618
2026-08-04,2026-08-28,24,18.0,21.6015
2026-08-04,2026-09-04,31,18.0,23.6654
2026-08-04,2026-09-11,38,18.0,25.454
2026-08-04,2026-09-18,45,18.0,27.7931
2026-08-04,2026-10-16,73,18.0,35.3605
2026-08-04,2027-01-15,164,18.0,51.1833
2026-08-04,2028-01-21,535,20.0,93.0105
2026-08-05,2026-08-07,2,18.0,7.4105
2026-08-05,2026-08-14,9,18.0,13.283
2026-08-05,2026-08-21,16,18.0,17.4776
2026-08-05,2026-08-28,23,18.0,20.1342
2026-08-05,2026-09-04,30,18.0,23.4899
2026-08-05,2026-09-11,37,18.0,25.028
2026-08-05,2026-09-18,44,18.0,27.6846
2026-08-05,2026-10-16,72,18.0,34.6756
2026-08-05,2027-01-15,163,18.0,52.0134
2026-08-05,2028-01-21,534,20.0,94.7987
2026-08-06,2026-08-07,1,17.5,4.9688
2026-08-06,2026-08-14,8,17.5,14.1965
2026-08-06,2026-08-21,15,17.5,16.6099
2026-08-06,2026-08-28,22,17.5,19.1652
2026-08-06,2026-09-04,29,17.5,22.0045
2026-08-06,2026-09-11,36,17.5,23.992
2026-08-06,2026-09-18,43,18.0,27.5412
2026-08-06,2026-09-25,50,17.5,29.3867
2026-08-06,2026-10-16,71,18.0,35.3492
2026-08-06,2027-01-15,162,18.0,50.5395
2026-08-06,2028-01-21,533,20.0,93.1289
2026-08-07,2026-08-14,7,19.0,10.8753
2026-08-07,2026-08-21,14,19.0,14.5889
2026-08-07,2026-08-28,21,19.0,18.3024
2026-08-07,2026-09-04,28,19.0,21.2202
2026-08-07,2026-09-11,35,19.0,23.2095
2026-08-07,2026-09-18,42,19.0,25.4642
2026-08-07,2026-09-25,49,19.0,27.1883
2026-08-07,2026-10-16,70,19.0,32.7586
2026-08-07,2027-01-15,161,19.0,48.8064
2026-08-07,2028-01-21,532,20.0,92.3077
2026-08-10,2026-08-14,4,18.5,8.616
2026-08-10,2026-08-21,11,18.5,13.5972
2026-08-10,2026-08-28,18,18.5,17.0975
2026-08-10,2026-09-04,25,18.5,20.867
2026-08-10,2026-09-11,32,18.5,23.1556
2026-08-10,2026-09-18,39,19.0,25.5789
2026-08-10,2026-09-25,46,18.5,28.1368
2026-08-10,2026-10-16,67,19.0,33.5218
2026-08-10,2027-01-15,158,19.0,48.4653
2026-08-10,2028-01-21,529,20.0,92.084
2026-08-11,2026-08-14,3,19.5,8.6429
2026-08-11,2026-08-21,10,19.5,13.2869
2026-08-11,2026-08-28,17,19.5,16.1249
2026-08-11,2026-09-04,24,19.5,20.2528
2026-08-11,2026-09-11,31,19.5,24.2518
2026-08-11,2026-09-18,38,19.0,23.4778
2026-08-11,2026-09-25,45,19.5,23.8648
2026-08-11,2026-10-16,66,19.0,30.3148
2026-08-11,2027-01-15,157,19.0,47.9876
2026-08-11,2028-01-21,528,20.0,86.1713
2026-08-12,2026-08-14,2,19.0,8.2851
2026-08-12,2026-08-21,9,19.0,11.7044
2026-08-12,2026-08-28,16,19.0,15.9127
2026-08-12,2026-09-04,23,19.0,18.2799
2026-08-12,2026-09-11,30,19.0,20.91
2026-08-12,2026-09-18,37,19.0,22.6197
2026-08-12,2026-09-25,44,19.0,26.6965
2026-08-12,2026-10-16,65,19.0,30.9048
2026-08-12,2027-01-15,156,19.0,46.8175
2026-08-12,2028-01-21,527,20.0,80.484
2026-08-13,2026-08-14,1,20.5,4.1423
2026-08-13,2026-08-21,8,20.5,10.2339
2026-08-13,2026-08-28,15,20.5,14.9854
2026-08-13,2026-09-04,22,20.5,19.0058
2026-08-13,2026-09-11,29,20.5,20.2242
2026-08-13,2026-09-18,36,21.0,23.6355
2026-08-13,2026-09-25,43,20.5,23.7573
2026-08-13,2026-10-02,50,20.5,26.3158
2026-08-13,2026-10-16,64,21.0,31.1891
2026-08-13,2027-01-15,155,21.0,47.271
2026-08-13,2028-01-21,526,20.0,84.7953
2026-08-14,2026-08-21,7,19.5,10.3001
2026-08-14,2026-08-28,14,19.5,12.4619
2026-08-14,2026-09-04,21,19.5,17.1668
2026-08-14,2026-09-11,28,19.5,17.4212
2026-08-14,2026-09-18,35,20.0,22.1261
2026-08-14,2026-09-25,42,19.5,23.9064
2026-08-14,2026-10-02,49,19.5,26.4496
2026-08-14,2026-10-16,63,20.0,29.7558
2026-08-14,2027-01-15,154,20.0,45.5239
2026-08-14,2028-01-21,525,20.0,82.9095
2026-08-17,2026-08-21,4,19.5,7.2741
2026-08-17,2026-08-28,11,19.5,13.3997
2026-08-17,2026-09-04,18,19.5,15.4416
2026-08-17,2026-09-11,25,19.5,17.9939
2026-08-17,2026-09-18,32,20.0,19.27
2026-08-17,2026-09-25,39,19.5,24.3747
2026-08-17,2026-10-02,46,19.5,23.9918
2026-08-17,2026-10-16,60,20.0,29.0965
2026-08-17,2027-01-15,151,20.0,45.9418
2026-08-17,2028-01-21,522,20.0,81.4191
2026-08-18,2026-08-21,3,18.0,6.7123
2026-08-18,2026-08-28,10,18.0,11.7808
2026-08-18,2026-09-04,17,18.0,14.9315
2026-08-18,2026-09-11,24,18.0,17.1233
2026-08-18,2026-09-18,31,18.0,19.726
2026-08-18,2026-09-25,38,18.0,22.1918
2026-08-18,2026-10-02,45,18.0,23.5616
2026-08-18,2026-10-16,59,18.0,27.6712
2026-08-18,2027-01-15,150,18.0,45.4795
2026-08-18,2028-01-21,521,20.0,85.2055
2026-08-19,2026-08-21,2,19.0,5.483
2026-08-19,2026-08-28,9,19.0,10.9661
2026-08-19,2026-09-04,16,19.0,14.4909
2026-08-19,2026-09-11,23,19.0,17.624
2026-08-19,2026-09-18,30,19.0,19.1906
2026-08-19,2026-09-25,37,19.0,22.1932
2026-08-19,2026-10-02,44,19.0,30.2872
2026-08-19,2026-10-16,58,19.0,27.154
2026-08-19,2027-01-15,149,19.0,43.342
2026-08-19,2028-01-21,520,20.0,84.0731
2026-08-20,2026-08-21,1,18.0,3.977
2026-08-20,2026-08-28,8,18.0,9.5996
2026-08-20,2026-09-04,15,18.0,14.2622
2026-08-20,2026-09-11,22,18.0,17.1421
2026-08-20,2026-09-18,29,18.0,19.1991
2026-08-20,2026-09-25,36,18.0,20.9819
2026-08-20,2026-10-02,43,18.0,22.7647
2026-08-20,2026-10-16,57,18.0,26.6045
2026-08-20,2027-01-15,148,18.0,44.9808
2026-08-20,2027-04-16,239,18.0,56.7745
2026-08-20,2028-01-21,519,20.0,86.3961
2026-08-21,2026-08-28,7,19.0,10.0796
2026-08-21,2026-09-04,14,19.0,13.7931
2026-08-21,2026-09-11,21,19.0,16.8435
2026-08-21,2026-09-18,28,19.0,18.9655
2026-08-21,2026-09-25,35,19.0,22.1485
2026-08-21,2026-10-02,42,19.0,22.9443
2026-08-21,2026-10-16,56,19.0,28.5146
2026-08-21,2027-01-15,147,19.0,44.5623
2026-08-21,2027-04-16,238,19.0,55.7029
2026-08-21,2028-01-21,518,20.0,83.5544
2026-08-24,2026-08-28,4,18.5,7.9365
2026-08-24,2026-09-04,11,18.5,12.8626
2026-08-24,2026-09-11,18,18.5,15.873
2026-08-24,2026-09-18,25,18.5,18.1992
2026-08-24,2026-09-25,32,18.5,20.5255
2026-08-24,2026-10-02,39,18.5,22.3043
2026-08-24,2026-10-16,53,18.0,26.2726
2026-08-24,2027-01-15,144,18.0,43.7876
2026-08-24,2027-04-16,235,18.0,55.8292
2026-08-24,2028-01-21,515,20.0,81.8281
2026-08-25,2026-08-28,3,19.0,7.2765
2026-08-25,2026-09-04,10,19.0,11.4345
2026-08-25,2026-09-11,17,19.0,14.1632
2026-08-25,2026-09-18,24,19.0,17.0218
2026-08-25,2026-09-25,31,19.0,19.3607
2026-08-25,2026-10-02,38,19.0,21.5696
2026-08-25,2026-10-16,52,19.0,26.6372
2026-08-25,2027-01-15,143,19.0,41.58
2026-08-25,2027-04-16,234,19.0,53.0146
2026-08-25,2028-01-21,514,20.0,82.1206
2026-08-26,2026-08-28,2,18.5,6.2162
2026-08-26,2026-09-04,9,18.5,10.2703
2026-08-26,2026-09-11,16,18.5,13.3784
2026-08-26,2026-09-18,23,18.5,16.6216
2026-08-26,2026-09-25,30,18.5,19.5946
2026-08-26,2026-10-02,37,18.5,21.7568
2026-08-26,2026-10-16,51,18.0,25.4054
2026-08-26,2027-01-15,142,18.0,43.2432
2026-08-26,2027-04-16,233,18.0,55.1351
2026-08-26,2028-01-21,513,20.0,85.1351
2026-08-27,2026-08-28,1,19.0,3.8981
2026-08-27,2026-09-04,8,19.0,10.2651
2026-08-27,2026-09-11,15,19.0,13.5135
2026-08-27,2026-09-18,22,19.0,16.3721
2026-08-27,2026-09-25,29,19.0,18.0613
2026-08-27,2026-10-02,36,19.0,21.3098
2026-08-27,2026-10-09,43,19.0,24.5582
2026-08-27,2026-10-16,50,19.0,24.4283
2026-08-27,2027-01-15,141,19.0,41.8399
2026-08-27,2027-04-16,232,19.0,53.0146
2026-08-27,2028-01-21,512,20.0,81.0811
2026-08-28,2026-09-04,7,18.0,7.9299
2026-08-28,2026-09-11,14,18.0,11.547
2026-08-28,2026-09-18,21,18.0,15.3033
2026-08-28,2026-09-25,28,18.0,18.6422
2026-08-28,2026-10-02,35,18.0,20.729
2026-08-28,2026-10-09,42,18.0,23.6505
2026-08-28,2026-10-16,49,18.0,23.9288
2026-08-28,2027-01-15,140,18.0,42.8492
2026-08-28,2027-04-16,231,18.0,53.9789
2026-08-28,2028-01-21,511,20.0,82.3595
