date,expiration,dte,strike,expmove_pct
2023-06-01,2023-06-16,15,6.0,10.2848
2023-06-01,2023-07-21,50,6.0,17.4051
2023-06-01,2023-10-20,141,6.0,28.0854
2023-06-01,2024-01-19,232,6.0,35.9968
2023-06-01,2025-01-17,596,7.0,63.2911
2023-06-02,2023-06-16,14,6.0,10.1721
2023-06-02,2023-07-21,49,6.0,15.6495
2023-06-02,2023-10-20,140,6.0,28.169
2023-06-02,2024-01-19,231,6.0,35.9937
2023-06-02,2025-01-17,595,7.0,60.6416
2023-06-05,2023-06-16,11,6.0,10.7858
2023-06-05,2023-07-21,46,6.0,16.5639
2023-06-05,2023-10-20,137,6.0,27.735
2023-06-05,2024-01-19,228,6.0,35.0539
2023-06-05,2025-01-17,592,7.0,59.322
2023-06-06,2023-06-16,10,6.0,7.5637
2023-06-06,2023-07-21,45,6.0,13.9331
2023-06-06,2023-10-20,136,6.0,26.2739
2023-06-06,2024-01-19,227,6.0,34.6338
2023-06-06,2025-01-17,591,7.0,60.1115
2023-06-07,2023-06-16,9,6.0,7.9365
2023-06-07,2023-07-21,44,6.0,13.8889
2023-06-07,2023-10-20,135,6.0,26.5873
2023-06-07,2024-01-19,226,6.0,34.5238
2023-06-07,2025-01-17,590,7.0,60.3175
2023-06-08,2023-06-16,8,6.0,8.9564
2023-06-08,2023-07-21,43,6.0,14.4081
2023-06-08,2023-10-20,134,6.0,26.0903
2023-06-08,2024-01-19,225,6.0,34.2679
2023-06-08,2025-01-17,589,7.0,59.5794
2023-06-09,2023-06-16,7,6.0,7.3899
2023-06-09,2023-07-21,42,6.0,13.3648
2023-06-09,2023-10-20,133,6.0,25.9434
2023-06-09,2024-01-19,224,6.0,33.805
2023-06-09,2025-01-17,588,7.0,60.1415
2023-06-12,2023-06-16,4,7.0,8.4356
2023-06-12,2023-07-21,39,7.0,14.954
2023-06-12,2023-10-20,130,7.0,26.4571
2023-06-12,2024-01-19,221,7.0,34.8926
2023-06-12,2025-01-17,585,7.0,58.6656
2023-06-13,2023-06-16,3,7.0,8.8326
2023-06-13,2023-07-21,38,7.0,14.977
2023-06-13,2023-10-20,129,7.0,26.1137
2023-06-13,2024-01-19,220,7.0,34.5622
2023-06-13,2025-01-17,584,7.0,56.4516
2023-06-14,2023-06-16,2,6.0,5.8544
2023-06-14,2023-07-21,37,6.0,13.4494
2023-06-14,2023-10-20,128,6.0,25.3165
2023-06-14,2024-01-19,219,6.0,33.2278
2023-06-14,2025-01-17,583,7.0,58.9399
2023-06-15,2023-07-21,36,6.0,13.1376
2023-06-15,2023-08-18,64,6.0,18.1607
2023-06-15,2023-10-20,127,6.0,25.1159
2023-06-15,2024-01-19,218,6.0,33.2303
2023-06-15,2025-01-17,582,7.0,57.9598
2023-06-16,2023-07-21,35,6.0,12.0905
2023-06-16,2023-08-18,63,6.0,17.5507
2023-06-16,2023-10-20,126,6.0,24.181
2023-06-16,2024-01-19,217,6.0,31.9813
2023-06-16,2025-01-17,581,7.0,58.5023
2023-06-20,2023-07-21,31,6.0,11.4353
2023-06-20,2023-08-18,59,6.0,17.3502
2023-06-20,2023-10-20,122,6.0,24.4479
2023-06-20,2024-01-19,213,6.0,32.7287
2023-06-20,2025-01-17,577,7.0,57.1767
2023-06-21,2023-07-21,30,6.0,12.2047
2023-06-21,2023-08-18,58,6.0,17.3228
2023-06-21,2023-10-20,121,6.0,23.622
2023-06-21,2024-01-19,212,6.0,32.2835
2023-06-21,2025-01-17,576,7.0,56.2992
2023-06-22,2023-07-21,29,6.0,10.5008
2023-06-22,2023-08-18,57,6.0,16.559
2023-06-22,2023-10-20,120,6.0,22.6171
2023-06-22,2024-01-19,211,6.0,31.9063
2023-06-22,2025-01-17,575,7.0,60.5816
2023-06-23,2023-07-21,28,6.0,9.1211
2023-06-23,2023-08-18,56,6.0,16.1692
2023-06-23,2023-10-20,119,6.0,23.2172
2023-06-23,2024-01-19,210,6.0,31.9237
2023-06-23,2025-01-17,574,7.0,58.8723
2023-06-26,2023-07-21,25,6.0,9.1667
2023-06-26,2023-08-18,53,6.0,15.8333
2023-06-26,2023-10-20,116,6.0,22.9167
2023-06-26,2024-01-19,207,6.0,31.6667
2023-06-26,2025-01-17,571,5.0,53.3333
2023-06-27,2023-07-21,24,6.0,9.182
2023-06-27,2023-08-18,52,6.0,15.025
2023-06-27,2023-10-20,115,6.0,22.5376
2023-06-27,2024-01-19,206,6.0,31.7195
2023-06-27,2025-01-17,570,5.0,53.8397
2023-06-28,2023-07-21,23,6.0,8.9723
2023-06-28,2023-08-18,51,6.0,15.4976
2023-06-28,2023-10-20,114,6.0,22.8385
2023-06-28,2024-01-19,205,6.0,31.4029
2023-06-28,2025-01-17,569,7.0,56.2806
2023-06-29,2023-07-21,22,6.0,9.0016
2023-06-29,2023-08-18,50,6.0,15.1391
2023-06-29,2023-10-20,113,6.0,22.9133
2023-06-29,2024-01-19,204,6.0,31.5057
2023-06-29,2025-01-17,568,7.0,57.6923
2023-06-30,2023-07-21,21,6.0,8.8141
2023-06-30,2023-08-18,49,6.0,14.8237
2023-06-30,2023-10-20,112,6.0,22.4359
2023-06-30,2024-01-19,203,6.0,30.4487
2023-06-30,2025-01-17,567,7.0,57.2917
2023-07-03,2023-07-21,18,6.0,6.9331
2023-07-03,2023-08-18,46,6.0,13.8662
2023-07-03,2023-10-20,109,6.0,21.615
2023-07-03,2024-01-19,200,6.0,30.5873
2023-07-03,2025-01-17,564,7.0,57.9119
2023-07-05,2023-07-21,16,6.0,7.1189
2023-07-05,2023-08-18,44,6.0,13.8191
2023-07-05,2023-10-20,107,6.0,22.1943
2023-07-05,2024-01-19,198,6.0,31.407
2023-07-05,2025-01-17,562,5.0,53.1826
2023-07-06,2023-07-21,15,6.0,9.292
2023-07-06,2023-08-18,43,6.0,15.4867
2023-07-06,2023-10-20,106,6.0,23.8938
2023-07-06,2024-01-19,197,6.0,31.8584
2023-07-06,2025-01-17,561,5.0,51.3274
2023-07-07,2023-07-21,14,6.0,7.6531
2023-07-07,2023-08-18,42,6.0,14.4558
2023-07-07,2023-10-20,105,6.0,22.1088
2023-07-07,2024-01-19,196,6.0,31.4626
2023-07-07,2025-01-17,560,5.0,52.2959
2023-07-10,2023-07-21,11,6.0,6.6778
2023-07-10,2023-08-18,39,6.0,13.3556
2023-07-10,2023-10-20,102,6.0,21.7028
2023-07-10,2024-01-19,193,6.0,31.3022
2023-07-10,2025-01-17,557,5.0,52.5876
2023-07-11,2023-07-21,10,6.0,6.5041
2023-07-11,2023-08-18,38,6.0,13.4146
2023-07-11,2023-10-20,101,6.0,21.9512
2023-07-11,2024-01-19,192,6.0,30.0813
2023-07-11,2025-01-17,556,7.0,57.7236
2023-07-12,2023-07-21,9,6.0,5.3018
2023-07-12,2023-08-18,37,6.0,12.6427
2023-07-12,2023-10-20,100,6.0,20.7993
2023-07-12,2024-01-19,191,6.0,30.5873
2023-07-12,2025-01-17,555,7.0,56.6884
2023-07-13,2023-07-21,8,6.0,7.4686
2023-07-13,2023-08-18,36,6.0,12.9717
2023-07-13,2023-10-20,99,6.0,21.6195
2023-07-13,2024-01-19,190,6.0,29.4811
2023-07-13,2025-01-17,554,7.0,55.4245
2023-07-14,2023-07-21,7,6.0,5.6543
2023-07-14,2023-08-18,35,6.0,12.5202
2023-07-14,2023-10-20,98,6.0,19.79
2023-07-14,2024-01-19,189,6.0,29.8869
2023-07-14,2025-01-17,553,7.0,56.5428
2023-07-17,2023-07-21,4,6.0,5.2167
2023-07-17,2023-08-18,32,6.0,11.6372
2023-07-17,2023-10-20,95,6.0,20.4655
2023-07-17,2024-01-19,186,6.0,30.0963
2023-07-17,2025-01-17,550,7.0,54.5746
2023-07-18,2023-07-21,3,6.0,6.388
2023-07-18,2023-08-18,31,6.0,11.8297
2023-07-18,2023-10-20,94,6.0,20.5047
2023-07-18,2024-01-19,185,6.0,29.5741
2023-07-18,2025-01-17,549,7.0,54.4164
2023-07-19,2023-07-21,2,6.0,4.88
2023-07-19,2023-08-18,30,6.0,12.0
2023-07-19,2023-10-20,93,6.0,20.4
2023-07-19,2024-01-19,184,6.0,29.6
2023-07-19,2025-01-17,548,7.0,54.0
2023-07-20,2023-07-21,1,6.0,3.3113
2023-07-20,2023-08-18,29,6.0,11.5894
2023-07-20,2023-09-15,57,6.0,15.3146
2023-07-20,2023-10-20,92,6.0,19.8675
2023-07-20,2024-01-19,183,6.0,28.5596
2023-07-20,2025-01-17,547,7.0,55.0497
2023-07-21,2023-08-18,28,6.0,10.906
2023-07-21,2023-09-15,56,6.0,14.6812
2023-07-21,2023-10-20,91,6.0,20.5537
2023-07-21,2024-01-19,182,6.0,29.3624
2023-07-21,2025-01-17,546,5.0,49.0772
2023-07-24,2023-08-18,25,6.0,10.118
2023-07-24,2023-09-15,53,6.0,14.7555
2023-07-24,2023-10-20,88,6.0,18.9713
2023-07-24,2024-01-19,179,6.0,28.6678
2023-07-24,2025-01-17,543,5.0,50.1686
2023-07-25,2023-08-18,24,6.0,10.5863
2023-07-25,2023-09-15,52,6.0,15.0651
2023-07-25,2023-10-20,87,6.0,19.544
2023-07-25,2024-01-19,178,6.0,28.9088
2023-07-25,2025-01-17,542,7.0,53.7459
2023-07-26,2023-08-18,23,6.0,10.7084
2023-07-26,2023-09-15,51,6.0,15.2389
2023-07-26,2023-10-20,86,6.0,19.3575
2023-07-26,2024-01-19,177,6.0,28.4185
2023-07-26,2025-01-17,541,7.0,54.7776
2023-07-27,2023-08-18,22,6.0,11.0733
2023-07-27,2023-09-15,50,6.0,14.9063
2023-07-27,2023-10-20,85,6.0,19.5911
2023-07-27,2024-01-19,176,6.0,28.9608
2023-07-27,2025-01-17,540,5.0,51.1073
2023-07-28,2023-08-18,21,6.0,9.5833
2023-07-28,2023-09-15,49,6.0,14.5833
2023-07-28,2023-10-20,84,6.0,19.1667
2023-07-28,2024-01-19,175,6.0,28.3333
2023-07-28,2025-01-17,539,5.0,49.5833
2023-07-31,2023-08-18,18,6.0,10.1881
2023-07-31,2023-09-15,46,6.0,14.4984
2023-07-31,2023-10-20,81,6.0,19.5925
2023-07-31,2024-01-19,172,6.0,28.605
2023-07-31,2025-01-17,536,7.0,53.2915
2023-08-01,2023-08-18,17,6.0,10.3339
2023-08-01,2023-09-15,45,6.0,15.1033
2023-08-01,2023-10-20,80,6.0,19.8728
2023-08-01,2024-01-19,171,6.0,29.0143
2023-08-01,2025-01-17,535,7.0,53.2591
2023-08-02,2023-08-18,16,6.0,9.061
2023-08-02,2023-09-15,44,6.0,14.827
2023-08-02,2023-10-20,79,6.0,19.7694
2023-08-02,2024-01-19,170,6.0,28.8303
2023-08-02,2025-01-17,534,7.0,54.7776
2023-08-03,2023-08-18,15,6.0,9.061
2023-08-03,2023-09-15,43,6.0,14.0033
2023-08-03,2023-10-20,78,6.0,18.9456
2023-08-03,2024-01-19,169,6.0,28.0066
2023-08-03,2025-01-17,533,7.0,53.9539
2023-08-04,2023-08-18,14,6.0,7.8254
2023-08-04,2023-09-15,42,6.0,13.5914
2023-08-04,2023-10-20,77,6.0,18.9456
2023-08-04,2024-01-19,168,6.0,28.0066
2023-08-04,2025-01-17,532,7.0,56.425
2023-08-07,2023-08-18,11,6.0,6.8994
2023-08-07,2023-09-15,39,6.0,12.987
2023-08-07,2023-10-20,74,6.0,17.8571
2023-08-07,2024-01-19,165,6.0,27.5974
2023-08-07,2025-01-17,529,7.0,53.5714
2023-08-08,2023-08-18,10,6.0,8.6478
2023-08-08,2023-09-15,38,6.0,13.3648
2023-08-08,2023-10-20,73,6.0,18.8679
2023-08-08,2024-01-19,164,6.0,28.3019
2023-08-08,2025-01-17,528,7.0,51.8868
2023-08-09,2023-08-18,9,6.0,8.9425
2023-08-09,2023-09-15,37,6.0,14.3857
2023-08-09,2023-10-20,72,6.0,18.6625
2023-08-09,2024-01-19,163,6.0,28.7714
2023-08-09,2025-01-17,527,7.0,52.0995
2023-08-10,2023-08-18,8,6.0,7.4921
2023-08-10,2023-09-15,36,6.0,13.0126
2023-08-10,2023-10-20,71,6.0,17.7445
2023-08-10,2024-01-19,162,6.0,27.6025
2023-08-10,2025-01-17,526,7.0,51.6562
2023-08-11,2023-08-18,7,7.0,6.6766
2023-08-11,2023-09-15,35,7.0,12.9822
2023-08-11,2023-10-20,70,7.0,17.8042
2023-08-11,2024-01-19,161,7.0,28.1899
2023-08-11,2025-01-17,525,7.0,51.1869
2023-08-14,2023-08-18,4,7.0,7.1861
2023-08-14,2023-09-15,32,7.0,13.2375
2023-08-14,2023-10-20,67,7.0,18.9107
2023-08-14,2024-01-19,158,7.0,27.9879
2023-08-14,2025-01-17,522,7.0,50.6808
2023-08-15,2023-08-18,3,6.0,5.8307
2023-08-15,2023-09-15,31,6.0,11.9808
2023-08-15,2023-10-20,66,6.0,17.1725
2023-08-15,2024-01-19,157,6.0,26.7572
2023-08-15,2025-01-17,521,7.0,51.5176
2023-08-16,2023-08-18,2,6.0,4.9194
2023-08-16,2023-09-15,30,6.0,11.6935
2023-08-16,2023-10-20,65,6.0,17.7419
2023-08-16,2024-01-19,156,6.0,26.2097
2023-08-16,2025-01-17,520,7.0,54.8387
2023-08-17,2023-08-18,1,6.0,4.5527
2023-08-17,2023-09-15,29,6.0,11.5815
2023-08-17,2023-10-20,64,6.0,17.1725
2023-08-17,2024-01-19,155,6.0,27.1565
2023-08-17,2024-04-19,246,6.0,34.345
2023-08-17,2025-01-17,519,7.0,53.9137
2023-08-18,2023-09-15,28,7.0,12.6923
2023-08-18,2023-10-20,63,6.0,17.6923
2023-08-18,2024-01-19,154,7.0,27.6923
2023-08-18,2024-04-19,245,6.0,34.6154
2023-08-18,2025-01-17,518,7.0,51.1538
2023-08-21,2023-09-15,25,7.0,10.0
2023-08-21,2023-10-20,60,7.0,16.0714
2023-08-21,2024-01-19,151,7.0,26.0714
2023-08-21,2024-04-19,242,7.0,33.5714
2023-08-21,2025-01-17,515,7.0,50.3571
2023-08-22,2023-09-15,24,7.0,10.1744
2023-08-22,2023-10-20,59,7.0,16.3517
2023-08-22,2024-01-19,150,7.0,26.8895
2023-08-22,2024-04-19,241,7.0,34.5203
2023-08-22,2025-01-17,514,7.0,48.6919
2023-08-23,2023-09-15,23,7.0,9.3123
2023-08-23,2023-10-20,58,7.0,16.1175
2023-08-23,2024-01-19,149,7.0,25.788
2023-08-23,2024-04-19,240,7.0,33.6676
2023-08-23,2025-01-17,513,7.0,49.4269
2023-08-24,2023-09-15,22,7.0,9.8829
2023-08-24,2023-10-20,57,7.0,16.1054
2023-08-24,2024-01-19,148,7.0,26.7204
2023-08-24,2024-04-19,239,7.0,33.675
2023-08-24,2025-01-17,512,7.0,49.4143
2023-08-25,2023-09-15,21,7.0,8.7977
2023-08-25,2023-10-20,56,7.0,16.129
2023-08-25,2024-01-19,147,7.0,26.0264
2023-08-25,2024-04-19,238,7.0,33.7243
2023-08-25,2025-01-17,511,7.0,47.654
2023-08-28,2023-09-15,18,7.0,8.2973
2023-08-28,2023-10-20,53,7.0,14.7908
2023-08-28,2024-01-19,144,7.0,25.6133
2023-08-28,2024-04-19,235,7.0,32.8283
2023-08-28,2025-01-17,508,7.0,47.619
2023-08-29,2023-09-15,17,7.0,7.5323
2023-08-29,2023-10-20,52,7.0,13.9885
2023-08-29,2024-01-19,143,7.0,25.825
2023-08-29,2024-04-19,234,7.0,31.9225
2023-08-29,2025-01-17,507,7.0,47.3458
2023-08-30,2023-09-15,16,7.0,6.9541
2023-08-30,2023-10-20,51,7.0,14.6036
2023-08-30,2024-01-19,142,7.0,25.0348
2023-08-30,2024-04-19,233,7.0,31.6412
2023-08-30,2025-01-17,506,7.0,46.9402
2023-08-31,2023-09-15,15,7.0,7.7139
2023-08-31,2023-10-20,50,7.0,14.3759
2023-08-31,2024-01-19,141,7.0,24.1935
2023-08-31,2024-04-19,232,7.0,31.9074
2023-08-31,2025-01-17,505,7.0,47.6858
2023-09-01,2023-09-15,14,7.0,7.2514
2023-09-01,2023-10-20,49,7.0,13.8122
2023-09-01,2024-01-19,140,7.0,23.826
2023-09-01,2024-04-19,231,7.0,31.768
2023-09-01,2025-01-17,504,7.0,47.6519
2023-09-05,2023-09-15,10,8.0,8.2781
2023-09-05,2023-10-20,45,8.0,14.5695
2023-09-05,2024-01-19,136,8.0,25.1656
2023-09-05,2024-04-19,227,8.0,32.4503
2023-09-05,2025-01-17,500,7.0,47.0199
2023-09-06,2023-09-15,9,7.0,7.4425
2023-09-06,2023-10-20,44,7.0,13.5318
2023-09-06,2024-01-19,135,7.0,24.3572
2023-09-06,2024-04-19,226,7.0,31.1231
2023-09-06,2025-01-17,499,7.0,46.3464
2023-09-07,2023-09-15,8,7.0,7.1623
2023-09-07,2023-10-20,43,7.0,13.3015
2023-09-07,2024-01-19,134,7.0,23.8745
2023-09-07,2024-04-19,225,7.0,31.3779
2023-09-07,2025-01-17,498,7.0,47.0668
2023-09-08,2023-09-15,7,7.0,6.4538
2023-09-08,2023-10-20,42,7.0,12.5679
2023-09-08,2024-01-19,133,7.0,23.7772
2023-09-08,2024-04-19,224,7.0,30.5707
2023-09-08,2025-01-17,497,7.0,46.5353
2023-09-11,2023-09-15,4,7.0,7.0856
2023-09-11,2023-10-20,39,7.0,12.7005
2023-09-11,2024-01-19,130,7.0,23.0615
2023-09-11,2024-04-19,221,7.0,30.7487
2023-09-11,2025-01-17,494,7.0,45.4545
2023-09-11,2026-01-16,858,7.0,64.1711
2023-09-12,2023-10-20,38,7.0,12.4495
2023-09-12,2024-01-19,129,7.0,22.2073
2023-09-12,2024-04-19,220,7.0,29.6097
2023-09-12,2025-01-17,493,7.0,45.424
2023-09-12,2026-01-16,857,7.0,58.5464
2023-09-13,2023-09-15,2,8.0,3.8217
2023-09-13,2023-10-20,37,8.0,12.1019
2023-09-13,2024-01-19,128,8.0,23.2484
2023-09-13,2024-04-19,219,8.0,29.9363
2023-09-13,2025-01-17,492,7.0,46.1783
2023-09-13,2026-01-16,856,7.0,63.0573
2023-09-14,2023-09-15,1,8.0,2.4752
2023-09-14,2023-10-20,36,8.0,11.448
2023-09-14,2023-11-17,64,8.0,16.7079
2023-09-14,2024-01-19,127,8.0,21.9678
2023-09-14,2024-04-19,218,8.0,29.3936
2023-09-14,2025-01-17,491,7.0,44.8639
2023-09-14,2026-01-16,855,7.0,58.7871
2023-09-15,2023-10-20,35,8.0,11.8765
2023-09-15,2023-11-17,63,8.0,17.2209
2023-09-15,2024-01-19,126,8.0,23.4561
2023-09-15,2024-04-19,217,8.0,30.285
2023-09-15,2025-01-17,490,7.0,45.7245
2023-09-15,2026-01-16,854,7.0,59.0855
2023-09-18,2023-10-20,32,9.0,11.891
2023-09-18,2023-11-17,60,9.0,16.8213
2023-09-18,2024-01-19,123,9.0,22.9118
2023-09-18,2024-04-19,214,9.0,30.1624
2023-09-18,2025-01-17,487,10.0,48.7239
2023-09-18,2026-01-16,851,10.0,62.935
2023-09-19,2023-10-20,31,8.0,11.9193
2023-09-19,2023-11-17,59,8.0,16.8093
2023-09-19,2024-01-19,122,8.0,22.6161
2023-09-19,2024-04-19,213,8.0,29.9511
2023-09-19,2025-01-17,486,7.0,44.3154
2023-09-19,2026-01-16,850,7.0,60.8191
2023-09-20,2023-10-20,30,8.0,11.2219
2023-09-20,2023-11-17,58,8.0,16.2095
2023-09-20,2024-01-19,121,8.0,22.1322
2023-09-20,2024-04-19,212,8.0,30.2369
2023-09-20,2025-01-17,485,7.0,45.1995
2023-09-20,2026-01-16,849,7.0,62.6559
2023-09-21,2023-10-20,29,8.0,11.09
2023-09-21,2023-11-17,57,8.0,16.4766
2023-09-21,2024-01-19,120,8.0,23.1305
2023-09-21,2024-04-19,211,8.0,30.7351
2023-09-21,2025-01-17,484,7.0,45.3105
2023-09-21,2026-01-16,848,7.0,58.3016
2023-09-22,2023-10-20,28,8.0,11.5854
2023-09-22,2023-11-17,56,8.0,16.4634
2023-09-22,2024-01-19,119,8.0,23.1707
2023-09-22,2024-04-19,210,8.0,30.4878
2023-09-22,2025-01-17,483,7.0,44.8171
2023-09-22,2026-01-16,847,7.0,52.7439
2023-09-25,2023-10-20,25,9.0,12.5839
2023-09-25,2023-11-17,53,9.0,18.1767
2023-09-25,2024-01-19,116,9.0,26.0067
2023-09-25,2024-04-19,207,9.0,33.8367
2023-09-25,2025-01-17,480,10.0,50.8949
2023-09-25,2026-01-16,844,10.0,64.038
2023-09-26,2023-10-20,24,9.0,13.0359
2023-09-26,2023-11-17,52,9.0,18.54
2023-09-26,2024-01-19,115,9.0,26.0718
2023-09-26,2024-04-19,206,9.0,34.1831
2023-09-26,2025-01-17,479,10.0,53.5921
2023-09-26,2026-01-16,843,10.0,66.628
2023-09-27,2023-10-20,23,8.0,12.3967
2023-09-27,2023-11-17,51,8.0,18.2999
2023-09-27,2024-01-19,114,8.0,25.0885
2023-09-27,2024-04-19,205,8.0,33.353
2023-09-27,2025-01-17,478,7.0,48.9965
2023-09-27,2026-01-16,842,7.0,64.0496
2023-09-28,2023-10-20,22,9.0,11.661
2023-09-28,2023-11-17,50,9.0,18.2025
2023-09-28,2024-01-19,113,9.0,26.4505
2023-09-28,2024-04-19,204,9.0,35.8362
2023-09-28,2025-01-17,477,10.0,54.3231
2023-09-28,2026-01-16,841,10.0,64.562
2023-09-29,2023-10-20,21,8.0,11.253
2023-09-29,2023-11-17,49,8.0,17.944
2023-09-29,2024-01-19,112,8.0,26.1557
2023-09-29,2024-04-19,203,8.0,34.9757
2023-09-29,2025-01-17,476,7.0,50.7908
2023-09-29,2026-01-16,840,7.0,62.6521
2023-10-02,2023-10-20,18,8.0,11.734
2023-10-02,2023-11-17,46,8.0,18.5789
2023-10-02,2024-01-19,109,8.0,26.7275
2023-10-02,2024-04-19,200,8.0,36.8318
2023-10-02,2024-09-20,354,7.0,46.2842
2023-10-02,2025-01-17,473,7.0,52.4772
2023-10-02,2026-01-16,837,7.0,60.9518
2023-10-03,2023-10-20,17,8.0,12.1711
2023-10-03,2023-11-17,45,8.0,19.0789
2023-10-03,2024-01-19,108,8.0,27.3026
2023-10-03,2024-04-19,199,8.0,37.5
2023-10-03,2024-09-20,353,7.0,46.7105
2023-10-03,2025-01-17,472,7.0,53.6184
2023-10-03,2026-01-16,836,7.0,81.5789
2023-10-04,2023-10-20,16,7.0,11.5332
2023-10-04,2023-11-17,44,7.0,17.2999
2023-10-04,2024-01-19,107,7.0,25.7802
2023-10-04,2024-04-19,198,7.0,35.2782
2023-10-04,2024-09-20,352,7.0,45.7938
2023-10-04,2025-01-17,471,7.0,52.578
2023-10-04,2026-01-16,835,7.0,77.3406
2023-10-05,2023-10-20,15,8.0,11.2583
2023-10-05,2023-11-17,43,8.0,18.2119
2023-10-05,2024-01-19,106,8.0,26.8212
2023-10-05,2024-04-19,197,8.0,36.4238
2023-10-05,2024-09-20,351,7.0,45.3642
2023-10-05,2025-01-17,470,7.0,51.9868
2023-10-05,2026-01-16,834,7.0,79.1391
2023-10-06,2023-10-20,14,8.0,10.078
2023-10-06,2023-11-17,42,8.0,17.5553
2023-10-06,2024-01-19,105,8.0,26.0078
2023-10-06,2024-04-19,196,8.0,35.4356
2023-10-06,2024-09-20,350,7.0,44.8635
2023-10-06,2025-01-17,469,7.0,51.6905
2023-10-06,2026-01-16,833,7.0,68.9207
2023-10-09,2023-10-20,11,8.0,10.2785
2023-10-09,2023-11-17,39,8.0,17.5729
2023-10-09,2024-01-19,102,8.0,26.8568
2023-10-09,2024-04-19,193,8.0,35.809
2023-10-09,2024-09-20,347,7.0,44.7613
2023-10-09,2025-01-17,466,7.0,51.7241
2023-10-09,2026-01-16,830,7.0,67.3077
2023-10-10,2023-10-20,10,8.0,7.9923
2023-10-10,2023-11-17,38,8.0,16.3043
2023-10-10,2024-01-19,101,8.0,25.2558
2023-10-10,2024-04-19,192,8.0,34.8465
2023-10-10,2024-09-20,346,7.0,44.757
2023-10-10,2025-01-17,465,7.0,51.1509
2023-10-10,2026-01-16,829,7.0,63.9386
2023-10-11,2023-10-20,9,8.0,9.2227
2023-10-11,2023-11-17,37,8.0,16.1397
2023-10-11,2024-01-19,100,8.0,25.0329
2023-10-11,2024-04-19,191,8.0,34.9144
2023-10-11,2024-09-20,345,7.0,44.137
2023-10-11,2025-01-17,464,7.0,51.3834
2023-10-11,2026-01-16,828,7.0,57.971
2023-10-12,2023-10-20,8,7.0,8.4232
2023-10-12,2023-11-17,36,7.0,15.1617
2023-10-12,2024-01-19,99,7.0,23.9218
2023-10-12,2024-04-19,190,7.0,33.6927
2023-10-12,2024-09-20,344,7.0,43.4636
2023-10-12,2025-01-17,463,7.0,50.5391
2023-10-12,2026-01-16,827,7.0,65.7008
2023-10-13,2023-10-20,7,8.0,8.6207
2023-10-13,2023-11-17,35,8.0,15.9151
2023-10-13,2024-01-19,98,8.0,25.1989
2023-10-13,2024-04-19,189,8.0,33.8196
2023-10-13,2024-09-20,343,7.0,43.1034
2023-10-13,2025-01-17,462,7.0,49.7347
2023-10-13,2026-01-16,826,7.0,56.366
2023-10-16,2023-10-20,4,7.0,5.8621
2023-10-16,2023-11-17,32,7.0,14.4828
2023-10-16,2024-01-19,95,7.0,22.7586
2023-10-16,2024-04-19,186,7.0,32.4138
2023-10-16,2024-09-20,340,7.0,43.1034
2023-10-16,2025-01-17,459,7.0,50.6897
2023-10-16,2026-01-16,823,7.0,56.5517
2023-10-17,2023-10-20,3,7.0,7.3925
2023-10-17,2023-11-17,31,7.0,14.4489
2023-10-17,2024-01-19,94,7.0,23.1855
2023-10-17,2024-04-19,185,7.0,32.5941
2023-10-17,2024-09-20,339,7.0,43.0108
2023-10-17,2025-01-17,458,7.0,51.0753
2023-10-17,2026-01-16,822,7.0,63.8441
2023-10-18,2023-10-20,2,7.0,8.0107
2023-10-18,2023-11-17,30,7.0,14.6862
2023-10-18,2024-01-19,93,7.0,23.6983
2023-10-18,2024-04-19,184,7.0,33.0441
2023-10-18,2024-09-20,338,7.0,44.3925
2023-10-18,2025-01-17,457,7.0,51.0681
2023-10-18,2026-01-16,821,7.0,57.7437
2023-10-19,2023-10-20,1,8.0,3.8363
2023-10-19,2023-11-17,29,8.0,13.7468
2023-10-19,2023-12-15,57,8.0,18.8619
2023-10-19,2024-01-19,92,8.0,23.0179
2023-10-19,2024-04-19,183,8.0,32.9284
2023-10-19,2024-09-20,337,7.0,43.4783
2023-10-19,2025-01-17,456,7.0,49.8721
2023-10-19,2026-01-16,820,7.0,73.8491
2023-10-20,2023-11-17,28,8.0,14.3229
2023-10-20,2023-12-15,56,8.0,19.5313
2023-10-20,2024-01-19,91,8.0,23.763
2023-10-20,2024-04-19,182,8.0,33.5286
2023-10-20,2024-09-20,336,7.0,43.2943
2023-10-20,2025-01-17,455,7.0,50.1302
2023-10-20,2026-01-16,819,7.0,59.5703
2023-10-23,2023-11-17,25,8.0,12.2265
2023-10-23,2023-12-15,53,8.0,17.6963
2023-10-23,2024-01-19,88,8.0,22.2008
2023-10-23,2024-04-19,179,8.0,32.4968
2023-10-23,2024-09-20,333,7.0,42.471
2023-10-23,2025-01-17,452,7.0,49.8713
2023-10-23,2026-01-16,816,7.0,61.1326
2023-10-24,2023-11-17,24,8.0,12.2796
2023-10-24,2023-12-15,52,8.0,17.6322
2023-10-24,2024-01-19,87,8.0,22.0403
2023-10-24,2024-04-19,178,8.0,32.4307
2023-10-24,2024-09-20,332,7.0,42.8212
2023-10-24,2025-01-17,451,7.0,49.4332
2023-10-24,2026-01-16,815,7.0,59.8237
2023-10-25,2023-11-17,23,8.0,12.7065
2023-10-25,2023-12-15,51,8.0,18.1067
2023-10-25,2024-01-19,86,8.0,22.8717
2023-10-25,2024-04-19,177,8.0,33.3545
2023-10-25,2024-09-20,331,7.0,43.202
2023-10-25,2025-01-17,450,7.0,49.8729
2023-10-25,2026-01-16,814,7.0,67.0267
2023-10-26,2023-11-17,22,8.0,13.6364
2023-10-26,2023-12-15,50,8.0,18.1818
2023-10-26,2024-01-19,85,8.0,23.0519
2023-10-26,2024-04-19,176,8.0,33.4416
2023-10-26,2024-09-20,330,7.0,43.5065
2023-10-26,2025-01-17,449,7.0,50.6494
2023-10-26,2026-01-16,813,7.0,60.0649
2023-10-27,2023-11-17,21,8.0,14.2952
2023-10-27,2023-12-15,49,8.0,18.617
2023-10-27,2024-01-19,84,8.0,24.2686
2023-10-27,2024-04-19,175,8.0,33.9096
2023-10-27,2024-09-20,329,7.0,43.5505
2023-10-27,2025-01-17,448,7.0,50.8644
2023-10-27,2026-01-16,812,7.0,60.8378
2023-10-30,2023-11-17,18,8.0,12.3698
2023-10-30,2023-12-15,46,8.0,17.9036
2023-10-30,2024-01-19,81,8.0,23.112
2023-10-30,2024-04-19,172,8.0,32.8776
2023-10-30,2024-09-20,326,7.0,42.6432
2023-10-30,2025-01-17,445,7.0,49.8047
2023-10-30,2026-01-16,809,7.0,66.0807
2023-10-31,2023-11-17,17,8.0,10.9238
2023-10-31,2023-12-15,45,8.0,16.8539
2023-10-31,2024-01-19,80,8.0,22.1598
2023-10-31,2024-04-19,171,8.0,31.5231
2023-10-31,2024-09-20,325,7.0,43.3833
2023-10-31,2025-01-17,444,7.0,49.3134
2023-10-31,2026-01-16,808,7.0,56.1798
2023-11-01,2023-11-17,16,8.0,9.9626
2023-11-01,2023-12-15,44,8.0,16.1893
2023-11-01,2024-01-19,79,8.0,21.1706
2023-11-01,2024-04-19,170,8.0,31.1333
2023-11-01,2024-09-20,324,7.0,42.6526
2023-11-01,2025-01-17,443,7.0,49.5019
2023-11-01,2026-01-16,807,7.0,60.3985
2023-11-02,2023-11-17,15,8.0,9.4975
2023-11-02,2023-12-15,43,8.0,15.9314
2023-11-02,2024-01-19,78,8.0,21.4461
2023-11-02,2024-04-19,169,8.0,31.5564
2023-11-02,2024-09-20,323,7.0,41.973
2023-11-02,2025-01-17,442,7.0,49.0196
2023-11-02,2026-01-16,806,7.0,60.3554
2023-11-03,2023-11-17,14,8.0,9.4458
2023-11-03,2023-12-15,42,8.0,15.4282
2023-11-03,2024-01-19,77,8.0,21.0957
2023-11-03,2024-04-19,168,8.0,31.801
2023-11-03,2024-09-20,322,7.0,41.5617
2023-11-03,2025-01-17,441,7.0,48.8035
2023-11-03,2026-01-16,805,7.0,61.7128
2023-11-06,2023-11-17,11,8.0,9.4648
2023-11-06,2023-12-15,39,8.0,15.3394
2023-11-06,2024-01-19,74,8.0,20.5614
2023-11-06,2024-04-19,165,8.0,31.3316
2023-11-06,2024-09-20,319,7.0,41.4491
2023-11-06,2025-01-17,438,7.0,47.6501
2023-11-06,2026-01-16,802,7.0,61.3577
2023-11-07,2023-11-17,10,8.0,7.4003
2023-11-07,2023-12-15,38,8.0,14.157
2023-11-07,2024-01-19,73,8.0,19.6268
2023-11-07,2024-04-19,164,8.0,30.2445
2023-11-07,2024-09-20,318,7.0,41.5058
2023-11-07,2025-01-17,437,7.0,46.6538
2023-11-07,2026-01-16,801,7.0,55.6628
2023-11-08,2023-11-17,9,8.0,8.905
2023-11-08,2023-12-15,37,8.0,14.8417
2023-11-08,2024-01-19,72,8.0,19.7889
2023-11-08,2024-04-19,163,8.0,30.6728
2023-11-08,2024-09-20,317,7.0,40.8971
2023-11-08,2025-01-17,436,7.0,47.1636
2023-11-08,2026-01-16,800,7.0,60.686
2023-11-09,2023-11-17,8,8.0,6.0203
2023-11-09,2023-12-15,36,8.0,13.308
2023-11-09,2024-01-19,71,8.0,18.6946
2023-11-09,2024-04-19,162,8.0,30.1014
2023-11-09,2024-09-20,316,7.0,40.5577
2023-11-09,2025-01-17,435,7.0,47.5285
2023-11-09,2026-01-16,799,7.0,61.4702
2023-11-10,2023-11-17,7,8.0,5.6962
2023-11-10,2023-12-15,35,8.0,12.9747
2023-11-10,2024-01-19,70,8.0,18.3544
2023-11-10,2024-04-19,161,8.0,29.1139
2023-11-10,2024-09-20,315,7.0,40.1899
2023-11-10,2025-01-17,434,7.0,46.8354
2023-11-10,2026-01-16,798,7.0,57.5949
2023-11-13,2023-11-17,4,8.0,5.7927
2023-11-13,2023-12-15,32,8.0,12.8049
2023-11-13,2024-01-19,67,8.0,18.2927
2023-11-13,2024-04-19,158,8.0,28.9634
2023-11-13,2024-09-20,312,7.0,41.1585
2023-11-13,2025-01-17,431,7.0,46.9512
2023-11-13,2026-01-16,795,7.0,60.3659
2023-11-14,2023-11-17,3,8.0,5.1391
2023-11-14,2023-12-15,31,8.0,12.3942
2023-11-14,2024-01-19,66,8.0,17.231
2023-11-14,2024-04-19,157,8.0,28.416
2023-11-14,2024-09-20,311,7.0,41.4147
2023-11-14,2025-01-17,430,7.0,46.8561
2023-11-14,2026-01-16,794,7.0,58.3434
2023-11-15,2023-11-17,2,8.0,3.736
2023-11-15,2023-12-15,30,8.0,11.5193
2023-11-15,2024-01-19,65,8.0,17.4346
2023-11-15,2024-04-19,156,8.0,27.7086
2023-11-15,2024-09-20,310,7.0,39.8506
2023-11-15,2025-01-17,429,7.0,46.6999
2023-11-15,2026-01-16,793,7.0,60.7098
2023-11-16,2023-11-17,1,8.0,3.9251
2023-11-16,2023-12-15,29,8.0,11.4734
2023-11-16,2024-01-19,64,8.0,17.2101
2023-11-16,2024-04-19,155,8.0,28.3816
2023-11-16,2024-07-19,246,8.0,35.628
2023-11-16,2024-09-20,309,7.0,41.0628
2023-11-16,2025-01-17,428,7.0,47.4034
2023-11-16,2026-01-16,792,7.0,62.8019
2023-11-17,2023-12-15,28,8.0,11.8483
2023-11-17,2024-01-19,63,8.0,17.1801
2023-11-17,2024-04-19,154,8.0,27.2512
2023-11-17,2024-07-19,245,8.0,35.2488
2023-11-17,2024-09-20,308,7.0,39.3957
2023-11-17,2025-01-17,427,7.0,46.2085
2023-11-17,2026-01-16,791,7.0,55.391
2023-11-20,2023-12-15,25,9.0,10.7558
2023-11-20,2024-01-19,60,9.0,16.2791
2023-11-20,2024-04-19,151,9.0,27.3256
2023-11-20,2024-07-19,242,9.0,34.3023
2023-11-20,2024-09-20,305,10.0,42.1512
2023-11-20,2025-01-17,424,10.0,48.8372
2023-11-20,2026-01-16,788,10.0,65.6977
2023-11-21,2023-12-15,24,8.0,10.3673
2023-11-21,2024-01-19,59,8.0,15.6991
2023-11-21,2024-04-19,150,8.0,26.3626
2023-11-21,2024-07-19,241,8.0,33.7678
2023-11-21,2024-09-20,304,7.0,39.3957
2023-11-21,2025-01-17,423,7.0,45.3199
2023-11-21,2026-01-16,787,7.0,60.4265
2023-11-22,2023-12-15,23,8.0,10.083
2023-11-22,2024-01-19,58,8.0,15.1246
2023-11-22,2024-04-19,149,8.0,26.0973
2023-11-22,2024-07-19,240,8.0,32.9181
2023-11-22,2024-09-20,303,7.0,38.5528
2023-11-22,2025-01-17,422,7.0,44.7805
2023-11-22,2026-01-16,786,7.0,63.1673
2023-11-24,2023-12-15,21,8.0,9.4675
2023-11-24,2024-01-19,56,8.0,15.3846
2023-11-24,2024-04-19,147,8.0,25.7396
2023-11-24,2024-07-19,238,8.0,32.8402
2023-11-24,2024-09-20,301,7.0,38.4615
2023-11-24,2025-01-17,420,7.0,44.3787
2023-11-24,2026-01-16,784,7.0,61.2426
2023-11-27,2023-12-15,18,8.0,9.2262
2023-11-27,2024-01-19,53,8.0,14.5833
2023-11-27,2024-04-19,144,8.0,25.2976
2023-11-27,2024-07-19,235,8.0,32.7381
2023-11-27,2024-09-20,298,7.0,38.0952
2023-11-27,2025-01-17,417,7.0,44.6429
2023-11-27,2026-01-16,781,7.0,60.1191
2023-11-28,2023-12-15,17,8.0,8.2117
2023-11-28,2024-01-19,52,8.0,14.2944
2023-11-28,2024-04-19,143,8.0,25.5474
2023-11-28,2024-07-19,234,8.0,32.5426
2023-11-28,2024-09-20,297,7.0,38.3212
2023-11-28,2025-01-17,416,7.0,44.0998
2023-11-28,2026-01-16,780,7.0,59.3066
2023-11-29,2023-12-15,16,8.0,9.2105
2023-11-29,2024-01-19,51,8.0,15.1316
2023-11-29,2024-04-19,142,8.0,25.9868
2023-11-29,2024-07-19,233,8.0,33.5526
2023-11-29,2024-09-20,296,7.0,38.1579
2023-11-29,2025-01-17,415,7.0,44.0789
2023-11-29,2026-01-16,779,7.0,61.1842
2023-11-30,2023-12-15,15,8.0,7.5472
2023-11-30,2024-01-19,50,8.0,14.1509
2023-11-30,2024-04-19,141,8.0,25.1572
2023-11-30,2024-07-19,232,8.0,33.0189
2023-11-30,2024-09-20,295,7.0,37.7358
2023-11-30,2025-01-17,414,7.0,44.0252
2023-11-30,2026-01-16,778,7.0,59.7484
2023-12-01,2023-12-15,14,8.0,7.7821
2023-12-01,2024-01-19,49,8.0,14.2672
2023-12-01,2024-04-19,140,8.0,25.6161
2023-12-01,2024-07-19,231,8.0,33.0739
2023-12-01,2024-09-20,294,7.0,37.6135
2023-12-01,2025-01-17,413,7.0,44.4228
2023-12-01,2026-01-16,777,7.0,59.6628
2023-12-04,2023-12-15,11,8.0,7.3813
2023-12-04,2024-01-19,46,8.0,14.1207
2023-12-04,2024-04-19,137,8.0,25.6739
2023-12-04,2024-07-19,228,8.0,32.7343
2023-12-04,2024-09-20,291,7.0,37.5481
2023-12-04,2025-01-17,410,7.0,44.2875
2023-12-04,2026-01-16,774,7.0,59.371
2023-12-05,2023-12-15,10,7.0,8.6898
2023-12-05,2024-01-19,45,7.0,14.3717
2023-12-05,2024-04-19,136,7.0,25.4011
2023-12-05,2024-07-19,227,7.0,32.4198
2023-12-05,2024-09-20,290,7.0,37.4332
2023-12-05,2025-01-17,409,7.0,44.7861
2023-12-05,2026-01-16,773,7.0,61.4973
2023-12-06,2023-12-15,9,7.0,8.4345
2023-12-06,2024-01-19,44,7.0,15.1822
2023-12-06,2024-04-19,135,7.0,26.3158
2023-12-06,2024-07-19,226,7.0,33.0634
2023-12-06,2024-09-20,289,7.0,38.4615
2023-12-06,2025-01-17,408,7.0,44.5344
2023-12-06,2026-01-16,772,7.0,61.4035
2023-12-07,2023-12-15,8,7.0,7.8659
2023-12-07,2024-01-19,43,7.0,14.7059
2023-12-07,2024-04-19,134,7.0,26.3338
2023-12-07,2024-07-19,225,7.0,33.1737
2023-12-07,2024-09-20,288,7.0,38.3037
2023-12-07,2025-01-17,407,7.0,45.1436
2023-12-07,2026-01-16,771,7.0,61.5595
2023-12-08,2023-12-15,7,8.0,7.947
2023-12-08,2024-01-19,42,8.0,15.2318
2023-12-08,2024-04-19,133,8.0,26.8212
2023-12-08,2024-07-19,224,8.0,34.4371
2023-12-08,2024-09-20,287,7.0,37.7483
2023-12-08,2025-01-17,406,7.0,44.702
2023-12-08,2026-01-16,770,7.0,64.9007
2023-12-11,2023-12-15,4,8.0,8.2891
2023-12-11,2024-01-19,39,8.0,14.5889
2023-12-11,2024-04-19,130,8.0,26.1936
2023-12-11,2024-07-19,221,8.0,34.1512
2023-12-11,2024-09-20,284,7.0,37.4668
2023-12-11,2025-01-17,403,7.0,44.7613
2023-12-11,2026-01-16,767,7.0,61.008
2023-12-12,2023-12-15,3,7.0,6.7385
2023-12-12,2024-01-19,38,7.0,13.814
2023-12-12,2024-04-19,129,7.0,25.2695
2023-12-12,2024-07-19,220,7.0,33.0189
2023-12-12,2024-09-20,283,7.0,37.3989
2023-12-12,2025-01-17,402,7.0,43.4636
2023-12-12,2026-01-16,766,7.0,60.9838
2023-12-13,2023-12-15,2,7.0,6.4363
2023-12-13,2024-01-19,37,7.0,13.8889
2023-12-13,2024-04-19,128,7.0,24.729
2023-12-13,2024-07-19,219,7.0,33.5366
2023-12-13,2024-09-20,282,7.0,37.9404
2023-12-13,2025-01-17,401,7.0,43.6992
2023-12-13,2026-01-16,765,7.0,61.3144
2023-12-14,2023-12-15,1,8.0,4.1828
2023-12-14,2024-01-19,36,8.0,12.87
2023-12-14,2024-02-16,64,8.0,18.6615
2023-12-14,2024-04-19,127,8.0,25.4183
2023-12-14,2024-07-19,218,8.0,32.4968
2023-12-14,2024-09-20,281,7.0,36.6795
2023-12-14,2025-01-17,400,7.0,43.1145
2023-12-14,2026-01-16,764,7.0,56.9498
2023-12-15,2024-01-19,35,7.0,12.4138
2023-12-15,2024-02-16,63,7.0,17.2414
2023-12-15,2024-04-19,126,7.0,24.8276
2023-12-15,2024-07-19,217,7.0,32.4138
2023-12-15,2024-09-20,280,7.0,36.5517
2023-12-15,2025-01-17,399,7.0,43.7931
2023-12-15,2026-01-16,763,7.0,54.1379
2023-12-18,2024-01-19,32,7.0,12.3119
2023-12-18,2024-02-16,60,7.0,16.7579
2023-12-18,2024-04-19,123,7.0,24.2818
2023-12-18,2024-07-19,214,7.0,33.1737
2023-12-18,2024-09-20,277,7.0,36.2517
2023-12-18,2025-01-17,396,7.0,43.4337
2023-12-18,2026-01-16,760,7.0,70.4514
2023-12-19,2024-01-19,31,7.0,12.091
2023-12-19,2024-02-16,59,7.0,17.0697
2023-12-19,2024-04-19,122,7.0,25.2489
2023-12-19,2024-07-19,213,7.0,32.7169
2023-12-19,2024-09-20,276,7.0,37.6956
2023-12-19,2025-01-17,395,7.0,44.4523
2023-12-19,2026-01-16,759,7.0,57.9659
2023-12-20,2024-01-19,30,7.0,12.2126
2023-12-20,2024-02-16,58,7.0,17.2414
2023-12-20,2024-04-19,121,7.0,25.1437
2023-12-20,2024-07-19,212,7.0,33.046
2023-12-20,2024-09-20,275,7.0,38.0747
2023-12-20,2025-01-17,394,7.0,45.2586
2023-12-20,2026-01-16,758,7.0,62.5
2023-12-21,2024-01-19,29,8.0,12.8798
2023-12-21,2024-02-16,57,8.0,18.8243
2023-12-21,2024-04-19,120,8.0,26.0898
2023-12-21,2024-07-19,211,8.0,34.0159
2023-12-21,2024-09-20,274,8.0,39.9604
2023-12-21,2025-01-17,393,7.0,44.9141
2023-12-21,2026-01-16,757,7.0,63.7384
2023-12-22,2024-01-19,28,8.0,12.0443
2023-12-22,2024-02-16,56,8.0,18.2292
2023-12-22,2024-04-19,119,8.0,26.0417
2023-12-22,2024-07-19,210,8.0,33.5286
2023-12-22,2024-09-20,273,8.0,38.737
2023-12-22,2025-01-17,392,7.0,44.2708
2023-12-22,2026-01-16,756,7.0,61.1979
2023-12-26,2024-01-19,24,8.0,11.1465
2023-12-26,2024-02-16,52,8.0,17.1975
2023-12-26,2024-04-19,115,8.0,25.1592
2023-12-26,2024-07-19,206,8.0,33.758
2023-12-26,2024-09-20,269,8.0,39.172
2023-12-26,2025-01-17,388,7.0,44.9045
2023-12-26,2026-01-16,752,7.0,65.6051
2023-12-27,2024-01-19,23,8.0,11.0246
2023-12-27,2024-02-16,51,8.0,17.1855
2023-12-27,2024-04-19,114,8.0,24.9676
2023-12-27,2024-07-19,205,8.0,33.3982
2023-12-27,2024-09-20,268,8.0,38.9105
2023-12-27,2025-01-17,387,7.0,45.0713
2023-12-27,2026-01-16,751,7.0,61.6083
2023-12-28,2024-01-19,22,7.0,11.0957
2023-12-28,2024-02-16,50,7.0,16.6436
2023-12-28,2024-04-19,113,7.0,24.6186
2023-12-28,2024-07-19,204,7.0,32.2469
2023-12-28,2024-09-20,267,7.0,37.7947
2023-12-28,2025-01-17,386,7.0,45.423
2023-12-28,2026-01-16,750,7.0,64.4938
2023-12-29,2024-01-19,21,7.0,10.0834
2023-12-29,2024-02-16,49,7.0,15.9944
2023-12-29,2024-04-19,112,7.0,24.3394
2023-12-29,2024-07-19,203,7.0,31.9889
2023-12-29,2024-09-20,266,7.0,37.5522
2023-12-29,2025-01-17,385,7.0,44.5063
2023-12-29,2026-01-16,749,7.0,72.6704
2024-01-02,2024-01-19,17,7.0,9.0318
2024-01-02,2024-02-16,45,7.0,15.5347
2024-01-02,2024-04-19,108,7.0,24.2052
2024-01-02,2024-07-19,199,7.0,32.8757
2024-01-02,2024-09-20,262,7.0,37.5723
2024-01-02,2025-01-17,381,7.0,45.8815
2024-01-02,2026-01-16,745,7.0,62.5
2024-01-03,2024-01-19,16,7.0,8.7977
2024-01-03,2024-02-16,44,7.0,15.7625
2024-01-03,2024-04-19,107,7.0,24.1935
2024-01-03,2024-07-19,198,7.0,33.7243
2024-01-03,2024-09-20,261,7.0,38.1232
2024-01-03,2025-01-17,380,7.0,45.4545
2024-01-03,2026-01-16,744,7.0,63.783
2024-01-04,2024-01-19,15,7.0,8.3213
2024-01-04,2024-02-16,43,7.0,15.1954
2024-01-04,2024-04-19,106,7.0,24.2402
2024-01-04,2024-07-19,197,7.0,32.5615
2024-01-04,2024-09-20,260,7.0,37.2648
2024-01-04,2025-01-17,379,7.0,44.8625
2024-01-04,2026-01-16,743,7.0,66.2084
2024-01-05,2024-01-19,14,7.0,8.1845
2024-01-05,2024-02-16,42,7.0,15.625
2024-01-05,2024-04-19,105,7.0,24.1815
2024-01-05,2024-07-19,196,7.0,30.506
2024-01-05,2024-09-20,259,7.0,37.5744
2024-01-05,2025-01-17,378,7.0,46.131
2024-01-05,2026-01-16,742,7.0,63.6161
2024-01-08,2024-01-19,11,7.0,7.7206
2024-01-08,2024-02-16,39,7.0,13.6029
2024-01-08,2024-04-19,102,7.0,23.5294
2024-01-08,2024-07-19,193,7.0,31.6176
2024-01-08,2024-09-20,256,7.0,36.3971
2024-01-08,2025-01-17,375,7.0,44.4853
2024-01-08,2026-01-16,739,7.0,62.1324
2024-01-09,2024-01-19,10,7.0,6.8052
2024-01-09,2024-02-16,38,7.0,14.3266
2024-01-09,2024-04-19,101,7.0,23.2808
2024-01-09,2024-07-19,192,7.0,32.5931
2024-01-09,2024-09-20,255,7.0,36.8911
2024-01-09,2025-01-17,374,7.0,45.4871
2024-01-09,2026-01-16,738,7.0,84.1691
2024-01-10,2024-01-19,9,7.0,6.0976
2024-01-10,2024-02-16,37,7.0,13.9885
2024-01-10,2024-04-19,100,7.0,23.3142
2024-01-10,2024-07-19,191,7.0,32.6399
2024-01-10,2024-09-20,254,7.0,39.8135
2024-01-10,2025-01-17,373,7.0,45.1937
2024-01-10,2026-01-16,737,7.0,63.1277
2024-01-11,2024-01-19,8,7.0,6.0198
2024-01-11,2024-02-16,36,7.0,13.102
2024-01-11,2024-04-19,99,7.0,22.3088
2024-01-11,2024-07-19,190,7.0,32.5779
2024-01-11,2024-09-20,253,7.0,36.119
2024-01-11,2025-01-17,372,7.0,43.9093
2024-01-11,2026-01-16,736,7.0,59.8442
2024-01-12,2024-01-19,7,8.0,7.8329
2024-01-12,2024-02-16,35,8.0,14.6867
2024-01-12,2024-04-19,98,8.0,22.846
2024-01-12,2024-07-19,189,8.0,31.658
2024-01-12,2024-09-20,252,8.0,36.5535
2024-01-12,2025-01-17,371,7.0,44.0601
2024-01-12,2026-01-16,735,7.0,58.7467
2024-01-16,2024-01-19,3,8.0,6.1528
2024-01-16,2024-02-16,31,8.0,13.601
2024-01-16,2024-04-19,94,8.0,22.6684
2024-01-16,2024-07-19,185,8.0,31.7358
2024-01-16,2024-09-20,248,8.0,36.5933
2024-01-16,2025-01-17,367,7.0,44.0415
2024-01-16,2026-01-16,731,7.0,60.557
2024-01-17,2024-01-19,2,8.0,6.201
2024-01-17,2024-02-16,30,8.0,13.7076
2024-01-17,2024-04-19,93,8.0,23.1723
2024-01-17,2024-07-19,184,8.0,30.6789
2024-01-17,2024-09-20,247,8.0,37.2063
2024-01-17,2025-01-17,366,7.0,43.4073
2024-01-17,2026-01-16,730,7.0,62.3368
2024-01-18,2024-01-19,1,8.0,5.5263
2024-01-18,2024-02-16,29,8.0,13.4868
2024-01-18,2024-03-15,57,8.0,18.75
2024-01-18,2024-04-19,92,8.0,22.6974
2024-01-18,2024-07-19,183,8.0,31.25
2024-01-18,2024-09-20,246,8.0,37.1711
2024-01-18,2025-01-17,365,7.0,43.4211
2024-01-18,2026-01-16,729,7.0,57.2368
2024-01-19,2024-02-16,28,7.0,12.9252
2024-01-19,2024-03-15,56,7.0,17.6871
2024-01-19,2024-04-19,91,7.0,22.1088
2024-01-19,2024-07-19,182,7.0,30.2721
2024-01-19,2024-09-20,245,7.0,34.6939
2024-01-19,2025-01-17,364,7.0,43.1973
2024-01-19,2026-01-16,728,7.0,57.1429
2024-01-22,2024-02-16,25,7.0,11.1111
2024-01-22,2024-03-15,53,7.0,17.0139
2024-01-22,2024-04-19,88,7.0,21.1806
2024-01-22,2024-07-19,179,7.0,29.8611
2024-01-22,2024-09-20,242,7.0,35.7639
2024-01-22,2025-01-17,361,7.0,43.0556
2024-01-22,2026-01-16,725,7.0,59.7222
2024-01-23,2024-02-16,24,8.0,11.9048
2024-01-23,2024-03-15,52,8.0,16.8651
2024-01-23,2024-04-19,87,8.0,21.8254
2024-01-23,2024-07-19,178,8.0,30.4233
2024-01-23,2024-09-20,241,8.0,35.7143
2024-01-23,2025-01-17,360,7.0,42.6587
2024-01-23,2026-01-16,724,7.0,57.5397
2024-01-24,2024-02-16,23,7.0,11.0294
2024-01-24,2024-03-15,51,7.0,17.0455
2024-01-24,2024-04-19,86,7.0,21.0561
2024-01-24,2024-07-19,177,7.0,29.4118
2024-01-24,2024-09-20,240,7.0,34.7594
2024-01-24,2025-01-17,359,7.0,42.4465
2024-01-24,2026-01-16,723,7.0,57.8209
2024-01-25,2024-02-16,22,7.0,10.5586
2024-01-25,2024-03-15,50,7.0,16.3488
2024-01-25,2024-04-19,85,7.0,20.436
2024-01-25,2024-07-19,176,7.0,29.2916
2024-01-25,2024-09-20,239,7.0,34.7411
2024-01-25,2025-01-17,358,7.0,42.2343
2024-01-25,2026-01-16,722,7.0,51.0899
2024-01-26,2024-02-16,21,7.0,10.6164
2024-01-26,2024-03-15,49,7.0,15.411
2024-01-26,2024-04-19,84,7.0,20.2055
2024-01-26,2024-07-19,175,7.0,29.4521
2024-01-26,2024-09-20,238,7.0,32.8767
2024-01-26,2025-01-17,357,7.0,42.4658
2024-01-26,2026-01-16,721,7.0,58.5616
2024-01-29,2024-02-16,18,7.0,10.5156
2024-01-29,2024-03-15,46,7.0,15.6038
2024-01-29,2024-04-19,81,7.0,19.6744
2024-01-29,2024-07-19,172,7.0,29.1723
2024-01-29,2024-09-20,235,7.0,33.5821
2024-01-29,2025-01-17,354,7.0,42.0624
2024-01-29,2026-01-16,718,7.0,60.0407
2024-01-30,2024-02-16,17,8.0,9.6277
2024-01-30,2024-03-15,45,8.0,15.4044
2024-01-30,2024-04-19,80,8.0,19.8973
2024-01-30,2024-07-19,171,8.0,29.525
2024-01-30,2024-09-20,234,8.0,34.3389
2024-01-30,2025-01-17,353,7.0,41.3992
2024-01-30,2026-01-16,717,7.0,60.9756
2024-01-31,2024-02-16,16,8.0,10.2649
2024-01-31,2024-03-15,44,8.0,16.2252
2024-01-31,2024-04-19,79,8.0,25.8278
2024-01-31,2024-07-19,170,8.0,30.4636
2024-01-31,2024-09-20,233,8.0,35.7616
2024-01-31,2025-01-17,352,7.0,42.7152
2024-01-31,2026-01-16,716,7.0,54.6358
2024-02-01,2024-02-16,15,8.0,8.4693
2024-02-01,2024-03-15,43,8.0,15.0565
2024-02-01,2024-04-19,78,8.0,19.1343
2024-02-01,2024-07-19,169,8.0,28.5445
2024-02-01,2024-09-20,232,8.0,31.3676
2024-02-01,2025-01-17,351,7.0,42.66
2024-02-01,2026-01-16,715,7.0,58.6575
2024-02-02,2024-02-16,14,8.0,8.6761
2024-02-02,2024-03-15,42,8.0,14.7815
2024-02-02,2024-04-19,77,8.0,19.9229
2024-02-02,2024-07-19,168,8.0,28.9203
2024-02-02,2024-09-20,231,8.0,34.383
2024-02-02,2025-01-17,350,7.0,42.7378
2024-02-02,2026-01-16,714,7.0,56.5553
2024-02-05,2024-02-16,11,7.0,9.7315
2024-02-05,2024-03-15,39,7.0,15.1007
2024-02-05,2024-04-19,74,7.0,19.7987
2024-02-05,2024-07-19,165,7.0,32.5503
2024-02-05,2024-09-20,228,7.0,34.2282
2024-02-05,2025-01-17,347,7.0,42.2819
2024-02-05,2026-01-16,711,7.0,53.6913
2024-02-06,2024-02-16,10,7.0,7.9092
2024-02-06,2024-03-15,38,7.0,14.4429
2024-02-06,2024-04-19,73,7.0,18.5695
2024-02-06,2024-07-19,164,7.0,28.1981
2024-02-06,2024-09-20,227,7.0,37.4828
2024-02-06,2025-01-17,346,7.0,41.9532
2024-02-06,2026-01-16,710,7.0,52.9574
2024-02-07,2024-02-16,9,7.0,9.1093
2024-02-07,2024-03-15,37,7.0,14.5074
2024-02-07,2024-04-19,72,7.0,19.5682
2024-02-07,2024-07-19,163,7.0,28.0027
2024-02-07,2024-09-20,226,7.0,33.7382
2024-02-07,2025-01-17,345,7.0,41.8354
2024-02-07,2026-01-16,709,7.0,57.6923
2024-02-08,2024-02-16,8,7.0,5.7143
2024-02-08,2024-03-15,36,7.0,13.5714
2024-02-08,2024-04-19,71,7.0,18.9286
2024-02-08,2024-07-19,162,7.0,28.2143
2024-02-08,2024-09-20,225,7.0,33.9286
2024-02-08,2025-01-17,344,7.0,42.1429
2024-02-08,2026-01-16,708,7.0,61.4286
2024-02-09,2024-02-16,7,7.0,5.8394
2024-02-09,2024-03-15,35,7.0,13.8686
2024-02-09,2024-04-19,70,7.0,18.9781
2024-02-09,2024-07-19,161,7.0,28.1022
2024-02-09,2024-09-20,224,7.0,34.3066
2024-02-09,2025-01-17,343,7.0,43.0657
2024-02-09,2026-01-16,707,7.0,56.5693
2024-02-12,2024-02-16,4,7.0,5.4035
2024-02-12,2024-03-15,32,7.0,13.6888
2024-02-12,2024-04-19,67,7.0,18.732
2024-02-12,2024-07-19,158,7.0,31.7003
2024-02-12,2024-09-20,221,7.0,33.8617
2024-02-12,2025-01-17,340,7.0,43.2277
2024-02-12,2026-01-16,704,7.0,49.7118
2024-02-13,2024-02-16,3,7.0,7.5
2024-02-13,2024-03-15,31,7.0,14.7727
2024-02-13,2024-04-19,66,7.0,19.697
2024-02-13,2024-07-19,157,7.0,29.9242
2024-02-13,2024-09-20,220,7.0,35.2273
2024-02-13,2025-01-17,339,7.0,43.9394
2024-02-13,2026-01-16,703,7.0,60.2273
2024-02-14,2024-02-16,2,7.0,7.0455
2024-02-14,2024-03-15,30,7.0,14.0152
2024-02-14,2024-04-19,65,7.0,18.9394
2024-02-14,2024-07-19,156,7.0,28.7879
2024-02-14,2024-09-20,219,7.0,34.0909
2024-02-14,2025-01-17,338,7.0,43.9394
2024-02-14,2026-01-16,702,7.0,59.0909
2024-02-15,2024-02-16,1,7.0,4.9925
2024-02-15,2024-03-15,29,7.0,14.158
2024-02-15,2024-04-19,64,7.0,18.6289
2024-02-15,2024-07-19,155,7.0,28.6885
2024-02-15,2024-09-20,218,7.0,34.6498
2024-02-15,2024-10-18,246,7.0,39.8659
2024-02-15,2025-01-17,337,7.0,43.5917
2024-02-15,2026-01-16,701,7.0,61.4754
2024-02-16,2024-03-15,28,6.0,13.8889
2024-02-16,2024-04-19,63,6.0,19.6759
2024-02-16,2024-07-19,154,6.0,31.25
2024-02-16,2024-09-20,217,6.0,33.5648
2024-02-16,2024-10-18,245,6.0,36.2654
2024-02-16,2025-01-17,336,7.0,44.7531
2024-02-16,2026-01-16,700,7.0,66.7438
2024-02-20,2024-03-15,24,6.0,12.215
2024-02-20,2024-04-19,59,6.0,17.9153
2024-02-20,2024-07-19,150,6.0,27.2801
2024-02-20,2024-09-20,213,6.0,35.0163
2024-02-20,2024-10-18,241,6.0,34.202
2024-02-20,2025-01-17,332,7.0,46.0098
2024-02-20,2026-01-16,696,7.0,56.5961
2024-02-21,2024-03-15,23,6.0,12.4
2024-02-21,2024-04-19,58,6.0,17.6
2024-02-21,2024-07-19,149,6.0,27.6
2024-02-21,2024-09-20,212,6.0,30.0
2024-02-21,2024-10-18,240,6.0,39.2
2024-02-21,2025-01-17,331,7.0,44.8
2024-02-21,2026-01-16,695,7.0,54.4
2024-02-22,2024-03-15,22,6.0,11.0656
2024-02-22,2024-04-19,57,6.0,17.2131
2024-02-22,2024-07-19,148,6.0,27.0492
2024-02-22,2024-09-20,211,6.0,28.2787
2024-02-22,2024-10-18,239,6.0,35.2459
2024-02-22,2025-01-17,330,7.0,45.9016
2024-02-22,2026-01-16,694,7.0,64.7541
2024-02-23,2024-03-15,21,6.0,10.8333
2024-02-23,2024-04-19,56,6.0,16.6667
2024-02-23,2024-07-19,147,6.0,27.5
2024-02-23,2024-09-20,210,6.0,32.0833
2024-02-23,2024-10-18,238,6.0,39.5833
2024-02-23,2025-01-17,329,5.0,42.0833
2024-02-23,2026-01-16,693,5.0,68.3333
2024-02-26,2024-03-15,18,6.0,10.6804
2024-02-26,2024-04-19,53,6.0,16.2184
2024-02-26,2024-07-19,144,6.0,27.2943
2024-02-26,2024-09-20,207,6.0,32.8323
2024-02-26,2024-10-18,235,6.0,39.1614
2024-02-26,2025-01-17,326,7.0,44.3038
2024-02-26,2026-01-16,690,7.0,54.9842
2024-02-27,2024-03-15,17,7.0,10.8859
2024-02-27,2024-04-19,52,7.0,16.8919
2024-02-27,2024-07-19,143,7.0,27.4024
2024-02-27,2024-09-20,206,7.0,33.4084
2024-02-27,2024-10-18,234,7.0,35.6607
2024-02-27,2025-01-17,325,7.0,42.4174
2024-02-27,2026-01-16,689,7.0,61.1862
2024-02-28,2024-03-15,16,6.0,11.2928
2024-02-28,2024-04-19,51,6.0,15.9657
2024-02-28,2024-07-19,142,6.0,26.8692
2024-02-28,2024-09-20,205,6.0,36.215
2024-02-28,2024-10-18,233,6.0,34.2679
2024-02-28,2025-01-17,324,7.0,42.8349
2024-02-28,2026-01-16,688,7.0,62.3053
2024-02-29,2024-03-15,15,6.0,8.2938
2024-02-29,2024-04-19,50,6.0,15.7978
2024-02-29,2024-07-19,141,6.0,26.4613
2024-02-29,2024-09-20,204,6.0,28.831
2024-02-29,2024-10-18,232,6.0,35.94
2024-02-29,2025-01-17,323,7.0,45.4186
2024-02-29,2026-01-16,687,7.0,52.9226
2024-03-01,2024-03-15,14,7.0,10.687
2024-03-01,2024-04-19,49,7.0,16.4122
2024-03-01,2024-07-19,140,7.0,27.4809
2024-03-01,2024-09-20,203,7.0,39.313
2024-03-01,2024-10-18,231,7.0,39.313
2024-03-01,2025-01-17,322,7.0,42.7481
2024-03-01,2026-01-16,686,7.0,66.4122
2024-03-04,2024-03-15,11,6.0,9.0837
2024-03-04,2024-04-19,46,6.0,14.613
2024-03-04,2024-07-19,137,6.0,26.4613
2024-03-04,2024-09-20,200,6.0,31.5956
2024-03-04,2024-10-18,228,6.0,42.2591
2024-03-04,2025-01-17,319,7.0,41.0743
2024-03-04,2026-01-16,683,7.0,52.9226
2024-03-05,2024-03-15,10,6.0,7.7869
2024-03-05,2024-04-19,45,6.0,14.7541
2024-03-05,2024-07-19,136,6.0,25.8197
2024-03-05,2024-09-20,199,6.0,31.9672
2024-03-05,2024-10-18,227,6.0,34.0164
2024-03-05,2025-01-17,318,7.0,45.082
2024-03-05,2026-01-16,682,7.0,63.5246
2024-03-06,2024-03-15,9,6.0,7.377
2024-03-06,2024-04-19,44,6.0,14.3443
2024-03-06,2024-07-19,135,6.0,25.8197
2024-03-06,2024-09-20,198,6.0,31.9672
2024-03-06,2024-10-18,226,6.0,38.5246
2024-03-06,2025-01-17,317,7.0,43.4426
2024-03-06,2026-01-16,681,7.0,63.9344
2024-03-07,2024-03-15,8,6.0,9.7504
2024-03-07,2024-04-19,43,6.0,15.2106
2024-03-07,2024-07-19,134,6.0,27.3011
2024-03-07,2024-09-20,197,6.0,31.9813
2024-03-07,2024-10-18,225,6.0,40.9516
2024-03-07,2025-01-17,316,7.0,52.6521
2024-03-07,2026-01-16,680,7.0,61.6225
2024-03-08,2024-03-15,7,6.0,6.1881
2024-03-08,2024-04-19,42,6.0,14.0264
2024-03-08,2024-07-19,133,6.0,25.165
2024-03-08,2024-09-20,196,6.0,33.0033
2024-03-08,2024-10-18,224,6.0,35.066
2024-03-08,2025-01-17,315,7.0,46.2046
2024-03-08,2026-01-16,679,7.0,63.9439
2024-03-11,2024-03-15,4,6.0,5.719
2024-03-11,2024-04-19,39,6.0,13.4804
2024-03-11,2024-07-19,130,6.0,25.3268
2024-03-11,2024-09-20,193,6.0,29.0033
2024-03-11,2024-10-18,221,6.0,34.3137
2024-03-11,2025-01-17,312,7.0,44.9346
2024-03-11,2026-01-16,676,7.0,63.7255
2024-03-12,2024-03-15,3,6.0,4.4788
2024-03-12,2024-04-19,38,6.0,13.0293
2024-03-12,2024-07-19,129,6.0,24.43
2024-03-12,2024-09-20,192,6.0,31.3518
2024-03-12,2024-10-18,220,6.0,34.202
2024-03-12,2025-01-17,311,7.0,44.7883
2024-03-12,2026-01-16,675,7.0,63.5179
2024-03-13,2024-03-15,2,6.0,3.7815
2024-03-13,2024-04-19,37,6.0,13.0252
2024-03-13,2024-07-19,128,6.0,24.7899
2024-03-13,2024-09-20,191,6.0,31.5126
2024-03-13,2024-10-18,219,6.0,34.0336
2024-03-13,2025-01-17,310,5.0,42.0168
2024-03-13,2026-01-16,674,5.0,56.3025
2024-03-14,2024-03-15,1,6.0,3.3956
2024-03-14,2024-04-19,36,6.0,13.5823
2024-03-14,2024-05-17,64,6.0,17.4024
2024-03-14,2024-07-19,127,6.0,25.0424
2024-03-14,2024-09-20,190,6.0,31.4092
2024-03-14,2024-10-18,218,6.0,34.8048
2024-03-14,2025-01-17,309,5.0,41.5959
2024-03-14,2026-01-16,673,5.0,50.5093
2024-03-15,2024-04-19,35,6.0,12.0033
2024-03-15,2024-05-17,63,6.0,17.798
2024-03-15,2024-07-19,126,6.0,24.8344
2024-03-15,2024-09-20,189,6.0,30.2152
2024-03-15,2024-10-18,217,6.0,41.8046
2024-03-15,2025-01-17,308,7.0,44.2881
2024-03-15,2026-01-16,672,7.0,59.6026
2024-03-18,2024-04-19,32,6.0,11.5512
2024-03-18,2024-05-17,60,6.0,16.9142
2024-03-18,2024-07-19,123,6.0,23.9274
2024-03-18,2024-09-20,186,6.0,30.9406
2024-03-18,2024-10-18,214,6.0,33.4158
2024-03-18,2025-01-17,305,7.0,44.5545
2024-03-18,2026-01-16,669,7.0,63.1188
2024-03-19,2024-04-19,31,6.0,11.5702
2024-03-19,2024-05-17,59,6.0,16.9421
2024-03-19,2024-07-19,122,6.0,23.9669
2024-03-19,2024-09-20,185,6.0,30.5785
2024-03-19,2024-10-18,213,6.0,33.0579
2024-03-19,2025-01-17,304,7.0,44.2149
2024-03-19,2026-01-16,668,7.0,62.8099
2024-03-20,2024-04-19,30,6.0,11.5446
2024-03-20,2024-05-17,58,6.0,16.7197
2024-03-20,2024-07-19,121,6.0,25.4777
2024-03-20,2024-09-20,184,6.0,30.6529
2024-03-20,2024-10-18,212,6.0,32.2452
2024-03-20,2025-01-17,303,7.0,43.3917
2024-03-20,2026-01-16,667,7.0,60.1115
2024-03-21,2024-04-19,29,6.0,11.2179
2024-03-21,2024-05-17,57,6.0,16.4263
2024-03-21,2024-07-19,120,6.0,23.6378
2024-03-21,2024-09-20,183,6.0,29.6474
2024-03-21,2024-10-18,211,6.0,32.4519
2024-03-21,2025-01-17,302,7.0,42.468
2024-03-21,2026-01-16,666,7.0,58.093
2024-03-22,2024-04-19,28,6.0,10.5178
2024-03-22,2024-05-17,56,6.0,16.5858
2024-03-22,2024-07-19,119,6.0,23.4628
2024-03-22,2024-09-20,182,6.0,37.6214
2024-03-22,2024-10-18,210,6.0,32.767
2024-03-22,2025-01-17,301,7.0,43.6893
2024-03-22,2026-01-16,665,7.0,52.9935
2024-03-25,2024-04-19,25,6.0,10.3821
2024-03-25,2024-05-17,53,6.0,15.7807
2024-03-25,2024-07-19,116,6.0,23.2558
2024-03-25,2024-09-20,179,6.0,29.485
2024-03-25,2024-10-18,207,6.0,32.8073
2024-03-25,2025-01-17,298,7.0,44.0199
2024-03-25,2026-01-16,662,7.0,63.1229
2024-03-26,2024-04-19,24,6.0,9.9338
2024-03-26,2024-05-17,52,6.0,16.1424
2024-03-26,2024-07-19,115,6.0,23.1788
2024-03-26,2024-09-20,178,6.0,28.9735
2024-03-26,2024-10-18,206,6.0,32.2848
2024-03-26,2025-01-17,297,7.0,44.2881
2024-03-26,2026-01-16,661,7.0,56.7053
2024-03-27,2024-04-19,23,6.0,9.5199
2024-03-27,2024-05-17,51,6.0,15.3146
2024-03-27,2024-07-19,114,6.0,22.7649
2024-03-27,2024-09-20,177,6.0,22.7649
2024-03-27,2024-10-18,205,6.0,31.457
2024-03-27,2025-01-17,296,7.0,43.0464
2024-03-27,2026-01-16,660,7.0,60.8444
2024-03-28,2024-04-19,22,6.0,9.9364
2024-03-28,2024-05-17,50,6.0,15.5008
2024-03-28,2024-07-19,113,6.0,22.655
2024-03-28,2024-09-20,176,6.0,25.8347
2024-03-28,2024-10-18,204,6.0,31.7965
2024-03-28,2025-01-17,295,7.0,42.1304
2024-03-28,2026-01-16,659,7.0,60.4134
2024-04-01,2024-04-19,18,7.0,11.1026
2024-04-01,2024-05-17,46,7.0,16.4625
2024-04-01,2024-07-19,109,7.0,23.7366
2024-04-01,2024-09-20,172,7.0,30.6279
2024-04-01,2024-10-18,200,7.0,33.6907
2024-04-01,2025-01-17,291,7.0,40.9648
2024-04-01,2026-01-16,655,7.0,59.3415
2024-04-02,2024-04-19,17,7.0,9.8935
2024-04-02,2024-05-17,45,7.0,15.9817
2024-04-02,2024-07-19,108,7.0,23.5921
2024-04-02,2024-09-20,171,7.0,30.0609
2024-04-02,2024-10-18,199,7.0,32.7245
2024-04-02,2025-01-17,290,7.0,41.0959
2024-04-02,2026-01-16,654,7.0,59.3607
2024-04-03,2024-04-19,16,7.0,7.971
2024-04-03,2024-05-17,44,7.0,14.4928
2024-04-03,2024-07-19,107,7.0,22.4638
2024-04-03,2024-09-20,170,7.0,29.3478
2024-04-03,2024-10-18,198,7.0,32.6087
2024-04-03,2025-01-17,289,7.0,39.4928
2024-04-03,2026-01-16,653,7.0,57.6087
2024-04-04,2024-04-19,15,7.0,9.4268
2024-04-04,2024-05-17,43,7.0,16.2142
2024-04-04,2024-07-19,106,7.0,22.6244
2024-04-04,2024-09-20,169,7.0,29.4118
2024-04-04,2024-10-18,197,7.0,32.4284
2024-04-04,2025-01-17,288,7.0,40.3469
2024-04-04,2026-01-16,652,7.0,53.1674
2024-04-05,2024-04-19,14,7.0,9.1603
2024-04-05,2024-05-17,42,7.0,16.4122
2024-04-05,2024-07-19,105,7.0,23.2824
2024-04-05,2024-09-20,168,7.0,30.1527
2024-04-05,2024-10-18,196,7.0,31.2977
2024-04-05,2025-01-17,287,7.0,40.458
2024-04-05,2026-01-16,651,7.0,51.9084
2024-04-08,2024-04-19,11,6.0,8.2547
2024-04-08,2024-05-17,39,6.0,14.544
2024-04-08,2024-07-19,102,6.0,21.6195
2024-04-08,2024-09-20,165,6.0,28.695
2024-04-08,2024-10-18,193,6.0,31.4465
2024-04-08,2025-01-17,284,7.0,41.2736
2024-04-08,2026-01-16,648,7.0,60.5346
2024-04-09,2024-04-19,10,6.0,7.6122
2024-04-09,2024-05-17,38,6.0,13.6218
2024-04-09,2024-07-19,101,6.0,20.8333
2024-04-09,2024-09-20,164,6.0,36.0577
2024-04-09,2024-10-18,192,6.0,39.2628
2024-04-09,2025-01-17,283,7.0,40.8654
2024-04-09,2026-01-16,647,7.0,60.0962
2024-04-10,2024-04-19,9,6.0,6.8109
2024-04-10,2024-05-17,37,6.0,13.6218
2024-04-10,2024-07-19,100,6.0,23.2372
2024-04-10,2024-09-20,163,6.0,36.0577
2024-04-10,2024-10-18,191,6.0,29.2468
2024-04-10,2025-01-17,282,7.0,41.266
2024-04-10,2026-01-16,646,7.0,68.109
2024-04-11,2024-04-19,8,6.0,8.1776
2024-04-11,2024-05-17,36,6.0,14.0187
2024-04-11,2024-07-19,99,6.0,21.4174
2024-04-11,2024-09-20,162,6.0,27.648
2024-04-11,2024-10-18,190,6.0,30.3738
2024-04-11,2025-01-17,281,7.0,40.109
2024-04-11,2026-01-16,645,7.0,59.19
2024-04-12,2024-04-19,7,6.0,6.0484
2024-04-12,2024-05-17,35,6.0,13.7097
2024-04-12,2024-07-19,98,6.0,21.7742
2024-04-12,2024-09-20,161,6.0,28.629
2024-04-12,2024-10-18,189,6.0,31.0484
2024-04-12,2025-01-17,280,7.0,41.5323
2024-04-12,2026-01-16,644,7.0,53.629
2024-04-15,2024-04-19,4,6.0,5.0083
2024-04-15,2024-05-17,32,6.0,13.773
2024-04-15,2024-07-19,95,6.0,22.1202
2024-04-15,2024-09-20,158,6.0,29.2154
2024-04-15,2024-10-18,186,6.0,32.9716
2024-04-15,2025-01-17,277,5.0,39.6494
2024-04-15,2026-01-16,641,5.0,49.2487
2024-04-16,2024-04-19,3,6.0,6.0345
2024-04-16,2024-05-17,31,6.0,13.7931
2024-04-16,2024-07-19,94,6.0,22.8448
2024-04-16,2024-09-20,157,6.0,28.4483
2024-04-16,2024-10-18,185,6.0,31.8966
2024-04-16,2025-01-17,276,5.0,39.2241
2024-04-16,2026-01-16,640,5.0,56.4655
2024-04-17,2024-04-19,2,6.0,5.4687
2024-04-17,2024-05-17,30,6.0,14.7569
2024-04-17,2024-07-19,93,6.0,22.1354
2024-04-17,2024-09-20,156,6.0,35.5903
2024-04-17,2024-10-18,184,6.0,31.684
2024-04-17,2025-01-17,275,5.0,39.0625
2024-04-17,2026-01-16,639,5.0,70.3125
2024-04-18,2024-04-19,1,6.0,3.5897
2024-04-18,2024-05-17,29,6.0,13.2479
2024-04-18,2024-06-21,64,6.0,34.6154
2024-04-18,2024-07-19,92,6.0,22.2222
2024-04-18,2024-09-20,155,6.0,28.2051
2024-04-18,2024-10-18,183,6.0,31.6239
2024-04-18,2025-01-17,274,6.0,38.4615
2024-04-18,2026-01-16,638,5.0,67.5214
2024-04-19,2024-05-17,28,6.0,12.8425
2024-04-19,2024-06-21,63,6.0,18.4075
2024-04-19,2024-07-19,91,6.0,22.2603
2024-04-19,2024-09-20,154,6.0,29.1096
2024-04-19,2024-10-18,182,6.0,31.25
2024-04-19,2025-01-17,273,6.0,38.5274
2024-04-19,2026-01-16,637,5.0,70.6336
2024-04-22,2024-05-17,25,5.0,12.7358
2024-04-22,2024-06-21,60,5.0,18.3962
2024-04-22,2024-07-19,88,5.0,21.2264
2024-04-22,2024-09-20,151,5.0,34.9057
2024-04-22,2024-10-18,179,5.0,29.717
2024-04-22,2025-01-17,270,5.0,45.283
2024-04-22,2026-01-16,634,5.0,69.3396
2024-04-23,2024-05-17,24,5.0,11.9275
2024-04-23,2024-06-21,59,5.0,17.6527
2024-04-23,2024-07-19,87,5.0,20.5153
2024-04-23,2024-09-20,150,5.0,32.9198
2024-04-23,2024-10-18,178,5.0,29.5802
2024-04-23,2025-01-17,269,5.0,37.6908
2024-04-23,2026-01-16,633,5.0,57.2519
2024-04-24,2024-05-17,23,5.0,12.5933
2024-04-24,2024-06-21,58,5.0,18.1903
2024-04-24,2024-07-19,86,5.0,21.4552
2024-04-24,2024-09-20,149,5.0,27.5187
2024-04-24,2024-10-18,177,5.0,29.8507
2024-04-24,2025-01-17,268,5.0,38.2463
2024-04-24,2026-01-16,632,5.0,55.0373
2024-04-25,2024-05-17,22,5.0,12.5933
2024-04-25,2024-06-21,57,5.0,17.7239
2024-04-25,2024-07-19,85,5.0,25.1866
2024-04-25,2024-09-20,148,5.0,27.9851
2024-04-25,2024-10-18,176,5.0,30.3172
2024-04-25,2025-01-17,267,5.0,36.847
2024-04-25,2026-01-16,631,5.0,56.903
2024-04-26,2024-05-17,21,5.0,12.037
2024-04-26,2024-06-21,56,5.0,21.2963
2024-04-26,2024-07-19,84,5.0,19.9074
2024-04-26,2024-09-20,147,5.0,33.7963
2024-04-26,2024-10-18,175,5.0,31.4815
2024-04-26,2025-01-17,266,5.0,37.037
2024-04-26,2026-01-16,630,5.0,55.5556
2024-04-29,2024-05-17,18,6.0,13.6116
2024-04-29,2024-06-21,53,6.0,18.6025
2024-04-29,2024-07-19,81,6.0,21.3249
2024-04-29,2024-09-20,144,6.0,29.0381
2024-04-29,2024-10-18,172,6.0,31.7604
2024-04-29,2025-01-17,263,6.0,36.7514
2024-04-29,2026-01-16,627,5.0,62.6134
2024-04-30,2024-05-17,17,5.0,10.6178
2024-04-30,2024-06-21,52,5.0,16.8919
2024-04-30,2024-07-19,80,5.0,19.7876
2024-04-30,2024-09-20,143,5.0,26.5444
2024-04-30,2024-10-18,171,5.0,29.9228
2024-04-30,2025-01-17,262,5.0,37.1622
2024-04-30,2026-01-16,626,5.0,55.5019
2024-05-01,2024-05-17,16,5.0,11.5101
2024-05-01,2024-06-21,51,5.0,14.733
2024-05-01,2024-07-19,79,5.0,20.7182
2024-05-01,2024-09-20,142,5.0,26.2431
2024-05-01,2024-10-18,170,5.0,29.0055
2024-05-01,2025-01-17,261,5.0,36.372
2024-05-01,2026-01-16,625,5.0,57.0902
2024-05-02,2024-05-17,15,6.0,16.0714
2024-05-02,2024-06-21,50,6.0,16.9643
2024-05-02,2024-07-19,78,6.0,20.5357
2024-05-02,2024-09-20,141,6.0,27.6786
2024-05-02,2024-10-18,169,6.0,30.3571
2024-05-02,2025-01-17,260,6.0,37.9464
2024-05-02,2026-01-16,624,5.0,77.2321
2024-05-03,2024-05-17,14,6.0,12.1841
2024-05-03,2024-06-21,49,6.0,17.5993
2024-05-03,2024-07-19,77,6.0,20.7581
2024-05-03,2024-09-20,140,6.0,28.4296
2024-05-03,2024-10-18,168,6.0,31.1372
2024-05-03,2025-01-17,259,6.0,37.9061
2024-05-03,2026-01-16,623,5.0,73.556
2024-05-06,2024-05-17,11,6.0,9.5486
2024-05-06,2024-06-21,46,6.0,14.7569
2024-05-06,2024-07-19,74,6.0,18.6632
2024-05-06,2024-09-20,137,6.0,26.0417
2024-05-06,2024-10-18,165,6.0,29.0799
2024-05-06,2025-01-17,256,6.0,36.0243
2024-05-06,2026-01-16,620,5.0,55.9896
2024-05-07,2024-05-17,10,6.0,6.3776
2024-05-07,2024-06-21,45,6.0,14.0306
2024-05-07,2024-07-19,73,6.0,18.2823
2024-05-07,2024-09-20,136,6.0,25.5102
2024-05-07,2024-10-18,164,6.0,27.6361
2024-05-07,2025-01-17,255,6.0,35.2891
2024-05-07,2026-01-16,619,5.0,53.1463
2024-05-08,2024-05-17,9,6.0,6.4433
2024-05-08,2024-06-21,44,6.0,13.3162
2024-05-08,2024-07-19,72,6.0,18.4708
2024-05-08,2024-09-20,135,6.0,24.9141
2024-05-08,2024-10-18,163,6.0,28.3505
2024-05-08,2025-01-17,254,6.0,32.2165
2024-05-08,2026-01-16,618,5.0,54.5533
2024-05-09,2024-05-17,8,6.0,5.6911
2024-05-09,2024-06-21,43,6.0,13.8211
2024-05-09,2024-07-19,71,6.0,16.6667
2024-05-09,2024-09-20,134,6.0,24.3902
2024-05-09,2024-10-18,162,6.0,26.8293
2024-05-09,2025-01-17,253,6.0,34.1463
2024-05-09,2026-01-16,617,7.0,56.9106
2024-05-10,2024-05-17,7,6.0,4.9342
2024-05-10,2024-06-21,42,6.0,12.7467
2024-05-10,2024-07-19,70,6.0,16.8586
2024-05-10,2024-09-20,133,6.0,24.6711
2024-05-10,2024-10-18,161,6.0,27.1382
2024-05-10,2025-01-17,252,6.0,34.5395
2024-05-10,2026-01-16,616,7.0,57.977
2024-05-13,2024-05-17,4,6.0,4.9751
2024-05-13,2024-06-21,39,6.0,12.4378
2024-05-13,2024-07-19,67,6.0,16.1692
2024-05-13,2024-09-20,130,6.0,24.0464
2024-05-13,2024-10-18,158,6.0,26.9486
2024-05-13,2025-01-17,249,6.0,34.4113
2024-05-13,2026-01-16,613,7.0,56.3847
2024-05-14,2024-05-17,3,6.0,4.1051
2024-05-14,2024-06-21,38,6.0,11.9048
2024-05-14,2024-07-19,66,6.0,16.0099
2024-05-14,2024-09-20,129,6.0,24.6305
2024-05-14,2024-10-18,157,6.0,26.6831
2024-05-14,2025-01-17,248,6.0,34.8933
2024-05-14,2026-01-16,612,7.0,58.2923
2024-05-15,2024-05-17,2,6.0,3.1656
2024-05-15,2024-06-21,37,6.0,11.3636
2024-05-15,2024-07-19,65,6.0,15.4221
2024-05-15,2024-09-20,128,6.0,23.1331
2024-05-15,2024-10-18,156,6.0,26.3799
2024-05-15,2025-01-17,247,6.0,33.6851
2024-05-15,2026-01-16,611,7.0,56.8182
2024-05-16,2024-05-17,1,6.0,4.6624
2024-05-16,2024-06-21,36,6.0,11.254
2024-05-16,2024-07-19,64,6.0,15.2733
2024-05-16,2024-09-20,127,6.0,22.91
2024-05-16,2024-10-18,155,6.0,26.5273
2024-05-16,2025-01-17,246,6.0,33.7621
2024-05-16,2026-01-16,610,7.0,55.4662
2024-05-17,2024-06-21,35,7.0,11.5499
2024-05-17,2024-07-19,63,7.0,14.5306
2024-05-17,2024-09-20,126,7.0,23.0999
2024-05-17,2024-10-18,154,7.0,26.0805
2024-05-17,2025-01-17,245,7.0,34.2772
2024-05-17,2026-01-16,609,7.0,56.6319
2024-05-20,2024-06-21,32,7.0,10.9329
2024-05-20,2024-07-19,60,7.0,15.3061
2024-05-20,2024-09-20,123,7.0,22.9592
2024-05-20,2024-10-18,151,7.0,26.2391
2024-05-20,2025-01-17,242,7.0,33.8921
2024-05-20,2026-01-16,606,7.0,53.207
2024-05-21,2024-06-21,31,7.0,11.1276
2024-05-21,2024-07-19,59,7.0,15.2077
2024-05-21,2024-09-20,122,7.0,22.6261
2024-05-21,2024-10-18,150,7.0,26.3353
2024-05-21,2025-01-17,241,7.0,33.7537
2024-05-21,2026-01-16,605,7.0,55.638
2024-05-22,2024-06-21,30,7.0,12.0846
2024-05-22,2024-07-19,58,7.0,16.2387
2024-05-22,2024-09-20,121,7.0,23.4139
2024-05-22,2024-10-18,149,7.0,26.435
2024-05-22,2025-01-17,240,7.0,34.7432
2024-05-22,2026-01-16,604,7.0,58.9124
2024-05-23,2024-06-21,29,7.0,11.7247
2024-05-23,2024-07-19,57,7.0,16.2632
2024-05-23,2024-09-20,120,7.0,23.8275
2024-05-23,2024-10-18,148,7.0,26.8533
2024-05-23,2025-01-17,239,7.0,34.4175
2024-05-23,2026-01-16,603,7.0,55.9758
2024-05-24,2024-06-21,28,7.0,11.4329
2024-05-24,2024-07-19,56,7.0,16.0061
2024-05-24,2024-09-20,119,7.0,23.628
2024-05-24,2024-10-18,147,7.0,26.6768
2024-05-24,2025-01-17,238,7.0,34.2988
2024-05-24,2026-01-16,602,7.0,54.878
2024-05-28,2024-06-21,24,7.0,10.2639
2024-05-28,2024-07-19,52,7.0,15.0293
2024-05-28,2024-09-20,115,7.0,22.7273
2024-05-28,2024-10-18,143,7.0,25.6598
2024-05-28,2025-01-17,234,7.0,33.7243
2024-05-28,2026-01-16,598,7.0,56.4516
2024-05-29,2024-06-21,23,7.0,10.3093
2024-05-29,2024-07-19,51,7.0,14.7275
2024-05-29,2024-09-20,114,7.0,23.5641
2024-05-29,2024-10-18,142,7.0,26.5096
2024-05-29,2025-01-17,233,7.0,33.8733
2024-05-29,2026-01-16,597,7.0,46.3918
2024-05-30,2024-06-21,22,7.0,9.6844
2024-05-30,2024-07-19,50,7.0,14.7059
2024-05-30,2024-09-20,113,7.0,22.5968
2024-05-30,2024-10-18,141,7.0,25.4663
2024-05-30,2025-01-17,232,7.0,35.5093
2024-05-30,2026-01-16,596,7.0,57.0301
2024-05-31,2024-06-21,21,7.0,9.2857
2024-05-31,2024-07-19,49,7.0,14.2857
2024-05-31,2024-09-20,112,7.0,22.1429
2024-05-31,2024-10-18,140,7.0,25.0
2024-05-31,2025-01-17,231,7.0,32.5
2024-05-31,2026-01-16,595,7.0,57.8571
2024-06-03,2024-06-21,18,7.0,9.1642
2024-06-03,2024-07-19,46,7.0,13.1965
2024-06-03,2024-09-20,109,7.0,22.3607
2024-06-03,2024-10-18,137,7.0,24.9267
2024-06-03,2025-01-17,228,7.0,32.2581
2024-06-03,2026-01-16,592,7.0,46.1877
2024-06-04,2024-06-21,17,6.0,9.827
2024-06-04,2024-07-19,45,6.0,14.1509
2024-06-04,2024-09-20,108,6.0,22.4057
2024-06-04,2024-10-18,136,6.0,24.7642
2024-06-04,2025-01-17,227,6.0,32.6258
2024-06-04,2026-01-16,591,7.0,55.4245
2024-06-05,2024-06-21,16,6.0,7.7869
2024-06-05,2024-07-19,44,6.0,13.1148
2024-06-05,2024-09-20,107,6.0,21.7213
2024-06-05,2024-10-18,135,6.0,24.5902
2024-06-05,2025-01-17,226,6.0,31.5574
2024-06-05,2026-01-16,590,7.0,53.2787
2024-06-06,2024-06-21,15,6.0,8.1301
2024-06-06,2024-07-19,43,6.0,13.0081
2024-06-06,2024-09-20,106,6.0,21.9512
2024-06-06,2024-10-18,134,6.0,24.7967
2024-06-06,2025-01-17,225,6.0,32.1138
2024-06-06,2026-01-16,589,7.0,54.878
2024-06-07,2024-06-21,14,6.0,7.1549
2024-06-07,2024-07-19,42,6.0,12.6263
2024-06-07,2024-09-20,105,6.0,21.4646
2024-06-07,2024-10-18,133,6.0,25.2525
2024-06-07,2025-01-17,224,6.0,31.9865
2024-06-07,2026-01-16,588,5.0,52.1886
2024-06-10,2024-06-21,11,6.0,6.5574
2024-06-10,2024-07-19,39,6.0,11.8852
2024-06-10,2024-09-20,102,6.0,20.4918
2024-06-10,2024-10-18,130,6.0,24.5902
2024-06-10,2025-01-17,221,6.0,31.5574
2024-06-10,2026-01-16,585,7.0,52.459
2024-06-11,2024-06-21,10,6.0,7.3024
2024-06-11,2024-07-19,38,6.0,12.8866
2024-06-11,2024-09-20,101,6.0,21.4777
2024-06-11,2024-10-18,129,6.0,25.3436
2024-06-11,2025-01-17,220,6.0,32.2165
2024-06-11,2026-01-16,584,5.0,57.9897
2024-06-12,2024-06-21,9,6.0,6.3131
2024-06-12,2024-07-19,37,6.0,11.7845
2024-06-12,2024-09-20,100,6.0,21.0438
2024-06-12,2024-10-18,128,6.0,24.4108
2024-06-12,2025-01-17,219,6.0,31.9865
2024-06-12,2026-01-16,583,5.0,50.5051
2024-06-13,2024-06-21,8,6.0,5.719
2024-06-13,2024-07-19,36,6.0,11.4379
2024-06-13,2024-09-20,99,6.0,22.0588
2024-06-13,2024-10-18,127,6.0,23.6928
2024-06-13,2025-01-17,218,6.0,31.0458
2024-06-13,2026-01-16,582,7.0,48.2026
2024-06-14,2024-06-21,7,6.0,4.9834
2024-06-14,2024-07-19,35,6.0,11.2126
2024-06-14,2024-09-20,98,6.0,20.3488
2024-06-14,2024-10-18,126,6.0,23.6711
2024-06-14,2025-01-17,217,6.0,31.9767
2024-06-14,2026-01-16,581,7.0,56.0631
2024-06-17,2024-06-21,4,6.0,3.7563
2024-06-17,2024-07-19,32,6.0,11.6861
2024-06-17,2024-09-20,95,6.0,20.4508
2024-06-17,2024-10-18,123,6.0,23.7897
2024-06-17,2025-01-17,214,6.0,30.0501
2024-06-17,2026-01-16,578,5.0,60.5175
2024-06-18,2024-06-21,3,6.0,3.6765
2024-06-18,2024-07-19,31,6.0,11.0294
2024-06-18,2024-09-20,94,6.0,20.4248
2024-06-18,2024-10-18,122,6.0,23.2843
2024-06-18,2025-01-17,213,6.0,31.4542
2024-06-18,2026-01-16,577,7.0,53.9216
2024-06-20,2024-06-21,1,6.0,3.2787
2024-06-20,2024-07-19,29,6.0,11.0656
2024-06-20,2024-09-20,92,6.0,20.4918
2024-06-20,2024-10-18,120,6.0,22.9508
2024-06-20,2025-01-17,211,6.0,31.5574
2024-06-20,2026-01-16,575,7.0,56.5574
2024-06-21,2024-07-19,28,6.0,10.2965
2024-06-21,2024-08-16,56,6.0,16.4745
2024-06-21,2024-09-20,91,6.0,21.0049
2024-06-21,2024-10-18,119,6.0,23.888
2024-06-21,2025-01-17,210,6.0,31.3015
2024-06-21,2026-01-16,574,7.0,55.1895
2024-06-24,2024-07-19,25,6.0,10.4348
2024-06-24,2024-08-16,53,6.0,16.087
2024-06-24,2024-09-20,88,6.0,19.1304
2024-06-24,2024-10-18,116,6.0,23.0435
2024-06-24,2025-01-17,207,6.0,31.7391
2024-06-24,2026-01-16,571,5.0,49.1304
2024-06-25,2024-07-19,24,6.0,12.1185
2024-06-25,2024-08-16,52,6.0,17.5045
2024-06-25,2024-09-20,87,6.0,21.0952
2024-06-25,2024-10-18,115,6.0,23.7882
2024-06-25,2025-01-17,206,6.0,32.7648
2024-06-25,2026-01-16,570,5.0,49.3716
2024-06-26,2024-07-19,23,6.0,9.8291
2024-06-26,2024-08-16,51,6.0,15.3846
2024-06-26,2024-09-20,86,6.0,19.6581
2024-06-26,2024-10-18,114,6.0,23.0769
2024-06-26,2025-01-17,205,6.0,31.6239
2024-06-26,2026-01-16,569,5.0,48.7179
2024-06-27,2024-07-19,22,6.0,9.7403
2024-06-27,2024-08-16,50,6.0,15.4221
2024-06-27,2024-09-20,85,6.0,20.2922
2024-06-27,2024-10-18,113,6.0,21.9156
2024-06-27,2025-01-17,204,6.0,31.25
2024-06-27,2026-01-16,568,7.0,56.0065
2024-06-28,2024-07-19,21,6.0,8.6634
2024-06-28,2024-08-16,49,6.0,14.8515
2024-06-28,2024-09-20,84,6.0,19.3894
2024-06-28,2024-10-18,112,6.0,22.6898
2024-06-28,2025-01-17,203,6.0,31.3531
2024-06-28,2026-01-16,567,7.0,58.5809
2024-07-01,2024-07-19,18,6.0,9.0461
2024-07-01,2024-08-16,46,6.0,14.8026
2024-07-01,2024-09-20,81,6.0,19.3257
2024-07-01,2024-10-18,109,6.0,22.6151
2024-07-01,2025-01-17,200,6.0,30.4276
2024-07-01,2026-01-16,564,7.0,51.398
2024-07-02,2024-07-19,17,6.0,8.0372
2024-07-02,2024-08-16,45,6.0,14.8054
2024-07-02,2024-09-20,80,6.0,19.4585
2024-07-02,2024-10-18,108,6.0,21.9966
2024-07-02,2025-01-17,199,6.0,31.3029
2024-07-02,2026-01-16,563,5.0,53.7225
2024-07-03,2024-07-19,16,6.0,8.4459
2024-07-03,2024-08-16,44,6.0,14.7804
2024-07-03,2024-09-20,79,6.0,19.0034
2024-07-03,2024-10-18,107,6.0,22.3818
2024-07-03,2025-01-17,198,6.0,31.6723
2024-07-03,2026-01-16,562,5.0,51.098
2024-07-05,2024-07-19,14,6.0,7.1912
2024-07-05,2024-08-16,42,6.0,14.3824
2024-07-05,2024-09-20,77,6.0,19.4585
2024-07-05,2024-10-18,105,6.0,21.9966
2024-07-05,2025-01-17,196,6.0,31.3029
2024-07-05,2026-01-16,560,5.0,56.6836
2024-07-08,2024-07-19,11,6.0,6.7912
2024-07-08,2024-08-16,39,6.0,14.0068
2024-07-08,2024-09-20,74,6.0,18.6757
2024-07-08,2024-10-18,102,6.0,21.6469
2024-07-08,2025-01-17,193,6.0,29.7114
2024-07-08,2026-01-16,557,5.0,56.0272
2024-07-09,2024-07-19,10,6.0,6.5681
2024-07-09,2024-08-16,38,6.0,13.1363
2024-07-09,2024-09-20,73,6.0,18.0624
2024-07-09,2024-10-18,101,6.0,21.3465
2024-07-09,2025-01-17,192,6.0,30.3777
2024-07-09,2026-01-16,556,7.0,52.9557
2024-07-10,2024-07-19,9,6.0,9.245
2024-07-10,2024-08-16,37,6.0,15.0231
2024-07-10,2024-09-20,72,6.0,19.2604
2024-07-10,2024-10-18,100,6.0,22.3421
2024-07-10,2025-01-17,191,6.0,30.0462
2024-07-10,2026-01-16,555,7.0,53.9291
2024-07-11,2024-07-19,8,7.0,7.8947
2024-07-11,2024-08-16,36,7.0,13.1579
2024-07-11,2024-09-20,71,7.0,18.4211
2024-07-11,2024-10-18,99,7.0,21.8045
2024-07-11,2025-01-17,190,7.0,30.4511
2024-07-11,2026-01-16,554,7.0,53.0075
2024-07-12,2024-07-19,7,7.0,7.9305
2024-07-12,2024-08-16,35,7.0,13.5952
2024-07-12,2024-09-20,70,7.0,18.5045
2024-07-12,2024-10-18,98,7.0,21.5257
2024-07-12,2025-01-17,189,7.0,30.5891
2024-07-12,2026-01-16,553,7.0,53.2477
2024-07-15,2024-07-19,4,6.0,7.6443
2024-07-15,2024-08-16,32,6.0,12.8705
2024-07-15,2024-09-20,67,6.0,17.9407
2024-07-15,2024-10-18,95,6.0,21.8409
2024-07-15,2025-01-17,186,6.0,28.8612
2024-07-15,2026-01-16,550,7.0,51.092
2024-07-16,2024-07-19,3,6.0,8.4877
2024-07-16,2024-08-16,31,6.0,13.8889
2024-07-16,2024-09-20,66,6.0,18.1327
2024-07-16,2024-10-18,94,6.0,21.6049
2024-07-16,2025-01-17,185,6.0,29.321
2024-07-16,2026-01-16,549,7.0,47.8395
2024-07-17,2024-07-19,2,6.0,4.2017
2024-07-17,2024-08-16,30,6.0,12.605
2024-07-17,2024-09-20,65,6.0,17.2269
2024-07-17,2024-10-18,93,6.0,20.1681
2024-07-17,2025-01-17,184,6.0,29.8319
2024-07-17,2026-01-16,548,5.0,47.8992
2024-07-18,2024-07-19,1,6.0,4.5217
2024-07-18,2024-08-16,29,6.0,12.6087
2024-07-18,2024-09-20,64,6.0,17.8261
2024-07-18,2024-10-18,92,6.0,21.7391
2024-07-18,2025-01-17,183,6.0,29.5652
2024-07-18,2026-01-16,547,5.0,48.6957
2024-07-19,2024-08-16,28,6.0,13.3452
2024-07-19,2024-09-20,63,6.0,20.0178
2024-07-19,2024-10-18,91,6.0,21.7972
2024-07-19,2025-01-17,182,6.0,30.694
2024-07-19,2026-01-16,546,5.0,58.7189
2024-07-22,2024-08-16,25,6.0,11.8214
2024-07-22,2024-09-20,60,6.0,17.951
2024-07-22,2024-10-18,88,6.0,21.0158
2024-07-22,2025-01-17,179,6.0,29.7723
2024-07-22,2026-01-16,543,5.0,49.0368
2024-07-23,2024-08-16,24,6.0,12.1951
2024-07-23,2024-09-20,59,6.0,16.9861
2024-07-23,2024-10-18,87,6.0,21.3415
2024-07-23,2025-01-17,178,6.0,29.1812
2024-07-23,2026-01-16,542,5.0,48.7805
2024-07-24,2024-08-16,23,6.0,14.0145
2024-07-24,2024-09-20,58,6.0,18.9873
2024-07-24,2024-10-18,86,6.0,22.1519
2024-07-24,2025-01-17,177,6.0,31.1935
2024-07-24,2026-01-16,541,5.0,49.7288
2024-07-25,2024-08-16,22,6.0,12.9464
2024-07-25,2024-09-20,57,6.0,18.3036
2024-07-25,2024-10-18,85,6.0,21.875
2024-07-25,2025-01-17,176,6.0,30.3571
2024-07-25,2026-01-16,540,5.0,49.1071
2024-07-26,2024-08-16,21,6.0,11.9048
2024-07-26,2024-09-20,56,6.0,18.0776
2024-07-26,2024-10-18,84,6.0,21.6049
2024-07-26,2025-01-17,175,6.0,29.9824
2024-07-26,2026-01-16,539,5.0,48.06
2024-07-29,2024-08-16,18,6.0,13.1818
2024-07-29,2024-09-20,53,6.0,18.6364
2024-07-29,2024-10-18,81,6.0,21.8182
2024-07-29,2025-01-17,172,6.0,30.9091
2024-07-29,2026-01-16,536,5.0,55.4545
2024-07-30,2024-08-16,17,6.0,12.1185
2024-07-30,2024-09-20,52,6.0,17.9533
2024-07-30,2024-10-18,80,6.0,21.544
2024-07-30,2025-01-17,171,6.0,30.5206
2024-07-30,2026-01-16,535,5.0,48.474
2024-07-31,2024-08-16,16,6.0,10.9842
2024-07-31,2024-09-20,51,6.0,16.696
2024-07-31,2024-10-18,79,6.0,20.6503
2024-07-31,2025-01-17,170,6.0,29.4376
2024-07-31,2026-01-16,534,5.0,47.891
2024-08-01,2024-08-16,15,5.0,10.5163
2024-08-01,2024-09-20,50,5.0,17.2084
2024-08-01,2024-10-18,78,5.0,20.0765
2024-08-01,2025-01-17,169,5.0,29.6367
2024-08-01,2026-01-16,533,5.0,49.2352
2024-08-02,2024-08-16,14,5.0,12.22
2024-08-02,2024-09-20,49,5.0,18.8391
2024-08-02,2024-10-18,77,5.0,22.9124
2024-08-02,2025-01-17,168,5.0,32.5866
2024-08-02,2026-01-16,532,5.0,52.9532
2024-08-05,2024-08-16,11,5.0,12.1308
2024-08-05,2024-09-20,46,5.0,20.0422
2024-08-05,2024-10-18,74,5.0,24.2616
2024-08-05,2025-01-17,165,5.0,36.9198
2024-08-05,2026-01-16,529,5.0,67.5106
2024-08-06,2024-08-16,10,5.0,11.879
2024-08-06,2024-09-20,45,5.0,20.5184
2024-08-06,2024-10-18,73,5.0,24.2981
2024-08-06,2025-01-17,164,5.0,34.5572
2024-08-06,2026-01-16,528,5.0,55.6155
2024-08-07,2024-09-20,44,4.0,19.6629
2024-08-07,2024-10-18,72,4.0,24.1573
2024-08-07,2025-01-17,163,4.0,32.5843
2024-08-07,2026-01-16,527,4.0,52.2472
2024-08-08,2024-08-16,8,5.0,11.6484
2024-08-08,2024-09-20,43,5.0,19.2308
2024-08-08,2024-10-18,71,5.0,24.1758
2024-08-08,2025-01-17,162,5.0,34.0659
2024-08-08,2026-01-16,526,5.0,51.6483
2024-08-09,2024-08-16,7,4.0,11.036
2024-08-09,2024-09-20,42,4.0,18.018
2024-08-09,2024-10-18,70,4.0,23.0856
2024-08-09,2025-01-17,161,4.0,31.5315
2024-08-09,2026-01-16,525,4.0,47.2973
2024-08-12,2024-08-16,4,5.0,10.8932
2024-08-12,2024-09-20,39,5.0,17.9739
2024-08-12,2024-10-18,67,5.0,22.3312
2024-08-12,2025-01-17,158,5.0,33.7691
2024-08-12,2026-01-16,522,5.0,64.8148
2024-08-13,2024-09-20,38,5.0,17.6211
2024-08-13,2024-10-18,66,5.0,23.1278
2024-08-13,2025-01-17,157,5.0,30.837
2024-08-13,2026-01-16,521,5.0,63.8767
2024-08-14,2024-09-20,37,5.0,17.1082
2024-08-14,2024-10-18,65,5.0,22.0751
2024-08-14,2025-01-17,156,5.0,32.0088
2024-08-14,2026-01-16,520,5.0,61.8102
2024-08-15,2024-08-16,1,5.0,7.0664
2024-08-15,2024-09-20,36,5.0,15.5246
2024-08-15,2024-10-18,64,5.0,20.3426
2024-08-15,2025-01-17,155,5.0,30.5139
2024-08-15,2025-04-17,245,5.0,46.5739
2024-08-15,2026-01-16,519,5.0,46.0385
2024-08-16,2024-09-20,35,5.0,15.1188
2024-08-16,2024-10-18,63,5.0,20.5184
2024-08-16,2025-01-17,154,5.0,30.2376
2024-08-16,2025-04-17,244,5.0,37.257
2024-08-16,2026-01-16,518,5.0,66.4147
2024-08-19,2024-09-20,32,5.0,13.8593
2024-08-19,2024-10-18,60,5.0,18.6567
2024-08-19,2025-01-17,151,5.0,29.3177
2024-08-19,2025-04-17,241,5.0,36.7804
2024-08-19,2026-01-16,515,5.0,52.7719
2024-08-20,2024-09-20,31,5.0,15.3602
2024-08-20,2024-10-18,59,5.0,20.6568
2024-08-20,2025-01-17,150,5.0,30.7203
2024-08-20,2025-04-17,240,5.0,37.6059
2024-08-20,2026-01-16,514,5.0,44.4915
2024-08-21,2024-09-20,30,5.0,13.8889
2024-08-21,2024-10-18,58,5.0,19.5473
2024-08-21,2025-01-17,149,5.0,30.3498
2024-08-21,2025-04-17,239,5.0,37.5514
2024-08-21,2026-01-16,513,5.0,51.4403
2024-08-22,2024-09-20,29,5.0,15.2174
2024-08-22,2024-10-18,57,5.0,21.1957
2024-08-22,2025-01-17,148,5.0,31.5217
2024-08-22,2025-04-17,238,5.0,39.1304
2024-08-22,2026-01-16,512,5.0,53.8043
2024-08-23,2024-09-20,28,5.0,12.7291
2024-08-23,2024-10-18,56,5.0,18.3299
2024-08-23,2025-01-17,147,5.0,29.0224
2024-08-23,2025-04-17,237,5.0,36.6599
2024-08-23,2026-01-16,511,5.0,51.9348
2024-08-26,2024-09-20,25,5.0,11.2936
2024-08-26,2024-10-18,53,5.0,17.4538
2024-08-26,2025-01-17,144,5.0,29.7741
2024-08-26,2025-04-17,234,5.0,36.961
2024-08-26,2026-01-16,508,5.0,52.3614
2024-08-27,2024-09-20,24,5.0,11.8313
2024-08-27,2024-10-18,52,5.0,17.4897
2024-08-27,2025-01-17,143,5.0,29.321
2024-08-27,2025-04-17,233,5.0,34.9794
2024-08-27,2026-01-16,507,5.0,58.642
2024-08-28,2024-09-20,23,5.0,12.766
2024-08-28,2024-10-18,51,5.0,18.0851
2024-08-28,2025-01-17,142,5.0,29.7872
2024-08-28,2025-04-17,232,5.0,37.234
2024-08-28,2026-01-16,506,5.0,42.5532
2024-08-29,2024-09-20,22,5.0,11.4823
2024-08-29,2024-10-18,50,5.0,17.2234
2024-08-29,2025-01-17,141,5.0,29.2276
2024-08-29,2025-04-17,231,5.0,36.0125
2024-08-29,2026-01-16,505,5.0,52.714
2024-08-30,2024-09-20,21,5.0,10.2041
2024-08-30,2024-10-18,49,5.0,15.3061
2024-08-30,2025-01-17,140,5.0,27.551
2024-08-30,2025-04-17,230,5.0,37.2449
2024-08-30,2026-01-16,504,5.0,51.0204
2024-09-03,2024-09-20,17,4.0,13.0682
2024-09-03,2024-10-18,45,4.0,18.75
2024-09-03,2025-01-17,136,4.0,29.5455
2024-09-03,2025-04-17,226,4.0,34.6591
2024-09-03,2026-01-16,500,4.0,52.2727
2024-09-04,2024-09-20,16,4.0,12.5285
2024-09-04,2024-10-18,44,4.0,17.6538
2024-09-04,2025-01-17,135,4.0,27.3349
2024-09-04,2025-04-17,225,4.0,35.877
2024-09-04,2026-01-16,499,4.0,56.9476
2024-09-05,2024-09-20,15,4.0,12.0137
2024-09-05,2024-10-18,43,4.0,17.7346
2024-09-05,2025-01-17,134,4.0,29.1762
2024-09-05,2025-04-17,224,4.0,33.1808
2024-09-05,2026-01-16,498,4.0,52.0595
2024-09-06,2024-09-20,14,4.0,11.6279
2024-09-06,2024-10-18,42,4.0,18.0233
2024-09-06,2025-01-17,133,4.0,29.6512
2024-09-06,2025-04-17,223,4.0,36.6279
2024-09-06,2026-01-16,497,4.0,50.0
2024-09-09,2024-09-20,11,4.0,10.514
2024-09-09,2024-10-18,39,4.0,16.9393
2024-09-09,2025-01-17,130,4.0,29.7897
2024-09-09,2025-04-17,220,4.0,36.7991
2024-09-09,2026-01-16,494,4.0,52.5701
2024-09-10,2024-09-20,10,5.0,12.1681
2024-09-10,2024-10-18,38,5.0,18.2522
2024-09-10,2025-01-17,129,5.0,30.4204
2024-09-10,2025-04-17,219,5.0,38.7168
2024-09-10,2026-01-16,493,5.0,55.3097
2024-09-11,2024-09-20,9,5.0,8.1633
2024-09-11,2024-10-18,37,5.0,15.3061
2024-09-11,2025-01-17,128,5.0,27.551
2024-09-11,2025-04-17,218,5.0,36.7347
2024-09-11,2026-01-16,492,5.0,53.0612
2024-09-12,2024-09-20,8,5.0,7.3674
2024-09-12,2024-10-18,36,5.0,14.2436
2024-09-12,2025-01-17,127,5.0,27.9961
2024-09-12,2025-04-17,217,5.0,35.8546
2024-09-12,2026-01-16,491,5.0,52.554
2024-09-13,2024-09-20,7,5.0,7.9449
2024-09-13,2024-10-18,35,5.0,15.8898
2024-09-13,2025-01-17,126,5.0,28.6017
2024-09-13,2025-04-17,216,5.0,37.0763
2024-09-13,2026-01-16,490,5.0,52.9661
2024-09-16,2024-09-20,4,5.0,7.9229
2024-09-16,2024-10-18,32,5.0,15.5246
2024-09-16,2025-01-17,123,5.0,28.9079
2024-09-16,2025-04-17,213,5.0,36.9379
2024-09-16,2026-01-16,487,5.0,54.0685
2024-09-17,2024-09-20,3,5.0,7.1882
2024-09-17,2024-10-18,31,5.0,14.7992
2024-09-17,2025-01-17,122,5.0,27.4841
2024-09-17,2025-04-17,212,5.0,36.9979
2024-09-17,2026-01-16,486,5.0,52.8541
2024-09-18,2024-09-20,2,5.0,8.547
2024-09-18,2024-10-18,30,5.0,14.9573
2024-09-18,2025-01-17,121,5.0,28.312
2024-09-18,2025-04-17,211,5.0,37.3932
2024-09-18,2026-01-16,485,5.0,53.953
2024-09-19,2024-09-20,1,5.0,4.4444
2024-09-19,2024-10-18,29,5.0,12.6263
2024-09-19,2024-11-15,57,5.0,18.6869
2024-09-19,2025-01-17,120,5.0,26.2626
2024-09-19,2025-04-17,210,5.0,35.3535
2024-09-19,2026-01-16,484,5.0,49.495
2024-09-19,2027-01-15,848,5.0,56.5657
2024-09-20,2024-10-18,28,5.0,12.7358
2024-09-20,2024-11-15,56,5.0,18.3962
2024-09-20,2025-01-17,119,5.0,24.5283
2024-09-20,2025-04-17,209,5.0,35.3774
2024-09-20,2026-01-16,483,5.0,50.4717
2024-09-23,2024-10-18,25,5.0,13.5009
2024-09-23,2024-11-15,53,5.0,17.6909
2024-09-23,2025-01-17,116,5.0,26.0708
2024-09-23,2025-04-17,206,5.0,34.4507
2024-09-23,2026-01-16,480,5.0,49.3482
2024-09-23,2027-01-15,844,5.0,65.6425
2024-09-24,2024-10-18,24,5.0,13.7363
2024-09-24,2024-11-15,52,5.0,17.8571
2024-09-24,2025-01-17,115,5.0,26.5568
2024-09-24,2025-04-17,205,5.0,34.3407
2024-09-24,2026-01-16,479,5.0,49.9084
2024-09-24,2027-01-15,843,5.0,87.9121
2024-09-25,2024-10-18,23,6.0,12.9234
2024-09-25,2024-11-15,51,6.0,19.1622
2024-09-25,2025-01-17,114,6.0,26.2923
2024-09-25,2025-04-17,204,6.0,35.6506
2024-09-25,2026-01-16,478,5.0,49.9109
2024-09-25,2027-01-15,842,5.0,73.5294
2024-09-26,2024-10-18,22,6.0,13.4892
2024-09-26,2024-11-15,50,6.0,19.3345
2024-09-26,2025-01-17,113,6.0,27.4281
2024-09-26,2025-04-17,203,6.0,35.5216
2024-09-26,2026-01-16,477,5.0,51.7086
2024-09-26,2027-01-15,841,5.0,61.1511
2024-09-27,2024-10-18,21,6.0,12.6354
2024-09-27,2024-11-15,49,6.0,19.8556
2024-09-27,2025-01-17,112,6.0,27.5271
2024-09-27,2025-04-17,202,6.0,35.6498
2024-09-27,2026-01-16,476,5.0,50.5415
2024-09-27,2027-01-15,840,5.0,64.5307
2024-09-30,2024-10-18,18,5.0,13.2058
2024-09-30,2024-11-15,46,5.0,18.2149
2024-09-30,2025-01-17,109,5.0,25.5009
2024-09-30,2025-04-17,199,5.0,33.6976
2024-09-30,2026-01-16,473,5.0,49.1803
2024-09-30,2027-01-15,837,5.0,58.7432
2024-10-01,2024-10-18,17,6.0,11.6279
2024-10-01,2024-11-15,45,6.0,18.3363
2024-10-01,2025-01-17,108,6.0,26.3864
2024-10-01,2025-04-17,198,6.0,34.4365
2024-10-01,2026-01-16,472,5.0,49.6422
2024-10-01,2027-01-15,836,5.0,50.9839
2024-10-02,2024-10-18,16,6.0,9.7458
2024-10-02,2024-11-15,44,6.0,17.3729
2024-10-02,2025-01-17,107,6.0,25.4237
2024-10-02,2025-04-17,197,6.0,33.8983
2024-10-02,2026-01-16,471,5.0,49.5763
2024-10-02,2027-01-15,835,5.0,56.3559
2024-10-03,2024-10-18,15,6.0,12.0321
2024-10-03,2024-11-15,43,6.0,19.1622
2024-10-03,2025-01-17,106,6.0,28.0749
2024-10-03,2025-04-17,196,6.0,34.3137
2024-10-03,2026-01-16,470,5.0,49.4652
2024-10-03,2027-01-15,834,5.0,57.4866
2024-10-04,2024-10-18,14,6.0,10.1411
2024-10-04,2024-11-15,42,6.0,17.6367
2024-10-04,2025-01-17,105,6.0,26.455
2024-10-04,2025-04-17,195,6.0,35.2734
2024-10-04,2026-01-16,469,5.0,52.4691
2024-10-07,2024-10-18,11,5.0,10.6481
2024-10-07,2024-11-15,39,5.0,18.0556
2024-10-07,2025-01-17,102,5.0,25.9259
2024-10-07,2025-04-17,192,5.0,35.1852
2024-10-07,2026-01-16,466,5.0,50.463
2024-10-07,2027-01-15,830,5.0,64.3519
2024-10-08,2024-10-18,10,6.0,10.2862
2024-10-08,2024-11-15,38,6.0,16.5474
2024-10-08,2025-01-17,101,6.0,25.9392
2024-10-08,2025-04-17,191,6.0,35.3309
2024-10-08,2026-01-16,465,5.0,51.8784
2024-10-08,2027-01-15,829,5.0,62.6118
2024-10-09,2024-10-18,9,5.0,10.2041
2024-10-09,2024-11-15,37,5.0,17.1614
2024-10-09,2025-01-17,100,5.0,25.0464
2024-10-09,2025-04-17,190,5.0,34.3228
2024-10-09,2026-01-16,464,5.0,50.0928
2024-10-09,2027-01-15,828,5.0,63.0798
2024-10-10,2024-10-18,8,5.0,9.7222
2024-10-10,2024-11-15,36,5.0,16.6667
2024-10-10,2025-01-17,99,5.0,24.537
2024-10-10,2025-04-17,189,5.0,32.4074
2024-10-10,2026-01-16,463,5.0,50.0
2024-10-10,2027-01-15,827,5.0,63.8889
2024-10-11,2024-10-18,7,6.0,9.5841
2024-10-11,2024-11-15,35,6.0,16.7269
2024-10-11,2025-01-17,98,6.0,25.7685
2024-10-11,2025-04-17,188,6.0,34.8101
2024-10-11,2026-01-16,462,5.0,49.7288
2024-10-11,2027-01-15,826,5.0,57.8662
2024-10-14,2024-10-18,4,6.0,5.9233
2024-10-14,2024-11-15,32,6.0,15.2439
2024-10-14,2025-01-17,95,6.0,23.9547
2024-10-14,2025-04-17,185,6.0,33.9721
2024-10-14,2026-01-16,459,5.0,50.5227
2024-10-15,2024-10-18,3,6.0,5.9441
2024-10-15,2024-11-15,31,6.0,14.8601
2024-10-15,2025-01-17,94,6.0,24.0385
2024-10-15,2025-04-17,184,6.0,33.6538
2024-10-15,2026-01-16,458,5.0,49.3881
2024-10-15,2027-01-15,822,5.0,62.5874
2024-10-16,2024-10-18,2,7.0,8.3333
2024-10-16,2024-11-15,30,7.0,18.5606
2024-10-16,2025-01-17,93,7.0,26.8939
2024-10-16,2025-04-17,183,7.0,37.1212
2024-10-16,2026-01-16,457,7.0,56.0606
2024-10-16,2027-01-15,821,7.0,62.1212
2024-10-17,2024-10-18,1,7.0,7.1536
2024-10-17,2024-11-15,29,7.0,18.0723
2024-10-17,2024-12-20,64,7.0,25.9789
2024-10-17,2025-01-17,92,7.0,29.744
2024-10-17,2025-04-17,182,7.0,39.5331
2024-10-17,2026-01-16,456,7.0,56.4759
2024-10-17,2027-01-15,820,7.0,67.0181
2024-10-18,2024-11-15,28,7.0,16.8129
2024-10-18,2024-12-20,63,7.0,24.8538
2024-10-18,2025-01-17,91,7.0,28.5088
2024-10-18,2025-04-17,181,7.0,38.3772
2024-10-18,2026-01-16,455,7.0,57.0175
2024-10-18,2027-01-15,819,7.0,73.0994
2024-10-21,2024-11-15,25,7.0,15.1297
2024-10-21,2024-12-20,60,7.0,21.6138
2024-10-21,2025-01-17,88,7.0,27.0173
2024-10-21,2025-04-17,178,7.0,36.3833
2024-10-21,2026-01-16,452,7.0,56.9164
2024-10-21,2027-01-15,816,7.0,63.4006
2024-10-22,2024-11-15,24,7.0,15.7421
2024-10-22,2024-12-20,59,7.0,21.7391
2024-10-22,2025-01-17,87,7.0,26.9865
2024-10-22,2025-04-17,177,7.0,36.3568
2024-10-22,2026-01-16,451,7.0,57.3463
2024-10-22,2027-01-15,815,7.0,80.9595
2024-10-23,2024-11-15,23,6.0,14.1509
2024-10-23,2024-12-20,58,6.0,21.2264
2024-10-23,2025-01-17,86,6.0,25.9434
2024-10-23,2025-04-17,176,6.0,36.1635
2024-10-23,2026-01-16,450,7.0,59.3553
2024-10-23,2027-01-15,814,7.0,92.3742
2024-10-24,2024-11-15,22,6.0,13.7763
2024-10-24,2024-12-20,57,6.0,20.6645
2024-10-24,2025-01-17,85,6.0,25.5267
2024-10-24,2025-04-17,175,6.0,35.6564
2024-10-24,2026-01-16,449,7.0,59.9676
2024-10-24,2027-01-15,813,7.0,77.7958
2024-10-25,2024-11-15,21,6.0,12.966
2024-10-25,2024-12-20,56,6.0,20.2593
2024-10-25,2025-01-17,84,6.0,25.9319
2024-10-25,2025-04-17,174,6.0,35.2512
2024-10-25,2026-01-16,448,7.0,59.9676
2024-10-25,2027-01-15,812,7.0,74.5543
2024-10-28,2024-11-15,18,6.0,14.6379
2024-10-28,2024-12-20,53,6.0,20.8012
2024-10-28,2025-01-17,81,6.0,25.4237
2024-10-28,2025-04-17,171,6.0,35.4391
2024-10-28,2026-01-16,445,7.0,58.1664
2024-10-28,2027-01-15,809,7.0,81.6641
2024-10-29,2024-11-15,17,6.0,13.2399
2024-10-29,2024-12-20,52,6.0,19.8598
2024-10-29,2025-01-17,80,6.0,24.1433
2024-10-29,2025-04-17,170,6.0,34.6573
2024-10-29,2026-01-16,444,7.0,58.0218
2024-10-29,2027-01-15,808,7.0,71.6511
2024-10-30,2024-11-15,16,6.0,12.6382
2024-10-30,2024-12-20,51,6.0,19.3523
2024-10-30,2025-01-17,79,6.0,24.0916
2024-10-30,2025-04-17,169,6.0,35.1501
2024-10-30,2026-01-16,443,7.0,58.4518
2024-10-30,2027-01-15,807,7.0,84.5182
2024-10-31,2024-11-15,15,6.0,12.0432
2024-10-31,2024-12-20,50,6.0,19.5183
2024-10-31,2025-01-17,78,6.0,24.0864
2024-10-31,2025-04-17,168,6.0,35.7143
2024-10-31,2026-01-16,442,7.0,58.1395
2024-10-31,2027-01-15,806,7.0,65.6146
2024-11-01,2024-11-15,14,6.0,13.8393
2024-11-01,2024-12-20,49,6.0,21.4286
2024-11-01,2025-01-17,77,6.0,25.8929
2024-11-01,2025-04-17,167,6.0,37.5
2024-11-01,2026-01-16,441,5.0,53.125
2024-11-01,2027-01-15,805,5.0,77.2321
2024-11-04,2024-11-15,11,6.0,12.4334
2024-11-04,2024-12-20,46,6.0,20.4263
2024-11-04,2025-01-17,74,6.0,25.3108
2024-11-04,2025-04-17,164,6.0,38.1883
2024-11-04,2026-01-16,438,5.0,54.6181
2024-11-04,2027-01-15,802,5.0,67.9396
2024-11-05,2024-11-15,10,6.0,9.8291
2024-11-05,2024-12-20,45,6.0,20.0855
2024-11-05,2025-01-17,73,6.0,23.9316
2024-11-05,2025-04-17,163,6.0,36.3248
2024-11-05,2027-01-15,801,5.0,55.9829
2024-11-06,2024-11-15,9,6.0,8.2645
2024-11-06,2024-12-20,44,6.0,18.1818
2024-11-06,2025-01-17,72,6.0,23.1405
2024-11-06,2025-04-17,162,6.0,33.8843
2024-11-06,2026-01-16,436,7.0,59.5041
2024-11-06,2027-01-15,800,7.0,88.0165
2024-11-07,2024-11-15,8,6.0,9.0551
2024-11-07,2024-12-20,43,6.0,17.3228
2024-11-07,2025-01-17,71,6.0,22.0472
2024-11-07,2025-04-17,161,6.0,32.6772
2024-11-07,2026-01-16,435,7.0,51.1811
2024-11-07,2027-01-15,799,7.0,71.6535
2024-11-08,2024-11-15,7,6.0,8.3201
2024-11-08,2024-12-20,42,6.0,16.2441
2024-11-08,2025-01-17,70,6.0,21.3946
2024-11-08,2025-04-17,160,6.0,33.2805
2024-11-08,2026-01-16,434,7.0,53.4865
2024-11-08,2027-01-15,798,7.0,82.8051
2024-11-11,2024-11-15,4,6.0,8.9564
2024-11-11,2024-12-20,39,6.0,17.134
2024-11-11,2025-01-17,67,6.0,21.8069
2024-11-11,2025-04-17,157,6.0,31.1526
2024-11-11,2026-01-16,431,7.0,56.8536
2024-11-11,2027-01-15,795,7.0,79.8287
2024-11-12,2024-11-15,3,7.0,6.3338
2024-11-12,2024-12-20,38,7.0,16.766
2024-11-12,2025-01-17,66,7.0,21.237
2024-11-12,2025-04-17,156,7.0,33.1595
2024-11-12,2026-01-16,430,7.0,54.3964
2024-11-12,2027-01-15,794,7.0,68.927
2024-11-13,2024-11-15,2,6.0,7.0533
2024-11-13,2024-12-20,37,6.0,16.4577
2024-11-13,2025-01-17,65,6.0,20.768
2024-11-13,2025-04-17,155,6.0,32.9154
2024-11-13,2026-01-16,429,7.0,56.8182
2024-11-13,2027-01-15,793,7.0,72.1003
2024-11-14,2024-11-15,1,7.0,5.8209
2024-11-14,2024-12-20,36,7.0,15.6716
2024-11-14,2025-01-17,64,7.0,21.6418
2024-11-14,2025-04-17,154,7.0,33.9552
2024-11-14,2025-07-18,246,7.0,39.5522
2024-11-14,2026-01-16,428,7.0,54.4776
2024-11-14,2027-01-15,792,7.0,66.4179
2024-11-15,2024-12-20,35,7.0,15.4367
2024-11-15,2025-01-17,63,7.0,21.4608
2024-11-15,2025-04-17,153,7.0,33.509
2024-11-15,2025-07-18,245,7.0,42.9217
2024-11-15,2026-01-16,427,7.0,54.5934
2024-11-15,2027-01-15,791,7.0,65.1355
2024-11-18,2024-12-20,32,7.0,15.4321
2024-11-18,2025-01-17,60,7.0,19.5473
2024-11-18,2025-04-17,150,7.0,29.4925
2024-11-18,2025-07-18,242,7.0,40.8093
2024-11-18,2026-01-16,424,7.0,52.1262
2024-11-18,2027-01-15,788,7.0,66.1866
2024-11-19,2024-12-20,31,7.0,15.2144
2024-11-19,2025-01-17,59,7.0,20.4011
2024-11-19,2025-04-17,149,7.0,32.5035
2024-11-19,2025-07-18,241,7.0,40.1106
2024-11-19,2026-01-16,423,7.0,52.213
2024-11-19,2027-01-15,787,7.0,65.0069
2024-11-20,2024-12-20,30,7.0,15.8501
2024-11-20,2025-01-17,58,7.0,21.2536
2024-11-20,2025-04-17,148,7.0,31.7003
2024-11-20,2025-07-18,240,7.0,40.3458
2024-11-20,2026-01-16,422,7.0,53.3141
2024-11-20,2027-01-15,786,7.0,67.7233
2024-11-21,2024-12-20,29,7.0,14.8725
2024-11-21,2025-01-17,57,7.0,19.4759
2024-11-21,2025-04-17,147,7.0,32.2238
2024-11-21,2025-07-18,239,7.0,40.3683
2024-11-21,2026-01-16,421,7.0,53.1161
2024-11-21,2027-01-15,785,7.0,66.5722
2024-11-22,2024-12-20,28,7.0,13.6103
2024-11-22,2025-01-17,56,7.0,18.9828
2024-11-22,2025-04-17,146,7.0,31.8768
2024-11-22,2025-07-18,238,7.0,40.8309
2024-11-22,2026-01-16,420,7.0,52.2923
2024-11-22,2027-01-15,784,7.0,65.9026
2024-11-25,2024-12-20,25,7.0,12.931
2024-11-25,2025-01-17,53,7.0,18.6782
2024-11-25,2025-04-17,143,7.0,31.6092
2024-11-25,2025-07-18,235,7.0,39.5115
2024-11-25,2026-01-16,417,7.0,52.0833
2024-11-25,2027-01-15,781,7.0,68.2471
2024-11-26,2024-12-20,24,7.0,12.6081
2024-11-26,2025-01-17,52,7.0,18.0115
2024-11-26,2025-04-17,142,7.0,30.9798
2024-11-26,2025-07-18,234,7.0,38.9049
2024-11-26,2026-01-16,416,7.0,51.513
2024-11-26,2027-01-15,780,7.0,67.0029
2024-11-27,2024-12-20,23,7.0,12.5
2024-11-27,2025-01-17,51,7.0,17.6471
2024-11-27,2025-04-17,141,7.0,31.25
2024-11-27,2025-07-18,233,7.0,39.3382
2024-11-27,2026-01-16,415,7.0,52.2059
2024-11-27,2027-01-15,779,7.0,66.5441
2024-11-29,2024-12-20,21,7.0,12.0523
2024-11-29,2025-01-17,49,7.0,17.562
2024-11-29,2025-04-17,139,7.0,30.303
2024-11-29,2025-07-18,231,7.0,38.9118
2024-11-29,2026-01-16,413,7.0,50.9642
2024-11-29,2027-01-15,777,7.0,66.4601
2024-12-02,2024-12-20,18,7.0,11.0242
2024-12-02,2025-01-17,46,7.0,16.7141
2024-12-02,2025-04-17,136,7.0,30.5832
2024-12-02,2025-07-18,228,7.0,38.4068
2024-12-02,2026-01-16,410,7.0,51.2091
2024-12-02,2027-01-15,774,7.0,66.1451
2024-12-03,2024-12-20,17,7.0,10.0287
2024-12-03,2025-01-17,45,7.0,16.4756
2024-12-03,2025-04-17,135,7.0,27.5788
2024-12-03,2025-07-18,227,7.0,39.0401
2024-12-03,2026-01-16,409,7.0,51.2178
2024-12-03,2027-01-15,773,7.0,68.0516
2024-12-04,2024-12-20,16,7.0,10.9012
2024-12-04,2025-01-17,44,7.0,16.3517
2024-12-04,2025-04-17,134,7.0,30.5233
2024-12-04,2025-07-18,226,7.0,34.5203
2024-12-04,2026-01-16,408,7.0,50.8721
2024-12-04,2027-01-15,772,7.0,66.4971
2024-12-05,2024-12-20,15,7.0,10.0
2024-12-05,2025-01-17,43,7.0,16.6667
2024-12-05,2025-04-17,133,7.0,30.0
2024-12-05,2025-07-18,225,7.0,35.9259
2024-12-05,2026-01-16,407,7.0,51.1111
2024-12-05,2027-01-15,771,7.0,67.7778
2024-12-06,2024-12-20,14,7.0,9.716
2024-12-06,2025-01-17,42,7.0,16.4425
2024-12-06,2025-04-17,132,7.0,28.4006
2024-12-06,2025-07-18,224,7.0,39.2377
2024-12-06,2026-01-16,406,7.0,52.3169
2024-12-06,2027-01-15,770,7.0,69.5067
2024-12-09,2024-12-20,11,6.0,10.2041
2024-12-09,2025-01-17,39,6.0,16.4835
2024-12-09,2025-04-17,129,6.0,29.0424
2024-12-09,2025-07-18,221,6.0,36.4992
2024-12-09,2026-01-16,403,7.0,53.7677
2024-12-09,2027-01-15,767,7.0,63.9717
2024-12-10,2024-12-20,10,6.0,10.1404
2024-12-10,2025-01-17,38,6.0,15.6006
2024-12-10,2025-04-17,128,6.0,29.2512
2024-12-10,2025-07-18,220,6.0,37.8315
2024-12-10,2026-01-16,402,7.0,47.5819
2024-12-10,2027-01-15,766,7.0,70.2028
2024-12-11,2024-12-20,9,6.0,8.9844
2024-12-11,2025-01-17,37,6.0,16.0156
2024-12-11,2025-04-17,127,6.0,29.2969
2024-12-11,2025-07-18,219,6.0,32.0312
2024-12-11,2026-01-16,401,7.0,52.7344
2024-12-11,2027-01-15,765,7.0,70.3125
2024-12-12,2024-12-20,8,6.0,10.1461
2024-12-12,2025-01-17,36,6.0,15.4221
2024-12-12,2025-04-17,126,6.0,29.6266
2024-12-12,2025-07-18,218,6.0,38.5552
2024-12-12,2026-01-16,400,7.0,54.789
2024-12-12,2027-01-15,764,7.0,71.8344
2024-12-13,2024-12-20,7,6.0,7.5377
2024-12-13,2025-01-17,35,6.0,14.6566
2024-12-13,2025-04-17,125,6.0,29.732
2024-12-13,2025-07-18,217,6.0,38.526
2024-12-13,2026-01-16,399,5.0,48.995
2024-12-13,2027-01-15,763,5.0,63.2328
2024-12-16,2024-12-20,4,6.0,6.8611
2024-12-16,2025-01-17,32,6.0,15.0086
2024-12-16,2025-04-17,122,6.0,29.5883
2024-12-16,2025-07-18,214,6.0,38.5935
2024-12-16,2026-01-16,396,5.0,48.0274
2024-12-16,2027-01-15,760,5.0,56.175
2024-12-17,2024-12-20,3,6.0,9.9099
2024-12-17,2025-01-17,31,6.0,17.1171
2024-12-17,2025-04-17,121,6.0,30.6306
2024-12-17,2025-07-18,213,6.0,36.4865
2024-12-17,2026-01-16,395,5.0,48.6486
2024-12-17,2027-01-15,759,5.0,55.4054
2024-12-18,2024-12-20,2,5.0,7.8505
2024-12-18,2025-01-17,30,5.0,14.9533
2024-12-18,2025-04-17,120,5.0,28.0374
2024-12-18,2025-07-18,212,5.0,36.4486
2024-12-18,2026-01-16,394,5.0,52.8037
2024-12-18,2027-01-15,758,5.0,52.8037
2024-12-19,2025-01-17,29,5.0,14.7874
2024-12-19,2025-04-17,119,5.0,28.6506
2024-12-19,2025-07-18,211,5.0,36.9686
2024-12-19,2026-01-16,393,5.0,48.5213
2024-12-19,2027-01-15,757,5.0,75.3235
2024-12-20,2025-01-17,28,5.0,12.7358
2024-12-20,2025-02-21,63,5.0,17.4528
2024-12-20,2025-04-17,118,5.0,25.4717
2024-12-20,2025-07-18,210,5.0,37.7358
2024-12-20,2026-01-16,392,5.0,49.0566
2024-12-20,2027-01-15,756,5.0,66.9811
2024-12-23,2025-01-17,25,5.0,12.5
2024-12-23,2025-02-21,60,5.0,19.9074
2024-12-23,2025-04-17,115,5.0,27.7778
2024-12-23,2025-07-18,207,5.0,33.7963
2024-12-23,2026-01-16,389,5.0,48.6111
2024-12-23,2027-01-15,753,5.0,60.1852
2024-12-24,2025-01-17,24,5.0,11.215
2024-12-24,2025-02-21,59,5.0,18.6916
2024-12-24,2025-04-17,114,5.0,26.6355
2024-12-24,2025-07-18,206,5.0,35.0467
2024-12-24,2026-01-16,388,5.0,49.5327
2024-12-24,2027-01-15,752,5.0,57.0093
2024-12-26,2025-01-17,22,5.0,11.257
2024-12-26,2025-02-21,57,5.0,18.7617
2024-12-26,2025-04-17,112,5.0,26.7355
2024-12-26,2025-07-18,204,5.0,32.833
2024-12-26,2026-01-16,386,5.0,48.7805
2024-12-26,2027-01-15,750,5.0,56.2852
2024-12-27,2025-01-17,21,5.0,11.5385
2024-12-27,2025-02-21,56,5.0,18.75
2024-12-27,2025-04-17,111,5.0,26.9231
2024-12-27,2025-07-18,203,5.0,35.5769
2024-12-27,2026-01-16,385,5.0,49.0385
2024-12-27,2027-01-15,749,5.0,59.1346
2024-12-30,2025-01-17,18,5.0,10.274
2024-12-30,2025-02-21,53,5.0,17.6125
2024-12-30,2025-04-17,108,5.0,25.4403
2024-12-30,2025-07-18,200,5.0,35.7143
2024-12-30,2026-01-16,382,5.0,49.4129
2024-12-30,2027-01-15,746,5.0,63.6008
2024-12-31,2025-01-17,17,5.0,8.2846
2024-12-31,2025-02-21,52,5.0,17.5439
2024-12-31,2025-04-17,107,5.0,26.3158
2024-12-31,2025-07-18,199,5.0,36.0624
2024-12-31,2026-01-16,381,5.0,49.2203
2024-12-31,2027-01-15,745,5.0,64.3275
2025-01-02,2025-01-17,15,6.0,11.8838
2025-01-02,2025-02-21,50,6.0,18.4859
2025-01-02,2025-04-17,105,6.0,26.4085
2025-01-02,2025-07-18,197,6.0,41.8134
2025-01-02,2026-01-16,379,5.0,47.9754
2025-01-02,2027-01-15,743,5.0,58.0986
2025-01-03,2025-01-17,14,6.0,10.8885
2025-01-03,2025-02-21,49,6.0,17.4216
2025-01-03,2025-04-17,104,6.0,30.9233
2025-01-03,2025-07-18,196,6.0,37.0209
2025-01-03,2026-01-16,378,5.0,47.9094
2025-01-03,2027-01-15,742,5.0,55.3136
2025-01-06,2025-01-17,11,6.0,9.434
2025-01-06,2025-02-21,46,6.0,17.1527
2025-01-06,2025-04-17,101,6.0,25.729
2025-01-06,2025-07-18,193,6.0,32.1612
2025-01-06,2026-01-16,375,5.0,48.4563
2025-01-06,2027-01-15,739,5.0,55.7461
2025-01-07,2025-01-17,10,5.0,10.8257
2025-01-07,2025-02-21,45,5.0,17.4312
2025-01-07,2025-04-17,100,5.0,24.3119
2025-01-07,2025-07-18,192,5.0,33.0275
2025-01-07,2026-01-16,374,5.0,48.1651
2025-01-07,2027-01-15,738,5.0,61.9266
2025-01-08,2025-01-17,9,5.0,10.1852
2025-01-08,2025-02-21,44,5.0,17.5926
2025-01-08,2025-04-17,99,5.0,26.3889
2025-01-08,2025-07-18,191,5.0,35.1852
2025-01-08,2026-01-16,373,5.0,47.6852
2025-01-08,2027-01-15,737,5.0,59.2593
2025-01-10,2025-01-17,7,5.0,8.5227
2025-01-10,2025-02-21,42,5.0,16.572
2025-01-10,2025-04-17,97,5.0,24.6212
2025-01-10,2025-07-18,189,5.0,32.6705
2025-01-10,2026-01-16,371,5.0,48.2955
2025-01-10,2027-01-15,735,5.0,57.7651
2025-01-13,2025-01-17,4,5.0,7.1565
2025-01-13,2025-02-21,39,5.0,16.2214
2025-01-13,2025-04-17,94,5.0,25.2863
2025-01-13,2025-07-18,186,5.0,34.8282
2025-01-13,2026-01-16,368,5.0,50.0954
2025-01-13,2027-01-15,732,5.0,55.3435
2025-01-14,2025-01-17,3,5.0,6.3107
2025-01-14,2025-02-21,38,5.0,15.534
2025-01-14,2025-04-17,93,5.0,25.7282
2025-01-14,2025-07-18,185,5.0,34.466
2025-01-14,2026-01-16,367,5.0,48.0583
2025-01-14,2027-01-15,731,5.0,61.6505
2025-01-15,2025-01-17,2,5.0,4.8356
2025-01-15,2025-02-21,37,5.0,14.5068
2025-01-15,2025-04-17,92,5.0,22.7273
2025-01-15,2025-07-18,184,5.0,33.8491
2025-01-15,2026-01-16,366,5.0,47.3888
2025-01-15,2027-01-15,730,5.0,61.412
2025-01-16,2025-01-17,1,5.0,4.4379
2025-01-16,2025-02-21,36,5.0,14.7929
2025-01-16,2025-03-21,64,5.0,18.3432
2025-01-16,2025-04-17,91,5.0,23.6686
2025-01-16,2025-07-18,183,5.0,34.0237
2025-01-16,2026-01-16,365,5.0,47.8304
2025-01-16,2027-01-15,729,5.0,62.6233
2025-01-17,2025-02-21,35,5.0,13.4357
2025-01-17,2025-03-21,63,5.0,17.2745
2025-01-17,2025-04-17,90,5.0,22.0729
2025-01-17,2025-07-18,182,5.0,32.1497
2025-01-17,2026-01-16,364,5.0,45.5854
2025-01-17,2027-01-15,728,5.0,56.6219
2025-01-21,2025-02-21,31,6.0,15.681
2025-01-21,2025-03-21,59,6.0,21.9534
2025-01-21,2025-04-17,86,6.0,24.6416
2025-01-21,2025-07-18,178,6.0,34.0502
2025-01-21,2026-01-16,360,5.0,45.6989
2025-01-21,2027-01-15,724,5.0,66.7563
2025-01-22,2025-02-21,30,6.0,15.0086
2025-01-22,2025-03-21,58,6.0,20.5832
2025-01-22,2025-04-17,85,6.0,24.0137
2025-01-22,2025-07-18,177,6.0,33.4477
2025-01-22,2026-01-16,359,5.0,46.3122
2025-01-22,2027-01-15,723,5.0,59.6055
2025-01-23,2025-02-21,29,6.0,12.7551
2025-01-23,2025-03-21,57,6.0,20.4082
2025-01-23,2025-04-17,84,6.0,23.8095
2025-01-23,2025-07-18,176,6.0,30.1871
2025-01-23,2026-01-16,358,5.0,45.4932
2025-01-23,2027-01-15,722,5.0,53.1463
2025-01-24,2025-02-21,28,6.0,14.4483
2025-01-24,2025-03-21,56,6.0,20.5779
2025-01-24,2025-04-17,83,6.0,24.5184
2025-01-24,2025-07-18,175,6.0,31.9615
2025-01-24,2026-01-16,357,5.0,45.5342
2025-01-24,2027-01-15,721,5.0,61.296
2025-01-27,2025-02-21,25,5.0,14.0232
2025-01-27,2025-03-21,53,5.0,20.3095
2025-01-27,2025-04-17,80,5.0,24.6615
2025-01-27,2025-07-18,172,5.0,34.3327
2025-01-27,2026-01-16,354,5.0,47.3888
2025-01-27,2027-01-15,718,5.0,57.06
2025-01-28,2025-02-21,24,5.0,13.7571
2025-01-28,2025-03-21,52,5.0,20.3985
2025-01-28,2025-04-17,79,5.0,24.1935
2025-01-28,2025-07-18,171,5.0,33.2068
2025-01-28,2026-01-16,353,5.0,46.4896
2025-01-28,2027-01-15,717,5.0,64.0417
2025-01-29,2025-02-21,23,6.0,15.7374
2025-01-29,2025-03-21,51,6.0,21.5827
2025-01-29,2025-04-17,78,6.0,25.6295
2025-01-29,2025-07-18,170,6.0,35.0719
2025-01-29,2026-01-16,352,5.0,45.8633
2025-01-29,2027-01-15,716,5.0,52.1583
2025-01-30,2025-02-21,22,6.0,13.5379
2025-01-30,2025-03-21,50,6.0,22.5632
2025-01-30,2025-04-17,77,6.0,25.2708
2025-01-30,2025-07-18,169,6.0,35.1986
2025-01-30,2026-01-16,351,5.0,45.5776
2025-01-30,2027-01-15,715,5.0,59.5668
2025-01-31,2025-02-21,21,5.0,13.6535
2025-01-31,2025-03-21,49,5.0,20.7156
2025-01-31,2025-04-17,76,5.0,24.9529
2025-01-31,2025-07-18,168,5.0,34.3691
2025-01-31,2026-01-16,350,5.0,47.5518
2025-01-31,2027-01-15,714,5.0,64.0301
2025-02-03,2025-02-21,18,5.0,11.9048
2025-02-03,2025-03-21,46,5.0,19.5238
2025-02-03,2025-04-17,73,5.0,24.2857
2025-02-03,2025-07-18,165,5.0,33.3333
2025-02-03,2026-01-16,347,5.0,45.7143
2025-02-03,2027-01-15,711,5.0,60.4762
2025-02-04,2025-02-21,17,5.0,12.0148
2025-02-04,2025-03-21,45,5.0,19.8706
2025-02-04,2025-04-17,72,5.0,22.6433
2025-02-04,2025-07-18,164,5.0,30.4991
2025-02-04,2026-01-16,346,5.0,45.7486
2025-02-04,2027-01-15,710,5.0,59.1497
2025-02-05,2025-02-21,16,5.0,12.1951
2025-02-05,2025-03-21,44,5.0,19.6998
2025-02-05,2025-04-17,71,5.0,23.4522
2025-02-05,2025-07-18,163,5.0,33.7711
2025-02-05,2026-01-16,345,5.0,46.4353
2025-02-05,2027-01-15,709,5.0,58.6304
2025-02-06,2025-02-21,15,5.0,9.3688
2025-02-06,2025-03-21,43,5.0,16.7653
2025-02-06,2025-04-17,70,5.0,20.7101
2025-02-06,2025-07-18,162,5.0,31.5582
2025-02-06,2026-01-16,344,5.0,45.858
2025-02-06,2027-01-15,708,5.0,65.0888
2025-02-07,2025-02-21,14,5.0,9.6339
2025-02-07,2025-03-21,42,5.0,17.341
2025-02-07,2025-04-17,69,5.0,21.6763
2025-02-07,2025-07-18,161,5.0,31.7919
2025-02-07,2026-01-16,343,5.0,45.2794
2025-02-07,2027-01-15,707,5.0,62.6204
2025-02-10,2025-02-21,11,5.0,8.8757
2025-02-10,2025-03-21,39,5.0,16.2722
2025-02-10,2025-04-17,66,5.0,20.7101
2025-02-10,2025-07-18,158,5.0,31.0651
2025-02-10,2026-01-16,340,5.0,45.858
2025-02-10,2027-01-15,704,5.0,59.6647
2025-02-11,2025-02-21,10,5.0,7.0281
2025-02-11,2025-03-21,38,5.0,15.5622
2025-02-11,2025-04-17,65,5.0,21.0843
2025-02-11,2025-07-18,157,5.0,31.1245
2025-02-11,2026-01-16,339,5.0,46.1847
2025-02-11,2027-01-15,703,5.0,64.257
2025-02-12,2025-02-21,9,5.0,7.4553
2025-02-12,2025-03-21,37,5.0,15.9046
2025-02-12,2025-04-17,64,5.0,20.8748
2025-02-12,2025-07-18,156,5.0,31.8091
2025-02-12,2026-01-16,338,5.0,44.7316
2025-02-12,2027-01-15,702,5.0,63.1213
2025-02-13,2025-02-21,8,5.0,6.9583
2025-02-13,2025-03-21,36,5.0,14.9105
2025-02-13,2025-04-17,63,5.0,20.3777
2025-02-13,2025-07-18,155,5.0,30.8151
2025-02-13,2026-01-16,337,5.0,44.2346
2025-02-13,2027-01-15,701,5.0,63.1213
2025-02-14,2025-02-21,7,5.0,6.7708
2025-02-14,2025-03-21,35,5.0,16.1458
2025-02-14,2025-04-17,62,5.0,19.7917
2025-02-14,2025-07-18,154,5.0,31.7708
2025-02-14,2026-01-16,336,5.0,45.8333
2025-02-14,2027-01-15,700,5.0,64.5833
2025-02-18,2025-02-21,3,5.0,5.5668
2025-02-18,2025-03-21,31,5.0,14.6761
2025-02-18,2025-04-17,58,5.0,19.2308
2025-02-18,2025-07-18,150,5.0,30.8704
2025-02-18,2026-01-16,332,5.0,45.5466
2025-02-18,2027-01-15,696,5.0,64.2713
2025-02-19,2025-02-21,2,5.0,5.6468
2025-02-19,2025-03-21,30,5.0,15.4004
2025-02-19,2025-04-17,57,5.0,20.0205
2025-02-19,2025-07-18,149,5.0,30.8008
2025-02-19,2026-01-16,331,5.0,46.2012
2025-02-19,2027-01-15,695,5.0,64.1684
2025-02-20,2025-02-21,1,5.0,5.1335
2025-02-20,2025-03-21,29,5.0,14.3737
2025-02-20,2025-04-17,56,5.0,20.0205
2025-02-20,2025-07-18,148,5.0,30.2875
2025-02-20,2025-10-17,239,5.0,47.7413
2025-02-20,2026-01-16,330,5.0,46.7146
2025-02-20,2027-01-15,694,5.0,64.6817
2025-02-21,2025-03-21,28,5.0,15.625
2025-02-21,2025-04-17,55,5.0,20.4741
2025-02-21,2025-07-18,147,5.0,30.1724
2025-02-21,2025-10-17,238,5.0,39.3319
2025-02-21,2026-01-16,329,5.0,45.2586
2025-02-21,2027-01-15,693,5.0,71.1207
2025-02-24,2025-03-21,25,5.0,15.8991
2025-02-24,2025-04-17,52,5.0,21.3816
2025-02-24,2025-07-18,144,5.0,32.8947
2025-02-24,2025-10-17,235,5.0,40.0219
2025-02-24,2026-01-16,326,5.0,45.5044
2025-02-24,2027-01-15,690,5.0,66.3377
2025-02-25,2025-03-21,24,4.0,14.9083
2025-02-25,2025-04-17,51,4.0,18.922
2025-02-25,2025-07-18,143,4.0,28.6697
2025-02-25,2025-10-17,234,4.0,37.2706
2025-02-25,2026-01-16,325,4.0,43.578
2025-02-25,2027-01-15,689,4.0,63.6468
2025-02-26,2025-03-21,23,4.0,16.3288
2025-02-26,2025-04-17,50,4.0,19.1441
2025-02-26,2025-07-18,142,4.0,32.6577
2025-02-26,2025-10-17,233,4.0,39.4144
2025-02-26,2026-01-16,324,4.0,39.9775
2025-02-26,2027-01-15,688,4.0,65.8784
2025-02-27,2025-03-21,22,4.0,14.3035
2025-02-27,2025-04-17,49,4.0,18.6567
2025-02-27,2025-07-18,141,4.0,30.4726
2025-02-27,2025-10-17,232,4.0,39.801
2025-02-27,2026-01-16,323,4.0,42.9104
2025-02-27,2027-01-15,687,4.0,78.3582
2025-02-28,2025-03-21,21,4.0,13.3495
2025-02-28,2025-04-17,48,4.0,17.5971
2025-02-28,2025-07-18,140,4.0,30.3398
2025-02-28,2025-10-17,231,4.0,38.2282
2025-02-28,2026-01-16,322,4.0,45.5097
2025-02-28,2027-01-15,686,4.0,58.2524
2025-03-03,2025-03-21,18,4.0,13.8158
2025-03-03,2025-04-17,45,4.0,21.0526
2025-03-03,2025-07-18,137,4.0,30.9211
2025-03-03,2025-10-17,228,4.0,39.4737
2025-03-03,2026-01-16,319,4.0,46.0526
2025-03-03,2027-01-15,683,4.0,61.1842
2025-03-04,2025-03-21,17,4.0,12.995
2025-03-04,2025-04-17,44,4.0,17.9455
2025-03-04,2025-07-18,136,4.0,29.0842
2025-03-04,2025-10-17,227,4.0,39.604
2025-03-04,2026-01-16,318,4.0,43.3168
2025-03-04,2027-01-15,682,4.0,84.1584
2025-03-05,2025-03-21,16,4.0,12.0192
2025-03-05,2025-04-17,43,4.0,18.6298
2025-03-05,2025-07-18,135,4.0,29.4471
2025-03-05,2025-10-17,226,4.0,37.2596
2025-03-05,2026-01-16,317,4.0,45.0721
2025-03-05,2027-01-15,681,4.0,71.5144
2025-03-06,2025-03-21,15,4.0,12.5298
2025-03-06,2025-04-17,42,4.0,18.4964
2025-03-06,2025-07-18,134,4.0,32.2196
2025-03-06,2025-10-17,225,4.0,39.3795
2025-03-06,2026-01-16,316,4.0,44.7494
2025-03-06,2027-01-15,680,4.0,61.4558
2025-03-07,2025-03-21,14,4.0,11.0565
2025-03-07,2025-04-17,41,4.0,19.0418
2025-03-07,2025-07-18,133,4.0,30.7125
2025-03-07,2025-10-17,224,4.0,38.0835
2025-03-07,2026-01-16,315,4.0,45.4545
2025-03-07,2027-01-15,679,4.0,76.1671
2025-03-10,2025-03-21,11,4.0,11.3636
2025-03-10,2025-04-17,38,4.0,18.9394
2025-03-10,2025-07-18,130,4.0,30.303
2025-03-10,2025-10-17,221,4.0,38.5101
2025-03-10,2026-01-16,312,4.0,44.1919
2025-03-10,2027-01-15,676,4.0,75.1263
2025-03-11,2025-03-21,10,4.0,11.4183
2025-03-11,2025-04-17,37,4.0,18.6298
2025-03-11,2025-07-18,129,4.0,30.649
2025-03-11,2025-10-17,220,4.0,39.6635
2025-03-11,2026-01-16,311,4.0,44.4712
2025-03-12,2025-03-21,9,4.0,11.4183
2025-03-12,2025-04-17,36,4.0,18.0288
2025-03-12,2025-07-18,128,4.0,30.0481
2025-03-12,2025-10-17,219,4.0,36.6587
2025-03-12,2026-01-16,310,4.0,43.8702
2025-03-13,2025-03-21,8,4.0,10.1675
2025-03-13,2025-04-17,35,4.0,16.7464
2025-03-13,2025-07-18,127,4.0,31.1005
2025-03-13,2025-10-17,218,4.0,38.2775
2025-03-13,2026-01-16,309,4.0,45.4545
2025-03-13,2027-01-15,673,4.0,67.5837
2025-03-14,2025-03-21,7,4.0,7.8692
2025-03-14,2025-04-17,34,4.0,14.5278
2025-03-14,2025-07-18,126,4.0,29.0557
2025-03-14,2025-10-17,217,4.0,37.5303
2025-03-14,2026-01-16,308,4.0,45.3995
2025-03-14,2027-01-15,672,4.0,59.9274
2025-03-17,2025-03-21,4,4.0,9.7701
2025-03-17,2025-04-17,31,4.0,18.3908
2025-03-17,2025-07-18,123,4.0,28.7356
2025-03-17,2025-10-17,214,4.0,37.3563
2025-03-17,2026-01-16,305,4.0,44.8276
2025-03-17,2027-01-15,669,4.0,71.1494
2025-03-18,2025-03-21,3,4.0,7.6471
2025-03-18,2025-04-17,30,4.0,16.4706
2025-03-18,2025-07-18,122,4.0,30.5882
2025-03-18,2025-10-17,213,4.0,38.2353
2025-03-18,2026-01-16,304,4.0,42.9412
2025-03-18,2027-01-15,668,4.0,74.1176
2025-03-19,2025-03-21,2,4.0,7.7103
2025-03-19,2025-04-17,29,4.0,15.771
2025-03-19,2025-07-18,121,4.0,31.5421
2025-03-19,2025-10-17,212,4.0,36.215
2025-03-19,2026-01-16,303,4.0,43.8084
2025-03-19,2027-01-15,667,4.0,62.5
2025-03-20,2025-03-21,1,4.0,8.5057
2025-03-20,2025-04-17,28,4.0,16.092
2025-03-20,2025-05-16,57,4.0,19.5402
2025-03-20,2025-07-18,120,4.0,28.1609
2025-03-20,2025-10-17,211,4.0,36.2069
2025-03-20,2026-01-16,302,4.0,43.6782
2025-03-20,2027-01-15,666,4.0,60.9195
2025-03-21,2025-04-17,27,4.0,15.4817
2025-03-21,2025-05-16,56,4.0,21.5596
2025-03-21,2025-07-18,119,4.0,28.6697
2025-03-21,2025-10-17,210,4.0,36.1239
2025-03-21,2026-01-16,301,4.0,43.578
2025-03-21,2027-01-15,665,4.0,64.2202
2025-03-24,2025-04-17,24,4.0,13.4033
2025-03-24,2025-05-16,53,4.0,18.648
2025-03-24,2025-07-18,116,4.0,26.8065
2025-03-24,2025-10-17,207,4.0,34.3823
2025-03-24,2026-01-16,298,4.0,42.5408
2025-03-24,2027-01-15,662,4.0,69.9301
2025-03-25,2025-04-17,23,4.0,12.5598
2025-03-25,2025-05-16,52,4.0,18.5407
2025-03-25,2025-07-18,115,4.0,25.1196
2025-03-25,2025-10-17,206,4.0,34.689
2025-03-25,2026-01-16,297,4.0,43.0622
2025-03-25,2027-01-15,661,4.0,96.2919
2025-03-26,2025-04-17,22,4.0,12.7119
2025-03-26,2025-05-16,51,4.0,18.7651
2025-03-26,2025-07-18,114,4.0,26.0291
2025-03-26,2025-10-17,205,4.0,35.7143
2025-03-26,2026-01-16,296,4.0,43.5835
2025-03-26,2027-01-15,660,4.0,69.6126
2025-03-27,2025-04-17,21,4.0,11.8159
2025-03-27,2025-05-16,50,4.0,17.4129
2025-03-27,2025-07-18,113,4.0,25.4975
2025-03-27,2025-10-17,204,4.0,36.0697
2025-03-27,2026-01-16,295,4.0,42.2886
2025-03-27,2027-01-15,659,4.0,71.5174
2025-03-28,2025-04-17,20,4.0,12.6667
2025-03-28,2025-05-16,49,4.0,20.0
2025-03-28,2025-07-18,112,4.0,29.3333
2025-03-28,2025-10-17,203,4.0,38.6667
2025-03-28,2026-01-16,294,4.0,42.6667
2025-03-28,2027-01-15,658,4.0,80.6667
2025-03-31,2025-04-17,17,4.0,13.4048
2025-03-31,2025-05-16,46,4.0,19.437
2025-03-31,2025-07-18,109,4.0,28.8204
2025-03-31,2025-10-17,200,4.0,39.5442
2025-03-31,2026-01-16,291,4.0,46.2466
2025-03-31,2027-01-15,655,4.0,84.4504
2025-04-01,2025-04-17,16,4.0,13.624
2025-04-01,2025-05-16,45,4.0,20.436
2025-04-01,2025-07-18,108,4.0,29.9728
2025-04-01,2025-10-17,199,4.0,39.5095
2025-04-01,2026-01-16,290,4.0,46.3215
2025-04-01,2027-01-15,654,4.0,79.0191
2025-04-02,2025-04-17,15,4.0,12.5995
2025-04-02,2025-05-16,44,4.0,19.2308
2025-04-02,2025-07-18,107,4.0,26.5252
2025-04-02,2025-10-17,198,4.0,37.7984
2025-04-02,2026-01-16,289,4.0,45.0928
2025-04-02,2027-01-15,653,4.0,83.5544
2025-04-03,2025-04-17,14,4.0,14.4628
2025-04-03,2025-05-16,43,4.0,23.416
2025-04-03,2025-07-18,106,4.0,30.9917
2025-04-03,2025-10-17,197,4.0,39.9449
2025-04-03,2026-01-16,288,4.0,48.2094
2025-04-03,2027-01-15,652,4.0,53.719
2025-04-04,2025-04-17,13,3.0,18.1159
2025-04-04,2025-05-16,42,3.0,25.3623
2025-04-04,2025-07-18,105,3.0,31.8841
2025-04-04,2025-10-17,196,3.0,38.4058
2025-04-04,2026-01-16,287,3.0,46.3768
2025-04-04,2027-01-15,651,3.0,56.5217
2025-04-07,2025-04-17,10,3.0,19.4203
2025-04-07,2025-05-16,39,3.0,23.913
2025-04-07,2025-07-18,102,3.0,31.8841
2025-04-07,2025-10-17,193,3.0,39.1304
2025-04-07,2026-01-16,284,3.0,49.2754
2025-04-07,2027-01-15,648,3.0,66.6667
2025-04-08,2025-04-17,9,3.0,15.9884
2025-04-08,2025-05-16,38,3.0,21.8023
2025-04-08,2025-07-18,101,3.0,30.5233
2025-04-08,2025-10-17,192,3.0,39.2442
2025-04-08,2026-01-16,283,3.0,46.5116
2025-04-08,2027-01-15,647,3.0,86.4826
2025-04-09,2025-04-17,8,4.0,10.4987
2025-04-09,2025-05-16,37,4.0,19.0289
2025-04-09,2025-07-18,100,4.0,28.2152
2025-04-09,2025-10-17,191,4.0,37.4016
2025-04-09,2026-01-16,282,4.0,43.9633
2025-04-09,2027-01-15,646,4.0,69.5538
2025-04-10,2025-04-17,7,4.0,10.5541
2025-04-10,2025-05-16,36,4.0,21.1082
2025-04-10,2025-07-18,99,4.0,29.0237
2025-04-10,2025-10-17,190,4.0,39.5778
2025-04-10,2026-01-16,281,4.0,44.1953
2025-04-10,2027-01-15,645,4.0,80.4749
2025-04-11,2025-04-17,6,4.0,7.9075
2025-04-11,2025-05-16,35,4.0,18.2482
2025-04-11,2025-07-18,98,4.0,26.764
2025-04-11,2025-10-17,189,4.0,37.1046
2025-04-11,2026-01-16,280,4.0,42.5791
2025-04-11,2027-01-15,644,4.0,59.0024
2025-04-14,2025-04-17,3,4.0,8.2353
2025-04-14,2025-05-16,32,4.0,18.2353
2025-04-14,2025-07-18,95,4.0,27.6471
2025-04-14,2025-10-17,186,4.0,36.4706
2025-04-14,2026-01-16,277,4.0,42.9412
2025-04-14,2027-01-15,641,4.0,61.7647
2025-04-15,2025-04-17,2,4.0,4.4794
2025-04-15,2025-05-16,31,4.0,18.1598
2025-04-15,2025-07-18,94,4.0,26.6344
2025-04-15,2025-10-17,185,4.0,35.7143
2025-04-15,2026-01-16,276,4.0,43.5835
2025-04-16,2025-04-17,1,4.0,10.4966
2025-04-16,2025-05-16,30,4.0,18.623
2025-04-16,2025-07-18,93,4.0,27.088
2025-04-16,2025-10-17,184,4.0,36.6817
2025-04-16,2026-01-16,275,4.0,43.4537
2025-04-16,2027-01-15,639,4.0,62.0768
2025-04-17,2025-05-16,29,5.0,21.7172
2025-04-17,2025-06-20,64,5.0,25.2525
2025-04-17,2025-07-18,92,5.0,31.3131
2025-04-17,2025-10-17,183,5.0,42.4242
2025-04-17,2026-01-16,274,5.0,46.9697
2025-04-17,2027-01-15,638,5.0,66.6667
2025-04-21,2025-05-16,25,4.0,20.6013
2025-04-21,2025-06-20,60,4.0,26.7261
2025-04-21,2025-07-18,88,4.0,30.6236
2025-04-21,2025-10-17,179,4.0,38.9755
2025-04-21,2026-01-16,270,4.0,43.9866
2025-04-21,2027-01-15,634,4.0,64.588
2025-04-22,2025-05-16,24,4.0,18.9655
2025-04-22,2025-06-20,59,4.0,25.8621
2025-04-22,2025-07-18,87,4.0,30.4598
2025-04-22,2025-10-17,178,4.0,37.931
2025-04-22,2026-01-16,269,4.0,44.2529
2025-04-22,2027-01-15,633,4.0,70.6897
2025-04-23,2025-05-16,23,4.0,19.5312
2025-04-23,2025-06-20,58,4.0,25.1116
2025-04-23,2025-07-18,86,4.0,28.4598
2025-04-23,2025-10-17,177,4.0,37.3884
2025-04-23,2026-01-16,268,4.0,44.0848
2025-04-23,2027-01-15,632,4.0,66.9643
2025-04-24,2025-05-02,8,5.0,10.395
2025-04-24,2025-05-09,15,5.0,14.553
2025-04-24,2025-05-16,22,5.0,17.1518
2025-04-24,2025-05-23,29,5.0,18.1913
2025-04-24,2025-05-30,36,5.0,20.2703
2025-04-24,2025-06-06,43,5.0,21.8295
2025-04-24,2025-06-20,57,5.0,23.3888
2025-04-24,2025-07-18,85,5.0,29.106
2025-04-24,2025-10-17,176,5.0,37.422
2025-04-24,2026-01-16,267,5.0,43.1393
2025-04-24,2027-01-15,631,5.0,66.0083
2025-04-25,2025-05-02,7,4.5,9.4235
2025-04-25,2025-05-09,14,4.5,13.3038
2025-04-25,2025-05-16,21,4.5,15.5211
2025-04-25,2025-05-23,28,4.5,19.9557
2025-04-25,2025-05-30,35,4.5,21.0643
2025-04-25,2025-06-06,42,4.5,21.0643
2025-04-25,2025-06-20,56,5.0,27.1619
2025-04-25,2025-07-18,84,5.0,30.4878
2025-04-25,2025-10-17,175,5.0,39.9113
2025-04-25,2026-01-16,266,5.0,48.2262
2025-04-25,2027-01-15,630,5.0,68.7361
2025-04-28,2025-05-02,4,4.5,8.6768
2025-04-28,2025-05-09,11,4.5,13.0152
2025-04-28,2025-05-16,18,4.5,16.8113
2025-04-28,2025-05-23,25,4.5,17.3536
2025-04-28,2025-05-30,32,4.5,19.5228
2025-04-28,2025-06-06,39,4.5,20.6074
2025-04-28,2025-06-20,53,5.0,24.9458
2025-04-28,2025-07-18,81,5.0,28.7419
2025-04-28,2025-10-17,172,5.0,37.961
2025-04-28,2026-01-16,263,5.0,44.4685
2025-04-28,2027-01-15,627,5.0,68.872
2025-04-29,2025-05-02,3,4.5,8.427
2025-04-29,2025-05-09,10,4.5,11.236
2025-04-29,2025-05-16,17,4.5,15.1685
2025-04-29,2025-05-23,24,4.5,16.8539
2025-04-29,2025-05-30,31,4.5,17.4157
2025-04-29,2025-06-06,38,4.5,21.3483
2025-04-29,2025-06-20,52,4.0,23.5955
2025-04-29,2025-07-18,80,4.0,27.5281
2025-04-29,2025-10-17,171,4.0,35.9551
2025-04-29,2026-01-16,262,4.0,42.1348
2025-04-29,2027-01-15,626,4.0,62.9214
2025-04-30,2025-05-02,2,4.5,7.7434
2025-04-30,2025-05-09,9,4.5,12.7212
2025-04-30,2025-05-16,16,4.5,14.9336
2025-04-30,2025-05-23,23,4.5,17.6991
2025-04-30,2025-05-30,30,4.5,15.4867
2025-04-30,2025-06-06,37,4.5,21.0177
2025-04-30,2025-06-20,51,5.0,24.3363
2025-04-30,2025-07-18,79,5.0,29.3142
2025-04-30,2025-10-17,170,5.0,41.4823
2025-04-30,2026-01-16,261,5.0,45.9071
2025-04-30,2027-01-15,625,5.0,68.031
2025-05-01,2025-05-02,1,4.5,10.989
2025-05-01,2025-05-09,8,4.5,10.4396
2025-05-01,2025-05-16,15,4.5,14.8352
2025-05-01,2025-05-23,22,4.5,15.9341
2025-05-01,2025-05-30,29,4.5,18.1319
2025-05-01,2025-06-06,36,4.5,19.2308
2025-05-01,2025-06-20,50,5.0,25.2747
2025-05-01,2025-07-18,78,5.0,28.5714
2025-05-01,2025-10-17,169,5.0,39.011
2025-05-01,2026-01-16,260,5.0,48.9011
2025-05-01,2027-01-15,624,5.0,68.6813
2025-05-02,2025-05-09,7,4.5,10.7991
2025-05-02,2025-05-16,14,4.5,13.4989
2025-05-02,2025-05-23,21,4.5,16.7387
2025-05-02,2025-05-30,28,4.5,17.8186
2025-05-02,2025-06-06,35,4.5,18.8985
2025-05-02,2025-06-13,42,4.5,21.5983
2025-05-02,2025-06-20,49,5.0,24.838
2025-05-02,2025-07-18,77,5.0,28.6177
2025-05-02,2025-10-17,168,5.0,37.797
2025-05-02,2026-01-16,259,5.0,44.8164
2025-05-02,2027-01-15,623,5.0,67.4946
2025-05-05,2025-05-09,4,4.5,8.83
2025-05-05,2025-05-16,11,4.5,12.1413
2025-05-05,2025-05-23,18,4.5,14.9007
2025-05-05,2025-05-30,25,4.5,17.66
2025-05-05,2025-06-06,32,4.5,18.7638
2025-05-05,2025-06-13,39,4.5,20.4194
2025-05-05,2025-06-20,46,5.0,23.1788
2025-05-05,2025-07-18,74,5.0,28.6976
2025-05-05,2025-10-17,165,5.0,38.0795
2025-05-05,2026-01-16,256,5.0,45.8057
2025-05-05,2027-01-15,620,5.0,63.4658
2025-05-06,2025-05-09,3,4.5,10.7375
2025-05-06,2025-05-16,10,4.5,14.0998
2025-05-06,2025-05-23,17,4.5,16.8113
2025-05-06,2025-05-30,24,4.5,18.9805
2025-05-06,2025-06-06,31,4.5,18.9805
2025-05-06,2025-06-13,38,4.5,20.6074
2025-05-06,2025-06-20,45,5.0,24.4035
2025-05-06,2025-07-18,73,5.0,26.5727
2025-05-06,2025-10-17,164,5.0,37.4187
2025-05-06,2026-01-16,255,5.0,44.4685
2025-05-06,2027-01-15,619,5.0,65.0759
2025-05-07,2025-05-09,2,5.0,10.5263
2025-05-07,2025-05-16,9,5.0,13.6842
2025-05-07,2025-05-23,16,5.0,16.3158
2025-05-07,2025-05-30,23,5.0,16.3158
2025-05-07,2025-06-06,30,5.0,19.4737
2025-05-07,2025-06-13,37,5.0,22.6316
2025-05-07,2025-06-20,44,5.0,22.6316
2025-05-07,2025-07-18,72,5.0,27.3684
2025-05-07,2025-10-17,163,5.0,36.3158
2025-05-07,2026-01-16,254,5.0,45.2632
2025-05-07,2027-01-15,618,5.0,72.1053
2025-05-08,2025-05-09,1,5.0,6.8277
2025-05-08,2025-05-16,8,5.0,11.0294
2025-05-08,2025-05-23,15,5.0,13.6555
2025-05-08,2025-05-30,22,5.0,15.7563
2025-05-08,2025-06-06,29,5.0,17.8571
2025-05-08,2025-06-13,36,5.0,19.4328
2025-05-08,2025-06-20,43,5.0,21.5336
2025-05-08,2025-06-27,50,5.0,23.1092
2025-05-08,2025-07-18,71,5.0,25.7353
2025-05-08,2025-10-17,162,5.0,35.1891
2025-05-08,2026-01-16,253,5.0,42.542
2025-05-08,2027-01-15,617,5.0,64.6008
2025-05-09,2025-05-16,7,5.0,9.4538
2025-05-09,2025-05-23,14,5.0,16.2815
2025-05-09,2025-05-30,21,5.0,16.2815
2025-05-09,2025-06-06,28,5.0,16.2815
2025-05-09,2025-06-13,35,5.0,19.4328
2025-05-09,2025-06-20,42,5.0,19.4328
2025-05-09,2025-06-27,49,5.0,22.0588
2025-05-09,2025-07-18,70,5.0,25.2101
2025-05-09,2025-10-17,161,5.0,36.2395
2025-05-09,2026-01-16,252,5.0,42.542
2025-05-12,2025-05-16,4,4.5,8.5837
2025-05-12,2025-05-23,11,4.5,13.412
2025-05-12,2025-05-30,18,4.5,13.412
2025-05-12,2025-06-06,25,4.5,14.485
2025-05-12,2025-06-13,32,4.5,16.0944
2025-05-12,2025-06-20,39,5.0,18.7768
2025-05-12,2025-06-27,46,4.5,18.7768
2025-05-12,2025-07-18,67,5.0,23.0687
2025-05-12,2025-10-17,158,5.0,33.7983
2025-05-12,2026-01-16,249,5.0,41.309
2025-05-12,2027-01-15,613,5.0,63.8412
2025-05-13,2025-05-16,3,4.5,4.9779
2025-05-13,2025-05-23,10,4.5,8.8496
2025-05-13,2025-05-30,17,4.5,12.7212
2025-05-13,2025-06-06,24,4.5,14.3805
2025-05-13,2025-06-13,31,4.5,16.5929
2025-05-13,2025-06-20,38,5.0,21.5708
2025-05-13,2025-06-27,45,4.5,18.8053
2025-05-13,2025-07-18,66,5.0,24.3363
2025-05-13,2025-10-17,157,5.0,35.3982
2025-05-13,2026-01-16,248,5.0,42.5885
2025-05-13,2027-01-15,612,5.0,65.8186
2025-05-14,2025-05-16,2,4.5,6.674
2025-05-14,2025-05-23,9,4.5,8.7527
2025-05-14,2025-05-30,16,4.5,10.9409
2025-05-14,2025-06-06,23,4.5,13.6761
2025-05-14,2025-06-13,30,4.5,15.8643
2025-05-14,2025-06-20,37,5.0,19.6937
2025-05-14,2025-06-27,44,4.5,18.0525
2025-05-14,2025-07-18,65,5.0,23.523
2025-05-14,2025-10-17,156,5.0,35.558
2025-05-14,2026-01-16,247,5.0,41.5755
2025-05-14,2027-01-15,611,5.0,63.4573
2025-05-15,2025-05-16,1,4.5,5.0448
2025-05-15,2025-05-23,8,4.5,9.5291
2025-05-15,2025-05-30,15,4.5,11.7713
2025-05-15,2025-06-06,22,4.5,14.574
2025-05-15,2025-06-13,29,4.5,17.3767
2025-05-15,2025-06-20,36,4.0,18.4978
2025-05-15,2025-06-27,43,4.5,16.8161
2025-05-15,2025-07-18,64,4.0,22.4215
2025-05-15,2025-10-17,155,4.0,30.2691
2025-05-15,2026-01-16,246,4.0,43.722
2025-05-15,2027-01-15,610,4.0,75.6726
2025-05-16,2025-05-23,7,4.5,8.0092
2025-05-16,2025-05-30,14,4.5,10.2975
2025-05-16,2025-06-06,21,4.5,13.1579
2025-05-16,2025-06-13,28,4.5,15.4462
2025-05-16,2025-06-20,35,4.0,16.5904
2025-05-16,2025-06-27,42,4.5,18.3066
2025-05-16,2025-07-18,63,4.0,21.7391
2025-05-16,2025-10-17,154,4.0,31.4645
2025-05-16,2026-01-16,245,4.0,39.4737
2025-05-16,2027-01-15,609,4.0,61.7849
2025-05-19,2025-05-23,4,4.5,8.6207
2025-05-19,2025-05-30,11,4.5,9.1954
2025-05-19,2025-06-06,18,4.5,13.2184
2025-05-19,2025-06-13,25,4.5,16.092
2025-05-19,2025-06-20,32,4.5,16.092
2025-05-19,2025-06-27,39,4.5,16.6667
2025-05-19,2025-07-18,60,4.0,18.9655
2025-05-19,2025-10-17,151,4.0,32.1839
2025-05-19,2026-01-16,242,4.0,39.0805
2025-05-19,2027-01-15,606,4.0,79.3103
2025-05-20,2025-05-23,3,4.5,6.25
2025-05-20,2025-05-30,10,4.5,7.9545
2025-05-20,2025-06-06,17,4.5,12.5
2025-05-20,2025-06-13,24,4.5,12.5
2025-05-20,2025-06-20,31,4.5,14.7727
2025-05-20,2025-06-27,38,4.5,15.3409
2025-05-20,2025-07-18,59,4.0,18.1818
2025-05-20,2025-10-17,150,4.0,30.6818
2025-05-20,2026-01-16,241,4.0,39.2045
2025-05-20,2027-01-15,605,4.0,58.5227
2025-05-21,2025-05-23,2,4.5,4.4643
2025-05-21,2025-05-30,9,4.5,6.6964
2025-05-21,2025-06-06,16,4.5,12.2768
2025-05-21,2025-06-13,23,4.5,12.8348
2025-05-21,2025-06-20,30,4.5,16.183
2025-05-21,2025-06-27,37,4.5,15.625
2025-05-21,2025-07-18,58,4.0,21.7634
2025-05-21,2025-10-17,149,4.0,32.3661
2025-05-21,2026-01-16,240,4.0,36.8304
2025-05-21,2027-01-15,604,4.0,59.7098
2025-05-22,2025-05-23,1,4.5,3.3333
2025-05-22,2025-05-30,8,4.5,7.2222
2025-05-22,2025-06-06,15,4.5,10.5556
2025-05-22,2025-06-13,22,4.5,13.8889
2025-05-22,2025-06-20,29,4.5,15.0
2025-05-22,2025-06-27,36,4.5,17.2222
2025-05-22,2025-07-03,42,4.5,17.7778
2025-05-22,2025-07-18,57,4.0,22.2222
2025-05-22,2025-10-17,148,5.0,33.8889
2025-05-22,2026-01-16,239,5.0,42.2222
2025-05-22,2027-01-15,603,4.0,61.1111
2025-05-23,2025-05-30,7,5.5,10.1852
2025-05-23,2025-06-06,14,5.5,13.8889
2025-05-23,2025-06-13,21,5.5,16.2037
2025-05-23,2025-06-20,28,5.5,18.5185
2025-05-23,2025-06-27,35,5.5,19.9074
2025-05-23,2025-07-03,41,5.5,21.2963
2025-05-23,2025-07-18,56,5.0,23.1481
2025-05-23,2025-10-17,147,5.0,32.4074
2025-05-23,2026-01-16,238,5.0,40.2778
2025-05-23,2027-01-15,602,5.0,68.5185
2025-05-27,2025-05-30,3,5.5,7.7982
2025-05-27,2025-06-06,10,5.5,11.4679
2025-05-27,2025-06-13,17,5.5,12.844
2025-05-27,2025-06-20,24,5.5,16.055
2025-05-27,2025-06-27,31,5.5,16.9725
2025-05-27,2025-07-03,37,5.5,18.3486
2025-05-27,2025-07-18,52,5.0,21.5596
2025-05-27,2025-10-17,143,5.0,31.1927
2025-05-27,2026-01-16,234,5.0,39.4495
2025-05-27,2027-01-15,598,5.0,61.9266
2025-05-28,2025-05-30,2,5.5,7.9887
2025-05-28,2025-06-06,9,5.5,11.2782
2025-05-28,2025-06-13,16,5.5,12.688
2025-05-28,2025-06-20,23,5.5,15.0376
2025-05-28,2025-06-27,30,5.5,17.8571
2025-05-28,2025-07-03,36,5.5,19.7368
2025-05-28,2025-07-18,51,5.0,21.1466
2025-05-28,2025-10-17,142,5.0,31.9549
2025-05-28,2026-01-16,233,5.0,38.0639
2025-05-28,2027-01-15,597,5.0,68.609
2025-05-29,2025-05-30,1,5.0,4.4732
2025-05-29,2025-06-06,8,5.0,9.4433
2025-05-29,2025-06-13,15,5.0,11.9284
2025-05-29,2025-06-20,22,5.0,12.9225
2025-05-29,2025-06-27,29,5.0,15.9046
2025-05-29,2025-07-03,35,5.0,17.3956
2025-05-29,2025-07-11,43,5.0,18.3897
2025-05-29,2025-07-18,50,5.0,20.3777
2025-05-29,2025-10-17,141,5.0,31.3121
2025-05-29,2026-01-16,232,5.0,38.7674
2025-05-29,2027-01-15,596,5.0,75.0497
2025-05-30,2025-06-06,7,5.0,8.6912
2025-05-30,2025-06-13,14,5.0,11.7587
2025-05-30,2025-06-20,21,5.0,14.3149
2025-05-30,2025-06-27,28,5.0,15.8487
2025-05-30,2025-07-03,34,5.0,16.3599
2025-05-30,2025-07-11,42,5.0,19.4274
2025-05-30,2025-07-18,49,5.0,21.4724
2025-05-30,2025-10-17,140,5.0,32.2086
2025-05-30,2026-01-16,231,5.0,37.8323
2025-05-30,2027-01-15,595,5.0,63.9059
2025-06-02,2025-06-06,4,5.0,7.7002
2025-06-02,2025-06-13,11,5.0,10.2669
2025-06-02,2025-06-20,18,5.0,12.3203
2025-06-02,2025-06-27,25,5.0,15.4004
2025-06-02,2025-07-03,31,5.0,16.9405
2025-06-02,2025-07-11,39,5.0,16.4271
2025-06-02,2025-07-18,46,5.0,20.0205
2025-06-02,2025-10-17,137,5.0,31.8275
2025-06-02,2026-01-16,228,5.0,39.0144
2025-06-02,2027-01-15,592,5.0,62.115
2025-06-03,2025-06-06,3,5.5,7.1685
2025-06-03,2025-06-13,10,5.5,11.2007
2025-06-03,2025-06-20,17,5.5,12.9928
2025-06-03,2025-06-27,24,5.5,15.233
2025-06-03,2025-07-03,30,5.5,17.4731
2025-06-03,2025-07-11,38,5.5,18.8172
2025-06-03,2025-07-18,45,6.0,22.4014
2025-06-03,2025-10-17,136,6.0,34.0502
2025-06-03,2026-01-16,227,6.0,40.7706
2025-06-03,2027-01-15,591,5.0,60.4839
2025-06-04,2025-06-06,2,5.5,6.993
2025-06-04,2025-06-13,9,5.5,11.3636
2025-06-04,2025-06-20,16,5.5,12.2378
2025-06-04,2025-06-27,23,5.5,15.7343
2025-06-04,2025-07-03,29,5.5,17.4825
2025-06-04,2025-07-11,37,5.5,19.6678
2025-06-04,2025-07-18,44,6.0,20.979
2025-06-04,2025-10-17,135,6.0,32.3427
2025-06-04,2026-01-16,226,6.0,38.8986
2025-06-04,2027-01-15,590,5.0,58.1294
2025-06-05,2025-06-06,1,5.5,4.0323
2025-06-05,2025-06-13,8,5.5,9.4086
2025-06-05,2025-06-20,15,5.5,12.5448
2025-06-05,2025-06-27,22,5.5,15.233
2025-06-05,2025-07-03,28,5.5,16.129
2025-06-05,2025-07-11,36,5.5,17.4731
2025-06-05,2025-07-18,43,6.0,21.5054
2025-06-05,2025-07-25,50,5.5,21.5054
2025-06-05,2025-10-17,134,6.0,32.2581
2025-06-05,2026-01-16,225,6.0,39.4265
2025-06-05,2027-01-15,589,5.0,58.2437
2025-06-06,2025-06-13,7,5.5,7.3126
2025-06-06,2025-06-20,14,5.5,10.9689
2025-06-06,2025-06-27,21,5.5,14.1682
2025-06-06,2025-07-03,27,5.5,15.5393
2025-06-06,2025-07-11,35,5.5,18.7386
2025-06-06,2025-07-18,42,5.0,19.1956
2025-06-06,2025-07-25,49,5.5,20.1097
2025-06-06,2025-10-17,133,5.0,30.6216
2025-06-06,2026-01-16,224,5.0,37.9342
2025-06-06,2027-01-15,588,5.0,58.5009
2025-06-09,2025-06-13,4,5.5,7.9646
2025-06-09,2025-06-20,11,5.5,10.6195
2025-06-09,2025-06-27,18,5.5,13.2743
2025-06-09,2025-07-03,24,5.5,14.6018
2025-06-09,2025-07-11,32,5.5,16.3717
2025-06-09,2025-07-18,39,6.0,19.469
2025-06-09,2025-07-25,46,5.5,19.469
2025-06-09,2025-10-17,130,6.0,30.9735
2025-06-09,2026-01-16,221,6.0,38.4956
2025-06-09,2027-01-15,585,5.0,56.1947
2025-06-10,2025-06-13,3,5.5,6.5299
2025-06-10,2025-06-20,10,5.5,10.2612
2025-06-10,2025-06-27,17,5.5,13.0597
2025-06-10,2025-07-03,23,5.5,14.9254
2025-06-10,2025-07-11,31,5.5,15.3918
2025-06-10,2025-07-18,38,5.0,18.1903
2025-06-10,2025-07-25,45,5.5,19.5896
2025-06-10,2025-10-17,129,5.0,30.7836
2025-06-10,2026-01-16,220,5.0,37.3134
2025-06-10,2027-01-15,584,5.0,62.5
2025-06-11,2025-06-13,2,5.5,6.4695
2025-06-11,2025-06-20,9,5.5,9.2421
2025-06-11,2025-06-27,16,5.5,12.0148
2025-06-11,2025-07-03,22,5.5,14.3253
2025-06-11,2025-07-11,30,5.5,16.1738
2025-06-11,2025-07-18,37,5.0,18.9464
2025-06-11,2025-07-25,44,5.5,19.8706
2025-06-11,2025-10-17,128,5.0,29.5749
2025-06-11,2026-01-16,219,5.0,37.4307
2025-06-11,2027-01-15,583,5.0,58.2255
2025-06-12,2025-06-13,1,5.5,5.121
2025-06-12,2025-06-20,8,5.5,8.8454
2025-06-12,2025-06-27,15,5.5,11.6387
2025-06-12,2025-07-03,21,5.5,12.1043
2025-06-12,2025-07-11,29,5.5,16.2942
2025-06-12,2025-07-18,36,5.0,17.6909
2025-06-12,2025-07-25,43,5.5,19.5531
2025-06-12,2025-10-17,127,5.0,31.1918
2025-06-12,2026-01-16,218,5.0,37.2439
2025-06-12,2027-01-15,582,5.0,58.1937
2025-06-13,2025-06-20,7,5.5,8.452
2025-06-13,2025-06-27,14,5.5,12.4555
2025-06-13,2025-07-03,20,5.5,14.6797
2025-06-13,2025-07-11,28,5.5,19.1281
2025-06-13,2025-07-18,35,6.0,20.4626
2025-06-13,2025-07-25,42,5.5,20.0178
2025-06-13,2025-08-01,49,5.5,21.3523
2025-06-13,2025-10-17,126,6.0,33.8078
2025-06-13,2026-01-16,217,6.0,43.1495
2025-06-13,2027-01-15,581,5.0,61.3879
2025-06-16,2025-06-20,4,6.0,8.1897
2025-06-16,2025-06-27,11,6.0,12.5
2025-06-16,2025-07-03,17,6.0,15.5172
2025-06-16,2025-07-11,25,6.0,17.2414
2025-06-16,2025-07-18,32,6.0,19.3966
2025-06-16,2025-07-25,39,6.0,20.6897
2025-06-16,2025-08-01,46,6.0,21.9828
2025-06-16,2025-10-17,123,6.0,33.1897
2025-06-16,2026-01-16,214,6.0,41.3793
2025-06-16,2027-01-15,578,5.0,59.4828
2025-06-17,2025-06-20,3,6.0,5.9524
2025-06-17,2025-06-27,10,6.0,11.9048
2025-06-17,2025-07-03,16,6.0,14.881
2025-06-17,2025-07-11,24,6.0,17.0068
2025-06-17,2025-07-18,31,6.0,18.7075
2025-06-17,2025-07-25,38,6.0,21.2585
2025-06-17,2025-08-01,45,6.0,22.1088
2025-06-17,2025-10-17,122,6.0,33.1633
2025-06-17,2026-01-16,213,6.0,42.0918
2025-06-17,2027-01-15,577,5.0,59.5238
2025-06-18,2025-06-20,2,6.0,6.4991
2025-06-18,2025-06-27,9,6.0,11.2652
2025-06-18,2025-07-03,15,6.0,13.8648
2025-06-18,2025-07-11,23,6.0,15.5979
2025-06-18,2025-07-18,30,6.0,19.0641
2025-06-18,2025-07-25,37,6.0,20.7972
2025-06-18,2025-08-01,44,6.0,21.6638
2025-06-18,2025-08-15,58,6.0,24.6967
2025-06-18,2025-10-17,121,6.0,33.7955
2025-06-18,2026-01-16,212,6.0,40.2946
2025-06-18,2027-01-15,576,5.0,58.9255
2025-06-20,2025-06-27,7,5.5,9.7043
2025-06-20,2025-07-03,13,5.5,12.4769
2025-06-20,2025-07-11,21,5.5,14.3253
2025-06-20,2025-07-18,28,5.0,16.6359
2025-06-20,2025-07-25,35,5.5,18.0222
2025-06-20,2025-08-01,42,5.5,20.3327
2025-06-20,2025-08-15,56,5.0,22.6433
2025-06-20,2025-10-17,119,5.0,30.9612
2025-06-20,2026-01-16,210,5.0,39.7412
2025-06-20,2027-01-15,574,5.0,63.3087
2025-06-23,2025-06-27,4,5.5,7.2993
2025-06-23,2025-07-03,10,5.5,10.9489
2025-06-23,2025-07-11,18,5.5,12.3175
2025-06-23,2025-07-18,25,5.5,14.5985
2025-06-23,2025-07-25,32,5.5,16.8796
2025-06-23,2025-08-01,39,5.5,19.6168
2025-06-23,2025-08-15,53,5.0,22.8102
2025-06-23,2025-10-17,116,5.0,30.5657
2025-06-23,2026-01-16,207,5.0,39.6898
2025-06-23,2027-01-15,571,5.0,62.0438
2025-06-24,2025-06-27,3,5.5,6.1947
2025-06-24,2025-07-03,9,5.5,9.292
2025-06-24,2025-07-11,17,5.5,11.9469
2025-06-24,2025-07-18,24,5.5,14.6018
2025-06-24,2025-07-25,31,5.5,16.3717
2025-06-24,2025-08-01,38,5.5,17.6991
2025-06-24,2025-08-15,52,6.0,20.7965
2025-06-24,2025-10-17,115,6.0,30.9735
2025-06-24,2026-01-16,206,6.0,40.708
2025-06-24,2027-01-15,570,5.0,59.7345
2025-06-25,2025-06-27,2,5.5,4.902
2025-06-25,2025-07-03,8,5.5,8.467
2025-06-25,2025-07-11,16,5.5,11.1408
2025-06-25,2025-07-18,23,5.5,13.8146
2025-06-25,2025-07-25,30,5.5,17.8253
2025-06-25,2025-08-01,37,5.5,16.934
2025-06-25,2025-08-15,51,6.0,20.4991
2025-06-25,2025-10-17,114,6.0,30.7487
2025-06-25,2026-01-16,205,6.0,38.3244
2025-06-25,2027-01-15,569,5.0,61.0517
2025-06-26,2025-06-27,1,6.0,3.8136
2025-06-26,2025-07-03,7,6.0,6.7797
2025-06-26,2025-07-11,15,6.0,10.5932
2025-06-26,2025-07-18,22,6.0,13.1356
2025-06-26,2025-07-25,29,6.0,15.678
2025-06-26,2025-08-01,36,6.0,16.9492
2025-06-26,2025-08-08,43,6.0,19.9153
2025-06-26,2025-08-15,50,6.0,19.4915
2025-06-26,2025-10-17,113,6.0,29.2373
2025-06-26,2026-01-16,204,6.0,41.1017
2025-06-26,2027-01-15,568,5.0,57.6271
2025-06-27,2025-07-03,6,5.5,6.3063
2025-06-27,2025-07-11,14,5.5,8.5586
2025-06-27,2025-07-18,21,5.5,11.7117
2025-06-27,2025-07-25,28,5.5,13.5135
2025-06-27,2025-08-01,35,5.5,15.3153
2025-06-27,2025-08-08,42,5.5,16.6667
2025-06-27,2025-08-15,49,6.0,22.0721
2025-06-27,2025-10-17,112,6.0,29.7297
2025-06-27,2026-01-16,203,6.0,39.6396
2025-06-27,2027-01-15,567,5.0,58.5586
2025-06-30,2025-07-03,3,5.5,6.9565
2025-06-30,2025-07-11,11,5.5,9.1304
2025-06-30,2025-07-18,18,5.5,11.7391
2025-06-30,2025-07-25,25,6.0,13.4783
2025-06-30,2025-08-01,32,5.5,15.6522
2025-06-30,2025-08-08,39,5.5,17.3913
2025-06-30,2025-08-15,46,6.0,19.1304
2025-06-30,2025-10-17,109,6.0,29.1304
2025-06-30,2026-01-16,200,6.0,37.8261
2025-06-30,2027-01-15,564,5.0,55.6522
2025-07-01,2025-07-03,2,5.5,6.087
2025-07-01,2025-07-11,10,5.5,9.5652
2025-07-01,2025-07-18,17,5.5,11.3043
2025-07-01,2025-07-25,24,6.0,13.4783
2025-07-01,2025-08-01,31,5.5,14.7826
2025-07-01,2025-08-08,38,5.5,16.9565
2025-07-01,2025-08-15,45,6.0,18.6957
2025-07-01,2025-10-17,108,6.0,27.8261
2025-07-01,2026-01-16,199,6.0,38.2609
2025-07-01,2027-01-15,563,5.0,59.5652
2025-07-02,2025-07-03,1,6.5,3.5942
2025-07-02,2025-07-11,9,6.5,8.7859
2025-07-02,2025-07-18,16,6.5,11.5815
2025-07-02,2025-07-25,23,6.5,14.7764
2025-07-02,2025-08-01,30,6.5,15.9744
2025-07-02,2025-08-08,37,6.5,16.3738
2025-07-02,2025-08-15,44,6.0,18.77
2025-07-02,2025-10-17,107,6.0,27.9553
2025-07-02,2026-01-16,198,6.0,36.3419
2025-07-02,2027-01-15,562,7.0,55.1118
2025-07-03,2025-07-11,8,6.0,7.6985
2025-07-03,2025-07-18,15,6.0,10.1297
2025-07-03,2025-07-25,22,6.0,12.5608
2025-07-03,2025-08-01,29,6.0,14.5867
2025-07-03,2025-08-08,36,6.0,15.8023
2025-07-03,2025-08-15,43,6.0,17.8282
2025-07-03,2025-08-22,50,6.0,19.8541
2025-07-03,2025-10-17,106,6.0,27.1475
2025-07-03,2026-01-16,197,6.0,36.0616
2025-07-03,2027-01-15,561,7.0,63.6143
2025-07-07,2025-07-11,4,6.0,6.0877
2025-07-07,2025-07-18,11,6.0,9.7403
2025-07-07,2025-07-25,18,6.0,11.7695
2025-07-07,2025-08-01,25,6.0,13.7987
2025-07-07,2025-08-08,32,6.0,15.8279
2025-07-07,2025-08-15,39,6.0,17.0455
2025-07-07,2025-08-22,46,6.0,18.6688
2025-07-07,2025-10-17,102,6.0,26.3799
2025-07-07,2026-01-16,193,6.0,35.3084
2025-07-07,2027-01-15,557,7.0,62.9058
2025-07-08,2025-07-11,3,6.0,6.0034
2025-07-08,2025-07-18,10,6.0,9.434
2025-07-08,2025-07-25,17,6.0,12.0069
2025-07-08,2025-08-01,24,6.0,14.5798
2025-07-08,2025-08-08,31,6.0,16.295
2025-07-08,2025-08-15,38,6.0,18.0103
2025-07-08,2025-08-22,45,6.0,20.5832
2025-07-08,2025-10-17,101,6.0,27.4443
2025-07-08,2026-01-16,192,6.0,36.8782
2025-07-08,2027-01-15,556,5.0,54.8885
2025-07-09,2025-07-11,2,5.5,4.4723
2025-07-09,2025-07-18,9,5.5,8.0501
2025-07-09,2025-07-25,16,5.5,9.839
2025-07-09,2025-08-01,23,5.5,12.5224
2025-07-09,2025-08-08,30,5.5,14.7585
2025-07-09,2025-08-15,37,6.0,17.8891
2025-07-09,2025-08-22,44,5.5,17.4419
2025-07-09,2025-10-17,100,6.0,28.6225
2025-07-09,2026-01-16,191,6.0,37.5671
2025-07-09,2027-01-15,555,5.0,57.5134
2025-07-10,2025-07-11,1,6.5,3.8402
2025-07-10,2025-07-18,8,6.5,8.4485
2025-07-10,2025-07-25,15,6.5,12.2888
2025-07-10,2025-08-01,22,6.5,14.5929
2025-07-10,2025-08-08,29,6.5,16.5131
2025-07-10,2025-08-15,36,7.0,20.3533
2025-07-10,2025-08-22,43,6.5,19.5853
2025-07-10,2025-08-29,50,6.5,23.0415
2025-07-10,2025-10-17,99,7.0,28.8018
2025-07-10,2026-01-16,190,7.0,38.7865
2025-07-10,2027-01-15,554,7.0,60.6759
2025-07-11,2025-07-18,7,6.5,7.9545
2025-07-11,2025-07-25,14,6.5,11.3636
2025-07-11,2025-08-01,21,6.5,14.3939
2025-07-11,2025-08-08,28,6.5,16.6667
2025-07-11,2025-08-15,35,7.0,18.9394
2025-07-11,2025-08-22,42,6.5,19.3182
2025-07-11,2025-08-29,49,6.5,20.4545
2025-07-11,2025-10-17,98,7.0,28.7879
2025-07-11,2026-01-16,189,7.0,37.8788
2025-07-11,2027-01-15,553,7.0,61.7424
2025-07-14,2025-07-18,4,7.0,6.776
2025-07-14,2025-07-25,11,7.0,10.699
2025-07-14,2025-08-01,18,7.0,13.9087
2025-07-14,2025-08-08,25,7.0,16.4051
2025-07-14,2025-08-15,32,7.0,17.8317
2025-07-14,2025-08-22,39,7.0,18.9016
2025-07-14,2025-08-29,46,7.0,20.6847
2025-07-14,2025-10-17,95,7.0,27.4608
2025-07-14,2026-01-16,186,7.0,36.7332
2025-07-14,2027-01-15,550,7.0,59.9144
2025-07-15,2025-07-18,3,8.0,7.732
2025-07-15,2025-07-25,10,8.0,12.5644
2025-07-15,2025-08-01,17,8.0,15.7861
2025-07-15,2025-08-08,24,8.0,19.0077
2025-07-15,2025-08-15,31,8.0,20.6186
2025-07-15,2025-08-22,38,8.0,23.518
2025-07-15,2025-08-29,45,8.0,22.8737
2025-07-15,2025-10-17,94,8.0,29.6392
2025-07-15,2026-01-16,185,8.0,38.6598
2025-07-15,2027-01-15,549,7.0,64.7552
2025-07-16,2025-07-18,2,8.0,6.6748
2025-07-16,2025-07-25,9,8.0,12.1359
2025-07-16,2025-08-01,16,8.0,15.1699
2025-07-16,2025-08-08,23,8.0,17.5971
2025-07-16,2025-08-15,30,8.0,19.7209
2025-07-16,2025-08-22,37,8.0,20.9345
2025-07-16,2025-08-29,44,8.0,22.7549
2025-07-16,2025-10-17,93,8.0,29.733
2025-07-16,2026-01-16,184,8.0,38.835
2025-07-16,2027-01-15,548,7.0,58.8592
2025-07-17,2025-07-18,1,9.0,5.1856
2025-07-17,2025-07-25,8,9.0,12.0087
2025-07-17,2025-08-01,15,9.0,15.8297
2025-07-17,2025-08-08,22,9.0,18.0131
2025-07-17,2025-08-15,29,9.0,20.4694
2025-07-17,2025-08-22,36,9.0,22.3799
2025-07-17,2025-08-29,43,9.0,35.4803
2025-07-17,2025-09-19,64,9.0,28.1114
2025-07-17,2025-10-17,92,9.0,32.4782
2025-07-17,2026-01-16,183,9.0,41.4847
2025-07-17,2027-01-15,547,10.0,66.8668
2025-07-18,2025-07-25,7,9.5,11.485
2025-07-18,2025-08-01,14,9.5,15.4915
2025-07-18,2025-08-08,21,9.5,18.6966
2025-07-18,2025-08-15,28,9.0,20.5662
2025-07-18,2025-08-22,35,9.5,22.703
2025-07-18,2025-08-29,42,9.5,24.3056
2025-07-18,2025-09-19,63,9.0,27.7778
2025-07-18,2025-10-17,91,9.0,32.0513
2025-07-18,2026-01-16,182,9.0,40.8654
2025-07-18,2027-01-15,546,10.0,56.6239
2025-07-21,2025-07-25,4,9.0,9.2291
2025-07-21,2025-08-01,11,9.0,13.8436
2025-07-21,2025-08-08,18,9.0,17.101
2025-07-21,2025-08-15,25,9.0,19.2725
2025-07-21,2025-08-22,32,9.0,21.1726
2025-07-21,2025-08-29,39,9.0,25.2443
2025-07-21,2025-09-19,60,9.0,26.6015
2025-07-21,2025-10-17,88,9.0,30.9446
2025-07-21,2026-01-16,179,9.0,40.7166
2025-07-21,2027-01-15,543,10.0,67.861
2025-07-22,2025-07-25,3,9.0,7.337
2025-07-22,2025-08-01,10,9.0,12.7717
2025-07-22,2025-08-08,17,9.0,16.0326
2025-07-22,2025-08-15,24,9.0,18.2065
2025-07-22,2025-08-22,31,9.0,20.3804
2025-07-22,2025-08-29,38,9.0,22.2826
2025-07-22,2025-09-19,59,9.0,26.087
2025-07-22,2025-10-17,87,9.0,30.163
2025-07-22,2026-01-16,178,9.0,39.9457
2025-07-22,2027-01-15,542,10.0,67.9348
2025-07-23,2025-07-25,2,9.5,6.3291
2025-07-23,2025-08-01,9,9.5,11.6034
2025-07-23,2025-08-08,16,9.5,15.2954
2025-07-23,2025-08-15,23,9.5,17.9325
2025-07-23,2025-08-22,30,9.5,20.0422
2025-07-23,2025-08-29,37,9.5,22.1519
2025-07-23,2025-09-19,58,9.0,25.0527
2025-07-23,2025-10-17,86,9.0,30.0633
2025-07-23,2026-01-16,177,9.0,39.0295
2025-07-23,2027-01-15,541,10.0,65.4008
2025-07-24,2025-07-25,1,10.0,3.7651
2025-07-24,2025-08-01,8,10.0,11.0442
2025-07-24,2025-08-08,15,10.0,15.5622
2025-07-24,2025-08-15,22,10.0,18.5743
2025-07-24,2025-08-22,29,10.0,21.8373
2025-07-24,2025-08-29,36,10.0,24.3474
2025-07-24,2025-09-05,43,10.0,25.8534
2025-07-24,2025-09-19,57,10.0,28.8655
2025-07-24,2025-10-17,85,10.0,33.1325
2025-07-24,2026-01-16,176,10.0,42.1687
2025-07-24,2027-01-15,540,10.0,66.0141
2025-07-25,2025-08-01,7,10.0,9.2408
2025-07-25,2025-08-08,14,10.0,13.986
2025-07-25,2025-08-15,21,10.0,17.4825
2025-07-25,2025-08-22,28,10.0,21.2288
2025-07-25,2025-08-29,35,10.0,22.4775
2025-07-25,2025-09-05,42,10.0,23.976
2025-07-25,2025-09-19,56,10.0,27.7223
2025-07-25,2025-10-17,84,10.0,32.2178
2025-07-25,2026-01-16,175,10.0,41.958
2025-07-25,2027-01-15,539,10.0,64.6853
2025-07-28,2025-08-01,4,10.0,9.4622
2025-07-28,2025-08-08,11,10.0,14.6912
2025-07-28,2025-08-15,18,10.0,17.9283
2025-07-28,2025-08-22,25,10.0,20.9163
2025-07-28,2025-08-29,32,10.0,24.9004
2025-07-28,2025-09-05,39,10.0,24.1534
2025-07-28,2025-09-19,53,10.0,28.6355
2025-07-28,2025-10-17,81,10.0,33.3665
2025-07-28,2026-01-16,172,10.0,40.3386
2025-07-28,2027-01-15,536,10.0,62.998
2025-07-29,2025-08-01,3,9.5,7.9197
2025-07-29,2025-08-08,10,9.5,14.2555
2025-07-29,2025-08-15,17,9.5,17.9514
2025-07-29,2025-08-22,24,9.5,20.5913
2025-07-29,2025-08-29,31,9.5,22.7033
2025-07-29,2025-09-05,38,9.5,24.2872
2025-07-29,2025-09-19,52,9.0,26.9271
2025-07-29,2025-10-17,80,9.0,30.887
2025-07-29,2026-01-16,171,9.0,41.7107
2025-07-29,2027-01-15,535,10.0,69.6938
2025-07-30,2025-08-01,2,9.0,6.3117
2025-07-30,2025-08-08,9,9.0,13.4468
2025-07-30,2025-08-15,16,9.0,15.9166
2025-07-30,2025-08-22,23,9.0,19.4841
2025-07-30,2025-08-29,30,9.0,21.6795
2025-07-30,2025-09-05,37,9.0,23.8749
2025-07-30,2025-09-19,51,9.0,26.3447
2025-07-30,2025-10-17,79,9.0,31.8332
2025-07-30,2026-01-16,170,9.0,42.5357
2025-07-30,2027-01-15,534,10.0,70.5269
2025-07-31,2025-08-01,1,9.0,5.5005
2025-07-31,2025-08-08,8,9.0,12.1012
2025-07-31,2025-08-15,15,9.0,15.9516
2025-07-31,2025-08-22,22,9.0,18.9769
2025-07-31,2025-08-29,29,9.0,21.4521
2025-07-31,2025-09-05,36,9.0,23.3773
2025-07-31,2025-09-12,43,9.0,23.3773
2025-07-31,2025-09-19,50,9.0,26.4026
2025-07-31,2025-10-17,78,9.0,31.3531
2025-07-31,2026-01-16,169,9.0,42.0792
2025-07-31,2027-01-15,533,10.0,62.7063
2025-08-01,2025-08-08,7,9.0,12.1469
2025-08-01,2025-08-15,14,9.0,15.8192
2025-08-01,2025-08-22,21,9.0,19.209
2025-08-01,2025-08-29,28,9.0,22.3164
2025-08-01,2025-09-05,35,9.0,24.2938
2025-08-01,2025-09-12,42,9.0,25.9887
2025-08-01,2025-09-19,49,9.0,27.4011
2025-08-01,2025-10-17,77,9.0,32.7684
2025-08-01,2026-01-16,168,9.0,44.0678
2025-08-01,2027-01-15,532,10.0,72.8814
2025-08-04,2025-08-08,4,9.5,10.2881
2025-08-04,2025-08-15,11,9.5,14.6605
2025-08-04,2025-08-22,18,9.5,18.0041
2025-08-04,2025-08-29,25,9.5,20.8333
2025-08-04,2025-09-05,32,9.5,22.3765
2025-08-04,2025-09-12,39,9.5,23.9198
2025-08-04,2025-09-19,46,10.0,26.4918
2025-08-04,2025-10-17,74,10.0,31.6358
2025-08-04,2026-01-16,165,10.0,43.2099
2025-08-04,2027-01-15,529,10.0,67.9012
2025-08-05,2025-08-08,3,10.0,10.0806
2025-08-05,2025-08-15,10,10.0,14.3649
2025-08-05,2025-08-22,17,10.0,18.1452
2025-08-05,2025-08-29,24,10.0,20.6653
2025-08-05,2025-09-05,31,10.0,22.4294
2025-08-05,2025-09-12,38,10.0,24.4456
2025-08-05,2025-09-19,45,10.0,25.4536
2025-08-05,2025-10-17,73,10.0,31.25
2025-08-05,2026-01-16,164,10.0,42.8427
2025-08-05,2027-01-15,528,10.0,68.0444
2025-08-06,2025-08-08,2,9.5,9.2975
2025-08-06,2025-08-15,9,9.5,13.4298
2025-08-06,2025-08-22,16,9.5,17.0455
2025-08-06,2025-08-29,23,9.5,19.6281
2025-08-06,2025-09-05,30,9.5,21.6942
2025-08-06,2025-09-12,37,9.5,20.6612
2025-08-06,2025-09-19,44,10.0,25.8264
2025-08-06,2025-10-17,72,10.0,31.25
2025-08-06,2026-01-16,163,10.0,42.6136
2025-08-06,2027-01-15,527,10.0,68.6983
2025-08-07,2025-08-08,1,9.5,5.2083
2025-08-07,2025-08-15,8,9.5,11.4583
2025-08-07,2025-08-22,15,9.5,15.8854
2025-08-07,2025-08-29,22,9.5,18.4896
2025-08-07,2025-09-05,29,9.5,20.5729
2025-08-07,2025-09-12,36,9.5,22.3958
2025-08-07,2025-09-19,43,10.0,24.4792
2025-08-07,2025-09-26,50,9.5,25.5208
2025-08-07,2025-10-17,71,10.0,30.2083
2025-08-07,2026-01-16,162,10.0,42.4479
2025-08-07,2027-01-15,526,10.0,68.75
2025-08-08,2025-08-15,7,9.5,10.4712
2025-08-08,2025-08-22,14,9.5,14.3979
2025-08-08,2025-08-29,21,9.5,18.0628
2025-08-08,2025-09-05,28,9.5,20.1571
2025-08-08,2025-09-12,35,9.5,21.7277
2025-08-08,2025-09-19,42,10.0,24.3455
2025-08-08,2025-09-26,49,9.5,24.6073
2025-08-08,2025-10-17,70,10.0,29.8429
2025-08-08,2026-01-16,161,10.0,42.1466
2025-08-08,2027-01-15,525,10.0,67.0157
2025-08-11,2025-08-15,4,9.5,9.1051
2025-08-11,2025-08-22,11,9.5,13.2674
2025-08-11,2025-08-29,18,9.5,16.6493
2025-08-11,2025-09-05,25,9.5,18.9906
2025-08-11,2025-09-12,32,9.5,20.8117
2025-08-11,2025-09-19,39,10.0,23.4131
2025-08-11,2025-09-26,46,9.5,23.6733
2025-08-11,2025-10-17,67,10.0,29.3965
2025-08-11,2026-01-16,158,10.0,41.103
2025-08-11,2027-01-15,522,10.0,68.1582
2025-08-12,2025-08-15,3,9.5,7.56
2025-08-12,2025-08-22,10,9.5,12.2523
2025-08-12,2025-08-29,17,9.5,15.902
2025-08-12,2025-09-05,24,9.5,17.4661
2025-08-12,2025-09-12,31,9.5,20.073
2025-08-12,2025-09-19,38,10.0,22.6799
2025-08-12,2025-09-26,45,9.5,23.4619
2025-08-12,2025-10-17,66,10.0,28.6757
2025-08-12,2026-01-16,157,10.0,40.6674
2025-08-12,2027-01-15,521,10.0,67.7789
2025-08-13,2025-08-15,2,9.5,6.0463
2025-08-13,2025-08-22,9,9.5,11.3039
2025-08-13,2025-08-29,16,9.5,15.2471
2025-08-13,2025-09-05,23,9.5,17.3502
2025-08-13,2025-09-12,30,9.5,20.2419
2025-08-13,2025-09-19,37,10.0,22.3449
2025-08-13,2025-09-26,44,9.5,23.1335
2025-08-13,2025-10-17,65,10.0,28.3912
2025-08-13,2026-01-16,156,10.0,40.4837
2025-08-13,2027-01-15,520,10.0,68.3491
2025-08-14,2025-08-15,1,10.0,4.8519
2025-08-14,2025-08-22,8,10.0,11.236
2025-08-14,2025-08-29,15,10.0,15.0664
2025-08-14,2025-09-05,22,10.0,17.8754
2025-08-14,2025-09-12,29,10.0,19.6629
2025-08-14,2025-09-19,36,10.0,21.4505
2025-08-14,2025-09-26,43,10.0,23.238
2025-08-14,2025-10-17,64,10.0,27.5792
2025-08-14,2026-01-16,155,10.0,40.0919
2025-08-14,2026-04-17,246,10.0,48.2635
2025-08-14,2027-01-15,519,10.0,66.3943
2025-08-15,2025-08-22,7,10.0,10.4699
2025-08-15,2025-08-29,14,10.0,14.3003
2025-08-15,2025-09-05,21,10.0,16.5986
2025-08-15,2025-09-12,28,10.0,18.6415
2025-08-15,2025-09-19,35,10.0,20.6844
2025-08-15,2025-09-26,42,10.0,22.4719
2025-08-15,2025-10-17,63,10.0,26.5577
2025-08-15,2026-01-16,154,10.0,39.3258
2025-08-15,2026-04-17,245,10.0,48.5189
2025-08-15,2027-01-15,518,10.0,66.6496
2025-08-18,2025-08-22,4,10.5,9.4477
2025-08-18,2025-08-29,11,10.5,12.5969
2025-08-18,2025-09-05,18,10.5,15.5039
2025-08-18,2025-09-12,25,10.5,17.9264
2025-08-18,2025-09-19,32,10.5,20.3488
2025-08-18,2025-09-26,39,10.5,23.4981
2025-08-18,2025-10-17,60,10.0,25.9205
2025-08-18,2026-01-16,151,10.0,38.5174
2025-08-18,2026-04-17,242,10.0,46.9961
2025-08-18,2027-01-15,515,10.0,65.1647
2025-08-19,2025-08-22,3,8.5,9.1499
2025-08-19,2025-08-29,10,8.5,13.2822
2025-08-19,2025-09-05,17,8.5,16.2338
2025-08-19,2025-09-12,24,8.5,18.595
2025-08-19,2025-09-19,31,8.5,20.6612
2025-08-19,2025-09-26,38,8.5,22.4321
2025-08-19,2025-10-17,59,8.0,26.2692
2025-08-19,2026-01-16,150,8.0,38.0756
2025-08-19,2026-04-17,241,8.0,46.6352
2025-08-19,2027-01-15,514,7.0,61.3932
2025-08-20,2025-08-22,2,8.5,6.7409
2025-08-20,2025-08-29,9,8.5,11.7233
2025-08-20,2025-09-05,16,8.5,14.6542
2025-08-20,2025-09-12,23,8.5,17.2919
2025-08-20,2025-09-19,30,8.5,19.6366
2025-08-20,2025-09-26,37,8.5,21.6882
2025-08-20,2025-10-17,58,9.0,27.5498
2025-08-20,2026-01-16,149,9.0,39.5662
2025-08-20,2026-04-17,240,9.0,48.6518
2025-08-20,2027-01-15,513,10.0,71.8054
2025-08-21,2025-08-22,1,9.5,6.6489
2025-08-21,2025-08-29,8,9.5,11.7021
2025-08-21,2025-09-05,15,9.5,14.6277
2025-08-21,2025-09-12,22,9.5,18.0851
2025-08-21,2025-09-19,29,9.5,20.2128
2025-08-21,2025-09-26,36,9.5,22.3404
2025-08-21,2025-10-03,43,9.5,22.0745
2025-08-21,2025-10-17,57,9.0,26.0638
2025-08-21,2026-01-16,148,9.0,38.2979
2025-08-21,2026-04-17,239,9.0,47.3404
2025-08-21,2027-01-15,512,10.0,68.0851
2025-08-22,2025-08-29,7,10.5,10.8696
2025-08-22,2025-09-05,14,10.5,14.1777
2025-08-22,2025-09-12,21,10.5,17.9584
2025-08-22,2025-09-19,28,10.5,19.1399
2025-08-22,2025-09-26,35,10.5,20.794
2025-08-22,2025-10-03,42,10.5,22.9206
2025-08-22,2025-10-17,56,11.0,26.7013
2025-08-22,2026-01-16,147,11.0,39.4612
2025-08-22,2026-04-17,238,11.0,48.913
2025-08-22,2027-01-15,511,10.0,64.9811
2025-08-25,2025-08-29,4,11.0,8.9204
2025-08-25,2025-09-05,11,11.0,13.0375
2025-08-25,2025-09-12,18,11.0,16.4684
2025-08-25,2025-09-19,25,11.0,20.1281
2025-08-25,2025-09-26,32,11.0,20.8143
2025-08-25,2025-10-03,39,11.0,22.4154
2025-08-25,2025-10-17,53,11.0,25.8463
2025-08-25,2026-01-16,144,11.0,39.7987
2025-08-25,2026-04-17,235,11.0,49.4053
2025-08-25,2027-01-15,508,10.0,66.1025
2025-08-26,2025-08-29,3,12.5,8.7327
2025-08-26,2025-09-05,10,12.5,14.013
2025-08-26,2025-09-12,17,12.5,17.2624
2025-08-26,2025-09-19,24,12.5,19.6994
2025-08-26,2025-09-26,31,12.5,21.3241
2025-08-26,2025-10-03,38,12.5,23.1519
2025-08-26,2025-10-17,52,12.0,26.4013
2025-08-26,2026-01-16,143,12.0,40.0081
2025-08-26,2026-04-17,234,12.0,49.3501
2025-08-26,2027-01-15,507,12.0,69.8619
2025-08-27,2025-08-29,2,11.5,7.8947
2025-08-27,2025-09-05,9,11.5,12.2807
2025-08-27,2025-09-12,16,11.5,15.7895
2025-08-27,2025-09-19,23,11.5,18.2018
2025-08-27,2025-09-26,30,11.5,20.1754
2025-08-27,2025-10-03,37,11.5,22.3684
2025-08-27,2025-10-17,51,11.0,25.4386
2025-08-27,2026-01-16,142,11.0,38.8158
2025-08-27,2026-04-17,233,11.0,49.1228
2025-08-27,2027-01-15,506,12.0,71.4912
2025-08-28,2025-08-29,1,11.5,5.9932
2025-08-28,2025-09-05,8,11.5,11.1301
2025-08-28,2025-09-12,15,11.5,14.5548
2025-08-28,2025-09-19,22,11.5,17.1233
2025-08-28,2025-09-26,29,11.5,19.2637
2025-08-28,2025-10-03,36,11.5,20.976
2025-08-28,2025-10-10,43,11.5,23.3305
2025-08-28,2025-10-17,50,12.0,25.2568
2025-08-28,2026-01-16,141,12.0,38.9555
2025-08-28,2026-04-17,232,12.0,50.2997
2025-08-28,2027-01-15,505,12.0,70.6336
2025-08-29,2025-09-05,7,11.5,9.7318
2025-08-29,2025-09-12,14,11.5,13.6246
2025-08-29,2025-09-19,21,11.5,16.436
2025-08-29,2025-09-26,28,11.5,18.5986
2025-08-29,2025-10-03,35,11.5,20.545
2025-08-29,2025-10-10,42,11.5,22.4913
2025-08-29,2025-10-17,49,12.0,25.3028
2025-08-29,2026-01-16,140,12.0,39.7924
2025-08-29,2026-04-17,231,12.0,50.3893
2025-08-29,2027-01-15,504,12.0,70.9343
2025-09-02,2025-09-05,3,11.5,7.9225
2025-09-02,2025-09-12,10,11.5,12.3239
2025-09-02,2025-09-19,17,11.5,16.0651
2025-09-02,2025-09-26,24,11.5,18.0458
2025-09-02,2025-10-03,31,11.5,20.4665
2025-09-02,2025-10-10,38,11.5,22.2271
2025-09-02,2025-10-17,45,11.0,23.7676
2025-09-02,2026-01-16,136,11.0,36.7518
2025-09-02,2026-04-17,227,11.0,48.1954
2025-09-02,2027-01-15,500,12.0,70.8627
2025-09-03,2025-09-05,2,11.5,6.3374
2025-09-03,2025-09-12,9,11.5,11.3636
2025-09-03,2025-09-19,16,11.5,15.2972
2025-09-03,2025-09-26,23,11.5,17.0455
2025-09-03,2025-10-03,30,11.5,19.8864
2025-09-03,2025-10-10,37,11.5,21.6346
2025-09-03,2025-10-17,44,11.0,23.1643
2025-09-03,2026-01-16,135,11.0,37.8059
2025-09-03,2026-04-17,226,11.0,47.6399
2025-09-03,2027-01-15,499,12.0,70.3671
2025-09-04,2025-09-05,1,11.0,4.8976
2025-09-04,2025-09-12,8,11.0,10.463
2025-09-04,2025-09-19,15,11.0,14.4702
2025-09-04,2025-09-26,22,11.0,16.919
2025-09-04,2025-10-03,29,11.0,19.1451
2025-09-04,2025-10-10,36,11.0,21.1487
2025-09-04,2025-10-17,43,11.0,22.9297
2025-09-04,2025-10-24,50,11.0,24.7106
2025-09-04,2026-01-16,134,11.0,37.8451
2025-09-04,2026-04-17,225,11.0,47.6403
2025-09-04,2027-01-15,498,12.0,70.3473
2025-09-05,2025-09-12,7,11.5,9.5156
2025-09-05,2025-09-19,14,11.5,14.0571
2025-09-05,2025-09-26,21,11.5,16.6522
2025-09-05,2025-10-03,28,11.5,18.5986
2025-09-05,2025-10-10,35,11.5,20.545
2025-09-05,2025-10-17,42,12.0,23.1401
2025-09-05,2025-10-24,49,11.5,23.5727
2025-09-05,2026-01-16,133,12.0,39.7924
2025-09-05,2026-04-17,224,12.0,48.8754
2025-09-05,2027-01-15,497,12.0,69.2041
2025-09-08,2025-09-12,4,12.0,7.7731
2025-09-08,2025-09-19,11,12.0,11.9748
2025-09-08,2025-09-26,18,12.0,15.1261
2025-09-08,2025-10-03,25,12.0,18.0672
2025-09-08,2025-10-10,32,12.0,19.7479
2025-09-08,2025-10-17,39,12.0,21.8487
2025-09-08,2025-10-24,46,12.0,23.5294
2025-09-08,2026-01-16,130,12.0,37.605
2025-09-08,2026-04-17,221,12.0,48.1092
2025-09-08,2027-01-15,494,12.0,68.9076
2025-09-09,2025-09-12,3,13.0,7.263
2025-09-09,2025-09-19,10,13.0,11.8502
2025-09-09,2025-09-26,17,13.0,15.0994
2025-09-09,2025-10-03,24,13.0,17.5841
2025-09-09,2025-10-10,31,13.0,19.4954
2025-09-09,2025-10-17,38,13.0,21.5979
2025-09-09,2025-10-24,45,13.0,23.318
2025-09-09,2026-01-16,129,13.0,37.844
2025-09-09,2026-04-17,220,13.0,47.5917
2025-09-09,2027-01-15,493,12.0,67.6606
2025-09-10,2025-09-12,2,12.5,6.1362
2025-09-10,2025-09-19,9,12.5,11.0847
2025-09-10,2025-09-26,16,12.5,14.2518
2025-09-10,2025-10-03,23,12.5,16.825
2025-09-10,2025-10-10,30,12.5,19.0024
2025-09-10,2025-10-17,37,13.0,21.7736
2025-09-10,2025-10-24,44,12.5,22.9612
2025-09-10,2026-01-16,128,13.0,39.9842
2025-09-10,2026-04-17,219,13.0,49.4854
2025-09-10,2027-01-15,492,12.0,68.4877
2025-09-11,2025-09-12,1,12.5,3.9904
2025-09-11,2025-09-19,8,12.5,10.1756
2025-09-11,2025-09-26,15,12.5,13.5674
2025-09-11,2025-10-03,22,12.5,16.1612
2025-09-11,2025-10-10,29,12.5,18.3559
2025-09-11,2025-10-17,36,13.0,21.5483
2025-09-11,2025-10-24,43,12.5,23.743
2025-09-11,2025-10-31,50,12.5,24.7406
2025-09-11,2026-01-16,127,13.0,38.3081
2025-09-11,2026-04-17,218,13.0,49.6808
2025-09-11,2027-01-15,491,12.0,68.6353
2025-09-12,2025-09-19,7,12.0,9.2205
2025-09-12,2025-09-26,14,12.0,12.9925
2025-09-12,2025-10-03,21,12.0,14.6689
2025-09-12,2025-10-10,28,12.0,18.2313
2025-09-12,2025-10-17,35,12.0,20.746
2025-09-12,2025-10-24,42,12.0,22.4225
2025-09-12,2025-10-31,49,12.0,24.0989
2025-09-12,2026-01-16,126,12.0,37.5105
2025-09-12,2026-04-17,217,12.0,48.8265
2025-09-12,2027-01-15,490,12.0,69.9916
2025-09-15,2025-09-19,4,14.0,9.9493
2025-09-15,2025-09-26,11,14.0,13.9291
2025-09-15,2025-10-03,18,14.0,16.6425
2025-09-15,2025-10-10,25,14.0,19.5369
2025-09-15,2025-10-17,32,14.0,21.8886
2025-09-15,2025-10-24,39,14.0,23.8784
2025-09-15,2025-10-31,46,14.0,25.5065
2025-09-15,2025-11-21,67,14.0,29.848
2025-09-15,2026-01-16,123,14.0,38.1693
2025-09-15,2026-04-17,214,14.0,49.2041
2025-09-15,2027-01-15,487,15.0,73.8061
2025-09-15,2028-01-21,858,15.0,93.7048
2025-09-16,2025-09-19,3,13.5,8.0164
2025-09-16,2025-09-26,10,13.5,13.05
2025-09-16,2025-10-03,17,13.5,16.2192
2025-09-16,2025-10-10,24,13.5,18.6428
2025-09-16,2025-10-17,31,13.0,20.8799
2025-09-16,2025-10-24,38,13.5,22.9306
2025-09-16,2025-10-31,45,13.5,23.8628
2025-09-16,2025-11-21,66,13.0,28.8963
2025-09-16,2026-01-16,122,13.0,37.2856
2025-09-16,2026-04-17,213,13.0,48.4713
2025-09-16,2027-01-15,486,12.0,67.1141
2025-09-16,2028-01-21,857,12.0,85.7569
2025-09-17,2025-09-19,2,14.0,6.7472
2025-09-17,2025-09-26,9,14.0,12.429
2025-09-17,2025-10-03,16,14.0,15.4474
2025-09-17,2025-10-10,23,14.0,18.1108
2025-09-17,2025-10-17,30,14.0,20.419
2025-09-17,2025-10-24,37,14.0,22.3722
2025-09-17,2025-10-31,44,14.0,24.3253
2025-09-17,2025-11-21,65,14.0,28.2315
2025-09-17,2026-01-16,121,14.0,37.642
2025-09-17,2026-04-17,212,14.0,48.6506
2025-09-17,2027-01-15,485,15.0,72.4432
2025-09-17,2028-01-21,856,15.0,85.2273
2025-09-18,2025-09-19,1,14.0,4.9645
2025-09-18,2025-09-26,8,14.0,11.5248
2025-09-18,2025-10-03,15,14.0,14.8936
2025-09-18,2025-10-10,22,14.0,17.7305
2025-09-18,2025-10-17,29,14.0,20.0355
2025-09-18,2025-10-24,36,14.0,22.3404
2025-09-18,2025-10-31,43,14.0,23.9362
2025-09-18,2025-11-21,64,14.0,28.7234
2025-09-18,2026-01-16,120,14.0,37.234
2025-09-18,2026-04-17,211,14.0,48.5816
2025-09-18,2027-01-15,484,15.0,73.4043
2025-09-18,2028-01-21,855,15.0,92.5532
2025-09-19,2025-09-26,7,15.0,10.7672
2025-09-19,2025-10-03,14,15.0,15.3096
2025-09-19,2025-10-10,21,15.0,18.3378
2025-09-19,2025-10-17,28,15.0,21.0296
2025-09-19,2025-10-24,35,15.0,22.8802
2025-09-19,2025-10-31,42,15.0,24.8991
2025-09-19,2025-11-21,63,15.0,29.6097
2025-09-19,2026-01-16,119,15.0,38.5262
2025-09-19,2026-04-17,210,15.0,49.7981
2025-09-19,2027-01-15,483,15.0,73.3513
2025-09-19,2028-01-21,854,15.0,90.8479
2025-09-22,2025-09-26,4,15.5,9.6339
2025-09-22,2025-10-03,11,15.5,14.9326
2025-09-22,2025-10-10,18,15.5,17.9833
2025-09-22,2025-10-17,25,15.5,20.5523
2025-09-22,2025-10-24,32,15.5,22.8003
2025-09-22,2025-10-31,39,15.5,22.3186
2025-09-22,2025-11-21,60,16.0,29.8651
2025-09-22,2026-01-16,116,16.0,38.8568
2025-09-22,2026-04-17,207,16.0,50.7386
2025-09-22,2027-01-15,480,15.0,70.6487
2025-09-22,2028-01-21,851,15.0,87.9897
2025-09-23,2025-09-26,3,16.5,9.1482
2025-09-23,2025-10-03,10,16.5,14.3971
2025-09-23,2025-10-10,17,16.5,17.9964
2025-09-23,2025-10-17,24,16.5,20.3959
2025-09-23,2025-10-24,31,16.5,22.6455
2025-09-23,2025-10-31,38,16.5,23.6953
2025-09-23,2025-11-21,59,17.0,30.4439
2025-09-23,2026-01-16,115,17.0,39.2921
2025-09-23,2026-04-17,206,17.0,51.5897
2025-09-23,2027-01-15,479,17.0,73.4853
2025-09-23,2028-01-21,850,17.0,87.2825
2025-09-24,2025-09-26,2,17.0,8.1506
2025-09-24,2025-10-03,9,17.0,14.5228
2025-09-24,2025-10-10,16,17.0,18.6722
2025-09-24,2025-10-17,23,17.0,21.636
2025-09-24,2025-10-24,30,17.0,24.1553
2025-09-24,2025-10-31,37,17.0,26.3782
2025-09-24,2025-11-21,58,17.0,32.6023
2025-09-24,2026-01-16,114,17.0,42.6793
2025-09-24,2026-04-17,205,17.0,55.1274
2025-09-24,2027-01-15,478,17.0,77.949
2025-09-24,2028-01-21,849,17.0,100.7706
2025-09-25,2025-09-26,1,17.5,6.3731
2025-09-25,2025-10-03,8,17.5,14.4844
2025-09-25,2025-10-10,15,17.5,18.9745
2025-09-25,2025-10-17,22,17.5,22.3059
2025-09-25,2025-10-24,29,17.0,25.4925
2025-09-25,2025-10-31,36,17.5,27.5203
2025-09-25,2025-11-07,43,17.5,30.8517
2025-09-25,2025-11-21,57,17.0,33.0243
2025-09-25,2026-01-16,113,17.0,44.0324
2025-09-25,2026-04-17,204,17.0,57.0684
2025-09-25,2027-01-15,477,17.0,79.664
2025-09-25,2028-01-21,848,17.0,100.2317
2025-09-26,2025-10-03,7,16.5,11.9689
2025-09-26,2025-10-10,14,16.5,17.0557
2025-09-26,2025-10-17,21,16.5,20.7959
2025-09-26,2025-10-24,28,16.5,23.6385
2025-09-26,2025-10-31,35,16.5,26.0323
2025-09-26,2025-11-07,42,16.5,28.4261
2025-09-26,2025-11-21,56,17.0,33.3633
2025-09-26,2026-01-16,112,17.0,43.9856
2025-09-26,2026-04-17,203,17.0,57.7499
2025-09-26,2027-01-15,476,17.0,80.79
2025-09-26,2028-01-21,847,17.0,98.4441
2025-09-29,2025-10-03,4,16.5,9.9879
2025-09-29,2025-10-10,11,16.5,15.7385
2025-09-29,2025-10-17,18,16.5,19.6731
2025-09-29,2025-10-24,25,16.5,23.3051
2025-09-29,2025-10-31,32,16.5,25.4237
2025-09-29,2025-11-07,39,16.5,28.1477
2025-09-29,2025-11-21,53,17.0,32.839
2025-09-29,2026-01-16,109,17.0,44.1889
2025-09-29,2026-04-17,200,17.0,57.8087
2025-09-29,2027-01-15,473,17.0,81.4165
2025-09-29,2028-01-21,844,17.0,101.3922
2025-09-30,2025-10-03,3,15.5,8.9577
2025-09-30,2025-10-10,10,15.5,14.658
2025-09-30,2025-10-17,17,15.5,18.5668
2025-09-30,2025-10-24,24,15.5,21.4984
2025-09-30,2025-10-31,31,15.5,24.43
2025-09-30,2025-11-07,38,15.5,28.5016
2025-09-30,2025-11-21,52,15.0,30.9446
2025-09-30,2026-01-16,108,15.0,43.6482
2025-09-30,2026-04-17,199,15.0,54.7231
2025-09-30,2027-01-15,472,15.0,77.5244
2025-09-30,2028-01-21,843,15.0,103.9088
2025-10-01,2025-10-03,2,15.5,6.6836
2025-10-01,2025-10-10,9,15.5,12.4125
2025-10-01,2025-10-17,16,15.5,16.55
2025-10-01,2025-10-24,23,15.5,19.8918
2025-10-01,2025-10-31,30,15.5,22.7562
2025-10-01,2025-11-07,37,15.5,25.4615
2025-10-01,2025-11-21,51,16.0,30.3947
2025-10-01,2026-01-16,107,16.0,42.0115
2025-10-01,2026-04-17,198,16.0,54.7422
2025-10-01,2027-01-15,471,15.0,76.7027
2025-10-01,2028-01-21,842,15.0,102.1642
2025-10-02,2025-10-03,1,17.0,5.2021
2025-10-02,2025-10-10,8,17.0,12.7824
2025-10-02,2025-10-17,15,17.0,17.0927
2025-10-02,2025-10-24,22,17.0,20.5113
2025-10-02,2025-10-31,29,17.0,23.4839
2025-10-02,2025-11-07,36,17.0,26.6052
2025-10-02,2025-11-14,43,17.0,28.6861
2025-10-02,2025-11-21,50,17.0,31.0642
2025-10-02,2026-01-16,106,17.0,43.1034
2025-10-02,2026-04-17,197,17.0,56.1831
2025-10-02,2027-01-15,470,17.0,80.2616
2025-10-02,2028-01-21,841,17.0,101.0702
2025-10-03,2025-10-10,7,16.5,11.1985
2025-10-03,2025-10-17,14,16.5,16.3438
2025-10-03,2025-10-24,21,16.5,19.9758
2025-10-03,2025-10-31,28,16.5,23.3051
2025-10-03,2025-11-07,35,16.5,27.0884
2025-10-03,2025-11-14,42,16.5,28.6017
2025-10-03,2025-11-21,49,17.0,31.477
2025-10-03,2026-01-16,105,17.0,43.5835
2025-10-03,2026-04-17,196,17.0,57.2034
2025-10-03,2027-01-15,469,17.0,81.7191
2025-10-03,2028-01-21,840,17.0,101.6949
2025-10-06,2025-10-10,4,17.0,10.6446
2025-10-06,2025-10-17,11,17.0,15.9669
2025-10-06,2025-10-24,18,17.0,19.8108
2025-10-06,2025-10-31,25,17.0,23.0633
2025-10-06,2025-11-07,32,17.0,24.3939
2025-10-06,2025-11-14,39,17.0,28.3856
2025-10-06,2025-11-21,46,17.0,30.751
2025-10-06,2026-01-16,102,17.0,42.2827
2025-10-06,2026-04-17,193,17.0,56.4755
2025-10-06,2027-01-15,466,17.0,81.3128
2025-10-06,2028-01-21,837,17.0,100.5322
2025-10-07,2025-10-10,3,17.5,11.3701
2025-10-07,2025-10-17,10,17.5,15.6339
2025-10-07,2025-10-24,17,17.5,19.8977
2025-10-07,2025-10-31,24,17.5,23.3087
2025-10-07,2025-11-07,31,17.5,27.004
2025-10-07,2025-11-14,38,17.5,29.4201
2025-10-07,2025-11-21,45,18.0,32.1205
2025-10-07,2026-01-16,101,18.0,44.9119
2025-10-07,2026-04-17,192,18.0,57.9875
2025-10-07,2027-01-15,465,17.0,80.4434
2025-10-07,2028-01-21,836,17.0,98.3513
2025-10-08,2025-10-10,2,18.0,8.3333
2025-10-08,2025-10-17,9,18.0,15.1389
2025-10-08,2025-10-24,16,18.0,20.0
2025-10-08,2025-10-31,23,18.0,23.8889
2025-10-08,2025-11-07,30,18.0,27.3611
2025-10-08,2025-11-14,37,18.0,30.0
2025-10-08,2025-11-21,44,18.0,32.5
2025-10-08,2026-01-16,100,18.0,44.4444
2025-10-08,2026-04-17,191,18.0,58.0556
2025-10-08,2026-06-18,253,18.0,65.0
2025-10-08,2027-01-15,464,17.0,80.0
2025-10-08,2028-01-21,835,17.0,98.8889
2025-10-09,2025-10-10,1,19.5,6.2183
2025-10-09,2025-10-17,8,19.5,14.3401
2025-10-09,2025-10-24,15,19.5,19.9239
2025-10-09,2025-10-31,22,20.0,24.4924
2025-10-09,2025-11-07,29,19.5,27.5381
2025-10-09,2025-11-14,36,19.5,30.3299
2025-10-09,2025-11-21,43,20.0,33.2487
2025-10-09,2025-11-28,50,19.5,33.7563
2025-10-09,2026-01-16,99,20.0,46.9543
2025-10-09,2026-04-17,190,20.0,60.9137
2025-10-09,2026-06-18,252,20.0,68.7817
2025-10-09,2027-01-15,463,20.0,85.533
2025-10-09,2028-01-21,834,20.0,103.8071
2025-10-10,2025-10-17,7,20.5,15.6096
2025-10-10,2025-10-24,14,20.5,22.2468
2025-10-10,2025-10-31,21,20.0,26.1799
2025-10-10,2025-11-07,28,20.5,30.6047
2025-10-10,2025-11-14,35,20.5,32.3255
2025-10-10,2025-11-21,42,20.0,35.1524
2025-10-10,2025-11-28,49,20.5,37.6106
2025-10-10,2026-01-16,98,20.0,47.6893
2025-10-10,2026-04-17,189,20.0,60.9636
2025-10-10,2026-06-18,251,20.0,68.3382
2025-10-10,2027-01-15,462,20.0,88.9872
2025-10-10,2028-01-21,833,20.0,106.1947
2025-10-13,2025-10-17,4,24.0,16.9331
2025-10-13,2025-10-24,11,24.0,24.085
2025-10-13,2025-10-31,18,24.0,30.0799
2025-10-13,2025-11-07,25,24.0,33.0248
2025-10-13,2025-11-14,32,24.0,36.8111
2025-10-13,2025-11-21,39,24.0,38.2835
2025-10-13,2025-11-28,46,24.0,40.5974
2025-10-13,2026-01-16,95,24.0,54.2701
2025-10-13,2026-04-17,186,24.0,70.0463
2025-10-13,2026-06-18,248,24.0,79.3016
2025-10-13,2027-01-15,459,25.0,93.8157
2025-10-13,2028-01-21,830,25.0,117.5852
2025-10-14,2025-10-17,3,26.0,14.0107
2025-10-14,2025-10-24,10,26.0,23.0652
2025-10-14,2025-10-31,17,26.0,30.4994
2025-10-14,2025-11-07,24,26.0,34.5025
2025-10-14,2025-11-14,31,26.0,37.9337
2025-10-14,2025-11-21,38,26.0,41.3649
2025-10-14,2025-11-28,45,26.0,40.793
2025-10-14,2026-01-16,94,26.0,58.1395
2025-10-14,2026-04-17,185,26.0,74.1517
2025-10-14,2026-06-18,247,26.0,84.2547
2025-10-14,2027-01-15,458,27.0,97.2169
2025-10-14,2028-01-21,829,27.0,115.326
2025-10-15,2025-10-17,2,25.0,12.0048
2025-10-15,2025-10-24,9,25.0,21.6086
2025-10-15,2025-10-31,16,25.0,28.6114
2025-10-15,2025-11-07,23,25.0,32.613
2025-10-15,2025-11-14,30,25.0,36.0144
2025-10-15,2025-11-21,37,25.0,38.6154
2025-10-15,2025-11-28,44,25.0,41.6166
2025-10-15,2026-01-16,93,25.0,54.8219
2025-10-15,2026-04-17,184,25.0,70.8283
2025-10-15,2026-06-18,246,25.0,81.0324
2025-10-15,2027-01-15,457,25.0,94.6379
2025-10-15,2028-01-21,828,25.0,108.2433
2025-10-16,2025-10-17,1,21.5,8.2988
2025-10-16,2025-10-24,8,21.5,19.018
2025-10-16,2025-10-31,15,21.5,24.8963
2025-10-16,2025-11-07,22,21.5,30.3135
2025-10-16,2025-11-14,29,21.5,32.9645
2025-10-16,2025-11-21,36,22.0,36.4223
2025-10-16,2025-11-28,43,21.5,37.5749
2025-10-16,2025-12-19,64,22.0,47.4873
2025-10-16,2026-01-16,92,22.0,51.4062
2025-10-16,2026-04-17,183,22.0,67.0816
2025-10-16,2026-06-18,245,22.0,74.9193
2025-10-16,2027-01-15,456,22.0,88.9811
2025-10-16,2028-01-21,827,22.0,103.7344
2025-10-17,2025-10-24,7,21.0,15.7882
2025-10-17,2025-10-31,14,21.0,23.5043
2025-10-17,2025-11-07,21,21.0,25.9972
2025-10-17,2025-11-14,28,21.0,28.9649
2025-10-17,2025-11-21,35,21.0,33.4758
2025-10-17,2025-11-28,42,21.0,36.6809
2025-10-17,2025-12-19,63,21.0,43.9221
2025-10-17,2026-01-16,91,21.0,47.9582
2025-10-17,2026-04-17,182,21.0,65.2897
2025-10-17,2026-06-18,244,21.0,72.4122
2025-10-17,2027-01-15,455,22.0,89.981
2025-10-17,2028-01-21,826,22.0,103.0389
2025-10-20,2025-10-24,4,22.5,14.3933
2025-10-20,2025-10-31,11,22.5,21.0363
2025-10-20,2025-11-07,18,22.5,26.1293
2025-10-20,2025-11-14,25,23.0,29.8937
2025-10-20,2025-11-21,32,22.5,31.5545
2025-10-20,2025-11-28,39,22.5,32.6616
2025-10-20,2025-12-19,60,23.0,40.9655
2025-10-20,2026-01-16,88,23.0,47.1656
2025-10-20,2026-04-17,179,23.0,63.5518
2025-10-20,2026-06-18,241,23.0,73.0735
2025-10-20,2027-01-15,452,22.0,90.124
2025-10-20,2028-01-21,823,22.0,95.217
2025-10-21,2025-10-24,3,20.5,11.5124
2025-10-21,2025-10-31,10,20.5,20.3587
2025-10-21,2025-11-07,17,20.5,25.5696
2025-10-21,2025-11-14,24,20.5,28.7203
2025-10-21,2025-11-21,31,20.5,31.0228
2025-10-21,2025-11-28,38,20.5,33.4464
2025-10-21,2025-12-19,59,21.0,39.9903
2025-10-21,2026-01-16,87,21.0,47.2613
2025-10-21,2026-04-17,178,21.0,62.7727
2025-10-21,2026-06-18,240,21.0,70.7707
2025-10-21,2027-01-15,451,20.0,87.7363
2025-10-21,2028-01-21,822,20.0,101.0664
2025-10-22,2025-10-24,2,22.5,15.8311
2025-10-22,2025-10-31,9,22.5,26.9349
2025-10-22,2025-11-07,16,22.5,30.343
2025-10-22,2025-11-14,23,23.0,37.1592
2025-10-22,2025-11-21,30,22.5,41.5567
2025-10-22,2025-11-28,37,22.5,42.876
2025-10-22,2025-12-19,58,23.0,51.6711
2025-10-22,2026-01-16,86,23.0,57.3879
2025-10-22,2026-04-17,177,23.0,74.0985
2025-10-22,2026-06-18,239,23.0,78.2762
2025-10-22,2027-01-15,450,22.0,91.6887
2025-10-22,2028-01-21,821,22.0,107.9595
2025-10-23,2025-10-24,1,21.5,13.4055
2025-10-23,2025-10-31,8,21.5,28.5748
2025-10-23,2025-11-07,15,21.5,35.7479
2025-10-23,2025-11-14,22,21.5,40.6867
2025-10-23,2025-11-21,29,21.5,42.5682
2025-10-23,2025-11-28,36,21.5,46.5663
2025-10-23,2025-12-05,43,21.5,47.2719
2025-10-23,2025-12-19,57,21.0,50.0941
2025-10-23,2026-01-16,85,21.0,56.6792
2025-10-23,2026-04-17,176,21.0,70.0847
2025-10-23,2026-06-18,238,21.0,83.7253
2025-10-23,2027-01-15,449,22.0,95.7197
2025-10-23,2028-01-21,820,22.0,123.2361
2025-10-24,2025-10-31,7,21.5,24.2162
2025-10-24,2025-11-07,14,21.5,32.5222
2025-10-24,2025-11-14,21,21.5,35.5639
2025-10-24,2025-11-21,28,21.5,40.0094
2025-10-24,2025-11-28,35,21.5,41.4132
2025-10-24,2025-12-05,42,21.5,45.1568
2025-10-24,2025-12-19,56,21.0,48.4324
2025-10-24,2026-01-16,84,21.0,56.3875
2025-10-24,2026-04-17,175,21.0,70.4258
2025-10-24,2026-06-18,237,21.0,80.2527
2025-10-24,2027-01-15,448,22.0,95.6949
2025-10-24,2028-01-21,819,22.0,114.8807
2025-10-27,2025-10-31,4,19.0,14.7906
2025-10-27,2025-11-07,11,19.0,23.4293
2025-10-27,2025-11-14,18,19.0,27.8796
2025-10-27,2025-11-21,25,19.0,30.6283
2025-10-27,2025-11-28,32,19.0,33.1152
2025-10-27,2025-12-05,39,19.0,39.5288
2025-10-27,2025-12-19,53,19.0,40.0524
2025-10-27,2026-01-16,81,19.0,46.5969
2025-10-27,2026-04-17,172,19.0,63.8743
2025-10-27,2026-06-18,234,19.0,72.5131
2025-10-27,2027-01-15,445,20.0,93.1937
2025-10-27,2028-01-21,816,20.0,108.1152
2025-10-28,2025-10-31,3,20.0,12.4813
2025-10-28,2025-11-07,10,20.0,21.967
2025-10-28,2025-11-14,17,20.0,26.0859
2025-10-28,2025-11-21,24,20.0,29.7054
2025-10-28,2025-11-28,31,20.0,31.9521
2025-10-28,2025-12-05,38,20.0,34.4483
2025-10-28,2025-12-19,52,20.0,38.1927
2025-10-28,2026-01-16,80,20.0,45.6815
2025-10-28,2026-04-17,171,20.0,61.9071
2025-10-28,2026-06-18,233,20.0,71.1433
2025-10-28,2027-01-15,444,20.0,89.3659
2025-10-28,2028-01-21,815,20.0,109.0864
2025-10-29,2025-10-31,2,20.5,10.4167
2025-10-29,2025-11-07,9,20.5,24.0196
2025-10-29,2025-11-14,16,20.5,26.7157
2025-10-29,2025-11-21,23,20.5,28.799
2025-10-29,2025-11-28,30,20.5,31.7402
2025-10-29,2025-12-05,37,20.5,35.049
2025-10-29,2025-12-19,51,20.0,39.2157
2025-10-29,2026-01-16,79,20.0,45.5882
2025-10-29,2026-04-17,170,20.0,62.0098
2025-10-29,2026-06-18,232,20.0,71.0784
2025-10-29,2027-01-15,443,20.0,87.7451
2025-10-29,2028-01-21,814,20.0,107.8431
2025-10-30,2025-10-31,1,22.0,8.1347
2025-10-30,2025-11-07,8,22.0,20.8524
2025-10-30,2025-11-14,15,22.0,25.7791
2025-10-30,2025-11-21,22,22.0,29.56
2025-10-30,2025-11-28,29,22.0,31.8515
2025-10-30,2025-12-05,36,22.0,35.2887
2025-10-30,2025-12-12,43,22.0,38.4968
2025-10-30,2025-12-19,50,22.0,40.5591
2025-10-30,2026-01-16,78,22.0,47.4335
2025-10-30,2026-04-17,169,22.0,64.6196
2025-10-30,2026-06-18,231,22.0,72.6398
2025-10-30,2027-01-15,442,22.0,91.2007
2025-10-30,2028-01-21,813,22.0,108.3868
2025-10-31,2025-11-07,7,20.5,18.04
2025-10-31,2025-11-14,14,20.5,23.4032
2025-10-31,2025-11-21,21,20.5,27.4256
2025-10-31,2025-11-28,28,20.5,30.5948
2025-10-31,2025-12-05,35,20.5,32.9108
2025-10-31,2025-12-12,42,20.5,38.0302
2025-10-31,2025-12-19,49,21.0,39.2491
2025-10-31,2026-01-16,77,21.0,46.0751
2025-10-31,2026-04-17,168,21.0,64.3588
2025-10-31,2026-06-18,230,21.0,74.1102
2025-10-31,2027-01-15,441,20.0,89.7123
2025-10-31,2028-01-21,812,20.0,107.021
2025-11-03,2025-11-07,4,18.0,15.309
2025-11-03,2025-11-14,11,18.0,20.0843
2025-11-03,2025-11-21,18,18.0,24.5787
2025-11-03,2025-11-28,25,18.0,26.5449
2025-11-03,2025-12-05,32,18.0,28.7921
2025-11-03,2025-12-12,39,18.0,32.1629
2025-11-03,2025-12-19,46,18.0,34.2697
2025-11-03,2026-01-16,74,18.0,41.2921
2025-11-03,2026-04-17,165,18.0,57.8652
2025-11-03,2026-06-18,227,18.0,68.2584
2025-11-03,2027-01-15,438,17.0,84.5506
2025-11-03,2028-01-21,809,17.0,104.4944
2025-11-04,2025-11-07,3,17.0,9.5532
2025-11-04,2025-11-14,10,17.0,15.873
2025-11-04,2025-11-21,17,17.0,20.2822
2025-11-04,2025-11-28,24,17.0,23.2216
2025-11-04,2025-12-05,31,17.0,26.1611
2025-11-04,2025-12-12,38,17.0,29.8354
2025-11-04,2025-12-19,45,17.0,30.5703
2025-11-04,2026-01-16,73,17.0,37.9189
2025-11-04,2026-04-17,164,17.0,57.6132
2025-11-04,2026-06-18,226,17.0,67.3133
2025-11-04,2027-01-15,437,17.0,85.244
2025-11-04,2028-01-21,808,17.0,102.8807
2025-11-05,2025-11-07,2,16.0,7.8655
2025-11-05,2025-11-14,9,16.0,14.8057
2025-11-05,2025-11-21,16,16.0,19.124
2025-11-05,2025-11-28,23,16.0,22.517
2025-11-05,2025-12-05,30,16.0,26.3726
2025-11-05,2025-12-12,37,16.0,27.7606
2025-11-05,2025-12-19,44,16.0,29.9198
2025-11-05,2026-01-16,72,16.0,37.0142
2025-11-05,2026-04-17,163,16.0,56.7551
2025-11-05,2026-06-18,225,16.0,64.1579
2025-11-05,2027-01-15,436,17.0,85.1326
2025-11-05,2028-01-21,807,17.0,110.7341
2025-11-06,2025-11-07,1,15.0,6.7791
2025-11-06,2025-11-14,8,15.0,13.2275
2025-11-06,2025-11-21,15,15.0,18.0225
2025-11-06,2025-11-28,22,15.0,20.668
2025-11-06,2025-12-05,29,15.0,23.8095
2025-11-06,2025-12-12,36,15.0,27.2817
2025-11-06,2025-12-19,43,15.0,27.9431
2025-11-06,2025-12-26,50,15.0,30.754
2025-11-06,2026-01-16,71,15.0,35.7143
2025-11-06,2026-04-17,162,15.0,54.2328
2025-11-06,2026-06-18,224,15.0,64.1534
2025-11-06,2027-01-15,435,15.0,86.9709
2025-11-06,2028-01-21,806,15.0,97.8836
2025-11-07,2025-11-14,7,15.5,11.8211
2025-11-07,2025-11-21,14,15.5,17.7316
2025-11-07,2025-11-28,21,15.5,20.607
2025-11-07,2025-12-05,28,16.0,24.2812
2025-11-07,2025-12-12,35,15.5,27.3163
2025-11-07,2025-12-19,42,16.0,29.5527
2025-11-07,2025-12-26,49,15.5,30.6709
2025-11-07,2026-01-16,70,16.0,38.4984
2025-11-07,2026-04-17,161,16.0,55.5911
2025-11-07,2026-06-18,223,16.0,63.5783
2025-11-07,2027-01-15,434,15.0,82.4281
2025-11-07,2028-01-21,805,15.0,97.4441
2025-11-10,2025-11-14,4,16.5,8.9448
2025-11-10,2025-11-21,11,16.5,15.3123
2025-11-10,2025-11-28,18,16.5,19.4057
2025-11-10,2025-12-05,25,16.5,22.5894
2025-11-10,2025-12-12,32,16.5,24.2571
2025-11-10,2025-12-19,39,16.0,27.1377
2025-11-10,2025-12-26,46,16.5,29.5634
2025-11-10,2026-01-16,67,16.0,34.8696
2025-11-10,2026-04-17,158,16.0,52.456
2025-11-10,2026-06-18,220,16.0,62.4621
2025-11-10,2027-01-15,431,17.0,85.8096
2025-11-10,2028-01-21,802,17.0,103.6992
2025-11-11,2025-11-14,3,15.5,7.1747
2025-11-11,2025-11-21,10,15.5,13.5523
2025-11-11,2025-11-28,17,15.5,16.9005
2025-11-11,2025-12-05,24,16.0,20.727
2025-11-11,2025-12-12,31,15.5,23.2781
2025-11-11,2025-12-19,38,16.0,25.8291
2025-11-11,2025-12-26,45,15.5,26.4668
2025-11-11,2026-01-16,66,16.0,33.3227
2025-11-11,2026-04-17,157,16.0,52.2959
2025-11-11,2026-06-18,219,16.0,60.5867
2025-11-11,2027-01-15,430,15.0,79.4005
2025-11-11,2028-01-21,801,15.0,102.6786
2025-11-12,2025-11-14,2,16.0,5.689
2025-11-12,2025-11-21,9,16.0,12.9583
2025-11-12,2025-11-28,16,16.0,16.4349
2025-11-12,2025-12-05,23,16.0,20.3856
2025-11-12,2025-12-12,30,16.0,21.4918
2025-11-12,2025-12-19,37,16.0,25.6005
2025-11-12,2025-12-26,44,16.0,27.1808
2025-11-12,2026-01-16,65,16.0,32.8698
2025-11-12,2026-04-17,156,16.0,51.201
2025-11-12,2026-06-18,218,16.0,59.4185
2025-11-12,2027-01-15,429,15.0,79.33
2025-11-12,2028-01-21,800,15.0,103.0341
2025-11-13,2025-11-14,1,15.5,5.491
2025-11-13,2025-11-21,8,15.5,12.5969
2025-11-13,2025-11-28,15,15.5,15.9884
2025-11-13,2025-12-05,22,15.0,19.5413
2025-11-13,2025-12-12,29,15.5,22.2868
2025-11-13,2025-12-19,36,15.0,24.0633
2025-11-13,2025-12-26,43,15.5,27.4548
2025-11-13,2026-01-02,50,15.5,28.2623
2025-11-13,2026-01-16,64,15.0,31.6537
2025-11-13,2026-04-17,155,15.0,49.7416
2025-11-13,2026-06-18,217,15.0,58.4625
2025-11-13,2027-01-15,428,15.0,78.4884
2025-11-13,2028-01-21,799,15.0,100.4522
2025-11-14,2025-11-21,7,15.5,11.4148
2025-11-14,2025-11-28,14,15.5,15.7556
2025-11-14,2025-12-05,21,16.0,19.9357
2025-11-14,2025-12-12,28,15.5,22.3473
2025-11-14,2025-12-19,35,16.0,25.5627
2025-11-14,2025-12-26,42,15.5,26.2058
2025-11-14,2026-01-02,49,15.5,28.135
2025-11-14,2026-01-16,63,16.0,33.2797
2025-11-14,2026-04-17,154,16.0,50.8039
2025-11-14,2026-06-18,216,16.0,58.1994
2025-11-14,2027-01-15,427,15.0,84.2444
2025-11-14,2028-01-21,798,15.0,101.2862
2025-11-17,2025-11-21,4,15.0,9.3583
2025-11-17,2025-11-28,11,15.0,13.8703
2025-11-17,2025-12-05,18,15.0,19.5521
2025-11-17,2025-12-12,25,15.0,21.5575
2025-11-17,2025-12-19,32,15.0,24.2313
2025-11-17,2025-12-26,39,15.0,25.5682
2025-11-17,2026-01-02,46,15.0,28.0749
2025-11-17,2026-01-16,60,15.0,32.0856
2025-11-17,2026-04-17,151,15.0,50.4679
2025-11-17,2026-06-18,213,15.0,60.8289
2025-11-17,2027-01-15,424,15.0,84.893
2025-11-17,2028-01-21,795,15.0,103.6096
2025-11-18,2025-11-21,3,15.0,8.4718
2025-11-18,2025-11-28,10,15.0,13.289
2025-11-18,2025-12-05,17,15.0,18.1063
2025-11-18,2025-12-12,24,15.0,21.0963
2025-11-18,2025-12-19,31,15.0,23.9203
2025-11-18,2025-12-26,38,15.0,26.0797
2025-11-18,2026-01-02,45,15.0,27.4086
2025-11-18,2026-01-16,59,15.0,31.8937
2025-11-18,2026-04-17,150,15.0,51.1628
2025-11-18,2026-06-18,212,15.0,60.7973
2025-11-18,2027-01-15,423,15.0,80.7309
2025-11-18,2028-01-21,794,15.0,101.6611
2025-11-19,2025-11-21,2,15.5,7.2628
2025-11-19,2025-11-28,9,15.5,12.7502
2025-11-19,2025-12-05,16,15.5,17.592
2025-11-19,2025-12-12,23,15.5,20.9813
2025-11-19,2025-12-19,30,15.0,23.4022
2025-11-19,2025-12-26,37,15.5,26.1459
2025-11-19,2026-01-02,44,15.5,27.7598
2025-11-19,2026-01-16,58,15.0,31.1491
2025-11-19,2026-04-17,149,15.0,49.3867
2025-11-19,2026-06-18,211,15.0,58.7476
2025-11-19,2027-01-15,422,15.0,80.0516
2025-11-19,2028-01-21,793,15.0,97.805
2025-11-20,2025-11-21,1,13.0,7.1915
2025-11-20,2025-11-28,8,13.0,10.598
2025-11-20,2025-12-05,15,13.0,15.5185
2025-11-20,2025-12-12,22,13.0,18.7358
2025-11-20,2025-12-19,29,13.0,21.9531
2025-11-20,2025-12-26,36,13.0,25.1703
2025-11-20,2026-01-02,43,13.0,26.8736
2025-11-20,2026-01-16,57,13.0,29.9016
2025-11-20,2026-04-17,148,13.0,49.2051
2025-11-20,2026-06-18,210,13.0,58.2892
2025-11-20,2026-07-17,239,13.0,60.1817
2025-11-20,2027-01-15,421,12.0,75.7002
2025-11-20,2028-01-21,792,12.0,108.2513
2025-11-21,2025-11-28,7,13.0,9.5853
2025-11-21,2025-12-05,14,13.0,15.0626
2025-11-21,2025-12-12,21,13.0,18.5837
2025-11-21,2025-12-19,28,13.0,21.518
2025-11-21,2025-12-26,35,13.0,24.2567
2025-11-21,2026-01-02,42,13.0,26.7997
2025-11-21,2026-01-16,56,13.0,30.5164
2025-11-21,2026-04-17,147,13.0,49.2958
2025-11-21,2026-06-18,209,13.0,59.4679
2025-11-21,2026-07-17,238,13.0,61.4241
2025-11-21,2027-01-15,420,12.0,75.8998
2025-11-21,2028-01-21,791,12.0,94.288
2025-11-24,2025-11-28,4,14.0,6.9792
2025-11-24,2025-12-05,11,14.0,12.5268
2025-11-24,2025-12-12,18,14.0,16.2849
2025-11-24,2025-12-19,25,14.0,19.864
2025-11-24,2025-12-26,32,14.0,22.1904
2025-11-24,2026-01-02,39,14.0,25.7695
2025-11-24,2026-01-16,53,14.0,27.738
2025-11-24,2026-04-17,144,14.0,47.423
2025-11-24,2026-06-18,206,14.0,57.2656
2025-11-24,2026-07-17,235,14.0,62.6342
2025-11-24,2027-01-15,417,15.0,81.6034
2025-11-24,2028-01-21,788,15.0,110.2362
2025-11-25,2025-11-28,3,14.5,5.6897
2025-11-25,2025-12-05,10,14.5,13.2759
2025-11-25,2025-12-12,17,14.5,16.3793
2025-11-25,2025-12-19,24,14.5,19.6552
2025-11-25,2025-12-26,31,14.5,21.8966
2025-11-25,2026-01-02,38,14.5,24.3103
2025-11-25,2026-01-16,52,14.0,27.5862
2025-11-25,2026-04-17,143,14.0,46.8966
2025-11-25,2026-06-18,205,14.0,54.8276
2025-11-25,2026-07-17,234,14.0,59.3103
2025-11-25,2027-01-15,416,15.0,81.7241
2025-11-25,2028-01-21,787,15.0,97.2414
2025-11-26,2025-11-28,2,14.5,5.2228
2025-11-26,2025-12-05,9,14.5,10.6198
2025-11-26,2025-12-12,16,14.5,15.3203
2025-11-26,2025-12-19,23,14.5,18.6281
2025-11-26,2025-12-26,30,14.5,21.4136
2025-11-26,2026-01-02,37,14.5,23.3287
2025-11-26,2026-01-09,44,14.5,24.0251
2025-11-26,2026-01-16,51,14.0,26.6365
2025-11-26,2026-04-17,142,14.0,46.4833
2025-11-26,2026-06-18,204,14.0,56.4067
2025-11-26,2026-07-17,233,14.0,57.7994
2025-11-26,2027-01-15,415,15.0,80.7799
2025-11-26,2028-01-21,786,15.0,101.6713
2025-11-28,2025-12-05,7,14.5,10.2431
2025-11-28,2025-12-12,14,14.5,14.4097
2025-11-28,2025-12-19,21,14.5,17.8819
2025-11-28,2025-12-26,28,14.5,19.7917
2025-11-28,2026-01-02,35,14.5,23.0903
2025-11-28,2026-01-09,42,14.5,25.0
2025-11-28,2026-01-16,49,14.0,26.0417
2025-11-28,2026-04-17,140,14.0,46.7014
2025-11-28,2026-06-18,202,14.0,55.9028
2025-11-28,2026-07-17,231,14.0,58.3333
2025-11-28,2027-01-15,413,15.0,79.5139
2025-11-28,2028-01-21,784,15.0,101.3889
2025-12-01,2025-12-05,4,14.0,8.7065
2025-12-01,2025-12-12,11,14.0,13.6816
2025-12-01,2025-12-19,18,14.0,17.2353
2025-12-01,2025-12-26,25,14.0,19.1898
2025-12-01,2026-01-02,32,14.0,23.4542
2025-12-01,2026-01-09,39,14.0,25.231
2025-12-01,2026-01-16,46,14.0,25.9417
2025-12-01,2026-04-17,137,14.0,45.8422
2025-12-01,2026-06-18,199,14.0,56.1478
2025-12-01,2026-07-17,228,14.0,58.28
2025-12-01,2027-01-15,410,15.0,81.3788
2025-12-01,2028-01-21,781,15.0,95.9488
2025-12-02,2025-12-05,3,15.0,7.6412
2025-12-02,2025-12-12,10,15.0,12.9568
2025-12-02,2025-12-19,17,15.0,16.4452
2025-12-02,2025-12-26,24,15.0,18.9369
2025-12-02,2026-01-02,31,15.0,21.7608
2025-12-02,2026-01-09,38,15.0,23.0897
2025-12-02,2026-01-16,45,15.0,25.7475
2025-12-02,2026-04-17,136,15.0,45.1827
2025-12-02,2026-06-18,198,15.0,54.1528
2025-12-02,2026-07-17,227,15.0,58.804
2025-12-02,2027-01-15,409,15.0,76.412
2025-12-02,2028-01-21,780,15.0,99.6678
2025-12-03,2025-12-05,2,15.0,5.7947
2025-12-03,2025-12-12,9,15.0,11.755
2025-12-03,2025-12-19,16,15.0,16.0596
2025-12-03,2025-12-26,23,15.0,18.3775
2025-12-03,2026-01-02,30,15.0,20.5298
2025-12-03,2026-01-09,37,15.0,23.1788
2025-12-03,2026-01-16,44,15.0,25.1656
2025-12-03,2026-04-17,135,15.0,45.3642
2025-12-03,2026-06-18,197,15.0,52.649
2025-12-03,2026-07-17,226,15.0,58.6093
2025-12-03,2027-01-15,408,15.0,77.4834
2025-12-03,2028-01-21,779,15.0,97.6821
2025-12-04,2025-12-05,1,16.5,5.0551
2025-12-04,2025-12-12,8,16.5,13.4804
2025-12-04,2025-12-19,15,16.5,17.31
2025-12-04,2025-12-26,22,16.5,18.9951
2025-12-04,2026-01-02,29,16.5,22.3652
2025-12-04,2026-01-09,36,16.5,25.4289
2025-12-04,2026-01-16,43,16.0,26.9608
2025-12-04,2026-01-23,50,16.5,28.1863
2025-12-04,2026-04-17,134,16.0,46.875
2025-12-04,2026-06-18,196,16.0,56.3726
2025-12-04,2026-07-17,225,16.0,59.7426
2025-12-04,2027-01-15,407,17.0,80.8824
2025-12-04,2028-01-21,778,17.0,108.4559
2025-12-05,2025-12-12,7,15.5,10.2498
2025-12-05,2025-12-19,14,15.5,15.6951
2025-12-05,2025-12-26,21,15.5,17.7771
2025-12-05,2026-01-02,28,15.5,20.1794
2025-12-05,2026-01-09,35,15.5,24.6637
2025-12-05,2026-01-16,42,16.0,26.5855
2025-12-05,2026-01-23,49,15.5,28.1871
2025-12-05,2026-04-17,133,16.0,47.7258
2025-12-05,2026-06-18,195,16.0,57.0147
2025-12-05,2026-07-17,224,16.0,58.296
2025-12-05,2027-01-15,406,15.0,76.8738
2025-12-05,2028-01-21,777,15.0,94.1704
2025-12-08,2025-12-12,4,15.5,8.5539
2025-12-08,2025-12-19,11,15.5,14.3641
2025-12-08,2025-12-26,18,15.5,16.3008
2025-12-08,2026-01-02,25,15.5,16.785
2025-12-08,2026-01-09,32,15.5,24.0478
2025-12-08,2026-01-16,39,15.0,24.8547
2025-12-08,2026-01-23,46,15.5,28.7282
2025-12-08,2026-04-17,130,15.0,45.1904
2025-12-08,2026-06-18,192,15.0,54.8741
2025-12-08,2026-07-17,221,15.0,57.7792
2025-12-08,2027-01-15,403,15.0,75.5326
2025-12-08,2028-01-21,774,15.0,106.1975
2025-12-09,2025-12-12,3,15.5,7.3052
2025-12-09,2025-12-19,10,15.5,12.987
2025-12-09,2025-12-26,17,15.5,15.5844
2025-12-09,2026-01-02,24,15.5,17.3701
2025-12-09,2026-01-09,31,15.5,21.7532
2025-12-09,2026-01-16,38,15.0,24.1883
2025-12-09,2026-01-23,45,15.5,26.2987
2025-12-09,2026-04-17,129,15.0,44.8052
2025-12-09,2026-06-18,191,15.0,54.2208
2025-12-09,2026-07-17,220,15.0,58.1169
2025-12-09,2027-01-15,402,15.0,77.5974
2025-12-09,2028-01-21,773,15.0,105.5195
2025-12-10,2025-12-12,2,15.0,6.7295
2025-12-10,2025-12-19,9,15.0,12.4495
2025-12-10,2025-12-26,16,15.0,15.3096
2025-12-10,2026-01-02,23,15.0,19.0108
2025-12-10,2026-01-09,30,15.0,21.3661
2025-12-10,2026-01-16,37,15.0,23.8896
2025-12-10,2026-01-23,44,15.0,26.7497
2025-12-10,2026-04-17,128,15.0,44.751
2025-12-10,2026-06-18,190,15.0,56.1911
2025-12-10,2026-07-17,219,15.0,59.5559
2025-12-10,2027-01-15,401,15.0,78.3984
2025-12-10,2028-01-21,772,15.0,99.5962
2025-12-11,2025-12-12,1,16.0,5.0569
2025-12-11,2025-12-19,8,16.0,11.0619
2025-12-11,2025-12-26,15,16.0,14.8546
2025-12-11,2026-01-02,22,16.0,18.1732
2025-12-11,2026-01-09,29,16.0,21.6498
2025-12-11,2026-01-16,36,16.0,23.7042
2025-12-11,2026-01-23,43,16.0,26.2326
2025-12-11,2026-01-30,50,16.0,27.6549
2025-12-11,2026-04-17,127,16.0,46.1441
2025-12-11,2026-06-18,189,16.0,55.6258
2025-12-11,2026-07-17,218,16.0,59.4185
2025-12-11,2027-01-15,400,15.0,76.1694
2025-12-11,2028-01-21,771,15.0,97.3451
2025-12-12,2025-12-19,7,14.5,10.2951
2025-12-12,2025-12-26,14,14.5,13.2121
2025-12-12,2026-01-02,21,14.5,16.6438
2025-12-12,2026-01-09,28,14.5,17.8449
2025-12-12,2026-01-16,35,15.0,22.9925
2025-12-12,2026-01-23,42,14.5,24.8799
2025-12-12,2026-01-30,49,14.5,26.9389
2025-12-12,2026-04-17,126,15.0,45.2986
2025-12-12,2026-06-18,188,15.0,55.5937
2025-12-12,2026-07-17,217,15.0,57.6527
2025-12-12,2027-01-15,399,15.0,76.8703
2025-12-12,2028-01-21,770,15.0,103.9808
2025-12-15,2025-12-19,4,14.0,8.5592
2025-12-15,2025-12-26,11,14.0,12.4822
2025-12-15,2026-01-02,18,14.0,16.9401
2025-12-15,2026-01-09,25,14.0,19.7932
2025-12-15,2026-01-16,32,14.0,21.933
2025-12-15,2026-01-23,39,14.0,24.0728
2025-12-15,2026-01-30,46,14.0,25.6776
2025-12-15,2026-04-17,123,14.0,44.7575
2025-12-15,2026-06-18,185,14.0,55.2782
2025-12-15,2026-07-17,214,14.0,57.0613
2025-12-15,2027-01-15,396,15.0,78.816
2025-12-15,2028-01-21,767,15.0,110.913
2025-12-16,2025-12-19,3,14.0,7.8125
2025-12-16,2025-12-26,10,14.0,11.5412
2025-12-16,2026-01-02,17,14.0,14.9148
2025-12-16,2026-01-09,24,14.0,18.2884
2025-12-16,2026-01-16,31,14.0,20.9517
2025-12-16,2026-01-23,38,14.0,22.5497
2025-12-16,2026-01-30,45,14.0,25.5682
2025-12-16,2026-04-17,122,14.0,43.1463
2025-12-16,2026-06-18,184,14.0,53.267
2025-12-16,2026-07-17,213,14.0,56.4631
2025-12-16,2027-01-15,395,15.0,78.125
2025-12-16,2028-01-21,766,15.0,111.1506
2025-12-17,2025-12-19,2,13.5,6.3103
2025-12-17,2025-12-26,9,13.5,8.3519
2025-12-17,2026-01-02,16,13.5,14.4766
2025-12-17,2026-01-09,23,13.5,16.3326
2025-12-17,2026-01-16,30,13.0,20.2301
2025-12-17,2026-01-23,37,13.5,23.0141
2025-12-17,2026-01-30,44,13.5,26.5405
2025-12-17,2026-04-17,121,13.0,41.9451
2025-12-17,2026-06-18,183,13.0,49.1834
2025-12-17,2026-07-17,212,13.0,55.8649
2025-12-17,2027-01-15,394,12.0,72.3831
2025-12-17,2028-01-21,765,12.0,101.3363
2025-12-18,2025-12-19,1,14.0,5.0072
2025-12-18,2025-12-26,8,14.0,9.4778
2025-12-18,2026-01-02,15,14.0,13.2332
2025-12-18,2026-01-09,22,14.0,17.3462
2025-12-18,2026-01-16,29,14.0,19.671
2025-12-18,2026-01-23,36,14.0,22.5322
2025-12-18,2026-01-30,43,14.0,25.0358
2025-12-18,2026-02-20,64,14.0,29.5064
2025-12-18,2026-04-17,120,14.0,43.4549
2025-12-18,2026-06-18,182,14.0,52.9328
2025-12-18,2026-07-17,211,14.0,56.5093
2025-12-18,2027-01-15,393,15.0,79.7568
2025-12-18,2028-01-21,764,15.0,105.1502
2025-12-19,2025-12-26,7,15.0,7.9628
2025-12-19,2026-01-02,14,15.0,12.1102
2025-12-19,2026-01-09,21,15.0,16.4234
2025-12-19,2026-01-16,28,15.0,19.0776
2025-12-19,2026-01-23,35,15.0,21.7319
2025-12-19,2026-01-30,42,15.0,23.8885
2025-12-19,2026-02-20,63,15.0,29.8607
2025-12-19,2026-04-17,119,15.0,41.8049
2025-12-19,2026-06-18,181,15.0,51.7585
2025-12-19,2026-07-17,210,15.0,56.7352
2025-12-19,2027-01-15,392,15.0,76.6423
2025-12-19,2028-01-21,763,15.0,99.8673
2025-12-22,2025-12-26,4,15.0,5.6329
2025-12-22,2026-01-02,11,15.0,9.9404
2025-12-22,2026-01-09,18,15.0,13.2538
2025-12-22,2026-01-16,25,15.0,16.7329
2025-12-22,2026-01-23,32,15.0,19.3837
2025-12-22,2026-01-30,39,15.0,22.2001
2025-12-22,2026-02-20,60,15.0,27.9987
2025-12-22,2026-04-17,116,15.0,39.9271
2025-12-22,2026-06-18,178,15.0,49.7018
2025-12-22,2026-07-17,207,15.0,53.6779
2025-12-22,2027-01-15,389,15.0,74.5527
2025-12-22,2028-01-21,760,15.0,98.4095
2025-12-23,2025-12-26,3,15.0,4.6113
2025-12-23,2026-01-02,10,15.0,9.552
2025-12-23,2026-01-09,17,15.0,13.9987
2025-12-23,2026-01-16,24,15.0,16.7984
2025-12-23,2026-01-23,31,15.0,19.2688
2025-12-23,2026-01-30,38,15.0,22.3979
2025-12-23,2026-02-20,59,15.0,26.1858
2025-12-23,2026-04-17,115,15.0,39.5257
2025-12-23,2026-06-18,177,15.0,48.419
2025-12-23,2026-07-17,206,15.0,53.3597
2025-12-23,2027-01-15,388,15.0,72.1344
2025-12-23,2028-01-21,759,15.0,100.1318
2025-12-24,2025-12-26,2,15.0,3.8079
2025-12-24,2026-01-02,9,15.0,8.7748
2025-12-24,2026-01-09,16,15.0,13.4106
2025-12-24,2026-01-16,23,15.0,16.3907
2025-12-24,2026-01-23,30,15.0,19.3709
2025-12-24,2026-01-30,37,15.0,21.6887
2025-12-24,2026-02-06,44,15.0,24.5033
2025-12-24,2026-02-20,58,15.0,26.9868
2025-12-24,2026-04-17,114,15.0,39.2384
2025-12-24,2026-06-18,176,15.0,48.3444
2025-12-24,2026-07-17,205,15.0,51.6556
2025-12-24,2027-01-15,387,15.0,71.8543
2025-12-24,2028-01-21,758,15.0,97.0199
2025-12-26,2026-01-02,7,14.5,5.6352
2025-12-26,2026-01-09,14,14.5,11.612
2025-12-26,2026-01-16,21,14.5,14.1735
2025-12-26,2026-01-23,28,14.5,18.6134
2025-12-26,2026-01-30,35,14.5,20.4918
2025-12-26,2026-02-06,42,14.5,23.224
2025-12-26,2026-02-20,56,15.0,26.8101
2025-12-26,2026-04-17,112,15.0,39.1052
2025-12-26,2026-06-18,174,15.0,48.1557
2025-12-26,2026-07-17,203,15.0,53.2787
2025-12-26,2027-01-15,385,15.0,72.4044
2025-12-26,2028-01-21,756,15.0,99.7268
2025-12-29,2026-01-02,4,15.0,6.3039
2025-12-29,2026-01-09,11,15.0,11.4466
2025-12-29,2026-01-16,18,15.0,14.5985
2025-12-29,2026-01-23,25,15.0,17.9164
2025-12-29,2026-01-30,32,15.0,20.5707
2025-12-29,2026-02-06,39,15.0,23.7226
2025-12-29,2026-02-20,53,15.0,26.3769
2025-12-29,2026-04-17,109,15.0,37.4917
2025-12-29,2026-06-18,171,15.0,48.1088
2025-12-29,2026-07-17,200,15.0,52.422
2025-12-29,2027-01-15,382,15.0,71.002
2025-12-29,2028-01-21,753,15.0,95.5541
2025-12-30,2026-01-02,3,14.0,4.2224
2025-12-30,2026-01-09,10,14.0,9.5004
2025-12-30,2026-01-16,17,14.0,14.0746
2025-12-30,2026-01-23,24,14.0,17.0654
2025-12-30,2026-01-30,31,14.0,19.7044
2025-12-30,2026-02-06,38,14.0,19.7044
2025-12-30,2026-02-20,52,14.0,24.9824
2025-12-30,2026-04-17,108,14.0,37.6495
2025-12-30,2026-06-18,170,14.0,47.1499
2025-12-30,2026-07-17,199,14.0,50.4926
2025-12-30,2027-01-15,381,15.0,72.1323
2025-12-30,2028-01-21,752,15.0,99.5778
2025-12-31,2026-01-02,2,14.5,3.9546
2025-12-31,2026-01-09,9,14.5,9.6286
2025-12-31,2026-01-16,16,14.5,13.7552
2025-12-31,2026-01-23,23,14.5,16.3343
2025-12-31,2026-01-30,30,14.5,19.4292
2025-12-31,2026-02-06,37,14.5,21.6644
2025-12-31,2026-02-13,44,14.5,25.7909
2025-12-31,2026-02-20,51,15.0,26.3067
2025-12-31,2026-04-17,107,15.0,38.6864
2025-12-31,2026-06-18,169,15.0,48.8308
2025-12-31,2026-07-17,198,15.0,52.9574
2025-12-31,2027-01-15,380,15.0,70.8391
2025-12-31,2028-01-21,751,15.0,99.381
2026-01-02,2026-01-09,7,16.5,9.6223
2026-01-02,2026-01-16,14,16.5,13.4293
2026-01-02,2026-01-23,21,16.5,15.1679
2026-01-02,2026-01-30,28,16.5,18.8249
2026-01-02,2026-02-06,35,16.5,21.223
2026-01-02,2026-02-13,42,16.5,23.5312
2026-01-02,2026-02-20,49,17.0,25.2998
2026-01-02,2026-04-17,105,17.0,38.3993
2026-01-02,2026-06-18,167,17.0,46.9125
2026-01-02,2026-07-17,196,17.0,52.6079
2026-01-02,2027-01-15,378,17.0,72.3921
2026-01-02,2028-01-21,749,17.0,95.4736
2026-01-05,2026-01-09,4,18.5,9.177
2026-01-05,2026-01-16,11,18.5,13.7791
2026-01-05,2026-01-23,18,18.5,17.7856
2026-01-05,2026-01-30,25,18.5,20.2761
2026-01-05,2026-02-06,32,18.5,22.1982
2026-01-05,2026-02-13,39,18.5,23.66
2026-01-05,2026-02-20,46,18.0,25.203
2026-01-05,2026-04-17,102,18.0,38.17
2026-01-05,2026-06-18,164,18.0,47.9155
2026-01-05,2026-07-17,193,18.0,51.5701
2026-01-05,2027-01-15,375,17.0,68.3541
2026-01-05,2028-01-21,746,17.0,88.928
2026-01-06,2026-01-09,3,18.5,8.3697
2026-01-06,2026-01-16,10,18.5,13.4406
2026-01-06,2026-01-23,17,18.5,16.385
2026-01-06,2026-01-30,24,18.5,19.3566
2026-01-06,2026-02-06,31,18.5,21.4286
2026-01-06,2026-02-13,38,18.5,23.5823
2026-01-06,2026-02-20,45,18.0,26.2541
2026-01-06,2026-04-17,101,18.0,39.8037
2026-01-06,2026-06-18,163,18.0,48.5278
2026-01-06,2026-07-17,192,18.0,52.2083
2026-01-06,2027-01-15,374,17.0,68.7023
2026-01-06,2028-01-21,745,17.0,93.7841
2026-01-07,2026-01-09,2,19.0,7.3351
2026-01-07,2026-01-16,9,19.0,12.7441
2026-01-07,2026-01-23,16,19.0,15.8575
2026-01-07,2026-01-30,23,19.0,19.3931
2026-01-07,2026-02-06,30,19.0,20.6596
2026-01-07,2026-02-13,37,19.0,22.3219
2026-01-07,2026-02-20,44,19.0,25.9103
2026-01-07,2026-04-17,100,19.0,39.8417
2026-01-07,2026-06-18,162,19.0,48.9446
2026-01-07,2026-07-17,191,19.0,51.4512
2026-01-07,2027-01-15,373,20.0,74.8021
2026-01-07,2028-01-21,744,20.0,102.7704
2026-01-08,2026-01-09,1,18.5,4.7068
2026-01-08,2026-01-16,8,18.5,11.9957
2026-01-08,2026-01-23,15,18.5,14.9005
2026-01-08,2026-01-30,22,18.5,18.2356
2026-01-08,2026-02-06,29,18.5,21.6514
2026-01-08,2026-02-13,36,18.5,22.3507
2026-01-08,2026-02-20,43,19.0,25.7665
2026-01-08,2026-02-27,50,18.5,26.1969
2026-01-08,2026-04-17,99,19.0,39.5374
2026-01-08,2026-06-18,161,19.0,49.6235
2026-01-08,2026-07-17,190,19.0,53.2544
2026-01-08,2027-01-15,372,20.0,74.7714
2026-01-08,2028-01-21,743,20.0,100.3228
2026-01-09,2026-01-16,7,18.0,10.4075
2026-01-09,2026-01-23,14,18.0,14.0969
2026-01-09,2026-01-30,21,18.0,18.3645
2026-01-09,2026-02-06,28,18.0,20.5672
2026-01-09,2026-02-13,35,18.0,23.0727
2026-01-09,2026-02-20,42,18.0,24.9449
2026-01-09,2026-02-27,49,18.0,26.5419
2026-01-09,2026-04-17,98,18.0,38.5463
2026-01-09,2026-06-18,160,18.0,48.0452
2026-01-09,2026-07-17,189,18.0,51.8998
2026-01-09,2027-01-15,371,17.0,69.1079
2026-01-09,2028-01-21,742,17.0,92.924
2026-01-12,2026-01-16,4,19.5,9.2679
2026-01-12,2026-01-23,11,19.5,13.4735
2026-01-12,2026-01-30,18,19.5,16.5628
2026-01-12,2026-02-06,25,19.5,19.8079
2026-01-12,2026-02-13,32,19.5,22.1963
2026-01-12,2026-02-20,39,19.0,24.3769
2026-01-12,2026-02-27,46,19.5,26.298
2026-01-12,2026-04-17,95,19.0,37.6428
2026-01-12,2026-06-18,157,19.0,48.5462
2026-01-12,2026-07-17,186,19.0,52.0509
2026-01-12,2027-01-15,368,20.0,71.3915
2026-01-12,2028-01-21,739,20.0,101.1163
2026-01-13,2026-01-16,3,19.5,7.7497
2026-01-13,2026-01-23,10,19.5,12.2039
2026-01-13,2026-01-30,17,19.5,16.1174
2026-01-13,2026-02-06,24,19.5,19.0783
2026-01-13,2026-02-13,31,19.5,21.5757
2026-01-13,2026-02-20,38,19.0,23.3522
2026-01-13,2026-02-27,45,19.5,26.2101
2026-01-13,2026-04-17,94,19.0,36.4058
2026-01-13,2026-06-18,156,19.0,47.2451
2026-01-13,2026-07-17,185,19.0,51.4933
2026-01-13,2027-01-15,367,20.0,72.3481
2026-01-13,2028-01-21,738,20.0,100.0257
2026-01-14,2026-01-16,2,21.0,7.4845
2026-01-14,2026-01-23,9,21.0,12.5538
2026-01-14,2026-01-30,16,21.0,17.0732
2026-01-14,2026-02-06,23,21.0,20.11
2026-01-14,2026-02-13,30,21.0,22.4534
2026-01-14,2026-02-20,37,21.0,24.725
2026-01-14,2026-02-27,44,21.0,26.901
2026-01-14,2026-04-17,93,21.0,38.2592
2026-01-14,2026-06-18,155,21.0,49.0196
2026-01-14,2026-07-17,184,21.0,52.1282
2026-01-14,2027-01-15,366,20.0,70.8991
2026-01-14,2028-01-21,737,20.0,96.9632
2026-01-15,2026-01-16,1,21.0,4.8996
2026-01-15,2026-01-23,8,21.0,11.2811
2026-01-15,2026-01-30,15,21.0,15.87
2026-01-15,2026-02-06,22,21.0,19.4073
2026-01-15,2026-02-13,29,21.0,22.2992
2026-01-15,2026-02-20,36,21.0,24.283
2026-01-15,2026-02-27,43,21.0,26.7208
2026-01-15,2026-03-20,64,21.0,34.0583
2026-01-15,2026-04-17,92,21.0,38.8384
2026-01-15,2026-06-18,154,21.0,48.9962
2026-01-15,2026-07-17,183,21.0,54.2543
2026-01-15,2027-01-15,365,20.0,70.9847
2026-01-15,2028-01-21,736,20.0,95.4828
2026-01-16,2026-01-23,7,22.0,10.1641
2026-01-16,2026-01-30,14,22.0,14.8815
2026-01-16,2026-02-06,21,22.0,18.7557
2026-01-16,2026-02-13,28,22.0,21.65
2026-01-16,2026-02-20,35,22.0,24.134
2026-01-16,2026-02-27,42,22.0,26.4129
2026-01-16,2026-03-20,63,22.0,32.4749
2026-01-16,2026-04-17,91,22.0,38.4002
2026-01-16,2026-06-18,153,22.0,49.3391
2026-01-16,2026-07-17,182,22.0,52.7575
2026-01-16,2027-01-15,364,22.0,72.2425
2026-01-16,2028-01-21,735,22.0,95.2598
2026-01-20,2026-01-23,3,23.5,8.9711
2026-01-20,2026-01-30,10,24.0,14.5833
2026-01-20,2026-02-06,17,23.5,18.835
2026-01-20,2026-02-13,24,24.0,22.1301
2026-01-20,2026-02-20,31,23.5,23.9371
2026-01-20,2026-02-27,38,23.5,27.551
2026-01-20,2026-03-20,59,24.0,33.4821
2026-01-20,2026-04-17,87,24.0,39.1156
2026-01-20,2026-06-18,149,24.0,50.7015
2026-01-20,2026-07-17,178,24.0,55.0595
2026-01-20,2027-01-15,360,25.0,75.3614
2026-01-20,2028-01-21,731,25.0,98.6395
2026-01-21,2026-01-23,2,22.5,6.8828
2026-01-21,2026-01-30,9,23.0,13.4991
2026-01-21,2026-02-06,16,22.5,18.1394
2026-01-21,2026-02-13,23,23.0,21.2256
2026-01-21,2026-02-20,30,22.5,23.6901
2026-01-21,2026-02-27,37,22.5,26.7984
2026-01-21,2026-03-20,58,23.0,32.7487
2026-01-21,2026-04-17,86,23.0,38.8544
2026-01-21,2026-06-18,148,23.0,49.5115
2026-01-21,2026-07-17,177,23.0,55.0622
2026-01-21,2027-01-15,359,22.0,74.1563
2026-01-21,2028-01-21,730,22.0,92.4734
2026-01-22,2026-01-23,1,24.5,4.7093
2026-01-22,2026-01-30,8,24.5,12.5717
2026-01-22,2026-02-06,15,24.5,17.629
2026-01-22,2026-02-13,22,24.0,20.5774
2026-01-22,2026-02-20,29,24.5,22.7273
2026-01-22,2026-02-27,36,24.0,25.86
2026-01-22,2026-03-06,43,24.5,27.5799
2026-01-22,2026-03-20,57,24.0,32.1458
2026-01-22,2026-04-17,85,24.0,38.493
2026-01-22,2026-06-18,147,24.0,49.7543
2026-01-22,2026-07-17,176,24.0,53.1327
2026-01-22,2027-01-15,358,25.0,73.1982
2026-01-22,2028-01-21,729,25.0,99.3038
2026-01-23,2026-01-30,7,25.5,11.3137
2026-01-23,2026-02-06,14,25.5,16.5294
2026-01-23,2026-02-13,21,26.0,20.3529
2026-01-23,2026-02-20,28,25.5,22.549
2026-01-23,2026-02-27,35,26.0,26.2745
2026-01-23,2026-03-06,42,25.5,28.6078
2026-01-23,2026-03-20,56,26.0,32.451
2026-01-23,2026-04-17,84,26.0,38.7255
2026-01-23,2026-06-18,146,26.0,50.3922
2026-01-23,2026-07-17,175,26.0,53.8235
2026-01-23,2027-01-15,357,25.0,72.1569
2026-01-23,2028-01-21,728,25.0,96.3725
2026-01-26,2026-01-30,4,23.5,8.9584
2026-01-26,2026-02-06,11,23.5,15.3236
2026-01-26,2026-02-13,18,23.5,17.8526
2026-01-26,2026-02-20,25,23.5,21.6674
2026-01-26,2026-02-27,32,23.5,24.7321
2026-01-26,2026-03-06,39,23.5,27.2825
2026-01-26,2026-03-20,53,23.0,30.2186
2026-01-26,2026-04-17,81,23.0,36.5409
2026-01-26,2026-06-18,143,23.0,48.4355
2026-01-26,2026-07-17,172,23.0,52.9361
2026-01-26,2026-11-20,298,22.0,64.9378
2026-01-26,2027-01-15,354,22.0,71.796
2026-01-26,2028-01-21,725,22.0,97.1925
2026-01-27,2026-01-30,3,24.0,8.5472
2026-01-27,2026-02-06,10,24.0,14.404
2026-01-27,2026-02-13,17,24.0,18.3154
2026-01-27,2026-02-20,24,24.0,21.2955
2026-01-27,2026-02-27,31,24.0,24.1515
2026-01-27,2026-03-06,38,24.0,27.0695
2026-01-27,2026-03-20,52,24.0,30.9396
2026-01-27,2026-04-17,80,24.0,37.1482
2026-01-27,2026-06-18,142,24.0,48.8411
2026-01-27,2026-07-17,171,24.0,53.0836
2026-01-27,2026-11-20,297,25.0,69.1225
2026-01-27,2027-01-15,353,25.0,75.1242
2026-01-27,2028-01-21,724,25.0,101.8212
2026-01-28,2026-01-30,2,27.5,7.5758
2026-01-28,2026-02-06,9,27.5,14.7006
2026-01-28,2026-02-13,16,27.5,19.1558
2026-01-28,2026-02-20,23,27.5,21.4466
2026-01-28,2026-02-27,30,28.0,25.7035
2026-01-28,2026-03-06,37,28.0,28.5895
2026-01-28,2026-03-20,51,28.0,32.7381
2026-01-28,2026-04-17,79,28.0,38.6003
2026-01-28,2026-06-18,141,28.0,51.2266
2026-01-28,2026-07-17,170,28.0,54.2929
2026-01-28,2026-11-20,296,27.0,67.5505
2026-01-28,2027-01-15,352,27.0,74.3146
2026-01-28,2028-01-21,723,27.0,97.6732
2026-01-29,2026-01-30,1,25.0,5.6672
2026-01-29,2026-02-06,8,25.0,13.7661
2026-01-29,2026-02-13,15,25.0,18.2476
2026-01-29,2026-02-20,22,25.0,21.1214
2026-01-29,2026-02-27,29,25.0,24.6182
2026-01-29,2026-03-06,36,25.0,27.0297
2026-01-29,2026-03-13,43,25.0,31.5514
2026-01-29,2026-03-20,50,25.0,31.6519
2026-01-29,2026-04-17,78,25.0,38.6857
2026-01-29,2026-06-18,140,25.0,51.6479
2026-01-29,2026-07-17,169,25.0,55.9687
2026-01-29,2026-11-20,295,25.0,69.8352
2026-01-29,2027-01-15,351,25.0,75.5627
2026-01-29,2028-01-21,722,25.0,98.6736
2026-01-30,2026-02-06,7,22.5,12.3886
2026-01-30,2026-02-13,14,22.5,16.8004
2026-01-30,2026-02-20,21,22.5,20.2763
2026-01-30,2026-02-27,28,22.5,24.0196
2026-01-30,2026-03-06,35,22.5,26.2701
2026-01-30,2026-03-13,42,22.5,31.016
2026-01-30,2026-03-20,49,22.0,30.0802
2026-01-30,2026-04-17,77,22.0,36.4305
2026-01-30,2026-06-18,139,22.0,48.574
2026-01-30,2026-07-17,168,22.0,52.4733
2026-01-30,2026-11-20,294,22.0,67.5134
2026-01-30,2027-01-15,350,22.0,73.3066
2026-01-30,2028-01-21,721,22.0,97.1479
2026-02-02,2026-02-06,4,21.0,10.4474
2026-02-02,2026-02-13,11,21.0,14.9453
2026-02-02,2026-02-20,18,21.0,18.277
2026-02-02,2026-02-27,25,21.0,21.8705
2026-02-02,2026-03-06,32,21.0,24.5597
2026-02-02,2026-03-13,39,21.0,29.5336
2026-02-02,2026-03-20,46,21.0,28.8196
2026-02-02,2026-04-17,74,21.0,35.8163
2026-02-02,2026-06-18,136,21.0,47.3584
2026-02-02,2026-07-17,165,21.0,52.475
2026-02-02,2026-11-20,291,22.0,71.2756
2026-02-02,2027-01-15,347,22.0,73.5364
2026-02-02,2028-01-21,718,22.0,97.5726
2026-02-03,2026-02-06,3,24.5,9.9878
2026-02-03,2026-02-13,10,24.5,15.9804
2026-02-03,2026-02-20,17,24.5,19.7717
2026-02-03,2026-02-27,24,25.0,24.0114
2026-02-03,2026-03-06,31,24.5,25.8051
2026-02-03,2026-03-13,38,24.5,27.6804
2026-02-03,2026-03-20,45,25.0,31.3901
2026-02-03,2026-04-17,73,25.0,38.4223
2026-02-03,2026-06-18,135,25.0,49.735
2026-02-03,2026-07-17,164,25.0,54.9327
2026-02-03,2026-11-20,290,25.0,70.3221
2026-02-03,2027-01-15,346,25.0,73.5834
2026-02-03,2028-01-21,717,25.0,99.9796
2026-02-04,2026-02-06,2,21.5,9.1036
2026-02-04,2026-02-13,9,21.5,14.9393
2026-02-04,2026-02-20,16,21.5,19.1176
2026-02-04,2026-02-27,23,21.5,22.3389
2026-02-04,2026-03-06,30,21.5,25.1167
2026-02-04,2026-03-13,37,21.5,27.9645
2026-02-04,2026-03-20,44,21.0,29.6218
2026-02-04,2026-04-17,72,21.0,36.1811
2026-02-04,2026-06-18,134,21.0,48.5528
2026-02-04,2026-07-17,163,21.0,52.1709
2026-02-04,2026-11-20,289,22.0,69.7946
2026-02-04,2027-01-15,345,22.0,74.5798
2026-02-04,2028-01-21,716,22.0,102.591
2026-02-05,2026-02-06,1,19.5,5.8448
2026-02-05,2026-02-13,8,19.5,14.2164
2026-02-05,2026-02-20,15,19.5,17.6365
2026-02-05,2026-02-27,22,19.5,23.3027
2026-02-05,2026-03-06,29,19.5,25.0383
2026-02-05,2026-03-13,36,19.5,29.8367
2026-02-05,2026-03-20,43,20.0,30.6023
2026-02-05,2026-03-27,50,19.5,31.2915
2026-02-05,2026-04-17,71,20.0,37.2639
2026-02-05,2026-06-18,133,20.0,49.7703
2026-02-05,2026-07-17,162,20.0,52.7055
2026-02-05,2026-11-20,288,20.0,69.806
2026-02-05,2027-01-15,344,20.0,74.145
2026-02-05,2028-01-21,715,20.0,98.9025
2026-02-06,2026-02-13,7,21.0,12.4647
2026-02-06,2026-02-20,14,21.0,15.8577
2026-02-06,2026-02-27,21,21.0,21.8426
2026-02-06,2026-03-06,28,21.0,23.869
2026-02-06,2026-03-13,35,21.0,26.5787
2026-02-06,2026-03-20,42,21.0,28.8407
2026-02-06,2026-03-27,49,21.0,30.3959
2026-02-06,2026-04-17,70,21.0,35.9331
2026-02-06,2026-06-18,132,21.0,47.95
2026-02-06,2026-07-17,161,21.0,52.427
2026-02-06,2026-11-20,287,22.0,69.0386
2026-02-06,2027-01-15,343,22.0,74.4581
2026-02-06,2028-01-21,714,22.0,97.6673
2026-02-09,2026-02-13,4,23.0,10.0866
2026-02-09,2026-02-20,11,23.0,14.9351
2026-02-09,2026-02-27,18,23.0,19.5238
2026-02-09,2026-03-06,25,23.0,23.0952
2026-02-09,2026-03-13,32,23.0,26.6234
2026-02-09,2026-03-20,39,23.0,28.1385
2026-02-09,2026-03-27,46,23.0,30.4113
2026-02-09,2026-04-17,67,23.0,35.7143
2026-02-09,2026-06-18,129,23.0,48.3766
2026-02-09,2026-07-17,158,23.0,52.9221
2026-02-09,2026-11-20,284,22.0,66.5584
2026-02-09,2027-01-15,340,22.0,71.3203
2026-02-09,2028-01-21,711,22.0,96.8615
2026-02-10,2026-02-13,3,22.0,8.9154
2026-02-10,2026-02-20,10,22.0,14.0855
2026-02-10,2026-02-27,17,22.0,18.704
2026-02-10,2026-03-06,24,22.0,22.6103
2026-02-10,2026-03-13,31,22.0,25.1379
2026-02-10,2026-03-20,38,22.0,27.2518
2026-02-10,2026-03-27,45,22.0,29.3199
2026-02-10,2026-04-17,66,22.0,34.8116
2026-02-10,2026-06-18,128,22.0,47.7941
2026-02-10,2026-07-17,157,22.0,51.3557
2026-02-10,2026-11-20,283,22.0,68.5892
2026-02-10,2027-01-15,339,22.0,72.3805
2026-02-10,2028-01-21,710,22.0,93.6351
2026-02-11,2026-02-13,2,22.5,7.9252
2026-02-11,2026-02-20,9,22.5,13.4461
2026-02-11,2026-02-27,16,22.5,18.8335
2026-02-11,2026-03-06,23,22.5,22.4176
2026-02-11,2026-03-13,30,22.5,23.9982
2026-02-11,2026-03-20,37,22.0,26.8255
2026-02-11,2026-03-27,44,22.5,28.4506
2026-02-11,2026-04-17,65,22.0,33.9492
2026-02-11,2026-06-18,127,22.0,45.8593
2026-02-11,2026-07-17,156,22.0,50.9795
2026-02-11,2026-11-20,282,22.0,66.2289
2026-02-11,2027-01-15,338,22.0,72.2395
2026-02-11,2028-01-21,709,22.0,96.2823
2026-02-12,2026-02-13,1,21.5,5.4225
2026-02-12,2026-02-20,8,21.5,12.3005
2026-02-12,2026-02-27,15,21.5,17.77
2026-02-12,2026-03-06,22,21.5,21.8545
2026-02-12,2026-03-13,29,21.5,24.6714
2026-02-12,2026-03-20,36,21.0,26.4554
2026-02-12,2026-03-27,43,21.5,28.8498
2026-02-12,2026-04-02,49,21.5,33.2629
2026-02-12,2026-04-17,64,21.0,33.6854
2026-02-12,2026-06-18,126,21.0,46.9484
2026-02-12,2026-07-17,155,21.0,51.8779
2026-02-12,2026-11-20,281,22.0,68.8967
2026-02-12,2027-01-15,337,22.0,73.1221
2026-02-12,2028-01-21,708,22.0,99.8826
2026-02-13,2026-02-20,7,20.5,10.4971
2026-02-13,2026-02-27,14,20.5,16.3369
2026-02-13,2026-03-06,21,20.5,20.2703
2026-02-13,2026-03-13,28,20.5,23.9624
2026-02-13,2026-03-20,35,21.0,25.6515
2026-02-13,2026-03-27,42,20.5,28.4025
2026-02-13,2026-04-02,48,20.5,30.3571
2026-02-13,2026-04-17,63,21.0,34.0251
2026-02-13,2026-06-18,125,21.0,46.8147
2026-02-13,2026-07-17,154,21.0,52.4855
2026-02-13,2026-11-20,280,20.0,65.7577
2026-02-13,2027-01-15,336,20.0,70.8253
2026-02-13,2028-01-21,707,20.0,97.249
2026-02-17,2026-02-20,3,20.5,8.7992
2026-02-17,2026-02-27,10,20.5,15.0219
2026-02-17,2026-03-06,17,20.5,19.2756
2026-02-17,2026-03-13,24,20.5,22.1682
2026-02-17,2026-03-20,31,21.0,24.9149
2026-02-17,2026-03-27,38,20.5,28.1721
2026-02-17,2026-04-02,44,20.5,29.3145
2026-02-17,2026-04-17,59,21.0,32.8148
2026-02-17,2026-06-18,121,21.0,46.0622
2026-02-17,2026-07-17,150,21.0,50.316
2026-02-17,2026-11-20,276,20.0,65.3865
2026-02-17,2027-01-15,332,20.0,71.0987
2026-02-17,2028-01-21,703,20.0,96.9859
2026-02-18,2026-02-20,2,21.5,6.7713
2026-02-18,2026-02-27,9,21.5,13.8941
2026-02-18,2026-03-06,16,21.5,18.0178
2026-02-18,2026-03-13,23,21.5,21.0872
2026-02-18,2026-03-20,30,21.0,23.6176
2026-02-18,2026-03-27,37,21.5,25.7263
2026-02-18,2026-04-02,43,21.5,27.5539
2026-02-18,2026-04-17,58,21.0,31.5136
2026-02-18,2026-06-18,120,21.0,44.283
2026-02-18,2026-07-17,149,21.0,49.0862
2026-02-18,2026-11-20,275,22.0,66.776
2026-02-18,2027-01-15,331,22.0,72.5164
2026-02-18,2028-01-21,702,22.0,98.2896
2026-02-19,2026-02-20,1,22.0,4.802
2026-02-19,2026-02-27,8,22.0,13.2681
2026-02-19,2026-03-06,15,22.0,17.7515
2026-02-19,2026-03-13,22,22.0,20.7328
2026-02-19,2026-03-20,29,22.0,23.3045
2026-02-19,2026-03-27,36,22.0,25.8534
2026-02-19,2026-04-02,42,22.0,27.2645
2026-02-19,2026-04-17,57,22.0,31.0651
2026-02-19,2026-06-18,119,22.0,43.8097
2026-02-19,2026-07-17,148,22.0,46.9959
2026-02-19,2026-10-16,239,22.0,59.0578
2026-02-19,2026-11-20,274,22.0,61.7888
2026-02-19,2027-01-15,330,22.0,68.7301
2026-02-19,2028-01-21,701,22.0,94.1056
2026-02-20,2026-02-27,7,21.5,12.2014
2026-02-20,2026-03-06,14,21.5,16.5808
2026-02-20,2026-03-13,21,21.5,19.9532
2026-02-20,2026-03-20,28,21.0,22.2717
2026-02-20,2026-03-27,35,21.5,24.8009
2026-02-20,2026-04-02,41,21.5,26.815
2026-02-20,2026-04-17,56,21.0,30.1639
2026-02-20,2026-06-18,118,21.0,43.2084
2026-02-20,2026-07-17,147,21.0,47.1897
2026-02-20,2026-10-16,238,21.0,58.8993
2026-02-20,2026-11-20,273,22.0,62.7635
2026-02-20,2027-01-15,329,22.0,70.1405
2026-02-20,2028-01-21,700,22.0,97.541
2026-02-23,2026-02-27,4,21.0,11.2988
2026-02-23,2026-03-06,11,21.0,15.7231
2026-02-23,2026-03-13,18,21.0,19.4814
2026-02-23,2026-03-20,25,21.0,22.1456
2026-02-23,2026-03-27,32,21.0,23.9058
2026-02-23,2026-04-02,38,21.0,26.3083
2026-02-23,2026-04-17,53,21.0,30.0904
2026-02-23,2026-06-18,115,21.0,43.2921
2026-02-23,2026-07-17,144,21.0,47.8116
2026-02-23,2026-10-16,235,21.0,60.4186
2026-02-23,2026-11-20,270,21.0,62.9163
2026-02-23,2027-01-15,326,22.0,71.4795
2026-02-23,2028-01-21,697,22.0,96.9315
2026-02-24,2026-02-27,3,23.0,10.8256
2026-02-24,2026-03-06,10,23.0,15.1515
2026-02-24,2026-03-13,17,23.0,19.0382
2026-02-24,2026-03-20,24,23.0,21.805
2026-02-24,2026-03-27,31,23.0,24.2644
2026-02-24,2026-04-02,37,23.0,26.5481
2026-02-24,2026-04-17,52,23.0,31.0716
2026-02-24,2026-06-18,114,23.0,44.2468
2026-02-24,2026-07-17,143,23.0,48.7484
2026-02-24,2026-10-16,234,23.0,60.7159
2026-02-24,2026-11-20,269,23.0,63.3509
2026-02-24,2027-01-15,325,22.0,68.621
2026-02-24,2028-01-21,696,22.0,91.5679
2026-02-25,2026-02-27,2,22.5,9.5575
2026-02-25,2026-03-06,9,22.5,14.1593
2026-02-25,2026-03-13,16,22.5,17.7434
2026-02-25,2026-03-20,23,22.5,20.708
2026-02-25,2026-03-27,30,22.5,24.0265
2026-02-25,2026-04-02,36,22.5,25.4204
2026-02-25,2026-04-17,51,23.0,31.0841
2026-02-25,2026-06-18,113,23.0,43.4735
2026-02-25,2026-07-17,142,23.0,47.4558
2026-02-25,2026-10-16,233,23.0,60.7301
2026-02-25,2026-11-20,268,23.0,64.823
2026-02-25,2027-01-15,324,22.0,67.8097
2026-02-25,2028-01-21,695,22.0,93.2522
2026-02-26,2026-02-27,1,23.0,7.3117
2026-02-26,2026-03-06,8,23.0,13.3319
2026-02-26,2026-03-13,15,23.0,17.5569
2026-02-26,2026-03-20,22,23.0,20.6655
2026-02-26,2026-03-27,29,23.0,23.4457
2026-02-26,2026-04-02,35,23.0,25.2846
2026-02-26,2026-04-10,43,23.0,27.4081
2026-02-26,2026-04-17,50,23.0,28.6778
2026-02-26,2026-06-18,112,23.0,42.6883
2026-02-26,2026-07-17,141,23.0,47.0665
2026-02-26,2026-10-16,232,23.0,59.5447
2026-02-26,2026-11-20,267,23.0,62.6095
2026-02-26,2027-01-15,323,22.0,67.535
2026-02-26,2028-01-21,694,22.0,90.9588
2026-02-27,2026-03-06,7,21.5,11.5619
2026-02-27,2026-03-13,14,21.5,15.7833
2026-02-27,2026-03-20,21,21.5,19.3949
2026-02-27,2026-03-27,28,21.5,22.4203
2026-02-27,2026-04-02,34,21.5,24.273
2026-02-27,2026-04-10,42,21.5,26.8058
2026-02-27,2026-04-17,49,21.0,28.424
2026-02-27,2026-06-18,111,21.0,42.3311
2026-02-27,2026-07-17,140,21.0,47.1388
2026-02-27,2026-10-16,231,21.0,58.5131
2026-02-27,2026-11-20,266,21.0,64.8452
2026-02-27,2027-01-15,322,22.0,70.2392
2026-02-27,2028-01-21,693,22.0,97.4437
2026-03-02,2026-03-06,4,23.5,10.0984
2026-03-02,2026-03-13,11,23.5,15.062
2026-03-02,2026-03-20,18,23.5,18.2927
2026-03-02,2026-03-27,25,23.5,21.887
2026-03-02,2026-04-02,31,23.5,23.6628
2026-03-02,2026-04-10,39,23.5,26.1446
2026-03-02,2026-04-17,46,23.0,28.6478
2026-03-02,2026-06-18,108,23.0,42.255
2026-03-02,2026-07-17,137,23.0,47.6038
2026-03-02,2026-10-16,228,23.0,60.5477
2026-03-02,2026-11-20,263,23.0,60.1198
2026-03-02,2027-01-15,319,22.0,68.0359
2026-03-02,2028-01-21,690,22.0,91.9983
2026-03-03,2026-03-06,3,21.0,9.4543
2026-03-03,2026-03-13,10,21.0,15.5577
2026-03-03,2026-03-20,17,21.0,19.1958
2026-03-03,2026-03-27,24,21.0,22.6424
2026-03-03,2026-04-02,30,21.0,24.2221
2026-03-03,2026-04-10,38,21.0,27.6927
2026-03-03,2026-04-17,45,21.0,29.0809
2026-03-03,2026-06-18,107,21.0,43.8009
2026-03-03,2026-07-17,136,21.0,49.6649
2026-03-03,2026-10-16,227,21.0,61.5127
2026-03-03,2026-11-20,262,21.0,63.5472
2026-03-03,2027-01-15,318,20.0,68.3341
2026-03-03,2028-01-21,689,20.0,88.0804
2026-03-04,2026-03-06,2,22.0,7.5653
2026-03-04,2026-03-13,9,22.0,14.1907
2026-03-04,2026-03-20,16,22.0,17.9276
2026-03-04,2026-03-27,23,22.0,21.6185
2026-03-04,2026-04-02,29,22.0,24.3466
2026-03-04,2026-04-10,37,22.0,27.0747
2026-03-04,2026-04-17,44,22.0,28.1522
2026-03-04,2026-06-18,106,22.0,42.2971
2026-03-04,2026-07-17,135,22.0,47.7992
2026-03-04,2026-10-16,226,22.0,61.5543
2026-03-04,2026-11-20,261,22.0,64.1907
2026-03-04,2027-01-15,317,22.0,69.9221
2026-03-04,2028-01-21,688,22.0,93.7643
2026-03-05,2026-03-06,1,20.5,4.8474
2026-03-05,2026-03-13,8,20.5,12.9921
2026-03-05,2026-03-20,15,20.5,17.9872
2026-03-05,2026-03-27,22,20.5,20.6447
2026-03-05,2026-04-02,28,20.5,22.9577
2026-03-05,2026-04-10,36,20.5,25.7382
2026-03-05,2026-04-17,43,20.0,27.2392
2026-03-05,2026-04-24,50,20.5,27.436
2026-03-05,2026-06-18,105,20.0,41.7077
2026-03-05,2026-07-17,134,20.0,45.5217
2026-03-05,2026-10-16,225,20.0,58.8091
2026-03-05,2026-11-20,260,20.0,63.3612
2026-03-05,2027-01-15,316,20.0,68.1594
2026-03-05,2028-01-21,687,20.0,92.8888
2026-03-06,2026-03-13,7,19.0,12.454
2026-03-06,2026-03-20,14,19.0,16.8944
2026-03-06,2026-03-27,21,19.0,20.2575
2026-03-06,2026-04-02,27,19.0,23.1739
2026-03-06,2026-04-10,35,19.0,25.6437
2026-03-06,2026-04-17,42,19.0,27.9821
2026-03-06,2026-04-24,49,19.0,31.0562
2026-03-06,2026-06-18,104,19.0,41.9075
2026-03-06,2026-07-17,133,19.0,46.7683
2026-03-06,2026-10-16,224,19.0,59.9054
2026-03-06,2026-11-20,259,19.0,63.7152
2026-03-06,2027-01-15,315,20.0,70.9406
2026-03-06,2028-01-21,686,20.0,96.5581
2026-03-09,2026-03-13,4,20.0,10.5435
2026-03-09,2026-03-20,11,20.0,15.4756
2026-03-09,2026-03-27,18,20.0,20.156
2026-03-09,2026-04-02,24,20.0,22.9743
2026-03-09,2026-04-10,32,20.0,25.6165
2026-03-09,2026-04-17,39,20.0,26.7992
2026-03-09,2026-04-24,46,20.0,29.3659
2026-03-09,2026-06-18,101,20.0,41.3941
2026-03-09,2026-07-17,130,20.0,46.93
2026-03-09,2026-10-16,221,20.0,60.0151
2026-03-09,2026-11-20,256,20.0,63.1605
2026-03-09,2027-01-15,312,20.0,67.9416
2026-03-09,2028-01-21,683,20.0,95.2441
2026-03-10,2026-03-13,3,20.5,8.7149
2026-03-10,2026-03-20,10,20.5,14.1802
2026-03-10,2026-03-27,17,20.5,17.6514
2026-03-10,2026-04-02,23,20.5,20.6549
2026-03-10,2026-04-10,31,20.5,23.3629
2026-03-10,2026-04-17,38,20.0,25.6032
2026-03-10,2026-04-24,45,20.5,28.3112
2026-03-10,2026-06-18,100,20.0,40.6204
2026-03-10,2026-07-17,129,20.0,45.9133
2026-03-10,2026-10-16,220,20.0,58.4687
2026-03-10,2026-11-20,255,20.0,62.9001
2026-03-10,2027-01-15,311,20.0,66.3466
2026-03-10,2028-01-21,682,20.0,93.3038
2026-03-11,2026-03-13,2,20.0,7.15
2026-03-11,2026-03-20,9,20.0,13.2038
2026-03-11,2026-03-27,16,20.0,17.3144
2026-03-11,2026-04-02,22,20.0,19.3572
2026-03-11,2026-04-10,30,20.0,22.297
2026-03-11,2026-04-17,37,20.0,24.6139
2026-03-11,2026-04-24,44,20.0,27.703
2026-03-11,2026-06-18,99,20.0,40.7324
2026-03-11,2026-07-17,128,20.0,45.715
2026-03-11,2026-10-16,219,20.0,57.7977
2026-03-11,2026-11-20,254,20.0,62.6557
2026-03-11,2027-01-15,310,20.0,65.8944
2026-03-11,2028-01-21,681,20.0,94.9178
2026-03-12,2026-03-13,1,20.0,5.0454
2026-03-12,2026-03-20,8,20.0,12.2603
2026-03-12,2026-03-27,15,20.0,16.9778
2026-03-12,2026-04-02,21,20.0,19.5762
2026-03-12,2026-04-10,29,20.0,22.4773
2026-03-12,2026-04-17,36,20.0,24.7225
2026-03-12,2026-04-24,43,20.0,27.9011
2026-03-12,2026-05-01,50,20.0,31.332
2026-03-12,2026-06-18,98,20.0,40.3633
2026-03-12,2026-07-17,127,20.0,46.2916
2026-03-12,2026-10-16,218,20.0,58.779
2026-03-12,2026-11-20,253,20.0,62.3108
2026-03-12,2027-01-15,309,20.0,67.2301
2026-03-12,2028-01-21,680,20.0,93.5923
2026-03-13,2026-03-20,7,18.5,11.1676
2026-03-13,2026-03-27,14,18.5,15.5865
2026-03-13,2026-04-02,20,18.5,18.4521
2026-03-13,2026-04-10,28,18.5,21.8532
2026-03-13,2026-04-17,35,19.0,24.21
2026-03-13,2026-04-24,42,18.5,26.9952
2026-03-13,2026-05-01,49,18.5,29.1377
2026-03-13,2026-06-18,97,19.0,39.2341
2026-03-13,2026-07-17,126,19.0,44.5903
2026-03-13,2026-10-16,217,19.0,58.7841
2026-03-13,2026-11-20,252,19.0,61.864
2026-03-13,2027-01-15,308,20.0,68.6931
2026-03-13,2028-01-21,679,20.0,95.8757
2026-03-16,2026-03-20,4,19.0,9.7973
2026-03-16,2026-03-27,11,19.0,14.3711
2026-03-16,2026-04-02,17,19.0,17.9314
2026-03-16,2026-04-10,25,19.0,20.3742
2026-03-16,2026-04-17,32,19.0,22.869
2026-03-16,2026-04-24,39,19.0,26.1435
2026-03-16,2026-05-01,46,19.0,27.9366
2026-03-16,2026-06-18,94,19.0,38.5915
2026-03-16,2026-07-17,123,19.0,44.0489
2026-03-16,2026-10-16,214,19.0,57.3025
2026-03-16,2026-11-20,249,19.0,60.2911
2026-03-16,2027-01-15,305,20.0,67.8274
2026-03-16,2028-01-21,676,20.0,99.0125
2026-03-17,2026-03-20,3,19.5,7.7381
2026-03-17,2026-03-27,10,19.5,12.9917
2026-03-17,2026-04-02,16,19.5,15.7867
2026-03-17,2026-04-10,24,19.5,18.9182
2026-03-17,2026-04-17,31,19.0,21.4803
2026-03-17,2026-04-24,38,19.5,23.8872
2026-03-17,2026-05-01,45,19.5,25.8799
2026-03-17,2026-06-18,93,19.0,36.7495
2026-03-17,2026-07-17,122,19.0,41.1491
2026-03-17,2026-10-16,213,19.0,54.8654
2026-03-17,2026-11-20,248,19.0,59.3944
2026-03-17,2027-01-15,304,20.0,66.8996
2026-03-17,2028-01-21,675,20.0,96.9203
2026-03-18,2026-03-20,2,18.5,6.7878
2026-03-18,2026-03-27,9,18.5,12.2929
2026-03-18,2026-04-02,15,18.5,15.5265
2026-03-18,2026-04-10,23,18.5,18.573
2026-03-18,2026-04-17,30,19.0,22.047
2026-03-18,2026-04-24,37,18.5,23.5703
2026-03-18,2026-05-01,44,18.5,25.5746
2026-03-18,2026-06-18,92,19.0,37.0123
2026-03-18,2026-07-17,121,19.0,42.6243
2026-03-18,2026-10-16,212,19.0,55.9861
2026-03-18,2026-11-20,247,19.0,59.861
2026-03-18,2027-01-15,303,20.0,68.0118
2026-03-18,2028-01-21,674,20.0,95.1363
2026-03-19,2026-03-20,1,18.0,5.0781
2026-03-19,2026-03-27,8,18.0,11.635
2026-03-19,2026-04-02,14,18.0,14.8437
2026-03-19,2026-04-10,22,18.0,18.3036
2026-03-19,2026-04-17,29,18.0,21.1775
2026-03-19,2026-04-24,36,18.0,23.3817
2026-03-19,2026-05-01,43,18.0,25.4464
2026-03-19,2026-05-15,57,18.0,30.4967
2026-03-19,2026-06-18,91,18.0,36.5513
2026-03-19,2026-07-17,120,18.0,41.1551
2026-03-19,2026-10-16,211,18.0,54.548
2026-03-19,2026-11-20,246,18.0,58.8728
2026-03-19,2027-01-15,302,17.0,63.6161
2026-03-19,2028-01-21,673,17.0,93.75
2026-03-20,2026-03-27,7,16.5,10.6866
2026-03-20,2026-04-02,13,16.5,14.4179
2026-03-20,2026-04-10,21,16.5,17.6418
2026-03-20,2026-04-17,28,17.0,21.6418
2026-03-20,2026-04-24,35,16.5,23.5821
2026-03-20,2026-05-01,42,16.5,25.6119
2026-03-20,2026-05-15,56,17.0,30.1493
2026-03-20,2026-06-18,90,17.0,37.6119
2026-03-20,2026-07-17,119,17.0,41.791
2026-03-20,2026-10-16,210,17.0,54.9254
2026-03-20,2026-11-20,245,17.0,58.5075
2026-03-20,2027-01-15,301,17.0,65.9701
2026-03-20,2028-01-21,672,17.0,96.8657
2026-03-23,2026-03-27,4,18.0,9.05
2026-03-23,2026-04-02,10,18.0,13.041
2026-03-23,2026-04-10,18,18.0,16.1046
2026-03-23,2026-04-17,25,18.0,19.2524
2026-03-23,2026-04-24,32,18.0,22.2597
2026-03-23,2026-05-01,39,18.0,24.8173
2026-03-23,2026-05-15,53,18.0,28.3586
2026-03-23,2026-06-18,87,18.0,35.7785
2026-03-23,2026-07-17,116,18.0,40.4722
2026-03-23,2026-10-16,207,18.0,54.525
2026-03-23,2026-11-20,242,18.0,57.6166
2026-03-23,2027-01-15,298,17.0,62.3946
2026-03-23,2028-01-21,669,17.0,83.1928
2026-03-24,2026-03-27,3,18.0,7.7519
2026-03-24,2026-04-02,9,18.0,12.237
2026-03-24,2026-04-10,17,18.0,15.8638
2026-03-24,2026-04-17,24,18.0,18.8538
2026-03-24,2026-04-24,31,18.0,21.5116
2026-03-24,2026-05-01,38,18.0,24.031
2026-03-24,2026-05-15,52,18.0,28.1285
2026-03-24,2026-06-18,86,18.0,35.9911
2026-03-24,2026-07-17,115,18.0,40.5592
2026-03-24,2026-10-16,206,18.0,53.1561
2026-03-24,2026-11-20,241,18.0,57.0321
2026-03-24,2027-01-15,297,17.0,62.2924
2026-03-24,2028-01-21,668,17.0,92.0543
2026-03-25,2026-03-27,2,18.5,6.6133
2026-03-25,2026-04-02,8,18.5,11.2
2026-03-25,2026-04-10,16,18.5,15.1467
2026-03-25,2026-04-17,23,18.5,18.6133
2026-03-25,2026-04-24,30,18.5,20.72
2026-03-25,2026-05-01,37,18.5,23.4933
2026-03-25,2026-05-15,51,19.0,28.6133
2026-03-25,2026-06-18,85,19.0,35.6
2026-03-25,2026-07-17,114,19.0,40.0
2026-03-25,2026-10-16,205,19.0,54.1333
2026-03-25,2026-11-20,240,19.0,57.4667
2026-03-25,2027-01-15,296,20.0,65.4667
2026-03-25,2028-01-21,667,20.0,88.8
2026-03-26,2026-03-27,1,17.5,4.8414
2026-03-26,2026-04-02,7,17.5,10.7588
2026-03-26,2026-04-10,15,17.5,14.8075
2026-03-26,2026-04-17,22,17.5,18.3465
2026-03-26,2026-04-24,29,17.5,20.8947
2026-03-26,2026-05-01,36,17.5,23.5844
2026-03-26,2026-05-08,43,17.5,26.0759
2026-03-26,2026-05-15,50,18.0,27.9445
2026-03-26,2026-06-18,84,18.0,35.3907
2026-03-26,2026-07-17,113,18.0,39.7792
2026-03-26,2026-10-16,204,18.0,53.9354
2026-03-26,2026-11-20,239,18.0,58.4655
2026-03-26,2027-01-15,295,17.0,62.2877
2026-03-26,2028-01-21,666,17.0,90.034
2026-03-27,2026-04-02,6,17.5,9.54
2026-03-27,2026-04-10,14,17.5,14.5656
2026-03-27,2026-04-17,21,17.5,18.1147
2026-03-27,2026-04-24,28,17.5,20.6701
2026-03-27,2026-05-01,35,17.5,22.9983
2026-03-27,2026-05-08,42,17.5,26.2067
2026-03-27,2026-05-15,49,18.0,28.5349
2026-03-27,2026-06-18,83,18.0,35.8887
2026-03-27,2026-07-17,112,18.0,41.1698
2026-03-27,2026-10-16,203,18.0,55.0823
2026-03-27,2026-11-20,238,18.0,58.6315
2026-03-27,2027-01-15,294,17.0,62.0386
2026-03-27,2028-01-21,665,17.0,90.0057
2026-03-30,2026-04-02,3,16.5,8.5662
2026-03-30,2026-04-10,11,16.5,13.8214
2026-03-30,2026-04-17,18,16.5,17.8311
2026-03-30,2026-04-24,25,16.5,20.8992
2026-03-30,2026-05-01,32,16.5,22.4484
2026-03-30,2026-05-08,39,16.5,24.9696
2026-03-30,2026-05-15,46,16.0,27.4909
2026-03-30,2026-06-18,80,16.0,34.842
2026-03-30,2026-07-17,109,16.0,39.6112
2026-03-30,2026-10-16,200,16.0,51.7922
2026-03-30,2026-11-20,235,16.0,56.3487
2026-03-30,2027-01-15,291,17.0,63.3354
2026-03-30,2028-01-21,662,17.0,94.4715
2026-03-31,2026-04-02,2,18.0,6.3014
2026-03-31,2026-04-10,10,18.0,13.1507
2026-03-31,2026-04-17,17,18.0,16.8493
2026-03-31,2026-04-24,24,18.0,20.1096
2026-03-31,2026-05-01,31,18.0,21.9178
2026-03-31,2026-05-08,38,18.0,24.3014
2026-03-31,2026-05-15,45,18.0,27.0137
2026-03-31,2026-06-18,79,18.0,34.9041
2026-03-31,2026-07-17,108,18.0,39.3151
2026-03-31,2026-10-16,199,18.0,52.8767
2026-03-31,2026-11-20,234,18.0,57.1233
2026-03-31,2027-01-15,290,17.0,61.2329
2026-03-31,2028-01-21,661,17.0,91.7808
2026-04-01,2026-04-02,1,18.0,4.3175
2026-04-01,2026-04-10,9,18.0,11.2256
2026-04-01,2026-04-17,16,18.0,15.6825
2026-04-01,2026-04-24,23,18.0,18.9415
2026-04-01,2026-05-01,30,18.0,21.6713
2026-04-01,2026-05-08,37,18.0,24.1226
2026-04-01,2026-05-15,44,18.0,26.0167
2026-04-01,2026-06-18,78,18.0,34.0111
2026-04-01,2026-07-17,107,18.0,38.8579
2026-04-01,2026-10-16,198,18.0,52.3677
2026-04-01,2026-11-20,233,18.0,55.8496
2026-04-01,2027-01-15,289,17.0,60.585
2026-04-01,2028-01-21,660,17.0,85.376
2026-04-02,2026-04-10,8,18.0,10.2254
2026-04-02,2026-04-17,15,18.0,15.0704
2026-04-02,2026-04-24,22,18.0,18.0563
2026-04-02,2026-05-01,29,17.5,21.6056
2026-04-02,2026-05-08,36,17.5,22.7887
2026-04-02,2026-05-15,43,18.0,25.5211
2026-04-02,2026-05-22,50,17.5,27.662
2026-04-02,2026-06-18,77,18.0,34.1972
2026-04-02,2026-07-17,106,18.0,38.7324
2026-04-02,2026-10-16,197,18.0,52.3944
2026-04-02,2026-11-20,232,18.0,57.1831
2026-04-02,2027-01-15,288,17.0,60.4225
2026-04-02,2028-01-21,659,17.0,84.7887
2026-04-06,2026-04-10,4,18.0,8.8615
2026-04-06,2026-04-17,11,18.0,13.2642
2026-04-06,2026-04-24,18,18.0,17.078
2026-04-06,2026-05-01,25,18.0,19.9944
2026-04-06,2026-05-08,32,18.0,22.4902
2026-04-06,2026-05-15,39,18.0,24.5934
2026-04-06,2026-05-22,46,18.0,26.4442
2026-04-06,2026-06-18,73,18.0,33.3427
2026-04-06,2026-07-17,102,18.0,38.2782
2026-04-06,2026-10-16,193,18.0,51.1778
2026-04-06,2026-11-20,228,18.0,54.9635
2026-04-06,2027-01-15,284,17.0,60.5721
2026-04-06,2028-01-21,655,17.0,85.6702
2026-04-07,2026-04-10,3,17.5,7.7695
2026-04-07,2026-04-17,10,17.5,12.8154
2026-04-07,2026-04-24,17,17.5,16.4564
2026-04-07,2026-05-01,24,17.5,19.3521
2026-04-07,2026-05-08,31,17.5,22.1617
2026-04-07,2026-05-15,38,17.0,24.1972
2026-04-07,2026-05-22,45,17.5,25.7454
2026-04-07,2026-06-18,72,17.0,31.9381
2026-04-07,2026-07-17,101,17.0,37.07
2026-04-07,2026-10-16,192,17.0,50.172
2026-04-07,2026-11-20,227,17.0,54.9025
2026-04-07,2027-01-15,283,17.0,59.9197
2026-04-07,2028-01-21,654,17.0,84.289
2026-04-08,2026-04-10,2,18.5,5.876
2026-04-08,2026-04-17,9,18.5,11.2894
2026-04-08,2026-04-24,16,18.5,14.8803
2026-04-08,2026-05-01,23,18.5,17.9543
2026-04-08,2026-05-08,30,18.5,20.8651
2026-04-08,2026-05-15,37,18.0,22.7149
2026-04-08,2026-05-22,44,18.5,25.0544
2026-04-08,2026-06-18,71,18.0,30.4951
2026-04-08,2026-07-17,100,18.0,35.5822
2026-04-08,2026-10-16,191,18.0,48.1502
2026-04-08,2026-11-20,226,18.0,51.6866
2026-04-08,2027-01-15,282,17.0,57.5354
2026-04-08,2028-01-21,653,17.0,84.1948
2026-04-09,2026-04-10,1,18.5,3.7937
2026-04-09,2026-04-17,8,18.5,10.262
2026-04-09,2026-04-24,15,18.5,14.1921
2026-04-09,2026-05-01,22,18.5,17.3581
2026-04-09,2026-05-08,29,18.5,20.2784
2026-04-09,2026-05-15,36,18.0,21.9978
2026-04-09,2026-05-22,43,18.5,24.8635
2026-04-09,2026-05-29,50,18.5,26.4465
2026-04-09,2026-06-18,70,18.0,30.0764
2026-04-09,2026-07-17,99,18.0,35.6168
2026-04-09,2026-10-16,190,18.0,48.3079
2026-04-09,2026-11-20,225,18.0,51.7194
2026-04-09,2027-01-15,281,17.0,56.905
2026-04-09,2028-01-21,652,17.0,84.7435
2026-04-10,2026-04-17,7,18.5,9.1304
2026-04-10,2026-04-24,14,18.5,13.3696
2026-04-10,2026-05-01,21,18.5,16.6304
2026-04-10,2026-05-08,28,18.5,19.8913
2026-04-10,2026-05-15,35,18.0,21.5489
2026-04-10,2026-05-22,42,18.5,23.6685
2026-04-10,2026-05-29,49,18.5,24.6739
2026-04-10,2026-06-18,69,18.0,29.7283
2026-04-10,2026-07-17,98,18.0,35.163
2026-04-10,2026-10-16,189,18.0,47.6902
2026-04-10,2026-11-20,224,18.0,51.6304
2026-04-10,2027-01-15,280,17.0,56.3859
2026-04-10,2028-01-21,651,17.0,82.7446
2026-04-13,2026-04-17,4,19.5,6.9473
2026-04-13,2026-04-24,11,19.5,11.8802
2026-04-13,2026-05-01,18,19.5,15.1859
2026-04-13,2026-05-08,25,19.5,18.8275
2026-04-13,2026-05-15,32,19.0,20.3771
2026-04-13,2026-05-22,39,19.5,23.0888
2026-04-13,2026-05-29,46,19.5,24.1219
2026-04-13,2026-06-18,66,19.0,28.8998
2026-04-13,2026-07-17,95,19.0,33.9101
2026-04-13,2026-10-16,186,19.0,45.9711
2026-04-13,2026-11-20,221,19.0,50.6198
2026-04-13,2027-01-15,277,20.0,58.4969
2026-04-13,2028-01-21,648,20.0,83.9359
2026-04-14,2026-04-17,3,19.5,6.7042
2026-04-14,2026-04-24,10,19.5,11.2078
2026-04-14,2026-05-01,17,19.5,14.9181
2026-04-14,2026-05-08,24,19.5,18.654
2026-04-14,2026-05-15,31,20.0,20.8547
2026-04-14,2026-05-22,38,19.5,22.0573
2026-04-14,2026-05-29,45,19.5,23.695
2026-04-14,2026-06-18,65,20.0,29.1198
2026-04-14,2026-07-17,94,20.0,34.6725
2026-04-14,2026-10-16,185,20.0,46.827
2026-04-14,2026-11-20,220,20.0,51.0491
2026-04-14,2027-01-15,276,20.0,58.3419
2026-04-14,2028-01-21,647,20.0,84.5701
2026-04-15,2026-04-17,2,21.0,5.7381
2026-04-15,2026-04-24,9,21.0,11.3095
2026-04-15,2026-05-01,16,21.0,15.3333
2026-04-15,2026-05-08,23,21.0,18.5
2026-04-15,2026-05-15,30,21.0,20.8333
2026-04-15,2026-05-22,37,21.0,23.1905
2026-04-15,2026-05-29,44,21.0,24.5
2026-04-15,2026-06-18,64,21.0,29.0
2026-04-15,2026-07-17,93,21.0,34.5238
2026-04-15,2026-10-16,184,21.0,47.619
2026-04-15,2026-11-20,219,21.0,51.4286
2026-04-15,2027-01-15,275,22.0,59.1667
2026-04-15,2028-01-21,646,22.0,83.8095
2026-04-16,2026-04-17,1,21.0,4.1806
2026-04-16,2026-04-24,8,21.0,10.1529
2026-04-16,2026-05-01,15,21.0,13.9035
2026-04-16,2026-05-08,22,21.0,17.0807
2026-04-16,2026-05-15,29,21.0,19.8997
2026-04-16,2026-05-22,36,21.0,22.3125
2026-04-16,2026-05-29,43,21.0,24.128
2026-04-16,2026-06-18,63,21.0,28.3564
2026-04-16,2026-07-17,92,21.0,33.6837
2026-04-16,2026-10-16,183,21.0,47.0616
2026-04-16,2026-11-20,218,21.0,52.0784
2026-04-16,2027-01-15,274,20.0,57.0951
2026-04-16,2028-01-21,645,20.0,84.0898
2026-04-17,2026-04-24,7,20.5,9.2728
2026-04-17,2026-05-01,14,20.5,12.9331
2026-04-17,2026-05-08,21,20.5,16.3738
2026-04-17,2026-05-15,28,20.0,19.3021
2026-04-17,2026-05-22,35,20.5,21.7667
2026-04-17,2026-05-29,42,20.5,23.3773
2026-04-17,2026-06-18,62,20.0,27.6476
2026-04-17,2026-07-17,91,20.0,32.7233
2026-04-17,2026-10-16,182,20.0,45.388
2026-04-17,2026-11-20,217,20.0,50.3904
2026-04-17,2027-01-15,273,20.0,56.613
2026-04-17,2028-01-21,644,20.0,85.0415
2026-04-20,2026-04-24,4,21.5,8.2055
2026-04-20,2026-05-01,11,21.5,11.9247
2026-04-20,2026-05-08,18,21.5,15.6671
2026-04-20,2026-05-15,25,21.5,18.6192
2026-04-20,2026-05-22,32,21.5,21.4319
2026-04-20,2026-05-29,39,21.5,21.9898
2026-04-20,2026-06-18,59,22.0,27.6383
2026-04-20,2026-07-17,88,22.0,33.589
2026-04-20,2026-10-16,179,22.0,46.49
2026-04-20,2026-11-20,214,22.0,52.7662
2026-04-20,2027-01-15,270,22.0,57.5314
2026-04-20,2028-01-21,641,22.0,85.4254
2026-04-21,2026-04-24,3,20.5,7.3587
2026-04-21,2026-05-01,10,20.5,12.232
2026-04-21,2026-05-08,17,20.5,15.692
2026-04-21,2026-05-15,24,20.5,19.1033
2026-04-21,2026-05-22,31,20.5,21.345
2026-04-21,2026-05-29,38,20.5,22.9045
2026-04-21,2026-06-18,58,21.0,27.9971
2026-04-21,2026-07-17,87,21.0,32.6511
2026-04-21,2026-10-16,178,21.0,47.1491
2026-04-21,2026-11-20,213,21.0,51.5351
2026-04-21,2027-01-15,269,20.0,56.5302
2026-04-21,2028-01-21,640,20.0,84.308
2026-04-22,2026-04-24,2,22.5,6.3853
2026-04-22,2026-05-01,9,22.5,12.3951
2026-04-22,2026-05-08,16,22.5,16.9465
2026-04-22,2026-05-15,23,22.5,19.8851
2026-04-22,2026-05-22,30,22.5,21.9841
2026-04-22,2026-05-29,37,22.5,23.3981
2026-04-22,2026-06-18,57,23.0,29.3858
2026-04-22,2026-07-17,86,23.0,35.4618
2026-04-22,2026-10-16,177,23.0,49.6023
2026-04-22,2026-11-20,212,23.0,53.2479
2026-04-22,2027-01-15,268,22.0,58.1087
2026-04-22,2028-01-21,639,22.0,82.0813
2026-04-23,2026-04-24,1,22.0,4.2218
2026-04-23,2026-05-01,8,22.0,10.9539
2026-04-23,2026-05-08,15,22.0,16.1798
2026-04-23,2026-05-15,22,22.0,18.9639
2026-04-23,2026-05-22,29,22.0,21.5199
2026-04-23,2026-05-29,36,22.0,23.3683
2026-04-23,2026-06-05,43,22.0,25.5363
2026-04-23,2026-06-18,56,22.0,28.8681
2026-04-23,2026-07-17,85,22.0,34.5733
2026-04-23,2026-10-16,176,22.0,48.9503
2026-04-23,2026-11-20,211,22.0,53.2862
2026-04-23,2027-01-15,267,22.0,59.1054
2026-04-23,2028-01-21,638,22.0,81.3555
2026-04-24,2026-05-01,7,20.5,9.7933
2026-04-24,2026-05-08,14,20.5,14.9114
2026-04-24,2026-05-15,21,20.5,18.2579
2026-04-24,2026-05-22,28,20.5,20.6447
2026-04-24,2026-05-29,35,20.5,22.5886
2026-04-24,2026-06-05,42,20.5,24.3848
2026-04-24,2026-06-18,55,20.0,27.436
2026-04-24,2026-07-17,84,20.0,33.5876
2026-04-24,2026-10-16,175,20.0,47.1211
2026-04-24,2026-11-20,210,20.0,52.2884
2026-04-24,2027-01-15,266,20.0,58.3169
2026-04-24,2028-01-21,637,20.0,86.4911
2026-04-27,2026-05-01,4,21.5,8.8649
2026-04-27,2026-05-08,11,21.5,14.2589
2026-04-27,2026-05-15,18,21.5,17.5422
2026-04-27,2026-05-22,25,21.5,20.0047
2026-04-27,2026-05-29,32,21.5,22.045
2026-04-27,2026-06-05,39,21.5,24.2261
2026-04-27,2026-06-18,52,21.0,27.1811
2026-04-27,2026-07-17,81,21.0,33.7711
2026-04-27,2026-10-16,172,21.0,47.2561
2026-04-27,2026-11-20,207,21.0,52.0638
2026-04-27,2027-01-15,263,22.0,60.0375
2026-04-27,2028-01-21,634,22.0,87.7111
2026-04-28,2026-05-01,3,20.5,7.4308
2026-04-28,2026-05-08,10,20.5,13.0889
2026-04-28,2026-05-15,17,20.5,16.1
2026-04-28,2026-05-22,24,20.5,18.9169
2026-04-28,2026-05-29,31,20.5,20.5197
2026-04-28,2026-06-05,38,20.5,23.1423
2026-04-28,2026-06-18,51,21.0,26.7363
2026-04-28,2026-07-17,80,21.0,33.0257
2026-04-28,2026-10-16,171,21.0,48.0816
2026-04-28,2026-11-20,206,21.0,52.4526
2026-04-28,2027-01-15,262,20.0,57.6736
2026-04-28,2028-01-21,633,20.0,84.1428
2026-04-29,2026-05-01,2,19.5,5.9755
2026-04-29,2026-05-08,9,19.5,12.1297
2026-04-29,2026-05-15,16,19.5,15.8069
2026-04-29,2026-05-22,23,19.5,18.5904
2026-04-29,2026-05-29,30,19.5,20.0204
2026-04-29,2026-06-05,37,19.5,22.8805
2026-04-29,2026-06-18,50,20.0,26.0725
2026-04-29,2026-07-17,79,20.0,32.38
2026-04-29,2026-10-16,170,20.0,47.7528
2026-04-29,2026-11-20,205,20.0,52.6047
2026-04-29,2027-01-15,261,20.0,58.6057
2026-04-29,2028-01-21,632,20.0,88.8662
2026-04-30,2026-05-01,1,21.5,4.4362
2026-04-30,2026-05-08,8,21.5,11.2523
2026-04-30,2026-05-15,15,21.5,15.2264
2026-04-30,2026-05-22,22,21.5,17.9298
2026-04-30,2026-05-29,29,21.5,20.3327
2026-04-30,2026-06-05,36,21.5,22.5739
2026-04-30,2026-06-12,43,21.5,24.1682
2026-04-30,2026-06-18,49,22.0,26.1553
2026-04-30,2026-07-17,78,22.0,32.9251
2026-04-30,2026-10-16,169,22.0,48.4057
2026-04-30,2026-11-20,204,22.0,51.6405
2026-04-30,2027-01-15,260,22.0,58.6876
2026-04-30,2028-01-21,631,22.0,87.3383
2026-05-01,2026-05-08,7,21.5,10.3878
2026-05-01,2026-05-15,14,21.5,14.1505
2026-05-01,2026-05-22,21,21.5,17.1283
2026-05-01,2026-05-29,28,21.5,19.5291
2026-05-01,2026-06-05,35,21.5,21.8144
2026-05-01,2026-06-12,42,21.5,23.7996
2026-05-01,2026-06-18,48,22.0,25.6925
2026-05-01,2026-07-17,77,22.0,32.0868
2026-05-01,2026-10-16,168,22.0,47.5531
2026-05-01,2026-11-20,203,22.0,51.4774
2026-05-01,2027-01-15,259,22.0,57.2484
2026-05-01,2028-01-21,630,22.0,83.5642
2026-05-04,2026-05-08,4,21.5,9.7364
2026-05-04,2026-05-15,11,21.5,13.5754
2026-05-04,2026-05-22,18,21.5,16.4662
2026-05-04,2026-05-29,25,21.5,18.8252
2026-05-04,2026-06-05,32,21.5,21.2997
2026-05-04,2026-06-12,39,21.5,23.8437
2026-05-04,2026-06-18,45,22.0,24.8381
2026-05-04,2026-07-17,74,22.0,31.568
2026-05-04,2026-10-16,165,22.0,46.9473
2026-05-04,2026-11-20,200,22.0,51.8039
2026-05-04,2027-01-15,256,22.0,57.5856
2026-05-04,2028-01-21,627,22.0,86.6096
2026-05-05,2026-05-08,3,21.0,8.6502
2026-05-05,2026-05-15,10,21.0,12.8565
2026-05-05,2026-05-22,17,21.0,15.9458
2026-05-05,2026-05-29,24,21.0,18.0371
2026-05-05,2026-06-05,31,21.0,20.5323
2026-05-05,2026-06-12,38,21.0,23.2414
2026-05-05,2026-06-18,44,21.0,24.2158
2026-05-05,2026-07-17,73,21.0,30.7747
2026-05-05,2026-10-16,164,21.0,47.1721
2026-05-05,2026-11-20,199,21.0,51.0932
2026-05-05,2027-01-15,255,21.0,57.7471
2026-05-05,2028-01-21,626,22.0,86.6207
2026-05-06,2026-05-08,2,23.5,7.8019
2026-05-06,2026-05-15,9,23.5,12.3724
2026-05-06,2026-05-22,16,23.5,15.6888
2026-05-06,2026-05-29,23,23.5,18.0697
2026-05-06,2026-06-05,30,23.5,20.727
2026-05-06,2026-06-12,37,23.5,22.5978
2026-05-06,2026-06-18,43,24.0,25.0638
2026-05-06,2026-07-17,72,24.0,31.0374
2026-05-06,2026-10-16,163,24.0,46.7687
2026-05-06,2026-11-20,198,24.0,51.977
2026-05-06,2027-01-15,254,24.0,58.0357
2026-05-06,2028-01-21,625,25.0,88.5417
2026-05-07,2026-05-08,1,23.5,4.6681
2026-05-07,2026-05-15,8,23.5,10.2784
2026-05-07,2026-05-22,15,23.5,14.2184
2026-05-07,2026-05-29,22,23.5,16.8951
2026-05-07,2026-06-05,29,23.5,19.5503
2026-05-07,2026-06-12,36,23.5,21.6916
2026-05-07,2026-06-18,42,23.0,23.2334
2026-05-07,2026-06-26,50,23.5,25.6959
2026-05-07,2026-07-17,71,23.0,30.0857
2026-05-07,2026-10-16,162,23.0,46.1456
2026-05-07,2026-11-20,197,23.0,50.7495
2026-05-07,2027-01-15,253,23.0,55.4604
2026-05-07,2028-01-21,624,22.0,79.7645
2026-05-08,2026-05-15,7,21.5,9.7989
2026-05-08,2026-05-22,14,21.5,13.8681
2026-05-08,2026-05-29,21,21.5,16.5341
2026-05-08,2026-06-05,28,21.5,19.0599
2026-05-08,2026-06-12,35,21.5,21.1413
2026-05-08,2026-06-18,41,21.0,23.3396
2026-05-08,2026-06-26,49,21.5,24.8831
2026-05-08,2026-07-17,70,21.0,30.2853
2026-05-08,2026-10-16,161,21.0,46.0711
2026-05-08,2026-11-20,196,21.0,50.0468
2026-05-08,2027-01-15,252,21.0,55.5426
2026-05-08,2028-01-21,623,22.0,89.102
2026-05-11,2026-05-15,4,22.0,8.8702
2026-05-11,2026-05-22,11,22.0,13.2033
2026-05-11,2026-05-29,18,22.0,16.2659
2026-05-11,2026-06-05,25,22.0,19.2151
2026-05-11,2026-06-12,32,22.0,21.2568
2026-05-11,2026-06-18,38,22.0,23.4573
2026-05-11,2026-06-26,46,22.0,25.1815
2026-05-11,2026-07-17,67,22.0,30.3993
2026-05-11,2026-10-16,158,22.0,47.1869
2026-05-11,2026-11-20,193,22.0,51.3838
2026-05-11,2027-01-15,249,22.0,56.9419
2026-05-11,2028-01-21,620,22.0,85.4129
2026-05-12,2026-05-15,3,21.0,7.3747
2026-05-12,2026-05-22,10,21.0,12.4821
2026-05-12,2026-05-29,17,21.0,15.2029
2026-05-12,2026-06-05,24,21.0,17.7088
2026-05-12,2026-06-12,31,21.0,19.7136
2026-05-12,2026-06-18,37,21.0,22.4105
2026-05-12,2026-06-26,45,21.0,24.2959
2026-05-12,2026-07-17,66,21.0,29.5465
2026-05-12,2026-10-16,157,21.0,45.3461
2026-05-12,2026-11-20,192,21.0,50.5967
2026-05-12,2027-01-15,248,21.0,57.0406
2026-05-12,2028-01-21,619,20.0,80.6683
2026-05-13,2026-05-15,2,20.0,6.7393
2026-05-13,2026-05-22,9,20.0,11.7939
2026-05-13,2026-05-29,16,20.0,14.6432
2026-05-13,2026-06-05,23,20.0,18.0129
2026-05-13,2026-06-12,30,20.0,19.8959
2026-05-13,2026-06-18,36,20.0,21.6055
2026-05-13,2026-06-26,44,20.0,23.9098
2026-05-13,2026-07-17,65,20.0,28.8404
2026-05-13,2026-10-16,156,20.0,45.218
2026-05-13,2026-11-20,191,20.0,51.2884
2026-05-13,2027-01-15,247,20.0,55.996
2026-05-13,2028-01-21,618,20.0,84.3657
2026-05-14,2026-05-15,1,19.5,4.641
2026-05-14,2026-05-22,8,19.5,10.9744
2026-05-14,2026-05-29,15,19.5,14.1026
2026-05-14,2026-06-05,22,19.5,17.3333
2026-05-14,2026-06-12,29,19.5,19.359
2026-05-14,2026-06-18,35,20.0,21.8718
2026-05-14,2026-06-26,43,19.5,23.6154
2026-05-14,2026-07-17,64,20.0,29.5897
2026-05-14,2026-10-16,155,20.0,46.7949
2026-05-14,2026-11-20,190,20.0,51.6667
2026-05-14,2027-01-15,246,20.0,57.1795
2026-05-14,2028-01-21,617,20.0,89.7436
2026-05-15,2026-05-22,7,18.5,9.9131
2026-05-15,2026-05-29,14,18.5,13.2537
2026-05-15,2026-06-05,21,18.5,16.5399
2026-05-15,2026-06-12,28,18.5,19.6904
2026-05-15,2026-06-18,34,18.0,20.8582
2026-05-15,2026-06-26,42,18.5,22.868
2026-05-15,2026-07-17,63,18.0,28.4356
2026-05-15,2026-10-16,154,18.0,44.4052
2026-05-15,2026-11-20,189,18.0,49.837
2026-05-15,2027-01-15,245,18.0,55.9479
2026-05-15,2028-01-21,616,17.0,84.7366
2026-05-18,2026-05-22,4,17.5,8.5345
2026-05-18,2026-05-29,11,17.5,12.1552
2026-05-18,2026-06-05,18,17.5,15.6609
2026-05-18,2026-06-12,25,17.5,18.3046
2026-05-18,2026-06-18,31,17.5,19.9713
2026-05-18,2026-06-26,39,17.0,22.3563
2026-05-18,2026-07-17,60,17.0,27.3563
2026-05-18,2026-10-16,151,17.0,45.1149
2026-05-18,2026-11-20,186,17.0,49.1379
2026-05-18,2027-01-15,242,17.0,56.0345
2026-05-18,2028-01-21,613,17.0,83.908
2026-05-19,2026-05-22,3,16.0,7.6947
2026-05-19,2026-05-29,10,16.0,11.5266
2026-05-19,2026-06-05,17,16.0,14.9567
2026-05-19,2026-06-12,24,16.0,17.5834
2026-05-19,2026-06-18,30,16.0,19.3758
2026-05-19,2026-06-26,38,16.0,22.0643
2026-05-19,2026-07-17,59,16.0,27.2559
2026-05-19,2026-10-16,150,16.0,44.1904
2026-05-19,2026-11-20,185,16.0,49.1347
2026-05-19,2027-01-15,241,16.0,55.4697
2026-05-19,2028-01-21,612,17.0,84.5179
2026-05-20,2026-05-22,2,17.0,6.4362
2026-05-20,2026-05-29,9,17.0,11.3826
2026-05-20,2026-06-05,16,17.0,14.8689
2026-05-20,2026-06-12,23,17.0,17.5507
2026-05-20,2026-06-18,29,17.0,19.6067
2026-05-20,2026-06-26,37,17.0,21.6925
2026-05-20,2026-07-17,58,17.0,27.9201
2026-05-20,2026-10-16,149,17.0,45.739
2026-05-20,2026-11-20,184,17.0,49.3147
2026-05-20,2027-01-15,240,17.0,55.5721
2026-05-20,2028-01-21,611,17.0,87.1573
2026-05-21,2026-05-22,1,18.0,4.3953
2026-05-21,2026-05-29,8,18.0,9.8264
2026-05-21,2026-06-05,15,18.0,13.6898
2026-05-21,2026-06-12,22,18.0,16.1814
2026-05-21,2026-06-18,28,18.0,18.561
2026-05-21,2026-06-26,36,18.0,21.1926
2026-05-21,2026-07-02,42,18.0,19.5689
2026-05-21,2026-07-17,57,18.0,26.2598
2026-05-21,2026-10-16,148,18.0,44.3729
2026-05-21,2026-11-20,183,18.0,49.2721
2026-05-21,2027-01-15,239,18.0,55.5711
2026-05-21,2028-01-21,610,17.0,81.7469
2026-05-22,2026-05-29,7,18.0,8.6197
2026-05-22,2026-06-05,14,18.0,13.0543
2026-05-22,2026-06-12,21,18.0,16.5188
2026-05-22,2026-06-18,27,18.0,18.1818
2026-05-22,2026-06-26,35,18.0,21.2029
2026-05-22,2026-07-02,41,18.0,22.561
2026-05-22,2026-07-17,56,18.0,26.7184
2026-05-22,2026-10-16,147,18.0,43.7916
2026-05-22,2026-11-20,182,18.0,50.7206
2026-05-22,2027-01-15,238,18.0,55.4324
2026-05-22,2028-01-21,609,17.0,83.1486
2026-05-26,2026-05-29,3,18.5,7.2011
2026-05-26,2026-06-05,10,18.5,12.5
2026-05-26,2026-06-12,17,18.5,16.7391
2026-05-26,2026-06-18,23,18.5,18.7228
2026-05-26,2026-06-26,31,18.5,20.4348
2026-05-26,2026-07-02,37,18.5,22.6902
2026-05-26,2026-07-17,52,18.0,26.0054
2026-05-26,2026-10-16,143,18.0,44.2935
2026-05-26,2026-11-20,178,18.0,48.913
2026-05-26,2027-01-15,234,18.0,55.4348
2026-05-26,2028-01-21,605,17.0,85.1902
2026-05-27,2026-05-29,2,18.5,6.2125
2026-05-27,2026-06-05,9,18.5,11.3079
2026-05-27,2026-06-12,16,18.5,15.2861
2026-05-27,2026-06-18,22,18.5,17.5477
2026-05-27,2026-06-26,30,18.5,20.6812
2026-05-27,2026-07-02,36,18.5,21.9619
2026-05-27,2026-07-17,51,18.0,25.6948
2026-05-27,2026-10-16,142,18.0,43.5967
2026-05-27,2026-11-20,177,18.0,48.6376
2026-05-27,2027-01-15,233,18.0,54.7684
2026-05-27,2028-01-21,604,17.0,83.3787
2026-05-28,2026-05-29,1,18.5,3.064
2026-05-28,2026-06-05,8,18.5,10.7375
2026-05-28,2026-06-12,15,18.5,14.7777
2026-05-28,2026-06-18,21,18.5,17.2451
2026-05-28,2026-06-26,29,18.5,19.2516
2026-05-28,2026-07-02,35,18.5,21.3395
2026-05-28,2026-07-10,43,18.5,21.7462
2026-05-28,2026-07-17,50,18.0,25.4881
2026-05-28,2026-10-16,141,18.0,43.3839
2026-05-28,2026-11-20,176,18.0,48.9425
2026-05-28,2027-01-15,232,18.0,55.179
2026-05-28,2028-01-21,603,17.0,81.3449
2026-05-29,2026-06-05,7,18.0,8.7541
2026-05-29,2026-06-12,14,18.0,13.337
2026-05-29,2026-06-18,20,18.0,14.9561
2026-05-29,2026-06-26,28,18.0,18.6883
2026-05-29,2026-07-02,34,18.0,20.719
2026-05-29,2026-07-10,42,18.0,23.1065
2026-05-29,2026-07-17,49,18.0,24.5884
2026-05-29,2026-10-16,140,18.0,43.0845
2026-05-29,2026-11-20,175,18.0,49.8079
2026-05-29,2027-01-15,231,18.0,54.4731
2026-05-29,2028-01-21,602,17.0,83.1504
2026-06-01,2026-06-05,4,17.5,8.059
2026-06-01,2026-06-12,11,17.5,12.202
2026-06-01,2026-06-18,17,17.5,14.5857
2026-06-01,2026-06-26,25,18.0,17.9342
2026-06-01,2026-07-02,31,17.5,19.8354
2026-06-01,2026-07-10,39,17.5,22.6163
2026-06-01,2026-07-17,46,18.0,24.0352
2026-06-01,2026-10-16,137,18.0,42.9909
2026-06-01,2026-11-20,172,18.0,48.6663
2026-06-01,2027-01-15,228,18.0,55.193
2026-06-01,2028-01-21,599,17.0,79.597
2026-06-02,2026-06-05,3,19.5,7.4719
2026-06-02,2026-06-12,10,19.5,12.1546
2026-06-02,2026-06-18,16,19.5,15.5067
2026-06-02,2026-06-26,24,19.5,19.0635
2026-06-02,2026-07-02,30,19.5,21.0338
2026-06-02,2026-07-10,38,19.5,23.3623
2026-06-02,2026-07-17,45,20.0,26.1003
2026-06-02,2026-10-16,136,20.0,45.8035
2026-06-02,2026-11-20,171,20.0,50.5374
2026-06-02,2027-01-15,227,20.0,56.8065
2026-06-02,2028-01-21,598,20.0,85.2098
2026-06-03,2026-06-05,2,18.0,6.4444
2026-06-03,2026-06-12,9,18.0,11.5556
2026-06-03,2026-06-18,15,18.0,14.3333
2026-06-03,2026-06-26,23,18.0,17.3333
2026-06-03,2026-07-02,29,18.0,19.5278
2026-06-03,2026-07-10,37,18.0,23.3611
2026-06-03,2026-07-17,44,18.0,24.5833
2026-06-03,2026-10-16,135,18.0,45.4167
2026-06-03,2026-11-20,170,18.0,49.5833
2026-06-03,2027-01-15,226,18.0,55.1389
2026-06-03,2028-01-21,597,17.0,84.0278
2026-06-04,2026-06-05,1,17.5,3.9148
2026-06-04,2026-06-12,8,17.5,10.2763
2026-06-04,2026-06-18,14,17.5,13.2988
2026-06-04,2026-06-26,22,17.0,16.1197
2026-06-04,2026-07-02,28,17.5,18.9695
2026-06-04,2026-07-10,36,17.5,21.6177
2026-06-04,2026-07-17,43,17.0,23.2873
2026-06-04,2026-07-24,50,17.5,26.2522
2026-06-04,2026-10-16,134,17.0,42.89
2026-06-04,2026-11-20,169,17.0,48.0714
2026-06-04,2027-01-15,225,17.0,55.4116
2026-06-04,2028-01-21,596,17.0,82.6137
2026-06-05,2026-06-12,7,15.0,10.5456
2026-06-05,2026-06-18,13,15.0,13.4065
2026-06-05,2026-06-26,21,15.0,16.2009
2026-06-05,2026-07-02,27,15.0,18.0639
2026-06-05,2026-07-10,35,15.0,21.3906
2026-06-05,2026-07-17,42,15.0,23.686
2026-06-05,2026-07-24,49,15.0,25.8816
2026-06-05,2026-10-16,133,15.0,43.4132
2026-06-05,2026-11-20,168,15.0,47.9042
2026-06-05,2027-01-15,224,15.0,55.7219
2026-06-05,2028-01-21,595,15.0,84.4977
2026-06-08,2026-06-12,4,15.0,8.4155
2026-06-08,2026-06-18,10,15.0,11.9987
2026-06-08,2026-06-26,18,15.0,16.2393
2026-06-08,2026-07-02,24,15.0,18.3103
2026-06-08,2026-07-10,32,15.0,20.1183
2026-06-08,2026-07-17,39,15.0,22.8797
2026-06-08,2026-07-24,46,15.0,25.2137
2026-06-08,2026-10-16,130,15.0,42.9323
2026-06-08,2026-11-20,165,15.0,48.6522
2026-06-08,2027-01-15,221,15.0,54.8981
2026-06-08,2028-01-21,592,15.0,82.8402
2026-06-09,2026-06-12,3,14.5,7.62
2026-06-09,2026-06-18,9,14.5,11.0995
2026-06-09,2026-06-26,17,14.5,15.1357
2026-06-09,2026-07-02,23,14.5,17.3626
2026-06-09,2026-07-10,31,14.5,20.2505
2026-06-09,2026-07-17,38,14.0,21.9903
2026-06-09,2026-07-24,45,14.5,25.5045
2026-06-09,2026-10-16,129,14.0,41.5449
2026-06-09,2026-11-20,164,14.0,48.1907
2026-06-09,2027-01-15,220,14.0,54.8017
2026-06-09,2028-01-21,591,15.0,91.1621
2026-06-10,2026-06-12,2,13.5,6.2089
2026-06-10,2026-06-18,8,13.5,10.9569
2026-06-10,2026-06-26,16,13.5,14.7188
2026-06-10,2026-07-02,22,13.5,17.3484
2026-06-10,2026-07-10,30,13.5,20.3068
2026-06-10,2026-07-17,37,14.0,23.046
2026-06-10,2026-07-24,44,13.5,24.7626
2026-06-10,2026-10-16,128,14.0,44.0833
2026-06-10,2026-11-20,163,14.0,49.4887
2026-06-10,2027-01-15,219,14.0,56.2454
2026-06-10,2028-01-21,590,15.0,89.8466
2026-06-11,2026-06-12,1,15.0,4.6088
2026-06-11,2026-06-18,7,15.0,10.0133
2026-06-11,2026-06-26,15,15.0,14.4562
2026-06-11,2026-07-02,21,15.0,16.3462
2026-06-11,2026-07-10,29,15.0,19.0981
2026-06-11,2026-07-17,36,15.0,21.6512
2026-06-11,2026-07-24,43,15.0,23.5411
2026-06-11,2026-07-31,50,15.0,25.1326
2026-06-11,2026-10-16,127,15.0,42.7719
2026-06-11,2026-11-20,162,15.0,47.9111
2026-06-11,2027-01-15,218,15.0,55.3714
2026-06-11,2028-01-21,589,15.0,91.0146
2026-06-12,2026-06-18,6,15.0,8.2114
2026-06-12,2026-06-26,14,15.0,12.1011
2026-06-12,2026-07-02,20,15.0,14.7606
2026-06-12,2026-07-10,28,15.0,18.1516
2026-06-12,2026-07-17,35,15.0,19.9801
2026-06-12,2026-07-24,42,15.0,23.3045
2026-06-12,2026-07-31,49,15.0,25.0332
2026-06-12,2026-10-16,126,15.0,43.0851
2026-06-12,2026-11-20,161,15.0,49.0359
2026-06-12,2027-01-15,217,15.0,54.5213
2026-06-12,2028-01-21,588,15.0,82.613
2026-06-15,2026-06-18,3,15.5,6.6176
2026-06-15,2026-06-26,11,15.5,10.9015
2026-06-15,2026-07-02,17,15.5,13.491
2026-06-15,2026-07-10,25,15.5,15.8248
2026-06-15,2026-07-17,32,16.0,19.1496
2026-06-15,2026-07-24,39,15.5,21.867
2026-06-15,2026-07-31,46,15.5,24.009
2026-06-15,2026-10-16,123,16.0,40.0575
2026-06-15,2026-11-20,158,16.0,45.876
2026-06-15,2027-01-15,214,16.0,54.188
2026-06-15,2028-01-21,585,15.0,83.4399
2026-06-16,2026-06-18,2,15.5,5.704
2026-06-16,2026-06-26,10,15.5,10.3977
2026-06-16,2026-07-02,16,15.5,12.8422
2026-06-16,2026-07-10,24,15.5,15.7432
2026-06-16,2026-07-17,31,15.0,18.3181
2026-06-16,2026-07-24,38,15.5,21.545
2026-06-16,2026-07-31,45,15.5,23.8918
2026-06-16,2026-10-16,122,15.0,40.3194
2026-06-16,2026-11-20,157,15.0,45.3064
2026-06-16,2027-01-15,213,15.0,52.4772
2026-06-16,2028-01-21,584,15.0,83.605
2026-06-17,2026-06-18,1,15.5,4.0523
2026-06-17,2026-06-26,9,15.5,9.7059
2026-06-17,2026-07-02,15,15.5,12.5817
2026-06-17,2026-07-10,23,15.5,15.4575
2026-06-17,2026-07-17,30,15.0,17.9412
2026-06-17,2026-07-24,37,15.5,21.2092
2026-06-17,2026-07-31,44,15.5,23.3007
2026-06-17,2026-10-16,121,15.0,39.3791
2026-06-17,2026-11-20,156,15.0,44.281
2026-06-17,2027-01-15,212,15.0,51.1438
2026-06-17,2028-01-21,583,15.0,83.6601
2026-06-18,2026-06-26,8,16.5,9.8732
2026-06-18,2026-07-02,14,16.5,13.4964
2026-06-18,2026-07-10,22,16.5,16.5761
2026-06-18,2026-07-17,29,17.0,19.1727
2026-06-18,2026-07-24,36,16.5,21.3164
2026-06-18,2026-07-31,43,16.5,23.5809
2026-06-18,2026-08-21,64,17.0,28.8949
2026-06-18,2026-10-16,120,17.0,40.7005
2026-06-18,2026-11-20,155,17.0,47.4034
2026-06-18,2027-01-15,211,17.0,54.4988
2026-06-18,2028-01-21,582,17.0,82.5785
2026-06-22,2026-06-26,4,16.0,8.4057
2026-06-22,2026-07-02,10,16.0,12.0347
2026-06-22,2026-07-10,18,16.0,15.6638
2026-06-22,2026-07-17,25,16.0,18.0831
2026-06-22,2026-07-24,32,16.0,20.4715
2026-06-22,2026-07-31,39,16.0,22.3945
2026-06-22,2026-08-21,60,16.0,28.536
2026-06-22,2026-10-16,116,16.0,39.6712
2026-06-22,2026-11-20,151,16.0,45.1303
2026-06-22,2027-01-15,207,16.0,52.7295
2026-06-22,2028-01-21,578,17.0,84.9876
2026-06-23,2026-06-26,3,15.5,7.3691
2026-06-23,2026-07-02,9,15.5,11.3122
2026-06-23,2026-07-10,17,15.5,14.9321
2026-06-23,2026-07-17,24,15.5,17.5178
2026-06-23,2026-07-24,31,15.5,20.8145
2026-06-23,2026-07-31,38,15.5,22.8184
2026-06-23,2026-08-21,59,15.0,28.1513
2026-06-23,2026-10-16,115,15.0,39.3342
2026-06-23,2026-11-20,150,15.0,45.4105
2026-06-23,2027-01-15,206,15.0,51.3898
2026-06-23,2028-01-21,577,15.0,83.064
2026-06-24,2026-06-26,2,15.0,6.1544
2026-06-24,2026-07-02,8,15.0,10.3792
2026-06-24,2026-07-10,16,15.0,13.34
2026-06-24,2026-07-17,23,15.0,16.0679
2026-06-24,2026-07-24,30,15.0,18.5961
2026-06-24,2026-07-31,37,15.0,21.2242
2026-06-24,2026-08-21,58,15.0,26.2808
2026-06-24,2026-10-16,114,15.0,38.024
2026-06-24,2026-11-20,149,15.0,43.4132
2026-06-24,2027-01-15,205,15.0,50.8982
2026-06-24,2028-01-21,576,15.0,81.8363
2026-06-25,2026-06-26,1,14.5,4.2996
2026-06-25,2026-07-02,7,14.5,8.7725
2026-06-25,2026-07-10,15,14.5,12.552
2026-06-25,2026-07-17,22,14.5,15.3606
2026-06-25,2026-07-24,29,14.5,17.5451
2026-06-25,2026-07-31,36,14.5,21.1165
2026-06-25,2026-08-07,43,14.5,23.613
2026-06-25,2026-08-21,57,14.0,25.8669
2026-06-25,2026-10-16,113,14.0,37.1359
2026-06-25,2026-11-20,148,14.0,41.9903
2026-06-25,2027-01-15,204,14.0,50.7975
2026-06-25,2028-01-21,575,15.0,86.165
2026-06-26,2026-07-02,6,14.5,8.7209
2026-06-26,2026-07-10,14,14.5,11.8673
2026-06-26,2026-07-17,21,14.5,14.0561
2026-06-26,2026-07-24,28,14.5,16.6553
2026-06-26,2026-07-31,35,14.5,19.7332
2026-06-26,2026-08-07,42,14.5,21.9904
2026-06-26,2026-08-21,56,15.0,25.7524
2026-06-26,2026-10-16,112,15.0,36.9015
2026-06-26,2026-11-20,147,15.0,42.8181
2026-06-26,2027-01-15,203,15.0,49.5896
2026-06-26,2028-01-21,574,15.0,79.1724
2026-06-29,2026-07-02,3,14.5,6.5113
2026-06-29,2026-07-10,11,14.5,11.1035
2026-06-29,2026-07-17,18,14.5,14.1878
2026-06-29,2026-07-24,25,14.5,17.0322
2026-06-29,2026-07-31,32,14.5,18.5401
2026-06-29,2026-08-07,39,14.5,21.4873
2026-06-29,2026-08-21,53,15.0,25.6683
2026-06-29,2026-10-16,109,15.0,37.0459
2026-06-29,2026-11-20,144,15.0,42.1864
2026-06-29,2027-01-15,200,15.0,49.5202
2026-06-29,2028-01-21,571,15.0,86.8746
2026-06-30,2026-07-02,2,14.5,5.069
2026-06-30,2026-07-10,10,14.5,10.4483
2026-06-30,2026-07-17,17,14.5,13.5517
2026-06-30,2026-07-24,24,14.5,16.7586
2026-06-30,2026-07-31,31,14.5,19.0345
2026-06-30,2026-08-07,38,14.5,21.5517
2026-06-30,2026-08-21,52,14.0,24.2759
2026-06-30,2026-10-16,108,14.0,34.6552
2026-06-30,2026-11-20,143,14.0,40.8621
2026-06-30,2027-01-15,199,14.0,48.3793
2026-06-30,2028-01-21,570,15.0,82.069
2026-07-01,2026-07-02,1,14.0,3.4459
2026-07-01,2026-07-10,9,14.0,8.9662
2026-07-01,2026-07-17,16,14.0,12.7637
2026-07-01,2026-07-24,23,14.0,14.8734
2026-07-01,2026-07-31,30,14.0,17.3699
2026-07-01,2026-08-07,37,14.0,20.3235
2026-07-01,2026-08-21,51,14.0,23.0661
2026-07-01,2026-10-16,107,14.0,34.5992
2026-07-01,2026-11-20,142,14.0,40.8228
2026-07-01,2027-01-15,198,14.0,47.7496
2026-07-01,2028-01-21,569,15.0,86.1463
2026-07-02,2026-07-10,8,14.0,8.1825
2026-07-02,2026-07-17,15,14.0,11.4772
2026-07-02,2026-07-24,22,14.0,14.265
2026-07-02,2026-07-31,29,14.0,16.9442
2026-07-02,2026-08-07,36,14.0,20.239
2026-07-02,2026-08-14,43,14.0,21.832
2026-07-02,2026-08-21,50,14.0,22.8096
2026-07-02,2026-10-16,106,14.0,34.1781
2026-07-02,2026-11-20,141,14.0,40.0072
2026-07-02,2027-01-15,197,14.0,47.9725
2026-07-02,2028-01-21,568,15.0,87.7987
2026-07-06,2026-07-10,4,14.0,7.4074
2026-07-06,2026-07-17,11,14.0,11.4742
2026-07-06,2026-07-24,18,14.0,14.9601
2026-07-06,2026-07-31,25,14.0,17.1024
2026-07-06,2026-08-07,32,14.0,20.0799
2026-07-06,2026-08-14,39,14.0,21.8954
2026-07-06,2026-08-21,46,14.0,23.8199
2026-07-06,2026-10-16,102,14.0,35.1852
2026-07-06,2026-11-20,137,14.0,41.2491
2026-07-06,2027-01-15,193,14.0,48.1118
2026-07-06,2028-01-21,564,15.0,88.2353
2026-07-07,2026-07-10,3,13.0,6.3764
2026-07-07,2026-07-17,10,13.0,10.7698
2026-07-07,2026-07-24,17,13.0,13.2582
2026-07-07,2026-07-31,24,13.0,16.5241
2026-07-07,2026-08-07,31,13.0,19.3235
2026-07-07,2026-08-14,38,13.0,21.6174
2026-07-07,2026-08-21,45,13.0,22.6672
2026-07-07,2026-10-16,101,13.0,35.5365
2026-07-07,2026-11-20,136,13.0,41.2519
2026-07-07,2027-01-15,192,13.0,47.9782
2026-07-07,2028-01-21,563,12.0,76.3997
2026-07-08,2026-07-10,2,13.0,5.3272
2026-07-08,2026-07-17,9,13.0,9.9696
2026-07-08,2026-07-24,16,13.0,12.7473
2026-07-08,2026-07-31,23,13.0,15.7534
2026-07-08,2026-08-07,30,13.0,17.7702
2026-07-08,2026-08-14,37,13.0,20.6621
2026-07-08,2026-08-21,44,13.0,21.7656
2026-07-08,2026-10-16,100,13.0,32.9148
2026-07-08,2026-11-20,135,13.0,39.0411
2026-07-08,2027-01-15,191,13.0,47.1081
2026-07-08,2028-01-21,562,12.0,73.6301
2026-07-09,2026-07-10,1,13.5,3.7435
2026-07-09,2026-07-17,8,13.5,8.599
2026-07-09,2026-07-24,15,13.5,12.4537
2026-07-09,2026-07-31,22,13.5,15.0111
2026-07-09,2026-08-07,29,13.5,18.0504
2026-07-09,2026-08-14,36,13.5,20.6079
2026-07-09,2026-08-21,43,13.0,21.5715
2026-07-09,2026-08-28,50,13.5,22.98
2026-07-09,2026-10-16,99,13.0,33.7658
2026-07-09,2026-11-20,134,13.0,39.8073
2026-07-09,2027-01-15,190,13.0,46.0712
2026-07-09,2028-01-21,561,12.0,77.4648
2026-07-10,2026-07-17,7,13.5,7.1429
2026-07-10,2026-07-24,14,13.5,11.1561
2026-07-10,2026-07-31,21,13.5,14.2121
2026-07-10,2026-08-07,28,13.5,16.7158
2026-07-10,2026-08-14,35,13.5,19.7717
2026-07-10,2026-08-21,42,14.0,20.9867
2026-07-10,2026-08-28,49,13.5,23.6009
2026-07-10,2026-10-16,98,14.0,33.137
2026-07-10,2026-11-20,133,14.0,39.2857
2026-07-10,2027-01-15,189,14.0,47.6804
2026-07-10,2028-01-21,560,15.0,83.3947
2026-07-13,2026-07-17,4,13.0,7.2031
2026-07-13,2026-07-24,11,13.0,11.1111
2026-07-13,2026-07-31,18,13.0,14.0996
2026-07-13,2026-08-07,25,13.0,16.9732
2026-07-13,2026-08-14,32,13.0,18.8123
2026-07-13,2026-08-21,39,13.0,20.4215
2026-07-13,2026-08-28,46,13.0,22.7586
2026-07-13,2026-10-16,95,13.0,32.9119
2026-07-13,2026-11-20,130,13.0,38.7739
2026-07-13,2027-01-15,186,13.0,45.977
2026-07-13,2028-01-21,557,12.0,75.6705
2026-07-14,2026-07-17,3,13.0,6.6138
2026-07-14,2026-07-24,10,13.0,10.771
2026-07-14,2026-07-31,17,13.0,11.9803
2026-07-14,2026-08-07,24,13.0,16.6667
2026-07-14,2026-08-14,31,13.0,18.4051
2026-07-14,2026-08-21,38,13.0,20.068
2026-07-14,2026-08-28,45,13.0,22.7135
2026-07-14,2026-10-16,94,13.0,32.6909
2026-07-14,2026-11-20,129,13.0,38.5488
2026-07-14,2027-01-15,185,13.0,45.8806
2026-07-14,2028-01-21,556,12.0,72.5624
2026-07-15,2026-07-17,2,12.5,6.4325
2026-07-15,2026-07-24,9,12.5,10.221
2026-07-15,2026-07-31,16,12.5,13.457
2026-07-15,2026-08-07,23,12.5,16.0616
2026-07-15,2026-08-14,30,12.5,18.1137
2026-07-15,2026-08-21,37,13.0,19.8106
2026-07-15,2026-08-28,44,12.5,22.5335
2026-07-15,2026-10-16,93,13.0,33.4254
2026-07-15,2026-11-20,128,13.0,39.1476
2026-07-15,2027-01-15,184,13.0,46.0142
2026-07-15,2028-01-21,555,12.0,75.3749
2026-07-16,2026-07-17,1,11.5,3.9417
2026-07-16,2026-07-24,8,11.5,9.2545
2026-07-16,2026-07-31,15,11.5,13.0248
2026-07-16,2026-08-07,22,11.5,16.4096
2026-07-16,2026-08-14,29,11.5,18.509
2026-07-16,2026-08-21,36,12.0,20.2656
2026-07-16,2026-08-28,43,11.5,22.5793
2026-07-16,2026-09-18,64,12.0,26.4353
2026-07-16,2026-10-16,92,12.0,33.2905
2026-07-16,2026-11-20,127,12.0,39.0317
2026-07-16,2027-01-15,183,12.0,46.144
2026-07-16,2028-01-21,554,12.0,80.12
2026-07-17,2026-07-24,7,11.5,8.7903
2026-07-17,2026-07-31,14,11.5,12.4456
2026-07-17,2026-08-07,21,11.5,16.101
2026-07-17,2026-08-14,28,11.5,18.4943
2026-07-17,2026-08-21,35,11.0,20.5831
2026-07-17,2026-08-28,42,11.5,22.2802
2026-07-17,2026-09-18,63,11.0,26.2402
2026-07-17,2026-10-16,91,11.0,32.4195
2026-07-17,2026-11-20,126,11.0,39.121
2026-07-17,2027-01-15,182,11.0,45.4743
2026-07-17,2028-01-21,553,12.0,81.5927
2026-07-20,2026-07-24,4,11.5,7.368
2026-07-20,2026-07-31,11,11.5,11.7547
2026-07-20,2026-08-07,18,11.5,15.46
2026-07-20,2026-08-14,25,11.5,17.845
2026-07-20,2026-08-21,32,11.5,19.5911
2026-07-20,2026-08-28,39,11.5,21.9336
2026-07-20,2026-09-18,60,12.0,26.2777
2026-07-20,2026-10-16,88,12.0,32.4106
2026-07-20,2026-11-20,123,12.0,38.799
2026-07-20,2027-01-15,179,12.0,46.4651
2026-07-20,2028-01-21,550,12.0,77.2998
2026-07-21,2026-07-24,3,12.5,6.4372
2026-07-21,2026-07-31,10,12.5,11.2551
2026-07-21,2026-08-07,17,12.5,15.1417
2026-07-21,2026-08-14,24,12.5,17.7733
2026-07-21,2026-08-21,31,12.5,19.1903
2026-07-21,2026-08-28,38,12.5,21.7004
2026-07-21,2026-09-18,59,12.0,26.3563
2026-07-21,2026-10-16,87,12.0,31.498
2026-07-21,2026-11-20,122,12.0,37.9757
2026-07-21,2027-01-15,178,12.0,45.7895
2026-07-21,2028-01-21,549,12.0,85.6275
2026-07-22,2026-07-24,2,12.5,5.3615
2026-07-22,2026-07-31,9,12.5,10.723
2026-07-22,2026-08-07,16,12.5,14.6629
2026-07-22,2026-08-14,23,12.5,17.3842
2026-07-22,2026-08-21,30,12.5,18.9683
2026-07-22,2026-08-28,37,12.5,21.3647
2026-07-22,2026-09-18,58,12.0,25.9951
2026-07-22,2026-10-16,86,12.0,31.3566
2026-07-22,2026-11-20,121,12.0,38.1803
2026-07-22,2027-01-15,177,12.0,46.5475
2026-07-22,2028-01-21,548,12.0,79.0008
2026-07-23,2026-07-24,1,12.0,3.5387
2026-07-23,2026-07-31,8,12.0,9.5754
2026-07-23,2026-08-07,15,12.0,13.7802
2026-07-23,2026-08-14,22,12.0,17.0691
2026-07-23,2026-08-21,29,12.0,18.5679
2026-07-23,2026-08-28,36,12.0,20.8576
2026-07-23,2026-09-04,43,12.0,19.7752
2026-07-23,2026-09-18,57,12.0,25.6037
2026-07-23,2026-10-16,85,12.0,31.3072
2026-07-23,2026-11-20,120,12.0,38.2598
2026-07-23,2027-01-15,176,12.0,45.9201
2026-07-23,2028-01-21,547,12.0,77.8518
2026-07-24,2026-07-31,7,11.5,8.5398
2026-07-24,2026-08-07,14,11.5,14.2035
2026-07-24,2026-08-14,21,11.5,16.6814
2026-07-24,2026-08-21,28,11.5,18.5398
2026-07-24,2026-08-28,35,11.5,21.0177
2026-07-24,2026-09-04,42,11.5,22.6991
2026-07-24,2026-09-18,56,11.0,25.531
2026-07-24,2026-10-16,84,11.0,31.5929
2026-07-24,2026-11-20,119,11.0,37.8319
2026-07-24,2027-01-15,175,11.0,45.6195
2026-07-24,2028-01-21,546,12.0,86.9469
2026-07-27,2026-07-31,4,11.5,7.8138
2026-07-27,2026-08-07,11,11.5,12.4253
2026-07-27,2026-08-14,18,11.5,16.012
2026-07-27,2026-08-21,25,11.5,18.1469
2026-07-27,2026-08-28,32,11.5,20.4526
2026-07-27,2026-09-04,39,11.5,22.374
2026-07-27,2026-09-18,53,12.0,24.8933
2026-07-27,2026-10-16,81,12.0,30.6149
2026-07-27,2026-11-20,116,12.0,37.7882
2026-07-27,2027-01-15,172,12.0,45.9863
2026-07-27,2028-01-21,543,12.0,89.0265
2026-07-28,2026-07-31,3,11.5,6.7961
2026-07-28,2026-08-07,10,11.5,12.1801
2026-07-28,2026-08-14,17,11.5,15.2251
2026-07-28,2026-08-21,24,11.5,16.6372
2026-07-28,2026-08-28,31,11.5,19.7705
2026-07-28,2026-09-04,38,11.5,21.0062
2026-07-28,2026-09-18,52,11.0,23.2568
2026-07-28,2026-10-16,80,11.0,30.2295
2026-07-28,2026-11-20,115,11.0,37.2021
2026-07-28,2027-01-15,171,11.0,44.5278
2026-07-28,2028-01-21,542,12.0,80.9797
2026-07-29,2026-07-31,2,10.5,6.6574
2026-07-29,2026-08-07,9,10.5,11.7318
2026-07-29,2026-08-14,16,10.5,15.9683
2026-07-29,2026-08-21,23,10.5,18.1564
2026-07-29,2026-08-28,30,10.5,20.2048
2026-07-29,2026-09-04,37,10.5,21.8343
2026-07-29,2026-09-18,51,11.0,25.8845
2026-07-29,2026-10-16,79,11.0,31.8436
2026-07-29,2026-11-20,114,11.0,37.4302
2026-07-29,2027-01-15,170,11.0,46.1359
2026-07-29,2028-01-21,541,10.0,77.2812
2026-07-30,2026-07-31,1,11.5,4.4833
2026-07-30,2026-08-07,8,11.5,10.9308
2026-07-30,2026-08-14,15,11.5,13.7062
2026-07-30,2026-08-21,22,11.5,16.7805
2026-07-30,2026-08-28,29,11.5,19.3424
2026-07-30,2026-09-04,36,11.5,21.4347
2026-07-30,2026-09-18,50,12.0,24.082
2026-07-30,2026-10-16,78,12.0,30.743
2026-07-30,2026-11-20,113,12.0,38.5568
2026-07-30,2027-01-15,169,12.0,45.7728
2026-07-30,2028-01-21,540,12.0,82.6217
2026-07-31,2026-08-07,7,11.5,10.6206
2026-07-31,2026-08-14,14,11.5,13.986
2026-07-31,2026-08-21,21,11.5,16.8269
2026-07-31,2026-08-28,28,11.5,19.0122
2026-07-31,2026-09-04,35,11.5,21.1538
2026-07-31,2026-09-11,42,11.5,22.6836
2026-07-31,2026-09-18,49,11.0,24.4318
2026-07-31,2026-10-16,77,11.0,30.507
2026-07-31,2026-11-20,112,11.0,37.7622
2026-07-31,2027-01-15,168,11.0,44.9301
2026-07-31,2028-01-21,539,12.0,79.764
2026-08-03,2026-08-07,4,12.0,9.5885
2026-08-03,2026-08-14,11,12.0,13.3333
2026-08-03,2026-08-21,18,12.0,16.0905
2026-08-03,2026-08-28,25,12.0,18.3128
2026-08-03,2026-09-04,32,12.0,20.535
2026-08-03,2026-09-11,39,12.0,22.1399
2026-08-03,2026-09-18,46,12.0,24.2798
2026-08-03,2026-10-16,74,12.0,30.1235
2026-08-03,2026-11-20,109,12.0,36.6667
2026-08-03,2027-01-15,165,12.0,44.9383
2026-08-03,2028-01-21,536,12.0,80.6584
2026-08-04,2026-08-07,3,13.0,9.6034
2026-08-04,2026-08-14,10,13.0,12.7138
2026-08-04,2026-08-21,17,13.0,16.0964
2026-08-04,2026-08-28,24,13.0,18.6236
2026-08-04,2026-09-04,31,13.0,20.6065
2026-08-04,2026-09-11,38,13.0,22.7061
2026-08-04,2026-09-18,45,13.0,24.689
2026-08-04,2026-10-16,73,13.0,30.8709
2026-08-04,2026-11-20,108,13.0,38.3748
2026-08-04,2027-01-15,164,13.0,46.5397
2026-08-04,2028-01-21,535,12.0,79.7045
2026-08-05,2026-08-07,2,12.5,7.8778
2026-08-05,2026-08-14,9,12.5,11.9775
2026-08-05,2026-08-21,16,12.5,14.9518
2026-08-05,2026-08-28,23,12.5,17.8859
2026-08-05,2026-09-04,30,12.5,20.7396
2026-08-05,2026-09-11,37,12.5,21.7042
2026-08-05,2026-09-18,44,12.0,23.5129
2026-08-05,2026-10-16,72,12.0,30.4662
2026-08-05,2026-11-20,107,12.0,36.9775
2026-08-05,2027-01-15,163,12.0,44.7347
2026-08-05,2028-01-21,534,12.0,78.9791
2026-08-06,2026-08-07,1,13.0,4.186
2026-08-06,2026-08-14,8,13.0,10.0388
2026-08-06,2026-08-21,15,13.0,12.9457
2026-08-06,2026-08-28,22,13.0,15.9302
2026-08-06,2026-09-04,29,13.0,18.876
2026-08-06,2026-09-11,36,13.0,20.2326
2026-08-06,2026-09-18,43,13.0,21.6667
2026-08-06,2026-09-25,50,13.0,22.4419
2026-08-06,2026-10-16,71,13.0,28.7985
2026-08-06,2026-11-20,106,13.0,35.8915
2026-08-06,2027-01-15,162,13.0,43.9147
2026-08-06,2028-01-21,533,12.0,76.1628
2026-08-07,2026-08-14,7,14.0,8.8402
2026-08-07,2026-08-21,14,14.0,12.3762
2026-08-07,2026-08-28,21,14.0,15.7001
2026-08-07,2026-09-04,28,14.0,18.1047
2026-08-07,2026-09-11,35,14.0,19.9788
2026-08-07,2026-09-18,42,14.0,21.4286
2026-08-07,2026-09-25,49,14.0,23.1966
2026-08-07,2026-10-16,70,14.0,27.9349
2026-08-07,2026-11-20,105,14.0,35.3607
2026-08-07,2027-01-15,161,14.0,43.6351
2026-08-07,2028-01-21,532,15.0,80.2687
2026-08-10,2026-08-14,4,14.5,7.1728
2026-08-10,2026-08-21,11,14.5,11.0917
2026-08-10,2026-08-28,18,14.5,13.296
2026-08-10,2026-09-04,25,14.5,16.2351
2026-08-10,2026-09-11,32,14.5,18.1246
2026-08-10,2026-09-18,39,14.0,19.2092
2026-08-10,2026-09-25,46,14.5,22.6732
2026-08-10,2026-10-16,67,14.0,26.2771
2026-08-10,2026-11-20,102,14.0,34.1498
2026-08-10,2027-01-15,158,14.0,42.8621
2026-08-10,2028-01-21,529,15.0,78.9013
2026-08-11,2026-08-14,3,15.0,6.8336
2026-08-11,2026-08-21,10,15.0,10.6901
2026-08-11,2026-08-28,17,15.0,13.0244
2026-08-11,2026-09-04,24,15.0,15.8322
2026-08-11,2026-09-11,31,15.0,17.5575
2026-08-11,2026-09-18,38,15.0,18.7415
2026-08-11,2026-09-25,45,15.0,20.5683
2026-08-11,2026-10-16,66,15.0,25.9472
2026-08-11,2026-11-20,101,15.0,34.8782
2026-08-11,2027-01-15,157,15.0,43.3018
2026-08-11,2028-01-21,528,15.0,74.2558
2026-08-12,2026-08-14,2,14.5,5.3559
2026-08-12,2026-08-21,9,14.5,9.1569
2026-08-12,2026-08-28,16,14.5,11.8521
2026-08-12,2026-09-04,23,14.5,15.4457
2026-08-12,2026-09-11,30,14.5,16.2751
2026-08-12,2026-09-18,37,14.0,17.7263
2026-08-12,2026-09-25,44,14.5,19.9032
2026-08-12,2026-10-16,65,14.0,25.1555
2026-08-12,2026-11-20,100,14.0,33.2066
2026-08-12,2027-01-15,156,14.0,41.0504
2026-08-12,2028-01-21,527,15.0,76.5377
2026-08-13,2026-08-14,1,14.5,3.3265
2026-08-13,2026-08-21,8,14.5,8.3333
2026-08-13,2026-08-28,15,14.5,11.6598
2026-08-13,2026-09-04,22,14.5,14.2318
2026-08-13,2026-09-11,29,14.5,15.8779
2026-08-13,2026-09-18,36,15.0,18.2442
2026-08-13,2026-09-25,43,14.5,20.2675
2026-08-13,2026-10-16,64,15.0,24.5885
2026-08-13,2026-11-20,99,15.0,33.059
2026-08-13,2027-01-15,155,15.0,41.701
2026-08-13,2028-01-21,526,15.0,76.6461
2026-08-14,2026-08-21,7,15.0,7.2185
2026-08-14,2026-08-28,14,15.0,10.6291
2026-08-14,2026-09-04,21,15.0,13.1457
2026-08-14,2026-09-11,28,15.0,14.2053
2026-08-14,2026-09-18,35,15.0,16.9536
2026-08-14,2026-09-25,42,15.0,18.9735
2026-08-14,2026-10-02,49,15.0,17.4834
2026-08-14,2026-10-16,63,15.0,24.1391
2026-08-14,2026-11-20,98,15.0,31.9536
2026-08-14,2027-01-15,154,15.0,39.5033
2026-08-14,2028-01-21,525,15.0,79.3046
2026-08-17,2026-08-21,4,15.0,6.3895
2026-08-17,2026-08-28,11,15.0,9.9391
2026-08-17,2026-09-04,18,15.0,12.5761
2026-08-17,2026-09-11,25,15.0,14.7735
2026-08-17,2026-09-18,32,15.0,16.7005
2026-08-17,2026-09-25,39,15.0,18.6275
2026-08-17,2026-10-02,46,15.0,20.6558
2026-08-17,2026-10-16,60,15.0,23.597
2026-08-17,2026-11-20,95,15.0,31.6092
2026-08-17,2027-01-15,151,15.0,39.6214
2026-08-17,2028-01-21,522,15.0,76.403
2026-08-18,2026-08-21,3,14.0,5.6068
2026-08-18,2026-08-28,10,14.0,9.1199
2026-08-18,2026-09-04,17,14.0,11.9943
2026-08-18,2026-09-11,24,14.0,14.159
2026-08-18,2026-09-18,31,14.0,16.6785
2026-08-18,2026-09-25,38,14.0,18.2754
2026-08-18,2026-10-02,45,14.0,20.3336
2026-08-18,2026-10-16,59,14.0,23.137
2026-08-18,2026-11-20,94,14.0,31.1214
2026-08-18,2027-01-15,150,14.0,38.1121
2026-08-18,2028-01-21,521,15.0,76.1178
2026-08-19,2026-08-21,2,15.0,4.3771
2026-08-19,2026-08-28,9,15.0,8.7542
2026-08-19,2026-09-04,16,15.0,11.4141
2026-08-19,2026-09-11,23,15.0,13.771
2026-08-19,2026-09-18,30,15.0,16.0606
2026-08-19,2026-09-25,37,15.0,18.0135
2026-08-19,2026-10-02,44,15.0,21.0438
2026-08-19,2026-10-16,58,15.0,22.963
2026-08-19,2026-11-20,93,15.0,30.8754
2026-08-19,2027-01-15,149,15.0,39.0572
2026-08-19,2028-01-21,520,15.0,77.9461
2026-08-20,2026-08-21,1,14.0,3.3813
2026-08-20,2026-08-28,8,14.0,8.0576
2026-08-20,2026-09-04,15,14.0,11.3669
2026-08-20,2026-09-11,22,14.0,13.4892
2026-08-20,2026-09-18,29,14.0,15.9353
2026-08-20,2026-09-25,36,14.0,17.6978
2026-08-20,2026-10-02,43,14.0,19.4245
2026-08-20,2026-10-16,57,14.0,22.7698
2026-08-20,2026-11-20,92,14.0,30.1079
2026-08-20,2027-01-15,148,14.0,38.3094
2026-08-20,2027-04-16,239,14.0,49.7842
2026-08-20,2028-01-21,519,15.0,77.3381
2026-08-21,2026-08-28,7,15.0,7.7609
2026-08-21,2026-09-04,14,15.0,11.5258
2026-08-21,2026-09-11,21,15.0,13.5403
2026-08-21,2026-09-18,28,15.0,16.1823
2026-08-21,2026-09-25,35,15.0,18.1308
2026-08-21,2026-10-02,42,15.0,19.9141
2026-08-21,2026-10-16,56,15.0,23.2497
2026-08-21,2026-11-20,91,15.0,30.4822
2026-08-21,2027-01-15,147,15.0,40.0264
2026-08-21,2027-04-16,238,15.0,50.6935
2026-08-21,2028-01-21,518,15.0,80.4161
2026-08-24,2026-08-28,4,15.0,6.8212
2026-08-24,2026-09-04,11,15.0,10.7863
2026-08-24,2026-09-11,18,15.0,13.0712
2026-08-24,2026-09-18,25,15.0,15.0202
2026-08-24,2026-09-25,32,15.0,17.9772
2026-08-24,2026-10-02,39,15.0,19.7917
2026-08-24,2026-10-16,53,15.0,23.3535
2026-08-24,2026-11-20,88,15.0,30.914
2026-08-24,2027-01-15,144,15.0,39.2473
2026-08-24,2027-04-16,235,15.0,51.5793
2026-08-24,2028-01-21,515,15.0,73.2527
2026-08-25,2026-08-28,3,16.0,6.293
2026-08-25,2026-09-04,10,16.0,10.2379
2026-08-25,2026-09-11,17,16.0,12.9305
2026-08-25,2026-09-18,24,16.0,15.1534
2026-08-25,2026-09-25,31,16.0,17.5642
2026-08-25,2026-10-02,38,16.0,19.5679
2026-08-25,2026-10-16,52,16.0,22.6362
2026-08-25,2026-11-20,87,16.0,31.2148
2026-08-25,2027-01-15,143,16.0,39.2924
2026-08-25,2027-04-16,234,16.0,51.5028
2026-08-25,2028-01-21,514,15.0,68.8791
2026-08-26,2026-08-28,2,15.5,5.0637
2026-08-26,2026-09-04,9,15.5,8.9809
2026-08-26,2026-09-11,16,15.5,12.0064
2026-08-26,2026-09-18,23,15.5,14.2994
2026-08-26,2026-09-25,30,15.5,16.7197
2026-08-26,2026-10-02,37,15.5,18.6943
2026-08-26,2026-10-16,51,16.0,21.7197
2026-08-26,2026-11-20,86,16.0,30.3503
2026-08-26,2027-01-15,142,16.0,39.0446
2026-08-26,2027-04-16,233,16.0,50.0
2026-08-26,2028-01-21,513,15.0,74.2038
2026-08-27,2026-08-28,1,15.5,3.6849
2026-08-27,2026-09-04,8,15.5,8.7357
2026-08-27,2026-09-11,15,15.5,11.3088
2026-08-27,2026-09-18,22,15.5,13.4053
2026-08-27,2026-09-25,29,15.5,16.0737
2026-08-27,2026-10-02,36,15.5,18.1385
2026-08-27,2026-10-09,43,15.5,18.2656
2026-08-27,2026-10-16,50,16.0,22.2046
2026-08-27,2026-11-20,85,16.0,29.5426
2026-08-27,2027-01-15,141,16.0,38.1512
2026-08-27,2027-04-16,232,16.0,49.0788
2026-08-27,2028-01-21,512,15.0,72.7446
2026-08-28,2026-09-04,7,14.5,7.6346
2026-08-28,2026-09-11,14,14.5,9.7137
2026-08-28,2026-09-18,21,14.5,12.7471
2026-08-28,2026-09-25,28,14.5,15.6101
2026-08-28,2026-10-02,35,14.5,17.8255
2026-08-28,2026-10-09,42,14.5,19.8023
2026-08-28,2026-10-16,49,15.0,21.0293
2026-08-28,2026-11-20,84,15.0,29.0729
2026-08-28,2027-01-15,140,15.0,38.6844
2026-08-28,2027-04-16,231,15.0,49.0798
2026-08-28,2028-01-21,511,15.0,74.4717
