date,open,high,low,close,adj_close,volume
2006-05-22,36.52000045776367,37.290000915527344,35.869998931884766,37.22999954223633,31.594470977783203,197100
2006-05-23,37.75,39.220001220703125,37.75,37.959999084472656,32.21397399902344,620900
2006-05-24,37.130001068115234,37.56999969482422,35.869998931884766,36.52000045776367,30.991941452026367,638600
2006-05-25,37.18000030517578,38.31999969482422,36.97999954223633,38.31999969482422,32.519474029541016,367000
2006-05-26,38.7400016784668,38.7400016784668,37.77000045776367,38.54999923706055,32.71466064453125,269400
2006-05-30,39.5,39.720001220703125,38.11000061035156,38.16999816894531,32.392181396484375,559100
2006-05-31,38.900001525878906,39.130001068115234,38.119998931884766,38.84999847412109,32.96924591064453,350700
2006-06-01,37.20000076293945,38.58000183105469,37.16999816894531,38.52999877929688,32.69768142700195,641300
2006-06-02,39.310001373291016,39.38999938964844,38.79999923706055,39.130001068115234,33.206871032714844,277300
2006-06-05,40.27000045776367,40.27000045776367,38.09999847412109,38.130001068115234,32.35823440551758,436000
2006-06-06,38.02999877929688,38.02999877929688,36.720001220703125,37.0099983215332,31.40776634216309,663600
2006-06-07,36.310001373291016,37.54999923706055,35.81999969482422,36.13999938964844,30.66946029663086,484100
2006-06-08,35.27000045776367,35.380001068115234,33.619998931884766,35.27000045776367,29.931161880493164,812800
2006-06-09,35.75,36.18999862670898,34.86000061035156,35.06999969482422,29.761438369750977,542200
2006-06-12,35.47999954223633,35.630001068115234,33.7599983215332,33.779998779296875,28.66670036315918,584700
2006-06-13,32.65999984741211,33.150001525878906,31.81999969482422,32.20000076293945,27.32586479187012,1580900
2006-06-14,32.849998474121094,33.5,32.25,33.029998779296875,28.03022766113281,646800
2006-06-15,34.400001525878906,35.04999923706055,34.0,34.939998626708984,29.65110969543457,882200
2006-06-16,35.0,35.0,34.29999923706055,34.56999969482422,29.33711624145508,602300
2006-06-19,34.16999816894531,34.470001220703125,33.56999969482422,33.599998474121094,28.51394844055176,366100
2006-06-20,33.90999984741211,34.72999954223633,33.599998474121094,34.34000015258789,29.14193344116211,388500
2006-06-21,34.599998474121094,36.040000915527344,34.599998474121094,35.86000061035156,30.431846618652344,551000
2006-06-22,36.0,36.209999084472656,35.16999816894531,35.63999938964844,30.24515151977539,590000
2006-06-23,35.16999816894531,36.5,35.150001525878906,36.27999877929688,30.788270950317383,467800
2006-06-26,36.619998931884766,36.79999923706055,36.150001525878906,36.630001068115234,31.085294723510746,301500
2006-06-27,36.970001220703125,37.04999923706055,35.47999954223633,35.47999954223633,30.109373092651367,469200
2006-06-28,35.70000076293945,35.93000030517578,35.0,35.310001373291016,29.965103149414062,415200
2006-06-29,35.95000076293945,37.959999084472656,35.939998626708984,37.959999084472656,32.21397399902344,588500
2006-06-30,38.70000076293945,39.060001373291016,38.31999969482422,38.70000076293945,32.84195709228516,1069400
2006-07-03,39.400001525878906,40.22999954223633,39.31999969482422,40.22999954223633,34.14036560058594,561200
2006-07-05,40.09999847412109,40.459999084472656,38.84999847412109,39.369998931884766,33.41054153442383,685600
2006-07-06,39.5,39.9900016784668,39.040000915527344,39.72999954223633,33.716041564941406,411100
2006-07-07,39.68000030517578,39.880001068115234,38.95000076293945,39.02999877929688,33.122013092041016,500500
2006-07-10,38.38999938964844,39.130001068115234,38.25,38.66999816894531,32.81650161743164,401400
2006-07-11,39.02999877929688,39.7599983215332,38.790000915527344,39.7599983215332,33.74150085449219,512700
2006-07-12,40.11000061035156,40.459999084472656,39.369998931884766,39.4900016784668,33.51237487792969,519500
2006-07-13,39.47999954223633,39.5,38.27999877929688,38.33000183105469,32.52796936035156,647700
2006-07-14,38.900001525878906,39.130001068115234,38.34000015258789,38.970001220703125,33.07109069824219,459500
2006-07-17,38.31999969482422,38.66999816894531,37.400001525878906,37.400001525878906,31.738739013671875,777700
2006-07-18,37.88999938964844,37.959999084472656,36.43000030517578,37.0,31.399288177490234,800200
2006-07-19,36.900001525878906,38.5099983215332,36.900001525878906,38.43999862670898,32.62131118774414,515300
2006-07-20,38.209999084472656,38.33000183105469,36.83000183105469,36.83000183105469,31.255033493041992,415200
2006-07-21,37.08000183105469,37.29999923706055,35.810001373291016,35.810001373291016,30.389423370361328,646200
2006-07-24,35.5,36.81999969482422,35.189998626708984,36.68999862670898,31.136213302612305,1086500
2006-07-25,36.83000183105469,37.790000915527344,36.41999816894531,37.68999862670898,31.984834671020508,949400
2006-07-26,37.4900016784668,38.38999938964844,37.18000030517578,38.36000061035156,32.55342102050781,361800
2006-07-27,39.34999847412109,39.369998931884766,37.369998931884766,37.5,31.823596954345703,518000
2006-07-28,37.77999877929688,38.77999877929688,37.68999862670898,38.77999877929688,32.90983963012695,371400
2006-07-31,38.72999954223633,38.86000061035156,38.22999954223633,38.7599983215332,32.89288330078125,233900
2006-08-01,38.59000015258789,39.75,38.29999923706055,39.75,33.7330207824707,536600
2006-08-02,40.34000015258789,40.70000076293945,39.810001373291016,40.65999984741211,34.50526809692383,944300
2006-08-03,40.290000915527344,40.45000076293945,39.560001373291016,39.90999984741211,33.868797302246094,496400
2006-08-04,40.66999816894531,40.77000045776367,39.540000915527344,39.59000015258789,33.59724044799805,501700
2006-08-07,39.79999923706055,40.41999816894531,39.720001220703125,40.119998931884766,34.0470085144043,279900
2006-08-08,39.9900016784668,40.45000076293945,39.56999969482422,39.720001220703125,33.70755386352539,361100
2006-08-09,40.040000915527344,40.86000061035156,39.79999923706055,40.58000183105469,34.43738555908203,631000
2006-08-10,40.29999923706055,40.380001068115234,39.18999862670898,39.75,33.7330207824707,745600
2006-08-11,40.09999847412109,40.2400016784668,38.68000030517578,38.68999862670898,32.833473205566406,512100
2006-08-14,38.52000045776367,38.84000015258789,37.880001068115234,38.040000915527344,32.28186798095703,420300
2006-08-15,38.150001525878906,38.720001220703125,38.150001525878906,38.560001373291016,32.72315216064453,298300
2006-08-16,39.22999954223633,39.459999084472656,39.060001373291016,39.18999862670898,33.257781982421875,199600
2006-08-17,39.04999923706055,39.09000015258789,38.02000045776367,38.27999877929688,32.485530853271484,277300
2006-08-18,38.54999923706055,38.54999923706055,37.619998931884766,38.380001068115234,32.570396423339844,317100
2006-08-21,39.150001525878906,40.290000915527344,39.0,40.290000915527344,34.191280364990234,408000
2006-08-22,40.0,40.5,39.66999816894531,40.5,34.36948776245117,304100
2006-08-23,40.95000076293945,41.220001220703125,40.22999954223633,40.380001068115234,34.26765441894531,402700
2006-08-24,40.59999847412109,40.68999862670898,39.59999847412109,39.75,33.7330207824707,327300
2006-08-25,40.09999847412109,40.34000015258789,39.79999923706055,39.97999954223633,33.92820739746094,188200
2006-08-28,39.869998931884766,39.880001068115234,39.04999923706055,39.09000015258789,33.17292022705078,345900
2006-08-29,39.04999923706055,39.34999847412109,38.45000076293945,39.34999847412109,33.3935661315918,853100
2006-08-30,39.86000061035156,40.09999847412109,39.09999847412109,39.5099983215332,33.529354095458984,525600
2006-08-31,40.290000915527344,40.59999847412109,40.02000045776367,40.59000015258789,34.44586563110352,535200
2006-09-01,40.25,41.08000183105469,40.0099983215332,40.88999938964844,34.7004508972168,241700
2006-09-05,41.650001525878906,42.16999816894531,41.5,42.09999847412109,35.727294921875,669700
2006-09-06,41.84000015258789,42.58000183105469,41.560001373291016,41.70000076293945,35.38784408569336,664700
2006-09-07,40.5,40.970001220703125,40.209999084472656,40.29999923706055,34.199764251708984,851900
2006-09-08,39.59999847412109,39.59999847412109,39.09999847412109,39.2400016784668,33.30021286010742,754000
2006-09-11,37.5099983215332,37.77999877929688,36.2599983215332,36.400001525878906,30.890119552612305,1646500
2006-09-12,36.40999984741211,36.95000076293945,35.72999954223633,36.06999969482422,30.610063552856445,725900
2006-09-13,36.36000061035156,36.7400016784668,36.150001525878906,36.34999847412109,30.84768486022949,386500
2006-09-14,36.5,36.63999938964844,34.77000045776367,34.95000076293945,29.65959548950196,859600
2006-09-15,35.0099983215332,35.470001220703125,34.34000015258789,35.22999954223633,29.897216796875,784400
2006-09-18,35.11000061035156,36.2400016784668,35.11000061035156,36.150001525878906,30.67795181274414,625000
2006-09-19,35.900001525878906,36.04999923706055,34.630001068115234,34.68000030517578,29.43047142028809,615000
2006-09-20,35.02000045776367,35.279998779296875,34.29999923706055,34.36000061035156,29.15890884399414,946400
2006-09-21,34.70000076293945,35.119998931884766,34.209999084472656,34.79999923706055,29.532304763793945,453900
2006-09-22,35.650001525878906,35.650001525878906,34.79999923706055,34.849998474121094,29.5747299194336,886000
2006-09-25,34.790000915527344,34.84000015258789,33.86000061035156,34.459999084472656,29.2437686920166,711100
2006-09-26,34.560001373291016,35.63999938964844,34.4900016784668,35.630001068115234,30.23666954040528,814100
2006-09-27,36.040000915527344,36.40999984741211,35.22999954223633,36.38999938964844,30.88161849975586,594900
2006-09-28,36.40999984741211,36.68999862670898,35.959999084472656,35.959999084472656,30.51670837402344,499300
2006-09-29,35.400001525878906,36.220001220703125,35.400001525878906,35.650001525878906,30.253637313842773,342000
2006-10-02,35.95000076293945,36.43999862670898,35.54999923706055,35.72999954223633,30.32152366638184,275600
2006-10-03,34.619998931884766,34.70000076293945,33.380001068115234,33.459999084472656,28.395137786865234,942700
2006-10-04,33.400001525878906,33.77000045776367,32.40999984741211,33.77000045776367,28.65821647644043,1014300
2006-10-05,34.459999084472656,34.79999923706055,34.040000915527344,34.5099983215332,29.286195755004883,493900
2006-10-06,34.47999954223633,34.86000061035156,33.77000045776367,34.369998931884766,29.16739082336425,458300
2006-10-09,35.0,35.06999969482422,34.06999969482422,34.09000015258789,28.92976951599121,477700
2006-10-10,33.560001373291016,34.689998626708984,33.529998779296875,34.43000030517578,29.21831512451172,473800
2006-10-11,34.599998474121094,34.599998474121094,33.779998779296875,33.810001373291016,28.69215965270996,385400
2006-10-12,33.93000030517578,34.779998779296875,33.720001220703125,34.70000076293945,29.44744300842285,626200
2006-10-13,35.25,35.79999923706055,35.15999984741211,35.790000915527344,30.37244987487793,977200
2006-10-16,36.20000076293945,36.20000076293945,35.40999984741211,36.060001373291016,30.601577758789062,946300
2006-10-17,35.9900016784668,35.9900016784668,35.13999938964844,35.79999923706055,30.380935668945312,402400
2006-10-18,35.9900016784668,35.9900016784668,35.099998474121094,35.18000030517578,29.854785919189453,336200
2006-10-19,35.650001525878906,36.45000076293945,35.59000015258789,36.34000015258789,30.83919334411621,782900
2006-10-20,36.290000915527344,36.59999847412109,35.72999954223633,35.7400016784668,30.33001708984375,492400
2006-10-23,35.18000030517578,36.08000183105469,35.06999969482422,36.08000183105469,30.61855125427246,481800
2006-10-24,35.5099983215332,36.59999847412109,35.5099983215332,36.33000183105469,30.830707550048828,675900
2006-10-25,36.20000076293945,37.34999847412109,36.0099983215332,37.34999847412109,31.696304321289062,746900
2006-10-26,37.5,37.63999938964844,36.90999984741211,37.27000045776367,31.62841987609864,682400
2006-10-27,37.20000076293945,37.56999969482422,36.84000015258789,36.84000015258789,31.263504028320312,433200
2006-10-30,38.040000915527344,38.040000915527344,37.0099983215332,37.0099983215332,31.40776634216309,522300
2006-10-31,37.0099983215332,37.970001220703125,37.0,37.959999084472656,32.21397399902344,583000
2006-11-01,38.52999877929688,38.880001068115234,37.75,38.040000915527344,32.28186798095703,856800
2006-11-02,38.150001525878906,38.79999923706055,37.91999816894531,38.34000015258789,32.53644943237305,551500
2006-11-03,38.29999923706055,38.95000076293945,38.25,38.79999923706055,32.926815032958984,1442400
2006-11-06,38.66999816894531,39.25,38.40999984741211,38.43000030517578,32.61282730102539,661700
2006-11-07,38.7599983215332,38.95000076293945,38.29999923706055,38.54999923706055,32.71466064453125,365200
2006-11-08,38.29999923706055,38.68000030517578,37.91999816894531,38.2599983215332,32.46855545043945,341100
2006-11-09,38.84999847412109,39.970001220703125,38.63999938964844,39.900001525878906,33.86030578613281,585600
2006-11-10,39.560001373291016,39.709999084472656,38.790000915527344,39.0099983215332,33.10503005981445,681900
2006-11-13,38.2599983215332,38.93999862670898,38.04999923706055,38.91999816894531,33.02865982055664,492100
2006-11-14,39.2599983215332,39.27999877929688,38.310001373291016,38.400001525878906,32.587371826171875,438000
2006-11-15,37.90999984741211,39.060001373291016,37.75,38.880001068115234,32.99471664428711,553300
2006-11-16,38.95000076293945,39.040000915527344,37.31999969482422,37.31999969482422,31.67085266113281,1309500
2006-11-17,37.040000915527344,37.66999816894531,36.66999816894531,37.34999847412109,31.696304321289062,672900
2006-11-20,37.86000061035156,38.16999816894531,37.25,37.31999969482422,31.67085266113281,343900
2006-11-21,37.88999938964844,38.7400016784668,37.869998931884766,38.68999862670898,32.833473205566406,845400
2006-11-22,39.09999847412109,39.52000045776367,38.59000015258789,38.84000015258789,32.96075820922852,463300
2006-11-24,39.93000030517578,40.209999084472656,39.650001525878906,39.900001525878906,33.86030578613281,588000
2006-11-27,40.290000915527344,40.45000076293945,39.86000061035156,39.959999084472656,33.91122817993164,545700
2006-11-28,39.9900016784668,40.400001525878906,39.70000076293945,40.400001525878906,34.28463363647461,817000
2006-11-29,40.18999862670898,40.52999877929688,40.02999877929688,40.52999877929688,34.39494323730469,597700
2006-11-30,41.16999816894531,41.97999954223633,41.02999877929688,41.97999954223633,35.625457763671875,1055700
2006-12-01,41.84999847412109,41.9900016784668,41.220001220703125,41.540000915527344,35.2520637512207,1057500
2006-12-04,41.7400016784668,42.119998931884766,41.209999084472656,42.09000015258789,35.71881103515625,837800
2006-12-05,42.09999847412109,42.31999969482422,41.2400016784668,41.58000183105469,35.286014556884766,960500
2006-12-06,40.959999084472656,41.630001068115234,40.79999923706055,40.90999984741211,34.717430114746094,804400
2006-12-07,41.06999969482422,41.4900016784668,40.220001220703125,41.25,35.00595474243164,962500
2006-12-08,41.54999923706055,41.619998931884766,40.29999923706055,40.5,34.36948776245117,790400
2006-12-11,40.45000076293945,41.06999969482422,40.45000076293945,40.83000183105469,34.64954376220703,518300
2006-12-12,40.540000915527344,40.70000076293945,39.84000015258789,40.36000061035156,34.25068283081055,873400
2006-12-13,40.25,40.56999969482422,39.83000183105469,40.400001525878906,34.28463363647461,584700
2006-12-14,40.43000030517578,40.70000076293945,40.16999816894531,40.54999923706055,34.411922454833984,1725200
2006-12-15,40.58000183105469,40.790000915527344,39.5099983215332,39.7599983215332,33.74150085449219,998800
2006-12-18,39.72999954223633,39.88999938964844,39.18999862670898,39.31999969482422,33.36810302734375,729500
2006-12-19,39.29999923706055,40.41999816894531,39.29999923706055,40.41999816894531,34.30159378051758,851600
2006-12-20,40.41999816894531,40.45000076293945,39.5,39.68000030517578,33.67361068725586,1064200
2006-12-21,39.540000915527344,39.56999969482422,38.61000061035156,39.0,33.19274139404297,1078700
2006-12-22,38.95000076293945,38.95000076293945,38.310001373291016,38.68999862670898,32.92890548706055,611300
2006-12-26,39.25,39.65999984741211,38.869998931884766,39.02999877929688,33.218284606933594,439800
2006-12-27,39.470001220703125,39.790000915527344,39.27000045776367,39.790000915527344,33.865116119384766,307800
2006-12-28,40.04999923706055,40.34999847412109,39.880001068115234,40.16999816894531,34.18852233886719,405000
2006-12-29,40.0,40.0,39.54999923706055,39.90999984741211,33.96723937988281,548200
2007-01-03,40.18999862670898,40.220001220703125,38.11000061035156,38.43000030517578,32.707618713378906,950300
2007-01-04,38.09999847412109,38.2400016784668,37.52999877929688,37.720001220703125,32.10333251953125,680300
2007-01-05,36.650001525878906,37.34000015258789,36.650001525878906,37.209999084472656,31.66927528381348,1869400
2007-01-08,37.29999923706055,37.40999984741211,36.77000045776367,37.29999923706055,31.74588394165039,946000
2007-01-09,36.75,37.20000076293945,36.25,37.04999923706055,31.533109664916992,742800
2007-01-10,36.31999969482422,36.79999923706055,36.18999862670898,36.61000061035156,31.158620834350582,622700
2007-01-11,36.77000045776367,37.459999084472656,36.68999862670898,36.93000030517578,31.43097305297852,1038800
2007-01-12,37.04999923706055,37.959999084472656,36.95000076293945,37.900001525878906,32.25654220581055,672600
2007-01-16,37.970001220703125,38.0,37.25,37.52000045776367,31.93312263488769,472200
2007-01-17,37.52000045776367,38.02000045776367,37.36000061035156,37.70000076293945,32.08632278442383,703000
2007-01-18,37.959999084472656,38.2400016784668,36.84999847412109,36.970001220703125,31.46501922607422,729900
2007-01-19,37.20000076293945,37.70000076293945,36.9900016784668,37.52999877929688,31.94163703918457,484200
2007-01-22,37.58000183105469,37.88999938964844,37.0099983215332,37.27000045776367,31.72035026550293,534600
2007-01-23,38.20000076293945,39.09999847412109,38.060001373291016,39.09999847412109,33.277854919433594,1457200
2007-01-24,38.81999969482422,39.560001373291016,38.34000015258789,39.560001373291016,33.66935348510742,704800
2007-01-25,39.810001373291016,40.09999847412109,38.869998931884766,39.11000061035156,33.2863655090332,1179800
2007-01-26,39.09999847412109,39.2400016784668,38.5,39.20000076293945,33.36295700073242,410000
2007-01-29,38.81999969482422,39.290000915527344,38.369998931884766,38.54999923706055,32.809749603271484,1024700
2007-01-30,38.79999923706055,39.06999969482422,38.54999923706055,38.970001220703125,33.167213439941406,530200
2007-01-31,38.970001220703125,39.77999877929688,38.959999084472656,39.59999847412109,33.703399658203125,643000
2007-02-01,40.13999938964844,40.41999816894531,39.83000183105469,39.84999847412109,33.91617202758789,700600
2007-02-02,39.33000183105469,39.5,38.95000076293945,39.31999969482422,33.465091705322266,640900
2007-02-05,39.59999847412109,39.630001068115234,39.25,39.47999954223633,33.60126495361328,206400
2007-02-06,39.90999984741211,40.02000045776367,39.41999816894531,39.72999954223633,33.81404113769531,260900
2007-02-07,39.54999923706055,39.900001525878906,39.130001068115234,39.310001373291016,33.45658874511719,392000
2007-02-08,39.29999923706055,40.2599983215332,39.06999969482422,40.2599983215332,34.26511764526367,920300
2007-02-09,40.41999816894531,40.810001373291016,39.91999816894531,40.11000061035156,34.13746643066406,918000
2007-02-12,39.93999862670898,40.31999969482422,39.40999984741211,39.61000061035156,33.7119140625,434100
2007-02-13,40.22999954223633,40.369998931884766,40.02000045776367,40.22999954223633,34.23959732055664,363400
2007-02-14,40.59999847412109,40.959999084472656,40.34000015258789,40.88999938964844,34.80131149291992,473700
2007-02-15,40.900001525878906,41.20000076293945,40.65999984741211,41.20000076293945,35.065162658691406,446300
2007-02-16,40.79999923706055,41.02999877929688,40.709999084472656,40.93999862670898,34.843868255615234,368100
2007-02-20,40.31999969482422,40.380001068115234,39.84999847412109,40.08000183105469,34.11193084716797,853400
2007-02-21,40.31999969482422,41.810001373291016,40.150001525878906,41.56999969482422,35.380062103271484,1071000
2007-02-22,42.0,42.22999954223633,41.560001373291016,41.79999923706055,35.575809478759766,660900
2007-02-23,42.400001525878906,43.31999969482422,41.7599983215332,41.83000183105469,35.60134506225586,1077200
2007-02-26,42.31999969482422,42.4900016784668,41.900001525878906,42.34999847412109,36.04391479492188,589200
2007-02-27,41.25,41.459999084472656,38.72999954223633,39.34999847412109,33.49062728881836,1639400
2007-02-28,39.400001525878906,40.119998931884766,38.83000183105469,39.9900016784668,34.03533172607422,1259900
2007-03-01,38.77999877929688,39.79999923706055,38.65999984741211,39.150001525878906,33.32041549682617,614400
2007-03-02,38.5,39.02999877929688,37.65999984741211,37.68000030517578,32.069297790527344,1297100
2007-03-05,37.0,37.84000015258789,36.25,36.91999816894531,31.422462463378903,878000
2007-03-06,37.59000015258789,38.220001220703125,37.59000015258789,38.08000183105469,32.40973663330078,965900
2007-03-07,38.09999847412109,38.720001220703125,37.9900016784668,38.09000015258789,32.418243408203125,1060000
2007-03-08,38.650001525878906,38.790000915527344,38.08000183105469,38.34999847412109,32.6395263671875,630400
2007-03-09,38.70000076293945,38.70000076293945,37.970001220703125,38.02999877929688,32.3671875,576800
2007-03-12,38.02000045776367,38.72999954223633,37.93000030517578,38.650001525878906,32.89485549926758,780000
2007-03-13,38.43999862670898,38.75,37.060001373291016,37.150001525878906,31.618223190307617,1068600
2007-03-14,37.0099983215332,37.47999954223633,36.459999084472656,37.36000061035156,31.79694938659668,1172600
2007-03-15,37.68000030517578,38.43999862670898,37.68000030517578,38.2400016784668,32.5459098815918,1055100
2007-03-16,38.650001525878906,39.02999877929688,38.150001525878906,38.36000061035156,32.648040771484375,1329200
2007-03-19,38.66999816894531,39.02999877929688,38.59999847412109,38.84999847412109,33.0650749206543,651600
2007-03-20,39.45000076293945,39.470001220703125,39.04999923706055,39.220001220703125,33.379981994628906,671500
2007-03-21,39.47999954223633,40.11000061035156,39.060001373291016,40.11000061035156,34.13746643066406,399500
2007-03-22,40.33000183105469,40.380001068115234,39.84000015258789,39.970001220703125,34.01830291748047,584600
2007-03-23,39.90999984741211,40.0,39.47999954223633,39.83000183105469,33.89915466308594,430800
2007-03-26,40.27999877929688,40.27999877929688,39.619998931884766,40.13999938964844,34.162994384765625,514500
2007-03-27,39.880001068115234,39.93999862670898,39.400001525878906,39.45000076293945,33.57572937011719,503200
2007-03-28,39.720001220703125,39.95000076293945,39.459999084472656,39.63999938964844,33.73745346069336,554000
2007-03-29,39.59999847412109,39.83000183105469,39.20000076293945,39.45000076293945,33.57572937011719,689100
2007-03-30,39.70000076293945,39.79999923706055,39.36000061035156,39.56999969482422,33.67787170410156,399500
2007-04-02,39.380001068115234,40.150001525878906,39.18999862670898,40.150001525878906,34.171512603759766,410200
2007-04-03,40.08000183105469,40.7400016784668,40.0,40.47999954223633,34.45236587524414,921600
2007-04-04,40.7400016784668,41.290000915527344,40.7400016784668,41.18999862670898,35.056640625,434100
2007-04-05,41.25,41.5,41.08000183105469,41.16999816894531,35.03961563110352,457600
2007-04-09,41.25,41.630001068115234,40.93000030517578,41.04999923706055,34.93748474121094,341700
2007-04-10,41.59999847412109,41.72999954223633,41.290000915527344,41.380001068115234,35.21834945678711,294100
2007-04-11,41.79999923706055,41.9900016784668,40.84000015258789,41.09999847412109,34.98004531860352,1486000
2007-04-12,41.15999984741211,41.27999877929688,40.810001373291016,41.27999877929688,35.13324737548828,446800
2007-04-13,41.54999923706055,42.59999847412109,41.5099983215332,42.34999847412109,36.04391479492188,854900
2007-04-16,42.52000045776367,42.880001068115234,42.43999862670898,42.880001068115234,36.4949951171875,695000
2007-04-17,42.59999847412109,42.77000045776367,42.2599983215332,42.290000915527344,35.99284362792969,539100
2007-04-18,42.40999984741211,42.4900016784668,42.0,42.09000015258789,35.8226318359375,472900
2007-04-19,41.41999816894531,41.41999816894531,40.25,41.06999969482422,34.95450592041016,1269100
2007-04-20,41.650001525878906,41.86000061035156,41.33000183105469,41.470001220703125,35.29494857788086,357900
2007-04-23,41.470001220703125,41.540000915527344,40.97999954223633,41.09000015258789,34.97153091430664,440700
2007-04-24,41.040000915527344,41.09000015258789,40.34999847412109,40.54999923706055,34.51194381713867,1293900
2007-04-25,40.97999954223633,41.13999938964844,40.58000183105469,41.0099983215332,34.90345001220703,813800
2007-04-26,40.59999847412109,40.59999847412109,39.91999816894531,40.060001373291016,34.094905853271484,1033200
2007-04-27,40.15999984741211,40.43000030517578,40.040000915527344,40.34000015258789,34.33320999145508,408800
2007-04-30,40.38999938964844,40.38999938964844,39.5,39.560001373291016,33.66935348510742,387700
2007-05-01,39.45000076293945,39.58000183105469,38.95000076293945,39.29999923706055,33.44807434082031,689800
2007-05-02,39.15999984741211,40.400001525878906,39.11000061035156,40.36000061035156,34.35023498535156,829800
2007-05-03,40.400001525878906,40.88999938964844,40.06999969482422,40.709999084472656,34.64811706542969,569300
2007-05-04,41.119998931884766,41.400001525878906,40.630001068115234,40.709999084472656,34.64811706542969,394100
2007-05-07,41.220001220703125,41.369998931884766,40.97999954223633,40.97999954223633,34.877906799316406,387300
2007-05-08,40.7599983215332,40.77999877929688,40.27000045776367,40.75,34.68216323852539,724100
2007-05-09,40.5099983215332,40.9900016784668,40.369998931884766,40.59999847412109,34.55449676513672,365700
2007-05-10,40.310001373291016,40.310001373291016,39.34999847412109,39.47999954223633,33.60126495361328,901500
2007-05-11,39.66999816894531,40.040000915527344,39.66999816894531,39.75,33.83106994628906,430800
2007-05-14,40.11000061035156,40.119998931884766,38.959999084472656,39.15999984741211,33.32891845703125,1028700
2007-05-15,39.20000076293945,39.65999984741211,38.97999954223633,39.06999969482422,33.2523193359375,422000
2007-05-16,38.959999084472656,39.04999923706055,38.13999938964844,38.43999862670898,32.71612930297852,1004300
2007-05-17,38.36000061035156,38.540000915527344,38.04999923706055,38.2599983215332,32.56292724609375,1301900
2007-05-18,38.65999984741211,39.209999084472656,38.52999877929688,39.0099983215332,33.20125198364258,752800
2007-05-21,38.84999847412109,39.75,38.84999847412109,39.470001220703125,33.59275817871094,1060900
2007-05-22,39.5,39.5,38.75,38.86000061035156,33.07358932495117,389000
2007-05-23,39.2400016784668,39.650001525878906,39.11000061035156,39.31999969482422,33.465091705322266,706000
2007-05-24,39.22999954223633,39.290000915527344,37.97999954223633,38.09000015258789,32.418243408203125,1005000
2007-05-25,38.220001220703125,38.470001220703125,37.90999984741211,38.2599983215332,32.56292724609375,476500
2007-05-29,38.5,38.630001068115234,37.90999984741211,37.95000076293945,32.299095153808594,665500
2007-05-30,37.86000061035156,38.02999877929688,37.5,37.9900016784668,32.333133697509766,641000
2007-05-31,38.25,39.20000076293945,38.18000030517578,39.15999984741211,33.32891845703125,782800
2007-06-01,39.72999954223633,40.13999938964844,39.709999084472656,40.060001373291016,34.094905853271484,1548000
2007-06-04,40.0,40.13999938964844,39.709999084472656,40.04999923706055,34.08639907836914,656600
2007-06-05,39.77000045776367,40.02999877929688,39.470001220703125,39.72999954223633,33.81404113769531,724000
2007-06-06,39.5,39.65999984741211,39.0,39.33000183105469,33.473602294921875,1056000
2007-06-07,39.20000076293945,39.33000183105469,37.970001220703125,38.0099983215332,32.350154876708984,1551700
2007-06-08,37.90999984741211,38.5099983215332,37.400001525878906,38.290000915527344,32.588470458984375,1027600
2007-06-11,38.33000183105469,38.52999877929688,37.900001525878906,38.22999954223633,32.53739929199219,709100
2007-06-12,37.77000045776367,38.02999877929688,37.29999923706055,37.43000030517578,31.85653114318848,971200
2007-06-13,37.560001373291016,37.9900016784668,37.40999984741211,37.9900016784668,32.333133697509766,1161400
2007-06-14,38.150001525878906,38.5099983215332,38.040000915527344,38.380001068115234,32.66506576538086,467000
2007-06-15,38.77999877929688,39.13999938964844,38.540000915527344,39.09000015258789,33.26934051513672,620100
2007-06-18,39.20000076293945,39.27999877929688,38.900001525878906,38.97999954223633,33.17572021484375,747500
2007-06-19,38.810001373291016,39.470001220703125,38.7400016784668,39.470001220703125,33.59275817871094,757200
2007-06-20,39.400001525878906,39.400001525878906,38.619998931884766,38.68999862670898,32.92890548706055,600700
2007-06-21,38.79999923706055,39.150001525878906,38.13999938964844,39.150001525878906,33.32041549682617,827400
2007-06-22,38.86000061035156,39.09000015258789,38.38999938964844,38.790000915527344,33.014015197753906,848700
2007-06-25,38.54999923706055,39.22999954223633,37.83000183105469,37.84999847412109,32.2139778137207,867200
2007-06-26,37.86000061035156,37.86000061035156,36.720001220703125,37.09999847412109,31.575660705566406,1323400
2007-06-27,37.060001373291016,37.400001525878906,36.630001068115234,37.400001525878906,31.830989837646484,1252700
2007-06-28,37.400001525878906,38.09000015258789,37.400001525878906,37.630001068115234,32.02674102783203,495100
2007-06-29,37.7599983215332,38.02000045776367,37.619998931884766,37.88999938964844,32.24802017211914,508500
2007-07-02,38.33000183105469,38.84000015258789,38.2599983215332,38.84000015258789,33.05656051635742,727400
2007-07-03,38.790000915527344,38.880001068115234,38.560001373291016,38.72999954223633,32.96295166015625,299700
2007-07-05,38.90999984741211,39.25,38.59999847412109,39.25,33.405513763427734,816300
2007-07-06,39.29999923706055,40.560001373291016,39.25,40.52999877929688,34.49491500854492,1608300
2007-07-09,40.91999816894531,41.2400016784668,40.720001220703125,40.880001068115234,34.79281234741211,1353900
2007-07-10,40.81999969482422,41.09000015258789,40.5,40.65999984741211,34.605560302734375,914200
2007-07-11,40.41999816894531,40.65999984741211,40.15999984741211,40.65999984741211,34.605560302734375,720400
2007-07-12,40.81999969482422,41.369998931884766,40.58000183105469,41.27999877929688,35.13324737548828,1065100
2007-07-13,41.34000015258789,41.619998931884766,41.209999084472656,41.310001373291016,35.15877914428711,583700
2007-07-16,41.38999938964844,41.38999938964844,40.59000015258789,41.060001373291016,34.946006774902344,701000
2007-07-17,41.02999877929688,41.18999862670898,40.66999816894531,40.81999969482422,34.741729736328125,1077400
2007-07-18,41.0,42.47999954223633,40.88999938964844,42.47999954223633,36.15456008911133,1382000
2007-07-19,42.58000183105469,43.18999862670898,42.58000183105469,43.09000015258789,36.67372131347656,1537700
2007-07-20,43.11000061035156,43.25,42.65999984741211,43.040000915527344,36.63117980957031,1191900
2007-07-23,43.11000061035156,43.13999938964844,42.7400016784668,42.9900016784668,36.588626861572266,629800
2007-07-24,43.20000076293945,43.29999923706055,42.150001525878906,42.400001525878906,36.08646774291992,1210100
2007-07-25,41.88999938964844,41.9900016784668,40.7599983215332,41.720001220703125,35.50772857666016,2414900
2007-07-26,40.79999923706055,41.0,39.369998931884766,40.29999923706055,34.29916763305664,3046100
2007-07-27,40.02999877929688,40.22999954223633,39.02000045776367,39.02000045776367,33.20977020263672,1932200
2007-07-30,39.29999923706055,40.36000061035156,39.11000061035156,40.09999847412109,34.12895202636719,1202700
2007-07-31,40.5099983215332,40.93000030517578,39.93000030517578,39.93999862670898,33.99277114868164,1234200
2007-08-01,39.93999862670898,40.040000915527344,38.81999969482422,39.47999954223633,33.60126495361328,1481000
2007-08-02,39.66999816894531,39.95000076293945,39.36000061035156,39.810001373291016,33.88213348388672,1112000
2007-08-03,39.790000915527344,40.119998931884766,39.33000183105469,39.47999954223633,33.60126495361328,1742100
2007-08-06,39.36000061035156,40.13999938964844,38.06999969482422,38.7400016784668,32.971458435058594,2174900
2007-08-07,38.09999847412109,38.9900016784668,37.880001068115234,38.58000183105469,32.83528518676758,1075100
2007-08-08,39.369998931884766,40.34000015258789,39.36000061035156,40.130001068115234,34.15447235107422,1905300
2007-08-09,39.150001525878906,39.5,38.5,39.45000076293945,33.57572937011719,2182100
2007-08-10,39.0,40.09999847412109,38.79999923706055,39.84999847412109,33.91617202758789,1976300
2007-08-13,39.84999847412109,39.900001525878906,38.97999954223633,39.130001068115234,33.30339050292969,1228800
2007-08-14,38.95000076293945,39.11000061035156,37.84000015258789,38.04999923706055,32.38420104980469,1714800
2007-08-15,37.33000183105469,37.619998931884766,36.0099983215332,36.45000076293945,31.022445678710938,2675800
2007-08-16,35.560001373291016,35.63999938964844,32.7599983215332,34.4900016784668,29.35429954528809,5587800
2007-08-17,35.5099983215332,36.45000076293945,34.810001373291016,35.220001220703125,29.97560691833496,2975600
2007-08-20,35.439998626708984,36.09999847412109,35.099998474121094,35.79999923706055,30.46924018859864,1783900
2007-08-21,35.54999923706055,36.0,35.47999954223633,35.75,30.42668533325196,1199300
2007-08-22,36.36000061035156,37.040000915527344,36.34999847412109,36.880001068115234,31.388425827026367,1651100
2007-08-23,37.34000015258789,37.41999816894531,36.25,36.34999847412109,30.937345504760746,1297200
2007-08-24,36.4900016784668,37.380001068115234,36.41999816894531,37.130001068115234,31.6011962890625,1093300
2007-08-27,37.06999969482422,37.06999969482422,36.5099983215332,36.630001068115234,31.17564582824707,1452400
2007-08-28,36.15999984741211,36.650001525878906,35.599998474121094,35.709999084472656,30.392641067504883,962600
2007-08-29,36.09999847412109,36.959999084472656,36.04999923706055,36.959999084472656,31.45650291442871,1215800
2007-08-30,36.34999847412109,37.18999862670898,36.34999847412109,36.5099983215332,31.073511123657227,1032700
2007-08-31,37.59000015258789,37.75,37.09999847412109,37.650001525878906,32.04376220703125,1660500
2007-09-04,37.7400016784668,38.93999862670898,37.72999954223633,38.65999984741211,32.90336990356445,1883700
2007-09-05,38.2599983215332,38.56999969482422,37.970001220703125,38.47999954223633,32.75017166137695,1225800
2007-09-06,38.970001220703125,40.97999954223633,38.970001220703125,40.95000076293945,34.852378845214844,2737700
2007-09-07,41.59000015258789,41.75,40.68000030517578,41.16999816894531,35.03961563110352,2828400
2007-09-10,41.59999847412109,41.650001525878906,40.52000045776367,40.93999862670898,34.843868255615234,1592700
2007-09-11,41.09000015258789,42.13999938964844,40.84999847412109,42.04999923706055,35.78858184814453,1722400
2007-09-12,41.84999847412109,42.209999084472656,41.59999847412109,42.18999862670898,35.90774154663086,1177000
2007-09-13,41.72999954223633,42.27999877929688,41.5,42.209999084472656,35.92476272583008,1566600
2007-09-14,42.02000045776367,42.720001220703125,41.61000061035156,42.16999816894531,35.89070510864258,2389300
2007-09-17,42.31999969482422,42.70000076293945,41.84000015258789,42.150001525878906,35.87369537353516,2258400
2007-09-18,42.0,43.630001068115234,41.400001525878906,43.59999847412109,37.1077880859375,2453100
2007-09-19,43.93999862670898,44.59000015258789,43.59000015258789,44.02999877929688,37.47376251220703,2778800
2007-09-20,45.04999923706055,45.86000061035156,44.91999816894531,45.81999969482422,38.997215270996094,3633000
2007-09-21,45.95000076293945,45.959999084472656,45.0,45.47999954223633,38.70784759521485,2422700
2007-09-24,45.209999084472656,45.72999954223633,45.02000045776367,45.09999847412109,38.38441467285156,2098700
2007-09-25,44.58000183105469,44.68000030517578,44.150001525878906,44.59000015258789,37.95037078857422,2173300
2007-09-26,44.7400016784668,45.02000045776367,43.400001525878906,43.84999847412109,37.32055282592773,3632800
2007-09-27,44.380001068115234,44.630001068115234,43.84000015258789,44.33000183105469,37.72908782958984,1997400
2007-09-28,45.25,45.810001373291016,44.97999954223633,45.34999847412109,38.59719467163086,1853000
2007-10-01,44.869998931884766,45.84000015258789,44.81999969482422,45.81999969482422,38.997215270996094,1500500
2007-10-02,44.540000915527344,45.400001525878906,43.310001373291016,43.79999923706055,37.27800750732422,2634900
2007-10-03,44.33000183105469,44.41999816894531,43.43000030517578,43.58000183105469,37.09075927734375,1442000
2007-10-04,43.43000030517578,44.369998931884766,42.869998931884766,44.369998931884766,37.76312255859375,1849300
2007-10-05,44.22999954223633,45.59000015258789,44.18999862670898,45.59000015258789,38.80146789550781,2217500
2007-10-08,45.0,45.209999084472656,44.220001220703125,44.619998931884766,37.97589874267578,606000
2007-10-09,44.38999938964844,45.790000915527344,44.34999847412109,45.790000915527344,38.9716911315918,1120600
2007-10-10,46.41999816894531,46.77999877929688,45.79999923706055,46.68000030517578,39.72916412353516,1494900
2007-10-11,47.18000030517578,48.5099983215332,46.130001068115234,46.79999923706055,39.83129501342773,5105400
2007-10-12,47.290000915527344,47.79999923706055,46.959999084472656,47.790000915527344,40.67387390136719,1458200
2007-10-15,48.650001525878906,49.7400016784668,47.459999084472656,48.02000045776367,40.869625091552734,2146800
2007-10-16,48.0099983215332,48.09999847412109,47.02000045776367,47.290000915527344,40.248329162597656,1541700
2007-10-17,47.91999816894531,48.09000015258789,45.97999954223633,46.459999084472656,39.54191589355469,1721400
2007-10-18,46.63999938964844,47.4900016784668,46.59000015258789,47.400001525878906,40.34195709228516,1433000
2007-10-19,47.650001525878906,47.650001525878906,46.29999923706055,46.79999923706055,39.83129501342773,2277700
2007-10-22,45.5099983215332,45.61000061035156,44.619998931884766,45.52999877929688,38.75040817260742,2270700
2007-10-23,46.2400016784668,46.72999954223633,45.709999084472656,46.619998931884766,39.67809677124024,1470200
2007-10-24,46.5,47.0,45.65999984741211,47.0,40.00151443481445,1642600
2007-10-25,47.540000915527344,47.540000915527344,46.84000015258789,47.45000076293945,40.38450622558594,1494200
2007-10-26,48.22999954223633,48.65999984741211,47.900001525878906,48.400001525878906,41.19305038452149,1930200
2007-10-29,49.18999862670898,49.84000015258789,49.0099983215332,49.84000015258789,42.41862869262695,1586300
2007-10-30,48.84000015258789,48.93000030517578,48.47999954223633,48.81999969482422,41.55050277709961,1304900
2007-10-31,49.209999084472656,50.810001373291016,48.86000061035156,50.59999847412109,43.06546401977539,4774900
2007-11-01,50.15999984741211,50.15999984741211,48.59000015258789,48.81999969482422,41.55050277709961,2165300
2007-11-02,49.68999862670898,50.7400016784668,48.900001525878906,50.709999084472656,43.15908050537109,3212200
2007-11-05,51.22999954223633,51.22999954223633,49.77999877929688,50.43999862670898,42.92928314208984,2132700
2007-11-06,51.810001373291016,52.5,51.66999816894531,52.25,44.469764709472656,2181600
2007-11-07,53.84000015258789,53.84000015258789,51.5,51.52999877929688,43.85697937011719,3870500
2007-11-08,51.5,52.650001525878906,49.93000030517578,51.400001525878906,43.746337890625,3504100
2007-11-09,51.25,51.2599983215332,50.0099983215332,50.310001373291016,42.81864547729492,1813000
2007-11-12,48.959999084472656,48.959999084472656,46.470001220703125,46.68999862670898,39.73766708374024,3908400
2007-11-13,46.93999862670898,48.02000045776367,46.93999862670898,47.58000183105469,40.495147705078125,1919300
2007-11-14,49.4900016784668,49.5,48.34999847412109,48.70000076293945,41.448368072509766,1823900
2007-11-15,47.9900016784668,47.9900016784668,45.970001220703125,46.43999862670898,39.524898529052734,2910000
2007-11-16,46.880001068115234,47.18999862670898,46.150001525878906,46.95000076293945,39.95895004272461,2132700
2007-11-19,46.650001525878906,46.70000076293945,45.040000915527344,45.45000076293945,38.68231201171875,2779600
2007-11-20,46.45000076293945,47.93000030517578,45.790000915527344,47.93000030517578,40.79303741455078,2560100
2007-11-21,47.900001525878906,47.900001525878906,45.95000076293945,46.81999969482422,39.84831237792969,2226200
2007-11-23,48.0,48.84999847412109,47.34999847412109,48.84999847412109,41.57603454589844,1155900
2007-11-26,49.43000030517578,49.43000030517578,46.84999847412109,47.060001373291016,40.05257415771485,1966500
2007-11-27,46.84000015258789,46.84000015258789,45.7400016784668,46.61000061035156,39.66958618164063,2329700
2007-11-28,46.11000061035156,48.0,46.060001373291016,47.86000061035156,40.73345565795898,3893200
2007-11-29,47.09999847412109,48.0,46.7599983215332,47.02000045776367,40.0185432434082,1668500
2007-11-30,47.09000015258789,47.5,45.70000076293945,46.36000061035156,39.456817626953125,2006000
2007-12-03,45.7599983215332,47.11000061035156,45.75,46.81999969482422,39.84831237792969,775800
2007-12-04,47.20000076293945,47.20000076293945,45.970001220703125,46.20000076293945,39.32063293457031,2908300
2007-12-05,46.470001220703125,46.470001220703125,45.52999877929688,45.91999816894531,39.08232879638672,1865200
2007-12-06,45.630001068115234,46.93999862670898,45.380001068115234,46.77999877929688,39.81427001953125,2123200
2007-12-07,47.0,47.0,45.93000030517578,46.400001525878906,39.4908561706543,1412300
2007-12-10,46.90999984741211,47.77000045776367,46.880001068115234,47.34000015258789,40.29088592529297,2009000
2007-12-11,47.45000076293945,48.13999938964844,45.66999816894531,45.93000030517578,39.09083557128906,2205500
2007-12-12,46.75,47.150001525878906,46.06999969482422,46.70000076293945,39.74617767333984,2369900
2007-12-13,46.20000076293945,46.25,44.619998931884766,45.04999923706055,38.34187698364258,2328700
2007-12-14,44.560001373291016,45.040000915527344,44.150001525878906,44.310001373291016,37.71206665039063,2332900
2007-12-17,43.900001525878906,44.310001373291016,42.5,42.54999923706055,36.21413040161133,1613400
2007-12-18,43.36000061035156,43.7599983215332,42.310001373291016,43.41999816894531,36.954586029052734,2247900
2007-12-19,43.369998931884766,43.63999938964844,42.88999938964844,43.04999923706055,36.63968276977539,1084700
2007-12-20,43.09999847412109,43.22999954223633,42.400001525878906,42.869998931884766,36.48648452758789,1279700
2007-12-21,43.9900016784668,45.40999984741211,43.63999938964844,45.0,38.29931640625,3648200
2007-12-24,45.0099983215332,45.0099983215332,44.27999877929688,44.33000183105469,38.364234924316406,990600
2007-12-26,44.75,45.810001373291016,44.72999954223633,45.68000030517578,39.53255462646485,1680400
2007-12-27,45.970001220703125,45.97999954223633,45.150001525878906,45.380001068115234,39.27293014526367,1958900
2007-12-28,45.77000045776367,46.7400016784668,45.77000045776367,46.630001068115234,40.35469818115234,1444900
2007-12-31,46.619998931884766,46.7400016784668,45.630001068115234,45.83000183105469,39.6623649597168,980700
2008-01-02,46.68999862670898,49.27000045776367,46.68999862670898,49.2400016784668,42.61345291137695,3385300
2008-01-03,49.34999847412109,51.18000030517578,49.09999847412109,50.7400016784668,43.91159439086914,3871200
2008-01-04,50.27999877929688,50.34999847412109,49.27999877929688,49.900001525878906,43.18463516235352,2678500
2008-01-07,49.810001373291016,50.27999877929688,48.52000045776367,49.060001373291016,42.45767974853516,2859300
2008-01-08,50.7400016784668,51.97999954223633,50.59999847412109,50.79999923706055,43.96351623535156,4603800
2008-01-09,50.810001373291016,51.18999862670898,50.15999984741211,51.130001068115234,44.249114990234375,4724100
2008-01-10,50.86000061035156,52.459999084472656,50.34999847412109,52.02000045776367,45.01933288574219,3529200
2008-01-11,52.0,53.20000076293945,51.79999923706055,52.41999816894531,45.36549758911133,3736400
2008-01-14,54.02999877929688,54.22999954223633,53.09000015258789,53.31999969482422,46.14438629150391,6214000
2008-01-15,53.06999969482422,53.59000015258789,51.0,51.209999084472656,44.31834030151367,4602200
2008-01-16,50.290000915527344,50.869998931884766,48.25,48.83000183105469,42.258636474609375,5080200
2008-01-17,49.77000045776367,50.400001525878906,47.77000045776367,47.90999984741211,41.46243667602539,4064300
2008-01-18,48.470001220703125,48.95000076293945,46.470001220703125,48.34000015258789,41.83457565307617,3697800
2008-01-22,45.470001220703125,49.5,44.84999847412109,49.5,42.83847427368164,6123900
2008-01-23,48.560001373291016,49.470001220703125,46.27000045776367,48.18999862670898,41.70476150512695,3998100
2008-01-24,49.93000030517578,50.88999938964844,49.84999847412109,50.34999847412109,43.57407379150391,3635900
2008-01-25,50.93000030517578,51.959999084472656,50.25,50.41999816894531,43.6346549987793,4283100
2008-01-28,50.83000183105469,51.380001068115234,49.93000030517578,51.209999084472656,44.31834030151367,4157000
2008-01-29,51.59000015258789,51.59000015258789,50.56999969482422,50.70000076293945,43.8769760131836,3199800
2008-01-30,50.63999938964844,52.16999816894531,50.220001220703125,51.04999923706055,44.17986679077149,4030000
2008-01-31,50.52000045776367,50.869998931884766,49.81999969482422,50.34999847412109,43.57407379150391,2790800
2008-02-01,50.540000915527344,50.93000030517578,48.88999938964844,49.150001525878906,42.53556823730469,3315900
2008-02-04,49.0,49.0,47.810001373291016,48.150001525878906,41.670143127441406,4153700
2008-02-05,47.08000183105469,47.310001373291016,46.400001525878906,46.75,40.45854949951172,5774600
2008-02-06,47.31999969482422,48.04999923706055,46.84000015258789,46.900001525878906,40.5883674621582,4549400
2008-02-07,46.84999847412109,47.38999938964844,46.34999847412109,46.86000061035156,40.553749084472656,4785400
2008-02-08,47.060001373291016,48.68000030517578,47.0,48.540000915527344,42.00765228271485,4605900
2008-02-11,48.619998931884766,48.91999816894531,47.47999954223633,48.650001525878906,42.10285186767578,4430800
2008-02-12,48.59999847412109,48.95000076293945,46.79999923706055,46.88999938964844,40.5797119140625,4651000
2008-02-13,47.0,47.810001373291016,46.560001373291016,47.7599983215332,41.33262252807617,4449000
2008-02-14,47.72999954223633,48.09000015258789,47.22999954223633,47.4900016784668,41.09896469116211,4326200
2008-02-15,47.47999954223633,48.08000183105469,46.7599983215332,47.75,41.32396697998047,4141500
2008-02-19,48.869998931884766,49.77999877929688,48.68000030517578,49.59999847412109,42.92500305175781,5005200
2008-02-20,49.130001068115234,50.95000076293945,49.0,50.95000076293945,44.09333038330078,6070200
2008-02-21,51.41999816894531,52.20000076293945,50.63999938964844,50.790000915527344,43.95486068725586,8028900
2008-02-22,51.18999862670898,51.18999862670898,49.4900016784668,50.880001068115234,44.03275680541992,5110100
2008-02-25,50.81999969482422,51.18999862670898,49.7599983215332,50.93999862670898,44.08467102050781,5111800
2008-02-26,50.709999084472656,52.220001220703125,50.58000183105469,52.02999877929688,45.02798843383789,6042200
2008-02-27,52.7400016784668,53.77000045776367,52.59999847412109,53.15999984741211,46.00592041015625,5624100
2008-02-28,53.16999816894531,54.400001525878906,53.16999816894531,54.380001068115234,47.06173324584961,5439400
2008-02-29,54.0,54.119998931884766,52.63999938964844,53.119998931884766,45.97129821777344,5461000
2008-03-03,54.04999923706055,54.91999816894531,53.790000915527344,54.619998931884766,47.269439697265625,6082600
2008-03-04,55.150001525878906,55.20000076293945,51.959999084472656,52.75,45.65109634399414,7694100
2008-03-05,53.45000076293945,54.95000076293945,53.310001373291016,54.68999862670898,47.33000946044922,4219700
2008-03-06,54.70000076293945,55.060001373291016,53.81999969482422,54.77999877929688,47.40789794921875,3740000
2008-03-07,54.91999816894531,54.91999816894531,52.81999969482422,53.45000076293945,46.25689315795898,4223000
2008-03-10,52.33000183105469,52.720001220703125,51.209999084472656,51.41999816894531,44.50008010864258,5252300
2008-03-11,52.43999862670898,53.560001373291016,51.68000030517578,53.560001373291016,46.35208511352539,3226100
2008-03-12,53.70000076293945,54.0099983215332,53.08000183105469,53.650001525878906,46.42998123168945,2443600
2008-03-13,54.290000915527344,56.04999923706055,54.27000045776367,56.04999923706055,48.50698471069336,3685500
2008-03-14,55.88999938964844,56.869998931884766,55.18999862670898,56.41999816894531,48.82719039916992,4181300
2008-03-17,55.4900016784668,56.7400016784668,54.040000915527344,54.970001220703125,47.57233810424805,4293000
2008-03-18,55.29999923706055,55.4900016784668,52.119998931884766,52.38999938964844,45.33953475952149,4391000
2008-03-19,51.619998931884766,51.68000030517578,48.7400016784668,49.369998931884766,42.72595977783203,6715900
2008-03-20,47.54999923706055,48.09999847412109,46.06999969482422,47.77999877929688,41.34993743896485,6026300
2008-03-24,47.79999923706055,48.41999816894531,46.72999954223633,46.970001220703125,40.64894485473633,4141100
2008-03-25,47.72999954223633,49.060001373291016,47.720001220703125,49.040000915527344,42.44037628173828,2852600
2008-03-26,49.43000030517578,50.130001068115234,49.34000015258789,49.900001525878906,43.18463516235352,4326800
2008-03-27,49.95000076293945,49.95000076293945,48.86000061035156,49.36000061035156,42.71730041503906,2730400
2008-03-28,48.970001220703125,49.16999816894531,48.0099983215332,49.08000183105469,42.47499465942383,1735600
2008-03-31,49.09999847412109,49.40999984741211,47.13999938964844,47.70000076293945,41.280704498291016,2756200
2008-04-01,46.650001525878906,46.650001525878906,45.52999877929688,46.38999938964844,40.14699935913086,3567100
2008-04-02,46.68999862670898,48.38999938964844,46.54999923706055,48.380001068115234,41.86919021606445,2359300
2008-04-03,48.09000015258789,48.88999938964844,47.880001068115234,48.540000915527344,42.00765228271485,1702600
2008-04-04,48.5,49.119998931884766,48.470001220703125,48.90999984741211,42.32786178588867,1878000
2008-04-07,49.27000045776367,50.25,48.959999084472656,49.150001525878906,42.53556823730469,1756500
2008-04-08,48.40999984741211,49.0,48.13999938964844,48.43000030517578,41.91246032714844,1390900
2008-04-09,48.33000183105469,49.5,48.27000045776367,49.34999847412109,42.70865249633789,2108700
2008-04-10,49.45000076293945,49.75,48.400001525878906,49.02999877929688,42.43171310424805,1645400
2008-04-11,49.09000015258789,49.220001220703125,48.08000183105469,48.220001220703125,41.73072052001953,1558100
2008-04-14,48.130001068115234,48.7400016784668,47.93999862670898,48.0,41.54033279418945,1131900
2008-04-15,48.68000030517578,49.09999847412109,48.560001373291016,49.09999847412109,42.4922981262207,1178600
2008-04-16,49.91999816894531,51.45000076293945,49.91999816894531,51.43000030517578,44.50872802734375,2944600
2008-04-17,51.119998931884766,51.2599983215332,50.38999938964844,50.810001373291016,43.97217178344727,1292300
2008-04-18,49.5,49.70000076293945,48.81999969482422,49.29999923706055,42.665374755859375,2945600
2008-04-21,49.59999847412109,49.63999938964844,48.220001220703125,48.720001220703125,42.16344451904297,1842800
2008-04-22,48.369998931884766,49.22999954223633,47.970001220703125,48.130001068115234,41.65283966064453,1737200
2008-04-23,47.34999847412109,47.45000076293945,46.08000183105469,46.25,40.025840759277344,2760100
2008-04-24,45.900001525878906,45.900001525878906,44.16999816894531,44.310001373291016,38.346927642822266,4098500
2008-04-25,44.83000183105469,45.33000183105469,44.380001068115234,45.33000183105469,39.22966003417969,2262000
2008-04-28,45.27999877929688,45.900001525878906,44.310001373291016,44.310001373291016,38.346927642822266,1800900
2008-04-29,43.619998931884766,43.630001068115234,42.16999816894531,42.52999877929688,36.80645751953125,4684500
2008-04-30,42.79999923706055,43.77999877929688,42.43999862670898,43.59999847412109,37.73246765136719,3816200
2008-05-01,42.75,43.04999923706055,41.61000061035156,42.650001525878906,36.91032409667969,5422100
2008-05-02,42.709999084472656,43.58000183105469,42.65999984741211,43.18000030517578,37.36899185180664,1730000
2008-05-05,43.84000015258789,44.27000045776367,43.630001068115234,44.09999847412109,38.16517639160156,1812700
2008-05-06,44.27999877929688,45.31999969482422,44.27999877929688,45.18999862670898,39.10848617553711,1976200
2008-05-07,44.43999862670898,44.88999938964844,44.15999984741211,44.4900016784668,38.502689361572266,1128000
2008-05-08,44.880001068115234,46.09999847412109,44.880001068115234,46.08000183105469,39.878719329833984,2832200
2008-05-09,46.43999862670898,46.59000015258789,45.0,45.959999084472656,39.77487182617188,2583600
2008-05-12,45.9900016784668,46.4900016784668,45.40999984741211,45.97999954223633,39.79216766357422,2279100
2008-05-13,45.310001373291016,45.7599983215332,44.66999816894531,45.34999847412109,39.2469596862793,1567700
2008-05-14,45.290000915527344,45.72999954223633,44.650001525878906,44.68000030517578,38.6671257019043,1036800
2008-05-15,45.5099983215332,46.36000061035156,45.43000030517578,46.209999084472656,39.99121856689453,2346100
2008-05-16,47.0,47.540000915527344,46.84999847412109,47.31999969482422,40.95184326171875,3520000
2008-05-19,47.83000183105469,48.15999984741211,47.25,47.560001373291016,41.159549713134766,2845600
2008-05-20,47.790000915527344,48.84999847412109,47.790000915527344,48.720001220703125,42.16344451904297,2474600
2008-05-21,48.84000015258789,49.81999969482422,48.58000183105469,48.70000076293945,42.14612579345703,3507300
2008-05-22,48.61000061035156,49.06999969482422,47.619998931884766,48.18000030517578,41.69610595703125,2708200
2008-05-23,48.43999862670898,48.83000183105469,47.75,47.75,41.32396697998047,1630700
2008-05-27,46.880001068115234,47.13999938964844,46.150001525878906,46.43999862670898,40.190277099609375,1977100
2008-05-28,45.79999923706055,46.97999954223633,45.59000015258789,46.959999084472656,40.64030075073242,1478200
2008-05-29,45.84999847412109,46.119998931884766,45.130001068115234,45.25,39.16041946411133,1856500
2008-05-30,45.59000015258789,46.13999938964844,45.54999923706055,46.02000045776367,39.82680130004883,1099900
2008-06-02,46.0,46.75,45.95000076293945,46.40999984741211,40.164306640625,940100
2008-06-03,45.68999862670898,46.61000061035156,45.40999984741211,45.45000076293945,39.33349609375,1336800
2008-06-04,45.560001373291016,45.59000015258789,44.59999847412109,44.68000030517578,38.6671257019043,1528000
2008-06-05,44.40999984741211,45.83000183105469,44.29999923706055,45.790000915527344,39.62775039672852,1560500
2008-06-06,46.18999862670898,47.25,46.18999862670898,46.68999862670898,40.4066162109375,1915200
2008-06-09,46.63999938964844,47.130001068115234,46.27000045776367,46.650001525878906,40.372013092041016,1169400
2008-06-10,45.68999862670898,45.880001068115234,44.040000915527344,44.209999084472656,38.260379791259766,3007500
2008-06-11,44.54999923706055,44.77999877929688,44.0099983215332,44.11000061035156,38.17383193969727,1351000
2008-06-12,43.41999816894531,43.459999084472656,42.70000076293945,43.18000030517578,37.36899185180664,2248900
2008-06-13,42.86000061035156,43.2599983215332,42.720001220703125,43.150001525878906,37.3430290222168,1303300
2008-06-16,44.22999954223633,44.5099983215332,43.56999969482422,43.650001525878906,37.77573394775391,1048500
2008-06-17,43.59000015258789,44.38999938964844,43.59000015258789,44.040000915527344,38.11325454711914,866700
2008-06-18,44.20000076293945,44.40999984741211,43.79999923706055,44.27999877929688,38.32095336914063,1119000
2008-06-19,44.75,45.11000061035156,43.83000183105469,44.04999923706055,38.12190628051758,1767500
2008-06-20,44.04999923706055,44.56999969482422,43.470001220703125,43.84000015258789,37.94017028808594,2477800
2008-06-23,43.08000183105469,44.27999877929688,42.869998931884766,44.27999877929688,38.32095336914063,1889000
2008-06-24,44.220001220703125,44.650001525878906,43.84999847412109,44.060001373291016,38.13056182861328,1006800
2008-06-25,43.9900016784668,44.13999938964844,42.790000915527344,43.880001068115234,37.97478485107422,2043300
2008-06-26,45.0,46.52000045776367,45.0,46.41999816894531,40.1729621887207,3895200
2008-06-27,47.08000183105469,48.70000076293945,47.040000915527344,48.290000915527344,41.79130172729492,3392500
2008-06-30,48.11000061035156,49.16999816894531,47.09000015258789,48.59000015258789,42.05093002319336,2067900
2008-07-01,49.06999969482422,50.09000015258789,48.79999923706055,49.52999877929688,42.86443328857422,3006900
2008-07-02,49.5,49.5,47.97999954223633,48.13999938964844,41.66149520874024,1783200
2008-07-03,47.84000015258789,47.84000015258789,46.43000030517578,47.06999969482422,40.73549270629883,1658800
2008-07-07,46.08000183105469,46.59999847412109,45.68999862670898,46.25,40.025840759277344,1763500
2008-07-08,45.880001068115234,45.880001068115234,44.79999923706055,45.54999923706055,39.4200439453125,2949800
2008-07-09,45.630001068115234,47.04999923706055,45.33000183105469,45.36000061035156,39.255619049072266,1883900
2008-07-10,46.0099983215332,47.09999847412109,45.86000061035156,46.66999816894531,40.38931274414063,1885200
2008-07-11,47.959999084472656,49.09000015258789,47.959999084472656,48.709999084472656,42.15477752685547,4021200
2008-07-14,49.150001525878906,50.93999862670898,48.59999847412109,50.84000015258789,43.99812698364258,2378700
2008-07-15,51.43999862670898,51.84000015258789,48.90999984741211,49.59999847412109,42.92500305175781,5033500
2008-07-16,49.91999816894531,49.91999816894531,47.869998931884766,48.56999969482422,42.03361892700195,2379000
2008-07-17,48.209999084472656,49.59999847412109,47.150001525878906,47.54999923706055,41.15088272094727,2893400
2008-07-18,47.33000183105469,48.11000061035156,47.06999969482422,47.54999923706055,41.15088272094727,1331500
2008-07-21,48.16999816894531,48.68999862670898,47.25,48.68999862670898,42.13747024536133,1699400
2008-07-22,48.900001525878906,49.0,46.619998931884766,47.0,40.674903869628906,2508000
2008-07-23,46.720001220703125,46.75,44.310001373291016,44.56999969482422,38.57192993164063,4433700
2008-07-24,44.65999984741211,44.91999816894531,43.310001373291016,44.0099983215332,38.08728790283203,3448300
2008-07-25,44.31999969482422,44.709999084472656,43.34000015258789,44.2599983215332,38.303653717041016,2446900
2008-07-28,44.630001068115234,45.470001220703125,44.0,44.61000061035156,38.606544494628906,2224300
2008-07-29,44.54999923706055,44.54999923706055,43.16999816894531,43.66999816894531,37.79304885864258,3156000
2008-07-30,42.5,43.470001220703125,41.720001220703125,43.18999862670898,37.37764739990234,5464500
2008-07-31,44.36000061035156,44.41999816894531,43.290000915527344,43.47999954223633,37.62861251831055,2290800
2008-08-01,43.20000076293945,44.060001373291016,42.0,42.400001525878906,36.69396209716797,3886000
2008-08-04,42.0099983215332,42.61000061035156,40.290000915527344,40.84999847412109,35.3525505065918,6436200
2008-08-05,40.20000076293945,40.2599983215332,38.43000030517578,38.59000015258789,33.39670181274414,5147300
2008-08-06,38.93999862670898,39.93000030517578,38.93999862670898,39.209999084472656,33.93326187133789,3680700
2008-08-07,39.43999862670898,39.790000915527344,38.560001373291016,38.91999816894531,33.68228530883789,2572300
2008-08-08,38.0,38.0,36.27999877929688,36.29999923706055,31.41487693786621,5421900
2008-08-11,36.52000045776367,36.7599983215332,33.86000061035156,34.43000030517578,29.79653549194336,9889200
2008-08-12,35.02000045776367,35.75,34.380001068115234,35.369998931884766,30.61002540588379,6254000
2008-08-13,35.84000015258789,37.65999984741211,35.79999923706055,37.54999923706055,32.49665451049805,6282300
2008-08-14,37.15999984741211,37.66999816894531,35.83000183105469,35.869998931884766,31.042743682861328,3686600
2008-08-15,35.0,35.220001220703125,34.2599983215332,34.459999084472656,29.822490692138672,6607700
2008-08-18,35.16999816894531,35.810001373291016,35.0,35.11000061035156,30.385019302368164,4618800
2008-08-19,34.88999938964844,36.5099983215332,34.70000076293945,36.13999938964844,31.27640151977539,4109900
2008-08-20,36.150001525878906,36.790000915527344,35.459999084472656,36.18000030517578,31.311017990112305,3062000
2008-08-21,37.58000183105469,38.5,37.45000076293945,38.29999923706055,33.14571762084961,5749500
2008-08-22,37.88999938964844,38.040000915527344,36.88999938964844,37.4900016784668,32.44472885131836,2740600
2008-08-25,37.31999969482422,37.93999862670898,36.79999923706055,37.04999923706055,32.06394577026367,2120700
2008-08-26,36.70000076293945,37.65999984741211,36.68000030517578,37.02000045776367,32.03798294067383,2737200
2008-08-27,37.58000183105469,38.20000076293945,37.369998931884766,37.79999923706055,32.71299743652344,2169700
2008-08-28,38.7400016784668,38.880001068115234,37.34999847412109,37.91999816894531,32.81686019897461,2831400
2008-08-29,38.220001220703125,38.220001220703125,37.34999847412109,37.63999938964844,32.57454299926758,1674800
2008-09-02,35.650001525878906,35.68000030517578,34.90999984741211,35.25,30.50618362426757,3745200
2008-09-03,34.90999984741211,35.5,33.290000915527344,33.56999969482422,29.052261352539062,4802900
2008-09-04,34.09000015258789,34.38999938964844,32.15999984741211,32.18000030517578,27.84933090209961,6152400
2008-09-05,32.970001220703125,33.29999923706055,31.64999961853028,32.650001525878906,28.256080627441406,4943900
2008-09-08,33.599998474121094,33.599998474121094,30.940000534057617,30.940000534057617,26.776201248168945,5001400
2008-09-09,30.14999961853028,30.14999961853028,27.88999938964844,28.100000381469727,24.318403244018555,10857500
2008-09-10,28.57999992370605,29.100000381469727,27.43000030517578,29.07999992370605,25.166519165039062,8176700
2008-09-11,28.799999237060547,29.25,27.350000381469727,28.200000762939453,24.404949188232425,7511200
2008-09-12,29.700000762939453,31.690000534057617,29.0,31.25,27.04448509216309,10047700
2008-09-15,31.309999465942383,32.0,29.739999771118164,30.32999992370605,26.24829864501953,6408600
2008-09-16,29.489999771118164,30.729999542236328,28.61000061035156,30.549999237060547,26.43868827819824,6140300
2008-09-17,30.88999938964844,34.93000030517578,30.11000061035156,34.099998474121094,29.51094055175781,12870300
2008-09-18,35.52000045776367,36.13999938964844,33.2599983215332,34.20000076293945,29.59748268127441,11771700
2008-09-19,33.810001373291016,35.40999984741211,32.900001525878906,35.20000076293945,30.462909698486328,6476900
2008-09-22,36.18000030517578,38.72999954223633,36.15999984741211,38.09000015258789,32.96398162841797,8145700
2008-09-23,38.2400016784668,38.2400016784668,36.459999084472656,37.18000030517578,32.17645263671875,5181200
2008-09-24,37.77999877929688,38.06999969482422,36.93999862670898,37.38999938964844,32.358184814453125,3309300
2008-09-25,37.150001525878906,37.650001525878906,36.02999877929688,36.400001525878906,31.50142478942871,3710600
2008-09-26,36.91999816894531,37.81999969482422,35.2400016784668,35.83000183105469,31.008134841918945,4170900
2008-09-29,35.290000915527344,36.16999816894531,33.540000915527344,34.0,29.42440223693848,5882100
2008-09-30,33.9900016784668,34.58000183105469,33.400001525878906,33.790000915527344,29.242664337158203,3037200
2008-10-01,34.189998626708984,35.4900016784668,33.650001525878906,33.77000045776367,29.22535514831543,5119600
2008-10-02,33.06999969482422,33.06999969482422,28.46999931335449,28.950000762939453,25.05400848388672,9200800
2008-10-03,28.75,30.940000534057617,28.540000915527344,29.049999237060547,25.14055252075196,5121300
2008-10-06,30.21999931335449,30.6299991607666,25.299999237060547,27.89999961853028,24.14531135559082,9370300
2008-10-07,28.81999969482422,29.200000762939453,26.93000030517578,27.3799991607666,23.695295333862305,7163300
2008-10-08,28.65999984741211,31.64999961853028,28.229999542236328,31.26000022888184,27.053136825561523,9537600
2008-10-09,31.39999961853028,31.39999961853028,29.40999984741211,30.25,26.179065704345703,7924500
2008-10-10,30.059999465942383,30.729999542236328,24.68000030517578,26.34000015258789,22.795255661010746,11151400
2008-10-13,27.3799991607666,28.46999931335449,25.020000457763672,26.799999237060547,23.19335174560547,6280300
2008-10-14,27.65999984741211,28.809999465942383,26.84000015258789,27.38999938964844,23.70394897460937,6050700
2008-10-15,27.350000381469727,27.43000030517578,24.36000061035156,24.36000061035156,21.081722259521484,6690500
2008-10-16,24.76000022888184,25.07999992370605,21.549999237060547,22.200000762939453,19.21240425109864,9989200
2008-10-17,21.3700008392334,24.209999084472656,20.96999931335449,21.690000534057617,18.771034240722656,6352300
2008-10-20,22.31999969482422,24.190000534057617,22.059999465942383,24.190000534057617,20.934595108032227,3919300
2008-10-21,22.459999084472656,23.200000762939453,21.76000022888184,21.88999938964844,18.944122314453125,4833100
2008-10-22,20.89999961853028,21.11000061035156,18.11000061035156,18.489999771118164,16.001678466796875,7410000
2008-10-23,18.26000022888184,19.530000686645508,16.799999237060547,17.40999984741211,15.067023277282717,9348900
2008-10-24,15.84000015258789,18.690000534057617,15.829999923706056,17.799999237060547,15.404540061950684,8507900
2008-10-27,18.0,18.34000015258789,16.329999923706055,16.3700008392334,14.166985511779783,7306100
2008-10-28,17.15999984741211,19.309999465942383,16.420000076293945,18.690000534057617,16.17476463317871,5992000
2008-10-29,19.170000076293945,21.309999465942383,18.90999984741211,20.86000061035156,18.052734375,8772700
2008-10-30,21.88999938964844,22.450000762939453,19.950000762939453,21.700000762939453,18.77968978881836,6972900
2008-10-31,21.3799991607666,21.8799991607666,20.780000686645508,20.950000762939453,18.13062286376953,4134300
2008-11-03,20.96999931335449,22.049999237060547,20.96999931335449,21.01000022888184,18.18254852294922,5729300
2008-11-04,22.36000061035156,24.420000076293945,22.21999931335449,23.89999961853028,20.68362236022949,10658000
2008-11-05,23.600000381469727,24.71999931335449,22.979999542236328,23.5,20.337451934814453,6821500
2008-11-06,23.729999542236328,24.290000915527344,21.01000022888184,21.93000030517578,18.978736877441406,9625700
2008-11-07,21.729999542236328,22.82999992370605,21.209999084472656,21.75,18.822961807250977,6304100
2008-11-10,23.290000915527344,23.709999084472656,22.3700008392334,23.14999961853028,20.034557342529297,4108000
2008-11-11,22.40999984741211,22.40999984741211,20.96999931335449,21.63999938964844,18.727764129638672,5562700
2008-11-12,20.989999771118164,21.25,19.39999961853028,19.39999961853028,16.78921890258789,6160100
2008-11-13,19.600000381469727,21.75,17.790000915527344,21.65999984741211,18.74507713317871,9645400
2008-11-14,21.84000015258789,22.6299991607666,20.459999084472656,20.549999237060547,17.784454345703125,6590800
2008-11-17,20.350000381469727,20.93000030517578,19.3700008392334,19.65999984741211,17.014225006103516,5998800
2008-11-18,19.8799991607666,20.450000762939453,19.1299991607666,19.559999465942383,16.92768669128418,6385100
2008-11-19,19.950000762939453,21.06999969482422,18.600000381469727,18.61000061035156,16.105531692504883,9968300
2008-11-20,18.61000061035156,19.450000762939453,17.59000015258789,18.200000762939453,15.750712394714355,7875900
2008-11-21,20.25,23.13999938964844,19.670000076293945,23.030000686645508,19.930702209472656,8971200
2008-11-24,24.5,25.950000762939453,24.239999771118164,24.6299991607666,21.31538391113281,11438000
2008-11-25,25.59000015258789,25.690000534057617,23.64999961853028,25.690000534057617,22.23273277282715,11000600
2008-11-26,24.920000076293945,26.209999084472656,24.40999984741211,26.11000061035156,22.59620857238769,9035800
2008-11-28,26.32999992370605,26.709999084472656,25.520000457763672,26.56999969482422,22.99430274963379,2678100
2008-12-01,24.780000686645508,24.950000762939453,22.5,22.5,19.47203063964844,8826700
2008-12-02,23.88999938964844,24.71999931335449,23.700000762939453,24.690000534057617,21.3673038482666,8226600
2008-12-03,23.64999961853028,24.81999969482422,23.39999961853028,24.059999465942383,20.82209014892578,6129200
2008-12-04,23.89999961853028,24.780000686645508,22.89999961853028,23.420000076293945,20.26822280883789,8322800
2008-12-05,22.88999938964844,23.420000076293945,21.200000762939453,23.229999542236328,20.10378646850586,7252900
2008-12-08,25.0,25.88999938964844,24.61000061035156,25.26000022888184,21.8606014251709,7784000
2008-12-09,24.979999542236328,26.170000076293945,24.520000457763672,25.40999984741211,21.99041175842285,5868300
2008-12-10,27.09000015258789,28.450000762939453,26.979999542236328,28.1299991607666,24.344362258911133,10461900
2008-12-11,28.920000076293945,29.90999984741211,27.3700008392334,28.020000457763672,24.249170303344727,11312400
2008-12-12,27.520000457763672,29.15999984741211,27.13999938964844,28.670000076293945,24.81169509887696,7272700
2008-12-15,29.64999961853028,30.850000381469727,29.270000457763672,30.34000015258789,26.256954193115234,7198800
2008-12-16,32.34000015258789,32.41999816894531,29.8700008392334,32.34000015258789,27.987796783447266,11269900
2008-12-17,32.779998779296875,33.869998931884766,31.739999771118164,32.11000061035156,27.788753509521484,10521200
2008-12-18,31.81999969482422,32.040000915527344,29.06999969482422,29.84000015258789,25.824237823486328,9491900
2008-12-19,29.21999931335449,30.6200008392334,28.959999084472656,30.57999992370605,26.464645385742188,9190300
2008-12-22,31.290000915527344,31.809999465942383,29.290000915527344,29.82999992370605,25.815587997436523,4573100
2008-12-23,29.920000076293945,30.96999931335449,29.57999992370605,30.739999771118164,26.60312271118164,3648400
2008-12-24,30.780000686645508,31.0,29.799999237060547,30.59000015258789,26.47330665588379,1289200
2008-12-26,30.959999084472656,32.52000045776367,30.18000030517578,32.25,27.909910202026367,2961500
2008-12-29,33.16999816894531,33.5099983215332,32.45000076293945,33.029998779296875,28.584938049316406,5369300
2008-12-30,33.0,33.04999923706055,32.310001373291016,33.0,28.55897331237793,4096000
2008-12-31,32.5,33.91999816894531,32.209999084472656,33.880001068115234,29.32054901123047,4366200
2009-01-02,33.5099983215332,34.45000076293945,33.18000030517578,33.31999969482422,28.835914611816406,4846500
2009-01-05,31.959999084472656,32.58000183105469,31.350000381469727,31.739999771118164,27.468542098999023,7600000
2009-01-06,31.82999992370605,33.2599983215332,31.420000076293945,32.61000061035156,28.22146224975586,8024000
2009-01-07,32.36000061035156,32.36000061035156,29.59000015258789,30.049999237060547,26.005979537963867,6701100
2009-01-08,30.88999938964844,31.790000915527344,30.540000915527344,31.790000915527344,27.51181602478028,5023900
2009-01-09,31.59000015258789,32.11000061035156,30.450000762939453,31.309999465942383,27.096412658691406,4483800
2009-01-12,30.190000534057617,30.200000762939453,28.700000762939453,28.950000762939453,25.05400848388672,5878100
2009-01-13,28.96999931335449,30.0,28.6200008392334,29.520000457763672,25.54730224609375,8157700
2009-01-14,29.07999992370605,29.59000015258789,27.670000076293945,28.200000762939453,24.404949188232425,5975100
2009-01-15,28.34000015258789,29.540000915527344,27.14999961853028,29.1299991607666,25.20978736877441,6393100
2009-01-16,30.6299991607666,31.01000022888184,29.440000534057617,30.93000030517578,26.767549514770508,9829300
2009-01-20,31.0,32.5099983215332,30.68000030517578,30.8799991607666,26.724279403686523,7953200
2009-01-21,30.89999961853028,31.76000022888184,29.940000534057617,31.64999961853028,27.39065742492676,6469400
2009-01-22,31.479999542236328,32.16999816894531,31.0,31.459999084472656,27.226224899291992,4949200
2009-01-23,32.27000045776367,34.66999816894531,32.22999954223633,34.13999938964844,29.54555892944336,12221500
2009-01-26,35.2400016784668,36.0,33.5,33.970001220703125,29.39843368530273,11124400
2009-01-27,33.9900016784668,34.099998474121094,33.27000045776367,33.470001220703125,28.96573066711425,6611700
2009-01-28,33.25,33.61000061035156,32.33000183105469,32.72999954223633,28.3253116607666,7382000
2009-01-29,32.31999969482422,34.5,32.0,34.400001525878906,29.770570755004883,10768000
2009-01-30,35.540000915527344,35.54999923706055,33.5099983215332,34.22999954223633,29.623449325561523,11641400
2009-02-02,33.349998474121094,34.0099983215332,32.5,32.900001525878906,28.472436904907227,10268900
2009-02-03,33.400001525878906,33.7400016784668,32.560001373291016,33.36000061035156,28.87053298950196,9819200
2009-02-04,33.70000076293945,34.31999969482422,33.43000030517578,34.060001373291016,29.47632598876953,7304400
2009-02-05,34.900001525878906,34.91999816894531,34.040000915527344,34.70000076293945,30.030202865600582,11352400
2009-02-06,34.41999816894531,35.54999923706055,34.13999938964844,35.41999816894531,30.653303146362305,9257600
2009-02-09,34.880001068115234,35.150001525878906,34.02000045776367,34.369998931884766,29.744604110717773,6714800
2009-02-10,35.189998626708984,35.4900016784668,33.34000015258789,34.0,29.42440223693848,11841600
2009-02-11,34.4900016784668,36.68999862670898,34.15999984741211,36.33000183105469,31.440841674804688,17253800
2009-02-12,36.2400016784668,36.47999954223633,35.54999923706055,36.47999954223633,31.570650100708008,14511100
2009-02-13,36.0,36.20000076293945,35.279998779296875,35.68000030517578,30.878313064575195,6688300
2009-02-17,36.959999084472656,37.79999923706055,36.560001373291016,37.0,32.02067565917969,19199000
2009-02-18,37.0,37.47999954223633,35.689998626708984,37.369998931884766,32.340877532958984,13202300
2009-02-19,37.08000183105469,37.29999923706055,35.41999816894531,35.63999938964844,30.843692779541016,14361200
2009-02-20,36.72999954223633,37.63999938964844,36.04999923706055,37.02999877929688,32.046630859375,19549300
2009-02-23,36.75,37.2400016784668,35.63999938964844,36.470001220703125,31.561994552612305,23079700
2009-02-24,36.5,36.5,33.25,33.5,28.991687774658203,18752000
2009-02-25,33.34000015258789,34.7400016784668,32.84000015258789,32.900001525878906,28.472436904907227,15972300
2009-02-26,32.630001068115234,33.720001220703125,32.189998626708984,33.5,28.991687774658203,12759700
2009-02-27,33.91999816894531,34.22999954223633,32.52000045776367,33.36000061035156,28.87053298950196,10805900
2009-03-02,33.560001373291016,33.560001373291016,30.75,31.09000015258789,26.906021118164062,11876500
2009-03-03,31.0,32.18000030517578,29.920000076293945,31.68000030517578,27.4166202545166,10155400
2009-03-04,32.2400016784668,32.45000076293945,30.8700008392334,31.39999961853028,27.174299240112305,7661700
2009-03-05,31.5,33.060001373291016,31.420000076293945,33.02000045776367,28.5762882232666,9317000
2009-03-06,33.529998779296875,34.029998779296875,32.31999969482422,32.880001068115234,28.455127716064453,10024500
2009-03-09,32.650001525878906,32.65999984741211,31.18000030517578,31.549999237060547,27.304113388061523,7637800
2009-03-10,31.3700008392334,31.38999938964844,29.25,29.670000076293945,25.677114486694336,13630000
2009-03-11,30.07999992370605,31.61000061035156,29.8700008392334,31.34000015258789,27.122373580932617,8957100
2009-03-12,31.850000381469727,32.68000030517578,31.38999938964844,32.68000030517578,28.282041549682617,8909900
2009-03-13,33.189998626708984,33.310001373291016,32.380001068115234,33.08000183105469,28.628211975097656,5889600
2009-03-16,32.65999984741211,33.09000015258789,32.33000183105469,32.560001373291016,28.178192138671875,5202400
2009-03-17,32.2400016784668,32.470001220703125,31.3700008392334,31.850000381469727,27.56373786926269,5770900
2009-03-18,31.40999984741211,35.150001525878906,30.6200008392334,35.06999969482422,30.350414276123047,16924400
2009-03-19,36.290000915527344,37.59000015258789,36.290000915527344,37.459999084472656,32.41876602172852,16878600
2009-03-20,36.79999923706055,37.709999084472656,36.45000076293945,37.54999923706055,32.49665451049805,12587100
2009-03-23,37.40999984741211,38.220001220703125,37.20000076293945,37.709999084472656,32.6351203918457,8232500
2009-03-24,36.54999923706055,37.650001525878906,35.849998474121094,36.86000061035156,31.89950942993164,9658100
2009-03-25,36.95000076293945,38.4900016784668,36.54999923706055,38.470001220703125,33.29285430908203,8568900
2009-03-26,38.93000030517578,38.93000030517578,37.880001068115234,38.56999969482422,33.3793830871582,6279800
2009-03-27,37.5099983215332,37.59999847412109,36.59000015258789,37.0,32.02067565917969,4935300
2009-03-30,35.970001220703125,37.459999084472656,35.7599983215332,36.400001525878906,31.50142478942871,6869100
2009-03-31,36.81999969482422,37.43000030517578,35.970001220703125,36.880001068115234,31.91683006286621,4479500
2009-04-01,37.77000045776367,38.68000030517578,37.43999862670898,38.59999847412109,33.40534591674805,5278700
2009-04-02,37.540000915527344,37.7599983215332,36.310001373291016,37.09999847412109,32.107215881347656,7861900
2009-04-03,36.79999923706055,37.04999923706055,34.25,34.869998931884766,30.17732048034668,10506200
2009-04-06,33.400001525878906,33.58000183105469,32.619998931884766,33.20000076293945,28.732065200805664,8965800
2009-04-07,33.58000183105469,34.2599983215332,33.41999816894531,33.43000030517578,28.93111038208008,5303800
2009-04-08,34.18000030517578,34.2400016784668,32.970001220703125,33.529998779296875,29.01764869689941,4742900
2009-04-09,33.45000076293945,33.77000045776367,33.0,33.040000915527344,28.59359359741211,4283100
2009-04-13,34.20000076293945,34.349998474121094,33.689998626708984,33.77000045776367,29.22535514831543,6771100
2009-04-14,33.95000076293945,34.150001525878906,33.38999938964844,33.689998626708984,29.156116485595703,4602900
2009-04-15,33.59000015258789,34.189998626708984,33.47999954223633,33.88999938964844,29.32920455932617,4718600
2009-04-16,33.93000030517578,33.93000030517578,31.96999931335449,32.279998779296875,27.93587112426757,8860100
2009-04-17,31.950000762939453,32.0,30.799999237060547,30.96999931335449,26.802165985107425,9359900
2009-04-20,31.549999237060547,32.70000076293945,31.51000022888184,32.189998626708984,27.857982635498047,8510700
2009-04-21,32.849998474121094,32.93000030517578,31.0,31.39999961853028,27.174299240112305,7639400
2009-04-22,31.8700008392334,32.29999923706055,31.3700008392334,31.600000381469727,27.34738540649414,6708900
2009-04-23,31.989999771118164,33.4900016784668,31.59000015258789,32.7400016784668,28.33397102355957,9615100
2009-04-24,33.36000061035156,34.86000061035156,33.33000183105469,34.650001525878906,29.98693084716797,8218700
2009-04-27,34.31999969482422,34.779998779296875,33.84000015258789,34.369998931884766,29.744604110717773,5867900
2009-04-28,33.33000183105469,33.7400016784668,32.88999938964844,33.11000061035156,28.65417861938477,5191000
2009-04-29,33.9900016784668,34.369998931884766,33.650001525878906,33.88999938964844,29.32920455932617,5773600
2009-04-30,33.2400016784668,33.43000030517578,32.720001220703125,32.90999984741211,28.481090545654297,5921600
2009-05-01,33.0,33.459999084472656,32.68000030517578,33.040000915527344,28.59359359741211,2971200
2009-05-04,33.650001525878906,35.04999923706055,33.45000076293945,35.029998779296875,30.31578826904297,5966100
2009-05-05,35.7400016784668,35.849998474121094,34.63999938964844,34.779998779296875,30.099437713623047,6769700
2009-05-06,35.63999938964844,36.86000061035156,35.63999938964844,36.86000061035156,31.89950942993164,7867600
2009-05-07,37.470001220703125,37.79999923706055,36.119998931884766,36.54999923706055,31.631227493286133,6784400
2009-05-08,36.560001373291016,37.84999847412109,36.459999084472656,37.459999084472656,32.41876602172852,6460500
2009-05-11,37.06999969482422,37.63999938964844,36.54999923706055,37.310001373291016,32.28895568847656,4986500
2009-05-12,37.95000076293945,39.04999923706055,37.790000915527344,38.959999084472656,33.71691131591797,8298600
2009-05-13,38.59999847412109,39.54999923706055,37.619998931884766,37.93999862670898,32.83416748046875,10390900
2009-05-14,37.65999984741211,38.540000915527344,36.900001525878906,38.04999923706055,32.92937088012695,5763300
2009-05-15,38.130001068115234,38.77000045776367,37.119998931884766,37.650001525878906,32.583194732666016,7719000
2009-05-18,37.619998931884766,37.84999847412109,36.540000915527344,37.4900016784668,32.44472885131836,4007300
2009-05-19,37.75,39.36000061035156,37.47999954223633,38.43000030517578,33.25822067260742,7209900
2009-05-20,39.33000183105469,41.0,39.29999923706055,40.470001220703125,35.02368927001953,16040800
2009-05-21,40.5,41.68000030517578,39.459999084472656,41.2400016784668,35.690067291259766,9632100
2009-05-22,41.91999816894531,42.720001220703125,41.75,42.04999923706055,36.39105987548828,9204600
2009-05-26,41.0,42.0,40.40999984741211,41.84000015258789,36.20932388305664,7286400
2009-05-27,41.90999984741211,42.43999862670898,41.08000183105469,41.220001220703125,35.67276382446289,7127300
2009-05-28,41.93999862670898,43.40999984741211,41.93999862670898,43.0099983215332,37.22186279296875,8672200
2009-05-29,44.45000076293945,45.0,43.70000076293945,44.15999984741211,38.217098236083984,13002600
2009-06-01,44.72999954223633,45.09999847412109,43.38999938964844,43.40999984741211,37.56803512573242,10206600
2009-06-02,43.77000045776367,44.88999938964844,43.61000061035156,44.54999923706055,38.55461502075195,9135500
2009-06-03,43.7400016784668,43.83000183105469,41.29999923706055,42.15999984741211,36.48625946044922,10839900
2009-06-04,42.75,43.619998931884766,42.34000015258789,43.5099983215332,37.654579162597656,9864900
2009-06-05,42.25,43.25,40.81999969482422,41.33000183105469,35.7679557800293,10246700
2009-06-08,40.5,41.29999923706055,39.84999847412109,41.29999923706055,35.74198913574219,9576700
2009-06-09,42.08000183105469,42.09999847412109,40.900001525878906,41.09000015258789,35.56024932861328,5323900
2009-06-10,41.93999862670898,42.0,40.310001373291016,40.79999923706055,35.30928421020508,5776600
2009-06-11,40.5099983215332,41.709999084472656,40.09999847412109,40.91999816894531,35.41312789916992,5545000
2009-06-12,39.9900016784668,40.18000030517578,39.27999877929688,39.540000915527344,34.218841552734375,8795500
2009-06-15,39.27999877929688,39.380001068115234,37.68000030517578,37.970001220703125,32.86013412475586,8499000
2009-06-16,38.84999847412109,39.2400016784668,37.86000061035156,38.369998931884766,33.206298828125,7023200
2009-06-17,38.130001068115234,38.43000030517578,37.130001068115234,38.22999954223633,33.085147857666016,8442100
2009-06-18,38.34000015258789,38.5,37.04999923706055,37.20000076293945,32.19376373291016,7646300
2009-06-19,37.709999084472656,38.68000030517578,37.560001373291016,38.38999938964844,33.223609924316406,8648000
2009-06-22,37.400001525878906,37.400001525878906,35.650001525878906,35.7400016784668,30.93024063110352,10768600
2009-06-23,36.18000030517578,37.33000183105469,35.459999084472656,37.33000183105469,32.30626678466797,8370100
2009-06-24,38.15999984741211,38.709999084472656,37.75,38.4900016784668,33.310157775878906,7890100
2009-06-25,38.5,40.0,38.29999923706055,39.9900016784668,34.60829544067383,6125500
2009-06-26,40.25,40.2599983215332,39.130001068115234,39.20000076293945,33.92461013793945,5540900
2009-06-29,39.5,39.709999084472656,38.86000061035156,39.150001525878906,33.8813362121582,4046600
2009-06-30,39.150001525878906,39.34999847412109,37.630001068115234,37.810001373291016,32.7216682434082,5487600
2009-07-01,38.70000076293945,39.91999816894531,38.59999847412109,39.40999984741211,34.10634231567383,5890300
2009-07-02,38.29999923706055,38.470001220703125,37.720001220703125,38.310001373291016,33.15437316894531,3867400
2009-07-06,36.95000076293945,37.209999084472656,36.18000030517578,36.93999862670898,31.96874618530273,6927900
2009-07-07,36.90999984741211,37.400001525878906,36.5,36.5099983215332,31.596614837646484,5481700
2009-07-08,36.29999923706055,36.58000183105469,34.45000076293945,35.189998626708984,30.45425796508789,11077700
2009-07-09,35.63999938964844,36.5,35.2599983215332,35.310001373291016,30.55810165405273,4610400
2009-07-10,34.810001373291016,35.58000183105469,34.58000183105469,35.13999938964844,30.41098403930664,4228100
2009-07-13,35.0099983215332,35.93000030517578,34.04999923706055,35.93000030517578,31.09467315673828,5147500
2009-07-14,36.4900016784668,36.810001373291016,36.18999862670898,36.7599983215332,31.81296730041504,5434700
2009-07-15,38.09999847412109,38.61000061035156,38.040000915527344,38.290000915527344,33.13706970214844,6690700
2009-07-16,38.0,38.59999847412109,37.65999984741211,38.33000183105469,33.17168426513672,3940200
2009-07-17,38.400001525878906,38.93999862670898,38.11000061035156,38.63999938964844,33.439964294433594,3814700
2009-07-20,39.95000076293945,40.29999923706055,39.52000045776367,40.22999954223633,34.81599426269531,6699500
2009-07-21,40.68999862670898,40.68999862670898,38.84999847412109,39.7400016784668,34.39192581176758,6574700
2009-07-22,39.5,40.34999847412109,39.130001068115234,39.77000045776367,34.41789245605469,5225900
2009-07-23,39.54999923706055,40.68999862670898,39.43999862670898,39.959999084472656,34.58232116699219,5418300
2009-07-24,39.810001373291016,40.43999862670898,39.7400016784668,39.900001525878906,34.5303955078125,3454100
2009-07-27,40.310001373291016,40.459999084472656,39.66999816894531,39.84999847412109,34.48712158203125,3709900
2009-07-28,38.77999877929688,38.97999954223633,37.34999847412109,38.34999847412109,33.188995361328125,7435600
2009-07-29,37.7400016784668,37.86000061035156,37.02000045776367,37.18000030517578,32.17645263671875,6151800
2009-07-30,38.09000015258789,38.58000183105469,37.970001220703125,38.15999984741211,33.02457046508789,5209700
2009-07-31,38.290000915527344,40.04999923706055,38.09000015258789,39.77000045776367,34.41789245605469,5305800
2009-08-03,40.720001220703125,41.25,40.470001220703125,40.77000045776367,35.28331756591797,7058400
2009-08-04,40.70000076293945,41.869998931884766,40.34000015258789,41.08000183105469,35.55160140991211,4939600
2009-08-05,41.150001525878906,41.34000015258789,40.08000183105469,40.95000076293945,35.43909454345703,4436100
2009-08-06,41.33000183105469,41.400001525878906,40.290000915527344,40.84999847412109,35.3525505065918,5332000
2009-08-07,40.720001220703125,41.0,39.900001525878906,39.97999954223633,34.599632263183594,4095900
2009-08-10,39.31999969482422,39.459999084472656,38.91999816894531,39.09999847412109,33.83805847167969,3379200
2009-08-11,38.95000076293945,39.04999923706055,38.369998931884766,38.43000030517578,33.25822067260742,5056900
2009-08-12,38.31999969482422,39.209999084472656,38.220001220703125,38.790000915527344,33.56977844238281,3485200
2009-08-13,39.900001525878906,40.150001525878906,39.27999877929688,39.880001068115234,34.51309585571289,6098300
2009-08-14,40.15999984741211,40.20000076293945,38.79999923706055,39.209999084472656,33.93326187133789,4969200
2009-08-17,37.560001373291016,37.810001373291016,36.9900016784668,37.29999923706055,32.280296325683594,7318700
2009-08-18,37.52999877929688,38.13999938964844,37.5,37.869998931884766,32.77359390258789,4268600
2009-08-19,37.459999084472656,38.58000183105469,37.11000061035156,38.2400016784668,33.09379577636719,5892600
2009-08-20,37.9900016784668,38.86000061035156,37.93999862670898,38.61000061035156,33.41400146484375,2748200
2009-08-21,39.380001068115234,39.90999984741211,39.09999847412109,39.29999923706055,34.01114273071289,5600600
2009-08-24,39.400001525878906,40.0,38.790000915527344,38.88999938964844,33.65632247924805,5324000
2009-08-25,39.68999862670898,39.93999862670898,39.040000915527344,39.2400016784668,33.959224700927734,4862600
2009-08-26,39.18000030517578,39.18000030517578,38.43000030517578,38.81999969482422,33.59573745727539,4202000
2009-08-27,38.86000061035156,39.7400016784668,38.060001373291016,39.56999969482422,34.24481201171875,4836700
2009-08-28,40.209999084472656,40.630001068115234,39.77000045776367,40.18000030517578,34.7727165222168,5624400
2009-08-31,39.38999938964844,39.56999969482422,39.08000183105469,39.5099983215332,34.1928825378418,4245900
2009-09-01,39.09999847412109,39.77000045776367,38.34000015258789,38.790000915527344,33.56977844238281,6372400
2009-09-02,39.400001525878906,42.63999938964844,39.18000030517578,42.47999954223633,36.7631950378418,17974000
2009-09-03,43.150001525878906,45.18000030517578,42.70000076293945,44.650001525878906,38.64115524291992,23524600
2009-09-04,44.41999816894531,45.38999938964844,43.900001525878906,45.02000045776367,38.96137237548828,13293400
2009-09-08,46.97999954223633,47.45000076293945,45.02999877929688,45.11000061035156,39.03925704956055,21956700
2009-09-09,45.220001220703125,45.56999969482422,43.470001220703125,44.119998931884766,38.18248748779297,15785300
2009-09-10,43.790000915527344,45.79999923706055,43.59999847412109,45.540000915527344,39.41139221191406,16575600
2009-09-11,46.66999816894531,47.290000915527344,45.66999816894531,46.09000015258789,39.88737487792969,16190800
2009-09-14,45.2400016784668,46.0,45.040000915527344,45.38999938964844,39.28157424926758,12142500
2009-09-15,45.34000015258789,47.0,45.34000015258789,46.84999847412109,40.54510116577149,13140000
2009-09-16,48.04999923706055,48.36000061035156,47.63999938964844,48.0,41.54033279418945,16299400
2009-09-17,47.79999923706055,48.400001525878906,46.06999969482422,47.77999877929688,41.34993743896485,18540200
2009-09-18,47.25,47.29999923706055,45.369998931884766,45.91999816894531,39.74024200439453,13002600
2009-09-21,44.5,45.36000061035156,43.5,45.150001525878906,39.073875427246094,16952900
2009-09-22,46.72999954223633,46.84000015258789,45.869998931884766,46.2599983215332,40.03448867797852,9360600
2009-09-23,46.11000061035156,46.36000061035156,44.72999954223633,44.84000015258789,38.80559158325195,12289900
2009-09-24,45.34000015258789,45.470001220703125,43.25,43.7400016784668,37.85362243652344,11410300
2009-09-25,43.27000045776367,43.7400016784668,42.66999816894531,43.06999969482422,37.2737922668457,10547000
2009-09-28,43.290000915527344,44.380001068115234,43.0,43.040000915527344,37.24783706665039,5793200
2009-09-29,43.25,44.7400016784668,43.09999847412109,44.459999084472656,38.47672653198242,7640600
2009-09-30,45.400001525878906,45.65999984741211,43.83000183105469,45.290000915527344,39.19503784179688,10604900
2009-10-01,45.290000915527344,45.369998931884766,42.810001373291016,43.060001373291016,37.26514053344727,11245400
2009-10-02,42.63999938964844,44.220001220703125,42.27999877929688,42.7599983215332,37.005516052246094,13271500
2009-10-05,43.09999847412109,44.83000183105469,43.09999847412109,44.560001373291016,38.563270568847656,7808100
2009-10-06,46.58000183105469,48.06999969482422,46.34999847412109,47.59999847412109,41.19416046142578,17726600
2009-10-07,47.650001525878906,48.060001373291016,46.84999847412109,47.900001525878906,41.453800201416016,11827700
2009-10-08,48.540000915527344,49.52000045776367,47.68999862670898,48.68999862670898,42.13747024536133,17081400
2009-10-09,48.290000915527344,48.7599983215332,47.630001068115234,48.290000915527344,41.79130172729492,9855300
2009-10-12,48.93999862670898,49.400001525878906,47.880001068115234,48.27999877929688,41.78265380859375,7120900
2009-10-13,48.810001373291016,49.7400016784668,48.0099983215332,49.18999862670898,42.57018280029297,11942300
2009-10-14,49.59999847412109,49.72999954223633,48.97999954223633,49.130001068115234,42.51826095581055,8690600
2009-10-15,48.150001525878906,48.86000061035156,47.97999954223633,48.15999984741211,41.678802490234375,9913900
2009-10-16,47.97999954223633,48.86000061035156,47.59999847412109,48.380001068115234,41.86919021606445,12171200
2009-10-19,48.52000045776367,48.84000015258789,47.54999923706055,48.52999877929688,41.99900817871094,8294700
2009-10-20,48.720001220703125,48.72999954223633,46.810001373291016,47.5,41.10761642456055,8938200
2009-10-21,47.02999877929688,49.0,47.0099983215332,47.38999938964844,41.01242065429688,12517900
2009-10-22,47.060001373291016,47.52000045776367,46.34000015258789,46.9900016784668,40.66625595092773,10834100
2009-10-23,47.810001373291016,47.91999816894531,46.36000061035156,46.68999862670898,40.4066162109375,9369900
2009-10-26,46.790000915527344,47.400001525878906,44.380001068115234,44.68999862670898,38.67578125,14361100
2009-10-27,44.40999984741211,44.7400016784668,43.43000030517578,44.470001220703125,38.48538589477539,12606500
2009-10-28,43.900001525878906,44.40999984741211,41.61000061035156,41.869998931884766,36.23528671264648,18057500
2009-10-29,42.54999923706055,44.34999847412109,42.400001525878906,43.79999923706055,37.90555191040039,13254700
2009-10-30,43.5,43.52999877929688,40.91999816894531,42.369998931884766,36.66799545288086,17395900
2009-11-02,43.130001068115234,44.25,41.810001373291016,42.880001068115234,37.1093635559082,16954900
2009-11-03,42.400001525878906,46.18999862670898,42.20000076293945,46.18000030517578,39.96525573730469,22137000
2009-11-04,46.63999938964844,47.33000183105469,45.720001220703125,46.52999877929688,40.268157958984375,21205200
2009-11-05,46.650001525878906,47.0,46.040000915527344,46.720001220703125,40.43258666992188,11448800
2009-11-06,47.0,48.38999938964844,46.7599983215332,47.619998931884766,41.21146774291992,14085700
2009-11-09,49.150001525878906,50.20000076293945,49.04999923706055,49.27999877929688,42.64807891845703,15186300
2009-11-10,49.06999969482422,49.90999984741211,48.400001525878906,49.65999984741211,42.9769287109375,13192100
2009-11-11,50.869998931884766,50.88999938964844,49.650001525878906,49.900001525878906,43.18463516235352,12321100
2009-11-12,49.45000076293945,49.900001525878906,48.209999084472656,48.43999862670898,41.92112350463867,14504200
2009-11-13,48.43999862670898,50.02999877929688,48.31999969482422,49.77999877929688,43.08078002929688,13422500
2009-11-16,50.66999816894531,51.88999938964844,50.54999923706055,51.34000015258789,44.43084716796875,15491700
2009-11-17,50.470001220703125,51.59000015258789,50.18000030517578,51.52999877929688,44.59527587890625,10591000
2009-11-18,52.0,52.43000030517578,50.560001373291016,50.9900016784668,44.12794494628906,11689900
2009-11-19,50.290000915527344,51.34999847412109,49.27000045776367,51.09999847412109,44.22314453125,12795700
2009-11-20,50.27000045776367,50.90999984741211,49.790000915527344,50.81999969482422,43.9808235168457,12129100
2009-11-23,52.34000015258789,53.11000061035156,51.38999938964844,51.68000030517578,44.7250862121582,13656800
2009-11-24,51.880001068115234,51.959999084472656,50.540000915527344,51.45000076293945,44.52604675292969,14639200
2009-11-25,52.16999816894531,52.959999084472656,51.84999847412109,52.83000183105469,45.7203254699707,10383300
2009-11-27,50.290000915527344,51.72999954223633,49.40999984741211,50.81999969482422,43.9808235168457,10088300
2009-11-30,50.63999938964844,51.59000015258789,50.380001068115234,51.11000061035156,44.2318000793457,14052600
2009-12-01,52.59999847412109,54.220001220703125,52.5,53.68000030517578,46.45594024658203,14080400
2009-12-02,54.470001220703125,55.400001525878906,54.209999084472656,54.77999877929688,47.40789794921875,17780100
2009-12-03,54.220001220703125,54.59999847412109,53.06999969482422,53.52999877929688,46.32612609863281,15821400
2009-12-04,52.5,52.56999969482422,49.47999954223633,50.68999862670898,43.86832046508789,31698100
2009-12-07,49.38999938964844,50.75,48.79999923706055,49.7599983215332,43.06348037719727,21137500
2009-12-08,49.02000045776367,49.08000183105469,47.41999816894531,47.75,41.32396697998047,21027900
2009-12-09,48.040000915527344,49.27999877929688,47.630001068115234,48.790000915527344,42.22401428222656,18644400
2009-12-10,49.2599983215332,49.41999816894531,48.27999877929688,48.7400016784668,42.18074035644531,10748700
2009-12-11,48.84000015258789,49.09000015258789,47.5099983215332,47.81999969482422,41.38454818725586,12582000
2009-12-14,48.45000076293945,48.540000915527344,47.560001373291016,48.470001220703125,41.94708633422852,8234300
2009-12-15,48.22999954223633,48.63999938964844,47.33000183105469,47.47999954223633,41.09031677246094,10858400
2009-12-16,48.09999847412109,48.7400016784668,47.720001220703125,48.209999084472656,41.72206497192383,12141300
2009-12-17,47.040000915527344,47.290000915527344,45.16999816894531,45.20000076293945,39.117149353027344,19775800
2009-12-18,45.54999923706055,46.29999923706055,44.97999954223633,46.290000915527344,40.06046295166016,15884200
2009-12-21,46.43999862670898,46.59999847412109,44.79999923706055,45.40999984741211,39.29888916015625,12100300
2009-12-22,45.5,45.959999084472656,44.79999923706055,45.5099983215332,39.38542175292969,13940400
2009-12-23,45.79999923706055,47.380001068115234,45.75,46.93000030517578,40.7136344909668,12614200
2009-12-24,47.54999923706055,47.56999969482422,46.959999084472656,46.959999084472656,40.73966598510742,4523300
2009-12-28,47.400001525878906,47.59000015258789,46.4900016784668,46.869998931884766,40.66157913208008,7292400
2009-12-29,46.93000030517578,47.290000915527344,46.29999923706055,46.43000030517578,40.27986145019531,7193000
2009-12-30,46.0099983215332,46.20000076293945,45.59000015258789,45.869998931884766,39.794036865234375,6923800
2009-12-31,46.459999084472656,46.70000076293945,46.040000915527344,46.209999084472656,40.08899688720703,7475300
2010-01-04,47.77999877929688,48.25,47.560001373291016,47.709999084472656,41.39030456542969,12508700
2010-01-05,47.970001220703125,48.68000030517578,47.43999862670898,48.16999816894531,41.78937530517578,13787800
2010-01-06,48.91999816894531,50.06999969482422,48.709999084472656,49.34000015258789,42.80439376831055,19322600
2010-01-07,49.34000015258789,49.369998931884766,48.54999923706055,49.09999847412109,42.59619140625,13312000
2010-01-08,49.5099983215332,49.84000015258789,48.630001068115234,49.84000015258789,43.238162994384766,10719800
2010-01-11,51.0,51.15999984741211,49.90999984741211,50.16999816894531,43.52446365356445,12918100
2010-01-12,49.47999954223633,49.869998931884766,47.93999862670898,48.34999847412109,41.945533752441406,14794800
2010-01-13,48.59999847412109,48.959999084472656,47.5,48.86000061035156,42.38798141479492,9377500
2010-01-14,48.77999877929688,48.93000030517578,48.02000045776367,48.59999847412109,42.16241455078125,8445500
2010-01-15,48.02000045776367,48.08000183105469,47.04999923706055,47.41999816894531,41.13872528076172,14184100
2010-01-19,47.34000015258789,47.810001373291016,47.27999877929688,47.68999862670898,41.37295913696289,8578100
2010-01-20,46.65999984741211,46.84999847412109,44.84999847412109,45.72999954223633,39.67257690429688,21228000
2010-01-21,45.310001373291016,45.65999984741211,43.720001220703125,43.75,37.95486068725586,24757600
2010-01-22,43.29999923706055,44.77999877929688,42.95000076293945,43.790000915527344,37.98955154418945,26244900
2010-01-25,44.45000076293945,44.540000915527344,43.130001068115234,43.18999862670898,37.469032287597656,17791100
2010-01-26,42.68999862670898,43.86000061035156,42.29999923706055,43.130001068115234,37.4169807434082,17133300
2010-01-27,42.93999862670898,43.2400016784668,41.81999969482422,42.77000045776367,37.10466003417969,18111200
2010-01-28,43.130001068115234,43.22999954223633,41.15999984741211,42.16999816894531,36.58414077758789,28262300
2010-01-29,42.0,42.5,40.52999877929688,40.720001220703125,35.32621765136719,22948500
2010-02-01,41.25,42.95000076293945,41.20000076293945,42.93999862670898,37.252140045166016,18770400
2010-02-02,43.52000045776367,43.70000076293945,42.68000030517578,43.0,37.30419921875,19421400
2010-02-03,43.02000045776367,43.61000061035156,42.5099983215332,42.56999969482422,36.93115615844727,13517700
2010-02-04,41.650001525878906,41.75,40.04999923706055,40.2400016784668,34.909793853759766,25283400
2010-02-05,40.18000030517578,42.40999984741211,39.47999954223633,42.40999984741211,36.7923469543457,33034700
2010-02-08,42.2599983215332,42.5099983215332,40.77000045776367,40.77999877929688,35.378257751464844,18173900
2010-02-09,41.7599983215332,43.11000061035156,41.59000015258789,42.56999969482422,36.93115615844727,24227600
2010-02-10,42.58000183105469,42.77000045776367,41.40999984741211,42.34999847412109,36.74029922485352,15919300
2010-02-11,42.59000015258789,44.22999954223633,42.31999969482422,43.9900016784668,38.163063049316406,18114400
2010-02-12,43.150001525878906,43.93999862670898,42.650001525878906,43.93999862670898,38.11968612670898,16589900
2010-02-16,45.16999816894531,45.22999954223633,44.56999969482422,44.90999984741211,38.96119689941406,15964000
2010-02-17,44.900001525878906,45.34000015258789,44.33000183105469,44.709999084472656,38.787689208984375,14755100
2010-02-18,44.61000061035156,45.560001373291016,44.61000061035156,45.060001373291016,39.09132766723633,15184500
2010-02-19,44.43000030517578,45.75,44.209999084472656,44.56999969482422,38.666236877441406,15114000
2010-02-22,44.97999954223633,45.0099983215332,43.880001068115234,44.09000015258789,38.24981689453125,12299900
2010-02-23,43.93000030517578,44.09999847412109,42.18999862670898,42.5,36.87042999267578,15431400
2010-02-24,42.22999954223633,43.04999923706055,42.02999877929688,42.25,36.653541564941406,12516800
2010-02-25,41.86000061035156,43.68999862670898,41.34999847412109,43.45000076293945,37.6945915222168,21464000
2010-02-26,43.810001373291016,44.040000915527344,43.09000015258789,43.88999938964844,38.0763053894043,10706200
2010-03-01,44.20000076293945,44.77999877929688,43.4900016784668,44.63999938964844,38.726959228515625,11664500
2010-03-02,45.16999816894531,46.38999938964844,44.959999084472656,45.5099983215332,39.48171615600586,21127800
2010-03-03,46.2599983215332,46.91999816894531,45.959999084472656,46.36000061035156,40.21913528442383,18235600
2010-03-04,46.150001525878906,46.470001220703125,45.2400016784668,45.58000183105469,39.54245376586914,15228300
2010-03-05,45.95000076293945,46.72999954223633,45.93999862670898,46.43000030517578,40.27986145019531,13823000
2010-03-08,46.77000045776367,46.97999954223633,45.810001373291016,45.95000076293945,39.86343765258789,9919600
2010-03-09,45.34999847412109,46.09999847412109,45.25,45.58000183105469,39.54245376586914,10594100
2010-03-10,45.79999923706055,46.13999938964844,44.59999847412109,44.959999084472656,39.00457763671875,16057900
2010-03-11,44.790000915527344,45.369998931884766,44.25,45.31999969482422,39.31689453125,10309800
2010-03-12,45.58000183105469,45.83000183105469,44.75,44.9900016784668,39.030609130859375,9797100
2010-03-15,45.119998931884766,45.20000076293945,44.31999969482422,44.93999862670898,38.98722839355469,8384600
2010-03-16,45.77999877929688,46.27000045776367,45.560001373291016,46.119998931884766,40.01091766357422,14902600
2010-03-17,46.20000076293945,46.77000045776367,46.130001068115234,46.27000045776367,40.14104843139648,15113900
2010-03-18,46.369998931884766,46.84000015258789,45.52000045776367,45.970001220703125,39.88079071044922,12704600
2010-03-19,45.310001373291016,46.08000183105469,44.869998931884766,45.310001373291016,39.3082160949707,17280500
2010-03-22,44.65999984741211,45.290000915527344,44.209999084472656,45.13999938964844,39.16072845458984,12044100
2010-03-23,45.02000045776367,45.72999954223633,44.43999862670898,45.27999877929688,39.28218460083008,11287100
2010-03-24,44.38999938964844,44.5,43.369998931884766,43.5,37.73796844482422,18192200
2010-03-25,43.97999954223633,44.04999923706055,42.720001220703125,42.90999984741211,37.22612380981445,14569900
2010-03-26,43.15999984741211,43.93999862670898,42.75,43.709999084472656,37.92015075683594,12771600
2010-03-29,44.18999862670898,44.4900016784668,43.84999847412109,44.33000183105469,38.458038330078125,9462600
2010-03-30,44.43999862670898,44.52000045776367,43.59000015258789,43.86000061035156,38.0502815246582,10072700
2010-03-31,44.47999954223633,44.70000076293945,44.15999984741211,44.40999984741211,38.52743148803711,8492500
2010-04-01,45.459999084472656,46.43999862670898,45.36000061035156,46.400001525878906,40.25383377075195,12672400
2010-04-05,46.86000061035156,47.209999084472656,46.400001525878906,46.900001525878906,40.68760681152344,8188700
2010-04-06,46.63999938964844,47.290000915527344,46.58000183105469,46.810001373291016,40.609519958496094,9463300
2010-04-07,47.31999969482422,48.5,47.150001525878906,48.18000030517578,41.79805374145508,14321100
2010-04-08,48.0,48.36000061035156,47.61000061035156,48.18999862670898,41.80672836303711,8628700
2010-04-09,48.65999984741211,49.11000061035156,48.209999084472656,48.68000030517578,42.23181915283203,9311900
2010-04-12,48.5,49.11000061035156,48.0099983215332,48.13999938964844,41.76335525512695,8421500
2010-04-13,48.02000045776367,48.060001373291016,46.86000061035156,47.75,41.42500305175781,10893000
2010-04-14,48.22999954223633,48.45000076293945,47.61000061035156,48.09000015258789,41.719974517822266,7795500
2010-04-15,47.959999084472656,48.290000915527344,47.54999923706055,47.56999969482422,41.268856048583984,5925400
2010-04-16,47.02000045776367,47.45000076293945,45.72999954223633,46.650001525878906,40.47072219848633,20720900
2010-04-19,46.119998931884766,46.59999847412109,45.70000076293945,46.59000015258789,40.41866683959961,10560900
2010-04-20,47.0,47.310001373291016,46.43999862670898,46.459999084472656,40.30588150024414,6337400
2010-04-21,46.70000076293945,47.209999084472656,46.36000061035156,46.97999954223633,40.75700759887695,8103800
2010-04-22,46.41999816894531,47.36000061035156,46.04999923706055,47.36000061035156,41.08667755126953,7762600
2010-04-23,47.209999084472656,48.29999923706055,46.68000030517578,48.209999084472656,41.82407379150391,9274400
2010-04-26,48.25,48.560001373291016,47.90999984741211,48.130001068115234,41.75468063354492,5567100
2010-04-27,47.68999862670898,48.68999862670898,47.31999969482422,48.27999877929688,41.88481140136719,17820100
2010-04-28,48.470001220703125,50.33000183105469,48.34000015258789,49.70000076293945,43.1167106628418,17930100
2010-04-29,49.81999969482422,50.66999816894531,49.63999938964844,50.310001373291016,43.64591217041016,9864000
2010-04-30,50.869998931884766,51.540000915527344,50.5,50.5099983215332,43.81941604614258,12778500
2010-05-03,50.91999816894531,51.04999923706055,49.369998931884766,49.880001068115234,43.27287292480469,10052600
2010-05-04,50.220001220703125,50.310001373291016,48.459999084472656,49.65999984741211,43.082008361816406,22279200
2010-05-05,48.060001373291016,49.869998931884766,47.88999938964844,49.2400016784668,42.7176399230957,17606300
2010-05-06,49.16999816894531,50.5,48.06999969482422,49.93999862670898,43.32492065429688,23954100
2010-05-07,49.66999816894531,50.45000076293945,48.40999984741211,49.130001068115234,42.62221908569336,16601100
2010-05-10,49.5099983215332,50.34000015258789,49.02999877929688,50.13999938964844,43.49843215942383,15389200
2010-05-11,51.38999938964844,54.20000076293945,51.31999969482422,53.59999847412109,46.500118255615234,21796600
2010-05-12,54.040000915527344,54.630001068115234,53.2599983215332,53.43000030517578,46.35263442993164,22283300
2010-05-13,53.470001220703125,53.869998931884766,52.43000030517578,52.65999984741211,45.68463134765625,12815800
2010-05-14,53.47999954223633,53.709999084472656,51.369998931884766,53.150001525878906,46.10972595214844,17431200
2010-05-17,52.970001220703125,53.06999969482422,51.209999084472656,51.869998931884766,44.99927520751953,14198200
2010-05-18,51.27000045776367,52.2599983215332,50.95000076293945,51.4900016784668,44.66960906982422,14859300
2010-05-19,50.5,50.709999084472656,48.09999847412109,49.45000076293945,42.89982604980469,21950900
2010-05-20,48.11000061035156,48.77999877929688,46.7599983215332,47.04999923706055,40.81773376464844,25901600
2010-05-21,46.16999816894531,47.720001220703125,45.880001068115234,47.209999084472656,40.956539154052734,17751400
2010-05-24,48.06999969482422,48.540000915527344,47.5099983215332,47.63999938964844,41.32958221435547,11161700
2010-05-25,47.220001220703125,49.02999877929688,46.88999938964844,48.93999862670898,42.4573860168457,16751400
2010-05-26,50.04999923706055,50.380001068115234,48.84000015258789,48.9900016784668,42.500762939453125,11067000
2010-05-27,49.41999816894531,50.40999984741211,49.31999969482422,50.18000030517578,43.53313827514648,9490600
2010-05-28,49.86000061035156,50.18999862670898,49.29999923706055,49.86000061035156,43.25551986694336,7536800
2010-06-01,50.29999923706055,51.15999984741211,49.720001220703125,49.810001373291016,43.212135314941406,9029200
2010-06-02,49.81999969482422,50.70000076293945,49.5099983215332,50.66999816894531,43.95822143554688,6356700
2010-06-03,50.61000061035156,51.0,49.150001525878906,49.83000183105469,43.22949600219727,7316500
2010-06-04,49.13999938964844,49.900001525878906,48.630001068115234,48.810001373291016,42.344608306884766,9554600
2010-06-07,48.70000076293945,50.79999923706055,48.400001525878906,50.18999862670898,43.54180908203125,10433700
2010-06-08,50.709999084472656,51.630001068115234,50.310001373291016,50.720001220703125,44.00160598754883,12295100
2010-06-09,50.5,51.040000915527344,49.83000183105469,50.20000076293945,43.55048370361328,7962500
2010-06-10,50.119998931884766,50.900001525878906,50.0099983215332,50.65999984741211,43.94954681396485,6449900
2010-06-11,50.790000915527344,50.970001220703125,50.40999984741211,50.790000915527344,44.06232833862305,4276300
2010-06-14,50.93000030517578,51.040000915527344,49.79999923706055,49.900001525878906,43.29022216796875,6659900
2010-06-15,50.16999816894531,51.18999862670898,50.150001525878906,51.16999816894531,44.39199447631836,6474100
2010-06-16,50.97999954223633,51.970001220703125,50.810001373291016,51.65999984741211,44.81708526611328,7094800
2010-06-17,52.619998931884766,53.25,52.47999954223633,52.959999084472656,45.94488525390625,9942500
2010-06-18,53.86000061035156,54.22999954223633,53.56999969482422,54.060001373291016,46.89918899536133,10202400
2010-06-21,54.27000045776367,54.400001525878906,52.16999816894531,52.52000045776367,45.56317901611328,10914800
2010-06-22,52.59000015258789,53.16999816894531,52.130001068115234,52.13999938964844,45.2335090637207,6096000
2010-06-23,51.900001525878906,52.65999984741211,51.41999816894531,52.45000076293945,45.50244903564453,6464600
2010-06-24,52.13999938964844,53.06999969482422,51.93999862670898,52.18000030517578,45.26821517944336,8071600
2010-06-25,53.040000915527344,54.310001373291016,52.79999923706055,53.880001068115234,46.7430305480957,8479600
2010-06-28,53.95000076293945,54.83000183105469,52.970001220703125,53.400001525878906,46.32661056518555,12312700
2010-06-29,52.59999847412109,52.86000061035156,51.650001525878906,51.97999954223633,45.09470748901367,10291600
2010-06-30,51.77000045776367,52.79999923706055,51.709999084472656,51.959999084472656,45.07735061645508,6028700
2010-07-01,51.52999877929688,51.810001373291016,48.790000915527344,49.619998931884766,43.04730224609375,14999200
2010-07-02,50.0,50.47999954223633,49.27000045776367,49.58000183105469,43.01260757446289,7383000
2010-07-06,49.83000183105469,49.970001220703125,48.47999954223633,48.90999984741211,42.43135452270508,8130900
2010-07-07,48.900001525878906,50.11000061035156,48.5,49.9900016784668,43.36830139160156,7720100
2010-07-08,50.22999954223633,50.400001525878906,48.619998931884766,49.380001068115234,42.83909606933594,7610700
2010-07-09,49.91999816894531,51.0,49.91999816894531,50.47999954223633,43.793399810791016,6954000
2010-07-12,50.38999938964844,50.95000076293945,49.83000183105469,50.150001525878906,43.50710678100586,4625200
2010-07-13,51.369998931884766,51.47999954223633,50.25,50.38999938964844,43.7153205871582,8299600
2010-07-14,50.369998931884766,51.040000915527344,49.880001068115234,50.2599983215332,43.60252380371094,7023800
2010-07-15,50.65999984741211,50.72999954223633,49.5099983215332,50.16999816894531,43.52446365356445,5826200
2010-07-16,49.25,49.290000915527344,48.41999816894531,48.540000915527344,42.11035919189453,9591800
2010-07-19,48.11000061035156,48.20000076293945,46.9900016784668,47.52999877929688,41.23414993286133,8842000
2010-07-20,47.380001068115234,48.65999984741211,47.22999954223633,48.54999923706055,42.11904144287109,6985900
2010-07-21,49.0099983215332,49.15999984741211,47.88999938964844,48.18000030517578,41.79805374145508,6896800
2010-07-22,48.56999969482422,49.59000015258789,48.52000045776367,49.15999984741211,42.64823913574219,7207800
2010-07-23,49.36000061035156,49.63999938964844,48.869998931884766,49.209999084472656,42.69161605834961,8233600
2010-07-26,49.5,49.560001373291016,48.59999847412109,48.88999938964844,42.41400909423828,7215800
2010-07-27,48.5,48.540000915527344,46.81999969482422,47.09000015258789,40.8524284362793,17306800
2010-07-28,46.90999984741211,47.59000015258789,46.79999923706055,47.38999938964844,41.11269760131836,8290600
2010-07-29,47.7400016784668,48.02999877929688,47.119998931884766,47.68000030517578,41.3642807006836,7329300
2010-07-30,47.58000183105469,48.43000030517578,47.45000076293945,48.220001220703125,41.8327522277832,9818200
2010-08-02,48.93000030517578,49.04999923706055,47.68000030517578,48.04999923706055,41.68527603149414,6512800
2010-08-03,48.27999877929688,48.79999923706055,48.130001068115234,48.31999969482422,41.91950988769531,6389400
2010-08-04,49.31999969482422,49.7599983215332,49.11000061035156,49.619998931884766,43.04730224609375,11804700
2010-08-05,49.59999847412109,49.70000076293945,49.16999816894531,49.68999862670898,43.108036041259766,4171500
2010-08-06,50.119998931884766,50.70000076293945,49.95000076293945,50.16999816894531,43.52446365356445,6680500
2010-08-09,50.16999816894531,50.220001220703125,49.47999954223633,50.18999862670898,43.54180908203125,5638600
2010-08-10,49.459999084472656,50.4900016784668,49.13999938964844,50.369998931884766,43.69797134399414,8309300
2010-08-11,50.15999984741211,50.33000183105469,48.9900016784668,49.08000183105469,42.5788459777832,8253200
2010-08-12,49.7599983215332,50.36000061035156,49.70000076293945,50.310001373291016,43.64591217041016,7018800
2010-08-13,50.27000045776367,50.380001068115234,49.650001525878906,49.7400016784668,43.15141677856445,3979300
2010-08-16,50.36000061035156,50.790000915527344,50.16999816894531,50.709999084472656,43.9929313659668,5563700
2010-08-17,50.93999862670898,51.369998931884766,50.52999877929688,51.290000915527344,44.49610137939453,5996700
2010-08-18,50.84000015258789,52.220001220703125,50.5,52.130001068115234,45.224830627441406,8128500
2010-08-19,52.220001220703125,52.54999923706055,51.209999084472656,51.72999954223633,44.8778190612793,6209300
2010-08-20,51.18999862670898,51.459999084472656,50.5099983215332,51.27999877929688,44.487430572509766,6285900
2010-08-23,51.369998931884766,51.47999954223633,50.65999984741211,50.900001525878906,44.15775680541992,4604000
2010-08-24,49.790000915527344,51.150001525878906,49.56999969482422,50.29999923706055,43.63723373413086,7947800
2010-08-25,50.75,52.0,50.40999984741211,52.0,45.11205673217773,9649600
2010-08-26,51.9900016784668,52.83000183105469,51.97999954223633,52.72999954223633,45.74535751342773,8288000
2010-08-27,52.810001373291016,53.459999084472656,51.97999954223633,53.34000015258789,46.274559020996094,9827100
2010-08-30,53.20000076293945,53.68999862670898,52.93999862670898,53.119998931884766,46.08369827270508,5655100
2010-08-31,53.41999816894531,54.4900016784668,53.310001373291016,53.61000061035156,46.50879287719727,12207400
2010-09-01,54.150001525878906,54.33000183105469,52.7599983215332,52.84999847412109,45.84946060180664,7926200
2010-09-02,53.459999084472656,53.77999877929688,52.810001373291016,53.56999969482422,46.47408676147461,6963000
2010-09-03,53.11000061035156,53.70000076293945,52.7599983215332,53.68999862670898,46.57820129394531,6072000
2010-09-07,54.2599983215332,54.52999877929688,53.91999816894531,53.95000076293945,46.80375289916992,7737500
2010-09-08,54.290000915527344,54.68999862670898,53.65999984741211,53.66999816894531,46.56084060668945,6306500
2010-09-09,53.93999862670898,54.0,52.5,52.650001525878906,45.67596054077149,7008500
2010-09-10,52.470001220703125,53.47999954223633,52.43000030517578,53.040000915527344,46.01429748535156,5493200
2010-09-13,53.20000076293945,53.43999862670898,52.720001220703125,53.0,45.9796028137207,5218600
2010-09-14,53.970001220703125,55.59000015258789,53.91999816894531,54.880001068115234,47.61056900024414,14873400
2010-09-15,54.72999954223633,55.119998931884766,54.2599983215332,54.59999847412109,47.36765670776367,8739800
2010-09-16,55.16999816894531,55.66999816894531,54.86000061035156,55.36000061035156,48.0269889831543,9409700
2010-09-17,55.72999954223633,55.77000045776367,54.68000030517578,54.77999877929688,47.523807525634766,8981800
2010-09-20,55.18000030517578,55.900001525878906,54.959999084472656,55.34000015258789,48.0096435546875,9126700
2010-09-21,55.09000015258789,55.77000045776367,53.84999847412109,55.66999816894531,48.2959213256836,16432400
2010-09-22,56.290000915527344,56.66999816894531,55.810001373291016,56.369998931884766,48.90320587158203,10975400
2010-09-23,56.09000015258789,56.5,55.47999954223633,55.7599983215332,48.37400436401367,8142200
2010-09-24,56.619998931884766,56.619998931884766,55.4900016784668,55.66999816894531,48.2959213256836,9569200
2010-09-27,55.84999847412109,55.97999954223633,55.150001525878906,55.34000015258789,48.0096435546875,5841700
2010-09-28,55.0,56.75,54.27999877929688,56.65999984741211,49.15478515625,15152200
2010-09-29,56.77999877929688,56.86000061035156,56.09999847412109,56.5099983215332,49.024658203125,10175400
2010-09-30,56.7599983215332,56.810001373291016,54.9900016784668,55.93000030517578,48.52149200439453,12778900
2010-10-01,55.93000030517578,57.25,55.93000030517578,56.59999847412109,49.10273742675781,9595500
2010-10-04,56.369998931884766,56.369998931884766,55.20000076293945,55.54999923706055,48.19182586669922,7089800
2010-10-05,56.810001373291016,57.83000183105469,56.720001220703125,57.2599983215332,49.67531204223633,12005700
2010-10-06,57.4900016784668,58.40999984741211,57.209999084472656,58.119998931884766,50.42139434814453,11074600
2010-10-07,58.58000183105469,58.58000183105469,55.970001220703125,56.58000183105469,49.08539581298828,18951100
2010-10-08,56.63999938964844,57.459999084472656,56.61000061035156,57.29999923706055,49.71001052856445,8792800
2010-10-11,57.02999877929688,57.72999954223633,56.59999847412109,57.40999984741211,49.80543899536133,7204500
2010-10-12,56.959999084472656,57.27999877929688,56.11000061035156,57.16999816894531,49.59723281860352,9428600
2010-10-13,57.79999923706055,58.81999969482422,57.75,58.59000015258789,50.829139709472656,10926900
2010-10-14,58.43000030517578,58.880001068115234,57.88999938964844,58.18999862670898,50.482120513916016,8451000
2010-10-15,57.869998931884766,58.08000183105469,56.91999816894531,57.40999984741211,49.80543899536133,11031300
2010-10-18,57.0,57.5099983215332,56.5099983215332,57.13999938964844,49.57120895385742,7251600
2010-10-19,55.36000061035156,55.400001525878906,54.0099983215332,54.52999877929688,47.30693054199219,16650900
2010-10-20,54.63999938964844,55.900001525878906,54.61000061035156,55.459999084472656,48.113746643066406,11603300
2010-10-21,55.5,55.900001525878906,53.77999877929688,54.27999877929688,47.09004974365234,13814000
2010-10-22,54.34999847412109,54.88999938964844,53.84000015258789,54.88999938964844,47.619239807128906,7658800
2010-10-25,55.97999954223633,56.18999862670898,55.400001525878906,55.7400016784668,48.35665130615234,9001000
2010-10-26,55.0099983215332,56.06999969482422,54.880001068115234,55.790000915527344,48.4000244140625,6279700
2010-10-27,55.0099983215332,55.09000015258789,53.66999816894531,54.68000030517578,47.43705749511719,8954800
2010-10-28,55.4900016784668,56.5,55.0099983215332,56.36000061035156,48.894527435302734,8830400
2010-10-29,56.720001220703125,57.4900016784668,56.52000045776367,57.29999923706055,49.71001052856445,8511700
2010-11-01,57.58000183105469,57.869998931884766,56.72999954223633,57.22999954223633,49.6492805480957,6735500
2010-11-02,57.7599983215332,57.88999938964844,57.150001525878906,57.66999816894531,50.03099822998047,7036500
2010-11-03,57.59000015258789,57.84000015258789,56.16999816894531,57.22999954223633,49.6492805480957,15068800
2010-11-04,59.34000015258789,60.02999877929688,59.08000183105469,59.9900016784668,52.04369735717773,13991400
2010-11-05,59.66999816894531,60.84999847412109,59.560001373291016,60.09000015258789,52.13045501708984,10177600
2010-11-08,59.970001220703125,61.84999847412109,59.88999938964844,61.77000045776367,53.58791732788086,10841100
2010-11-09,62.83000183105469,63.7599983215332,59.18999862670898,59.66999816894531,51.76608276367188,25300200
2010-11-10,60.5,61.41999816894531,59.29999923706055,61.33000183105469,53.206199645996094,17318500
2010-11-11,61.59000015258789,61.90999984741211,60.47999954223633,61.77999877929688,53.596588134765625,10126300
2010-11-12,60.5099983215332,61.41999816894531,59.36000061035156,60.06999969482422,52.11310195922852,13211000
2010-11-15,60.22999954223633,60.38999938964844,59.20000076293945,59.470001220703125,51.59257125854492,7805600
2010-11-16,58.5099983215332,58.72999954223633,57.04999923706055,57.65999984741211,50.0223274230957,16198800
2010-11-17,57.54999923706055,58.86000061035156,57.52000045776367,58.040000915527344,50.35198974609375,9264000
2010-11-18,59.27000045776367,59.59000015258789,58.810001373291016,59.02999877929688,51.21085739135742,10379900
2010-11-19,58.68000030517578,59.40999984741211,58.34999847412109,59.27999877929688,51.42773818969727,7655600
2010-11-22,59.130001068115234,60.22999954223633,58.72999954223633,60.02999877929688,52.07839584350586,8650100
2010-11-23,59.90999984741211,60.18999862670898,59.18000030517578,59.619998931884766,51.72270584106445,10627800
2010-11-24,59.84000015258789,60.13999938964844,59.2599983215332,59.66999816894531,51.76608276367188,4914000
2010-11-26,58.36000061035156,58.84999847412109,58.2599983215332,58.61000061035156,50.846492767333984,3884200
2010-11-29,58.41999816894531,58.959999084472656,57.61000061035156,58.869998931884766,51.07204818725586,6868000
2010-11-30,58.900001525878906,60.119998931884766,58.790000915527344,59.5,51.61860275268555,10819500
2010-12-01,60.02000045776367,60.400001525878906,59.43000030517578,60.27999877929688,52.2952766418457,8486500
2010-12-02,60.70000076293945,61.720001220703125,60.70000076293945,61.18000030517578,53.07606887817383,9973000
2010-12-03,61.79999923706055,63.13999938964844,61.7400016784668,62.709999084472656,54.40340423583984,10234800
2010-12-06,63.06999969482422,63.880001068115234,62.88999938964844,63.79999923706055,55.34902191162109,8212400
2010-12-07,64.58000183105469,64.62000274658203,62.27999877929688,62.380001068115234,54.11711883544922,14763900
2010-12-08,61.84999847412109,62.29999923706055,60.77000045776367,61.20000076293945,53.09342193603516,11456300
2010-12-09,61.79999923706055,61.84999847412109,61.02999877929688,61.43000030517578,53.29294967651367,9156700
2010-12-10,61.09999847412109,61.83000183105469,60.59999847412109,61.65999984741211,53.492488861083984,7446700
2010-12-13,62.58000183105469,62.9900016784668,62.02000045776367,62.220001220703125,53.97830581665039,7754800
2010-12-14,62.33000183105469,62.81999969482422,61.869998931884766,62.130001068115234,53.90023040771485,6844900
2010-12-15,61.59000015258789,62.150001525878906,60.84000015258789,60.9900016784668,52.91123962402344,9763900
2010-12-16,60.84999847412109,60.869998931884766,59.5,60.16999816894531,52.19984817504883,10748800
2010-12-17,60.310001373291016,60.459999084472656,59.400001525878906,60.43999862670898,52.43408203125,11315700
2010-12-20,60.630001068115234,60.869998931884766,59.83000183105469,60.56999969482422,52.546871185302734,5934300
2010-12-21,60.650001525878906,60.81999969482422,60.06999969482422,60.54999923706055,52.529518127441406,5673800
2010-12-22,60.540000915527344,60.59000015258789,59.810001373291016,59.84000015258789,51.91356658935547,4418900
2010-12-23,59.369998931884766,60.38999938964844,59.0,59.88999938964844,52.307464599609375,7247400
2010-12-27,59.93000030517578,59.93000030517578,58.93000030517578,59.540000915527344,52.00178146362305,3479200
2010-12-28,60.619998931884766,61.22999954223633,60.130001068115234,61.09000015258789,53.35554122924805,5314000
2010-12-29,61.380001068115234,61.59999847412109,60.95000076293945,61.310001373291016,53.54768371582031,4002400
2010-12-30,61.27000045776367,61.560001373291016,60.61000061035156,60.880001068115234,53.172122955322266,3477600
2010-12-31,61.119998931884766,61.7400016784668,60.959999084472656,61.470001220703125,53.68743133544922,4461500
2011-01-03,61.810001373291016,62.02000045776367,60.400001525878906,60.77000045776367,53.0760498046875,9097700
2011-01-04,60.040000915527344,60.209999084472656,58.0,59.02000045776367,51.5476188659668,13872000
2011-01-05,58.34000015258789,58.619998931884766,57.4900016784668,58.220001220703125,50.848907470703125,11490900
2011-01-06,58.27999877929688,58.36000061035156,56.560001373291016,56.7400016784668,49.556278228759766,13883700
2011-01-07,56.470001220703125,57.709999084472656,56.400001525878906,56.7400016784668,49.556278228759766,11027600
2011-01-10,56.880001068115234,57.060001373291016,56.27999877929688,56.88999938964844,49.68729019165039,7591100
2011-01-11,57.70000076293945,58.09999847412109,57.29999923706055,58.040000915527344,50.691688537597656,8288600
2011-01-12,58.22999954223633,58.2400016784668,57.310001373291016,57.900001525878906,50.56940841674805,7430200
2011-01-13,58.150001525878906,58.150001525878906,55.68999862670898,56.04999923706055,48.9536361694336,12741600
2011-01-14,55.54999923706055,56.04999923706055,54.61000061035156,54.880001068115234,47.9317741394043,17677900
2011-01-18,55.650001525878906,56.08000183105469,55.43999862670898,55.810001373291016,48.744022369384766,6702300
2011-01-19,56.34999847412109,56.40999984741211,54.93999862670898,55.470001220703125,48.44706726074219,8648800
2011-01-20,54.18999862670898,54.68000030517578,53.380001068115234,54.63999938964844,47.7221565246582,17410200
2011-01-21,54.40999984741211,54.959999084472656,53.900001525878906,53.93999862670898,47.11077880859375,16704300
2011-01-24,53.88999938964844,54.5,53.119998931884766,53.43000030517578,46.66535186767578,11997200
2011-01-25,52.77000045776367,53.31999969482422,52.459999084472656,53.119998931884766,46.39459609985352,17835300
2011-01-26,53.02000045776367,55.20000076293945,52.95000076293945,55.09999847412109,48.1239128112793,16728600
2011-01-27,55.040000915527344,55.040000915527344,53.33000183105469,53.72999954223633,46.92736053466797,14558900
2011-01-28,53.470001220703125,55.310001373291016,53.27000045776367,54.20000076293945,47.337852478027344,13555700
2011-01-31,54.13999938964844,54.52000045776367,53.43999862670898,53.91999816894531,47.09331512451172,8539200
2011-02-01,54.56999969482422,55.52000045776367,54.0099983215332,55.43999862670898,48.42086791992188,11419600
2011-02-02,55.56999969482422,55.63999938964844,54.560001373291016,55.02999877929688,48.062774658203125,6583300
2011-02-03,55.27000045776367,56.70000076293945,54.540000915527344,56.52000045776367,49.36413192749024,11667100
2011-02-04,56.93000030517578,57.02999877929688,55.970001220703125,56.11000061035156,49.00603866577149,8586900
2011-02-07,56.65999984741211,56.81999969482422,55.93000030517578,56.119998931884766,49.0147705078125,6296600
2011-02-08,56.9900016784668,57.459999084472656,56.7599983215332,57.34999847412109,50.08904266357422,8316700
2011-02-09,57.369998931884766,57.66999816894531,56.09999847412109,56.459999084472656,49.31173706054688,7190000
2011-02-10,55.84999847412109,56.2599983215332,55.220001220703125,55.93000030517578,48.84883880615234,7487800
2011-02-11,56.02000045776367,56.70000076293945,55.5099983215332,55.72999954223633,48.67415618896485,8777200
2011-02-14,55.9900016784668,56.650001525878906,55.95000076293945,56.459999084472656,49.31173706054688,4779600
2011-02-15,57.09999847412109,57.720001220703125,57.02000045776367,57.5099983215332,50.22879409790039,8398600
2011-02-16,57.70000076293945,57.93999862670898,56.959999084472656,57.7400016784668,50.42966842651367,6611200
2011-02-17,58.130001068115234,58.45000076293945,57.77999877929688,58.45000076293945,51.0497932434082,6277500
2011-02-18,58.7400016784668,59.65999984741211,58.65999984741211,58.97999954223633,51.51267623901367,7849900
2011-02-22,60.20000076293945,60.33000183105469,58.43000030517578,58.43000030517578,51.032318115234375,10995900
2011-02-23,58.90999984741211,60.060001373291016,58.68999862670898,59.61000061035156,52.06292724609375,9591100
2011-02-24,59.95000076293945,60.0,57.630001068115234,57.7400016784668,50.42966842651367,10741600
2011-02-25,58.25,58.95000076293945,58.18000030517578,58.95000076293945,51.48646926879883,6030200
2011-02-28,59.2400016784668,59.900001525878906,58.91999816894531,59.83000183105469,52.25505828857422,5107500
2011-03-01,60.380001068115234,61.150001525878906,60.25,60.79999923706055,53.10224914550781,10062600
2011-03-02,61.09999847412109,61.25,60.36000061035156,60.790000915527344,53.09352111816406,7046500
2011-03-03,60.11000061035156,60.20000076293945,59.18999862670898,59.869998931884766,52.28999710083008,8688500
2011-03-04,60.08000183105469,60.84000015258789,60.060001373291016,60.400001525878906,52.752891540527344,5798800
2011-03-07,61.2400016784668,61.29999923706055,59.790000915527344,59.95000076293945,52.359859466552734,8315100
2011-03-08,59.7599983215332,59.83000183105469,58.59999847412109,59.40999984741211,51.88823699951172,6310700
2011-03-09,59.68999862670898,59.880001068115234,58.540000915527344,58.93999862670898,51.47774124145508,5931000
2011-03-10,57.59999847412109,57.83000183105469,56.54999923706055,56.83000183105469,49.63488006591797,13804700
2011-03-11,56.34999847412109,58.2400016784668,56.119998931884766,57.81999969482422,50.499542236328125,8314400
2011-03-14,57.810001373291016,58.08000183105469,57.04999923706055,57.810001373291016,50.490814208984375,6208700
2011-03-15,55.04999923706055,56.650001525878906,54.75,56.47999954223633,49.32919692993164,13460200
2011-03-16,56.52999877929688,56.95000076293945,54.68000030517578,55.2400016784668,48.246192932128906,12467700
2011-03-17,55.68000030517578,55.970001220703125,55.060001373291016,55.720001220703125,48.6654167175293,7536000
2011-03-18,56.4900016784668,57.06999969482422,56.08000183105469,56.65999984741211,49.48640441894531,10996300
2011-03-21,57.720001220703125,58.04999923706055,57.209999084472656,58.02000045776367,50.67422103881836,6313200
2011-03-22,57.720001220703125,58.56999969482422,57.43999862670898,58.16999816894531,50.80523300170898,5635400
2011-03-23,58.400001525878906,60.43000030517578,58.31999969482422,60.27999877929688,52.6480827331543,8172200
2011-03-24,60.68999862670898,61.369998931884766,59.79999923706055,59.9900016784668,52.39480209350586,12404200
2011-03-25,60.09999847412109,60.61000061035156,59.220001220703125,59.52000045776367,51.98431015014648,7526500
2011-03-28,58.88999938964844,59.5,58.43999862670898,58.47999954223633,51.075984954833984,6115400
2011-03-29,58.41999816894531,59.380001068115234,58.040000915527344,58.540000915527344,51.12838745117188,7364500
2011-03-30,59.27000045776367,59.75,58.650001525878906,59.63999938964844,52.089115142822266,8175500
2011-03-31,60.25,60.59000015258789,59.86000061035156,60.09999847412109,52.49088287353516,6820900
2011-04-01,59.880001068115234,60.2400016784668,59.43000030517578,59.77000045776367,52.20266342163086,6738400
2011-04-04,60.06999969482422,60.68999862670898,59.72999954223633,59.75,52.1851806640625,4070600
2011-04-05,59.83000183105469,62.7400016784668,59.68000030517578,62.709999084472656,54.77043151855469,11402200
2011-04-06,63.22999954223633,63.68000030517578,62.36000061035156,62.77000045776367,54.82284164428711,9953500
2011-04-07,62.65999984741211,63.459999084472656,62.27999877929688,62.5099983215332,54.59575271606445,7358200
2011-04-08,63.58000183105469,64.13999938964844,63.34000015258789,63.95000076293945,55.85343933105469,7970000
2011-04-11,63.84000015258789,63.84999847412109,61.540000915527344,62.09999847412109,54.23765563964844,10108200
2011-04-12,61.720001220703125,62.18999862670898,60.52999877929688,61.11000061035156,53.373008728027344,10917800
2011-04-13,61.68000030517578,61.81999969482422,60.5099983215332,60.86000061035156,53.15465545654297,7912400
2011-04-14,60.970001220703125,62.0,60.79999923706055,61.63999938964844,53.83590316772461,10613900
2011-04-15,61.68000030517578,61.900001525878906,61.040000915527344,61.43999862670898,53.661224365234375,9797800
2011-04-18,61.34999847412109,61.45000076293945,59.52999877929688,60.83000183105469,53.128456115722656,13988800
2011-04-19,60.84999847412109,61.709999084472656,60.560001373291016,61.63999938964844,53.83590316772461,7253700
2011-04-20,62.369998931884766,63.11000061035156,62.06999969482422,62.09999847412109,54.23765563964844,10690700
2011-04-21,62.650001525878906,62.970001220703125,62.15999984741211,62.630001068115234,54.7005615234375,7236100
2011-04-25,62.869998931884766,62.900001525878906,60.900001525878906,61.2400016784668,53.48654556274414,9336200
2011-04-26,60.79999923706055,60.869998931884766,59.79999923706055,60.220001220703125,52.59568405151367,8200000
2011-04-27,60.619998931884766,61.77999877929688,59.5099983215332,61.61000061035156,53.80970001220703,12458900
2011-04-28,61.77999877929688,62.59000015258789,61.11000061035156,61.27999877929688,53.52147674560547,9883500
2011-04-29,61.59000015258789,62.5,61.16999816894531,62.20000076293945,54.32500457763672,10129400
2011-05-02,61.45000076293945,62.15999984741211,59.59000015258789,60.119998931884766,52.50834655761719,12053300
2011-05-03,59.83000183105469,60.04999923706055,57.56999969482422,58.220001220703125,50.848907470703125,19236200
2011-05-04,58.33000183105469,58.880001068115234,57.02999877929688,58.34000015258789,50.95370864868164,15991400
2011-05-05,57.34999847412109,58.04999923706055,55.2400016784668,56.11000061035156,49.00603866577149,23610000
2011-05-06,56.86000061035156,57.66999816894531,55.95000076293945,56.09000015258789,48.98857498168945,12707600
2011-05-09,56.81999969482422,57.310001373291016,56.290000915527344,57.209999084472656,49.96677780151367,8612300
2011-05-10,57.36000061035156,57.470001220703125,56.72999954223633,56.7599983215332,49.57373428344727,10316100
2011-05-11,56.650001525878906,56.93999862670898,54.4900016784668,54.90999984741211,47.95798110961914,15720200
2011-05-12,54.310001373291016,55.40999984741211,53.61000061035156,54.650001525878906,47.73088836669922,14713600
2011-05-13,54.68000030517578,55.33000183105469,53.369998931884766,54.209999084472656,47.34659576416016,13901400
2011-05-16,54.150001525878906,55.459999084472656,53.83000183105469,54.470001220703125,47.57368087768555,14157200
2011-05-17,54.209999084472656,55.13999938964844,53.61000061035156,55.0099983215332,48.04531097412109,14210100
2011-05-18,55.34000015258789,55.93000030517578,55.02999877929688,55.38999938964844,48.377197265625,11678200
2011-05-19,55.33000183105469,55.84999847412109,55.0,55.59999847412109,48.56060791015625,7864500
2011-05-20,55.59999847412109,56.5099983215332,54.540000915527344,55.7599983215332,48.70035934448242,19310600
2011-05-23,55.369998931884766,56.290000915527344,54.91999816894531,55.34000015258789,48.333534240722656,11369900
2011-05-24,55.869998931884766,56.88999938964844,55.83000183105469,56.61000061035156,49.44274139404297,11177000
2011-05-25,56.70000076293945,57.5,56.369998931884766,57.08000183105469,49.85322570800781,8180600
2011-05-26,57.04999923706055,57.22999954223633,56.310001373291016,57.09999847412109,49.87070083618164,7962300
2011-05-27,57.4900016784668,58.09000015258789,57.45000076293945,57.91999816894531,50.58687973022461,7031300
2011-05-31,58.459999084472656,58.5,57.41999816894531,58.150001525878906,50.78776550292969,8879000
2011-06-01,58.0099983215332,58.400001525878906,57.0,57.06999969482422,49.84449768066406,9626300
2011-06-02,57.150001525878906,57.68000030517578,55.81999969482422,56.61000061035156,49.44274139404297,9937100
2011-06-03,56.310001373291016,56.959999084472656,56.0,56.4900016784668,49.33794021606445,9447200
2011-06-06,56.2599983215332,56.79999923706055,54.619998931884766,54.81999969482422,47.87936782836914,10447800
2011-06-07,55.27999877929688,55.5,54.41999816894531,54.66999816894531,47.748348236083984,9865400
2011-06-08,54.08000183105469,54.400001525878906,52.79999923706055,53.43000030517578,46.66535186767578,13321700
2011-06-09,53.59999847412109,54.7599983215332,53.25,54.369998931884766,47.4863395690918,9639300
2011-06-10,53.75,53.91999816894531,52.900001525878906,53.400001525878906,46.6391487121582,10939500
2011-06-13,53.150001525878906,53.65999984741211,52.15999984741211,52.52000045776367,45.87057113647461,9552300
2011-06-14,52.720001220703125,53.7400016784668,52.720001220703125,53.38999938964844,46.63041687011719,7111100
2011-06-15,53.0099983215332,54.04999923706055,52.52000045776367,53.060001373291016,46.34220123291016,11589200
2011-06-16,52.900001525878906,53.04999923706055,51.09999847412109,51.77999877929688,45.224246978759766,14785800
2011-06-17,51.79999923706055,52.70000076293945,51.58000183105469,51.970001220703125,45.39019393920898,12022000
2011-06-20,51.959999084472656,52.68999862670898,51.95000076293945,52.25,45.63475036621094,8240800
2011-06-21,52.630001068115234,54.13999938964844,52.560001373291016,54.0099983215332,47.171913146972656,11127400
2011-06-22,54.08000183105469,55.400001525878906,54.02999877929688,54.65999984741211,47.73961639404297,13614500
2011-06-23,53.2599983215332,54.0099983215332,52.52999877929688,54.0099983215332,47.171913146972656,17473700
2011-06-24,53.900001525878906,53.900001525878906,52.43000030517578,52.58000183105469,45.922969818115234,9523200
2011-06-27,52.22999954223633,52.86000061035156,51.79999923706055,52.52000045776367,45.87057113647461,8743900
2011-06-28,52.83000183105469,53.45000076293945,52.310001373291016,53.15999984741211,46.42953872680664,8985900
2011-06-29,53.81999969482422,55.0,53.4900016784668,54.369998931884766,47.4863395690918,11305800
2011-06-30,54.65999984741211,54.84000015258789,54.04999923706055,54.59000015258789,47.678489685058594,9545400
2011-07-01,54.209999084472656,54.2400016784668,53.02000045776367,53.7400016784668,46.93610763549805,10228300
2011-07-05,54.93000030517578,55.7400016784668,54.54999923706055,55.41999816894531,48.40339660644531,11813200
2011-07-06,55.84000015258789,56.470001220703125,55.65999984741211,56.130001068115234,49.02351760864258,9346200
2011-07-07,56.54999923706055,56.95000076293945,56.25,56.25,49.12831878662109,10928500
2011-07-08,56.63999938964844,56.97999954223633,55.97999954223633,56.290000915527344,49.16325378417969,8155800
2011-07-11,56.470001220703125,56.810001373291016,55.310001373291016,55.619998931884766,48.57808303833008,13055100
2011-07-12,55.58000183105469,57.75,55.52000045776367,57.369998931884766,50.10652160644531,16395200
2011-07-13,58.290000915527344,59.970001220703125,58.15999984741211,59.27000045776367,51.765960693359375,20717500
2011-07-14,60.0,60.119998931884766,58.720001220703125,58.77999877929688,51.3380012512207,16631100
2011-07-15,59.09999847412109,59.72999954223633,58.93000030517578,59.720001220703125,52.158992767333984,8716600
2011-07-18,60.38999938964844,60.9900016784668,60.2400016784668,60.58000183105469,52.91010665893555,13536900
2011-07-19,60.869998931884766,60.93999862670898,59.34000015258789,59.68000030517578,52.124053955078125,12716600
2011-07-20,59.310001373291016,60.540000915527344,59.040000915527344,60.34999847412109,52.709228515625,8719100
2011-07-21,60.59000015258789,60.77999877929688,59.7400016784668,60.04999923706055,52.44721221923828,10937800
2011-07-22,60.45000076293945,61.0,60.150001525878906,60.7599983215332,53.06731796264648,6874300
2011-07-25,61.43000030517578,61.709999084472656,60.130001068115234,60.27999877929688,52.6480827331543,9478200
2011-07-26,60.2400016784668,60.56999969482422,59.84000015258789,60.290000915527344,52.65682220458984,6589300
2011-07-27,60.59999847412109,60.93999862670898,58.34999847412109,58.47999954223633,51.075984954833984,14018900
2011-07-28,58.130001068115234,58.29999923706055,57.150001525878906,58.130001068115234,50.770294189453125,12542600
2011-07-29,57.93000030517578,57.93000030517578,56.7599983215332,56.88999938964844,49.68729019165039,13971800
2011-08-01,56.9900016784668,58.22999954223633,56.75,57.36000061035156,50.097782135009766,10818000
2011-08-02,58.08000183105469,59.02999877929688,57.630001068115234,58.45000076293945,51.0497932434082,13021100
2011-08-03,59.150001525878906,59.77000045776367,58.90999984741211,59.20000076293945,51.70482635498047,12672400
2011-08-04,59.709999084472656,59.72999954223633,54.91999816894531,55.900001525878906,48.822635650634766,24418000
2011-08-05,56.20000076293945,57.15999984741211,53.77999877929688,55.41999816894531,48.40339660644531,17767700
2011-08-08,56.18999862670898,57.97999954223633,55.27000045776367,55.43999862670898,48.42086791992188,26913200
2011-08-09,56.380001068115234,57.720001220703125,54.900001525878906,57.70000076293945,50.39473342895508,23868200
2011-08-10,57.72999954223633,60.52999877929688,56.720001220703125,59.29999923706055,51.79216384887695,23957300
2011-08-11,58.959999084472656,60.34000015258789,57.790000915527344,59.84999847412109,52.27253723144531,20157100
2011-08-12,59.209999084472656,59.4900016784668,58.22999954223633,59.220001220703125,51.722293853759766,13455500
2011-08-15,59.06999969482422,61.0,58.59999847412109,60.900001525878906,53.18959426879883,11934000
2011-08-16,60.869998931884766,61.220001220703125,60.0,60.27999877929688,52.6480827331543,11112800
2011-08-17,60.34000015258789,61.560001373291016,60.27999877929688,60.7400016784668,53.04985809326172,8825900
2011-08-18,61.040000915527344,61.130001068115234,59.290000915527344,59.7599983215332,52.19392013549805,11366200
2011-08-19,60.63999938964844,61.7599983215332,60.459999084472656,61.2599983215332,53.5040168762207,15347500
2011-08-22,62.130001068115234,64.05000305175781,61.84999847412109,63.70000076293945,55.63508605957031,21888700
2011-08-23,62.52999877929688,63.060001373291016,60.63999938964844,61.4900016784668,53.70489501953125,22696900
2011-08-24,60.93000030517578,61.220001220703125,58.790000915527344,59.959999084472656,52.368595123291016,18463200
2011-08-25,59.02000045776367,61.45000076293945,58.56999969482422,61.06999969482422,53.33806610107422,15036200
2011-08-26,61.16999816894531,62.56999969482422,59.58000183105469,62.47999954223633,54.56954956054688,12205600
2011-08-29,62.72999954223633,62.84000015258789,61.13999938964844,61.95000076293945,54.10665893554688,12107900
2011-08-30,62.70000076293945,63.290000915527344,62.08000183105469,63.0,55.023712158203125,11241500
2011-08-31,63.02000045776367,63.45000076293945,61.90999984741211,62.79999923706055,54.84903335571289,11582100
2011-09-01,62.88999938964844,63.900001525878906,62.31999969482422,63.380001068115234,55.35560989379883,12892500
2011-09-02,64.33000183105469,65.33999633789062,64.23999786376953,64.91000366210938,56.69189453125,18725800
2011-09-06,65.2699966430664,66.68000030517578,64.37999725341797,65.33999633789062,57.06744766235352,23412000
2011-09-07,63.75,65.45999908447266,63.09999847412109,65.43000030517578,57.14605712890625,15155100
2011-09-08,66.63999938964844,66.94000244140625,66.0,66.62999725341797,58.194114685058594,16666600
2011-09-09,65.98999786376953,66.9800033569336,65.30999755859375,65.80000305175781,57.469215393066406,14665800
2011-09-12,64.75,65.5999984741211,62.34000015258789,63.900001525878906,55.80977249145508,18843400
2011-09-13,63.9900016784668,64.75,62.880001068115234,64.38999938964844,56.23773193359375,10438400
2011-09-14,64.2699966430664,64.30999755859375,63.0,63.16999816894531,55.17219543457031,11954300
2011-09-15,62.650001525878906,62.900001525878906,61.34999847412109,62.79999923706055,54.84903335571289,14250700
2011-09-16,63.0099983215332,64.20999908447266,62.86000061035156,64.11000061035156,55.99318313598633,12489200
2011-09-19,64.06999969482422,64.76000213623047,63.220001220703125,63.47999954223633,55.44293975830078,12326100
2011-09-20,63.54999923706055,66.38999938964844,63.209999084472656,65.62999725341797,57.320743560791016,15775600
2011-09-21,65.44999694824219,66.9000015258789,64.27999877929688,64.27999877929688,56.14165496826172,16292300
2011-09-22,61.06999969482422,61.22999954223633,58.650001525878906,59.29999923706055,51.79216384887695,27372500
2011-09-23,57.52000045776367,57.84000015258789,54.93999862670898,56.40999984741211,49.268062591552734,30082300
2011-09-26,55.7599983215332,57.54999923706055,54.97999954223633,57.34000015258789,50.08031845092773,23422700
2011-09-27,59.459999084472656,59.70000076293945,56.7599983215332,57.06999969482422,49.84449768066406,26567200
2011-09-28,57.27000045776367,57.90999984741211,54.4900016784668,54.540000915527344,47.63481140136719,16821800
2011-09-29,55.540000915527344,55.880001068115234,54.09000015258789,55.02999877929688,48.062774658203125,17720900
2011-09-30,54.40999984741211,56.58000183105469,54.25,55.18999862670898,48.2025260925293,15197400
2011-10-03,56.22999954223633,56.720001220703125,54.40999984741211,54.45000076293945,47.55620956420898,16264400
2011-10-04,53.75,53.75,50.41999816894531,52.5,45.85309982299805,29700000
2011-10-05,52.61000061035156,55.02000045776367,52.18000030517578,54.88999938964844,47.94050216674805,20112000
2011-10-06,54.9900016784668,56.27999877929688,54.130001068115234,56.27000045776367,49.145782470703125,17540800
2011-10-07,56.650001525878906,56.84999847412109,54.22999954223633,54.880001068115234,47.9317741394043,14417500
2011-10-10,56.290000915527344,56.84000015258789,55.68000030517578,56.84000015258789,49.64361572265625,11984300
2011-10-11,56.29999923706055,57.09999847412109,55.72999954223633,56.90999984741211,49.70475769042969,11868600
2011-10-12,57.540000915527344,57.84999847412109,56.84999847412109,57.38999938964844,50.123985290527344,11025600
2011-10-13,56.86000061035156,57.0,55.650001525878906,56.27999877929688,49.15451431274414,11561200
2011-10-14,56.880001068115234,58.0,56.72999954223633,57.959999084472656,50.62181854248047,8425200
2011-10-17,57.86000061035156,57.97999954223633,56.41999816894531,56.59000015258789,49.42526626586914,8866200
2011-10-18,55.77999877929688,57.15999984741211,54.27999877929688,56.970001220703125,49.75716018676758,14667100
2011-10-19,56.5099983215332,56.52999877929688,53.43000030517578,53.54999923706055,46.77015686035156,17339800
2011-10-20,53.0099983215332,53.77000045776367,52.02999877929688,53.130001068115234,46.40332794189453,16157100
2011-10-21,54.18000030517578,54.560001373291016,53.43999862670898,53.97999954223633,47.14571762084961,9628300
2011-10-24,54.400001525878906,56.220001220703125,54.38999938964844,56.02999877929688,48.93616485595703,12321400
2011-10-25,56.18000030517578,58.220001220703125,54.93999862670898,57.45000076293945,50.176395416259766,20170000
2011-10-26,58.13999938964844,58.63999938964844,56.68999862670898,57.970001220703125,50.630558013916016,14249400
2011-10-27,58.810001373291016,59.63999938964844,58.13999938964844,59.11000061035156,51.626220703125,16160500
2011-10-28,58.790000915527344,60.810001373291016,58.54999923706055,60.47999954223633,52.8227653503418,11921100
2011-10-31,59.75,59.77000045776367,58.720001220703125,58.83000183105469,51.38166809082031,10746500
2011-11-01,56.630001068115234,59.369998931884766,56.02999877929688,58.5099983215332,51.1021842956543,14572300
2011-11-02,59.5,60.75,58.95000076293945,59.959999084472656,52.368595123291016,11390400
2011-11-03,61.11000061035156,61.83000183105469,59.9900016784668,61.83000183105469,54.00184631347656,11762100
2011-11-04,61.11000061035156,61.470001220703125,59.93000030517578,61.29999923706055,53.538944244384766,7508000
2011-11-07,61.86000061035156,63.31999969482422,61.84999847412109,63.29999923706055,55.28573989868164,11832200
2011-11-08,63.04999923706055,63.70000076293945,62.5,62.5,54.58702087402344,11886800
2011-11-09,61.77999877929688,63.04999923706055,60.66999816894531,60.68999862670898,53.00618362426758,15054500
2011-11-10,61.0,61.209999084472656,59.27000045776367,60.16999816894531,52.552005767822266,14523500
2011-11-11,60.7400016784668,62.56999969482422,60.7400016784668,62.310001373291016,54.42107391357422,7928100
2011-11-14,62.04999923706055,62.38999938964844,60.83000183105469,61.16999816894531,53.4254035949707,7790100
2011-11-15,61.09999847412109,61.63999938964844,60.41999816894531,61.33000183105469,53.56515121459961,7028900
2011-11-16,60.54999923706055,61.54999923706055,60.209999084472656,60.310001373291016,52.67428970336914,7930400
2011-11-17,59.630001068115234,59.84999847412109,57.630001068115234,57.869998931884766,50.543212890625,18674200
2011-11-18,58.11000061035156,58.54999923706055,56.77000045776367,57.060001373291016,49.83576583862305,12504500
2011-11-21,56.130001068115234,56.209999084472656,54.91999816894531,56.20000076293945,49.08464813232422,14780200
2011-11-22,56.70000076293945,57.619998931884766,56.2400016784668,57.040000915527344,49.81829833984375,12750700
2011-11-23,56.290000915527344,56.4900016784668,55.11000061035156,55.4900016784668,48.464542388916016,15222200
2011-11-25,54.970001220703125,55.84000015258789,54.77000045776367,54.790000915527344,47.85316467285156,5170700
2011-11-28,56.470001220703125,56.93000030517578,55.79999923706055,56.20000076293945,49.08464813232422,9859400
2011-11-29,56.220001220703125,57.11000061035156,56.02999877929688,56.459999084472656,49.31173706054688,7563000
2011-11-30,58.70000076293945,60.5,58.560001373291016,60.40999984741211,52.76163101196289,17914300
2011-12-01,60.31999969482422,61.0099983215332,59.59999847412109,60.29999923706055,52.66556167602539,11337300
2011-12-02,60.720001220703125,60.869998931884766,58.06999969482422,58.25,50.87510299682617,15115100
2011-12-05,58.220001220703125,59.47999954223633,57.5099983215332,57.86000061035156,50.53447341918945,10462500
2011-12-06,57.4900016784668,59.470001220703125,57.09999847412109,59.02000045776367,51.5476188659668,13805500
2011-12-07,59.06999969482422,59.290000915527344,58.27000045776367,58.959999084472656,51.495208740234375,11633100
2011-12-08,58.119998931884766,58.25,56.970001220703125,57.2599983215332,50.01044464111328,15134300
2011-12-09,57.43000030517578,58.060001373291016,57.08000183105469,57.83000183105469,50.508277893066406,8459300
2011-12-12,56.310001373291016,56.33000183105469,55.20000076293945,55.79999923706055,48.73528289794922,13465800
2011-12-13,55.959999084472656,56.66999816894531,53.720001220703125,54.040000915527344,47.19811630249024,17873300
2011-12-14,52.91999816894531,53.220001220703125,51.52999877929688,52.380001068115234,45.748291015625,30181400
2011-12-15,53.0099983215332,53.13999938964844,51.56999969482422,51.68000030517578,45.13691711425781,20605600
2011-12-16,52.5,53.18000030517578,52.040000915527344,52.68000030517578,46.01031112670898,16285400
2011-12-19,52.4900016784668,52.54999923706055,51.02999877929688,51.16999816894531,44.69148635864258,15120200
2011-12-20,52.380001068115234,53.25,52.369998931884766,52.9900016784668,46.28105926513672,11644900
2011-12-21,53.150001525878906,53.43000030517578,52.41999816894531,52.959999084472656,46.25484848022461,8724300
2011-12-22,52.560001373291016,52.619998931884766,51.77000045776367,52.400001525878906,45.765769958496094,13179600
2011-12-23,52.59000015258789,52.790000915527344,52.34999847412109,52.790000915527344,46.23874282836914,4729000
2011-12-27,52.369998931884766,52.52000045776367,51.68000030517578,51.869998931884766,45.43291473388672,4786400
2011-12-28,51.77000045776367,51.869998931884766,50.0099983215332,50.060001373291016,43.8475341796875,14170400
2011-12-29,49.52000045776367,51.20000076293945,49.220001220703125,51.20000076293945,44.84606170654297,12196600
2011-12-30,51.619998931884766,52.08000183105469,51.09000015258789,51.43000030517578,45.04751586914063,10001400
2012-01-03,52.790000915527344,54.02000045776367,52.7599983215332,53.79999923706055,47.1234016418457,13011400
2012-01-04,53.61000061035156,54.540000915527344,53.34000015258789,53.7400016784668,47.07085037231445,8184000
2012-01-05,53.2599983215332,54.27000045776367,52.7599983215332,53.900001525878906,47.21099090576172,7415800
2012-01-06,54.130001068115234,54.290000915527344,53.220001220703125,53.34999847412109,46.72924041748047,7757700
2012-01-09,53.54999923706055,53.95000076293945,53.18000030517578,53.650001525878906,46.99201583862305,5513900
2012-01-10,54.79999923706055,55.06999969482422,54.38999938964844,54.470001220703125,47.71025466918945,6615000
2012-01-11,54.459999084472656,54.5099983215332,53.66999816894531,54.310001373291016,47.57011032104492,6838500
2012-01-12,54.84000015258789,55.45000076293945,54.310001373291016,54.720001220703125,47.92922592163086,8358700
2012-01-13,54.040000915527344,54.16999816894531,53.22999954223633,54.04999923706055,47.342376708984375,7322500
2012-01-17,54.540000915527344,54.540000915527344,52.86000061035156,53.18000030517578,46.58034896850586,8412800
2012-01-18,53.06999969482422,53.58000183105469,52.95000076293945,53.2400016784668,46.63290023803711,7007800
2012-01-19,53.16999816894531,53.41999816894531,51.58000183105469,52.150001525878906,45.67816925048828,12918900
2012-01-20,52.06999969482422,52.77999877929688,51.75,52.18000030517578,45.70444107055664,8845400
2012-01-23,52.41999816894531,53.27000045776367,52.41999816894531,53.0099983215332,46.43144226074219,12818900
2012-01-24,52.5099983215332,52.58000183105469,51.709999084472656,51.81999969482422,45.38912582397461,12761700
2012-01-25,51.58000183105469,55.40999984741211,51.27000045776367,55.22999954223633,48.375938415527344,26995600
2012-01-26,56.060001373291016,56.77999877929688,55.5099983215332,55.7599983215332,48.84016799926758,20174200
2012-01-27,55.79999923706055,57.369998931884766,55.720001220703125,57.13999938964844,50.04890060424805,14823200
2012-01-30,56.400001525878906,56.90999984741211,55.79999923706055,56.459999084472656,49.45330047607422,8660600
2012-01-31,57.52000045776367,57.709999084472656,55.75,56.459999084472656,49.45330047607422,14442300
2012-02-01,57.040000915527344,57.150001525878906,56.369998931884766,56.560001373291016,49.5408821105957,8178400
2012-02-02,57.09000015258789,57.93999862670898,56.68999862670898,57.470001220703125,50.33795166015625,10696000
2012-02-03,56.77000045776367,56.93999862670898,55.95000076293945,56.43999862670898,49.43577194213867,16557400
2012-02-06,56.02000045776367,56.79999923706055,55.86000061035156,56.18000030517578,49.20804214477539,9668400
2012-02-07,56.09000015258789,56.650001525878906,55.290000915527344,55.880001068115234,48.94527053833008,13118400
2012-02-08,56.13999938964844,56.52999877929688,55.369998931884766,55.540000915527344,48.6474609375,8798100
2012-02-09,56.20000076293945,56.43000030517578,55.25,55.25,48.39345550537109,8596700
2012-02-10,54.540000915527344,54.84000015258789,54.08000183105469,54.4900016784668,47.72777557373047,9900900
2012-02-13,54.7599983215332,54.91999816894531,54.130001068115234,54.29999923706055,47.56135177612305,6050800
2012-02-14,54.29999923706055,54.54999923706055,53.18999862670898,53.77000045776367,47.097129821777344,10699100
2012-02-15,54.43000030517578,54.459999084472656,53.52000045776367,53.560001373291016,46.91318893432617,10014200
2012-02-16,52.93999862670898,55.150001525878906,52.68999862670898,54.95000076293945,48.13067626953125,15885900
2012-02-17,55.29999923706055,55.34999847412109,54.040000915527344,54.150001525878906,47.429962158203125,9653200
2012-02-21,55.0099983215332,55.84999847412109,54.70000076293945,55.81999969482422,48.892723083496094,11722700
2012-02-22,55.58000183105469,57.0,55.310001373291016,56.83000183105469,49.777374267578125,13146400
2012-02-23,57.040000915527344,57.709999084472656,56.77000045776367,57.2599983215332,50.15400695800781,14465100
2012-02-24,57.150001525878906,57.290000915527344,56.18000030517578,56.459999084472656,49.45330047607422,9122200
2012-02-27,56.27000045776367,56.63999938964844,55.72999954223633,56.060001373291016,49.10293197631836,8395400
2012-02-28,56.54999923706055,57.43999862670898,56.20000076293945,57.33000183105469,50.21532440185547,15019900
2012-02-29,57.5099983215332,57.90999984741211,54.869998931884766,55.400001525878906,48.52484130859375,34053800
2012-03-01,55.540000915527344,56.380001068115234,55.209999084472656,55.88999938964844,48.95403289794922,15032900
2012-03-02,55.38999938964844,55.52999877929688,54.5099983215332,54.790000915527344,47.99054336547852,12757700
2012-03-05,54.34000015258789,54.43999862670898,53.220001220703125,53.619998931884766,46.96573257446289,13539600
2012-03-06,52.54999923706055,52.58000183105469,51.63999938964844,52.470001220703125,45.958457946777344,20943600
2012-03-07,52.58000183105469,52.91999816894531,51.93000030517578,52.66999816894531,46.133636474609375,11751800
2012-03-08,53.22999954223633,53.709999084472656,52.470001220703125,53.31999969482422,46.70296478271485,9950500
2012-03-09,52.95000076293945,53.93999862670898,52.63999938964844,53.2400016784668,46.63290023803711,8384800
2012-03-12,52.95000076293945,53.2400016784668,52.220001220703125,52.369998931884766,45.8708610534668,8761400
2012-03-13,52.209999084472656,52.86000061035156,51.790000915527344,52.11000061035156,45.64312362670898,13602500
2012-03-14,51.34999847412109,51.34999847412109,49.68000030517578,50.119998931884766,43.90008544921875,24309200
2012-03-15,50.22999954223633,50.93999862670898,49.91999816894531,50.13999938964844,43.917606353759766,11196700
2012-03-16,49.95000076293945,50.310001373291016,49.79999923706055,49.93000030517578,43.73366928100586,11395500
2012-03-19,50.06999969482422,50.52000045776367,49.59000015258789,49.59999847412109,43.44462203979492,11432600
2012-03-20,48.9900016784668,49.9900016784668,48.41999816894531,49.86000061035156,43.672359466552734,15287200
2012-03-21,50.27000045776367,50.5,49.720001220703125,49.7599983215332,43.58477020263672,14024800
2012-03-22,48.7599983215332,49.130001068115234,48.45000076293945,48.75,42.700103759765625,11460500
2012-03-23,49.08000183105469,50.060001373291016,48.83000183105469,49.7599983215332,43.58477020263672,14594200
2012-03-26,50.810001373291016,50.95000076293945,50.20000076293945,50.630001068115234,44.34679412841797,12638700
2012-03-27,50.84000015258789,50.86000061035156,49.79999923706055,49.90999984741211,43.71614456176758,10166200
2012-03-28,49.650001525878906,49.75,48.630001068115234,48.93000030517578,42.85776901245117,14557900
2012-03-29,48.7599983215332,49.09000015258789,48.04999923706055,49.060001373291016,42.97164535522461,12259600
2012-03-30,49.619998931884766,49.630001068115234,48.810001373291016,49.540000915527344,43.39207458496094,9890400
2012-04-02,49.540000915527344,50.7599983215332,49.41999816894531,50.38999938964844,44.13657760620117,13114500
2012-04-03,50.470001220703125,50.470001220703125,48.34999847412109,48.75,42.700103759765625,17390400
2012-04-04,47.72999954223633,47.77000045776367,46.0099983215332,46.709999084472656,40.91326904296875,27237700
2012-04-05,46.95000076293945,47.08000183105469,46.0,46.20000076293945,40.466556549072266,11559200
2012-04-09,46.59000015258789,47.130001068115234,46.38999938964844,46.47999954223633,40.71181869506836,9302200
2012-04-10,46.43999862670898,47.18999862670898,45.97999954223633,47.040000915527344,41.20232391357422,18461300
2012-04-11,47.15999984741211,47.22999954223633,46.36000061035156,46.4900016784668,40.72057723999024,10167900
2012-04-12,46.459999084472656,48.33000183105469,46.45000076293945,48.150001525878906,42.174564361572266,14841700
2012-04-13,47.91999816894531,48.060001373291016,47.25,47.5,41.60523223876953,12925100
2012-04-16,47.34000015258789,47.7400016784668,46.38999938964844,46.63999938964844,40.851959228515625,12576000
2012-04-17,46.81999969482422,47.709999084472656,46.47999954223633,47.11000061035156,41.26362609863281,10549000
2012-04-18,46.650001525878906,47.2599983215332,46.400001525878906,46.630001068115234,40.84320068359375,10432800
2012-04-19,46.95000076293945,47.27000045776367,46.43999862670898,46.61000061035156,40.82568359375,10358700
2012-04-20,46.72999954223633,47.060001373291016,46.09999847412109,46.119998931884766,40.39649200439453,10535400
2012-04-23,45.40999984741211,45.45000076293945,44.18000030517578,45.040000915527344,39.45051574707031,19325900
2012-04-24,45.34999847412109,45.470001220703125,44.790000915527344,45.13999938964844,39.5381088256836,10375100
2012-04-25,45.470001220703125,46.38999938964844,45.09999847412109,46.290000915527344,40.5453987121582,21177600
2012-04-26,46.31999969482422,46.45000076293945,45.869998931884766,46.25,40.51036071777344,12882600
2012-04-27,46.86000061035156,47.11000061035156,46.5099983215332,46.79999923706055,40.99209976196289,9498400
2012-04-30,46.369998931884766,46.56999969482422,45.709999084472656,46.38999938964844,40.63298416137695,9197900
2012-05-01,46.40999984741211,46.900001525878906,46.119998931884766,46.43999862670898,40.6767807006836,8883700
2012-05-02,46.06999969482422,46.09999847412109,45.29999923706055,45.65999984741211,39.99357986450195,10172800
2012-05-03,45.040000915527344,45.150001525878906,43.400001525878906,43.880001068115234,38.43447494506836,19120600
2012-05-04,43.81999969482422,44.7400016784668,43.790000915527344,44.04999923706055,38.5833740234375,14631400
2012-05-07,44.09000015258789,44.38999938964844,43.09000015258789,43.66999816894531,38.25053787231445,13775000
2012-05-08,42.7400016784668,42.84999847412109,41.72999954223633,42.16999816894531,36.93668365478516,23654800
2012-05-09,41.38999938964844,43.630001068115234,41.09999847412109,43.02000045776367,37.68119812011719,28890800
2012-05-10,43.54999923706055,43.88999938964844,42.68000030517578,43.09000015258789,37.74251937866211,18881400
2012-05-11,42.58000183105469,43.29999923706055,42.33000183105469,42.41999816894531,37.15565872192383,12632900
2012-05-14,41.56999969482422,42.2599983215332,40.95000076293945,40.970001220703125,35.8856086730957,21789800
2012-05-15,40.970001220703125,41.34000015258789,39.25,39.34000015258789,34.45789337158203,24527000
2012-05-16,39.45000076293945,40.65999984741211,39.08000183105469,39.560001373291016,34.65059280395508,28720000
2012-05-17,40.18000030517578,41.970001220703125,40.119998931884766,41.34000015258789,36.20968627929688,30740700
2012-05-18,42.18999862670898,42.810001373291016,41.43999862670898,41.619998931884766,36.45494079589844,21909600
2012-05-21,41.63999938964844,43.119998931884766,41.630001068115234,43.0099983215332,37.67243576049805,13536300
2012-05-22,42.959999084472656,43.7599983215332,42.20000076293945,42.540000915527344,37.2607650756836,20767800
2012-05-23,42.119998931884766,44.43999862670898,41.29999923706055,44.43999862670898,38.92498016357422,31400000
2012-05-24,44.75,45.27999877929688,43.70000076293945,44.630001068115234,39.09139633178711,21742500
2012-05-25,44.7400016784668,45.150001525878906,44.38999938964844,44.90999984741211,39.33665084838867,12572600
2012-05-29,45.41999816894531,45.47999954223633,43.68000030517578,44.09000015258789,38.61841583251953,16699100
2012-05-30,43.43000030517578,44.83000183105469,42.720001220703125,44.2400016784668,38.74980545043945,20220700
2012-05-31,44.31999969482422,44.84999847412109,43.13999938964844,43.77999877929688,38.34688568115234,15763700
2012-06-01,44.83000183105469,46.869998931884766,44.77999877929688,46.58000183105469,40.79940032958984,35430300
2012-06-04,46.91999816894531,47.34999847412109,45.86000061035156,47.33000183105469,41.45632553100586,20460800
2012-06-05,47.09999847412109,47.59999847412109,46.84999847412109,47.52999877929688,41.63151168823242,14154900
2012-06-06,48.380001068115234,48.720001220703125,46.90999984741211,47.619998931884766,41.71033477783203,24414600
2012-06-07,47.70000076293945,47.75,45.43000030517578,45.9900016784668,40.282623291015625,28584100
2012-06-08,45.36000061035156,46.63999938964844,45.06999969482422,46.33000183105469,40.58042907714844,14443000
2012-06-11,46.65999984741211,46.709999084472656,45.52999877929688,45.65999984741211,39.99357986450195,13785700
2012-06-12,46.119998931884766,46.93999862670898,46.0099983215332,46.7599983215332,40.95706558227539,13719300
2012-06-13,47.130001068115234,47.47999954223633,46.619998931884766,46.790000915527344,40.98334503173828,13250500
2012-06-14,47.13999938964844,47.16999816894531,46.20000076293945,46.93000030517578,41.10597229003906,15090600
2012-06-15,47.09000015258789,47.119998931884766,46.560001373291016,46.91999816894531,41.097206115722656,12873200
2012-06-18,46.33000183105469,47.91999816894531,46.150001525878906,47.72999954223633,41.80668640136719,13099100
2012-06-19,47.77999877929688,47.88999938964844,47.220001220703125,47.68000030517578,41.76289367675781,10395000
2012-06-20,47.09999847412109,48.34999847412109,46.5,47.27000045776367,41.403770446777344,21410300
2012-06-21,46.27000045776367,46.380001068115234,44.79999923706055,44.81999969482422,39.25781631469727,17763000
2012-06-22,44.7400016784668,45.34999847412109,44.02999877929688,44.58000183105469,39.04760360717773,13971400
2012-06-25,44.119998931884766,45.45000076293945,43.869998931884766,45.15999984741211,39.55562973022461,11187900
2012-06-26,44.7599983215332,45.22999954223633,43.900001525878906,44.45000076293945,38.93374252319336,10339500
2012-06-27,44.70000076293945,44.79999923706055,43.68000030517578,44.27999877929688,38.78483200073242,9853800
2012-06-28,43.720001220703125,44.0,42.59999847412109,43.310001373291016,37.93521499633789,15493700
2012-06-29,44.9900016784668,45.08000183105469,44.13999938964844,44.77000045776367,39.21403121948242,12481800
2012-07-02,44.45000076293945,45.040000915527344,44.380001068115234,44.7599983215332,39.205265045166016,6302200
2012-07-03,45.47999954223633,46.56999969482422,45.459999084472656,46.45000076293945,40.68553924560547,11298800
2012-07-05,46.0,46.41999816894531,45.68000030517578,45.77000045776367,40.08992767333984,8584600
2012-07-06,45.0099983215332,45.40999984741211,44.25,44.43000030517578,38.91622161865234,12260200
2012-07-09,44.310001373291016,44.5099983215332,43.79999923706055,44.25,38.75856018066406,8547200
2012-07-10,44.66999816894531,44.84000015258789,42.650001525878906,42.869998931884766,37.54981994628906,14906800
2012-07-11,42.540000915527344,42.54999923706055,41.4900016784668,41.970001220703125,36.761505126953125,16633700
2012-07-12,41.20000076293945,42.060001373291016,40.459999084472656,41.709999084472656,36.53377532958984,24067000
2012-07-13,42.060001373291016,42.5099983215332,41.75,42.310001373291016,37.0593147277832,13690600
2012-07-16,42.369998931884766,42.43000030517578,41.900001525878906,42.15999984741211,36.92793273925781,7989500
2012-07-17,42.11000061035156,42.18999862670898,41.0,41.70000076293945,36.525020599365234,12185200
2012-07-18,41.290000915527344,41.58000183105469,41.0,41.119998931884766,36.01698684692383,8492600
2012-07-19,41.54999923706055,41.880001068115234,41.36000061035156,41.59000015258789,36.42866516113281,7725100
2012-07-20,41.34999847412109,41.869998931884766,41.310001373291016,41.720001220703125,36.54253005981445,8173800
2012-07-23,40.9900016784668,41.060001373291016,40.5099983215332,40.70000076293945,35.649112701416016,10124000
2012-07-24,41.04999923706055,41.16999816894531,40.400001525878906,40.720001220703125,35.6666374206543,8483400
2012-07-25,41.54999923706055,42.630001068115234,41.150001525878906,41.959999084472656,36.75275039672852,14456000
2012-07-26,42.08000183105469,42.959999084472656,41.810001373291016,42.83000183105469,37.51478576660156,13397600
2012-07-27,43.02999877929688,43.290000915527344,42.400001525878906,43.130001068115234,37.77755355834961,12202100
2012-07-30,43.0099983215332,43.77000045776367,42.90999984741211,43.720001220703125,38.29433441162109,7071700
2012-07-31,43.7400016784668,43.97999954223633,42.77999877929688,42.83000183105469,37.51478576660156,9413800
2012-08-01,42.59000015258789,43.04999923706055,41.09000015258789,42.25,37.00675582885742,30714900
2012-08-02,41.9900016784668,42.88999938964844,41.650001525878906,42.040000915527344,36.82281494140625,11901900
2012-08-03,42.54999923706055,43.0099983215332,42.33000183105469,42.86000061035156,37.54105758666992,14580100
2012-08-06,42.93000030517578,44.15999984741211,42.84000015258789,43.72999954223633,38.30309295654297,12916100
2012-08-07,44.040000915527344,44.25,43.77000045776367,44.22999954223633,38.74103927612305,8880400
2012-08-08,44.06999969482422,44.88999938964844,43.91999816894531,43.9900016784668,38.53082275390625,10652200
2012-08-09,44.0,44.72999954223633,43.72999954223633,44.560001373291016,39.03009033203125,8443400
2012-08-10,44.47999954223633,44.900001525878906,44.34999847412109,44.84999847412109,39.28409194946289,5845300
2012-08-13,45.0,45.34000015258789,44.06999969482422,44.2400016784668,38.74980545043945,8020400
2012-08-14,44.06999969482422,44.540000915527344,43.86000061035156,43.93000030517578,38.47826766967773,6268600
2012-08-15,44.0099983215332,44.18999862670898,43.70000076293945,44.150001525878906,38.67097091674805,4683000
2012-08-16,44.38999938964844,45.66999816894531,44.2599983215332,45.650001525878906,39.98482131958008,14382600
2012-08-17,45.75,45.900001525878906,45.060001373291016,45.34000015258789,39.71329116821289,7456000
2012-08-20,45.31999969482422,45.77000045776367,44.84999847412109,45.619998931884766,39.95853805541992,6397600
2012-08-21,46.36000061035156,47.22999954223633,46.08000183105469,46.380001068115234,40.62422943115234,16393800
2012-08-22,46.45000076293945,47.5,45.95000076293945,47.5,41.60523223876953,15922200
2012-08-23,47.959999084472656,48.150001525878906,47.34999847412109,47.41999816894531,41.53516387939453,14891700
2012-08-24,47.34000015258789,47.77999877929688,47.060001373291016,47.56999969482422,41.66654586791992,7617800
2012-08-27,47.59000015258789,47.66999816894531,46.790000915527344,46.900001525878906,41.07969284057617,8282900
2012-08-28,47.06999969482422,47.38999938964844,46.79999923706055,46.84999847412109,41.03590393066406,7093000
2012-08-29,46.959999084472656,47.0099983215332,46.2599983215332,46.38999938964844,40.63298416137695,8076100
2012-08-30,46.41999816894531,46.59000015258789,45.84999847412109,46.02000045776367,40.30890655517578,8065700
2012-08-31,46.43000030517578,48.060001373291016,45.959999084472656,47.93999862670898,41.99062347412109,26221700
2012-09-04,48.06999969482422,48.13999938964844,47.31999969482422,47.77000045776367,41.84172821044922,10668700
2012-09-05,47.72999954223633,47.97999954223633,47.290000915527344,47.93000030517578,41.98187255859375,6741300
2012-09-06,48.459999084472656,49.15999984741211,48.20000076293945,49.130001068115234,43.03295135498047,15134600
2012-09-07,50.2599983215332,50.72999954223633,50.08000183105469,50.459999084472656,44.19789505004883,18402500
2012-09-10,50.29999923706055,50.41999816894531,49.400001525878906,49.47999954223633,43.33951950073242,11893500
2012-09-11,49.93000030517578,50.34999847412109,49.58000183105469,49.810001373291016,43.62855529785156,9796700
2012-09-12,50.18999862670898,50.2400016784668,48.709999084472656,50.0099983215332,43.803741455078125,18235400
2012-09-13,49.88999938964844,52.52999877929688,49.2400016784668,52.52000045776367,46.002254486083984,32409600
2012-09-14,53.02999877929688,54.08000183105469,53.0,53.86000061035156,47.17596054077149,27035600
2012-09-17,54.02000045776367,54.20000076293945,53.130001068115234,53.88999938964844,47.20223617553711,12992700
2012-09-18,53.790000915527344,54.31999969482422,53.369998931884766,54.31999969482422,47.57886505126953,16323500
2012-09-19,54.5099983215332,54.95000076293945,53.900001525878906,54.790000915527344,47.99054336547852,15389300
2012-09-20,54.130001068115234,54.40999984741211,53.66999816894531,54.36000061035156,47.6139030456543,11582300
2012-09-21,55.11000061035156,55.25,54.310001373291016,54.810001373291016,48.008060455322266,13869600
2012-09-24,54.060001373291016,54.22999954223633,52.93000030517578,52.959999084472656,46.38764190673828,16072900
2012-09-25,53.709999084472656,53.959999084472656,52.15999984741211,52.16999816894531,45.6956787109375,17410200
2012-09-26,51.54999923706055,52.77999877929688,50.900001525878906,52.400001525878906,45.89714431762695,18635900
2012-09-27,53.09000015258789,53.9900016784668,52.59999847412109,53.88999938964844,47.20223617553711,17141300
2012-09-28,53.68999862670898,54.119998931884766,53.209999084472656,53.68999862670898,47.02705764770508,10909100
2012-10-01,54.209999084472656,54.61000061035156,53.70000076293945,53.93000030517578,47.237266540527344,10912600
2012-10-02,54.040000915527344,54.20000076293945,53.25,53.59000015258789,46.93945693969727,10223300
2012-10-03,53.68000030517578,53.68000030517578,52.619998931884766,52.720001220703125,46.177433013916016,11934900
2012-10-04,53.4900016784668,54.25,53.290000915527344,54.25,47.51755905151367,14103200
2012-10-05,53.9900016784668,54.63999938964844,53.41999816894531,53.650001525878906,46.99201583862305,12997100
2012-10-08,53.16999816894531,53.540000915527344,52.88999938964844,53.22999954223633,46.624141693115234,7563400
2012-10-09,53.43000030517578,53.65999984741211,52.04999923706055,52.08000183105469,45.61685562133789,13256500
2012-10-10,51.970001220703125,53.0,51.77999877929688,52.47999954223633,45.96721649169922,11006200
2012-10-11,52.81999969482422,53.130001068115234,52.459999084472656,52.4900016784668,45.97596740722656,7463700
2012-10-12,52.59000015258789,52.720001220703125,51.540000915527344,51.65999984741211,45.24897003173828,10958100
2012-10-15,51.27000045776367,51.68000030517578,50.810001373291016,51.63999938964844,45.2314567565918,10377700
2012-10-16,51.959999084472656,52.66999816894531,51.959999084472656,52.66999816894531,46.133636474609375,11357500
2012-10-17,52.7599983215332,53.400001525878906,52.220001220703125,53.11000061035156,46.51902770996094,10937100
2012-10-18,52.560001373291016,52.72999954223633,51.52000045776367,51.52000045776367,45.12635040283203,14783900
2012-10-19,51.34999847412109,52.0,50.7599983215332,51.72999954223633,45.31028747558594,19920000
2012-10-22,51.619998931884766,52.47999954223633,51.560001373291016,52.43000030517578,45.92341613769531,10197500
2012-10-23,51.22999954223633,51.47999954223633,50.91999816894531,50.959999084472656,44.63584518432617,14897400
2012-10-24,51.34999847412109,51.5,49.97999954223633,50.060001373291016,43.8475341796875,15897400
2012-10-25,51.290000915527344,51.72999954223633,51.02000045776367,51.59000015258789,45.18766784667969,17175500
2012-10-26,51.709999084472656,51.880001068115234,51.0,51.2400016784668,44.881103515625,8553500
2012-10-31,51.880001068115234,52.970001220703125,51.86000061035156,52.900001525878906,46.335086822509766,17965000
2012-11-01,52.459999084472656,52.540000915527344,52.0,52.0099983215332,45.555545806884766,10229600
2012-11-02,51.31999969482422,51.400001525878906,49.7400016784668,49.7599983215332,43.58477020263672,20450400
2012-11-05,50.040000915527344,50.25,49.38999938964844,49.38999938964844,43.26067733764648,10855400
2012-11-06,50.02000045776367,50.4900016784668,49.38999938964844,50.34000015258789,44.09278869628906,18612700
2012-11-07,50.709999084472656,51.119998931884766,49.63999938964844,51.06999969482422,44.732200622558594,15286700
2012-11-08,50.77000045776367,51.81999969482422,50.20000076293945,51.40999984741211,45.02999877929688,15624700
2012-11-09,51.470001220703125,51.619998931884766,50.65999984741211,50.66999816894531,44.381832122802734,10771000
2012-11-12,50.70000076293945,50.93999862670898,49.97999954223633,50.040000915527344,43.830020904541016,7668700
2012-11-13,49.459999084472656,50.130001068115234,49.25,49.47999954223633,43.33951950073242,10448100
2012-11-14,49.41999816894531,49.45000076293945,47.15999984741211,47.220001220703125,41.35997772216797,25574300
2012-11-15,47.150001525878906,47.18999862670898,45.5,45.970001220703125,40.26510620117188,29679400
2012-11-16,45.900001525878906,46.77000045776367,45.34999847412109,46.470001220703125,40.70304870605469,22350700
2012-11-19,47.560001373291016,47.84999847412109,47.209999084472656,47.77000045776367,41.84172821044922,15537800
2012-11-20,47.540000915527344,47.72999954223633,47.08000183105469,47.36000061035156,41.482608795166016,10107900
2012-11-21,47.34000015258789,48.13999938964844,47.0,48.08000183105469,42.11326217651367,8856600
2012-11-23,48.34999847412109,49.0,47.880001068115234,48.7400016784668,42.69134521484375,12737700
2012-11-26,48.5,48.75,47.86000061035156,48.75,42.700103759765625,12536000
2012-11-27,48.27000045776367,48.47999954223633,47.459999084472656,47.459999084472656,41.570194244384766,18502000
2012-11-28,46.58000183105469,47.91999816894531,46.25,47.900001525878906,41.95560073852539,14299200
2012-11-29,48.130001068115234,48.470001220703125,47.560001373291016,48.040000915527344,42.07822036743164,9941800
2012-11-30,47.7599983215332,48.27999877929688,47.060001373291016,47.54999923706055,41.649024963378906,11111000
2012-12-03,47.52000045776367,47.65999984741211,46.43000030517578,46.47999954223633,40.71181869506836,14753700
2012-12-04,45.880001068115234,46.97999954223633,45.72999954223633,46.650001525878906,40.860721588134766,11930500
2012-12-05,46.68000030517578,46.70000076293945,45.220001220703125,45.34999847412109,39.7220458984375,16368500
2012-12-06,45.33000183105469,46.13999938964844,45.25,45.54999923706055,39.897220611572266,13228400
2012-12-07,45.959999084472656,46.20000076293945,45.65999984741211,45.93000030517578,40.23006820678711,10047800
2012-12-10,46.29999923706055,46.66999816894531,46.09999847412109,46.52000045776367,40.746849060058594,9836300
2012-12-11,46.380001068115234,46.720001220703125,46.22999954223633,46.27999877929688,40.53663635253906,7457600
2012-12-12,46.720001220703125,47.959999084472656,46.61000061035156,47.630001068115234,41.71910095214844,23020300
2012-12-13,46.560001373291016,46.88999938964844,45.970001220703125,46.34000015258789,40.58919143676758,15955300
2012-12-14,46.150001525878906,46.75,45.959999084472656,46.47999954223633,40.71181869506836,12424800
2012-12-17,46.31999969482422,46.70000076293945,46.060001373291016,46.5099983215332,40.73809051513672,9087200
2012-12-18,46.52000045776367,46.61000061035156,45.38999938964844,45.75,40.0723991394043,14998700
2012-12-19,45.52999877929688,45.79999923706055,45.27999877929688,45.36000061035156,39.73081588745117,10954600
2012-12-20,44.84999847412109,45.20000076293945,44.15999984741211,45.06999969482422,39.47678756713867,14517200
2012-12-21,44.66999816894531,45.54999923706055,44.65999984741211,45.18000030517578,39.57314682006836,11377700
2012-12-24,44.86000061035156,44.900001525878906,44.18000030517578,44.84999847412109,39.6899528503418,5888200
2012-12-26,45.02999877929688,45.2400016784668,44.68000030517578,45.150001525878906,39.95544052124024,7026700
2012-12-27,44.7599983215332,45.900001525878906,44.68999862670898,45.43999862670898,40.21208190917969,17914700
2012-12-28,45.290000915527344,45.68999862670898,44.880001068115234,44.93000030517578,39.76074981689453,10707600
2012-12-31,45.0,46.59000015258789,44.95000076293945,46.38999938964844,41.05278015136719,16214700
2013-01-02,47.22999954223633,47.52999877929688,46.90999984741211,47.09999847412109,41.68108749389648,13210600
2013-01-03,46.7400016784668,47.060001373291016,45.06999969482422,45.13999938964844,39.946590423583984,22829200
2013-01-04,44.790000915527344,45.33000183105469,44.5,45.33000183105469,40.114742279052734,16822300
2013-01-07,44.84999847412109,45.04999923706055,44.43999862670898,44.47999954223633,39.36252975463867,15483900
2013-01-08,44.52000045776367,44.70000076293945,43.9900016784668,44.650001525878906,39.512962341308594,11815600
2013-01-09,44.619998931884766,44.720001220703125,44.130001068115234,44.36000061035156,39.2563362121582,7690400
2013-01-10,44.86000061035156,45.59000015258789,44.84999847412109,45.40999984741211,40.18553161621094,16542800
2013-01-11,45.34000015258789,45.4900016784668,44.88999938964844,45.400001525878906,40.17668151855469,12013900
2013-01-14,45.68000030517578,45.7599983215332,45.18999862670898,45.22999954223633,40.02624130249024,8074700
2013-01-15,45.52000045776367,45.959999084472656,45.040000915527344,45.59000015258789,40.34482192993164,9774200
2013-01-16,45.290000915527344,45.41999816894531,45.09999847412109,45.209999084472656,40.008544921875,8441200
2013-01-17,44.95000076293945,45.45000076293945,44.540000915527344,45.0,39.82270812988281,12326900
2013-01-18,45.25,45.25,44.900001525878906,45.11000061035156,39.9200439453125,8141400
2013-01-22,45.02999877929688,45.91999816894531,44.880001068115234,45.81999969482422,40.5483627319336,12118800
2013-01-23,45.619998931884766,45.720001220703125,44.540000915527344,44.560001373291016,39.43332290649414,16697100
2013-01-24,44.220001220703125,44.41999816894531,43.09999847412109,43.22999954223633,38.256343841552734,25261700
2013-01-25,42.95000076293945,43.060001373291016,41.900001525878906,41.91999816894531,37.09705352783203,35696400
2013-01-28,41.959999084472656,42.08000183105469,41.38999938964844,41.47999954223633,36.70768356323242,18548900
2013-01-29,42.119998931884766,42.41999816894531,41.84000015258789,42.25,37.38909149169922,16484400
2013-01-30,42.93000030517578,43.13999938964844,41.900001525878906,41.959999084472656,37.13245391845703,19525600
2013-01-31,41.869998931884766,41.93000030517578,41.400001525878906,41.619998931884766,36.831573486328125,12440500
2013-02-01,42.27000045776367,42.38999938964844,41.54999923706055,42.220001220703125,37.36254501342773,17063300
2013-02-04,42.02999877929688,42.880001068115234,41.9900016784668,42.34000015258789,37.4687385559082,9921100
2013-02-05,42.59000015258789,42.66999816894531,42.060001373291016,42.2599983215332,37.3979377746582,7646100
2013-02-06,42.220001220703125,42.619998931884766,42.16999816894531,42.540000915527344,37.64572525024414,8173500
2013-02-07,42.11000061035156,42.93999862670898,42.0,42.59999847412109,37.698822021484375,9787300
2013-02-08,42.56999969482422,42.77000045776367,42.310001373291016,42.31999969482422,37.45104598999024,5593600
2013-02-11,41.93999862670898,41.970001220703125,41.36000061035156,41.470001220703125,36.698829650878906,11962600
2013-02-12,41.41999816894531,41.9900016784668,41.13999938964844,41.91999816894531,37.09705352783203,11065200
2013-02-13,41.79999923706055,42.08000183105469,41.15999984741211,41.20000076293945,36.45989990234375,14594300
2013-02-14,41.38999938964844,42.0099983215332,41.34999847412109,41.36000061035156,36.60148620605469,9956400
2013-02-15,40.83000183105469,40.83000183105469,39.83000183105469,39.88999938964844,35.30061340332031,22895700
2013-02-19,39.77000045776367,39.77000045776367,39.15999984741211,39.369998931884766,34.84043884277344,15353800
2013-02-20,38.709999084472656,38.880001068115234,37.38999938964844,37.45000076293945,33.141334533691406,37094600
2013-02-21,37.61000061035156,38.709999084472656,37.4900016784668,38.119998931884766,33.734256744384766,23221700
2013-02-22,38.220001220703125,38.459999084472656,37.720001220703125,37.93000030517578,33.56612014770508,11323300
2013-02-25,38.47999954223633,39.0,38.290000915527344,38.56999969482422,34.132476806640625,17100500
2013-02-26,38.7599983215332,39.290000915527344,38.13999938964844,39.04999923706055,34.557254791259766,19392300
2013-02-27,38.66999816894531,38.720001220703125,38.13999938964844,38.2599983215332,33.85813522338867,14560700
2013-02-28,38.09000015258789,38.09999847412109,37.220001220703125,37.400001525878906,33.09709167480469,15832200
2013-03-01,37.540000915527344,37.77999877929688,37.02000045776367,37.11000061035156,32.840457916259766,13137000
2013-03-04,37.040000915527344,37.119998931884766,35.88999938964844,35.90999984741211,31.77851676940918,24525200
2013-03-05,36.38999938964844,36.650001525878906,35.900001525878906,35.93000030517578,31.796215057373047,17759700
2013-03-06,35.88999938964844,37.45000076293945,35.56999969482422,37.43999862670898,33.13248062133789,33784100
2013-03-07,37.52999877929688,38.060001373291016,36.869998931884766,36.90999984741211,32.66347122192383,22037400
2013-03-08,36.56999969482422,37.58000183105469,36.310001373291016,37.11000061035156,32.840457916259766,23003100
2013-03-11,37.220001220703125,37.33000183105469,36.77999877929688,36.959999084472656,32.70771026611328,11375600
2013-03-12,37.56999969482422,38.20000076293945,37.43999862670898,37.880001068115234,33.52186584472656,21810500
2013-03-13,37.93999862670898,38.02999877929688,36.72999954223633,36.869998931884766,32.62806701660156,18937900
2013-03-14,36.68999862670898,37.459999084472656,36.56999969482422,37.25,32.9643440246582,12373800
2013-03-15,37.2599983215332,37.56999969482422,37.09999847412109,37.34000015258789,33.04399871826172,12569800
2013-03-18,37.83000183105469,38.09000015258789,37.36000061035156,37.47999954223633,33.16788482666016,9937400
2013-03-19,37.45000076293945,37.84999847412109,37.2400016784668,37.58000183105469,33.256378173828125,12018400
2013-03-20,37.54999923706055,37.709999084472656,37.310001373291016,37.45000076293945,33.141334533691406,8447200
2013-03-21,37.72999954223633,38.58000183105469,37.650001525878906,38.43000030517578,34.00859069824219,17376100
2013-03-22,38.130001068115234,38.54999923706055,37.9900016784668,38.15999984741211,33.7696533203125,10310300
2013-03-25,37.95000076293945,38.130001068115234,37.38999938964844,37.66999816894531,33.33602523803711,14494300
2013-03-26,37.5099983215332,37.66999816894531,37.02999877929688,37.380001068115234,33.079383850097656,19264000
2013-03-27,37.20000076293945,38.08000183105469,37.119998931884766,38.0,33.62805938720703,16701600
2013-03-28,37.77000045776367,37.93000030517578,37.54999923706055,37.84999847412109,33.49531555175781,7672800
2013-04-01,37.84000015258789,37.880001068115234,37.20000076293945,37.45000076293945,33.141334533691406,12218000
2013-04-02,36.970001220703125,36.9900016784668,35.79999923706055,35.880001068115234,31.751972198486328,22194000
2013-04-03,35.7599983215332,36.18000030517578,34.02000045776367,34.25,30.30950164794922,42315900
2013-04-04,34.09000015258789,35.41999816894531,33.709999084472656,35.220001220703125,31.167903900146484,29846900
2013-04-05,35.650001525878906,35.9900016784668,34.83000183105469,35.060001373291016,31.02631187438965,21249100
2013-04-08,35.09000015258789,35.29999923706055,34.5099983215332,34.650001525878906,30.66348457336425,18689700
2013-04-09,34.84000015258789,36.290000915527344,34.66999816894531,36.02999877929688,31.884706497192383,20471900
2013-04-10,35.54999923706055,35.779998779296875,34.619998931884766,34.650001525878906,30.66348457336425,26201600
2013-04-11,34.619998931884766,34.97999954223633,34.18000030517578,34.18000030517578,30.24755859375,15927900
2013-04-12,33.38999938964844,33.45000076293945,32.11000061035156,32.220001220703125,28.5130558013916,40555900
2013-04-15,30.239999771118164,30.25,28.989999771118164,29.020000457763672,25.681215286254883,74239200
2013-04-16,30.18000030517578,30.280000686645508,28.6299991607666,28.81999969482422,25.504228591918945,38723200
2013-04-17,28.84000015258789,29.200000762939453,27.270000457763672,27.3799991607666,24.229904174804688,47828900
2013-04-18,27.64999961853028,28.559999465942383,27.46999931335449,28.21999931335449,24.973255157470703,31983200
2013-04-19,28.690000534057617,28.959999084472656,27.8700008392334,28.59000015258789,25.30069160461425,22404900
2013-04-22,29.200000762939453,29.350000381469727,28.5,28.96999931335449,25.636972427368164,18280600
2013-04-23,28.57999992370605,28.68000030517578,28.0,28.31999969482422,25.061752319335938,16850200
2013-04-24,28.89999961853028,30.43000030517578,28.8700008392334,30.229999542236328,26.75200462341309,34054000
2013-04-25,30.81999969482422,31.270000457763672,30.36000061035156,30.57999992370605,27.06173324584961,30995200
2013-04-26,30.59000015258789,30.770000457763672,29.209999084472656,29.459999084472656,26.070592880249023,27488000
2013-04-29,29.979999542236328,30.239999771118164,29.690000534057617,29.90999984741211,26.468822479248047,14765000
2013-04-30,29.68000030517578,30.36000061035156,28.989999771118164,30.36000061035156,26.86705017089844,19689400
2013-05-01,29.459999084472656,30.09000015258789,29.1200008392334,29.64999961853028,26.23873710632324,27633100
2013-05-02,29.8799991607666,29.959999084472656,29.3700008392334,29.6299991607666,26.22103500366211,12825400
2013-05-03,29.61000061035156,30.280000686645508,29.459999084472656,29.690000534057617,26.274133682250977,14874300
2013-05-06,29.75,29.81999969482422,29.549999237060547,29.729999542236328,26.30952835083008,7885300
2013-05-07,29.11000061035156,29.239999771118164,28.6200008392334,28.850000381469727,25.53077507019043,21191600
2013-05-08,29.25,30.5,29.18000030517578,30.440000534057617,26.93784713745117,33362600
2013-05-09,29.799999237060547,30.959999084472656,29.739999771118164,29.850000381469727,26.41572570800781,22262200
2013-05-10,29.13999938964844,29.82999992370605,28.81999969482422,29.809999465942383,26.380327224731445,20007800
2013-05-13,29.350000381469727,29.5,29.030000686645508,29.030000686645508,25.6900691986084,11824200
2013-05-14,28.8700008392334,29.459999084472656,28.6200008392334,28.709999084472656,25.406885147094727,14384500
2013-05-15,28.21999931335449,28.440000534057617,27.350000381469727,27.39999961853028,24.247604370117188,31353000
2013-05-16,27.020000457763672,27.90999984741211,26.68000030517578,27.479999542236328,24.318395614624023,21859900
2013-05-17,27.13999938964844,27.190000534057617,26.36000061035156,26.3799991607666,23.344953536987305,23628300
2013-05-20,26.31999969482422,28.18000030517578,26.239999771118164,28.020000457763672,24.79626846313477,39215400
2013-05-21,27.239999771118164,27.770000457763672,26.86000061035156,27.31999969482422,24.17680549621582,24521400
2013-05-22,27.770000457763672,28.65999984741211,27.270000457763672,27.670000076293945,24.48653793334961,38650700
2013-05-23,28.239999771118164,28.280000686645508,27.690000534057617,27.8700008392334,24.66352653503418,15396700
2013-05-24,27.75,28.190000534057617,27.309999465942383,27.5,24.33609199523925,19892600
2013-05-28,27.440000534057617,28.030000686645508,27.020000457763672,27.21999931335449,24.088308334350582,21388200
2013-05-29,27.450000762939453,28.5,27.36000061035156,28.5,25.22104454040528,28924800
2013-05-30,29.14999961853028,30.100000381469727,29.049999237060547,30.059999465942383,26.601566314697266,39676500
2013-05-31,29.61000061035156,29.850000381469727,29.1299991607666,29.5,26.105993270874023,20244000
2013-06-03,29.799999237060547,30.57999992370605,29.65999984741211,30.36000061035156,26.86705017089844,22263600
2013-06-04,29.8700008392334,29.96999931335449,29.39999961853028,29.84000015258789,26.406877517700195,18458000
2013-06-05,29.8799991607666,30.36000061035156,29.530000686645508,29.93000030517578,26.48652076721192,16816400
2013-06-06,29.93000030517578,30.489999771118164,29.700000762939453,30.299999237060547,26.81395149230957,17932900
2013-06-07,29.51000022888184,29.63999938964844,28.75,28.989999771118164,25.65467071533203,21212000
2013-06-10,29.020000457763672,29.40999984741211,28.68000030517578,29.09000015258789,25.743162155151367,14144800
2013-06-11,28.40999984741211,28.709999084472656,28.059999465942383,28.1299991607666,24.893611907958984,21145700
2013-06-12,28.170000076293945,28.850000381469727,28.06999969482422,28.350000381469727,25.088302612304688,17782700
2013-06-13,28.13999938964844,28.65999984741211,27.950000762939453,28.6299991607666,25.33608627319336,17264300
2013-06-14,28.790000915527344,28.81999969482422,28.06999969482422,28.1200008392334,24.884765625,12271700
2013-06-17,28.1200008392334,28.39999961853028,27.950000762939453,28.190000534057617,24.94671058654785,8644600
2013-06-18,27.979999542236328,28.1299991607666,27.280000686645508,27.3799991607666,24.229904174804688,19369600
2013-06-19,27.489999771118164,27.700000762939453,26.420000076293945,26.51000022888184,23.45999336242676,21733700
2013-06-20,25.13999938964844,25.440000534057617,24.15999984741211,24.549999237060547,21.725494384765625,67786300
2013-06-21,24.8700008392334,25.01000022888184,23.950000762939453,24.89999961853028,22.035228729248047,32954800
2013-06-24,24.31999969482422,24.40999984741211,23.520000457763672,23.75,21.01753616333008,36549500
2013-06-25,23.81999969482422,24.049999237060547,23.3799991607666,23.65999984741211,20.937891006469727,23530200
2013-06-26,22.770000457763672,22.88999938964844,22.209999084472656,22.21999931335449,19.663562774658203,46923300
2013-06-27,22.540000915527344,23.040000915527344,22.39999961853028,22.790000915527344,20.16798591613769,49234300
2013-06-28,22.5,24.65999984741211,22.459999084472656,24.489999771118164,21.67239761352539,75335700
2013-07-01,24.89999961853028,25.200000762939453,24.309999465942383,24.88999938964844,22.02637481689453,32205000
2013-07-02,24.739999771118164,24.780000686645508,23.459999084472656,23.75,21.01753616333008,34482700
2013-07-03,24.020000457763672,24.32999992370605,23.76000022888184,24.18000030517578,21.39806365966797,21909200
2013-07-05,23.3700008392334,23.43000030517578,22.790000915527344,23.420000076293945,20.725505828857425,43649000
2013-07-08,23.63999938964844,23.709999084472656,22.89999961853028,22.89999961853028,20.26533317565918,21770700
2013-07-09,23.299999237060547,23.65999984741211,23.030000686645508,23.21999931335449,20.54851722717285,20635900
2013-07-10,23.32999992370605,23.6299991607666,22.920000076293945,23.190000534057617,20.5219669342041,22679700
2013-07-11,24.520000457763672,24.979999542236328,24.21999931335449,24.96999931335449,22.0971736907959,38637300
2013-07-12,24.549999237060547,24.71999931335449,24.059999465942383,24.3700008392334,21.56620216369629,23268700
2013-07-15,24.3700008392334,24.57999992370605,24.14999961853028,24.290000915527344,21.495410919189453,12949200
2013-07-16,24.51000022888184,25.670000076293945,24.51000022888184,25.64999961853028,22.69894027709961,35463700
2013-07-17,25.76000022888184,25.989999771118164,24.86000061035156,24.8799991607666,22.017528533935547,37268500
2013-07-18,25.13999938964844,25.270000457763672,24.700000762939453,24.780000686645508,21.92903518676757,16323800
2013-07-19,25.1299991607666,25.88999938964844,24.979999542236328,25.86000061035156,22.88477897644043,27363400
2013-07-22,26.950000762939453,27.76000022888184,26.790000915527344,27.440000534057617,24.28300094604492,43719300
2013-07-23,27.38999938964844,28.350000381469727,27.07999992370605,28.350000381469727,25.088302612304688,39798800
2013-07-24,28.100000381469727,28.200000762939453,26.38999938964844,26.950000762939453,23.84937286376953,43653900
2013-07-25,26.75,27.700000762939453,26.71999931335449,27.209999084472656,24.079458236694336,28249400
2013-07-26,26.89999961853028,27.600000381469727,26.61000061035156,27.57999992370605,24.406890869140625,25046200
2013-07-29,27.64999961853028,27.71999931335449,27.21999931335449,27.229999542236328,24.09716033935547,19000000
2013-07-30,27.21999931335449,27.3799991607666,26.850000381469727,27.059999465942383,23.946718215942383,17316000
2013-07-31,27.07999992370605,27.68000030517578,26.38999938964844,26.989999771118164,23.8847713470459,27347600
2013-08-01,27.100000381469727,27.14999961853028,26.100000381469727,26.170000076293945,23.15911102294922,28548000
2013-08-02,26.14999961853028,26.530000686645508,25.520000457763672,25.59000015258789,22.645845413208008,32483200
2013-08-05,25.6200008392334,26.040000915527344,25.34000015258789,25.43000030517578,22.504249572753903,18584400
2013-08-06,25.0,25.020000457763672,24.030000686645508,24.030000686645508,21.265323638916016,38664100
2013-08-07,23.940000534057617,24.489999771118164,23.88999938964844,23.940000534057617,21.185678482055664,19506600
2013-08-08,24.3799991607666,26.09000015258789,24.270000457763672,26.0,23.00867080688477,65972000
2013-08-09,25.88999938964844,26.979999542236328,25.559999465942383,26.46999931335449,23.424596786499023,45317800
2013-08-12,27.57999992370605,28.200000762939453,27.56999969482422,28.01000022888184,24.78742027282715,49441900
2013-08-13,27.799999237060547,28.040000915527344,27.049999237060547,27.190000534057617,24.06175804138184,36959000
2013-08-14,27.459999084472656,28.76000022888184,27.43000030517578,28.700000762939453,25.39803695678711,53862500
2013-08-15,28.15999984741211,30.43000030517578,28.11000061035156,30.43000030517578,26.92899513244629,66608300
2013-08-16,30.739999771118164,30.940000534057617,29.479999542236328,29.790000915527344,26.36263084411621,48518000
2013-08-19,29.850000381469727,30.01000022888184,29.1200008392334,29.229999542236328,25.867061614990234,31219400
2013-08-20,29.309999465942383,30.520000457763672,29.239999771118164,30.32999992370605,26.84050178527832,44816400
2013-08-21,29.90999984741211,30.030000686645508,28.90999984741211,28.93000030517578,25.601572036743164,53748500
2013-08-22,29.39999961853028,29.88999938964844,29.06999969482422,29.3700008392334,25.990949630737305,35527500
2013-08-23,29.32999992370605,30.40999984741211,29.299999237060547,30.13999938964844,26.6723575592041,42793200
2013-08-26,30.38999938964844,30.8799991607666,30.030000686645508,30.40999984741211,26.91129493713379,34120400
2013-08-27,31.280000686645508,31.350000381469727,29.059999465942383,29.100000381469727,25.75201416015625,63019200
2013-08-28,29.40999984741211,29.959999084472656,28.1299991607666,28.299999237060547,25.04405403137207,62618100
2013-08-29,28.030000686645508,28.920000076293945,27.540000915527344,28.540000915527344,25.25643920898437,61229600
2013-08-30,28.030000686645508,28.65999984741211,27.850000381469727,28.1299991607666,24.893611907958984,40929400
2013-09-03,28.64999961853028,28.90999984741211,28.280000686645508,28.39999961853028,25.13254737854004,35970300
2013-09-04,28.049999237060547,28.57999992370605,27.8799991607666,28.57999992370605,25.29183959960937,34233800
2013-09-05,28.299999237060547,28.40999984741211,27.43000030517578,27.530000686645508,24.36264038085937,48364600
2013-09-06,27.950000762939453,28.290000915527344,27.799999237060547,28.01000022888184,24.78742027282715,31426800
2013-09-09,28.01000022888184,28.18000030517578,27.559999465942383,27.64999961853028,24.468839645385746,29911900
2013-09-10,27.09000015258789,27.1299991607666,26.450000762939453,26.56999969482422,23.513092041015625,46624300
2013-09-11,26.68000030517578,26.82999992370605,26.200000762939453,26.790000915527344,23.707782745361328,34982000
2013-09-12,25.89999961853028,26.0,25.239999771118164,25.290000915527344,22.380359649658203,64028900
2013-09-13,25.15999984741211,25.729999542236328,25.07999992370605,25.6299991607666,22.68124008178711,50205800
2013-09-16,25.780000686645508,26.030000686645508,25.3700008392334,25.38999938964844,22.46885299682617,36537700
2013-09-17,25.64999961853028,25.93000030517578,25.43000030517578,25.93000030517578,22.94672393798828,39034600
2013-09-18,25.64999961853028,28.63999938964844,25.46999931335449,28.25,24.99980735778809,114753100
2013-09-19,28.450000762939453,28.51000022888184,26.979999542236328,27.36000061035156,24.21220016479492,72377600
2013-09-20,26.90999984741211,26.920000076293945,25.549999237060547,25.76000022888184,22.796283721923828,95898100
2013-09-23,25.540000915527344,26.06999969482422,24.75,25.170000076293945,22.2741641998291,55259900
2013-09-24,24.84000015258789,25.34000015258789,24.56999969482422,25.07999992370605,22.19452476501465,41784500
2013-09-25,25.229999542236328,26.0,25.170000076293945,25.520000457763672,22.58389663696289,52931800
2013-09-26,25.530000686645508,25.780000686645508,24.799999237060547,25.11000061035156,22.221067428588867,39161000
2013-09-27,25.459999084472656,25.670000076293945,24.93000030517578,25.170000076293945,22.2741641998291,25521800
2013-09-30,24.89999961853028,25.3700008392334,24.809999465942383,25.020000457763672,22.14142227172852,28640200
2013-10-01,24.420000076293945,24.64999961853028,24.299999237060547,24.40999984741211,21.601600646972656,48633800
2013-10-02,24.64999961853028,25.06999969482422,24.46999931335449,24.489999771118164,21.67239761352539,35018800
2013-10-03,24.559999465942383,24.799999237060547,24.25,24.26000022888184,21.468862533569336,27697600
2013-10-04,24.32999992370605,24.450000762939453,24.030000686645508,24.190000534057617,21.406911849975582,24234600
2013-10-07,24.39999961853028,24.6299991607666,24.32999992370605,24.59000015258789,21.760892868041992,33627300
2013-10-08,24.56999969482422,24.63999938964844,23.600000381469727,23.81999969482422,21.079484939575195,48557000
2013-10-09,23.6200008392334,24.15999984741211,23.1299991607666,23.920000076293945,21.1679801940918,33991300
2013-10-10,23.84000015258789,24.100000381469727,23.459999084472656,23.559999465942383,20.849395751953125,36571100
2013-10-11,23.21999931335449,23.3700008392334,22.93000030517578,23.049999237060547,20.398069381713867,46747300
2013-10-14,23.229999542236328,23.34000015258789,22.920000076293945,23.11000061035156,20.451169967651367,22566300
2013-10-15,22.979999542236328,23.780000686645508,22.8799991607666,23.76000022888184,21.02638435363769,49631500
2013-10-16,23.63999938964844,23.68000030517578,23.21999931335449,23.280000686645508,20.601612091064453,39103400
2013-10-17,24.1299991607666,24.96999931335449,24.09000015258789,24.5,21.68124961853028,61897600
2013-10-18,24.520000457763672,24.770000457763672,24.299999237060547,24.3799991607666,21.57505226135254,23734800
2013-10-21,24.46999931335449,24.96999931335449,24.43000030517578,24.93000030517578,22.061777114868164,27070400
2013-10-22,25.5,26.1200008392334,25.43000030517578,26.020000457763672,23.0263729095459,53476300
2013-10-23,25.809999465942383,26.0,25.07999992370605,25.18000030517578,22.28301429748535,45435300
2013-10-24,25.850000381469727,26.270000457763672,25.790000915527344,26.1299991607666,23.12371253967285,56123000
2013-10-25,25.979999542236328,26.450000762939453,25.739999771118164,26.31999969482422,23.291858673095703,24939200
2013-10-28,26.38999938964844,26.90999984741211,26.06999969482422,26.540000915527344,23.48654556274414,27557200
2013-10-29,26.38999938964844,26.479999542236328,25.700000762939453,25.780000686645508,22.81398582458496,38950500
2013-10-30,26.25,26.43000030517578,25.18000030517578,26.229999542236328,23.21221160888672,42162800
2013-10-31,25.450000762939453,25.68000030517578,25.09000015258789,25.100000381469727,22.212217330932617,56234000
2013-11-01,24.65999984741211,24.71999931335449,24.020000457763672,24.07999992370605,21.3095703125,59342300
2013-11-04,24.3799991607666,24.86000061035156,24.299999237060547,24.809999465942383,21.955581665039062,36347100
2013-11-05,24.6299991607666,24.700000762939453,24.200000762939453,24.489999771118164,21.67239761352539,24843100
2013-11-06,24.739999771118164,24.89999961853028,24.63999938964844,24.790000915527344,21.937883377075195,22748600
2013-11-07,24.420000076293945,24.89999961853028,24.100000381469727,24.13999938964844,21.362667083740234,37682400
2013-11-08,23.8700008392334,24.299999237060547,23.5,24.280000686645508,21.486560821533203,40162600
2013-11-11,24.049999237060547,24.34000015258789,23.729999542236328,24.299999237060547,21.50425720214844,27788400
2013-11-12,24.049999237060547,24.31999969482422,23.65999984741211,23.780000686645508,21.04408836364746,37518000
2013-11-13,23.959999084472656,24.07999992370605,23.75,23.90999984741211,21.15912628173828,21370400
2013-11-14,24.25,24.59000015258789,24.1200008392334,24.549999237060547,21.725494384765625,48882100
2013-11-15,24.6299991607666,24.700000762939453,24.049999237060547,24.1299991607666,21.353818893432617,37580000
2013-11-18,24.07999992370605,24.1200008392334,23.57999992370605,23.670000076293945,20.946741104125977,37617300
2013-11-19,23.739999771118164,23.8799991607666,23.540000915527344,23.690000534057617,20.96444129943848,19716300
2013-11-20,23.38999938964844,23.6299991607666,22.65999984741211,22.850000381469727,20.221078872680664,62055700
2013-11-21,22.6299991607666,22.670000076293945,22.229999542236328,22.530000686645508,19.937894821166992,44479000
2013-11-22,22.6299991607666,22.850000381469727,22.25,22.25,19.690114974975582,29647700
2013-11-25,21.850000381469727,22.40999984741211,21.520000457763672,22.200000762939453,19.64586639404297,49429800
2013-11-26,21.979999542236328,22.11000061035156,21.61000061035156,21.65999984741211,19.16799545288086,35439100
2013-11-27,21.8799991607666,21.979999542236328,21.57999992370605,21.809999465942383,19.30073356628418,26314800
2013-11-29,22.11000061035156,22.39999961853028,22.030000686645508,22.280000686645508,19.71666145324707,27521400
2013-12-02,21.790000915527344,21.8799991607666,20.89999961853028,20.89999961853028,18.49543190002441,73218400
2013-12-03,20.770000457763672,21.030000686645508,20.56999969482422,20.56999969482422,18.203399658203125,39831700
2013-12-04,20.82999992370605,21.40999984741211,20.61000061035156,21.21999931335449,18.77861595153809,60397000
2013-12-05,20.6200008392334,21.040000915527344,20.559999465942383,20.670000076293945,18.291894912719727,47038600
2013-12-06,21.01000022888184,21.13999938964844,20.63999938964844,20.65999984741211,18.28304481506348,24136900
2013-12-09,20.799999237060547,21.209999084472656,20.729999542236328,21.209999084472656,18.769763946533203,46482400
2013-12-10,21.8799991607666,22.190000534057617,21.82999992370605,22.030000686645508,19.49542617797852,53807700
2013-12-11,22.01000022888184,22.01000022888184,21.18000030517578,21.190000534057617,18.752063751220703,41639900
2013-12-12,20.670000076293945,21.049999237060547,20.51000022888184,21.01000022888184,18.59277534484864,29255000
2013-12-13,21.239999771118164,21.440000534057617,21.020000457763672,21.11000061035156,18.681272506713867,27341400
2013-12-16,21.25,21.56999969482422,21.07999992370605,21.3799991607666,18.920209884643555,30996800
2013-12-17,21.15999984741211,21.350000381469727,21.0,21.190000534057617,18.752063751220703,25799700
2013-12-18,21.309999465942383,21.670000076293945,20.81999969482422,20.86000061035156,18.460033416748047,51982900
2013-12-19,20.450000762939453,20.6299991607666,20.3700008392334,20.5,18.141456604003903,34844500
2013-12-20,20.63999938964844,20.790000915527344,20.51000022888184,20.530000686645508,18.16800308227539,26982400
2013-12-23,20.32999992370605,20.440000534057617,20.239999771118164,20.38999938964844,18.21355628967285,18645900
2013-12-24,20.420000076293945,21.040000915527344,20.420000076293945,21.030000686645508,18.78524398803711,34891900
2013-12-26,21.270000457763672,21.39999961853028,20.89999961853028,21.049999237060547,18.80310821533203,18396900
2013-12-27,21.200000762939453,21.25,20.989999771118164,21.25,18.981761932373047,20863900
2013-12-30,21.040000915527344,21.170000076293945,20.6299991607666,20.63999938964844,18.436872482299805,41975200
2013-12-31,20.530000686645508,21.25,20.520000457763672,21.1299991607666,18.87456703186035,45942200
2014-01-02,21.59000015258789,22.09000015258789,21.56999969482422,22.030000686645508,19.678503036499023,50923300
2014-01-03,22.13999938964844,22.21999931335449,21.809999465942383,21.82999992370605,19.49985313415528,24075200
2014-01-06,21.989999771118164,22.239999771118164,21.8799991607666,21.93000030517578,19.58917617797852,27905100
2014-01-07,21.700000762939453,21.989999771118164,21.540000915527344,21.96999931335449,19.624906539916992,20746000
2014-01-08,21.65999984741211,21.799999237060547,21.489999771118164,21.61000061035156,19.30333137512207,32699500
2014-01-09,21.56999969482422,21.59000015258789,21.26000022888184,21.270000457763672,18.999624252319336,26816900
2014-01-10,21.670000076293945,22.059999465942383,21.57999992370605,22.01000022888184,19.660633087158203,48807100
2014-01-13,22.059999465942383,22.670000076293945,21.8799991607666,22.64999961853028,20.232324600219727,40953500
2014-01-14,22.46999931335449,22.790000915527344,22.049999237060547,22.100000381469727,19.74103355407715,44762000
2014-01-15,21.950000762939453,22.420000076293945,21.8700008392334,22.38999938964844,20.000078201293945,25062000
2014-01-16,22.57999992370605,22.700000762939453,22.40999984741211,22.6200008392334,20.20552635192871,17849900
2014-01-17,22.89999961853028,23.3799991607666,22.850000381469727,23.32999992370605,20.839740753173828,39755700
2014-01-21,23.049999237060547,23.809999465942383,22.93000030517578,23.700000762939453,21.17024612426757,36615000
2014-01-22,23.549999237060547,23.549999237060547,22.979999542236328,23.09000015258789,20.625354766845703,36751100
2014-01-23,23.540000915527344,24.0,23.530000686645508,23.71999931335449,21.188112258911133,45871700
2014-01-24,24.01000022888184,24.190000534057617,23.1200008392334,23.670000076293945,21.14344787597656,35768500
2014-01-27,23.520000457763672,23.59000015258789,22.8700008392334,22.88999938964844,20.44670486450196,39306300
2014-01-28,23.020000457763672,23.51000022888184,22.809999465942383,23.39999961853028,20.902267456054688,35800200
2014-01-29,23.76000022888184,24.049999237060547,23.350000381469727,24.01000022888184,21.447154998779297,45294600
2014-01-30,23.309999465942383,23.6200008392334,23.25,23.489999771118164,20.98266220092773,39061500
2014-01-31,23.739999771118164,23.76000022888184,23.170000076293945,23.479999542236328,20.97373390197754,28864000
2014-02-03,23.690000534057617,24.0,23.299999237060547,23.299999237060547,20.81294250488281,29233300
2014-02-04,23.209999084472656,23.600000381469727,23.15999984741211,23.59000015258789,21.07198715209961,25405500
2014-02-05,23.790000915527344,23.81999969482422,23.190000534057617,23.209999084472656,20.73254776000977,26263800
2014-02-06,23.3799991607666,23.46999931335449,23.06999969482422,23.190000534057617,20.71468544006348,17131300
2014-02-07,23.229999542236328,23.940000534057617,23.21999931335449,23.90999984741211,21.35782814025879,41599600
2014-02-10,24.229999542236328,24.780000686645508,24.229999542236328,24.700000762939453,22.06350517272949,46083500
2014-02-11,24.989999771118164,25.76000022888184,24.93000030517578,25.64999961853028,22.91210174560547,60141000
2014-02-12,25.6299991607666,25.64999961853028,24.71999931335449,24.770000457763672,22.126035690307617,58448600
2014-02-13,24.82999992370605,25.88999938964844,24.729999542236328,25.8700008392334,23.108619689941406,59204100
2014-02-14,26.420000076293945,26.68000030517578,26.049999237060547,26.350000381469727,23.53738212585449,52546300
2014-02-18,26.56999969482422,26.600000381469727,26.09000015258789,26.459999084472656,23.635643005371094,30546700
2014-02-19,26.280000686645508,26.559999465942383,25.559999465942383,25.6299991607666,22.89423561096192,49689800
2014-02-20,25.790000915527344,26.76000022888184,25.71999931335449,26.670000076293945,23.823226928710938,48798000
2014-02-21,26.709999084472656,26.850000381469727,26.25,26.530000686645508,23.69816970825196,38899700
2014-02-24,26.89999961853028,26.959999084472656,26.690000534057617,26.700000762939453,23.85002326965332,26237700
2014-02-25,26.670000076293945,26.799999237060547,26.299999237060547,26.32999992370605,23.51951789855957,33248100
2014-02-26,26.100000381469727,26.299999237060547,25.780000686645508,26.049999237060547,23.269407272338867,37403200
2014-02-27,26.13999938964844,26.46999931335449,25.90999984741211,25.96999931335449,23.19794273376465,24135500
2014-02-28,26.07999992370605,26.170000076293945,25.75,25.8799991607666,23.1175537109375,26854600
2014-03-03,26.670000076293945,26.739999771118164,26.21999931335449,26.299999237060547,23.49271774291992,38957700
2014-03-04,25.959999084472656,26.280000686645508,25.82999992370605,26.100000381469727,23.314069747924805,21126300
2014-03-05,26.14999961853028,26.520000457763672,26.01000022888184,26.5,23.67137336730957,24839500
2014-03-06,26.700000762939453,26.8700008392334,26.549999237060547,26.790000915527344,23.930418014526367,30022900
2014-03-07,26.36000061035156,26.3799991607666,26.049999237060547,26.18000030517578,23.38553047180176,41153600
2014-03-10,26.18000030517578,26.270000457763672,25.86000061035156,25.96999931335449,23.19794273376465,22459800
2014-03-11,26.26000022888184,26.32999992370605,25.940000534057617,26.1299991607666,23.340864181518555,40182800
2014-03-12,26.549999237060547,26.940000534057617,26.440000534057617,26.920000076293945,24.046539306640625,48251500
2014-03-13,26.850000381469727,27.63999938964844,26.76000022888184,27.6299991607666,24.68075180053711,51290800
2014-03-14,27.96999931335449,28.030000686645508,27.420000076293945,27.729999542236328,24.770082473754883,33467300
2014-03-17,27.549999237060547,27.6200008392334,26.799999237060547,26.799999237060547,23.93934631347656,57393200
2014-03-18,26.420000076293945,26.8700008392334,26.26000022888184,26.43000030517578,23.60884475708008,35900800
2014-03-19,26.21999931335449,26.32999992370605,25.420000076293945,25.440000534057617,22.72451972961425,59004800
2014-03-20,25.21999931335449,25.790000915527344,25.15999984741211,25.46999931335449,22.75131225585937,30817600
2014-03-21,25.850000381469727,25.940000534057617,25.280000686645508,25.520000457763672,22.79597854614257,23183300
2014-03-24,25.11000061035156,25.21999931335449,24.290000915527344,24.32999992370605,21.73299789428711,60563300
2014-03-25,24.549999237060547,24.75,24.36000061035156,24.479999542236328,21.866989135742188,40283600
2014-03-26,24.5,24.6200008392334,23.479999542236328,23.489999771118164,20.98266220092773,60261900
2014-03-27,23.459999084472656,23.88999938964844,23.270000457763672,23.81999969482422,21.277437210083008,38461400
2014-03-28,23.700000762939453,24.350000381469727,23.51000022888184,24.100000381469727,21.52755355834961,46141600
2014-03-31,23.959999084472656,24.170000076293945,23.440000534057617,23.61000061035156,21.08985137939453,45688600
2014-04-01,23.71999931335449,23.8799991607666,23.5,23.690000534057617,21.16131401062012,19095400
2014-04-02,24.100000381469727,24.489999771118164,24.07999992370605,24.31999969482422,21.72406768798828,50757600
2014-04-03,24.100000381469727,24.1299991607666,23.799999237060547,24.06999969482422,21.50075340270996,29477700
2014-04-04,24.6299991607666,24.65999984741211,24.13999938964844,24.26000022888184,21.670473098754883,30183500
2014-04-07,24.18000030517578,24.63999938964844,24.059999465942383,24.26000022888184,21.670473098754883,26017500
2014-04-08,24.68000030517578,24.93000030517578,24.489999771118164,24.8799991607666,22.22429084777832,35477500
2014-04-09,24.600000381469727,25.34000015258789,24.5,25.06999969482422,22.394012451171875,28068600
2014-04-10,25.239999771118164,25.299999237060547,24.530000686645508,24.56999969482422,21.9473819732666,33824400
2014-04-11,24.63999938964844,24.799999237060547,24.1299991607666,24.21999931335449,21.634740829467773,25661000
2014-04-14,24.56999969482422,24.82999992370605,24.3799991607666,24.520000457763672,21.902719497680664,26719400
2014-04-15,23.82999992370605,24.06999969482422,23.530000686645508,24.020000457763672,21.45608901977539,40829300
2014-04-16,24.040000915527344,24.07999992370605,23.670000076293945,23.799999237060547,21.259571075439453,24011100
2014-04-17,23.799999237060547,23.959999084472656,23.540000915527344,23.56999969482422,21.054122924804688,19332100
2014-04-21,23.57999992370605,23.739999771118164,23.040000915527344,23.51000022888184,21.00052833557129,33215100
2014-04-22,23.540000915527344,23.81999969482422,23.32999992370605,23.790000915527344,21.250638961791992,21896000
2014-04-23,23.82999992370605,24.46999931335449,23.770000457763672,24.270000457763672,21.679399490356445,44932000
2014-04-24,23.950000762939453,24.36000061035156,23.84000015258789,23.940000534057617,21.38463020324707,29250600
2014-04-25,24.1299991607666,24.479999542236328,24.030000686645508,24.459999084472656,21.849124908447266,32620000
2014-04-28,24.309999465942383,24.34000015258789,23.8799991607666,23.989999771118164,21.42929458618164,28567200
2014-04-29,23.93000030517578,24.450000762939453,23.920000076293945,24.309999465942383,21.715133666992188,25448500
2014-04-30,24.049999237060547,24.34000015258789,23.93000030517578,24.11000061035156,21.53647994995117,19155500
2014-05-01,23.850000381469727,24.01000022888184,23.729999542236328,23.790000915527344,21.250638961791992,21062200
2014-05-02,23.920000076293945,24.38999938964844,23.809999465942383,24.31999969482422,21.72406768798828,30655700
2014-05-05,24.600000381469727,24.670000076293945,24.290000915527344,24.40999984741211,21.80445671081543,13954400
2014-05-06,24.43000030517578,24.440000534057617,24.25,24.280000686645508,21.688337326049805,8793200
2014-05-07,24.200000762939453,24.209999084472656,23.6200008392334,23.809999465942383,21.26850128173828,34352300
2014-05-08,23.81999969482422,23.989999771118164,23.71999931335449,23.770000457763672,21.23277282714844,13305600
2014-05-09,23.850000381469727,23.950000762939453,23.520000457763672,23.729999542236328,21.19704246520996,10691700
2014-05-12,24.01000022888184,24.1200008392334,23.850000381469727,23.93000030517578,21.375694274902344,16204900
2014-05-13,23.93000030517578,24.100000381469727,23.739999771118164,23.75,21.21490859985352,12505800
2014-05-14,24.040000915527344,24.1299991607666,23.959999084472656,24.01000022888184,21.447154998779297,16749000
2014-05-15,23.809999465942383,23.940000534057617,23.51000022888184,23.6200008392334,21.098785400390625,26428900
2014-05-16,23.479999542236328,23.57999992370605,23.32999992370605,23.420000076293945,20.920135498046875,14762700
2014-05-19,23.6200008392334,23.64999961853028,23.270000457763672,23.40999984741211,20.91120338439941,11015300
2014-05-20,23.280000686645508,23.520000457763672,23.26000022888184,23.38999938964844,20.893335342407227,9777000
2014-05-21,23.280000686645508,23.489999771118164,23.21999931335449,23.450000762939453,20.94693183898925,11669100
2014-05-22,23.6299991607666,23.63999938964844,23.38999938964844,23.38999938964844,20.893335342407227,10736700
2014-05-23,23.420000076293945,23.5,23.299999237060547,23.309999465942383,20.82187461853028,8163800
2014-05-27,23.0,23.020000457763672,22.40999984741211,22.40999984741211,20.017940521240234,42767100
2014-05-28,22.32999992370605,22.420000076293945,21.93000030517578,22.040000915527344,19.68743705749512,38713400
2014-05-29,21.959999084472656,22.459999084472656,21.93000030517578,22.239999771118164,19.866086959838867,20726800
2014-05-30,22.13999938964844,22.5,21.940000534057617,22.5,20.09833717346192,28665000
2014-06-02,22.31999969482422,22.540000915527344,22.14999961853028,22.290000915527344,19.91075134277344,21540300
2014-06-03,22.290000915527344,22.420000076293945,22.0,22.3700008392334,19.982213973999023,17797700
2014-06-04,22.39999961853028,22.43000030517578,22.229999542236328,22.280000686645508,19.901817321777344,16684600
2014-06-05,22.5,22.790000915527344,22.420000076293945,22.64999961853028,20.232324600219727,23394100
2014-06-06,22.63999938964844,22.68000030517578,22.34000015258789,22.63999938964844,20.223388671875,16146600
2014-06-09,22.63999938964844,22.780000686645508,22.530000686645508,22.549999237060547,20.142995834350582,9406200
2014-06-10,22.670000076293945,23.040000915527344,22.64999961853028,23.030000686645508,20.571760177612305,23569000
2014-06-11,23.1200008392334,23.40999984741211,23.059999465942383,23.40999984741211,20.91120338439941,26206500
2014-06-12,23.489999771118164,24.040000915527344,23.459999084472656,24.030000686645508,21.465023040771484,36108300
2014-06-13,23.979999542236328,24.1200008392334,23.690000534057617,24.11000061035156,21.53647994995117,27970100
2014-06-16,24.200000762939453,24.270000457763672,23.920000076293945,23.979999542236328,21.42035865783692,26461100
2014-06-17,23.76000022888184,24.15999984741211,23.68000030517578,24.1200008392334,21.5454158782959,18753900
2014-06-18,24.100000381469727,24.780000686645508,24.030000686645508,24.76000022888184,22.11710357666016,37017800
2014-06-19,25.170000076293945,26.100000381469727,25.13999938964844,26.09000015258789,23.305137634277344,79263400
2014-06-20,25.88999938964844,26.059999465942383,25.6299991607666,25.81999969482422,23.06395530700684,39255700
2014-06-23,25.8799991607666,26.309999465942383,25.71999931335449,26.270000457763672,23.465919494628903,29849300
2014-06-24,26.38999938964844,26.530000686645508,25.46999931335449,25.46999931335449,22.75131225585937,47793000
2014-06-25,25.46999931335449,25.96999931335449,25.450000762939453,25.76000022888184,23.010358810424805,26661400
2014-06-26,25.57999992370605,25.989999771118164,25.43000030517578,25.950000762939453,23.180078506469727,24494300
2014-06-27,25.940000534057617,26.14999961853028,25.709999084472656,25.979999542236328,23.206876754760746,18777600
2014-06-30,25.780000686645508,26.530000686645508,25.64999961853028,26.450000762939453,23.626707077026367,33266100
2014-07-01,26.5,26.64999961853028,26.14999961853028,26.239999771118164,23.43912506103516,37682400
2014-07-02,26.209999084472656,26.690000534057617,26.209999084472656,26.479999542236328,23.65350341796875,47776900
2014-07-03,26.200000762939453,26.5,25.940000534057617,26.5,23.67137336730957,24026700
2014-07-07,26.200000762939453,26.270000457763672,26.0,26.040000915527344,23.26047134399414,27758400
2014-07-08,26.31999969482422,26.46999931335449,25.88999938964844,26.459999084472656,23.635643005371094,39251800
2014-07-09,26.6200008392334,27.239999771118164,26.59000015258789,27.14999961853028,24.251991271972656,45722200
2014-07-10,27.61000061035156,27.780000686645508,26.59000015258789,26.61000061035156,23.76963424682617,56464800
2014-07-11,26.739999771118164,27.3799991607666,26.700000762939453,27.31999969482422,24.403846740722656,44288000
2014-07-14,26.520000457763672,26.93000030517578,26.43000030517578,26.600000381469727,23.76070022583008,50884100
2014-07-15,26.690000534057617,26.88999938964844,25.75,25.780000686645508,23.028226852416992,57239800
2014-07-16,25.989999771118164,26.46999931335449,25.959999084472656,26.280000686645508,23.47485542297364,35776800
2014-07-17,26.39999961853028,27.059999465942383,26.34000015258789,26.989999771118164,24.10906791687012,49433900
2014-07-18,26.68000030517578,26.96999931335449,26.459999084472656,26.940000534057617,24.06440544128418,29638500
2014-07-21,27.049999237060547,27.059999465942383,26.51000022888184,26.89999961853028,24.028676986694336,20045600
2014-07-22,26.799999237060547,26.89999961853028,26.520000457763672,26.59000015258789,23.751766204833984,24406300
2014-07-23,26.57999992370605,26.86000061035156,26.46999931335449,26.489999771118164,23.66243934631348,20042200
2014-07-24,26.309999465942383,26.32999992370605,25.950000762939453,26.07999992370605,23.296205520629883,32711300
2014-07-25,26.100000381469727,26.82999992370605,26.040000915527344,26.81999969482422,23.957216262817383,37295300
2014-07-28,26.63999938964844,27.0,26.56999969482422,26.989999771118164,24.10906791687012,16168400
2014-07-29,27.030000686645508,27.1200008392334,26.65999984741211,26.76000022888184,23.90361976623535,22239100
2014-07-30,26.64999961853028,26.65999984741211,26.200000762939453,26.46999931335449,23.64457321166992,32753900
2014-07-31,26.21999931335449,26.309999465942383,25.84000015258789,25.90999984741211,23.144350051879883,33849300
2014-08-01,26.21999931335449,27.520000457763672,25.93000030517578,26.200000762939453,23.403398513793945,30954500
2014-08-04,26.13999938964844,26.26000022888184,25.729999542236328,25.950000762939453,23.180078506469727,24726000
2014-08-05,25.850000381469727,26.21999931335449,25.59000015258789,26.100000381469727,23.314069747924805,25597200
2014-08-06,26.530000686645508,26.790000915527344,26.479999542236328,26.690000534057617,23.84109115600586,38162200
2014-08-07,26.56999969482422,26.88999938964844,26.3799991607666,26.76000022888184,23.90361976623535,17953800
2014-08-08,26.809999465942383,27.07999992370605,26.6299991607666,26.780000686645508,23.92148399353028,13860400
2014-08-11,26.64999961853028,26.96999931335449,26.63999938964844,26.96999931335449,24.091203689575195,13519500
2014-08-12,27.1200008392334,27.56999969482422,27.06999969482422,27.43000030517578,24.502105712890625,31400400
2014-08-13,27.459999084472656,27.6299991607666,27.270000457763672,27.39999961853028,24.47530746459961,16989400
2014-08-14,27.39999961853028,27.57999992370605,26.96999931335449,27.1299991607666,24.2341251373291,27201700
2014-08-15,26.64999961853028,27.040000915527344,26.57999992370605,26.81999969482422,23.957216262817383,29043500
2014-08-18,26.690000534057617,27.0,26.59000015258789,26.989999771118164,24.10906791687012,16707000
2014-08-19,26.950000762939453,27.040000915527344,26.63999938964844,26.690000534057617,23.84109115600586,20323300
2014-08-20,26.739999771118164,26.979999542236328,26.549999237060547,26.65999984741211,23.81429481506348,15985200
2014-08-21,26.299999237060547,26.350000381469727,25.93000030517578,26.06999969482422,23.28726959228516,47056300
2014-08-22,26.1299991607666,26.229999542236328,25.8700008392334,26.100000381469727,23.314069747924805,15593600
2014-08-25,26.020000457763672,26.020000457763672,25.61000061035156,25.6200008392334,22.88530731201172,25534700
2014-08-26,26.0,26.239999771118164,25.88999938964844,26.190000534057617,23.39446258544922,31613500
2014-08-27,26.200000762939453,26.32999992370605,26.06999969482422,26.11000061035156,23.323001861572266,12577500
2014-08-28,26.40999984741211,26.489999771118164,26.270000457763672,26.459999084472656,23.635643005371094,18631500
2014-08-29,26.3700008392334,26.739999771118164,26.290000915527344,26.690000534057617,23.84109115600586,16430600
2014-09-02,26.15999984741211,26.200000762939453,25.770000457763672,25.809999465942383,23.055025100708008,45629200
2014-09-03,25.90999984741211,26.0,25.76000022888184,25.780000686645508,23.028226852416992,18809800
2014-09-04,25.89999961853028,25.96999931335449,24.799999237060547,24.8799991607666,22.22429084777832,48013800
2014-09-05,25.01000022888184,25.100000381469727,24.65999984741211,25.06999969482422,22.394012451171875,29706700
2014-09-08,24.89999961853028,24.920000076293945,24.14999961853028,24.190000534057617,21.607940673828125,44416600
2014-09-09,24.209999084472656,24.63999938964844,24.030000686645508,24.559999465942383,21.938451766967773,29675800
2014-09-10,24.290000915527344,24.459999084472656,23.959999084472656,24.100000381469727,21.52755355834961,33863700
2014-09-11,23.920000076293945,24.32999992370605,23.770000457763672,24.270000457763672,21.679399490356445,29420500
2014-09-12,24.030000686645508,24.200000762939453,23.790000915527344,23.8799991607666,21.331031799316406,32381700
2014-09-15,24.01000022888184,24.040000915527344,23.75,23.90999984741211,21.35782814025879,20102500
2014-09-16,23.90999984741211,24.25,23.670000076293945,24.0,21.4382266998291,27000500
2014-09-17,24.020000457763672,24.07999992370605,23.38999938964844,23.43000030517578,20.929067611694336,41435400
2014-09-18,23.350000381469727,23.459999084472656,23.07999992370605,23.1299991607666,20.66108512878418,35030900
2014-09-19,23.100000381469727,23.1299991607666,22.489999771118164,22.65999984741211,20.24125862121582,51690900
2014-09-22,22.530000686645508,22.540000915527344,22.020000457763672,22.18000030517578,19.81249237060547,41175500
2014-09-23,22.5,22.65999984741211,22.239999771118164,22.540000915527344,20.13406562805176,34631500
2014-09-24,22.3700008392334,22.59000015258789,22.18000030517578,22.209999084472656,19.83928680419922,29477400
2014-09-25,21.989999771118164,22.3700008392334,21.850000381469727,22.350000381469727,19.964344024658203,35894800
2014-09-26,22.200000762939453,22.229999542236328,21.920000076293945,21.979999542236328,19.63384056091309,30222900
2014-09-29,22.1200008392334,22.170000076293945,21.739999771118164,21.75,19.428390502929688,22893400
2014-09-30,21.690000534057617,21.8700008392334,21.290000915527344,21.36000061035156,19.080020904541016,44049300
2014-10-01,21.479999542236328,21.84000015258789,21.38999938964844,21.39999961853028,19.11574935913086,32615000
2014-10-02,21.559999465942383,21.700000762939453,21.229999542236328,21.6200008392334,19.3122673034668,30790500
2014-10-03,21.25,21.25,20.6299991607666,20.6299991607666,18.42793846130371,72263700
2014-10-06,20.89999961853028,21.229999542236328,20.739999771118164,21.15999984741211,18.90136909484864,43922100
2014-10-07,21.21999931335449,21.280000686645508,20.40999984741211,20.420000076293945,18.240354537963867,59344300
2014-10-08,20.670000076293945,22.15999984741211,20.11000061035156,21.940000534057617,19.59811019897461,114256600
2014-10-09,21.89999961853028,21.920000076293945,20.71999931335449,21.21999931335449,18.95496368408203,77681600
2014-10-10,21.1299991607666,21.61000061035156,20.670000076293945,20.770000457763672,18.55299568176269,52079000
2014-10-13,21.1299991607666,21.76000022888184,21.01000022888184,21.1200008392334,18.865636825561523,45807100
2014-10-14,21.280000686645508,21.75,21.229999542236328,21.3700008392334,19.08894920349121,36062500
2014-10-15,21.51000022888184,21.93000030517578,21.200000762939453,21.450000762939453,19.16041374206543,36039100
2014-10-16,21.309999465942383,21.770000457763672,21.229999542236328,21.36000061035156,19.080020904541016,28753500
2014-10-17,21.40999984741211,21.440000534057617,20.690000534057617,20.690000534057617,18.481534957885746,54513000
2014-10-20,20.950000762939453,21.229999542236328,20.799999237060547,21.200000762939453,18.93709754943848,32998700
2014-10-21,21.43000030517578,21.57999992370605,21.020000457763672,21.100000381469727,18.84777069091797,21702100
2014-10-22,20.96999931335449,21.059999465942383,20.420000076293945,20.440000534057617,18.258220672607425,40030800
2014-10-23,20.25,20.71999931335449,20.049999237060547,20.559999465942383,18.36540985107422,36274300
2014-10-24,20.530000686645508,20.63999938964844,20.270000457763672,20.46999931335449,18.285017013549805,16302400
2014-10-27,20.350000381469727,20.39999961853028,20.09000015258789,20.11000061035156,17.963443756103516,28523200
2014-10-28,20.290000915527344,20.540000915527344,20.100000381469727,20.530000686645508,18.33861541748047,32700000
2014-10-29,20.290000915527344,20.530000686645508,19.56999969482422,19.63999938964844,17.54361343383789,68045200
2014-10-30,19.43000030517578,19.450000762939453,18.15999984741211,18.200000762939453,16.25732421875,113088500
2014-10-31,17.329999923706055,17.790000915527344,16.889999389648438,17.209999084472656,15.372991561889648,103841400
2014-11-03,17.440000534057617,18.0,17.25,17.90999984741211,15.99827480316162,74222500
2014-11-04,17.790000915527344,17.81999969482422,17.1299991607666,17.209999084472656,15.372991561889648,67537600
2014-11-05,16.68000030517578,17.34000015258789,16.450000762939453,16.59000015258789,14.819172859191896,86227300
2014-11-06,16.899999618530273,17.690000534057617,16.850000381469727,17.209999084472656,15.372991561889648,103000000
2014-11-07,17.559999465942383,18.690000534057617,17.540000915527344,18.63999938964844,16.650354385375977,136476900
2014-11-10,18.31999969482422,18.31999969482422,17.309999465942383,17.450000762939453,15.587372779846191,111605600
2014-11-11,17.770000457763672,18.549999237060547,17.729999542236328,18.21999931335449,16.275182723999023,86722200
2014-11-12,18.43000030517578,18.700000762939453,17.790000915527344,18.239999771118164,16.293052673339844,46634200
2014-11-13,18.459999084472656,18.530000686645508,17.809999465942383,17.940000534057617,16.025074005126953,56202100
2014-11-14,17.639999389648438,19.18000030517578,17.540000915527344,19.020000457763672,16.98979377746582,110737700
2014-11-17,18.850000381469727,19.51000022888184,18.65999984741211,19.38999938964844,17.320295333862305,58658900
2014-11-18,19.71999931335449,20.3799991607666,19.56999969482422,20.299999237060547,18.13316535949707,79925400
2014-11-19,20.229999542236328,20.26000022888184,19.1200008392334,19.190000534057617,17.141647338867188,120991200
2014-11-20,19.65999984741211,19.93000030517578,19.36000061035156,19.709999084472656,17.60614013671875,58492700
2014-11-21,20.229999542236328,20.290000915527344,19.56999969482422,19.8799991607666,17.75799560546875,45995700
2014-11-24,19.770000457763672,19.950000762939453,19.43000030517578,19.59000015258789,17.49894905090332,40827500
2014-11-25,19.64999961853028,20.420000076293945,19.6200008392334,20.38999938964844,18.21355628967285,72984400
2014-11-26,20.32999992370605,20.350000381469727,20.040000915527344,20.100000381469727,17.954511642456055,36643000
2014-11-28,19.270000457763672,19.280000686645508,18.09000015258789,18.36000061035156,16.400238037109375,113272100
2014-12-01,18.950000762939453,19.86000061035156,18.84000015258789,19.71999931335449,17.615076065063477,87972600
2014-12-02,19.07999992370605,19.65999984741211,18.90999984741211,19.200000762939453,17.15058135986328,58668500
2014-12-03,19.5,19.96999931335449,17.719999313354492,19.25,17.195241928100586,52488100
2014-12-04,19.64999961853028,19.8700008392334,19.18000030517578,19.200000762939453,17.15058135986328,49542400
2014-12-05,18.850000381469727,19.11000061035156,18.64999961853028,18.75,16.748611450195312,46715200
2014-12-08,19.020000457763672,19.25,18.270000457763672,18.88999938964844,16.8736629486084,52915800
2014-12-09,19.520000457763672,20.170000076293945,19.43000030517578,19.770000457763672,17.65973472595215,78927800
2014-12-10,19.76000022888184,20.209999084472656,19.209999084472656,19.209999084472656,17.159509658813477,61161000
2014-12-11,18.979999542236328,19.63999938964844,18.86000061035156,19.0,16.971927642822266,41317400
2014-12-12,18.950000762939453,19.14999961853028,18.56999969482422,18.64999961853028,16.659286499023438,43489900
2014-12-15,18.36000061035156,18.71999931335449,17.31999969482422,17.34000015258789,15.489115715026855,90290400
2014-12-16,17.90999984741211,18.0,17.079999923706055,17.100000381469727,15.27473258972168,64026200
2014-12-17,17.280000686645508,18.100000381469727,17.15999984741211,17.979999542236328,16.060800552368164,90028100
2014-12-18,18.40999984741211,18.850000381469727,18.06999969482422,18.76000022888184,16.75754737854004,62391200
2014-12-19,18.71999931335449,19.030000686645508,18.530000686645508,18.530000686645508,16.552095413208008,46674500
2014-12-22,18.39999961853028,18.5,17.360000610351562,17.459999084472656,15.69881820678711,73948700
2014-12-23,17.5,18.06999969482422,17.209999084472656,17.299999237060547,15.554956436157228,41643500
2014-12-24,17.350000381469727,17.959999084472656,17.15999984741211,17.770000457763672,15.977550506591797,40803300
2014-12-26,18.350000381469727,18.479999542236328,18.040000915527344,18.239999771118164,16.4001407623291,39305800
2014-12-29,18.170000076293945,18.190000534057617,17.75,17.81999969482422,16.022504806518555,39723400
2014-12-30,18.170000076293945,18.709999084472656,18.14999961853028,18.450000762939453,16.588960647583008,61264100
2014-12-31,18.270000457763672,18.600000381469727,18.049999237060547,18.3799991607666,16.526020050048828,29107600
2015-01-02,18.06999969482422,18.950000762939453,17.950000762939453,18.940000534057617,17.02953338623047,47287400
2015-01-05,19.059999465942383,19.46999931335449,18.76000022888184,19.440000534057617,17.47909927368164,46021100
2015-01-06,19.6299991607666,20.690000534057617,19.540000915527344,20.46999931335449,18.405197143554688,76091200
2015-01-07,20.01000022888184,20.670000076293945,19.81999969482422,20.09000015258789,18.063533782958984,45809700
2015-01-08,20.229999542236328,20.56999969482422,19.61000061035156,19.790000915527344,17.793794631958008,46813900
2015-01-09,20.1299991607666,20.729999542236328,20.1299991607666,20.709999084472656,18.620994567871094,56339000
2015-01-12,20.88999938964844,21.76000022888184,20.780000686645508,21.489999771118164,19.322315216064453,62924400
2015-01-13,21.8700008392334,21.88999938964844,20.309999465942383,20.549999237060547,18.47713279724121,75387000
2015-01-14,21.09000015258789,21.1200008392334,19.8799991607666,20.309999465942383,18.261343002319336,64255900
2015-01-15,21.190000534057617,21.64999961853028,21.059999465942383,21.479999542236328,19.31332397460937,84358300
2015-01-16,21.709999084472656,22.32999992370605,21.68000030517578,22.15999984741211,19.92473220825196,68948500
2015-01-20,22.670000076293945,23.09000015258789,22.600000381469727,22.940000534057617,20.62605667114257,73781200
2015-01-21,23.200000762939453,23.21999931335449,22.100000381469727,22.540000915527344,20.26640510559082,60199000
2015-01-22,22.81999969482422,22.950000762939453,22.31999969482422,22.420000076293945,20.15851211547852,37732400
2015-01-23,22.21999931335449,22.309999465942383,21.6200008392334,21.739999771118164,19.54709815979004,51411300
2015-01-26,21.3700008392334,22.15999984741211,21.1299991607666,22.14999961853028,19.915742874145508,38330300
2015-01-27,22.36000061035156,22.93000030517578,22.309999465942383,22.8799991607666,20.57210731506348,52575300
2015-01-28,22.51000022888184,22.71999931335449,21.729999542236328,21.96999931335449,19.75389862060547,69658600
2015-01-29,21.420000076293945,21.739999771118164,21.07999992370605,21.59000015258789,19.412229537963867,48279300
2015-01-30,21.670000076293945,22.32999992370605,21.299999237060547,22.290000915527344,20.0416202545166,51653100
2015-02-02,21.82999992370605,22.68000030517578,21.799999237060547,22.450000762939453,20.185482025146484,41388300
2015-02-03,22.15999984741211,22.43000030517578,21.709999084472656,21.8700008392334,19.663986206054688,52864500
2015-02-04,22.14999961853028,22.5,21.8799991607666,22.270000457763672,20.023637771606445,37901100
2015-02-05,22.1299991607666,22.59000015258789,22.0,22.57999992370605,20.302364349365234,26392000
2015-02-06,21.75,21.96999931335449,21.309999465942383,21.32999992370605,19.17845344543457,83701900
2015-02-09,21.530000686645508,21.86000061035156,21.520000457763672,21.690000534057617,19.502140045166016,31117400
2015-02-10,21.440000534057617,21.489999771118164,21.1299991607666,21.280000686645508,19.13349914550781,35880700
2015-02-11,21.350000381469727,21.39999961853028,20.81999969482422,20.86000061035156,18.755863189697266,37436200
2015-02-12,21.11000061035156,21.270000457763672,20.88999938964844,21.14999961853028,19.0166130065918,36041000
2015-02-13,21.299999237060547,21.559999465942383,21.200000762939453,21.26000022888184,19.115516662597656,20499400
2015-02-17,20.739999771118164,20.90999984741211,20.5,20.56999969482422,18.495115280151367,47904200
2015-02-18,20.600000381469727,21.15999984741211,20.3700008392334,21.040000915527344,18.91771125793457,62464800
2015-02-19,21.059999465942383,21.1200008392334,20.420000076293945,20.540000915527344,18.468141555786133,44351800
2015-02-20,20.64999961853028,20.93000030517578,20.420000076293945,20.450000762939453,18.387222290039062,28204700
2015-02-23,20.32999992370605,20.739999771118164,20.209999084472656,20.540000915527344,18.468141555786133,29428700
2015-02-24,20.32999992370605,20.63999938964844,20.209999084472656,20.420000076293945,18.360246658325195,27003500
2015-02-25,20.6200008392334,20.950000762939453,20.549999237060547,20.790000915527344,18.69292449951172,42515900
2015-02-26,21.1200008392334,21.14999961853028,20.88999938964844,20.959999084472656,18.84577751159668,23794700
2015-02-27,21.170000076293945,21.479999542236328,21.11000061035156,21.280000686645508,19.13349914550781,33900100
2015-03-02,21.309999465942383,21.350000381469727,20.63999938964844,20.76000022888184,18.66594696044922,51326400
2015-03-03,20.84000015258789,21.049999237060547,20.290000915527344,20.3799991607666,18.32427978515625,36239400
2015-03-04,20.43000030517578,20.450000762939453,19.989999771118164,20.040000915527344,18.0185775756836,34871100
2015-03-05,20.200000762939453,20.3799991607666,19.940000534057617,20.07999992370605,18.054542541503903,19225600
2015-03-06,19.479999542236328,19.479999542236328,18.51000022888184,18.57999992370605,16.70584487915039,106781600
2015-03-09,18.75,18.809999465942383,17.90999984741211,17.90999984741211,16.103425979614258,66267700
2015-03-10,17.950000762939453,18.25,17.479999542236328,17.670000076293945,15.887639045715332,57613900
2015-03-11,17.700000762939453,18.26000022888184,17.290000915527344,18.200000762939453,16.364177703857422,72568600
2015-03-12,18.32999992370605,18.420000076293945,17.8700008392334,18.06999969482422,16.24728775024414,50202100
2015-03-13,18.15999984741211,18.170000076293945,17.559999465942383,18.06999969482422,16.24728775024414,38433500
2015-03-16,18.1200008392334,18.280000686645508,17.75,18.11000061035156,16.283252716064453,28041200
2015-03-17,17.850000381469727,18.299999237060547,17.75,17.93000030517578,16.121410369873047,41382000
2015-03-18,17.8799991607666,18.8799991607666,17.709999084472656,18.84000015258789,16.939620971679688,83455800
2015-03-19,18.700000762939453,18.88999938964844,18.450000762939453,18.709999084472656,16.82273292541504,30136900
2015-03-20,18.950000762939453,19.479999542236328,18.88999938964844,19.32999992370605,17.38019371032715,55471900
2015-03-23,19.459999084472656,19.770000457763672,19.34000015258789,19.75,17.757827758789062,37938900
2015-03-24,19.809999465942383,19.82999992370605,19.530000686645508,19.63999938964844,17.65892219543457,27594500
2015-03-25,19.850000381469727,19.90999984741211,19.350000381469727,19.36000061035156,17.407167434692383,32797200
2015-03-26,19.68000030517578,19.8799991607666,18.8700008392334,19.06999969482422,17.14641761779785,53919800
2015-03-27,18.93000030517578,19.14999961853028,18.6299991607666,18.84000015258789,16.939620971679688,35143400
2015-03-30,18.530000686645508,18.71999931335449,18.3799991607666,18.46999931335449,16.60694122314453,37549400
2015-03-31,18.540000915527344,18.63999938964844,18.15999984741211,18.239999771118164,16.4001407623291,34256400
2015-04-01,18.540000915527344,19.25,18.459999084472656,19.209999084472656,17.27229881286621,82601100
2015-04-02,19.06999969482422,19.350000381469727,18.76000022888184,18.989999771118164,17.07448959350586,47542800
2015-04-06,19.6299991607666,19.799999237060547,19.46999931335449,19.700000762939453,17.712875366210938,50548500
2015-04-07,19.549999237060547,19.6299991607666,19.18000030517578,19.190000534057617,17.25431251525879,51149600
2015-04-08,19.299999237060547,19.43000030517578,18.89999961853028,19.09000015258789,17.164403915405273,30498200
2015-04-09,18.8700008392334,19.059999465942383,18.770000457763672,18.90999984741211,17.002559661865234,19143000
2015-04-10,19.280000686645508,19.489999771118164,19.270000457763672,19.450000762939453,17.48809051513672,41732000
2015-04-13,19.479999542236328,19.489999771118164,19.200000762939453,19.26000022888184,17.317256927490234,24567200
2015-04-14,19.280000686645508,19.600000381469727,19.239999771118164,19.40999984741211,17.45212173461914,24945600
2015-04-15,19.56999969482422,20.020000457763672,19.420000076293945,19.979999542236328,17.964630126953125,45624200
2015-04-16,20.040000915527344,20.229999542236328,19.63999938964844,19.739999771118164,17.748838424682617,36435000
2015-04-17,19.84000015258789,20.059999465942383,19.65999984741211,19.71999931335449,17.730854034423828,25575900
2015-04-20,19.559999465942383,19.850000381469727,19.450000762939453,19.82999992370605,17.829757690429688,22548100
2015-04-21,19.850000381469727,20.06999969482422,19.68000030517578,19.96999931335449,17.95563507080078,18308100
2015-04-22,19.799999237060547,19.88999938964844,19.309999465942383,19.309999465942383,17.36220932006836,52298200
2015-04-23,19.34000015258789,19.88999938964844,19.34000015258789,19.780000686645508,17.784805297851562,43056500
2015-04-24,19.6200008392334,19.82999992370605,19.36000061035156,19.36000061035156,17.407167434692383,41542900
2015-04-27,19.61000061035156,20.18000030517578,19.540000915527344,19.76000022888184,17.766822814941406,56813000
2015-04-28,19.8799991607666,20.559999465942383,19.8799991607666,20.530000686645508,18.459152221679688,61169700
2015-04-29,20.530000686645508,20.89999961853028,20.38999938964844,20.71999931335449,18.629981994628903,48166600
2015-04-30,20.18000030517578,20.26000022888184,19.86000061035156,20.11000061035156,18.081518173217773,58552500
2015-05-01,19.90999984741211,20.270000457763672,19.88999938964844,20.270000457763672,18.22537612915039,30991700
2015-05-04,20.59000015258789,20.65999984741211,20.280000686645508,20.40999984741211,18.351253509521484,20459700
2015-05-05,20.6200008392334,20.709999084472656,20.100000381469727,20.21999931335449,18.180418014526367,30224300
2015-05-06,20.31999969482422,20.350000381469727,19.65999984741211,19.709999084472656,17.721860885620117,46000500
2015-05-07,19.530000686645508,19.84000015258789,19.280000686645508,19.82999992370605,17.829757690429688,48920300
2015-05-08,19.940000534057617,20.06999969482422,19.63999938964844,19.96999931335449,17.95563507080078,24672100
2015-05-11,19.940000534057617,20.15999984741211,19.790000915527344,20.020000457763672,18.00059700012207,15760400
2015-05-12,20.07999992370605,20.34000015258789,20.06999969482422,20.290000915527344,18.24336051940918,32359200
2015-05-13,20.59000015258789,20.88999938964844,20.559999465942383,20.780000686645508,18.683937072753903,48741500
2015-05-14,20.989999771118164,21.25,20.709999084472656,20.81999969482422,18.719900131225582,49156300
2015-05-15,20.63999938964844,20.979999542236328,20.520000457763672,20.71999931335449,18.629981994628903,25460800
2015-05-18,20.86000061035156,20.93000030517578,20.64999961853028,20.75,18.656959533691406,18193800
2015-05-19,20.459999084472656,20.459999084472656,19.989999771118164,20.0,17.98261260986328,45125400
2015-05-20,20.059999465942383,20.309999465942383,20.020000457763672,20.07999992370605,18.054542541503903,24315600
2015-05-21,20.0,20.1200008392334,19.88999938964844,19.940000534057617,17.928665161132812,17569100
2015-05-22,19.950000762939453,20.059999465942383,19.81999969482422,19.82999992370605,17.829757690429688,22209700
2015-05-26,19.46999931335449,19.479999542236328,19.18000030517578,19.25,17.308265686035156,48088400
2015-05-27,19.31999969482422,19.450000762939453,19.170000076293945,19.440000534057617,17.47909927368164,25463000
2015-05-28,19.34000015258789,19.63999938964844,19.14999961853028,19.600000381469727,17.622957229614258,28073800
2015-05-29,19.64999961853028,19.790000915527344,19.479999542236328,19.57999992370605,17.604978561401367,16940600
2015-06-01,19.82999992370605,19.90999984741211,19.450000762939453,19.489999771118164,17.5240535736084,25069200
2015-06-02,19.63999938964844,19.8700008392334,19.56999969482422,19.780000686645508,17.784805297851562,32910000
2015-06-03,19.6200008392334,19.729999542236328,19.31999969482422,19.40999984741211,17.45212173461914,37003600
2015-06-04,19.15999984741211,19.200000762939453,19.040000915527344,19.06999969482422,17.14641761779785,26423400
2015-06-05,18.81999969482422,19.0,18.670000076293945,18.82999992370605,16.930627822875977,29508600
2015-06-08,18.8700008392334,19.030000686645508,18.709999084472656,19.020000457763672,17.101463317871094,41183500
2015-06-09,19.07999992370605,19.229999542236328,18.76000022888184,18.780000686645508,16.885671615600586,24942400
2015-06-10,19.040000915527344,19.13999938964844,18.8799991607666,18.959999084472656,17.047515869140625,30386300
2015-06-11,18.799999237060547,18.86000061035156,18.6299991607666,18.739999771118164,16.84970474243164,23837100
2015-06-12,18.68000030517578,18.770000457763672,18.5,18.549999237060547,16.678871154785156,22851000
2015-06-15,18.51000022888184,18.82999992370605,18.420000076293945,18.59000015258789,16.71483612060547,28170400
2015-06-16,18.43000030517578,18.489999771118164,18.299999237060547,18.32999992370605,16.481061935424805,30638900
2015-06-17,18.26000022888184,18.8799991607666,18.229999542236328,18.86000061035156,16.957603454589844,54948300
2015-06-18,19.13999938964844,19.18000030517578,18.989999771118164,19.100000381469727,17.17339324951172,38765100
2015-06-19,19.030000686645508,19.06999969482422,18.520000457763672,18.63999938964844,16.75979232788086,45124600
2015-06-22,18.40999984741211,18.520000457763672,18.31999969482422,18.32999992370605,16.481061935424805,27510800
2015-06-23,18.25,18.520000457763672,18.25,18.3799991607666,16.526020050048828,21862400
2015-06-24,18.299999237060547,18.479999542236328,18.25,18.36000061035156,16.508039474487305,14923600
2015-06-25,18.31999969482422,18.450000762939453,18.170000076293945,18.170000076293945,16.337200164794922,31516900
2015-06-26,18.14999961853028,18.26000022888184,18.059999465942383,18.09000015258789,16.26527214050293,19863800
2015-06-29,18.170000076293945,18.229999542236328,17.899999618530273,17.899999618530273,16.094436645507812,28759800
2015-06-30,17.829999923706055,18.049999237060547,17.670000076293945,17.760000228881836,15.968560218811035,32479300
2015-07-01,17.68000030517578,17.709999084472656,17.260000228881836,17.280000686645508,15.53697681427002,35526400
2015-07-02,17.389999389648438,17.670000076293945,17.3700008392334,17.6299991607666,15.851672172546388,35636600
2015-07-06,17.5,18.030000686645508,17.389999389648438,17.850000381469727,16.04947853088379,34573800
2015-07-07,17.440000534057617,17.459999084472656,16.950000762939453,16.979999542236328,15.267239570617676,66785200
2015-07-08,17.15999984741211,17.280000686645508,16.84000015258789,16.860000610351562,15.159342765808104,23785000
2015-07-09,17.1299991607666,17.190000534057617,16.770000457763672,16.93000030517578,15.222280502319336,14404800
2015-07-10,16.979999542236328,17.0,16.6299991607666,16.75,15.060437202453612,31843300
2015-07-13,16.530000686645508,16.809999465942383,16.399999618530273,16.799999237060547,15.105393409729004,17813200
2015-07-14,16.780000686645508,16.940000534057617,16.68000030517578,16.690000534057617,15.006489753723145,16502400
2015-07-15,16.530000686645508,16.579999923706055,16.270000457763672,16.309999465942383,14.664820671081545,47109000
2015-07-16,16.280000686645508,16.280000686645508,16.100000381469727,16.149999618530273,14.520957946777344,20774600
2015-07-17,16.049999237060547,16.049999237060547,15.369999885559082,15.420000076293944,13.864594459533691,67369900
2015-07-20,14.699999809265137,14.770000457763672,13.75,13.760000228881836,12.37203598022461,169146000
2015-07-21,14.0600004196167,14.529999732971191,14.020000457763672,14.119999885559082,12.695722579956056,90063100
2015-07-22,13.81999969482422,14.279999732971191,13.670000076293944,14.079999923706056,12.659757614135742,39924800
2015-07-23,14.239999771118164,14.300000190734863,13.510000228881836,13.619999885559082,12.246158599853516,69592000
2015-07-24,13.40999984741211,14.130000114440918,13.170000076293944,14.079999923706056,12.659757614135742,141204200
2015-07-27,13.899999618530272,14.380000114440918,13.4399995803833,13.56999969482422,12.201201438903809,76274700
2015-07-28,13.729999542236328,13.84000015258789,13.539999961853027,13.6899995803833,12.309099197387695,39223000
2015-07-29,13.6899995803833,14.06999969482422,13.539999961853027,13.970000267028809,12.5608549118042,56984100
2015-07-30,13.65999984741211,13.829999923706056,13.399999618530272,13.460000038146973,12.102296829223633,73229900
2015-07-31,13.84000015258789,13.970000267028809,13.579999923706056,13.75,12.363044738769531,41361100
2015-08-03,13.640000343322754,13.68000030517578,13.18000030517578,13.270000457763672,11.931463241577148,61550200
2015-08-04,13.470000267028809,13.539999961853027,13.18000030517578,13.289999961853027,11.949445724487305,69613800
2015-08-05,13.420000076293944,13.539999961853027,13.010000228881836,13.09000015258789,11.769619941711426,41758700
2015-08-06,13.210000038146973,13.6899995803833,13.109999656677246,13.369999885559082,12.021373748779297,69121200
2015-08-07,13.420000076293944,13.850000381469728,13.329999923706056,13.399999618530272,12.048346519470217,50618200
2015-08-10,13.56999969482422,14.289999961853027,13.359999656677246,14.289999961853027,12.848575592041016,91376800
2015-08-11,14.4399995803833,14.529999732971191,13.9399995803833,14.520000457763672,13.055376052856444,55172900
2015-08-12,14.8100004196167,15.529999732971191,14.779999732971191,15.520000457763672,13.954506874084473,123217200
2015-08-13,15.050000190734863,15.210000038146973,14.539999961853027,14.640000343322754,13.163269996643066,101956100
2015-08-14,14.920000076293944,14.989999771118164,14.359999656677246,14.489999771118164,13.028403282165527,33094300
2015-08-17,14.800000190734863,15.109999656677246,14.75,15.039999961853027,13.522923469543455,66966000
2015-08-18,14.739999771118164,14.920000076293944,14.510000228881836,14.770000457763672,13.280158996582031,52911000
2015-08-19,14.899999618530272,15.279999732971191,14.880000114440918,15.199999809265137,13.66678524017334,65822400
2015-08-20,15.6899995803833,16.049999237060547,15.56999969482422,15.81999969482422,14.22424602508545,86900000
2015-08-21,16.139999389648438,16.15999984741211,15.239999771118164,15.390000343322754,13.837618827819824,84174900
2015-08-24,15.15999984741211,15.609999656677246,14.06999969482422,14.130000114440918,12.704712867736816,131865300
2015-08-25,14.520000457763672,14.529999732971191,13.579999923706056,13.670000076293944,12.291114807128906,72336000
2015-08-26,13.479999542236328,13.489999771118164,12.960000038146973,13.039999961853027,11.724661827087402,97910100
2015-08-27,13.100000381469728,13.90999984741211,13.010000228881836,13.789999961853027,12.399008750915527,111023300
2015-08-28,13.760000228881836,14.40999984741211,13.75,14.25,12.81261157989502,94381300
2015-08-31,13.9399995803833,14.109999656677246,13.59000015258789,14.109999656677246,12.686731338500977,57079800
2015-09-01,14.210000038146973,14.369999885559082,13.670000076293944,13.670000076293944,12.291114807128906,56978800
2015-09-02,13.760000228881836,13.899999618530272,13.329999923706056,13.630000114440918,12.25515079498291,38700500
2015-09-03,13.390000343322754,14.029999732971191,13.359999656677246,13.380000114440918,12.030365943908691,49765400
2015-09-04,13.279999732971191,13.43000030517578,13.0600004196167,13.390000343322754,12.039356231689451,45569700
2015-09-08,13.529999732971191,13.739999771118164,13.34000015258789,13.550000190734863,12.183218002319336,36832900
2015-09-09,13.359999656677246,13.520000457763672,13.100000381469728,13.130000114440918,11.805584907531738,54365200
2015-09-10,13.350000381469728,13.420000076293944,13.079999923706056,13.119999885559082,11.79659366607666,33086600
2015-09-11,13.0,13.279999732971191,12.619999885559082,13.210000038146973,11.87751579284668,63781500
2015-09-14,13.0600004196167,13.34000015258789,12.90999984741211,13.06999969482422,11.751636505126951,37077400
2015-09-15,13.050000190734863,13.31999969482422,12.989999771118164,13.109999656677246,11.78760051727295,26398000
2015-09-16,13.380000114440918,13.93000030517578,13.369999885559082,13.890000343322754,12.488924026489258,81356400
2015-09-17,13.720000267028809,14.4399995803833,13.65999984741211,14.270000457763672,12.830595016479492,79245400
2015-09-18,14.600000381469728,14.710000038146973,14.18000030517578,14.479999542236328,13.019410133361816,53111900
2015-09-21,14.270000457763672,14.359999656677246,13.989999771118164,14.0,12.587827682495115,58502000
2015-09-22,13.670000076293944,13.710000038146973,13.3100004196167,13.359999656677246,12.012384414672852,73786500
2015-09-23,13.640000343322754,13.6899995803833,13.229999542236328,13.260000228881836,11.92247200012207,37996400
2015-09-24,13.619999885559082,14.279999732971191,13.5600004196167,14.220000267028809,12.785635948181152,102655900
2015-09-25,13.960000038146973,14.109999656677246,13.880000114440918,13.979999542236328,12.569846153259276,34885700
2015-09-28,13.619999885559082,13.720000267028809,13.289999961853027,13.31999969482422,11.976420402526855,67205900
2015-09-29,13.470000267028809,13.68000030517578,13.300000190734863,13.40999984741211,12.057340621948242,34734800
2015-09-30,13.220000267028809,13.739999771118164,13.1899995803833,13.739999771118164,12.354053497314451,41340700
2015-10-01,13.789999961853027,13.989999771118164,13.350000381469728,13.40999984741211,12.057340621948242,54110100
2015-10-02,13.949999809265137,14.5,13.880000114440918,14.489999771118164,13.028403282165527,98242100
2015-10-05,14.600000381469728,15.18000030517578,14.579999923706056,15.119999885559082,13.594853401184082,102197900
2015-10-06,15.520000457763672,15.770000457763672,15.229999542236328,15.68000030517578,14.09836769104004,92653200
2015-10-07,15.699999809265137,15.829999923706056,15.369999885559082,15.609999656677246,14.035428047180176,53677000
2015-10-08,15.359999656677246,16.149999618530273,15.31999969482422,15.40999984741211,13.855603218078612,62811000
2015-10-09,15.970000267028809,16.270000457763672,15.850000381469728,16.260000228881836,14.61986255645752,86931800
2015-10-12,16.610000610351562,16.610000610351562,15.619999885559082,15.779999732971191,14.18828010559082,73832600
2015-10-13,15.789999961853027,16.139999389648438,15.68000030517578,15.869999885559082,14.26920223236084,48817600
2015-10-14,16.239999771118164,16.989999771118164,16.170000076293945,16.899999618530273,15.195306777954102,126780700
2015-10-15,16.610000610351562,17.040000915527344,16.479999542236328,16.889999389648438,15.186315536499023,46677600
2015-10-16,16.84000015258789,16.989999771118164,16.3700008392334,16.389999389648438,14.736750602722168,65976600
2015-10-19,16.31999969482422,16.43000030517578,15.609999656677246,15.699999809265137,14.11634922027588,111747800
2015-10-20,15.899999618530272,16.520000457763672,15.890000343322754,16.329999923706055,14.6828031539917,88202900
2015-10-21,16.100000381469727,16.170000076293945,15.729999542236328,15.850000381469728,14.251219749450684,63704100
2015-10-22,15.8100004196167,16.270000457763672,15.779999732971191,16.1200008392334,14.493986129760742,48065200
2015-10-23,16.34000015258789,16.65999984741211,15.93000030517578,16.520000457763672,14.8536376953125,65417200
2015-10-26,16.479999542236328,16.479999542236328,16.0,16.010000228881836,14.39508056640625,58216300
2015-10-27,15.920000076293944,16.209999084472656,15.789999961853027,16.040000915527344,14.4220552444458,25161300
2015-10-28,16.40999984741211,16.809999465942383,15.600000381469728,15.890000343322754,14.287185668945312,76262400
2015-10-29,15.640000343322754,15.779999732971191,15.039999961853027,15.119999885559082,13.594853401184082,87347200
2015-10-30,15.06999969482422,15.390000343322754,14.949999809265137,14.960000038146973,13.450992584228516,42003200
2015-11-02,14.800000190734863,15.18000030517578,14.630000114440918,15.020000457763672,13.504942893981934,40933400
2015-11-03,14.760000228881836,15.109999656677246,14.710000038146973,14.9399995803833,13.433011054992676,27659100
2015-11-04,15.050000190734863,15.220000267028809,14.600000381469728,14.619999885559082,13.145289421081545,47752800
2015-11-05,14.630000114440918,14.630000114440918,14.010000228881836,14.079999923706056,12.659757614135742,89901000
2015-11-06,13.640000343322754,13.720000267028809,13.40999984741211,13.460000038146973,12.102296829223633,73796300
2015-11-09,13.460000038146973,13.84000015258789,13.3100004196167,13.829999923706056,12.434975624084473,76441900
2015-11-10,13.56999969482422,13.720000267028809,13.420000076293944,13.470000267028809,12.111289024353027,54219000
2015-11-11,13.539999961853027,13.65999984741211,13.4399995803833,13.649999618530272,12.273131370544434,29725700
2015-11-12,13.329999923706056,13.789999961853027,13.289999961853027,13.470000267028809,12.111289024353027,41792900
2015-11-13,13.4399995803833,13.68000030517578,13.399999618530272,13.619999885559082,12.246158599853516,31486300
2015-11-16,13.739999771118164,13.859999656677246,13.630000114440918,13.739999771118164,12.354053497314451,24226200
2015-11-17,13.619999885559082,13.65999984741211,13.050000190734863,13.079999923706056,11.760626792907717,70962600
2015-11-18,13.149999618530272,13.579999923706056,12.920000076293944,13.489999771118164,12.12926959991455,69238200
2015-11-19,13.6899995803833,14.0600004196167,13.670000076293944,13.970000267028809,12.5608549118042,57813000
2015-11-20,14.029999732971191,14.06999969482422,13.34000015258789,13.399999618530272,12.048346519470217,67610000
2015-11-23,13.350000381469728,13.479999542236328,13.25,13.329999923706056,11.985411643981934,26679900
2015-11-24,13.600000381469728,13.880000114440918,13.489999771118164,13.84000015258789,12.44396686553955,59251900
2015-11-25,13.649999618530272,13.949999809265137,13.5600004196167,13.710000038146973,12.327078819274902,35075100
2015-11-27,13.40999984741211,13.59000015258789,13.369999885559082,13.449999809265137,12.093305587768556,38458000
2015-11-30,13.550000190734863,13.800000190734863,13.520000457763672,13.760000228881836,12.37203598022461,43282800
2015-12-01,13.850000381469728,14.199999809265137,13.6899995803833,14.15999984741211,12.731689453125,55243200
2015-12-02,13.81999969482422,14.020000457763672,13.619999885559082,13.789999961853027,12.399008750915527,59197500
2015-12-03,14.029999732971191,14.210000038146973,13.859999656677246,14.079999923706056,12.659757614135742,51983700
2015-12-04,14.229999542236328,14.859999656677246,14.229999542236328,14.829999923706056,13.334105491638184,76943200
2015-12-07,14.619999885559082,14.65999984741211,14.0600004196167,14.199999809265137,12.767654418945312,69177200
2015-12-08,14.229999542236328,14.3100004196167,13.9399995803833,14.079999923706056,12.659757614135742,58937700
2015-12-09,14.420000076293944,14.529999732971191,14.09000015258789,14.270000457763672,12.830595016479492,50909900
2015-12-10,14.149999618530272,14.460000038146973,14.130000114440918,14.210000038146973,12.776643753051758,32698200
2015-12-11,14.050000190734863,14.529999732971191,14.029999732971191,14.380000114440918,12.929498672485352,47148500
2015-12-14,14.279999732971191,14.31999969482422,13.5600004196167,13.5600004196167,12.192211151123049,88301100
2015-12-15,13.720000267028809,13.81999969482422,13.510000228881836,13.630000114440918,12.25515079498291,37161500
2015-12-16,13.93000030517578,14.239999771118164,13.670000076293944,14.170000076293944,12.740679740905762,82756600
2015-12-17,13.68000030517578,13.68000030517578,13.300000190734863,13.34000015258789,11.994402885437012,92531900
2015-12-18,13.550000190734863,13.829999923706056,13.479999542236328,13.640000343322754,12.264141082763672,62472400
2015-12-21,13.8100004196167,13.899999618530272,13.649999618530272,13.760000228881836,12.478155136108398,70487000
2015-12-22,13.729999542236328,13.920000076293944,13.630000114440918,13.68000030517578,12.405607223510742,33462900
2015-12-23,13.770000457763672,13.979999542236328,13.739999771118164,13.970000267028809,12.668593406677246,42889100
2015-12-24,14.079999923706056,14.289999961853027,14.0600004196167,14.270000457763672,12.940646171569824,24429100
2015-12-28,14.029999732971191,14.039999961853027,13.670000076293944,13.789999961853027,12.505359649658203,49718100
2015-12-29,13.970000267028809,14.050000190734863,13.789999961853027,13.949999809265137,12.650453567504885,28853300
2015-12-30,13.649999618530272,13.739999771118164,13.56999969482422,13.65999984741211,12.387471199035645,40319300
2015-12-31,13.65999984741211,13.75,13.600000381469728,13.720000267028809,12.441882133483888,27523300
2016-01-04,14.119999885559082,14.239999771118164,13.869999885559082,14.09000015258789,12.777414321899414,53710100
2016-01-05,14.130000114440918,14.149999618530272,13.90999984741211,14.020000457763672,12.713933944702148,29913400
2016-01-06,14.220000267028809,14.350000381469728,14.149999618530272,14.25,12.922507286071776,39864700
2016-01-07,14.5,15.010000228881836,14.380000114440918,14.880000114440918,13.493818283081056,78644600
2016-01-08,14.5,14.640000343322754,14.260000228881836,14.520000457763672,13.167357444763184,66017900
2016-01-11,14.56999969482422,14.609999656677246,13.81999969482422,13.920000076293944,12.623250961303713,69796900
2016-01-12,13.800000190734863,13.800000190734863,13.369999885559082,13.609999656677246,12.34212875366211,66902500
2016-01-13,13.539999961853027,13.800000190734863,13.359999656677246,13.609999656677246,12.34212875366211,39568100
2016-01-14,13.460000038146973,13.59000015258789,13.0,13.130000114440918,11.906845092773438,56311100
2016-01-15,13.600000381469728,13.609999656677246,13.06999969482422,13.09000015258789,11.870572090148926,35653200
2016-01-19,13.210000038146973,13.239999771118164,12.399999618530272,12.470000267028809,11.308329582214355,76883400
2016-01-20,12.779999732971191,12.920000076293944,12.520000457763672,12.850000381469728,11.652929306030272,64908600
2016-01-21,12.699999809265137,12.979999542236328,12.449999809265137,12.90999984741211,11.707340240478516,32173600
2016-01-22,12.729999542236328,13.170000076293944,12.6899995803833,13.029999732971191,11.816161155700684,32747300
2016-01-25,13.260000228881836,13.399999618530272,13.15999984741211,13.380000114440918,12.13355541229248,51095400
2016-01-26,13.529999732971191,14.0,13.520000457763672,13.970000267028809,12.668593406677246,76144500
2016-01-27,13.869999885559082,14.210000038146973,13.710000038146973,14.199999809265137,12.877166748046877,60024700
2016-01-28,13.869999885559082,14.1899995803833,13.729999542236328,13.859999656677246,12.568840026855469,51302800
2016-01-29,13.829999923706056,14.239999771118164,13.739999771118164,14.210000038146973,12.886235237121582,46570700
2016-02-01,14.329999923706056,14.649999618530272,14.300000190734863,14.649999618530272,13.285245895385742,48295600
2016-02-02,14.479999542236328,14.56999969482422,14.109999656677246,14.300000190734863,12.967850685119627,59458800
2016-02-03,14.4399995803833,15.350000381469728,14.420000076293944,15.350000381469728,13.920035362243652,120309300
2016-02-04,15.800000190734863,16.360000610351562,15.770000457763672,16.149999618530273,14.645509719848633,122759300
2016-02-05,15.75,17.1200008392334,15.56999969482422,17.049999237060547,15.461668014526367,129420600
2016-02-08,17.5,17.899999618530273,17.440000534057617,17.469999313354492,15.84254264831543,117795100
2016-02-09,17.719999313354492,17.81999969482422,16.75,16.75,15.189614295959473,122342700
2016-02-10,16.719999313354492,17.15999984741211,16.149999618530273,17.139999389648438,15.54328727722168,80445100
2016-02-11,18.350000381469727,18.64999961853028,17.770000457763672,18.3700008392334,16.65869903564453,168723900
2016-02-12,17.850000381469727,18.850000381469727,17.780000686645508,18.84000015258789,17.084917068481445,93974000
2016-02-16,17.940000534057617,18.309999465942383,17.200000762939453,17.209999084472656,15.60676383972168,155672200
2016-02-17,17.540000915527344,17.90999984741211,17.34000015258789,17.81999969482422,16.15993881225586,78925500
2016-02-18,17.520000457763672,18.90999984741211,17.440000534057617,18.89999961853028,17.139324188232422,106526900
2016-02-19,18.61000061035156,18.88999938964844,18.280000686645508,18.3799991607666,16.66777229309082,79098700
2016-02-22,17.81999969482422,18.690000534057617,17.75,18.530000686645508,16.803794860839844,50464700
2016-02-23,18.88999938964844,19.059999465942383,18.64999961853028,18.920000076293945,17.157461166381836,73296800
2016-02-24,19.440000534057617,19.850000381469727,18.799999237060547,19.11000061035156,17.329763412475586,91260400
2016-02-25,19.01000022888184,19.459999084472656,18.940000534057617,19.38999938964844,17.58367919921875,59332500
2016-02-26,18.950000762939453,19.34000015258789,18.63999938964844,18.690000534057617,16.948894500732422,117343300
2016-02-29,18.959999084472656,19.39999961853028,18.920000076293945,19.3799991607666,17.574609756469727,80199400
2016-03-01,19.440000534057617,19.5,18.520000457763672,18.56999969482422,16.840068817138672,119848300
2016-03-02,18.71999931335449,19.18000030517578,18.59000015258789,19.049999237060547,17.275354385375977,79717600
2016-03-03,19.15999984741211,20.020000457763672,19.100000381469727,19.81999969482422,17.973623275756836,100314500
2016-03-04,19.84000015258789,20.8799991607666,19.559999465942383,19.709999084472656,17.873872756958008,138290700
2016-03-07,20.0,20.729999542236328,19.920000076293945,20.39999961853028,18.499589920043945,109608500
2016-03-08,20.6200008392334,20.729999542236328,19.38999938964844,19.420000076293945,17.610885620117188,137523000
2016-03-09,19.01000022888184,19.729999542236328,18.809999465942383,19.51000022888184,17.692501068115234,79357800
2016-03-10,19.84000015258789,20.440000534057617,19.75,20.3799991607666,18.48145294189453,100554600
2016-03-11,20.239999771118164,20.57999992370605,19.84000015258789,19.979999542236328,18.11871910095215,87906100
2016-03-14,20.14999961853028,20.229999542236328,19.11000061035156,19.1200008392334,17.338834762573242,122947800
2016-03-15,19.11000061035156,19.549999237060547,18.86000061035156,19.530000686645508,17.71063804626465,73297400
2016-03-16,19.21999931335449,20.959999084472656,18.979999542236328,20.86000061035156,18.9167423248291,167168100
2016-03-17,21.049999237060547,21.420000076293945,20.3700008392334,20.43000030517578,18.526796340942383,131512400
2016-03-18,20.36000061035156,20.93000030517578,20.350000381469727,20.61000061035156,18.69002914428711,66406800
2016-03-21,20.5,20.780000686645508,20.309999465942383,20.56999969482422,18.65375518798828,40155100
2016-03-22,20.89999961853028,21.0,20.350000381469727,20.57999992370605,18.662824630737305,42354400
2016-03-23,19.780000686645508,19.8799991607666,19.020000457763672,19.030000686645508,17.257217407226562,156720700
2016-03-24,19.25,19.600000381469727,19.06999969482422,19.459999084472656,17.647159576416016,64733000
2016-03-28,19.6200008392334,19.65999984741211,19.09000015258789,19.420000076293945,17.610885620117188,35286700
2016-03-29,19.6299991607666,20.600000381469727,19.39999961853028,20.540000915527344,18.62655067443848,123660900
2016-03-30,20.229999542236328,20.5,19.850000381469727,20.229999542236328,18.34542655944824,62118400
2016-03-31,20.479999542236328,20.56999969482422,19.959999084472656,19.96999931335449,18.10965156555176,46237400
2016-04-01,19.459999084472656,20.1200008392334,19.31999969482422,20.1200008392334,18.24567604064941,58369200
2016-04-04,20.049999237060547,20.049999237060547,19.51000022888184,19.530000686645508,17.71063804626465,65764800
2016-04-05,20.059999465942383,20.190000534057617,19.559999465942383,20.1299991607666,18.25474166870117,74601400
2016-04-06,19.8799991607666,20.229999542236328,19.799999237060547,20.14999961853028,18.27288055419922,35891000
2016-04-07,20.59000015258789,20.86000061035156,20.520000457763672,20.780000686645508,18.84419250488281,81856200
2016-04-08,20.709999084472656,21.549999237060547,20.700000762939453,21.440000534057617,19.442710876464844,69638900
2016-04-11,21.920000076293945,22.790000915527344,21.86000061035156,22.700000762939453,20.58533096313477,121978500
2016-04-12,22.780000686645508,23.059999465942383,22.36000061035156,22.8799991607666,20.74856185913086,62246400
2016-04-13,22.479999542236328,22.780000686645508,22.170000076293945,22.25,20.177249908447266,77053400
2016-04-14,22.14999961853028,22.34000015258789,21.299999237060547,21.600000381469727,19.58780288696289,100770000
2016-04-15,21.75,22.309999465942383,21.450000762939453,22.200000762939453,20.13190650939941,69043500
2016-04-18,22.46999931335449,22.479999542236328,21.90999984741211,22.18000030517578,20.113773345947266,39776600
2016-04-19,23.07999992370605,23.46999931335449,22.920000076293945,23.26000022888184,21.09316062927246,101450600
2016-04-20,23.239999771118164,23.81999969482422,22.709999084472656,22.84000015258789,20.71228790283203,107920500
2016-04-21,23.450000762939453,23.530000686645508,22.8700008392334,23.25,21.08409309387207,81445000
2016-04-22,22.950000762939453,23.40999984741211,22.440000534057617,22.59000015258789,20.48557472229004,101689200
2016-04-25,22.729999542236328,22.88999938964844,22.3700008392334,22.459999084472656,20.3676872253418,39890900
2016-04-26,22.709999084472656,23.01000022888184,22.38999938964844,22.989999771118164,20.84831619262696,63797900
2016-04-27,23.14999961853028,23.309999465942383,22.59000015258789,23.239999771118164,21.075023651123047,56420300
2016-04-28,23.479999542236328,24.39999961853028,23.420000076293945,24.280000686645508,22.018142700195312,104264300
2016-04-29,24.75,25.82999992370605,24.71999931335449,25.82999992370605,23.423748016357425,116216000
2016-05-02,26.100000381469727,26.170000076293945,25.100000381469727,25.38999938964844,23.024734497070312,84514200
2016-05-03,25.489999771118164,25.530000686645508,24.46999931335449,24.65999984741211,22.36274147033692,94115500
2016-05-04,24.200000762939453,24.64999961853028,23.290000915527344,23.40999984741211,21.22918701171875,122063000
2016-05-05,23.81999969482422,24.31999969482422,23.71999931335449,24.18000030517578,21.927453994750977,88670100
2016-05-06,24.690000534057617,25.440000534057617,24.559999465942383,25.1299991607666,22.78895568847656,100086900
2016-05-09,24.040000915527344,24.18000030517578,23.5,23.520000457763672,21.328941345214844,128209000
2016-05-10,23.64999961853028,24.51000022888184,23.34000015258789,24.39999961853028,22.126962661743164,87011000
2016-05-11,24.920000076293945,25.34000015258789,24.200000762939453,25.049999237060547,22.716407775878903,84347400
2016-05-12,25.100000381469727,25.39999961853028,24.420000076293945,24.549999237060547,22.262989044189453,76147200
2016-05-13,24.57999992370605,25.0,24.440000534057617,24.790000915527344,22.480632781982425,47602900
2016-05-16,25.32999992370605,25.61000061035156,25.030000686645508,25.239999771118164,22.888710021972656,64173700
2016-05-17,25.18000030517578,25.850000381469727,24.920000076293945,25.57999992370605,23.19703865051269,60077800
2016-05-18,25.059999465942383,25.420000076293945,23.549999237060547,23.559999465942383,21.36521339416504,190329800
2016-05-19,23.0,24.09000015258789,22.780000686645508,23.959999084472656,21.72795295715332,88378000
2016-05-20,24.239999771118164,24.270000457763672,23.3799991607666,24.049999237060547,21.80956649780273,70444800
2016-05-23,23.46999931335449,24.239999771118164,23.36000061035156,23.780000686645508,21.564722061157227,51488900
2016-05-24,23.25,23.46999931335449,22.440000534057617,22.46999931335449,20.376752853393555,124509700
2016-05-25,22.36000061035156,23.190000534057617,21.940000534057617,23.030000686645508,20.88458824157715,74463300
2016-05-26,23.350000381469727,23.559999465942383,22.75,22.950000762939453,20.81203842163086,52006900
2016-05-27,22.739999771118164,22.959999084472656,22.170000076293945,22.280000686645508,20.204458236694336,100823000
2016-05-31,22.309999465942383,23.049999237060547,22.1299991607666,22.57999992370605,20.47650909423828,78295000
2016-06-01,22.700000762939453,23.09000015258789,22.34000015258789,22.71999931335449,20.60346794128418,51078900
2016-06-02,22.670000076293945,22.96999931335449,22.479999542236328,22.770000457763672,20.64881134033203,35409200
2016-06-03,24.07999992370605,25.36000061035156,24.07999992370605,25.32999992370605,22.970327377319336,190026800
2016-06-06,25.280000686645508,25.540000915527344,24.84000015258789,25.450000762939453,23.079147338867188,76841900
2016-06-07,25.11000061035156,25.440000534057617,25.01000022888184,25.11000061035156,22.77082061767578,52296400
2016-06-08,26.190000534057617,26.5,25.84000015258789,25.93000030517578,23.51443099975586,98078700
2016-06-09,25.920000076293945,26.40999984741211,25.770000457763672,26.32999992370605,23.87717056274414,62777300
2016-06-10,26.530000686645508,26.89999961853028,25.76000022888184,25.959999084472656,23.541637420654297,68347900
2016-06-13,26.59000015258789,26.64999961853028,25.600000381469727,25.90999984741211,23.49629211425781,51094400
2016-06-14,26.059999465942383,26.059999465942383,25.1299991607666,25.34000015258789,22.979398727416992,71065700
2016-06-15,25.34000015258789,26.540000915527344,25.21999931335449,26.31999969482422,23.868099212646484,104434600
2016-06-16,27.030000686645508,27.030000686645508,25.40999984741211,25.489999771118164,23.115419387817383,124160700
2016-06-17,25.950000762939453,26.030000686645508,25.25,25.790000915527344,23.387475967407227,72290200
2016-06-20,25.01000022888184,25.809999465942383,24.90999984741211,25.63999938964844,23.251447677612305,58425400
2016-06-21,25.11000061035156,25.36000061035156,24.90999984741211,24.93000030517578,22.607589721679688,78428000
2016-06-22,25.030000686645508,25.5,24.799999237060547,25.5,23.124488830566406,75614700
2016-06-23,25.270000457763672,25.670000076293945,25.1299991607666,25.21999931335449,22.87057113647461,61697500
2016-06-24,27.670000076293945,27.709999084472656,26.3700008392334,26.75,24.258041381835938,142864600
2016-06-27,26.96999931335449,27.40999984741211,26.43000030517578,27.059999465942383,24.53916358947754,77756600
2016-06-28,26.57999992370605,27.0,26.479999542236328,26.600000381469727,24.12201881408692,80951500
2016-06-29,27.01000022888184,27.61000061035156,26.950000762939453,27.14999961853028,24.620779037475582,68734100
2016-06-30,27.450000762939453,27.75,27.15999984741211,27.709999084472656,25.12861061096192,53540000
2016-07-01,28.5,29.200000762939453,28.440000534057617,29.049999237060547,26.343780517578125,86021800
2016-07-05,29.479999542236328,29.76000022888184,28.850000381469727,29.63999938964844,26.87881660461425,70577700
2016-07-06,30.07999992370605,30.68000030517578,29.959999084472656,30.56999969482422,27.722183227539062,106290300
2016-07-07,30.1299991607666,30.14999961853028,29.39999961853028,29.61000061035156,26.85161399841309,88889600
2016-07-08,29.65999984741211,30.68000030517578,29.43000030517578,30.540000915527344,27.694976806640625,94810000
2016-07-11,30.229999542236328,30.729999542236328,30.13999938964844,30.600000381469727,27.7493896484375,46584000
2016-07-12,30.290000915527344,30.46999931335449,29.38999938964844,29.39999961853028,26.66117286682129,94497400
2016-07-13,30.09000015258789,30.6299991607666,29.82999992370605,30.3700008392334,27.54081344604492,66785900
2016-07-14,29.520000457763672,30.25,29.350000381469727,30.209999084472656,27.395715713500977,55919200
2016-07-15,29.709999084472656,30.14999961853028,29.670000076293945,29.8700008392334,27.08739280700684,50421800
2016-07-18,29.950000762939453,30.049999237060547,29.57999992370605,29.979999542236328,27.187145233154297,50567100
2016-07-19,29.850000381469727,29.989999771118164,29.63999938964844,29.670000076293945,26.90602684020996,44503800
2016-07-20,28.959999084472656,28.96999931335449,27.799999237060547,27.989999771118164,25.382530212402344,130406100
2016-07-21,28.309999465942383,29.020000457763672,28.11000061035156,28.8700008392334,26.18054962158203,85509300
2016-07-22,28.5,28.950000762939453,28.46999931335449,28.780000686645508,26.098934173583984,30446500
2016-07-25,28.34000015258789,28.350000381469727,27.450000762939453,27.729999542236328,25.146747589111328,89557100
2016-07-26,28.209999084472656,28.729999542236328,27.989999771118164,28.5,25.845014572143555,74116400
2016-07-27,28.96999931335449,29.96999931335449,28.239999771118164,29.799999237060547,27.023908615112305,113312100
2016-07-28,29.93000030517578,30.09000015258789,29.239999771118164,29.75,26.97857093811035,57024500
2016-07-29,30.270000457763672,30.770000457763672,30.020000457763672,30.59000015258789,27.74032020568848,74383700
2016-08-01,30.46999931335449,31.049999237060547,30.26000022888184,30.93000030517578,28.04865074157715,84315500
2016-08-02,31.34000015258789,31.63999938964844,31.18000030517578,31.31999969482422,28.402313232421875,68903600
2016-08-03,31.1200008392334,31.1299991607666,30.700000762939453,30.940000534057617,28.057716369628903,50504200
2016-08-04,31.1299991607666,31.450000762939453,31.100000381469727,31.229999542236328,28.320695877075195,44509100
2016-08-05,30.350000381469727,30.46999931335449,30.059999465942383,30.229999542236328,27.413854598999023,85813900
2016-08-08,30.200000762939453,30.809999465942383,30.14999961853028,30.5,27.65870475769043,43730900
2016-08-09,30.739999771118164,30.950000762939453,30.59000015258789,30.76000022888184,27.894481658935547,42545400
2016-08-10,31.540000915527344,31.690000534057617,30.96999931335449,31.299999237060547,28.384174346923828,56247200
2016-08-11,31.31999969482422,31.790000915527344,30.979999542236328,31.040000915527344,28.14839744567871,48765200
2016-08-12,31.76000022888184,31.790000915527344,30.920000076293945,31.049999237060547,28.15746688842773,44118800
2016-08-15,31.100000381469727,31.299999237060547,30.739999771118164,30.86000061035156,27.98516845703125,39820800
2016-08-16,30.920000076293945,31.09000015258789,30.63999938964844,30.809999465942383,27.9398250579834,35355600
2016-08-17,30.5,30.6200008392334,29.65999984741211,30.3700008392334,27.54081344604492,78518200
2016-08-18,30.6299991607666,30.780000686645508,30.31999969482422,30.75,27.885412216186523,60204200
2016-08-19,30.13999938964844,30.32999992370605,29.86000061035156,29.959999084472656,27.169004440307617,61761900
2016-08-22,29.5,29.59000015258789,29.299999237060547,29.459999084472656,26.715585708618164,47948100
2016-08-23,29.71999931335449,29.770000457763672,28.979999542236328,29.020000457763672,26.31657600402832,57386700
2016-08-24,28.6200008392334,28.64999961853028,26.84000015258789,26.96999931335449,24.45754814147949,168133500
2016-08-25,26.959999084472656,27.86000061035156,26.63999938964844,27.309999465942383,24.7658748626709,68662900
2016-08-26,27.88999938964844,28.43000030517578,26.81999969482422,27.18000030517578,24.64798355102539,109036600
2016-08-29,26.89999961853028,27.520000457763672,26.71999931335449,27.239999771118164,24.70239448547364,57214300
2016-08-30,26.979999542236328,27.09000015258789,25.65999984741211,25.89999961853028,23.487228393554688,104101200
2016-08-31,25.600000381469727,25.850000381469727,25.32999992370605,25.489999771118164,23.115419387817383,76912300
2016-09-01,25.350000381469727,26.46999931335449,25.170000076293945,26.420000076293945,23.958786010742188,131755800
2016-09-02,27.25,27.459999084472656,26.790000915527344,27.350000381469727,24.802146911621094,105245000
2016-09-06,27.920000076293945,28.700000762939453,27.670000076293945,28.68000030517578,26.008251190185547,109292600
2016-09-07,28.600000381469727,28.64999961853028,27.780000686645508,28.520000457763672,25.863157272338867,76616800
2016-09-08,28.350000381469727,28.61000061035156,27.700000762939453,27.89999961853028,25.30090713500977,86866500
2016-09-09,27.51000022888184,27.520000457763672,26.25,26.40999984741211,23.949716567993164,147300700
2016-09-12,25.950000762939453,27.280000686645508,25.86000061035156,27.040000915527344,24.52102851867676,103987000
2016-09-13,26.739999771118164,26.799999237060547,25.690000534057617,26.059999465942383,23.632322311401367,100593400
2016-09-14,26.309999465942383,26.670000076293945,25.86000061035156,26.01000022888184,23.58697891235352,58638100
2016-09-15,25.96999931335449,26.63999938964844,25.600000381469727,26.18000030517578,23.74114418029785,59497200
2016-09-16,25.84000015258789,26.309999465942383,25.559999465942383,25.959999084472656,23.541637420654297,78274900
2016-09-19,26.3700008392334,26.40999984741211,26.01000022888184,26.09000015258789,23.65952682495117,75485900
2016-09-20,26.11000061035156,26.290000915527344,25.86000061035156,26.059999465942383,23.632322311401367,36482300
2016-09-21,26.6200008392334,28.01000022888184,26.540000915527344,27.89999961853028,25.30090713500977,154524800
2016-09-22,28.25,28.559999465942383,27.450000762939453,27.739999771118164,25.15581512451172,75802500
2016-09-23,27.690000534057617,27.770000457763672,26.75,27.020000457763672,24.50288963317871,71253200
2016-09-26,27.209999084472656,28.07999992370605,26.739999771118164,26.780000686645508,24.285245895385746,34991100
2016-09-27,26.489999771118164,26.59000015258789,26.01000022888184,26.280000686645508,23.831825256347656,63202200
2016-09-28,26.270000457763672,27.11000061035156,25.86000061035156,26.90999984741211,24.40313720703125,76698200
2016-09-29,26.56999969482422,26.920000076293945,26.31999969482422,26.690000534057617,24.203632354736328,43496600
2016-09-30,27.209999084472656,27.25,26.32999992370605,26.43000030517578,23.967849731445312,45277400
2016-10-03,26.350000381469727,26.56999969482422,25.64999961853028,25.959999084472656,23.541637420654297,60525600
2016-10-04,25.100000381469727,25.100000381469727,23.3799991607666,23.39999961853028,21.220117568969727,232153600
2016-10-05,23.84000015258789,23.979999542236328,22.93000030517578,23.57999992370605,21.383350372314453,107388100
2016-10-06,22.82999992370605,23.209999084472656,22.57999992370605,22.84000015258789,20.71228790283203,99699500
2016-10-07,23.56999969482422,23.739999771118164,22.59000015258789,23.0,20.857383728027344,82953600
2016-10-10,23.170000076293945,23.38999938964844,22.96999931335449,23.15999984741211,21.00248146057129,39561300
2016-10-11,22.88999938964844,23.07999992370605,22.5,22.57999992370605,20.47650909423828,76085000
2016-10-12,22.709999084472656,23.36000061035156,22.6200008392334,23.06999969482422,20.920860290527344,77536200
2016-10-13,23.209999084472656,24.09000015258789,23.030000686645508,23.489999771118164,21.301734924316406,78278100
2016-10-14,23.13999938964844,23.63999938964844,22.90999984741211,22.989999771118164,20.84831619262696,68079800
2016-10-17,23.14999961853028,23.46999931335449,23.0,23.34000015258789,21.16570854187012,43448300
2016-10-18,23.81999969482422,24.270000457763672,23.549999237060547,24.200000762939453,21.94559860229492,80749700
2016-10-19,24.64999961853028,24.989999771118164,24.36000061035156,24.8700008392334,22.55318069458008,88193100
2016-10-20,24.86000061035156,24.940000534057617,24.3799991607666,24.809999465942383,22.49876976013184,39322100
2016-10-21,24.709999084472656,24.780000686645508,24.39999961853028,24.6200008392334,22.32646751403809,34304800
2016-10-24,24.86000061035156,24.8700008392334,23.790000915527344,24.09000015258789,21.84584045410156,69003600
2016-10-25,24.290000915527344,24.93000030517578,24.18000030517578,24.64999961853028,22.35367202758789,68885200
2016-10-26,24.6200008392334,24.75,23.86000061035156,24.1299991607666,21.88211250305176,80726800
2016-10-27,24.31999969482422,24.36000061035156,23.479999542236328,23.729999542236328,21.519376754760746,64873500
2016-10-28,23.670000076293945,24.290000915527344,23.43000030517578,23.809999465942383,21.5919246673584,61709800
2016-10-31,23.959999084472656,24.549999237060547,23.739999771118164,24.520000457763672,22.23578643798828,73846500
2016-11-01,25.07999992370605,25.57999992370605,24.90999984741211,25.1299991607666,22.78895568847656,82620900
2016-11-02,25.690000534057617,25.93000030517578,24.549999237060547,24.76000022888184,22.45342445373535,114456900
2016-11-03,24.780000686645508,25.46999931335449,24.729999542236328,25.299999237060547,22.94312286376953,67325600
2016-11-04,25.290000915527344,25.32999992370605,24.64999961853028,25.06999969482422,22.734548568725582,64627900
2016-11-07,24.21999931335449,24.350000381469727,23.75,24.07999992370605,21.836774826049805,91724900
2016-11-08,24.190000534057617,24.68000030517578,23.63999938964844,23.959999084472656,21.72795295715332,63550900
2016-11-09,25.6299991607666,25.700000762939453,24.0,24.59000015258789,22.29926300048828,120870800
2016-11-10,24.34000015258789,24.34000015258789,22.600000381469727,22.75,20.63067054748535,180716500
2016-11-11,22.670000076293945,22.75,20.82999992370605,20.920000076293945,18.97115135192871,179547700
2016-11-14,20.51000022888184,21.76000022888184,20.1299991607666,21.1200008392334,19.15251922607422,135306100
2016-11-15,21.229999542236328,22.14999961853028,20.989999771118164,22.020000457763672,19.96867561340332,107240500
2016-11-16,21.89999961853028,22.0,21.38999938964844,21.84000015258789,19.80544662475586,55839800
2016-11-17,21.809999465942383,22.25,20.89999961853028,21.299999237060547,19.315752029418945,97704100
2016-11-18,21.049999237060547,21.280000686645508,20.770000457763672,21.049999237060547,19.08903694152832,75593000
2016-11-21,21.440000534057617,21.75,21.280000686645508,21.479999542236328,19.478981018066406,63978400
2016-11-22,21.549999237060547,21.6200008392334,20.959999084472656,21.559999465942383,19.55153083801269,44435000
2016-11-23,20.71999931335449,20.71999931335449,20.13999938964844,20.5,18.59027671813965,134622000
2016-11-25,20.700000762939453,20.86000061035156,20.440000534057617,20.61000061035156,18.69002914428711,34433900
2016-11-28,20.89999961853028,21.440000534057617,20.670000076293945,21.39999961853028,19.406435012817383,100582700
2016-11-29,20.8799991607666,21.3799991607666,20.770000457763672,21.229999542236328,19.25227165222168,50015500
2016-11-30,20.979999542236328,21.049999237060547,20.520000457763672,20.82999992370605,18.8895320892334,70615400
2016-12-01,20.59000015258789,21.13999938964844,20.270000457763672,20.65999984741211,18.73536872863769,58942400
2016-12-02,20.90999984741211,21.5,20.89999961853028,21.3700008392334,19.37923049926757,88022300
2016-12-05,20.989999771118164,21.57999992370605,20.6299991607666,21.32999992370605,19.342952728271484,64778100
2016-12-06,21.31999969482422,21.670000076293945,21.059999465942383,21.200000762939453,19.225067138671875,43701300
2016-12-07,21.57999992370605,21.739999771118164,21.280000686645508,21.440000534057617,19.442710876464844,63628600
2016-12-08,21.350000381469727,21.520000457763672,21.18000030517578,21.459999084472656,19.460845947265625,35073600
2016-12-09,21.229999542236328,21.299999237060547,20.520000457763672,20.670000076293945,18.74444007873535,99890500
2016-12-12,20.89999961853028,21.100000381469727,20.6200008392334,20.75,18.81698608398437,54072800
2016-12-13,20.729999542236328,21.100000381469727,20.59000015258789,21.040000915527344,19.079973220825195,58388500
2016-12-14,21.34000015258789,21.489999771118164,19.8700008392334,19.88999938964844,18.03709983825684,154550100
2016-12-15,19.309999465942383,19.350000381469727,18.68000030517578,18.989999771118164,17.2209415435791,175932700
2016-12-16,19.26000022888184,19.479999542236328,18.790000915527344,19.07999992370605,17.30255889892578,99834300
2016-12-19,19.170000076293945,19.280000686645508,18.920000076293945,19.07999992370605,17.35257911682129,46656800
2016-12-20,18.709999084472656,19.18000030517578,18.57999992370605,19.1299991607666,17.39805030822754,56487500
2016-12-21,19.209999084472656,19.290000915527344,18.96999931335449,19.09000015258789,17.361671447753906,75381500
2016-12-22,19.049999237060547,19.420000076293945,19.0,19.06999969482422,17.34348487854004,59725500
2016-12-23,19.14999961853028,19.43000030517578,19.100000381469727,19.34000015258789,17.589040756225586,58208900
2016-12-27,19.670000076293945,19.8799991607666,19.520000457763672,19.8700008392334,18.071054458618164,60061500
2016-12-28,19.75,20.31999969482422,19.63999938964844,20.239999771118164,18.40755844116211,61690300
2016-12-29,20.46999931335449,21.84000015258789,20.450000762939453,21.75,19.78084754943848,140319100
2016-12-30,21.790000915527344,22.239999771118164,20.790000915527344,20.920000076293945,19.025991439819336,142043300
2017-01-03,21.06999969482422,21.770000457763672,20.979999542236328,21.76000022888184,19.78994369506836,83239600
2017-01-04,22.0,22.01000022888184,21.559999465942383,21.920000076293945,19.93545722961425,59106200
2017-01-05,22.36000061035156,23.350000381469727,22.350000381469727,23.200000762939453,21.099573135375977,135142000
2017-01-06,22.68000030517578,23.09000015258789,22.020000457763672,22.38999938964844,20.36290740966797,123849500
2017-01-09,22.920000076293945,22.940000534057617,22.31999969482422,22.459999084472656,20.426570892333984,61158100
2017-01-10,22.68000030517578,22.959999084472656,22.280000686645508,22.6200008392334,20.57208633422852,69928600
2017-01-11,22.38999938964844,22.850000381469727,21.89999961853028,22.56999969482422,20.526609420776367,75435300
2017-01-12,23.049999237060547,23.25,22.3799991607666,22.6200008392334,20.57208633422852,67123800
2017-01-13,22.38999938964844,22.84000015258789,22.14999961853028,22.739999771118164,20.68122100830078,48983500
2017-01-17,23.479999542236328,23.559999465942383,23.170000076293945,23.36000061035156,21.245086669921875,94245700
2017-01-18,23.350000381469727,23.549999237060547,22.709999084472656,23.01000022888184,20.926773071289062,75029500
2017-01-19,22.75,23.06999969482422,22.549999237060547,22.8799991607666,20.80854606628418,60294600
2017-01-20,22.90999984741211,23.459999084472656,22.71999931335449,23.1200008392334,21.02681541442871,56212400
2017-01-23,23.36000061035156,23.81999969482422,23.25,23.809999465942383,21.65434455871582,87895700
2017-01-24,23.75,24.25,23.59000015258789,23.82999992370605,21.67253494262696,78455500
2017-01-25,23.36000061035156,23.5,23.1200008392334,23.46999931335449,21.34512710571289,64683100
2017-01-26,22.93000030517578,23.1299991607666,22.780000686645508,22.8700008392334,20.79944610595703,68361000
2017-01-27,22.8799991607666,23.270000457763672,22.8799991607666,23.21999931335449,21.11776351928711,49016500
2017-01-30,23.32999992370605,23.600000381469727,23.100000381469727,23.14999961853028,21.054100036621094,35261200
2017-01-31,23.729999542236328,23.93000030517578,23.670000076293945,23.93000030517578,21.76348304748535,92955600
2017-02-01,23.559999465942383,24.989999771118164,23.450000762939453,23.850000381469727,21.690723419189453,56371600
2017-02-02,24.40999984741211,24.549999237060547,24.209999084472656,24.3799991607666,22.172740936279297,56822500
2017-02-03,24.3799991607666,24.64999961853028,24.270000457763672,24.5,22.28187561035156,33050500
2017-02-06,24.89999961853028,25.420000076293945,24.6200008392334,25.39999961853028,23.10039329528809,74544000
2017-02-07,25.1299991607666,25.56999969482422,25.030000686645508,25.290000915527344,23.00035285949707,58295200
2017-02-08,25.559999465942383,25.709999084472656,25.270000457763672,25.56999969482422,23.2549991607666,41295600
2017-02-09,25.56999969482422,25.6200008392334,24.84000015258789,24.90999984741211,22.65475845336914,80783300
2017-02-10,24.670000076293945,25.36000061035156,24.600000381469727,25.290000915527344,23.00035285949707,65396100
2017-02-13,25.0,25.14999961853028,24.86000061035156,24.950000762939453,22.69113540649414,49701600
2017-02-14,25.270000457763672,25.32999992370605,24.61000061035156,24.920000076293945,22.66385078430176,56856900
2017-02-15,24.600000381469727,24.96999931335449,24.5,24.93000030517578,22.67294692993164,28928900
2017-02-16,25.06999969482422,25.34000015258789,24.979999542236328,25.200000762939453,22.918502807617188,46822700
2017-02-17,25.290000915527344,25.31999969482422,24.729999542236328,24.790000915527344,22.54562187194824,50189500
2017-02-21,24.479999542236328,24.76000022888184,24.1200008392334,24.6200008392334,22.39101219177246,50226300
2017-02-22,24.479999542236328,24.600000381469727,23.81999969482422,24.32999992370605,22.12726783752441,78978500
2017-02-23,24.729999542236328,24.86000061035156,24.350000381469727,24.3700008392334,22.16364860534668,45345000
2017-02-24,24.709999084472656,24.71999931335449,24.049999237060547,24.1299991607666,21.945369720458984,49738700
2017-02-27,24.100000381469727,24.57999992370605,22.729999542236328,22.84000015258789,20.77216339111328,112479400
2017-02-28,23.239999771118164,23.420000076293945,22.63999938964844,22.850000381469727,20.781259536743164,83215200
2017-03-01,22.450000762939453,23.170000076293945,22.270000457763672,22.979999542236328,20.899490356445312,64108600
2017-03-02,22.489999771118164,22.690000534057617,21.82999992370605,21.93000030517578,19.944551467895508,102332100
2017-03-03,21.729999542236328,22.46999931335449,21.56999969482422,22.200000762939453,20.19011116027832,82068800
2017-03-06,22.100000381469727,22.1200008392334,21.350000381469727,21.63999938964844,19.68080711364746,75805800
2017-03-07,21.3799991607666,21.799999237060547,21.21999931335449,21.51000022888184,19.562578201293945,49198800
2017-03-08,21.229999542236328,21.63999938964844,21.170000076293945,21.350000381469727,19.417064666748047,47354800
2017-03-09,21.38999938964844,21.549999237060547,21.13999938964844,21.13999938964844,19.22607612609864,36909000
2017-03-10,21.31999969482422,21.88999938964844,21.190000534057617,21.729999542236328,19.762657165527344,82724800
2017-03-13,21.88999938964844,22.100000381469727,21.729999542236328,22.0,20.00821685791016,52664600
2017-03-14,21.90999984741211,22.190000534057617,21.26000022888184,21.34000015258789,19.407968521118164,80950500
2017-03-15,21.56999969482422,23.040000915527344,21.3700008392334,22.979999542236328,20.899490356445312,150366100
2017-03-16,22.979999542236328,23.450000762939453,22.690000534057617,22.770000457763672,20.70850372314453,61512900
2017-03-17,22.86000061035156,23.07999992370605,22.51000022888184,22.670000076293945,20.61755752563477,49383500
2017-03-20,22.739999771118164,23.0,22.57999992370605,22.88999938964844,20.817636489868164,45769700
2017-03-21,23.049999237060547,23.51000022888184,23.030000686645508,23.26000022888184,21.154142379760746,75857100
2017-03-22,23.420000076293945,23.559999465942383,23.1299991607666,23.25,21.14504623413086,61585400
2017-03-23,23.36000061035156,23.450000762939453,22.6299991607666,23.030000686645508,20.944965362548828,67748100
2017-03-24,22.950000762939453,23.18000030517578,22.82999992370605,22.920000076293945,20.84492492675781,35724900
2017-03-27,23.440000534057617,23.540000915527344,23.14999961853028,23.43000030517578,21.30875015258789,61768100
2017-03-28,23.350000381469727,23.479999542236328,22.57999992370605,22.809999465942383,20.74488067626953,74233000
2017-03-29,22.739999771118164,23.059999465942383,22.65999984741211,22.90999984741211,20.83582878112793,33489000
2017-03-30,22.729999542236328,22.88999938964844,22.530000686645508,22.549999237060547,20.508419036865234,44880400
2017-03-31,22.64999961853028,23.1200008392334,22.549999237060547,22.809999465942383,20.74488067626953,56753500
2017-04-03,22.84000015258789,23.21999931335449,22.790000915527344,23.200000762939453,21.099573135375977,47771600
2017-04-04,23.34000015258789,23.46999931335449,23.190000534057617,23.450000762939453,21.326940536499023,36716200
2017-04-05,23.170000076293945,23.65999984741211,23.020000457763672,23.479999542236328,21.354223251342773,65945600
2017-04-06,23.39999961853028,23.549999237060547,23.25,23.51000022888184,21.38150787353516,35595900
2017-04-07,23.90999984741211,24.020000457763672,23.21999931335449,23.5,21.37241172790528,53894800
2017-04-10,23.3799991607666,23.709999084472656,23.200000762939453,23.64999961853028,21.50883102416992,44121700
2017-04-11,23.989999771118164,24.459999084472656,23.8700008392334,24.36000061035156,22.15455436706543,88138900
2017-04-12,24.36000061035156,24.59000015258789,24.07999992370605,24.56999969482422,22.345537185668945,64128000
2017-04-13,24.6200008392334,24.8799991607666,24.3799991607666,24.540000915527344,22.31825828552246,59164800
2017-04-17,24.559999465942383,24.76000022888184,24.309999465942383,24.46999931335449,22.25459289550781,44182500
2017-04-18,24.3799991607666,24.440000534057617,23.989999771118164,24.270000457763672,22.07269859313965,53986000
2017-04-19,24.030000686645508,24.06999969482422,23.280000686645508,23.38999938964844,21.27237319946289,111847200
2017-04-20,23.479999542236328,23.799999237060547,23.36000061035156,23.57999992370605,21.44516944885254,48955800
2017-04-21,23.670000076293945,23.81999969482422,23.479999542236328,23.61000061035156,21.47245216369629,52601700
2017-04-24,23.13999938964844,23.440000534057617,23.07999992370605,23.200000762939453,21.099573135375977,69344300
2017-04-25,22.90999984741211,22.920000076293945,21.950000762939453,22.21999931335449,20.208297729492188,130026200
2017-04-26,22.190000534057617,22.420000076293945,21.68000030517578,22.26000022888184,20.24467658996582,75540500
2017-04-27,22.270000457763672,22.270000457763672,21.709999084472656,21.809999465942383,19.83541488647461,71964000
2017-04-28,21.979999542236328,22.43000030517578,21.8700008392334,22.229999542236328,20.21739196777344,67758600
2017-05-01,22.030000686645508,22.229999542236328,21.51000022888184,21.690000534057617,19.726282119750977,67101600
2017-05-02,21.6200008392334,21.959999084472656,21.549999237060547,21.739999771118164,19.77175521850586,43845800
2017-05-03,21.709999084472656,22.280000686645508,21.51000022888184,21.51000022888184,19.562578201293945,67303100
2017-05-04,21.18000030517578,21.309999465942383,20.88999938964844,21.100000381469727,19.18969917297364,70495200
2017-05-05,21.170000076293945,21.75,21.1200008392334,21.549999237060547,19.59895706176757,58316100
2017-05-08,21.57999992370605,21.59000015258789,21.290000915527344,21.540000915527344,19.589862823486328,26305200
2017-05-09,21.34000015258789,21.56999969482422,21.21999931335449,21.520000457763672,19.571672439575195,42362800
2017-05-10,21.82999992370605,22.040000915527344,21.75,21.93000030517578,19.944551467895508,48357300
2017-05-11,22.040000915527344,22.5,22.01000022888184,22.3700008392334,20.34471893310547,66080500
2017-05-12,22.709999084472656,22.8799991607666,22.6200008392334,22.71999931335449,20.66303062438965,44397500
2017-05-15,23.1299991607666,23.1299991607666,22.479999542236328,22.799999237060547,20.73578453063965,43566900
2017-05-16,22.8700008392334,23.049999237060547,22.84000015258789,22.959999084472656,20.88130187988281,32089000
2017-05-17,23.459999084472656,23.670000076293945,23.1299991607666,23.3700008392334,21.25418281555176,67494600
2017-05-18,23.11000061035156,23.170000076293945,22.549999237060547,22.64999961853028,20.599369049072266,76638200
2017-05-19,22.96999931335449,23.01000022888184,22.809999465942383,22.86000061035156,20.79035377502441,38486000
2017-05-22,23.06999969482422,23.38999938964844,23.040000915527344,23.15999984741211,21.063196182250977,40356400
2017-05-23,23.26000022888184,23.38999938964844,22.57999992370605,22.63999938964844,20.59027099609375,58240500
2017-05-24,22.56999969482422,22.979999542236328,22.200000762939453,22.96999931335449,20.89039802551269,55901900
2017-05-25,22.71999931335449,22.82999992370605,22.489999771118164,22.709999084472656,20.65393447875977,42202900
2017-05-26,23.01000022888184,23.049999237060547,22.82999992370605,22.940000534057617,20.863115310668945,33135000
2017-05-30,22.64999961853028,22.84000015258789,22.59000015258789,22.59000015258789,20.5447998046875,35882500
2017-05-31,22.68000030517578,22.90999984741211,22.450000762939453,22.690000534057617,20.63574409484864,41639300
2017-06-01,22.5,22.780000686645508,22.440000534057617,22.600000381469727,20.553895950317383,27032600
2017-06-02,22.940000534057617,23.01000022888184,22.670000076293945,22.76000022888184,20.69940948486328,43410900
2017-06-05,22.82999992370605,22.88999938964844,22.489999771118164,22.739999771118164,20.68122100830078,26543100
2017-06-06,23.100000381469727,23.86000061035156,23.07999992370605,23.799999237060547,21.64525032043457,97130500
2017-06-07,23.56999969482422,23.81999969482422,23.31999969482422,23.64999961853028,21.50883102416992,56209800
2017-06-08,23.39999961853028,23.40999984741211,22.959999084472656,23.21999931335449,21.11776351928711,70016900
2017-06-09,22.84000015258789,23.11000061035156,22.809999465942383,22.82999992370605,20.76306915283203,50189900
2017-06-12,22.75,22.96999931335449,22.68000030517578,22.739999771118164,20.68122100830078,44601500
2017-06-13,22.61000061035156,23.13999938964844,22.600000381469727,22.96999931335449,20.89039802551269,40029400
2017-06-14,23.3799991607666,23.420000076293945,22.100000381469727,22.21999931335449,20.208297729492188,107805400
2017-06-15,22.0,22.34000015258789,21.959999084472656,22.100000381469727,20.09916305541992,74322300
2017-06-16,22.059999465942383,22.170000076293945,21.940000534057617,22.059999465942383,20.062782287597656,50005000
2017-06-19,21.93000030517578,22.209999084472656,21.850000381469727,21.93000030517578,19.944551467895508,46840300
2017-06-20,21.959999084472656,21.96999931335449,21.75,21.799999237060547,19.82632064819336,31301100
2017-06-21,21.81999969482422,22.1299991607666,21.770000457763672,22.11000061035156,20.108259201049805,37797100
2017-06-22,22.36000061035156,22.549999237060547,22.26000022888184,22.36000061035156,20.33562088012696,47219900
2017-06-23,22.68000030517578,22.809999465942383,22.549999237060547,22.739999771118164,20.68122100830078,47655200
2017-06-26,22.440000534057617,22.770000457763672,22.40999984741211,22.559999465942383,20.51751518249512,39689100
2017-06-27,22.76000022888184,22.799999237060547,22.239999771118164,22.26000022888184,20.24467658996582,66702600
2017-06-28,22.3700008392334,22.46999931335449,22.14999961853028,22.43000030517578,20.3992862701416,30354600
2017-06-29,22.15999984741211,22.200000762939453,21.8799991607666,21.950000762939453,19.96274375915528,54569900
2017-06-30,21.8799991607666,22.1299991607666,21.8799991607666,22.07999992370605,20.08097076416016,46691900
2017-07-03,21.670000076293945,21.700000762939453,21.459999084472656,21.479999542236328,19.53529357910156,43834500
2017-07-05,21.450000762939453,21.81999969482422,21.39999961853028,21.76000022888184,19.78994369506836,58726000
2017-07-06,21.68000030517578,21.700000762939453,21.440000534057617,21.489999771118164,19.544389724731445,37409500
2017-07-07,21.350000381469727,21.420000076293945,21.0,21.209999084472656,19.289737701416016,57304600
2017-07-10,21.030000686645508,21.64999961853028,20.989999771118164,21.51000022888184,19.562578201293945,52988200
2017-07-11,21.520000457763672,21.739999771118164,21.26000022888184,21.63999938964844,19.68080711364746,35247100
2017-07-12,21.940000534057617,22.059999465942383,21.700000762939453,21.739999771118164,19.77175521850586,39815200
2017-07-13,21.770000457763672,21.8799991607666,21.479999542236328,21.5,19.55348396301269,42072200
2017-07-14,21.959999084472656,22.020000457763672,21.799999237060547,21.799999237060547,19.82632064819336,47456100
2017-07-17,22.040000915527344,22.170000076293945,21.979999542236328,21.979999542236328,19.990028381347656,28408400
2017-07-18,22.229999542236328,22.270000457763672,22.1200008392334,22.13999938964844,20.135541915893555,30865800
2017-07-19,22.14999961853028,22.280000686645508,22.01000022888184,22.18000030517578,20.171920776367188,27487200
2017-07-20,22.14999961853028,22.420000076293945,22.11000061035156,22.31999969482422,20.299245834350582,25254900
2017-07-21,22.5,22.530000686645508,22.280000686645508,22.40999984741211,20.381092071533203,21535000
2017-07-24,22.46999931335449,22.479999542236328,21.96999931335449,22.049999237060547,20.053688049316406,45649400
2017-07-25,22.100000381469727,22.38999938964844,22.100000381469727,22.270000457763672,20.25376892089844,34211800
2017-07-26,22.14999961853028,23.059999465942383,22.1299991607666,22.84000015258789,20.77216339111328,63816900
2017-07-27,22.979999542236328,22.989999771118164,22.459999084472656,22.56999969482422,20.526609420776367,50762200
2017-07-28,22.68000030517578,22.940000534057617,22.61000061035156,22.90999984741211,20.83582878112793,40162900
2017-07-31,22.8799991607666,23.030000686645508,22.739999771118164,22.86000061035156,20.79035377502441,30392300
2017-08-01,22.770000457763672,23.09000015258789,22.64999961853028,22.82999992370605,20.76306915283203,32116800
2017-08-02,22.799999237060547,22.979999542236328,22.729999542236328,22.770000457763672,20.70850372314453,27185500
2017-08-03,22.739999771118164,22.950000762939453,22.68000030517578,22.700000762939453,20.64484214782715,24214900
2017-08-04,22.5,22.57999992370605,22.190000534057617,22.31999969482422,20.299245834350582,50891100
2017-08-07,22.229999542236328,22.420000076293945,22.18000030517578,22.200000762939453,20.19011116027832,32328000
2017-08-08,22.40999984741211,22.43000030517578,22.030000686645508,22.25,20.23558235168457,34662200
2017-08-09,22.59000015258789,22.709999084472656,22.450000762939453,22.600000381469727,20.553895950317383,46821200
2017-08-10,22.989999771118164,23.07999992370605,22.8799991607666,23.07999992370605,20.99043846130371,65055700
2017-08-11,23.100000381469727,23.200000762939453,22.950000762939453,23.14999961853028,21.054100036621094,34549400
2017-08-14,22.89999961853028,22.959999084472656,22.71999931335449,22.82999992370605,20.76306915283203,39972900
2017-08-15,22.450000762939453,22.64999961853028,22.420000076293945,22.559999465942383,20.51751518249512,34484000
2017-08-16,22.51000022888184,23.15999984741211,22.5,23.07999992370605,20.99043846130371,50670000
2017-08-17,23.15999984741211,23.26000022888184,22.950000762939453,23.030000686645508,20.944965362548828,38285900
2017-08-18,23.34000015258789,23.479999542236328,22.8700008392334,22.93000030517578,20.854019165039062,55747000
2017-08-21,23.020000457763672,23.309999465942383,23.020000457763672,23.309999465942383,21.199613571166992,45542000
2017-08-22,23.200000762939453,23.309999465942383,23.07999992370605,23.09000015258789,20.999530792236328,38877800
2017-08-23,23.209999084472656,23.309999465942383,23.07999992370605,23.26000022888184,21.154142379760746,28781900
2017-08-24,23.229999542236328,23.450000762939453,23.18000030517578,23.350000381469727,21.235990524291992,37205600
2017-08-25,23.440000534057617,23.59000015258789,23.209999084472656,23.40999984741211,21.290557861328125,27137600
2017-08-28,23.59000015258789,24.270000457763672,23.559999465942383,24.26000022888184,22.06360626220703,83129500
2017-08-29,24.600000381469727,24.739999771118164,24.1299991607666,24.420000076293945,22.20911979675293,53706100
2017-08-30,24.309999465942383,24.39999961853028,24.1299991607666,24.15999984741211,21.972660064697266,41441400
2017-08-31,24.229999542236328,24.76000022888184,24.209999084472656,24.71999931335449,22.481958389282227,51429800
2017-09-01,24.84000015258789,24.8700008392334,24.489999771118164,24.780000686645508,22.536523818969727,31745200
2017-09-05,25.0,25.32999992370605,24.989999771118164,25.309999465942383,23.01854515075684,67572000
2017-09-06,25.190000534057617,25.290000915527344,24.780000686645508,24.920000076293945,22.66385078430176,58803600
2017-09-07,25.200000762939453,25.57999992370605,25.14999961853028,25.489999771118164,23.1822452545166,64252100
2017-09-08,25.420000076293945,25.479999542236328,25.07999992370605,25.239999771118164,22.954877853393555,49542200
2017-09-11,24.770000457763672,25.049999237060547,24.479999542236328,24.559999465942383,22.336444854736328,67349800
2017-09-12,24.440000534057617,24.75,24.36000061035156,24.670000076293945,22.43648147583008,33658000
2017-09-13,24.64999961853028,24.64999961853028,24.13999938964844,24.21999931335449,22.02722549438477,45006600
2017-09-14,24.14999961853028,24.440000534057617,24.049999237060547,24.3700008392334,22.16364860534668,43024000
2017-09-15,24.299999237060547,24.36000061035156,24.049999237060547,24.1299991607666,21.945369720458984,30564700
2017-09-18,23.86000061035156,23.93000030517578,23.59000015258789,23.729999542236328,21.581586837768555,48361300
2017-09-19,23.76000022888184,23.90999984741211,23.690000534057617,23.850000381469727,21.690723419189453,22338100
2017-09-20,23.93000030517578,24.200000762939453,23.18000030517578,23.5,21.37241172790528,67407500
2017-09-21,23.100000381469727,23.530000686645508,23.040000915527344,23.209999084472656,21.108667373657227,39370200
2017-09-22,23.43000030517578,23.520000457763672,23.299999237060547,23.46999931335449,21.34512710571289,34951800
2017-09-25,23.32999992370605,23.8700008392334,23.280000686645508,23.82999992370605,21.67253494262696,55652300
2017-09-26,23.479999542236328,23.64999961853028,23.26000022888184,23.350000381469727,21.235990524291992,53216500
2017-09-27,23.09000015258789,23.190000534057617,22.979999542236328,22.989999771118164,20.908586502075195,49006900
2017-09-28,23.07999992370605,23.26000022888184,22.989999771118164,23.15999984741211,21.063196182250977,33380000
2017-09-29,23.170000076293945,23.190000534057617,22.950000762939453,22.959999084472656,20.88130187988281,24126600
2017-10-02,22.90999984741211,23.15999984741211,22.809999465942383,23.049999237060547,20.96315193176269,47008000
2017-10-03,23.09000015258789,23.32999992370605,23.040000915527344,23.280000686645508,21.172332763671875,38766700
2017-10-04,23.40999984741211,23.46999931335449,23.239999771118164,23.420000076293945,21.299659729003903,32421000
2017-10-05,23.39999961853028,23.450000762939453,23.170000076293945,23.21999931335449,21.11776351928711,31366800
2017-10-06,23.18000030517578,23.61000061035156,23.0,23.59000015258789,21.45426368713379,50090800
2017-10-09,23.65999984741211,23.81999969482422,23.57999992370605,23.739999771118164,21.59068298339844,26247700
2017-10-10,23.850000381469727,23.88999938964844,23.530000686645508,23.56999969482422,21.436073303222656,44450800
2017-10-11,23.690000534057617,23.82999992370605,23.299999237060547,23.799999237060547,21.64525032043457,39690400
2017-10-12,23.76000022888184,23.84000015258789,23.59000015258789,23.71999931335449,21.572494506835938,34478400
2017-10-13,23.940000534057617,23.989999771118164,23.700000762939453,23.84000015258789,21.681629180908203,23916800
2017-10-16,23.86000061035156,23.8799991607666,23.299999237060547,23.459999084472656,21.33603477478028,47320000
2017-10-17,23.299999237060547,23.51000022888184,23.21999931335449,23.420000076293945,21.299659729003903,32778600
2017-10-18,23.350000381469727,23.489999771118164,23.270000457763672,23.32999992370605,21.21780204772949,20223400
2017-10-19,23.459999084472656,23.57999992370605,23.36000061035156,23.440000534057617,21.317848205566406,25090200
2017-10-20,23.280000686645508,23.3700008392334,23.11000061035156,23.229999542236328,21.126853942871094,33496500
2017-10-23,23.049999237060547,23.290000915527344,22.96999931335449,23.13999938964844,21.04500770568848,36056800
2017-10-24,23.040000915527344,23.13999938964844,22.89999961853028,22.950000762939453,20.87220764160156,30322100
2017-10-25,22.920000076293945,22.959999084472656,22.65999984741211,22.82999992370605,20.76306915283203,48156200
2017-10-26,22.84000015258789,22.8700008392334,22.299999237060547,22.43000030517578,20.3992862701416,51852300
2017-10-27,22.3799991607666,22.63999938964844,22.309999465942383,22.56999969482422,20.526609420776367,49494800
2017-10-30,22.3799991607666,22.90999984741211,22.3799991607666,22.76000022888184,20.69940948486328,35144500
2017-10-31,22.709999084472656,22.709999084472656,22.40999984741211,22.479999542236328,20.444759368896484,28545700
2017-11-01,22.65999984741211,22.82999992370605,22.420000076293945,22.479999542236328,20.444759368896484,32439400
2017-11-02,22.530000686645508,22.780000686645508,22.46999931335449,22.57999992370605,20.535703659057617,26190500
2017-11-03,22.6200008392334,22.729999542236328,22.21999931335449,22.43000030517578,20.3992862701416,34775600
2017-11-06,22.479999542236328,23.0,22.459999084472656,22.90999984741211,20.83582878112793,51233200
2017-11-07,22.81999969482422,22.86000061035156,22.600000381469727,22.729999542236328,20.67212104797364,26060400
2017-11-08,22.950000762939453,23.030000686645508,22.81999969482422,22.88999938964844,20.817636489868164,28553400
2017-11-09,22.90999984741211,22.959999084472656,22.780000686645508,22.809999465942383,20.74488067626953,27157800
2017-11-10,22.809999465942383,22.8700008392334,22.479999542236328,22.520000457763672,20.481136322021484,35502900
2017-11-13,22.57999992370605,22.64999961853028,22.489999771118164,22.559999465942383,20.51751518249512,16756100
2017-11-14,22.420000076293945,22.709999084472656,22.350000381469727,22.59000015258789,20.5447998046875,22696800
2017-11-15,22.71999931335449,22.71999931335449,22.5,22.64999961853028,20.599369049072266,23133900
2017-11-16,22.59000015258789,22.700000762939453,22.549999237060547,22.600000381469727,20.553895950317383,17070300
2017-11-17,22.729999542236328,22.920000076293945,22.56999969482422,22.790000915527344,20.726694107055664,38347500
2017-11-20,22.6299991607666,22.690000534057617,22.459999084472656,22.540000915527344,20.49932861328125,35822000
2017-11-21,22.57999992370605,22.780000686645508,22.56999969482422,22.71999931335449,20.66303062438965,28387100
2017-11-22,22.82999992370605,23.0,22.799999237060547,22.920000076293945,20.84492492675781,31873500
2017-11-24,22.96999931335449,23.09000015258789,22.809999465942383,22.82999992370605,20.76306915283203,16244100
2017-11-27,23.100000381469727,23.13999938964844,22.8799991607666,23.049999237060547,20.96315193176269,24489800
2017-11-28,23.07999992370605,23.170000076293945,22.920000076293945,22.93000030517578,20.854019165039062,25800100
2017-11-29,22.770000457763672,22.770000457763672,22.46999931335449,22.5,20.462947845458984,54138800
2017-11-30,22.3799991607666,22.530000686645508,22.270000457763672,22.46999931335449,20.43566131591797,39156200
2017-12-01,22.36000061035156,22.86000061035156,22.350000381469727,22.489999771118164,20.453855514526367,45368800
2017-12-04,22.26000022888184,22.38999938964844,22.170000076293945,22.200000762939453,20.19011116027832,32949000
2017-12-05,22.01000022888184,22.1299991607666,21.790000915527344,21.96999931335449,19.98093032836914,35894500
2017-12-06,21.670000076293945,21.89999961853028,21.61000061035156,21.690000534057617,19.726282119750977,43407300
2017-12-07,21.57999992370605,21.700000762939453,21.39999961853028,21.57999992370605,19.62624168395996,31467200
2017-12-08,21.600000381469727,21.809999465942383,21.56999969482422,21.68000030517578,19.717187881469727,29074400
2017-12-11,21.64999961853028,21.81999969482422,21.43000030517578,21.51000022888184,19.562578201293945,33505200
2017-12-12,21.31999969482422,21.459999084472656,21.270000457763672,21.420000076293945,19.48072624206543,34569600
2017-12-13,21.420000076293945,22.31999969482422,21.420000076293945,22.15999984741211,20.15373039245605,82201600
2017-12-14,22.07999992370605,22.170000076293945,21.799999237060547,22.06999969482422,20.071876525878903,36365600
2017-12-15,22.15999984741211,22.209999084472656,21.979999542236328,21.989999771118164,19.99912071228028,33144000
2017-12-18,22.07999992370605,22.229999542236328,21.989999771118164,22.15999984741211,20.316335678100582,30791800
2017-12-19,22.15999984741211,22.26000022888184,22.040000915527344,22.1299991607666,20.2888298034668,25162600
2017-12-20,22.25,22.59000015258789,22.209999084472656,22.5,20.6280460357666,37314000
2017-12-21,22.43000030517578,22.75,22.43000030517578,22.6299991607666,20.74723243713379,27396800
2017-12-22,22.75,22.920000076293945,22.68000030517578,22.88999938964844,20.985599517822266,26914900
2017-12-26,22.96999931335449,23.25,22.88999938964844,23.200000762939453,21.269811630249023,34177900
2017-12-27,23.270000457763672,23.280000686645508,23.059999465942383,23.15999984741211,21.233137130737305,29887500
2017-12-28,23.280000686645508,23.350000381469727,23.020000457763672,23.200000762939453,21.269811630249023,18870200
2017-12-29,23.31999969482422,23.3700008392334,23.100000381469727,23.239999771118164,21.306480407714844,22380400
2018-01-02,23.459999084472656,23.84000015258789,23.420000076293945,23.81999969482422,21.838224411010746,43172000
2018-01-03,23.780000686645508,23.809999465942383,23.239999771118164,23.56999969482422,21.60902404785156,45780900
2018-01-04,23.549999237060547,23.739999771118164,23.38999938964844,23.71999931335449,21.746545791625977,31300300
2018-01-05,23.57999992370605,23.71999931335449,23.489999771118164,23.670000076293945,21.7007064819336,21765800
2018-01-08,23.57999992370605,23.61000061035156,23.280000686645508,23.420000076293945,21.471508026123047,33366000
2018-01-09,23.190000534057617,23.270000457763672,22.96999931335449,23.11000061035156,21.18729591369629,40393700
2018-01-10,23.34000015258789,23.43000030517578,23.15999984741211,23.25,21.31564712524414,28985500
2018-01-11,23.270000457763672,23.420000076293945,23.270000457763672,23.3799991607666,21.434833526611328,23581400
2018-01-12,23.600000381469727,24.020000457763672,23.5,24.01000022888184,22.012422561645508,55599200
2018-01-16,24.040000915527344,24.43000030517578,24.01000022888184,24.3700008392334,22.34246826171875,39719500
2018-01-17,24.209999084472656,24.489999771118164,23.920000076293945,23.940000534057617,21.9482421875,41932100
2018-01-18,23.96999931335449,24.07999992370605,23.559999465942383,23.61000061035156,21.64569854736328,39198000
2018-01-19,23.780000686645508,23.84000015258789,23.63999938964844,23.64999961853028,21.682371139526367,22753200
2018-01-22,23.75,23.82999992370605,23.540000915527344,23.709999084472656,21.737377166748047,19300900
2018-01-23,23.600000381469727,24.170000076293945,23.38999938964844,24.100000381469727,22.094932556152344,38807100
2018-01-24,24.51000022888184,24.84000015258789,24.489999771118164,24.600000381469727,22.55332946777344,53467100
2018-01-25,24.739999771118164,24.86000061035156,23.979999542236328,24.1299991607666,22.122432708740234,61745600
2018-01-26,24.299999237060547,24.420000076293945,24.200000762939453,24.350000381469727,22.324132919311523,31439500
2018-01-29,24.1299991607666,24.14999961853028,23.56999969482422,23.68000030517578,21.70987319946289,59676000
2018-01-30,23.799999237060547,23.86000061035156,23.32999992370605,23.450000762939453,21.499011993408203,37702200
2018-01-31,23.670000076293945,23.84000015258789,23.21999931335449,23.75,21.77405166625977,46410300
2018-02-01,23.56999969482422,23.809999465942383,23.450000762939453,23.700000762939453,21.728212356567383,33277700
2018-02-02,23.3799991607666,23.38999938964844,22.790000915527344,22.90999984741211,21.003936767578125,75765500
2018-02-05,23.0,23.020000457763672,22.479999542236328,22.709999084472656,20.82057380676269,53158400
2018-02-06,22.489999771118164,22.520000457763672,21.979999542236328,22.11000061035156,20.27049446105957,68463900
2018-02-07,21.989999771118164,22.280000686645508,21.729999542236328,21.799999237060547,19.98628616333008,51539100
2018-02-08,21.799999237060547,22.020000457763672,21.64999961853028,21.68000030517578,19.87626838684082,51192400
2018-02-09,21.64999961853028,21.68000030517578,20.84000015258789,21.68000030517578,19.87626838684082,101763800
2018-02-12,21.56999969482422,22.14999961853028,21.43000030517578,21.96999931335449,20.14214324951172,70844400
2018-02-13,21.989999771118164,22.09000015258789,21.82999992370605,22.0,20.169647216796875,21692900
2018-02-14,22.01000022888184,23.14999961853028,21.940000534057617,23.01000022888184,21.09561538696289,95516900
2018-02-15,23.06999969482422,23.100000381469727,22.6299991607666,22.989999771118164,21.077281951904297,36155700
2018-02-16,22.809999465942383,22.89999961853028,22.21999931335449,22.51000022888184,20.63721466064453,49081700
2018-02-20,22.21999931335449,22.309999465942383,21.84000015258789,21.8700008392334,20.05046463012696,47894500
2018-02-21,22.059999465942383,22.459999084472656,21.780000686645508,21.790000915527344,19.97711944580078,40097800
2018-02-22,21.940000534057617,22.040000915527344,21.71999931335449,21.729999542236328,19.92210960388184,27068100
2018-02-23,21.75,21.989999771118164,21.670000076293945,21.96999931335449,20.14214324951172,24782000
2018-02-26,22.07999992370605,22.25,22.01000022888184,22.18000030517578,20.33467102050781,30234300
2018-02-27,21.96999931335449,21.96999931335449,21.350000381469727,21.489999771118164,19.70207595825196,69407300
2018-02-28,21.540000915527344,21.6200008392334,21.350000381469727,21.350000381469727,19.5737247467041,33039000
2018-03-01,21.1200008392334,21.63999938964844,20.940000534057617,21.56999969482422,19.775421142578125,59170800
2018-03-02,21.770000457763672,21.88999938964844,21.46999931335449,21.489999771118164,19.70207595825196,25906400
2018-03-05,21.440000534057617,21.64999961853028,21.309999465942383,21.64999961853028,19.848764419555664,38419800
2018-03-06,21.940000534057617,22.25,21.89999961853028,22.01000022888184,20.178815841674805,53458700
2018-03-07,21.979999542236328,22.059999465942383,21.51000022888184,21.56999969482422,19.775421142578125,42129900
2018-03-08,21.64999961853028,21.700000762939453,21.440000534057617,21.64999961853028,19.848764419555664,18596900
2018-03-09,21.520000457763672,21.770000457763672,21.420000076293945,21.56999969482422,19.775421142578125,23402900
2018-03-12,21.459999084472656,21.790000915527344,21.350000381469727,21.76000022888184,19.949613571166992,32577300
2018-03-13,21.780000686645508,21.88999938964844,21.559999465942383,21.670000076293945,19.867101669311523,17335400
2018-03-14,21.68000030517578,21.81999969482422,21.63999938964844,21.729999542236328,19.92210960388184,16708700
2018-03-15,21.56999969482422,21.64999961853028,21.40999984741211,21.450000762939453,19.665407180786133,30524800
2018-03-16,21.440000534057617,21.530000686645508,21.25,21.43000030517578,19.64706993103028,20880700
2018-03-19,21.40999984741211,21.559999465942383,21.21999931335449,21.51000022888184,19.720415115356445,30109500
2018-03-20,21.31999969482422,21.40999984741211,21.15999984741211,21.270000457763672,19.50037956237793,40842100
2018-03-21,21.46999931335449,22.020000457763672,21.3799991607666,21.86000061035156,20.04129219055176,77132100
2018-03-22,21.739999771118164,21.84000015258789,21.489999771118164,21.5,19.711244583129883,34294500
2018-03-23,22.059999465942383,22.36000061035156,22.020000457763672,22.1200008392334,20.2796630859375,74162800
2018-03-26,22.309999465942383,22.51000022888184,22.26000022888184,22.440000534057617,20.57304000854492,44428800
2018-03-27,22.100000381469727,22.270000457763672,21.950000762939453,21.989999771118164,20.160478591918945,50314200
2018-03-28,21.8700008392334,21.89999961853028,21.559999465942383,21.65999984741211,19.8579330444336,57399700
2018-03-29,21.63999938964844,21.989999771118164,21.6299991607666,21.979999542236328,20.15131187438965,36064900
2018-04-02,22.190000534057617,22.440000534057617,22.11000061035156,22.229999542236328,20.380510330200195,38852500
2018-04-03,22.030000686645508,22.100000381469727,21.82999992370605,21.90999984741211,20.08713150024414,32183100
2018-04-04,22.170000076293945,22.18000030517578,21.81999969482422,21.8700008392334,20.05046463012696,21864000
2018-04-05,21.709999084472656,21.989999771118164,21.68000030517578,21.96999931335449,20.14214324951172,21917200
2018-04-06,22.13999938964844,22.190000534057617,22.020000457763672,22.06999969482422,20.23382377624512,28824100
2018-04-09,22.09000015258789,22.190000534057617,21.84000015258789,21.979999542236328,20.15131187438965,26503600
2018-04-10,22.170000076293945,22.40999984741211,22.13999938964844,22.26000022888184,20.408018112182617,34933700
2018-04-11,22.46999931335449,23.049999237060547,22.459999084472656,22.75,20.85724639892578,73378100
2018-04-12,22.549999237060547,22.68000030517578,22.440000534057617,22.46999931335449,20.60054016113281,38282400
2018-04-13,22.68000030517578,23.049999237060547,22.65999984741211,22.88999938964844,20.985599517822266,45733700
2018-04-16,22.979999542236328,22.979999542236328,22.690000534057617,22.799999237060547,20.903085708618164,33914400
2018-04-17,22.729999542236328,23.01000022888184,22.670000076293945,22.93000030517578,21.022274017333984,26116200
2018-04-18,23.1299991607666,23.309999465942383,22.959999084472656,22.979999542236328,21.06811141967773,55934600
2018-04-19,23.100000381469727,23.18000030517578,22.81999969482422,23.059999465942383,21.141456604003903,33413200
2018-04-20,22.81999969482422,22.850000381469727,22.59000015258789,22.709999084472656,20.82057380676269,47975800
2018-04-23,22.5,22.559999465942383,22.3700008392334,22.40999984741211,20.545534133911133,38080800
2018-04-24,22.540000915527344,22.75,22.489999771118164,22.700000762939453,20.81140899658203,35369700
2018-04-25,22.43000030517578,22.65999984741211,22.31999969482422,22.5,20.6280460357666,27986500
2018-04-26,22.59000015258789,22.690000534057617,22.440000534057617,22.59000015258789,20.710561752319336,27482300
2018-04-27,22.670000076293945,22.76000022888184,22.59000015258789,22.729999542236328,20.838911056518555,24142000
2018-04-30,22.43000030517578,22.479999542236328,22.25,22.280000686645508,20.42635154724121,48350400
2018-05-01,22.13999938964844,22.3700008392334,22.040000915527344,22.309999465942383,20.453857421875,31639700
2018-05-02,22.38999938964844,22.770000457763672,22.299999237060547,22.3799991607666,20.518030166625977,47085300
2018-05-03,22.64999961853028,22.780000686645508,22.530000686645508,22.64999961853028,20.76556968688965,31886800
2018-05-04,22.57999992370605,22.700000762939453,22.489999771118164,22.64999961853028,20.76556968688965,25226400
2018-05-07,22.600000381469727,22.799999237060547,22.57999992370605,22.64999961853028,20.76556968688965,18934400
2018-05-08,22.530000686645508,22.71999931335449,22.309999465942383,22.68000030517578,20.793073654174805,34792300
2018-05-09,22.64999961853028,22.770000457763672,22.59000015258789,22.6299991607666,20.74723243713379,24236900
2018-05-10,22.81999969482422,22.989999771118164,22.780000686645508,22.950000762939453,21.04060935974121,40726900
2018-05-11,23.0,23.059999465942383,22.82999992370605,22.8799991607666,20.976428985595703,25367500
2018-05-14,22.959999084472656,23.0,22.670000076293945,22.780000686645508,20.884750366210938,27921100
2018-05-15,22.31999969482422,22.3799991607666,22.1299991607666,22.26000022888184,20.408018112182617,60869800
2018-05-16,22.21999931335449,22.3700008392334,22.209999084472656,22.290000915527344,20.43552017211914,29674700
2018-05-17,22.26000022888184,22.26000022888184,22.1299991607666,22.190000534057617,20.343839645385746,21513100
2018-05-18,22.100000381469727,22.26000022888184,22.030000686645508,22.190000534057617,20.343839645385746,21201900
2018-05-21,22.190000534057617,22.34000015258789,22.059999465942383,22.32999992370605,20.4721908569336,24219400
2018-05-22,22.32999992370605,22.450000762939453,22.11000061035156,22.1299991607666,20.2888298034668,29793700
2018-05-23,22.020000457763672,22.43000030517578,22.01000022888184,22.34000015258789,20.48136138916016,35634500
2018-05-24,22.420000076293945,22.64999961853028,22.36000061035156,22.64999961853028,20.76556968688965,43392200
2018-05-25,22.51000022888184,22.559999465942383,22.25,22.309999465942383,20.453857421875,45369500
2018-05-29,22.1200008392334,22.3799991607666,22.07999992370605,22.14999961853028,20.307167053222656,38924900
2018-05-30,22.270000457763672,22.489999771118164,22.229999542236328,22.440000534057617,20.57304000854492,26859600
2018-05-31,22.3700008392334,22.450000762939453,22.270000457763672,22.34000015258789,20.48136138916016,21951700
2018-06-01,22.31999969482422,22.43000030517578,22.13999938964844,22.309999465942383,20.453857421875,34934700
2018-06-04,22.440000534057617,22.459999084472656,22.239999771118164,22.280000686645508,20.42635154724121,14069800
2018-06-05,22.31999969482422,22.51000022888184,22.26000022888184,22.440000534057617,20.57304000854492,23725600
2018-06-06,22.5,22.600000381469727,22.36000061035156,22.57999992370605,20.701393127441406,28884400
2018-06-07,22.559999465942383,22.56999969482422,22.350000381469727,22.450000762939453,20.582210540771484,24370400
2018-06-08,22.38999938964844,22.43000030517578,22.270000457763672,22.36000061035156,20.49969482421875,14786300
2018-06-11,22.350000381469727,22.559999465942383,22.290000915527344,22.549999237060547,20.673887252807617,22189200
2018-06-12,22.440000534057617,22.56999969482422,22.3700008392334,22.489999771118164,20.618879318237305,18186500
2018-06-13,22.51000022888184,22.600000381469727,22.21999931335449,22.479999542236328,20.609712600708008,26970400
2018-06-14,22.549999237060547,22.670000076293945,22.540000915527344,22.65999984741211,20.774734497070312,27702300
2018-06-15,22.350000381469727,22.38999938964844,22.1200008392334,22.229999542236328,20.380510330200195,67655000
2018-06-18,22.18000030517578,22.34000015258789,22.18000030517578,22.270000457763672,20.41718101501465,25229100
2018-06-19,22.059999465942383,22.229999542236328,22.020000457763672,22.049999237060547,20.21548652648925,29906000
2018-06-20,22.1200008392334,22.14999961853028,21.8799991607666,21.920000076293945,20.096302032470703,27917300
2018-06-21,21.93000030517578,22.0,21.86000061035156,21.90999984741211,20.08713150024414,20138300
2018-06-22,21.989999771118164,22.229999542236328,21.959999084472656,22.18000030517578,20.33467102050781,31844700
2018-06-25,22.07999992370605,22.170000076293945,21.950000762939453,22.01000022888184,20.178815841674805,27603600
2018-06-26,21.8799991607666,22.020000457763672,21.790000915527344,21.950000762939453,20.12380790710449,20695400
2018-06-27,21.850000381469727,22.030000686645508,21.790000915527344,21.809999465942383,19.99545288085937,29246500
2018-06-28,21.8799991607666,21.959999084472656,21.770000457763672,21.93000030517578,20.10547065734864,27797900
2018-06-29,21.940000534057617,22.39999961853028,21.93000030517578,22.309999465942383,20.453857421875,53961400
2018-07-02,22.1200008392334,22.21999931335449,21.979999542236328,22.07999992370605,20.242992401123047,32224400
2018-07-03,22.290000915527344,22.6299991607666,22.280000686645508,22.46999931335449,20.60054016113281,36319300
2018-07-05,22.600000381469727,22.739999771118164,22.56999969482422,22.68000030517578,20.793073654174805,39397300
2018-07-06,22.709999084472656,22.799999237060547,22.57999992370605,22.61000061035156,20.72889518737793,34350000
2018-07-09,22.86000061035156,22.93000030517578,22.530000686645508,22.549999237060547,20.673887252807617,24832400
2018-07-10,22.489999771118164,22.63999938964844,22.3700008392334,22.600000381469727,20.71972846984864,21568100
2018-07-11,22.38999938964844,22.459999084472656,21.940000534057617,22.0,20.169647216796875,63565300
2018-07-12,22.1299991607666,22.290000915527344,22.11000061035156,22.13999938964844,20.297996520996094,30125700
2018-07-13,22.0,22.11000061035156,21.940000534057617,21.959999084472656,20.13297462463379,22024500
2018-07-16,21.950000762939453,22.0,21.799999237060547,21.8700008392334,20.05046463012696,19669600
2018-07-17,21.729999542236328,21.940000534057617,21.670000076293945,21.8799991607666,20.059627532958984,41938300
2018-07-18,21.709999084472656,21.8799991607666,21.6299991607666,21.86000061035156,20.04129219055176,35836300
2018-07-19,21.5,21.920000076293945,21.479999542236328,21.57999992370605,19.78458976745605,46406300
2018-07-20,21.780000686645508,21.8700008392334,21.6299991607666,21.780000686645508,19.967947006225582,39138300
2018-07-23,21.6200008392334,21.63999938964844,21.31999969482422,21.32999992370605,19.555389404296875,51711400
2018-07-24,21.450000762939453,21.6299991607666,21.450000762939453,21.6200008392334,19.82126235961914,45248700
2018-07-25,21.709999084472656,21.799999237060547,21.5,21.799999237060547,19.98628616333008,43773100
2018-07-26,21.56999969482422,21.670000076293945,21.36000061035156,21.38999938964844,19.61039352416992,60861700
2018-07-27,21.3700008392334,21.489999771118164,21.239999771118164,21.31999969482422,19.54622268676757,23550500
2018-07-30,21.299999237060547,21.3799991607666,21.18000030517578,21.270000457763672,19.50037956237793,19823200
2018-07-31,21.209999084472656,21.459999084472656,21.190000534057617,21.280000686645508,19.50955009460449,22085600
2018-08-01,21.25,21.290000915527344,21.07999992370605,21.11000061035156,19.35369300842285,36248800
2018-08-02,21.11000061035156,21.11000061035156,20.88999938964844,20.940000534057617,19.19783592224121,33471600
2018-08-03,21.059999465942383,21.31999969482422,20.989999771118164,21.15999984741211,19.399532318115234,41235200
2018-08-06,21.020000457763672,21.049999237060547,20.8799991607666,20.89999961853028,19.161163330078125,25437500
2018-08-07,21.06999969482422,21.09000015258789,20.63999938964844,20.65999984741211,18.941131591796875,32676600
2018-08-08,20.68000030517578,20.799999237060547,20.600000381469727,20.76000022888184,19.03281211853028,26936600
2018-08-09,20.81999969482422,21.020000457763672,20.700000762939453,20.709999084472656,18.986968994140625,26457700
2018-08-10,20.670000076293945,20.780000686645508,20.51000022888184,20.559999465942383,18.84945106506348,34589200
2018-08-13,20.38999938964844,20.40999984741211,19.8799991607666,19.979999542236328,18.317705154418945,71197400
2018-08-14,20.020000457763672,20.059999465942383,19.739999771118164,19.770000457763672,18.12517738342285,31663100
2018-08-15,19.440000534057617,19.450000762939453,18.46999931335449,18.600000381469727,17.052518844604492,127545500
2018-08-16,18.799999237060547,18.950000762939453,18.14999961853028,18.15999984741211,16.649126052856445,78684200
2018-08-17,18.38999938964844,18.799999237060547,18.309999465942383,18.71999931335449,17.16253662109375,108432900
2018-08-20,18.809999465942383,18.959999084472656,18.57999992370605,18.790000915527344,17.226713180541992,50865700
2018-08-21,18.809999465942383,18.979999542236328,18.68000030517578,18.920000076293945,17.345895767211914,32200100
2018-08-22,19.049999237060547,19.07999992370605,18.920000076293945,19.059999465942383,17.474246978759766,29172600
2018-08-23,18.8700008392334,18.8700008392334,18.350000381469727,18.459999084472656,16.924165725708008,60360200
2018-08-24,18.709999084472656,19.21999931335449,18.6200008392334,18.950000762939453,17.37339973449707,72678300
2018-08-27,19.059999465942383,19.309999465942383,19.030000686645508,19.280000686645508,17.675947189331055,48725600
2018-08-28,19.39999961853028,19.489999771118164,18.799999237060547,18.920000076293945,17.345895767211914,52003800
2018-08-29,19.0,19.1200008392334,18.88999938964844,18.989999771118164,17.410072326660156,32824200
2018-08-30,18.86000061035156,18.86000061035156,18.57999992370605,18.690000534057617,17.135032653808594,41048500
2018-08-31,18.709999084472656,18.84000015258789,18.5,18.549999237060547,17.006677627563477,32493200
2018-09-04,18.280000686645508,18.350000381469727,17.969999313354492,18.020000457763672,16.52077293395996,68162500
2018-09-05,18.14999961853028,18.170000076293945,17.790000915527344,17.8700008392334,16.383255004882812,37114900
2018-09-06,17.950000762939453,18.15999984741211,17.770000457763672,17.84000015258789,16.355749130249023,44015200
2018-09-07,17.75,18.010000228881836,17.579999923706055,17.8799991607666,16.392419815063477,42474300
2018-09-10,17.889999389648438,17.940000534057617,17.56999969482422,17.610000610351562,16.144886016845703,36646400
2018-09-11,17.440000534057617,17.6200008392334,17.280000686645508,17.56999969482422,16.10821533203125,34496300
2018-09-12,17.549999237060547,18.290000915527344,17.43000030517578,18.11000061035156,16.603288650512695,80327200
2018-09-13,18.38999938964844,18.420000076293945,17.940000534057617,18.09000015258789,16.584949493408203,42941600
2018-09-14,18.07999992370605,18.200000762939453,17.920000076293945,17.979999542236328,16.484102249145508,28846500
2018-09-17,18.13999938964844,18.420000076293945,18.0,18.31999969482422,16.79581642150879,45917300
2018-09-18,18.299999237060547,18.459999084472656,18.209999084472656,18.43000030517578,16.896665573120117,40661400
2018-09-19,18.540000915527344,18.959999084472656,18.51000022888184,18.75,17.190038681030273,50131500
2018-09-20,18.940000534057617,19.11000061035156,18.670000076293945,18.93000030517578,17.355064392089844,45547700
2018-09-21,18.56999969482422,18.93000030517578,18.5,18.780000686645508,17.217544555664062,43987000
2018-09-24,18.89999961853028,19.11000061035156,18.75,18.799999237060547,17.235877990722656,45806500
2018-09-25,18.989999771118164,19.100000381469727,18.76000022888184,18.850000381469727,17.281721115112305,34694500
2018-09-26,18.71999931335449,18.82999992370605,18.38999938964844,18.420000076293945,16.887495040893555,78326300
2018-09-27,18.21999931335449,18.479999542236328,18.13999938964844,18.34000015258789,16.814149856567383,42157400
2018-09-28,18.5,18.690000534057617,18.46999931335449,18.520000457763672,16.979175567626953,36328000
2018-10-01,18.440000534057617,18.6200008392334,18.43000030517578,18.549999237060547,17.006677627563477,30221100
2018-10-02,18.82999992370605,19.07999992370605,18.739999771118164,19.049999237060547,17.4650821685791,70369600
2018-10-03,19.100000381469727,19.229999542236328,18.75,18.790000915527344,17.226713180541992,47836900
2018-10-04,18.90999984741211,18.989999771118164,18.59000015258789,18.75,17.190038681030273,42990700
2018-10-05,18.81999969482422,18.89999961853028,18.57999992370605,18.64999961853028,17.098360061645508,32050300
2018-10-08,18.36000061035156,18.729999542236328,18.200000762939453,18.709999084472656,17.15336799621582,50616600
2018-10-09,18.57999992370605,18.6299991607666,18.290000915527344,18.38999938964844,16.859989166259766,39183800
2018-10-10,18.32999992370605,18.709999084472656,18.14999961853028,18.6299991607666,17.08002471923828,57558300
2018-10-11,19.030000686645508,19.989999771118164,18.84000015258789,19.8700008392334,18.21685791015625,134790100
2018-10-12,19.75,19.88999938964844,19.270000457763672,19.75,18.106842041015625,63982500
2018-10-15,20.020000457763672,20.38999938964844,19.93000030517578,20.059999465942383,18.391048431396484,64151500
2018-10-16,20.229999542236328,20.32999992370605,19.76000022888184,19.989999771118164,18.326873779296875,40971300
2018-10-17,19.989999771118164,20.229999542236328,19.770000457763672,19.90999984741211,18.253528594970703,43598000
2018-10-18,19.850000381469727,20.350000381469727,19.770000457763672,20.0,18.336042404174805,40595000
2018-10-19,20.190000534057617,20.270000457763672,19.96999931335449,20.01000022888184,18.345212936401367,32958300
2018-10-22,19.89999961853028,19.979999542236328,19.68000030517578,19.86000061035156,18.20768928527832,30036800
2018-10-23,20.36000061035156,20.51000022888184,19.93000030517578,20.100000381469727,18.42772483825684,51504500
2018-10-24,20.100000381469727,20.239999771118164,19.799999237060547,19.8700008392334,18.21685791015625,38506000
2018-10-25,19.89999961853028,19.93000030517578,18.8799991607666,19.0,17.419240951538086,85572300
2018-10-26,19.1299991607666,19.57999992370605,19.01000022888184,19.059999465942383,17.474246978759766,74515900
2018-10-29,19.030000686645508,19.43000030517578,18.81999969482422,19.01000022888184,17.428409576416016,39090300
2018-10-30,18.96999931335449,19.25,18.81999969482422,19.14999961853028,17.556760787963867,33839100
2018-10-31,18.84000015258789,18.940000534057617,18.63999938964844,18.93000030517578,17.355064392089844,55037000
2018-11-01,19.239999771118164,19.670000076293945,19.200000762939453,19.56999969482422,17.941818237304688,63588500
2018-11-02,19.489999771118164,19.65999984741211,19.36000061035156,19.6299991607666,17.996824264526367,38780200
2018-11-05,19.43000030517578,19.799999237060547,19.34000015258789,19.559999465942383,17.932649612426758,29600100
2018-11-06,19.59000015258789,19.65999984741211,19.309999465942383,19.39999961853028,17.785961151123047,26050300
2018-11-07,19.520000457763672,19.559999465942383,19.270000457763672,19.309999465942383,17.703447341918945,22573000
2018-11-08,19.170000076293945,19.46999931335449,19.14999961853028,19.3799991607666,17.76762580871582,36788400
2018-11-09,18.93000030517578,19.1200008392334,18.780000686645508,19.040000915527344,17.455913543701172,48178200
2018-11-12,18.790000915527344,18.88999938964844,18.59000015258789,18.61000061035156,17.061687469482422,38310500
2018-11-13,18.700000762939453,18.729999542236328,18.26000022888184,18.420000076293945,16.887495040893555,37410700
2018-11-14,18.3700008392334,19.07999992370605,18.34000015258789,18.82999992370605,17.263381958007812,66754900
2018-11-15,18.88999938964844,19.1299991607666,18.809999465942383,19.09000015258789,17.501752853393555,39657800
2018-11-16,19.3700008392334,19.5,19.290000915527344,19.3799991607666,17.76762580871582,46150500
2018-11-19,19.350000381469727,19.65999984741211,19.32999992370605,19.38999938964844,17.776792526245117,39968700
2018-11-20,19.51000022888184,19.51000022888184,18.96999931335449,19.299999237060547,17.694278717041016,33847400
2018-11-21,19.46999931335449,19.920000076293945,19.450000762939453,19.809999465942383,18.161848068237305,51285800
2018-11-23,19.6299991607666,19.739999771118164,19.270000457763672,19.36000061035156,17.74928855895996,30344400
2018-11-26,19.39999961853028,19.670000076293945,19.21999931335449,19.26000022888184,17.657609939575195,23593600
2018-11-27,19.290000915527344,19.290000915527344,18.71999931335449,18.8700008392334,17.3000545501709,51165000
2018-11-28,18.770000457763672,19.479999542236328,18.729999542236328,19.34000015258789,17.730953216552734,49633100
2018-11-29,19.440000534057617,19.520000457763672,19.15999984741211,19.170000076293945,17.575096130371094,28893400
2018-11-30,19.07999992370605,19.18000030517578,18.799999237060547,19.09000015258789,17.501752853393555,31883800
2018-12-03,19.38999938964844,19.489999771118164,19.15999984741211,19.440000534057617,17.822635650634766,47882800
2018-12-04,19.670000076293945,19.770000457763672,19.520000457763672,19.600000381469727,17.96932029724121,45434300
2018-12-06,19.65999984741211,19.89999961853028,19.5,19.709999084472656,18.07016944885254,50911100
2018-12-07,19.8799991607666,20.34000015258789,19.790000915527344,20.200000762939453,18.51940155029297,67727400
2018-12-10,20.100000381469727,20.549999237060547,19.989999771118164,20.1299991607666,18.455223083496094,47462700
2018-12-11,20.209999084472656,20.3799991607666,19.959999084472656,20.01000022888184,18.345212936401367,50550800
2018-12-12,20.06999969482422,20.489999771118164,20.06999969482422,20.440000534057617,18.73943519592285,71833500
2018-12-13,20.32999992370605,20.479999542236328,20.290000915527344,20.479999542236328,18.776103973388672,42891300
2018-12-14,20.26000022888184,20.36000061035156,20.07999992370605,20.1200008392334,18.446063995361328,48779800
2018-12-17,20.290000915527344,20.64999961853028,20.280000686645508,20.61000061035156,18.89529037475586,67083000
2018-12-18,20.540000915527344,21.170000076293945,20.530000686645508,21.09000015258789,19.33535957336425,79518700
2018-12-19,21.09000015258789,21.46999931335449,19.89999961853028,19.950000762939453,18.29020118713379,120753200
2018-12-20,20.530000686645508,20.84000015258789,20.34000015258789,20.670000076293945,19.05056571960449,94498200
2018-12-21,20.68000030517578,20.770000457763672,20.270000457763672,20.440000534057617,18.838586807250977,63178700
2018-12-24,20.700000762939453,21.11000061035156,20.64999961853028,21.09000015258789,19.437658309936523,60507000
2018-12-26,21.350000381469727,21.39999961853028,20.530000686645508,20.6200008392334,19.004484176635746,76365200
2018-12-27,20.84000015258789,21.0,20.700000762939453,20.96999931335449,19.32706069946289,52393000
2018-12-28,20.88999938964844,21.020000457763672,20.56999969482422,20.600000381469727,18.98605155944824,49835000
2018-12-31,20.700000762939453,21.1299991607666,20.559999465942383,21.09000015258789,19.437658309936523,53866600
2019-01-02,21.11000061035156,21.229999542236328,20.84000015258789,21.049999237060547,19.40079116821289,39963400
2019-01-03,21.299999237060547,21.540000915527344,21.1299991607666,21.479999542236328,19.79710578918457,52555200
2019-01-04,21.1299991607666,21.39999961853028,21.01000022888184,21.299999237060547,19.63120460510254,60257200
2019-01-07,21.479999542236328,21.530000686645508,20.979999542236328,21.040000915527344,19.391578674316406,41231900
2019-01-08,20.850000381469727,21.06999969482422,20.690000534057617,21.049999237060547,19.40079116821289,36313100
2019-01-09,21.030000686645508,21.40999984741211,21.01000022888184,21.31999969482422,19.649641036987305,55350100
2019-01-10,21.239999771118164,21.350000381469727,20.950000762939453,21.0,19.35470962524414,38185600
2019-01-11,21.059999465942383,21.25,21.01000022888184,21.07999992370605,19.428443908691406,32955600
2019-01-14,21.1200008392334,21.270000457763672,20.850000381469727,20.93000030517578,19.29019546508789,34552200
2019-01-15,21.0,21.059999465942383,20.420000076293945,20.61000061035156,18.995267868041992,45097700
2019-01-16,20.56999969482422,20.780000686645508,20.5,20.600000381469727,18.98605155944824,22030000
2019-01-17,20.56999969482422,20.770000457763672,20.51000022888184,20.65999984741211,19.041349411010746,25288300
2019-01-18,20.450000762939453,20.63999938964844,20.239999771118164,20.309999465942383,18.718769073486328,50576000
2019-01-22,20.36000061035156,20.51000022888184,20.21999931335449,20.450000762939453,18.847803115844727,34617600
2019-01-23,20.31999969482422,20.61000061035156,20.229999542236328,20.489999771118164,18.884668350219727,22692400
2019-01-24,20.3700008392334,20.59000015258789,20.350000381469727,20.5,18.89388465881348,37866200
2019-01-25,20.809999465942383,21.229999542236328,20.799999237060547,21.18000030517578,19.52060890197754,52893000
2019-01-28,21.18000030517578,21.479999542236328,21.18000030517578,21.450000762939453,19.769454956054688,38990100
2019-01-29,21.63999938964844,21.979999542236328,21.489999771118164,21.96999931335449,20.24871635437012,61112200
2019-01-30,21.86000061035156,22.549999237060547,21.75,22.18000030517578,20.442262649536133,66605400
2019-01-31,22.420000076293945,22.690000534057617,22.290000915527344,22.690000534057617,20.912303924560547,60796600
2019-02-01,22.530000686645508,22.65999984741211,22.200000762939453,22.56999969482422,20.80170440673828,42718200
2019-02-04,22.190000534057617,22.51000022888184,22.15999984741211,22.489999771118164,20.72797393798828,53968100
2019-02-05,22.489999771118164,22.61000061035156,22.21999931335449,22.61000061035156,20.838573455810547,33532900
2019-02-06,22.36000061035156,22.600000381469727,22.209999084472656,22.21999931335449,20.4791259765625,49850200
2019-02-07,22.209999084472656,22.350000381469727,21.959999084472656,22.030000686645508,20.30401611328125,36029500
2019-02-08,22.06999969482422,22.450000762939453,22.06999969482422,22.34000015258789,20.58972549438477,48965400
2019-02-11,22.11000061035156,22.31999969482422,22.059999465942383,22.07999992370605,20.35009956359864,38453400
2019-02-12,22.229999542236328,22.270000457763672,21.950000762939453,22.049999237060547,20.322444915771484,23475700
2019-02-13,22.0,22.280000686645508,21.90999984741211,21.920000076293945,20.2026309967041,49415200
2019-02-14,21.959999084472656,22.18000030517578,21.84000015258789,22.13999938964844,20.4053955078125,33745200
2019-02-15,22.270000457763672,22.440000534057617,22.020000457763672,22.43000030517578,20.67267608642578,37505500
2019-02-19,22.709999084472656,23.26000022888184,22.6200008392334,23.13999938964844,21.327049255371094,90301500
2019-02-20,23.309999465942383,23.700000762939453,23.13999938964844,23.36000061035156,21.52981185913086,62442200
2019-02-21,23.11000061035156,23.209999084472656,22.940000534057617,22.979999542236328,21.179582595825195,54488200
2019-02-22,23.1200008392334,23.36000061035156,22.979999542236328,23.059999465942383,21.25331687927246,41676600
2019-02-25,23.030000686645508,23.09000015258789,22.76000022888184,22.770000457763672,20.98603630065918,47067700
2019-02-26,22.770000457763672,22.81999969482422,22.36000061035156,22.729999542236328,20.94916725158692,36299000
2019-02-27,22.600000381469727,22.68000030517578,22.200000762939453,22.350000381469727,20.59894371032715,49023500
2019-02-28,22.36000061035156,22.36000061035156,22.15999984741211,22.239999771118164,20.497562408447266,32776800
2019-03-01,22.059999465942383,22.31999969482422,21.690000534057617,21.700000762939453,19.999868392944336,78919200
2019-03-04,21.559999465942383,21.86000061035156,21.39999961853028,21.850000381469727,20.13811492919922,55000900
2019-03-05,21.770000457763672,21.96999931335449,21.68000030517578,21.96999931335449,20.24871635437012,30417100
2019-03-06,21.90999984741211,21.940000534057617,21.46999931335449,21.520000457763672,19.83397102355957,55294000
2019-03-07,21.520000457763672,21.88999938964844,21.5,21.790000915527344,20.08281707763672,41501300
2019-03-08,22.209999084472656,22.39999961853028,21.940000534057617,22.3700008392334,20.61737632751465,59864500
2019-03-11,22.39999961853028,22.51000022888184,21.989999771118164,22.290000915527344,20.543643951416016,38359700
2019-03-12,22.40999984741211,22.729999542236328,22.34000015258789,22.68000030517578,20.9030876159668,48840700
2019-03-13,22.809999465942383,22.96999931335449,22.6200008392334,22.86000061035156,21.06898498535156,31968100
2019-03-14,22.39999961853028,22.5,22.18000030517578,22.25,20.506778717041016,42989400
2019-03-15,22.39999961853028,22.57999992370605,22.15999984741211,22.299999237060547,20.55286026000977,42292600
2019-03-18,22.39999961853028,22.440000534057617,22.020000457763672,22.049999237060547,20.322444915771484,31836900
2019-03-19,22.31999969482422,22.3799991607666,22.1200008392334,22.1299991607666,20.39617919921875,34131500
2019-03-20,22.200000762939453,22.729999542236328,21.82999992370605,22.6299991607666,20.857006072998047,58485700
2019-03-21,22.700000762939453,22.780000686645508,22.34000015258789,22.75,20.967601776123047,41302500
2019-03-22,22.61000061035156,22.8700008392334,22.530000686645508,22.780000686645508,20.995250701904297,41711400
2019-03-25,22.8700008392334,23.34000015258789,22.850000381469727,23.26000022888184,21.437646865844727,58308800
2019-03-26,23.030000686645508,23.3799991607666,22.979999542236328,23.350000381469727,21.520597457885746,41372400
2019-03-27,23.229999542236328,23.350000381469727,22.989999771118164,23.01000022888184,21.20723342895508,34488200
2019-03-28,22.64999961853028,22.729999542236328,22.31999969482422,22.40999984741211,20.65424156188965,66841200
2019-03-29,22.61000061035156,22.64999961853028,22.38999938964844,22.420000076293945,20.66345596313477,35233000
2019-04-01,22.43000030517578,22.51000022888184,21.82999992370605,21.959999084472656,20.2394962310791,49601800
2019-04-02,21.979999542236328,22.15999984741211,21.940000534057617,22.100000381469727,20.368528366088867,28698700
2019-04-03,22.100000381469727,22.270000457763672,22.06999969482422,22.06999969482422,20.34088134765625,24462100
2019-04-04,21.8799991607666,22.540000915527344,21.790000915527344,22.5,20.73719024658203,42380400
2019-04-05,22.420000076293945,22.46999931335449,22.26000022888184,22.43000030517578,20.67267608642578,20384600
2019-04-08,22.75,22.799999237060547,22.549999237060547,22.690000534057617,20.912303924560547,30695500
2019-04-09,22.809999465942383,22.84000015258789,22.64999961853028,22.81999969482422,21.03211975097656,23757000
2019-04-10,22.799999237060547,22.93000030517578,22.59000015258789,22.6200008392334,20.847787857055664,26181800
2019-04-11,22.34000015258789,22.540000915527344,22.11000061035156,22.25,20.506778717041016,57531000
2019-04-12,22.25,22.36000061035156,22.13999938964844,22.209999084472656,20.46990966796875,22940800
2019-04-15,21.979999542236328,22.290000915527344,21.88999938964844,22.21999931335449,20.4791259765625,26720300
2019-04-16,21.940000534057617,22.01000022888184,21.790000915527344,21.809999465942383,20.10124969482422,46161500
2019-04-17,21.8700008392334,21.920000076293945,21.489999771118164,21.65999984741211,19.963001251220703,44246100
2019-04-18,21.61000061035156,21.739999771118164,21.190000534057617,21.34000015258789,19.668073654174805,43979600
2019-04-22,21.39999961853028,21.420000076293945,20.93000030517578,20.979999542236328,19.336275100708008,44655200
2019-04-23,20.799999237060547,20.96999931335449,20.709999084472656,20.81999969482422,19.18881225585937,27916300
2019-04-24,20.809999465942383,21.190000534057617,20.670000076293945,21.020000457763672,19.373146057128903,48993100
2019-04-25,21.059999465942383,21.209999084472656,20.76000022888184,20.8700008392334,19.23489570617676,29325900
2019-04-26,21.06999969482422,21.43000030517578,21.049999237060547,21.299999237060547,19.63120460510254,38923200
2019-04-29,21.21999931335449,21.229999542236328,20.739999771118164,20.84000015258789,19.207246780395508,39572600
2019-04-30,20.82999992370605,21.030000686645508,20.799999237060547,20.88999938964844,19.253326416015625,19674200
2019-05-01,20.82999992370605,21.100000381469727,20.350000381469727,20.520000457763672,18.91231918334961,72152500
2019-05-02,20.31999969482422,20.459999084472656,20.13999938964844,20.170000076293945,18.589740753173828,42758500
2019-05-03,20.39999961853028,20.59000015258789,20.270000457763672,20.290000915527344,18.70033836364746,26799900
2019-05-06,20.290000915527344,20.46999931335449,20.21999931335449,20.299999237060547,18.70955467224121,26382900
2019-05-07,20.40999984741211,20.82999992370605,20.270000457763672,20.709999084472656,19.08742904663086,48972400
2019-05-08,20.89999961853028,20.989999771118164,20.350000381469727,20.479999542236328,18.875450134277344,30100600
2019-05-09,20.520000457763672,20.780000686645508,20.38999938964844,20.43000030517578,18.82936668395996,28038400
2019-05-10,20.549999237060547,20.57999992370605,20.270000457763672,20.280000686645508,18.69112205505371,23309400
2019-05-13,20.6299991607666,20.989999771118164,20.43000030517578,20.93000030517578,19.29019546508789,65640200
2019-05-14,20.8799991607666,20.89999961853028,20.59000015258789,20.84000015258789,19.207246780395508,29056100
2019-05-15,20.950000762939453,21.020000457763672,20.780000686645508,20.790000915527344,19.161163330078125,23251200
2019-05-16,20.68000030517578,20.739999771118164,20.40999984741211,20.559999465942383,18.94918441772461,32047600
2019-05-17,20.46999931335449,20.76000022888184,20.38999938964844,20.75,19.12429618835449,26519000
2019-05-20,20.700000762939453,20.850000381469727,20.63999938964844,20.68000030517578,19.05978202819824,17628000
2019-05-21,20.56999969482422,20.729999542236328,20.459999084472656,20.709999084472656,19.08742904663086,13437500
2019-05-22,20.68000030517578,20.709999084472656,20.26000022888184,20.36000061035156,18.764854431152344,31806200
2019-05-23,20.559999465942383,20.8799991607666,20.40999984741211,20.440000534057617,18.838586807250977,36332200
2019-05-24,20.5,20.6200008392334,20.39999961853028,20.56999969482422,18.958398818969727,15584000
2019-05-28,20.3799991607666,20.5,20.280000686645508,20.420000076293945,18.82015037536621,32450100
2019-05-29,20.520000457763672,20.549999237060547,20.350000381469727,20.420000076293945,18.82015037536621,23992000
2019-05-30,20.450000762939453,20.809999465942383,20.36000061035156,20.770000457763672,19.142730712890625,25439400
2019-05-31,21.239999771118164,21.739999771118164,21.190000534057617,21.59000015258789,19.89848518371582,83347600
2019-06-03,22.030000686645508,22.5,21.90999984741211,22.489999771118164,20.72797393798828,75414200
2019-06-04,22.170000076293945,22.6200008392334,22.170000076293945,22.59000015258789,20.820140838623047,40898700
2019-06-05,22.84000015258789,23.020000457763672,22.34000015258789,22.6299991607666,20.857006072998047,55594800
2019-06-06,22.65999984741211,22.920000076293945,22.600000381469727,22.8700008392334,21.078201293945312,48981100
2019-06-07,23.049999237060547,23.1200008392334,22.729999542236328,22.88999938964844,21.09663391113281,41368300
2019-06-10,22.420000076293945,22.520000457763672,22.239999771118164,22.459999084472656,20.70032119750977,45057300
2019-06-11,22.350000381469727,22.690000534057617,22.309999465942383,22.59000015258789,20.820140838623047,23522200
2019-06-12,22.770000457763672,23.07999992370605,22.75,22.959999084472656,21.16114997863769,35955800
2019-06-13,23.020000457763672,23.239999771118164,22.940000534057617,23.239999771118164,21.419214248657227,30634300
2019-06-14,23.450000762939453,23.670000076293945,23.100000381469727,23.32999992370605,21.502161026000977,42220900
2019-06-17,23.3799991607666,23.46999931335449,23.13999938964844,23.459999084472656,21.621978759765625,50692800
2019-06-18,23.75,23.8799991607666,23.350000381469727,23.670000076293945,21.815523147583008,44411200
2019-06-19,23.520000457763672,24.030000686645508,23.450000762939453,24.0,22.11967086791992,46273800
2019-06-20,24.65999984741211,25.170000076293945,24.540000915527344,25.049999237060547,23.087406158447266,131981000
2019-06-21,25.0,25.239999771118164,24.68000030517578,25.209999084472656,23.2348690032959,50309800
2019-06-24,25.309999465942383,26.170000076293945,25.26000022888184,26.170000076293945,24.11965560913086,101843300
2019-06-25,26.229999542236328,26.25,25.11000061035156,25.6299991607666,23.62196159362793,103671800
2019-06-26,25.06999969482422,25.739999771118164,25.049999237060547,25.520000457763672,23.520580291748047,57095000
2019-06-27,25.309999465942383,25.38999938964844,25.13999938964844,25.32999992370605,23.345468521118164,53004800
2019-06-28,25.43000030517578,25.600000381469727,25.190000534057617,25.559999465942383,23.557449340820312,39459700
2019-07-01,24.799999237060547,24.989999771118164,24.530000686645508,24.57999992370605,22.65423011779785,90190700
2019-07-02,24.88999938964844,25.64999961853028,24.809999465942383,25.549999237060547,23.548229217529297,75815700
2019-07-03,25.670000076293945,25.700000762939453,25.36000061035156,25.64999961853028,23.640396118164062,24756100
2019-07-05,24.979999542236328,25.5,24.68000030517578,25.38999938964844,23.400766372680664,51920800
2019-07-08,25.450000762939453,25.61000061035156,25.209999084472656,25.420000076293945,23.42841529846192,40606100
2019-07-09,25.32999992370605,25.65999984741211,25.209999084472656,25.64999961853028,23.640396118164062,37529700
2019-07-10,26.020000457763672,26.229999542236328,25.770000457763672,26.200000762939453,24.14730834960937,56454300
2019-07-11,26.1299991607666,26.280000686645508,25.71999931335449,25.940000534057617,23.907676696777344,54013400
2019-07-12,26.0,26.25,25.8700008392334,26.209999084472656,24.15652084350586,31795200
2019-07-15,26.170000076293945,26.309999465942383,25.989999771118164,26.18000030517578,24.12887191772461,29900000
2019-07-16,26.13999938964844,26.32999992370605,25.96999931335449,26.049999237060547,24.0090560913086,25081700
2019-07-17,26.18000030517578,27.100000381469727,26.18000030517578,27.09000015258789,24.96757698059082,45481600
2019-07-18,26.90999984741211,28.309999465942383,26.770000457763672,28.25,26.03669548034668,100026700
2019-07-19,27.90999984741211,28.270000457763672,27.600000381469727,27.979999542236328,25.78784942626953,59357500
2019-07-22,28.07999992370605,28.290000915527344,27.96999931335449,28.190000534057617,25.981395721435547,38309500
2019-07-23,28.200000762939453,28.40999984741211,27.64999961853028,27.8700008392334,25.68646812438965,53084900
2019-07-24,28.06999969482422,28.200000762939453,27.84000015258789,28.14999961853028,25.94452857971192,35305300
2019-07-25,27.979999542236328,27.979999542236328,27.32999992370605,27.43000030517578,25.280941009521484,66348800
2019-07-26,27.549999237060547,27.63999938964844,27.229999542236328,27.280000686645508,25.142690658569336,34186900
2019-07-29,27.39999961853028,27.770000457763672,27.21999931335449,27.770000457763672,25.59429931640625,51527600
2019-07-30,27.88999938964844,28.0,27.700000762939453,27.82999992370605,25.649600982666016,29517400
2019-07-31,27.68000030517578,27.8799991607666,26.420000076293945,26.5,24.423803329467773,125274600
2019-08-01,26.100000381469727,27.959999084472656,26.040000915527344,27.850000381469727,25.66803359985352,125771700
2019-08-02,27.729999542236328,28.11000061035156,27.559999465942383,27.770000457763672,25.59429931640625,46016200
2019-08-05,28.530000686645508,29.01000022888184,28.34000015258789,28.600000381469727,26.359272003173828,91723900
2019-08-06,28.59000015258789,28.790000915527344,28.309999465942383,28.670000076293945,26.42378616333008,45760900
2019-08-07,29.59000015258789,30.0,29.200000762939453,29.26000022888184,26.96756362915039,91307700
2019-08-08,29.11000061035156,29.86000061035156,28.8700008392334,29.770000457763672,27.43760871887207,62143900
2019-08-09,29.549999237060547,29.86000061035156,29.31999969482422,29.36000061035156,27.05973052978516,42424300
2019-08-12,29.59000015258789,29.75,28.989999771118164,29.0,26.727935791015625,62211800
2019-08-13,29.40999984741211,29.450000762939453,27.809999465942383,28.450000762939453,26.221025466918945,97362100
2019-08-14,28.920000076293945,29.09000015258789,28.3700008392334,28.40999984741211,26.184160232543945,60301200
2019-08-15,28.309999465942383,28.8700008392334,28.15999984741211,28.729999542236328,26.47908592224121,46951200
2019-08-16,28.40999984741211,28.61000061035156,28.1299991607666,28.280000686645508,26.06434631347656,51032100
2019-08-19,27.75,28.3799991607666,27.61000061035156,27.93000030517578,25.74176788330078,62746500
2019-08-20,28.15999984741211,28.96999931335449,28.1200008392334,28.850000381469727,26.589689254760746,73110900
2019-08-21,28.600000381469727,28.86000061035156,28.549999237060547,28.700000762939453,26.4514389038086,30263600
2019-08-22,28.56999969482422,28.790000915527344,28.3700008392334,28.489999771118164,26.257890701293945,39469300
2019-08-23,28.63999938964844,29.700000762939453,28.59000015258789,29.63999938964844,27.317790985107425,92847400
2019-08-26,29.68000030517578,29.979999542236328,29.39999961853028,29.63999938964844,27.317790985107425,47355700
2019-08-27,29.709999084472656,30.6200008392334,29.63999938964844,30.559999465942383,28.165712356567383,81770600
2019-08-28,30.64999961853028,30.809999465942383,30.030000686645508,30.40999984741211,28.0274658203125,54015200
2019-08-29,30.450000762939453,30.489999771118164,29.38999938964844,29.65999984741211,27.336225509643555,75098400
2019-08-30,29.530000686645508,30.13999938964844,29.450000762939453,29.86000061035156,27.520557403564453,48728400
2019-09-03,30.280000686645508,30.76000022888184,30.1200008392334,30.3700008392334,27.9906005859375,69310100
2019-09-04,30.32999992370605,30.959999084472656,30.290000915527344,30.950000762939453,28.5251579284668,48361200
2019-09-05,30.229999542236328,30.26000022888184,29.170000076293945,29.309999465942383,27.01364517211914,132635500
2019-09-06,29.530000686645508,29.76000022888184,28.440000534057617,28.479999542236328,26.248674392700195,88853900
2019-09-09,28.6299991607666,28.739999771118164,27.6299991607666,27.729999542236328,25.557432174682617,90351900
2019-09-10,27.700000762939453,28.059999465942383,27.450000762939453,27.51000022888184,25.354671478271484,66585000
2019-09-11,27.6299991607666,28.209999084472656,27.540000915527344,27.71999931335449,25.5482177734375,78529300
2019-09-12,28.530000686645508,28.700000762939453,27.229999542236328,27.270000457763672,25.133474349975582,82794900
2019-09-13,27.40999984741211,27.59000015258789,26.600000381469727,26.63999938964844,24.55282974243164,80728900
2019-09-16,27.25,27.51000022888184,26.88999938964844,27.290000915527344,25.15190887451172,68934800
2019-09-17,27.479999542236328,28.270000457763672,27.3799991607666,28.1200008392334,25.916881561279297,71084100
2019-09-18,28.11000061035156,28.13999938964844,26.979999542236328,27.6200008392334,25.456052780151367,85193300
2019-09-19,27.82999992370605,28.18000030517578,27.71999931335449,28.100000381469727,25.89844512939453,47188900
2019-09-20,28.190000534057617,28.690000534057617,27.86000061035156,28.690000534057617,26.442222595214844,61290700
2019-09-23,28.809999465942383,29.15999984741211,28.709999084472656,29.15999984741211,26.87539863586425,58025700
2019-09-24,28.84000015258789,29.57999992370605,28.690000534057617,29.489999771118164,27.179542541503903,57912300
2019-09-25,29.309999465942383,29.38999938964844,28.209999084472656,28.43000030517578,26.20259094238281,87938400
2019-09-26,28.549999237060547,28.780000686645508,28.09000015258789,28.11000061035156,25.907665252685547,45715000
2019-09-27,27.5,27.84000015258789,27.309999465942383,27.450000762939453,25.29937171936035,74409500
2019-09-30,26.989999771118164,27.350000381469727,26.540000915527344,26.709999084472656,24.61734962463379,73206900
2019-10-01,26.6200008392334,27.46999931335449,26.51000022888184,26.920000076293945,24.810895919799805,68625600
2019-10-02,27.46999931335449,27.5,27.020000457763672,27.40999984741211,25.262508392333984,65837200
2019-10-03,27.40999984741211,28.049999237060547,27.239999771118164,27.25,25.115039825439453,63344000
2019-10-04,27.14999961853028,27.90999984741211,27.13999938964844,27.8700008392334,25.68646812438965,54465000
2019-10-07,27.600000381469727,27.989999771118164,27.459999084472656,27.57999992370605,25.41918563842773,37266600
2019-10-08,28.07999992370605,28.3799991607666,27.790000915527344,28.36000061035156,26.13807487487793,65536200
2019-10-09,28.350000381469727,28.36000061035156,27.8799991607666,28.049999237060547,25.85236167907715,39219400
2019-10-10,28.01000022888184,28.15999984741211,27.520000457763672,28.049999237060547,25.85236167907715,39255400
2019-10-11,27.670000076293945,27.700000762939453,26.90999984741211,26.96999931335449,24.856979370117188,87316400
2019-10-14,27.040000915527344,27.290000915527344,26.940000534057617,27.06999969482422,24.94914436340332,31850400
2019-10-15,26.8799991607666,26.8799991607666,26.18000030517578,26.190000534057617,24.13809394836425,61657100
2019-10-16,26.450000762939453,26.739999771118164,26.190000534057617,26.709999084472656,24.61734962463379,51265100
2019-10-17,26.5,27.350000381469727,26.46999931335449,27.07999992370605,24.958362579345703,46186300
2019-10-18,26.950000762939453,27.239999771118164,26.790000915527344,27.1200008392334,24.995229721069336,31902100
2019-10-21,27.25,27.299999237060547,26.5,26.57999992370605,24.497533798217773,42579000
2019-10-22,26.670000076293945,26.799999237060547,26.229999542236328,26.540000915527344,24.460670471191406,30749800
2019-10-23,26.63999938964844,27.020000457763672,26.63999938964844,26.809999465942383,24.70951271057129,47031700
2019-10-24,26.96999931335449,27.549999237060547,26.940000534057617,27.520000457763672,25.363887786865234,51996000
2019-10-25,28.01000022888184,28.18000030517578,27.3700008392334,27.739999771118164,25.566650390625,59960300
2019-10-28,27.43000030517578,27.440000534057617,27.0,27.059999465942383,24.93992805480957,60885600
2019-10-29,26.88999938964844,27.43000030517578,26.770000457763672,27.209999084472656,25.078174591064453,32762400
2019-10-30,27.299999237060547,27.489999771118164,26.729999542236328,27.450000762939453,25.29937171936035,54901700
2019-10-31,27.700000762939453,28.18000030517578,27.600000381469727,28.14999961853028,25.94452857971192,79602400
2019-11-01,27.93000030517578,28.15999984741211,27.64999961853028,28.01000022888184,25.81549835205078,55359000
2019-11-04,27.920000076293945,27.959999084472656,27.489999771118164,27.520000457763672,25.363887786865234,56660000
2019-11-05,26.96999931335449,27.13999938964844,26.76000022888184,26.96999931335449,24.856979370117188,62148800
2019-11-06,27.1299991607666,27.39999961853028,26.90999984741211,27.299999237060547,25.16112327575684,48932900
2019-11-07,27.020000457763672,27.09000015258789,26.299999237060547,26.489999771118164,24.414587020874023,90744200
2019-11-08,26.229999542236328,26.57999992370605,26.13999938964844,26.229999542236328,24.174955368041992,42339900
2019-11-11,26.270000457763672,26.459999084472656,26.14999961853028,26.239999771118164,24.184171676635746,33313500
2019-11-12,26.280000686645508,26.63999938964844,25.979999542236328,26.59000015258789,24.50674819946289,56886600
2019-11-13,26.71999931335449,27.01000022888184,26.690000534057617,26.75,24.65421485900879,36498800
2019-11-14,26.8700008392334,27.06999969482422,26.739999771118164,27.0,24.884632110595703,34638700
2019-11-15,26.780000686645508,27.09000015258789,26.71999931335449,26.739999771118164,24.64499855041504,37430600
2019-11-18,26.790000915527344,27.209999084472656,26.739999771118164,27.200000762939453,25.068958282470703,49621800
2019-11-19,27.040000915527344,27.5,27.030000686645508,27.229999542236328,25.09660530090332,33293500
2019-11-20,27.200000762939453,27.459999084472656,26.940000534057617,27.34000015258789,25.19799041748047,35278100
2019-11-21,27.190000534057617,27.36000061035156,26.809999465942383,26.81999969482422,24.718730926513672,67801100
2019-11-22,26.920000076293945,26.979999542236328,26.59000015258789,26.76000022888184,24.663429260253903,24320200
2019-11-25,26.479999542236328,26.68000030517578,26.18000030517578,26.200000762939453,24.14730834960937,59476400
2019-11-26,26.25,26.82999992370605,26.13999938964844,26.780000686645508,24.681865692138672,64827100
2019-11-27,26.57999992370605,26.790000915527344,26.420000076293945,26.65999984741211,24.571266174316406,37110700
2019-11-29,26.690000534057617,27.15999984741211,26.690000534057617,27.07999992370605,24.958362579345703,44363100
2019-12-02,26.88999938964844,27.209999084472656,26.82999992370605,27.170000076293945,25.04130744934082,43818700
2019-12-03,27.540000915527344,27.940000534057617,27.540000915527344,27.770000457763672,25.59429931640625,71551400
2019-12-04,27.63999938964844,27.71999931335449,27.309999465942383,27.479999542236328,25.327022552490234,56183500
2019-12-05,27.350000381469727,27.86000061035156,27.32999992370605,27.6200008392334,25.456052780151367,47757700
2019-12-06,27.1200008392334,27.38999938964844,26.959999084472656,26.96999931335449,24.856979370117188,75294900
2019-12-09,27.1299991607666,27.18000030517578,26.850000381469727,26.920000076293945,24.810895919799805,31802800
2019-12-10,27.14999961853028,27.15999984741211,26.8799991607666,27.1299991607666,25.004444122314453,36765200
2019-12-11,27.239999771118164,27.850000381469727,27.15999984741211,27.709999084472656,25.539003372192383,76150900
2019-12-12,28.0,28.11000061035156,27.38999938964844,27.65999984741211,25.492918014526367,65636700
2019-12-13,27.46999931335449,27.84000015258789,27.31999969482422,27.71999931335449,25.5482177734375,29998500
2019-12-16,27.739999771118164,27.739999771118164,27.31999969482422,27.38999938964844,25.24407196044922,42318600
2019-12-17,27.36000061035156,27.450000762939453,27.14999961853028,27.15999984741211,25.032094955444336,31057700
2019-12-18,27.13999938964844,27.479999542236328,27.09000015258789,27.450000762939453,25.29937171936035,45238000
2019-12-19,27.5,27.59000015258789,27.270000457763672,27.479999542236328,25.327022552490234,24665700
2019-12-20,27.51000022888184,27.540000915527344,27.1200008392334,27.1299991607666,25.004444122314453,41965800
2019-12-23,27.1299991607666,27.82999992370605,27.049999237060547,27.770000457763672,25.775768280029297,72123700
2019-12-24,27.90999984741211,28.65999984741211,27.88999938964844,28.65999984741211,26.60185432434082,70679100
2019-12-26,28.89999961853028,29.25,28.75,29.07999992370605,26.99169540405273,57567000
2019-12-27,29.01000022888184,29.14999961853028,28.709999084472656,28.8700008392334,26.79677391052246,37730900
2019-12-30,28.920000076293945,29.489999771118164,28.89999961853028,29.489999771118164,27.372249603271484,56336900
2019-12-31,29.700000762939453,29.76000022888184,29.26000022888184,29.280000686645508,27.17733192443848,32773500
2020-01-02,29.6200008392334,29.71999931335449,29.11000061035156,29.350000381469727,27.242305755615234,40709100
2020-01-03,29.850000381469727,29.8700008392334,29.01000022888184,29.170000076293945,27.07522964477539,47399500
2020-01-06,29.75,29.790000915527344,29.01000022888184,29.21999931335449,27.12163734436035,45483100
2020-01-07,29.209999084472656,29.520000457763672,29.020000457763672,29.5,27.381532669067383,39181100
2020-01-08,29.3700008392334,29.43000030517578,28.1200008392334,28.350000381469727,26.314115524291992,94319100
2020-01-09,28.11000061035156,28.420000076293945,28.0,28.040000915527344,26.0263786315918,60554600
2020-01-10,28.14999961853028,28.559999465942383,28.1200008392334,28.450000762939453,26.40693664550781,38632800
2020-01-13,28.31999969482422,28.31999969482422,27.75,27.770000457763672,25.775768280029297,48710300
2020-01-14,27.709999084472656,28.309999465942383,27.68000030517578,28.26000022888184,26.230579376220703,56949000
2020-01-15,28.38999938964844,28.8700008392334,28.170000076293945,28.790000915527344,26.72252082824707,50472900
2020-01-16,28.600000381469727,28.709999084472656,28.36000061035156,28.670000076293945,26.61113548278809,37967100
2020-01-17,28.75,28.780000686645508,28.299999237060547,28.420000076293945,26.379091262817383,43853800
2020-01-21,28.26000022888184,28.96999931335449,28.200000762939453,28.950000762939453,26.87103080749512,48096900
2020-01-22,28.89999961853028,28.989999771118164,28.64999961853028,28.84000015258789,26.768930435180664,21333700
2020-01-23,28.65999984741211,29.100000381469727,28.59000015258789,28.65999984741211,26.60185432434082,41346600
2020-01-24,28.61000061035156,29.299999237060547,28.61000061035156,29.21999931335449,27.12163734436035,44497000
2020-01-27,29.63999938964844,29.65999984741211,28.90999984741211,29.07999992370605,26.99169540405273,38199300
2020-01-28,28.799999237060547,28.96999931335449,28.280000686645508,28.309999465942383,26.27698516845703,55735200
2020-01-29,28.299999237060547,28.89999961853028,28.229999542236328,28.86000061035156,26.787492752075195,37940100
2020-01-30,28.89999961853028,29.07999992370605,28.600000381469727,28.729999542236328,26.666826248168945,39866800
2020-01-31,28.799999237060547,29.239999771118164,28.76000022888184,28.989999771118164,26.90815734863281,41986200
2020-02-03,28.809999465942383,28.89999961853028,28.39999961853028,28.559999465942383,26.50903511047364,42344300
2020-02-04,28.200000762939453,28.280000686645508,27.770000457763672,28.049999237060547,26.035659790039062,62983500
2020-02-05,28.020000457763672,28.350000381469727,27.90999984741211,28.049999237060547,26.035659790039062,41433700
2020-02-06,28.270000457763672,28.51000022888184,28.11000061035156,28.39999961853028,26.36052322387696,37356800
2020-02-07,28.56999969482422,28.670000076293945,27.920000076293945,27.93000030517578,25.924278259277344,40445600
2020-02-10,28.190000534057617,28.51000022888184,28.020000457763672,28.38999938964844,26.35124397277832,34717200
2020-02-11,28.31999969482422,28.530000686645508,28.06999969482422,28.43000030517578,26.38837242126465,24591700
2020-02-12,28.34000015258789,28.40999984741211,28.07999992370605,28.1200008392334,26.100635528564453,33312700
2020-02-13,28.3700008392334,28.59000015258789,28.209999084472656,28.31999969482422,26.28627014160156,29937400
2020-02-14,28.34000015258789,28.46999931335449,28.190000534057617,28.309999465942383,26.27698516845703,22888600
2020-02-18,28.59000015258789,29.25,28.3799991607666,29.229999542236328,27.13092041015625,64678400
2020-02-19,29.3700008392334,29.790000915527344,29.200000762939453,29.75,27.61358070373535,45467500
2020-02-20,29.65999984741211,30.100000381469727,29.5,29.75,27.61358070373535,52313900
2020-02-21,30.270000457763672,30.709999084472656,30.18000030517578,30.64999961853028,28.448945999145508,76564200
2020-02-24,31.76000022888184,31.84000015258789,30.65999984741211,31.049999237060547,28.82022285461425,87112400
2020-02-25,30.479999542236328,31.15999984741211,29.90999984741211,29.96999931335449,27.81778144836425,91165500
2020-02-26,29.89999961853028,30.280000686645508,29.670000076293945,29.8700008392334,27.724964141845703,49317800
2020-02-27,30.31999969482422,30.39999961853028,28.13999938964844,28.14999961853028,26.128480911254883,125123900
2020-02-28,26.799999237060547,27.040000915527344,25.43000030517578,26.21999931335449,24.33707618713379,166814200
2020-03-02,27.09000015258789,27.46999931335449,26.700000762939453,27.290000915527344,25.33023834228516,83762400
2020-03-03,27.81999969482422,29.61000061035156,27.459999084472656,28.68000030517578,26.620418548583984,130291500
2020-03-04,29.030000686645508,29.18000030517578,28.280000686645508,29.1299991607666,27.038105010986328,55030300
2020-03-05,29.46999931335449,29.84000015258789,28.959999084472656,29.81999969482422,27.67855262756348,68343800
2020-03-06,29.90999984741211,29.96999931335449,28.450000762939453,29.40999984741211,27.297996520996094,81228000
2020-03-09,28.3799991607666,28.71999931335449,27.26000022888184,27.309999465942383,25.34880256652832,87651700
2020-03-10,27.739999771118164,28.030000686645508,26.5,27.489999771118164,25.515872955322266,82748700
2020-03-11,27.049999237060547,27.25,25.040000915527344,25.170000076293945,23.36248207092285,119428500
2020-03-12,22.989999771118164,24.88999938964844,22.0,22.309999465942383,20.70786476135254,106328100
2020-03-13,23.290000915527344,23.39999961853028,16.5,19.0,17.635562896728516,195650900
2020-03-16,16.75,22.950000762939453,16.18000030517578,22.489999771118164,20.87493896484375,199906300
2020-03-17,22.11000061035156,25.5,22.020000457763672,25.5,23.668779373168945,119759900
2020-03-18,24.1200008392334,25.040000915527344,19.68000030517578,19.68000030517578,18.26673126220703,198033900
2020-03-19,20.64999961853028,24.979999542236328,19.290000915527344,21.270000457763672,19.742549896240234,103179000
2020-03-20,22.850000381469727,22.850000381469727,20.34000015258789,20.549999237060547,19.07425308227539,68320700
2020-03-23,21.6299991607666,23.290000915527344,21.1200008392334,21.93000030517578,20.35515213012696,93812100
2020-03-24,24.93000030517578,26.06999969482422,23.790000915527344,25.14999961853028,23.343917846679688,127861300
2020-03-25,25.38999938964844,27.0,24.549999237060547,26.309999465942383,24.42061424255371,102594400
2020-03-26,26.690000534057617,27.209999084472656,25.21999931335449,25.850000381469727,23.993650436401367,47458000
2020-03-27,25.14999961853028,25.670000076293945,23.729999542236328,24.3700008392334,22.619930267333984,94471000
2020-03-30,24.38999938964844,25.32999992370605,23.13999938964844,23.93000030517578,22.21152877807617,63038600
2020-03-31,23.600000381469727,24.43000030517578,23.030000686645508,23.040000915527344,21.38544273376465,45113700
2020-04-01,23.0,24.26000022888184,23.0,24.030000686645508,22.304349899291992,33900200
2020-04-02,24.59000015258789,25.71999931335449,24.3700008392334,25.040000915527344,23.2418155670166,39859300
2020-04-03,25.15999984741211,25.8799991607666,24.739999771118164,24.950000762939453,23.158279418945312,33775700
2020-04-06,26.01000022888184,26.700000762939453,25.540000915527344,26.34000015258789,24.448457717895508,62383700
2020-04-07,26.61000061035156,26.76000022888184,25.780000686645508,26.09000015258789,24.21641540527344,31203200
2020-04-08,26.170000076293945,26.530000686645508,25.82999992370605,26.200000762939453,24.31851387023925,17480200
2020-04-09,27.200000762939453,28.96999931335449,27.09000015258789,28.950000762939453,26.87103080749512,68549100
2020-04-13,28.64999961853028,31.06999969482422,27.90999984741211,30.780000686645508,28.56961441040039,59888600
2020-04-14,31.1200008392334,32.27000045776367,30.030000686645508,30.75,28.541767120361328,59359900
2020-04-15,29.65999984741211,30.850000381469727,29.3700008392334,30.14999961853028,27.98485374450684,31917300
2020-04-16,30.420000076293945,31.1299991607666,30.040000915527344,30.920000076293945,28.69955825805664,37982800
2020-04-17,29.76000022888184,30.420000076293945,29.670000076293945,29.940000534057617,27.789934158325195,29249500
2020-04-20,29.979999542236328,31.1299991607666,29.979999542236328,30.739999771118164,28.532485961914062,25488800
2020-04-21,29.68000030517578,30.8700008392334,29.549999237060547,30.559999465942383,28.36540985107422,22464500
2020-04-22,31.540000915527344,32.63999938964844,31.5,32.5099983215332,30.17537307739257,40919900
2020-04-23,33.209999084472656,34.7400016784668,33.0099983215332,33.41999816894531,31.0200252532959,56325900
2020-04-24,34.02000045776367,34.310001373291016,32.959999084472656,33.93000030517578,31.49340438842773,40571500
2020-04-27,33.95000076293945,34.209999084472656,32.93000030517578,33.790000915527344,31.36345863342285,30455600
2020-04-28,33.5,33.97999954223633,32.97999954223633,33.810001373291016,31.38201904296875,31629700
2020-04-29,33.45000076293945,34.06999969482422,32.81999969482422,34.029998779296875,31.586219787597656,36914000
2020-04-30,33.18000030517578,33.84000015258789,32.150001525878906,32.2599983215332,29.943330764770508,52248800
2020-05-01,31.479999542236328,33.38999938964844,31.309999465942383,33.290000915527344,30.89936637878418,34003000
2020-05-04,33.7599983215332,34.25,33.52000045776367,33.9900016784668,31.549097061157227,34391400
2020-05-05,33.90999984741211,34.90999984741211,33.369998931884766,34.790000915527344,32.29164505004883,30289700
2020-05-06,34.150001525878906,34.5099983215332,33.619998931884766,33.70000076293945,31.279918670654297,29078400
2020-05-07,34.09000015258789,35.4900016784668,33.880001068115234,35.029998779296875,32.514408111572266,35053600
2020-05-08,34.9900016784668,35.560001373291016,34.58000183105469,34.86000061035156,32.35661697387695,28612000
2020-05-11,34.91999816894531,35.04999923706055,33.54999923706055,33.88999938964844,31.456274032592773,28732700
2020-05-12,34.34000015258789,34.95000076293945,33.689998626708984,33.84000015258789,31.40986633300781,20999600
2020-05-13,34.34000015258789,34.689998626708984,33.41999816894531,34.08000183105469,31.632627487182617,33290200
2020-05-14,34.060001373291016,35.45000076293945,34.0,35.15999984741211,32.63507461547852,33736200
2020-05-15,35.959999084472656,36.68000030517578,35.61000061035156,36.56999969482422,33.943817138671875,38465800
2020-05-18,37.150001525878906,37.20000076293945,35.720001220703125,35.93000030517578,33.34978485107422,33131200
2020-05-19,36.5099983215332,37.4900016784668,36.380001068115234,37.209999084472656,34.53785705566406,36737200
2020-05-20,37.36000061035156,37.4900016784668,36.45000076293945,36.61000061035156,33.98093795776367,30058100
2020-05-21,36.08000183105469,36.220001220703125,34.7599983215332,35.65999984741211,33.09917068481445,33179400
2020-05-22,35.97999954223633,36.43999862670898,35.470001220703125,35.54999923706055,32.997066497802734,17987000
2020-05-26,35.380001068115234,35.380001068115234,33.95000076293945,34.08000183105469,31.632627487182617,36174200
2020-05-27,33.09000015258789,33.7599983215332,32.540000915527344,33.709999084472656,31.289203643798828,43849100
2020-05-28,34.38999938964844,34.68000030517578,33.560001373291016,34.0,31.55837631225586,29917600
2020-05-29,34.66999816894531,34.869998931884766,34.11000061035156,34.31999969482422,31.85540008544922,32726200
2020-06-01,34.599998474121094,35.43000030517578,34.47999954223633,35.380001068115234,32.83927536010742,24163900
2020-06-02,35.560001373291016,35.58000183105469,33.939998626708984,34.09000015258789,31.64191436767578,39294200
2020-06-03,33.310001373291016,33.59000015258789,32.43000030517578,32.83000183105469,30.47239875793457,40447600
2020-06-04,33.47999954223633,33.58000183105469,32.84000015258789,33.11000061035156,30.732290267944336,25889300
2020-06-05,32.040000915527344,32.459999084472656,31.21999931335449,32.459999084472656,30.12896728515625,50291100
2020-06-08,32.56999969482422,32.810001373291016,32.09000015258789,32.779998779296875,30.42599105834961,21180400
2020-06-09,33.04999923706055,33.470001220703125,32.65999984741211,33.060001373291016,30.68587875366211,21745400
2020-06-10,33.4900016784668,34.529998779296875,32.439998626708984,34.529998779296875,32.050315856933594,46916400
2020-06-11,34.41999816894531,34.91999816894531,32.38999938964844,32.83000183105469,30.47239875793457,50214100
2020-06-12,33.459999084472656,33.779998779296875,32.5,32.63999938964844,30.296039581298828,29829000
2020-06-15,31.799999237060547,33.65999984741211,31.31999969482422,33.5099983215332,31.103565216064453,32180400
2020-06-16,33.459999084472656,33.68000030517578,32.45000076293945,32.63999938964844,30.296039581298828,39596100
2020-06-17,32.779998779296875,33.189998626708984,32.5,32.849998474121094,30.49095726013184,23882500
2020-06-18,32.66999816894531,33.029998779296875,32.29999923706055,32.43000030517578,30.101119995117188,20130800
2020-06-19,32.880001068115234,33.84000015258789,32.689998626708984,33.54999923706055,31.14069175720215,37405000
2020-06-22,34.400001525878906,35.34000015258789,34.27000045776367,34.869998931884766,32.36589813232422,46110300
2020-06-23,35.380001068115234,35.84000015258789,35.119998931884766,35.369998931884766,32.82999420166016,28979200
2020-06-24,35.13999938964844,35.68000030517578,34.29999923706055,34.7400016784668,32.245235443115234,37585800
2020-06-25,34.75,34.959999084472656,34.18000030517578,34.959999084472656,32.44943618774414,17938800
2020-06-26,34.59000015258789,35.33000183105469,34.08000183105469,35.189998626708984,32.66292190551758,29048400
2020-06-29,35.369998931884766,35.560001373291016,34.970001220703125,35.560001373291016,33.006351470947266,24259500
2020-06-30,35.439998626708984,36.720001220703125,35.220001220703125,36.68000030517578,34.045921325683594,35818600
2020-07-01,36.56999969482422,36.63999938964844,35.52000045776367,36.560001373291016,33.934539794921875,30673800
2020-07-02,36.34000015258789,37.08000183105469,36.11000061035156,36.16999816894531,33.572540283203125,28388800
2020-07-06,36.900001525878906,37.130001068115234,36.310001373291016,36.84000015258789,34.19443130493164,23654600
2020-07-07,36.68999862670898,37.97999954223633,36.65999984741211,37.72999954223633,35.020511627197266,30150000
2020-07-08,38.40999984741211,39.13999938964844,38.18999862670898,38.959999084472656,36.16218566894531,34212500
2020-07-09,39.27000045776367,39.43999862670898,37.81999969482422,38.790000915527344,36.00439453125,37060300
2020-07-10,39.09000015258789,39.18000030517578,38.02999877929688,38.400001525878906,35.64240264892578,21900700
2020-07-13,39.060001373291016,39.18000030517578,37.08000183105469,37.130001068115234,34.46360778808594,34817400
2020-07-14,37.0,38.59999847412109,36.869998931884766,38.59000015258789,35.818756103515625,30430700
2020-07-15,38.369998931884766,38.7599983215332,37.70000076293945,38.66999816894531,35.893009185791016,21291000
2020-07-16,38.34999847412109,38.709999084472656,37.709999084472656,38.08000183105469,35.34538650512695,21296600
2020-07-17,38.560001373291016,39.34000015258789,38.34000015258789,39.310001373291016,36.48705673217773,27743600
2020-07-20,39.77999877929688,40.4900016784668,39.630001068115234,40.380001068115234,37.4802131652832,28356300
2020-07-21,41.27000045776367,41.619998931884766,40.52999877929688,40.90999984741211,37.97214889526367,34661400
2020-07-22,41.470001220703125,41.93999862670898,41.09999847412109,41.75,38.7518310546875,39311500
2020-07-23,41.70000076293945,42.2400016784668,40.209999084472656,40.959999084472656,38.01855850219727,43686700
2020-07-24,41.459999084472656,41.90999984741211,41.119998931884766,41.83000183105469,38.82608795166016,34918700
2020-07-27,43.43000030517578,44.459999084472656,43.310001373291016,43.84000015258789,40.69173812866211,57601200
2020-07-28,43.20000076293945,44.04999923706055,42.72999954223633,43.560001373291016,40.43185043334961,37241900
2020-07-29,43.72999954223633,43.7400016784668,42.220001220703125,43.130001068115234,40.03273391723633,39586600
2020-07-30,41.900001525878906,42.68000030517578,40.959999084472656,41.630001068115234,38.64044952392578,38073500
2020-07-31,42.36000061035156,43.02999877929688,41.93000030517578,42.93999862670898,39.85637283325195,29531000
2020-08-03,42.59999847412109,42.900001525878906,41.77000045776367,42.540000915527344,39.48509979248047,26243100
2020-08-04,42.5,44.47999954223633,42.119998931884766,44.47999954223633,41.28578186035156,42405300
2020-08-05,45.400001525878906,45.77999877929688,44.02000045776367,44.52999877929688,41.33218765258789,37958400
2020-08-06,45.18000030517578,45.36000061035156,43.58000183105469,44.22999954223633,41.0537338256836,29579900
2020-08-07,43.2400016784668,43.540000915527344,42.25,42.7400016784668,39.67073822021485,33217600
2020-08-10,43.22999954223633,44.18000030517578,42.290000915527344,42.38999938964844,39.34586715698242,28792700
2020-08-11,40.2400016784668,40.75,38.88999938964844,39.04999923706055,36.24571990966797,71304400
2020-08-12,40.33000183105469,40.5099983215332,39.209999084472656,39.22999954223633,36.41279602050781,38295800
2020-08-13,40.02999877929688,41.02999877929688,39.68999862670898,40.630001068115234,37.71225738525391,36092700
2020-08-14,40.459999084472656,40.720001220703125,39.720001220703125,40.34999847412109,37.45236587524414,21075500
2020-08-17,42.119998931884766,43.0,41.84999847412109,42.959999084472656,39.87493515014648,35736000
2020-08-18,44.06999969482422,44.09000015258789,42.0099983215332,42.65999984741211,39.59648132324219,28185900
2020-08-19,42.2599983215332,42.61000061035156,40.77000045776367,41.0099983215332,38.064971923828125,36903300
2020-08-20,41.04999923706055,42.09999847412109,40.790000915527344,41.970001220703125,38.956031799316406,29589700
2020-08-21,41.119998931884766,41.29999923706055,40.43999862670898,40.88999938964844,37.953590393066406,23938200
2020-08-24,41.56999969482422,41.61000061035156,40.59000015258789,40.650001525878906,37.7308235168457,17717400
2020-08-25,40.61000061035156,40.61000061035156,39.59000015258789,40.58000183105469,37.66585159301758,20241500
2020-08-26,40.06999969482422,41.630001068115234,40.06999969482422,41.59999847412109,38.61260223388672,27676900
2020-08-27,42.34000015258789,42.34000015258789,40.02999877929688,40.65999984741211,37.74010467529297,31690900
2020-08-28,41.630001068115234,42.22999954223633,41.25,41.959999084472656,38.94675064086914,26915500
2020-08-31,42.20000076293945,42.810001373291016,41.91999816894531,42.27000045776367,39.2344856262207,21174600
2020-09-01,43.130001068115234,43.130001068115234,41.16999816894531,41.66999816894531,38.67757034301758,24247400
2020-09-02,41.22999954223633,41.79999923706055,40.40999984741211,41.7599983215332,38.7611083984375,21587400
2020-09-03,41.40999984741211,41.7599983215332,40.22999954223633,41.290000915527344,38.32486343383789,23533900
2020-09-04,40.959999084472656,41.13999938964844,39.470001220703125,40.86000061035156,37.925743103027344,31760000
2020-09-08,39.68999862670898,41.369998931884766,39.290000915527344,40.58000183105469,37.66585159301758,23894000
2020-09-09,40.97999954223633,42.45000076293945,40.97999954223633,42.34000015258789,39.299461364746094,30373300
2020-09-10,42.7599983215332,42.88999938964844,41.43999862670898,41.58000183105469,38.59403610229492,24778400
2020-09-11,41.869998931884766,42.33000183105469,40.90999984741211,41.15999984741211,38.204200744628906,19360900
2020-09-14,41.84999847412109,42.84000015258789,41.77999877929688,42.790000915527344,39.71714019775391,24207100
2020-09-15,43.27999877929688,43.59999847412109,42.52000045776367,42.790000915527344,39.71714019775391,21083600
2020-09-16,43.47999954223633,43.47999954223633,42.59999847412109,42.84999847412109,39.772830963134766,21636100
2020-09-17,41.810001373291016,42.31999969482422,41.369998931884766,42.09999847412109,39.07669448852539,21293200
2020-09-18,42.22999954223633,42.540000915527344,41.34000015258789,41.36000061035156,38.38983917236328,24531300
2020-09-21,40.209999084472656,40.790000915527344,39.369998931884766,39.84000015258789,36.9789924621582,30733600
2020-09-22,40.060001373291016,40.31999969482422,39.41999816894531,40.02000045776367,37.14606857299805,21529200
2020-09-23,39.36000061035156,39.380001068115234,37.34999847412109,37.630001068115234,34.92770004272461,53008900
2020-09-24,37.20000076293945,38.90999984741211,37.08000183105469,38.68999862670898,35.91157531738281,35428400
2020-09-25,38.20000076293945,38.65999984741211,37.790000915527344,38.41999816894531,35.66096496582031,15107500
2020-09-28,38.91999816894531,39.15999984741211,38.369998931884766,38.869998931884766,36.078643798828125,17378100
2020-09-29,39.06999969482422,39.619998931884766,38.93999862670898,39.369998931884766,36.542747497558594,16825400
2020-09-30,39.09999847412109,39.52000045776367,38.560001373291016,39.15999984741211,36.34782028198242,17573000
2020-10-01,39.54999923706055,39.93999862670898,39.15999984741211,39.56999969482422,36.72838592529297,21847900
2020-10-02,39.11000061035156,39.56999969482422,38.7599983215332,38.970001220703125,36.17146682739258,16693900
2020-10-05,39.16999816894531,39.97999954223633,39.06999969482422,39.56999969482422,36.72838592529297,19579800
2020-10-06,39.869998931884766,40.060001373291016,38.06999969482422,38.11000061035156,35.373226165771484,26692000
2020-10-07,38.5,38.810001373291016,38.150001525878906,38.34999847412109,35.59599304199219,22049800
2020-10-08,38.72999954223633,39.16999816894531,38.47999954223633,38.970001220703125,36.17146682739258,18446600
2020-10-09,39.90999984741211,40.79999923706055,39.83000183105469,40.77999877929688,37.85148620605469,29936400
2020-10-12,40.68000030517578,41.0099983215332,40.34999847412109,40.66999816894531,37.74938201904297,14011300
2020-10-13,40.09999847412109,40.5,39.459999084472656,40.25,37.35954284667969,20018100
2020-10-14,40.7599983215332,41.34000015258789,40.52000045776367,40.959999084472656,38.01855850219727,19323100
2020-10-15,40.18999862670898,40.66999816894531,39.9900016784668,40.29999923706055,37.40596008300781,18523900
2020-10-16,40.40999984741211,40.52000045776367,39.83000183105469,39.83000183105469,36.96971130371094,13548800
2020-10-19,40.31999969482422,40.33000183105469,39.13999938964844,39.15999984741211,36.34782028198242,15292600
2020-10-20,39.290000915527344,39.709999084472656,38.970001220703125,39.459999084472656,36.626277923583984,15671900
2020-10-21,39.7599983215332,40.40999984741211,39.68000030517578,39.91999816894531,37.05324172973633,18089400
2020-10-22,39.34000015258789,39.43999862670898,38.59000015258789,39.18999862670898,36.37567138671875,19750700
2020-10-23,39.150001525878906,39.16999816894531,38.470001220703125,38.81999969482422,36.0322380065918,14497700
2020-10-26,38.52000045776367,39.15999984741211,38.16999816894531,38.209999084472656,35.46604537963867,17881900
2020-10-27,38.27000045776367,38.86000061035156,38.09000015258789,38.83000183105469,36.0415267944336,14636800
2020-10-28,37.720001220703125,37.880001068115234,36.34000015258789,36.52000045776367,33.897403717041016,38818900
2020-10-29,36.060001373291016,37.27999877929688,36.0099983215332,36.95000076293945,34.296531677246094,22332000
2020-10-30,37.33000183105469,37.56999969482422,36.4900016784668,37.4900016784668,34.797752380371094,27645700
2020-11-02,38.09000015258789,38.68999862670898,37.66999816894531,38.630001068115234,35.85588455200195,27180400
2020-11-03,39.09999847412109,39.630001068115234,38.84000015258789,39.369998931884766,36.542747497558594,20418900
2020-11-04,39.41999816894531,39.52999877929688,38.400001525878906,38.470001220703125,35.707374572753906,24981300
2020-11-05,39.880001068115234,41.5099983215332,39.869998931884766,41.220001220703125,38.259891510009766,51803600
2020-11-06,41.63999938964844,41.810001373291016,40.9900016784668,41.41999816894531,38.44552230834961,21921500
2020-11-09,39.40999984741211,39.41999816894531,38.02999877929688,38.880001068115234,36.08793258666992,43551200
2020-11-10,39.02999877929688,39.060001373291016,37.52000045776367,37.560001373291016,34.86272430419922,33309900
2020-11-11,37.06999969482422,37.2599983215332,36.72999954223633,37.150001525878906,34.482177734375,22360800
2020-11-12,37.5,38.08000183105469,37.38999938964844,37.4900016784668,34.797752380371094,21186100
2020-11-13,38.34000015258789,38.34999847412109,37.83000183105469,38.0099983215332,35.28040313720703,19264300
2020-11-16,37.86000061035156,38.2400016784668,37.45000076293945,37.7599983215332,35.04835891723633,17150200
2020-11-17,37.40999984741211,37.650001525878906,36.93999862670898,36.93999862670898,34.28725051879883,20716700
2020-11-18,36.93999862670898,36.970001220703125,35.81999969482422,35.81999969482422,33.247676849365234,26893300
2020-11-19,35.369998931884766,35.83000183105469,35.20000076293945,35.52000045776367,32.96922302246094,25927700
2020-11-20,35.959999084472656,36.36000061035156,35.65999984741211,35.900001525878906,33.321929931640625,25251000
2020-11-23,35.529998779296875,35.56999969482422,34.34000015258789,34.36000061035156,31.89252281188965,33864200
2020-11-24,33.380001068115234,33.900001525878906,33.25,33.41999816894531,31.0200252532959,41128100
2020-11-25,33.75,34.2400016784668,33.66999816894531,34.040000915527344,31.595504760742188,31203600
2020-11-27,33.540000915527344,34.290000915527344,33.5,34.22999954223633,31.771862030029297,11745600
2020-11-30,33.970001220703125,34.68000030517578,33.65999984741211,34.68000030517578,32.18954086303711,24406700
2020-12-01,35.79999923706055,36.06999969482422,35.08000183105469,35.959999084472656,33.377620697021484,31692100
2020-12-02,35.970001220703125,36.09999847412109,35.52000045776367,35.970001220703125,33.386905670166016,23736900
2020-12-03,36.13999938964844,36.13999938964844,35.2400016784668,35.5099983215332,32.959938049316406,21132500
2020-12-04,35.5,35.810001373291016,35.060001373291016,35.310001373291016,32.77430725097656,15779200
2020-12-07,35.29999923706055,36.91999816894531,35.2400016784668,36.5,33.87884521484375,26606200
2020-12-08,36.65999984741211,36.75,36.22999954223633,36.34999847412109,33.73961639404297,15029700
2020-12-09,35.939998626708984,36.15999984741211,35.0099983215332,35.400001525878906,32.85783767700195,26711300
2020-12-10,35.529998779296875,36.02999877929688,35.13999938964844,35.2400016784668,32.70933151245117,17178600
2020-12-11,35.36000061035156,35.56999969482422,34.95000076293945,35.08000183105469,32.560821533203125,13294100
2020-12-14,34.91999816894531,35.349998474121094,34.2599983215332,34.290000915527344,31.82755470275879,27931000
2020-12-15,35.0099983215332,35.56999969482422,34.86000061035156,35.369998931884766,32.82999420166016,24406300
2020-12-16,35.599998474121094,36.040000915527344,35.119998931884766,36.02999877929688,33.44260025024414,21498600
2020-12-17,36.869998931884766,37.63999938964844,36.7599983215332,37.290000915527344,34.61211395263672,41042600
2020-12-18,37.27000045776367,37.27000045776367,36.54999923706055,36.58000183105469,33.953102111816406,21979800
2020-12-21,36.34999847412109,36.810001373291016,36.18000030517578,36.34999847412109,33.91577911376953,18383700
2020-12-22,36.380001068115234,36.38999938964844,35.029998779296875,35.290000915527344,32.92676544189453,34660000
2020-12-23,35.529998779296875,36.040000915527344,35.529998779296875,35.91999816894531,33.51457595825195,25420100
2020-12-24,35.75,36.209999084472656,35.619998931884766,36.02999877929688,33.61720657348633,14138500
2020-12-28,36.61000061035156,36.90999984741211,35.68000030517578,35.689998626708984,33.29997253417969,17137400
2020-12-29,35.900001525878906,36.290000915527344,35.59000015258789,35.7400016784668,33.34663009643555,19650400
2020-12-30,35.790000915527344,36.560001373291016,35.77000045776367,36.560001373291016,34.11171340942383,18311400
2020-12-31,36.560001373291016,36.68000030517578,35.79999923706055,36.02000045776367,33.607879638671875,18772700
2021-01-04,37.68999862670898,38.77000045776367,37.31999969482422,38.5099983215332,35.931129455566406,54565100
2021-01-05,39.0,39.0099983215332,38.060001373291016,38.5,35.92179870605469,28068400
2021-01-06,38.130001068115234,38.52000045776367,37.470001220703125,38.459999084472656,35.88447952270508,31826300
2021-01-07,38.31999969482422,38.65999984741211,37.81999969482422,38.369998931884766,35.800506591796875,18728600
2021-01-08,37.45000076293945,37.52000045776367,35.79999923706055,36.52000045776367,34.07439422607422,49003500
2021-01-11,35.779998779296875,36.27999877929688,35.7400016784668,35.779998779296875,33.38394546508789,26242200
2021-01-12,35.88999938964844,36.04999923706055,35.290000915527344,36.040000915527344,33.62653732299805,20901200
2021-01-13,36.0,36.29999923706055,35.619998931884766,35.63999938964844,33.253326416015625,15130300
2021-01-14,35.63999938964844,36.150001525878906,35.459999084472656,35.61000061035156,33.22533416748047,17274600
2021-01-15,35.34000015258789,35.4900016784668,34.47999954223633,34.5099983215332,32.19898986816406,26520200
2021-01-19,35.130001068115234,35.18000030517578,34.56999969482422,34.869998931884766,32.534889221191406,26382600
2021-01-20,35.4900016784668,36.31999969482422,35.400001525878906,36.040000915527344,33.62653732299805,30193200
2021-01-21,36.0,36.040000915527344,35.40999984741211,35.709999084472656,33.31863784790039,19605500
2021-01-22,34.849998474121094,35.540000915527344,34.470001220703125,35.22999954223633,32.87078094482422,27744200
2021-01-25,35.4900016784668,35.7400016784668,34.810001373291016,35.189998626708984,32.83345413208008,15905600
2021-01-26,35.11000061035156,35.529998779296875,35.0099983215332,35.09000015258789,32.74015045166016,13110800
2021-01-27,34.650001525878906,34.66999816894531,33.630001068115234,33.7400016784668,31.48056030273437,31884800
2021-01-28,34.619998931884766,35.38999938964844,34.09000015258789,34.58000183105469,32.264305114746094,35106700
2021-01-29,35.47999954223633,35.68000030517578,34.380001068115234,34.5099983215332,32.19898986816406,21743700
2021-02-01,36.02999877929688,36.27999877929688,35.08000183105469,35.68000030517578,33.290645599365234,33084900
2021-02-02,34.880001068115234,34.97999954223633,34.45000076293945,34.619998931884766,32.30162811279297,22560800
2021-02-03,34.70000076293945,34.95000076293945,34.439998626708984,34.61000061035156,32.29230117797852,16858300
2021-02-04,33.689998626708984,33.970001220703125,33.22999954223633,33.84000015258789,31.573862075805664,26075900
2021-02-05,34.11000061035156,34.689998626708984,33.900001525878906,34.61000061035156,32.29230117797852,20322700
2021-02-08,35.27000045776367,35.4900016784668,34.900001525878906,35.220001220703125,32.861454010009766,18754700
2021-02-09,35.43000030517578,35.47999954223633,34.939998626708984,35.18000030517578,32.824127197265625,18531700
2021-02-10,35.5,35.599998474121094,35.0,35.279998779296875,32.917423248291016,11694000
2021-02-11,35.33000183105469,35.619998931884766,34.65999984741211,34.810001373291016,32.47890853881836,19890700
2021-02-12,34.5,35.119998931884766,34.18000030517578,34.779998779296875,32.45091247558594,15849300
2021-02-16,34.25,34.81999969482422,34.08000183105469,34.09000015258789,31.807126998901367,22539100
2021-02-17,33.54999923706055,33.59000015258789,32.95000076293945,33.220001220703125,30.99538230895996,27632700
2021-02-18,33.16999816894531,33.439998626708984,32.540000915527344,32.790000915527344,30.594179153442383,20776400
2021-02-19,33.09000015258789,33.209999084472656,32.56999969482422,32.7400016784668,30.54752540588379,17823000
2021-02-22,33.25,34.349998474121094,33.06999969482422,34.209999084472656,31.919086456298828,27938300
2021-02-23,33.79999923706055,33.869998931884766,32.810001373291016,33.439998626708984,31.20064926147461,25669700
2021-02-24,32.869998931884766,33.90999984741211,32.650001525878906,33.70000076293945,31.4432373046875,18766000
2021-02-25,33.0099983215332,33.630001068115234,32.20000076293945,32.33000183105469,30.164981842041016,36436000
2021-02-26,31.96999931335449,32.15999984741211,30.89999961853028,31.1299991607666,29.04534339904785,39888800
2021-03-01,31.520000457763672,31.71999931335449,30.71999931335449,30.89999961853028,28.83074188232422,25851400
2021-03-02,31.040000915527344,32.209999084472656,30.96999931335449,31.959999084472656,29.81975746154785,27817700
2021-03-03,31.440000534057617,31.600000381469727,30.63999938964844,31.350000381469727,29.2506103515625,34117000
2021-03-04,31.290000915527344,32.09000015258789,30.799999237060547,31.3700008392334,29.269269943237305,37821800
2021-03-05,31.39999961853028,31.8799991607666,30.89999961853028,31.780000686645508,29.65181541442871,27006800
2021-03-08,31.549999237060547,31.799999237060547,31.190000534057617,31.38999938964844,29.287931442260746,16400600
2021-03-09,32.470001220703125,32.88999938964844,32.099998474121094,32.29999923706055,30.13698959350586,26861900
2021-03-10,32.380001068115234,32.630001068115234,32.08000183105469,32.43000030517578,30.258283615112305,14539000
2021-03-11,32.66999816894531,33.08000183105469,32.52000045776367,33.04999923706055,30.83676528930664,21841600
2021-03-12,32.220001220703125,33.130001068115234,32.08000183105469,33.08000183105469,30.8647575378418,19710900
2021-03-15,33.22999954223633,33.720001220703125,33.13999938964844,33.619998931884766,31.368595123291016,21446200
2021-03-16,33.68000030517578,33.72999954223633,33.33000183105469,33.4900016784668,31.24730491638184,16996000
2021-03-17,33.2599983215332,34.47999954223633,33.0,34.209999084472656,31.919086456298828,24753100
2021-03-18,33.5099983215332,34.130001068115234,33.459999084472656,33.619998931884766,31.368595123291016,18849800
2021-03-19,33.7400016784668,33.91999816894531,33.459999084472656,33.88999938964844,31.62051582336425,17791400
2021-03-22,33.560001373291016,33.959999084472656,33.4900016784668,33.4900016784668,31.24730491638184,14935300
2021-03-23,33.18000030517578,33.2599983215332,32.529998779296875,32.63999938964844,30.454221725463867,17838700
2021-03-24,32.650001525878906,32.77000045776367,32.279998779296875,32.29999923706055,30.13698959350586,14319300
2021-03-25,32.29999923706055,32.52000045776367,31.90999984741211,32.2400016784668,30.08100891113281,16091700
2021-03-26,32.150001525878906,32.79999923706055,32.150001525878906,32.77000045776367,30.575517654418945,15938700
2021-03-29,32.5,32.93000030517578,32.09000015258789,32.86000061035156,30.659486770629883,13768300
2021-03-30,31.989999771118164,32.2400016784668,31.64999961853028,31.82999992370605,29.698467254638672,25441900
2021-03-31,31.89999961853028,32.790000915527344,31.8700008392334,32.5,30.323598861694336,29139800
2021-04-01,32.95000076293945,33.619998931884766,32.84000015258789,33.599998474121094,31.34993553161621,27485600
2021-04-05,33.59000015258789,34.02000045776367,33.369998931884766,33.709999084472656,31.45256996154785,18197300
2021-04-06,34.08000183105469,34.59000015258789,33.97999954223633,34.279998779296875,31.9843978881836,21175700
2021-04-07,34.13999938964844,34.31999969482422,33.849998474121094,33.93000030517578,31.65784072875977,18181900
2021-04-08,34.540000915527344,34.849998474121094,34.439998626708984,34.72999954223633,32.40426254272461,19841100
2021-04-09,34.11000061035156,34.790000915527344,33.97999954223633,34.72999954223633,32.40426254272461,11232300
2021-04-12,34.40999984741211,34.439998626708984,33.83000183105469,33.959999084472656,31.68582344055176,15536200
2021-04-13,34.38999938964844,34.79999923706055,34.29999923706055,34.560001373291016,32.24565124511719,22275900
2021-04-14,34.540000915527344,34.75,34.209999084472656,34.290000915527344,31.993728637695312,14033700
2021-04-15,34.79999923706055,35.959999084472656,34.72999954223633,35.709999084472656,33.31863784790039,31132500
2021-04-16,36.09000015258789,36.130001068115234,35.720001220703125,36.02999877929688,33.61720657348633,18939300
2021-04-19,35.84000015258789,36.09999847412109,35.59000015258789,35.790000915527344,33.39327621459961,12133700
2021-04-20,35.70000076293945,36.33000183105469,35.689998626708984,36.20000076293945,33.77582550048828,22560000
2021-04-21,36.220001220703125,36.84000015258789,36.130001068115234,36.83000183105469,34.36363983154297,18613600
2021-04-22,36.630001068115234,36.65999984741211,35.959999084472656,36.18000030517578,33.75716018676758,18554100
2021-04-23,36.5,36.619998931884766,35.95000076293945,36.060001373291016,33.64520263671875,10513900
2021-04-26,36.119998931884766,36.18000030517578,35.810001373291016,35.97999954223633,33.570556640625,9254200
2021-04-27,36.02999877929688,36.060001373291016,35.25,35.29999923706055,32.936092376708984,16330800
2021-04-28,34.880001068115234,35.720001220703125,34.709999084472656,35.45000076293945,33.076045989990234,20209800
2021-04-29,35.029998779296875,35.119998931884766,34.380001068115234,34.77000045776367,32.441585540771484,23574800
2021-04-30,34.56999969482422,34.84000015258789,34.310001373291016,34.36000061035156,32.05904006958008,20959000
2021-05-03,34.97999954223633,35.88999938964844,34.90999984741211,35.68000030517578,33.290645599365234,31858500
2021-05-04,35.65999984741211,36.33000183105469,34.97999954223633,35.310001373291016,32.9454231262207,19222300
2021-05-05,35.47999954223633,35.689998626708984,35.13999938964844,35.61000061035156,33.22533416748047,19052300
2021-05-06,35.90999984741211,37.08000183105469,35.880001068115234,36.7599983215332,34.29832077026367,33315100
2021-05-07,37.369998931884766,37.58000183105469,37.0099983215332,37.41999816894531,34.91412353515625,28018400
2021-05-10,37.97999954223633,38.220001220703125,37.31999969482422,37.380001068115234,34.87680435180664,24645400
2021-05-11,36.630001068115234,37.66999816894531,36.5,37.63999938964844,35.11939239501953,19510800
2021-05-12,37.54999923706055,37.7599983215332,36.7400016784668,36.86000061035156,34.39162826538086,23166300
2021-05-13,36.720001220703125,37.18000030517578,36.43000030517578,36.93000030517578,34.45693588256836,14635100
2021-05-14,37.31999969482422,37.95000076293945,37.2400016784668,37.84000015258789,35.305992126464844,19785900
2021-05-17,38.27000045776367,39.900001525878906,38.130001068115234,39.68000030517578,37.02278518676758,44330800
2021-05-18,39.77999877929688,39.88999938964844,39.02999877929688,39.630001068115234,36.97612380981445,22379000
2021-05-19,39.290000915527344,40.130001068115234,38.59999847412109,39.040000915527344,36.42564010620117,34676400
2021-05-20,39.09000015258789,39.79999923706055,38.91999816894531,39.5099983215332,36.86416244506836,17187800
2021-05-21,39.7400016784668,39.7599983215332,38.90999984741211,39.290000915527344,36.65889739990234,15441300
2021-05-24,39.380001068115234,39.65999984741211,39.16999816894531,39.43000030517578,36.78952407836914,11962100
2021-05-25,39.36000061035156,39.68999862670898,38.869998931884766,39.52000045776367,36.87349319458008,18295900
2021-05-26,39.68000030517578,40.0,39.209999084472656,39.459999084472656,36.81751251220703,17944700
2021-05-27,39.2599983215332,39.400001525878906,39.02000045776367,39.209999084472656,36.58425521850586,15494100
2021-05-28,38.9900016784668,39.43999862670898,38.77000045776367,39.41999816894531,36.78018569946289,12656400
2021-06-01,39.63999938964844,39.880001068115234,39.16999816894531,39.4900016784668,36.84550476074219,14270600
2021-06-02,39.58000183105469,39.790000915527344,39.34000015258789,39.540000915527344,36.89215469360352,11231600
2021-06-03,38.619998931884766,38.630001068115234,38.02000045776367,38.16999816894531,35.613895416259766,32174200
2021-06-04,38.560001373291016,38.959999084472656,38.459999084472656,38.68000030517578,36.08974456787109,16937400
2021-06-07,38.54999923706055,38.709999084472656,38.209999084472656,38.650001525878906,36.06175231933594,13293100
2021-06-08,38.43000030517578,38.59000015258789,38.04999923706055,38.09999847412109,35.548587799072266,17455800
2021-06-09,38.150001525878906,38.47999954223633,37.9900016784668,38.0,35.455284118652344,14511100
2021-06-10,38.06999969482422,38.9900016784668,37.970001220703125,38.95000076293945,36.3416633605957,22342300
2021-06-11,38.70000076293945,38.880001068115234,38.18000030517578,38.27999877929688,35.71653366088867,18857300
2021-06-14,37.56999969482422,38.27999877929688,37.400001525878906,38.02999877929688,35.4832763671875,15826400
2021-06-15,38.060001373291016,38.130001068115234,37.40999984741211,37.59000015258789,35.07273864746094,17405700
2021-06-16,37.52999877929688,37.91999816894531,36.72999954223633,36.77000045776367,34.30765151977539,29702900
2021-06-17,35.58000183105469,36.040000915527344,34.790000915527344,34.93000030517578,32.59086990356445,69043900
2021-06-18,34.84000015258789,35.099998474121094,34.099998474121094,34.130001068115234,31.84444236755371,34367700
2021-06-21,34.65999984741211,34.95000076293945,34.2400016784668,34.77000045776367,32.441585540771484,25070600
2021-06-22,34.599998474121094,34.810001373291016,34.40999984741211,34.54999923706055,32.2363166809082,17989800
2021-06-23,35.0099983215332,35.18000030517578,34.33000183105469,34.33000183105469,32.03105163574219,22658200
2021-06-24,34.63999938964844,34.72999954223633,34.290000915527344,34.439998626708984,32.13368225097656,17146600
2021-06-25,34.90999984741211,34.95000076293945,34.220001220703125,34.36000061035156,32.05904006958008,14417300
2021-06-28,34.31999969482422,34.439998626708984,33.720001220703125,33.97999954223633,31.70448303222656,19354800
2021-06-29,33.38999938964844,33.970001220703125,33.29999923706055,33.63999938964844,31.38725471496582,15484500
2021-06-30,33.63999938964844,34.209999084472656,33.5,33.97999954223633,31.70448303222656,15159300
2021-07-01,34.470001220703125,34.52000045776367,33.7599983215332,33.959999084472656,31.68582344055176,12172200
2021-07-02,34.38999938964844,34.59000015258789,34.04999923706055,34.41999816894531,32.115020751953125,14496600
2021-07-06,35.02000045776367,35.04999923706055,34.16999816894531,34.52000045776367,32.20833206176758,19947100
2021-07-07,34.7400016784668,34.790000915527344,34.290000915527344,34.560001373291016,32.24565124511719,14493700
2021-07-08,34.619998931884766,34.689998626708984,33.38999938964844,33.68000030517578,31.424579620361328,27118300
2021-07-09,33.79999923706055,34.4900016784668,33.7599983215332,34.369998931884766,32.0683708190918,18204500
2021-07-12,34.20000076293945,34.560001373291016,33.83000183105469,33.88999938964844,31.62051582336425,20292400
2021-07-13,34.0,34.91999816894531,33.91999816894531,34.279998779296875,31.9843978881836,21065700
2021-07-14,35.09000015258789,35.15999984741211,34.58000183105469,34.7400016784668,32.413597106933594,15714200
2021-07-15,34.84000015258789,35.029998779296875,34.630001068115234,34.970001220703125,32.62818908691406,14196100
2021-07-16,34.84000015258789,34.84000015258789,33.83000183105469,33.91999816894531,31.64850425720215,28735000
2021-07-19,33.52000045776367,33.709999084472656,32.869998931884766,33.189998626708984,30.96738815307617,29921500
2021-07-20,33.38999938964844,33.810001373291016,33.04999923706055,33.29999923706055,31.070024490356445,17990800
2021-07-21,33.029998779296875,33.72999954223633,32.970001220703125,33.619998931884766,31.368595123291016,15417900
2021-07-22,33.689998626708984,33.689998626708984,33.04999923706055,33.40999984741211,31.17265892028809,15667800
2021-07-23,33.20000076293945,33.31999969482422,32.91999816894531,33.150001525878906,30.93006896972656,12587700
2021-07-26,33.060001373291016,33.7599983215332,33.0099983215332,33.5,31.25663375854492,13565000
2021-07-27,33.650001525878906,33.72999954223633,33.290000915527344,33.68000030517578,31.424579620361328,14112900
2021-07-28,33.5099983215332,34.189998626708984,33.380001068115234,34.189998626708984,31.90042495727539,16424400
2021-07-29,34.75,35.369998931884766,34.70000076293945,35.06999969482422,32.721492767333984,29054900
2021-07-30,34.79999923706055,35.279998779296875,34.70000076293945,34.91999816894531,32.581539154052734,12405300
2021-08-02,34.91999816894531,34.9900016784668,34.66999816894531,34.779998779296875,32.45091247558594,11315800
2021-08-03,34.790000915527344,35.130001068115234,34.63999938964844,35.09000015258789,32.74015045166016,11237300
2021-08-04,35.599998474121094,35.81999969482422,34.7599983215332,34.779998779296875,32.45091247558594,16927200
2021-08-05,34.77000045776367,34.84000015258789,34.18000030517578,34.2599983215332,31.96573638916016,14194100
2021-08-06,33.380001068115234,33.4900016784668,32.869998931884766,33.2400016784668,31.0140438079834,34008700
2021-08-09,32.79999923706055,33.08000183105469,32.38999938964844,32.43000030517578,30.258283615112305,29020200
2021-08-10,32.31999969482422,32.470001220703125,31.920000076293945,32.02000045776367,29.875741958618164,23545600
2021-08-11,32.43000030517578,32.900001525878906,32.38999938964844,32.65999984741211,30.472881317138672,22827000
2021-08-12,32.470001220703125,32.470001220703125,31.89999961853028,32.15999984741211,30.006366729736328,17913100
2021-08-13,32.58000183105469,32.959999084472656,32.47999954223633,32.81999969482422,30.62216567993164,16207000
2021-08-16,32.86000061035156,32.939998626708984,32.45000076293945,32.63999938964844,30.454221725463867,12143000
2021-08-17,32.529998779296875,32.65999984741211,32.0099983215332,32.25,30.09033966064453,20321200
2021-08-18,32.33000183105469,32.33000183105469,31.25,31.489999771118164,29.38123321533203,32163200
2021-08-19,31.43000030517578,31.450000762939453,30.88999938964844,30.959999084472656,28.88672637939453,24668400
2021-08-20,30.850000381469727,31.13999938964844,30.690000534057617,30.850000381469727,28.78409194946289,18101500
2021-08-23,31.6299991607666,32.349998474121094,31.350000381469727,32.119998931884766,29.969043731689453,34967700
2021-08-24,32.36000061035156,32.369998931884766,31.989999771118164,32.11000061035156,29.959716796875,12994500
2021-08-25,31.950000762939453,31.96999931335449,31.40999984741211,31.68000030517578,29.55851173400879,20259400
2021-08-26,31.459999084472656,31.8700008392334,31.3700008392334,31.479999542236328,29.371904373168945,18155600
2021-08-27,31.43000030517578,32.72999954223633,31.290000915527344,32.61000061035156,30.42622947692871,43782900
2021-08-30,32.61000061035156,32.70000076293945,32.099998474121094,32.16999816894531,30.01569366455078,17423200
2021-08-31,32.2599983215332,32.630001068115234,32.189998626708984,32.599998474121094,30.416900634765625,23492700
2021-09-01,32.779998779296875,32.83000183105469,32.36000061035156,32.380001068115234,30.21163558959961,17135600
2021-09-02,32.40999984741211,32.5099983215332,32.18000030517578,32.5,30.323598861694336,14716700
2021-09-03,32.9900016784668,33.52000045776367,32.869998931884766,33.279998779296875,31.051362991333008,27203900
2021-09-07,32.88999938964844,33.060001373291016,32.220001220703125,32.349998474121094,30.183637619018555,23521600
2021-09-08,32.31999969482422,32.47999954223633,31.8700008392334,32.189998626708984,30.03435516357422,18090100
2021-09-09,32.439998626708984,32.4900016784668,31.739999771118164,31.959999084472656,29.81975746154785,20938800
2021-09-10,31.950000762939453,32.119998931884766,31.5,31.5,29.39056396484375,16890300
2021-09-13,31.68000030517578,32.40999984741211,31.600000381469727,32.11000061035156,29.959716796875,24638000
2021-09-14,32.279998779296875,32.619998931884766,31.989999771118164,32.27000045776367,30.10900115966797,17580100
2021-09-15,32.02000045776367,32.5099983215332,31.96999931335449,32.2599983215332,30.099668502807617,13130900
2021-09-16,31.530000686645508,31.559999465942383,30.59000015258789,30.920000076293945,28.84940528869629,54399900
2021-09-17,30.690000534057617,30.729999542236328,30.350000381469727,30.57999992370605,28.53217315673828,26397400
2021-09-20,30.34000015258789,30.57999992370605,30.06999969482422,30.450000762939453,28.410877227783203,26368700
2021-09-21,30.739999771118164,31.049999237060547,30.40999984741211,30.46999931335449,28.42953872680664,23278500
2021-09-22,30.700000762939453,31.239999771118164,30.459999084472656,30.5,28.457529067993164,26826400
2021-09-23,30.290000915527344,30.32999992370605,29.8799991607666,29.88999938964844,27.888378143310547,28658400
2021-09-24,29.670000076293945,30.0,29.540000915527344,29.68000030517578,27.692441940307617,14285400
2021-09-27,29.82999992370605,30.239999771118164,29.6299991607666,29.68000030517578,27.692441940307617,16001600
2021-09-28,29.239999771118164,29.51000022888184,28.96999931335449,29.3700008392334,27.403200149536133,35629500
2021-09-29,29.290000915527344,29.420000076293945,28.82999992370605,28.90999984741211,26.9740047454834,34065800
2021-09-30,29.280000686645508,29.950000762939453,29.11000061035156,29.46999931335449,27.49650382995605,29802700
2021-10-01,29.68000030517578,29.690000534057617,29.1200008392334,29.32999992370605,27.36587715148925,20670200
2021-10-04,29.229999542236328,29.89999961853028,29.229999542236328,29.670000076293945,27.68311309814453,25250600
2021-10-05,29.540000915527344,29.850000381469727,29.170000076293945,29.780000686645508,27.78574752807617,21309600
2021-10-06,29.559999465942383,30.34000015258789,29.489999771118164,30.34000015258789,28.308244705200195,28606900
2021-10-07,30.09000015258789,30.690000534057617,30.049999237060547,30.39999961853028,28.364229202270508,18266900
2021-10-08,31.1299991607666,31.36000061035156,30.57999992370605,30.670000076293945,28.616146087646484,28715200
2021-10-11,30.709999084472656,31.09000015258789,30.51000022888184,30.57999992370605,28.53217315673828,17432600
2021-10-12,30.799999237060547,31.26000022888184,30.549999237060547,31.13999938964844,29.054670333862305,25183500
2021-10-13,31.43000030517578,32.31999969482422,31.38999938964844,32.150001525878906,29.99703788757324,36491500
2021-10-14,32.599998474121094,32.93000030517578,32.40999984741211,32.849998474121094,30.650156021118164,25068100
2021-10-15,32.150001525878906,32.72999954223633,31.8799991607666,32.52000045776367,30.342256546020508,19730700
2021-10-18,32.400001525878906,32.529998779296875,32.08000183105469,32.220001220703125,30.062349319458008,15584500
2021-10-19,32.86000061035156,32.88999938964844,32.29999923706055,32.5,30.323598861694336,13999700
2021-10-20,32.849998474121094,33.15999984741211,32.599998474121094,32.86000061035156,30.659486770629883,15369500
2021-10-21,32.72999954223633,32.77000045776367,32.5,32.72999954223633,30.53819465637207,13482600
2021-10-22,33.29999923706055,33.95000076293945,32.81999969482422,32.9900016784668,30.780786514282227,29547100
2021-10-25,33.439998626708984,33.709999084472656,33.2599983215332,33.45000076293945,31.209980010986328,16885100
2021-10-26,33.18000030517578,33.380001068115234,33.02000045776367,33.25,31.02337074279785,14855600
2021-10-27,33.22999954223633,33.400001525878906,32.95000076293945,33.099998474121094,30.8834171295166,14192900
2021-10-28,33.16999816894531,33.16999816894531,32.5,32.59000015258789,30.40757179260254,16147300
2021-10-29,32.060001373291016,32.22999954223633,31.700000762939453,31.709999084472656,29.586498260498047,19838500
2021-11-01,31.770000457763672,32.0099983215332,31.420000076293945,31.86000061035156,29.72645568847656,13055100
2021-11-02,31.63999938964844,31.65999984741211,31.26000022888184,31.530000686645508,29.418556213378903,13406500
2021-11-03,31.09000015258789,31.989999771118164,30.959999084472656,31.86000061035156,29.72645568847656,19631400
2021-11-04,32.290000915527344,32.689998626708984,31.690000534057617,31.75,29.62382125854492,20728600
2021-11-05,32.11000061035156,32.75,31.84000015258789,32.75,30.556856155395508,23291800
2021-11-08,33.09000015258789,33.13999938964844,32.65999984741211,32.900001525878906,30.696815490722656,16769000
2021-11-09,33.029998779296875,33.31999969482422,32.56999969482422,33.31999969482422,31.088685989379883,15970100
2021-11-10,34.13999938964844,34.5,33.689998626708984,33.90999984741211,31.6391716003418,41093000
2021-11-11,34.720001220703125,34.83000183105469,34.310001373291016,34.70000076293945,32.376277923583984,25332800
2021-11-12,34.45000076293945,35.0099983215332,34.220001220703125,34.77000045776367,32.441585540771484,16472200
2021-11-15,34.790000915527344,35.0099983215332,34.470001220703125,34.900001525878906,32.56288146972656,12670000
2021-11-16,34.880001068115234,35.08000183105469,34.27000045776367,34.290000915527344,31.993728637695312,17878700
2021-11-17,34.689998626708984,34.970001220703125,34.41999816894531,34.560001373291016,32.24565124511719,15595600
2021-11-18,34.5099983215332,34.68000030517578,34.11000061035156,34.2400016784668,31.94707679748535,16487300
2021-11-19,34.15999984741211,34.41999816894531,33.65999984741211,33.66999816894531,31.415245056152344,22133100
2021-11-22,33.02000045776367,33.47999954223633,32.54999923706055,33.0,30.790111541748047,29994000
2021-11-23,32.52000045776367,32.810001373291016,32.150001525878906,32.5,30.323598861694336,20537700
2021-11-24,32.220001220703125,32.619998931884766,32.16999816894531,32.41999816894531,30.248952865600582,13253000
2021-11-26,32.79999923706055,32.79999923706055,31.63999938964844,32.119998931884766,29.969043731689453,21061800
2021-11-29,32.029998779296875,32.15999984741211,31.670000076293945,32.130001068115234,29.978376388549805,15302700
2021-11-30,32.400001525878906,33.029998779296875,31.63999938964844,31.799999237060547,29.670473098754883,30280600
2021-12-01,32.20000076293945,32.47999954223633,30.81999969482422,30.82999992370605,28.76543235778809,30323900
2021-12-02,30.8799991607666,30.8799991607666,30.09000015258789,30.459999084472656,28.420209884643555,27617300
2021-12-03,30.489999771118164,30.729999542236328,30.049999237060547,30.690000534057617,28.63480758666992,21055600
2021-12-06,30.559999465942383,31.229999542236328,30.46999931335449,31.1200008392334,29.0360107421875,16423300
2021-12-07,31.14999961853028,31.59000015258789,31.100000381469727,31.34000015258789,29.24127960205078,12973000
2021-12-08,31.25,31.520000457763672,31.07999992370605,31.489999771118164,29.38123321533203,9604700
2021-12-09,31.18000030517578,31.190000534057617,30.530000686645508,30.68000030517578,28.625476837158203,19843700
2021-12-10,30.940000534057617,30.950000762939453,30.299999237060547,30.489999771118164,28.44820022583008,13045500
2021-12-13,30.530000686645508,30.8700008392334,30.36000061035156,30.51000022888184,28.46686172485352,23841300
2021-12-14,30.0,30.549999237060547,30.0,30.11000061035156,28.09364891052246,16925600
2021-12-15,30.0,30.0,28.89999961853028,29.700000762939453,27.71110343933105,34443000
2021-12-16,30.1299991607666,31.239999771118164,30.1200008392334,31.190000534057617,29.1013240814209,38341100
2021-12-17,31.350000381469727,31.770000457763672,31.06999969482422,31.1299991607666,29.04534339904785,25227600
2021-12-20,30.559999465942383,30.63999938964844,30.14999961853028,30.59000015258789,29.04059410095215,18245700
2021-12-21,30.8799991607666,30.920000076293945,30.38999938964844,30.81999969482422,29.25894546508789,15176000
2021-12-22,30.90999984741211,31.18000030517578,30.479999542236328,31.15999984741211,29.581722259521484,19852100
2021-12-23,31.11000061035156,31.38999938964844,30.82999992370605,31.299999237060547,29.714630126953125,15213500
2021-12-27,31.239999771118164,31.479999542236328,31.040000915527344,31.32999992370605,29.74311256408692,11629800
2021-12-28,31.32999992370605,31.65999984741211,31.06999969482422,31.09000015258789,29.515268325805664,15665100
2021-12-29,30.84000015258789,31.540000915527344,30.84000015258789,31.21999931335449,29.63868522644043,13900900
2021-12-30,31.21999931335449,31.82999992370605,31.21999931335449,31.780000686645508,30.17032051086425,14496700
2021-12-31,32.0099983215332,32.08000183105469,31.71999931335449,32.029998779296875,30.407657623291016,12553700
2022-01-03,31.420000076293945,31.530000686645508,31.209999084472656,31.25,29.66716384887696,18828900
2022-01-04,31.440000534057617,31.8700008392334,31.309999465942383,31.3799991607666,29.79058074951172,15468300
2022-01-05,31.709999084472656,32.029998779296875,30.790000915527344,30.850000381469727,29.28742408752441,26211100
2022-01-06,30.170000076293945,30.3799991607666,29.739999771118164,29.76000022888184,28.25263404846192,28579300
2022-01-07,29.959999084472656,30.170000076293945,29.6200008392334,30.01000022888184,28.489973068237305,19982900
2022-01-10,29.8700008392334,30.540000915527344,29.64999961853028,30.51000022888184,28.964645385742188,24142700
2022-01-11,30.6200008392334,31.15999984741211,30.38999938964844,31.13999938964844,29.56273651123047,20294700
2022-01-12,31.270000457763672,31.709999084472656,31.06999969482422,31.709999084472656,30.10386276245117,19838600
2022-01-13,31.559999465942383,31.739999771118164,31.229999542236328,31.239999771118164,29.657670974731445,15356900
2022-01-14,31.299999237060547,31.31999969482422,30.729999542236328,30.96999931335449,29.401348114013672,15586500
2022-01-18,30.88999938964844,31.14999961853028,30.479999542236328,30.600000381469727,29.05008888244629,16739600
2022-01-19,31.020000457763672,32.939998626708984,30.940000534057617,32.790000915527344,31.129165649414062,52590000
2022-01-20,33.11000061035156,33.189998626708984,32.33000183105469,32.33000183105469,30.69246292114257,26417600
2022-01-21,32.58000183105469,32.599998474121094,31.479999542236328,31.64999961853028,30.04690361022949,30274200
2022-01-24,31.57999992370605,31.59000015258789,30.43000030517578,31.450000762939453,29.85703468322754,32161600
2022-01-25,31.11000061035156,31.81999969482422,30.84000015258789,31.65999984741211,30.05639839172364,26669500
2022-01-26,31.3799991607666,31.88999938964844,30.3799991607666,30.6299991607666,29.07856559753418,38945900
2022-01-27,29.8700008392334,30.61000061035156,29.63999938964844,29.68000030517578,28.176687240600582,32087700
2022-01-28,29.32999992370605,29.3799991607666,28.8700008392334,29.299999237060547,27.815933227539062,25046400
2022-01-31,29.559999465942383,30.239999771118164,29.51000022888184,30.229999542236328,28.698829650878903,22555400
2022-02-01,30.549999237060547,30.71999931335449,30.030000686645508,30.530000686645508,28.98363494873047,16090400
2022-02-02,30.61000061035156,31.040000915527344,30.25,30.6299991607666,29.07856559753418,15417300
2022-02-03,30.450000762939453,30.65999984741211,29.940000534057617,30.25,28.717817306518555,17862600
2022-02-04,30.059999465942383,30.729999542236328,29.96999931335449,30.39999961853028,28.860218048095703,20375700
2022-02-07,30.63999938964844,31.450000762939453,30.420000076293945,31.299999237060547,29.714630126953125,24160500
2022-02-08,31.25,31.64999961853028,31.14999961853028,31.64999961853028,30.04690361022949,14835300
2022-02-09,31.76000022888184,31.979999542236328,31.530000686645508,31.59000015258789,29.98994445800781,19078700
2022-02-10,31.420000076293945,31.8799991607666,30.549999237060547,30.690000534057617,29.13553047180176,29800100
2022-02-11,30.770000457763672,32.779998779296875,30.729999542236328,32.43000030517578,30.78739547729492,42381000
2022-02-14,32.540000915527344,33.15999984741211,32.52000045776367,33.09000015258789,31.413970947265625,29274700
2022-02-15,32.220001220703125,32.619998931884766,31.809999465942383,32.4900016784668,30.8443603515625,25748600
2022-02-16,32.68000030517578,33.66999816894531,32.66999816894531,33.529998779296875,31.83168029785156,28483300
2022-02-17,34.029998779296875,35.11000061035156,33.779998779296875,34.779998779296875,33.01836395263672,45115400
2022-02-18,34.83000183105469,34.849998474121094,34.209999084472656,34.5,32.75255584716797,23469300
2022-02-22,34.720001220703125,34.959999084472656,33.900001525878906,34.11000061035156,32.38230514526367,23123900
2022-02-23,34.060001373291016,35.02000045776367,34.0099983215332,34.7400016784668,32.98039627075195,24488400
2022-02-24,36.04999923706055,36.06999969482422,33.43000030517578,34.06999969482422,32.344329833984375,51288800
2022-02-25,33.68000030517578,34.47999954223633,33.459999084472656,34.38999938964844,32.64812088012695,22922200
2022-02-28,35.08000183105469,35.11000061035156,34.099998474121094,34.380001068115234,32.63862609863281,25871800
2022-03-01,34.75,35.86000061035156,34.689998626708984,35.86000061035156,34.04366683959961,39068400
2022-03-02,35.310001373291016,35.81999969482422,34.95000076293945,35.72999954223633,33.920249938964844,26242100
2022-03-03,35.630001068115234,36.02000045776367,35.34000015258789,36.02000045776367,34.19556427001953,23492400
2022-03-04,36.27999877929688,37.59999847412109,36.18999862670898,37.400001525878906,35.50566482543945,40778000
2022-03-07,37.68999862670898,38.54999923706055,37.20000076293945,38.36000061035156,36.41704177856445,46921200
2022-03-08,38.83000183105469,40.2599983215332,37.88999938964844,38.56999969482422,36.61640167236328,80295600
2022-03-09,36.84000015258789,38.310001373291016,36.5,38.130001068115234,36.19868850708008,39938300
2022-03-10,38.40999984741211,39.31999969482422,38.369998931884766,38.90999984741211,36.93917846679688,29088600
2022-03-11,37.79999923706055,38.54999923706055,37.61000061035156,38.290000915527344,36.3505859375,28285200
2022-03-14,37.380001068115234,37.54999923706055,36.2599983215332,36.72999954223633,34.869598388671875,38456800
2022-03-15,35.75,37.31999969482422,35.66999816894531,36.900001525878906,35.03099060058594,26134300
2022-03-16,36.70000076293945,37.11000061035156,36.02999877929688,37.0099983215332,35.13541412353516,28941600
2022-03-17,37.40999984741211,38.369998931884766,37.38999938964844,37.70000076293945,35.79046630859375,26488200
2022-03-18,37.2400016784668,37.880001068115234,36.970001220703125,37.220001220703125,35.33478164672852,30921100
2022-03-21,37.45000076293945,38.56999969482422,37.45000076293945,38.150001525878906,36.21767807006836,24683500
2022-03-22,38.209999084472656,38.209999084472656,37.25,37.7599983215332,35.84742736816406,17183900
2022-03-23,38.02999877929688,38.77000045776367,37.84999847412109,38.720001220703125,36.75880432128906,20446300
2022-03-24,39.08000183105469,39.369998931884766,38.45000076293945,38.560001373291016,36.60691452026367,21581000
2022-03-25,38.290000915527344,38.75,38.119998931884766,38.720001220703125,36.75880432128906,10075600
2022-03-28,38.130001068115234,38.16999816894531,37.58000183105469,37.70000076293945,35.79046630859375,21267700
2022-03-29,36.900001525878906,38.25,36.65999984741211,38.220001220703125,36.28413009643555,18139800
2022-03-30,38.2599983215332,38.86000061035156,38.25,38.650001525878906,36.69234848022461,14993000
2022-03-31,38.72999954223633,39.11000061035156,38.33000183105469,38.34999847412109,36.40754699707031,17229800
2022-04-01,38.119998931884766,39.52999877929688,38.06999969482422,39.4900016784668,37.48980712890625,23745700
2022-04-04,39.720001220703125,39.79999923706055,38.65999984741211,39.13999938964844,37.157527923583984,18744400
2022-04-05,39.380001068115234,39.880001068115234,38.09999847412109,38.27999877929688,36.34109115600586,26451000
2022-04-06,38.25,38.650001525878906,37.79999923706055,38.18000030517578,36.24615478515625,19222700
2022-04-07,38.29999923706055,39.0099983215332,38.16999816894531,38.72999954223633,36.76829528808594,17500500
2022-04-08,38.93000030517578,39.810001373291016,38.900001525878906,39.66999816894531,37.66069030761719,21664600
2022-04-11,40.209999084472656,40.380001068115234,39.0,39.45000076293945,37.45182800292969,20697500
2022-04-12,40.0,40.52999877929688,39.45000076293945,39.79999923706055,37.78410339355469,22313700
2022-04-13,40.22999954223633,40.880001068115234,39.97999954223633,40.68999862670898,38.62902069091797,22805800
2022-04-14,40.52000045776367,40.95000076293945,40.15999984741211,40.86000061035156,38.79041290283203,21680800
2022-04-18,41.27999877929688,41.61000061035156,40.81999969482422,40.869998931884766,38.799903869628906,21406400
2022-04-19,40.22999954223633,40.59000015258789,39.40999984741211,39.70000076293945,37.68917083740234,23777100
2022-04-20,39.59000015258789,40.209999084472656,39.25,40.130001068115234,38.097389221191406,23025900
2022-04-21,39.59000015258789,39.59999847412109,37.720001220703125,38.09000015258789,36.16071701049805,42409900
2022-04-22,37.04999923706055,37.7599983215332,36.709999084472656,36.93999862670898,35.06896209716797,33747200
2022-04-25,35.470001220703125,36.16999816894531,34.880001068115234,35.66999816894531,33.863285064697266,38894700
2022-04-26,35.86000061035156,36.0099983215332,34.880001068115234,34.900001525878906,33.132293701171875,24442700
2022-04-27,34.95000076293945,35.380001068115234,34.65999984741211,34.70000076293945,32.942420959472656,15275400
2022-04-28,34.81999969482422,35.5099983215332,34.56999969482422,35.40999984741211,33.61646270751953,24486000
2022-04-29,35.77000045776367,36.09000015258789,34.97999954223633,34.9900016784668,33.21772766113281,20033700
2022-05-02,34.08000183105469,34.68000030517578,33.720001220703125,34.54999923706055,32.800018310546875,29034400
2022-05-03,34.68000030517578,35.470001220703125,34.68000030517578,35.11000061035156,33.3316535949707,19495900
2022-05-04,35.06999969482422,35.93000030517578,34.630001068115234,35.779998779296875,33.967716217041016,28204500
2022-05-05,36.09999847412109,36.16999816894531,34.130001068115234,34.630001068115234,32.87596893310547,35966800
2022-05-06,34.47999954223633,34.720001220703125,33.9900016784668,34.2400016784668,32.50572204589844,21303700
2022-05-09,33.36000061035156,33.56999969482422,32.189998626708984,32.22999954223633,30.59752655029297,34739700
2022-05-10,32.66999816894531,32.91999816894531,31.309999465942383,31.690000534057617,30.08487892150879,25276200
2022-05-11,32.209999084472656,32.84000015258789,31.61000061035156,31.64999961853028,30.04690361022949,27714300
2022-05-12,30.979999542236328,31.13999938964844,29.65999984741211,30.18000030517578,28.6513614654541,35862800
2022-05-13,30.1200008392334,31.13999938964844,30.1200008392334,30.8799991607666,29.31590461730957,27278800
2022-05-16,30.790000915527344,31.270000457763672,30.739999771118164,31.18000030517578,29.60071182250977,15573500
2022-05-17,31.56999969482422,31.65999984741211,31.0,31.239999771118164,29.657670974731445,16582400
2022-05-18,31.1200008392334,31.280000686645508,30.43000030517578,30.450000762939453,28.907684326171875,18448300
2022-05-19,31.239999771118164,32.36000061035156,31.229999542236328,32.150001525878906,30.52157974243164,30947600
2022-05-20,32.16999816894531,32.2400016784668,31.540000915527344,32.060001373291016,30.43613815307617,19963500
2022-05-23,32.63999938964844,32.83000183105469,31.90999984741211,32.25,30.616512298583984,16314400
2022-05-24,32.279998779296875,32.95000076293945,32.0099983215332,32.7400016784668,31.08169746398925,17950400
2022-05-25,32.34000015258789,32.66999816894531,32.11000061035156,32.59000015258789,30.939292907714844,13881200
2022-05-26,32.38999938964844,32.79999923706055,32.150001525878906,32.38999938964844,30.74942398071289,12079100
2022-05-27,32.66999816894531,32.7400016784668,32.220001220703125,32.5099983215332,30.863344192504883,11892200
2022-05-31,32.369998931884766,32.91999816894531,31.549999237060547,31.729999542236328,30.12285423278809,21929000
2022-06-01,32.02000045776367,32.29999923706055,31.600000381469727,31.979999542236328,30.36018943786621,14071100
2022-06-02,32.41999816894531,33.52000045776367,32.400001525878906,33.349998474121094,31.660795211791992,21415300
2022-06-03,32.93000030517578,33.279998779296875,32.470001220703125,32.560001373291016,30.91081619262696,14528300
2022-06-06,32.84000015258789,32.95000076293945,31.96999931335449,32.220001220703125,30.58803367614746,12275800
2022-06-07,32.15999984741211,32.630001068115234,32.099998474121094,32.529998779296875,30.88233184814453,11530600
2022-06-08,32.380001068115234,32.689998626708984,32.130001068115234,32.310001373291016,30.67347717285156,9693300
2022-06-09,32.099998474121094,32.150001525878906,31.06999969482422,31.09000015258789,29.515268325805664,21702400
2022-06-10,30.63999938964844,32.79999923706055,30.36000061035156,32.56999969482422,30.920307159423828,35438100
2022-06-13,31.270000457763672,31.61000061035156,30.46999931335449,30.46999931335449,28.926671981811523,32964400
2022-06-14,30.57999992370605,30.57999992370605,29.39999961853028,29.700000762939453,28.195676803588867,22331600
2022-06-15,30.450000762939453,30.6200008392334,29.34000015258789,30.190000534057617,28.660852432250977,25359400
2022-06-16,29.89999961853028,30.989999771118164,29.450000762939453,30.76000022888184,29.20198440551757,28773200
2022-06-17,30.700000762939453,30.790000915527344,30.13999938964844,30.38999938964844,28.850725173950195,17456900
2022-06-21,30.350000381469727,30.950000762939453,30.190000534057617,30.5,28.95515251159668,15825200
2022-06-22,30.46999931335449,30.979999542236328,30.059999465942383,30.07999992370605,28.55642509460449,20321600
2022-06-23,29.940000534057617,30.309999465942383,28.63999938964844,28.90999984741211,27.445688247680664,30743900
2022-06-24,29.030000686645508,29.780000686645508,28.700000762939453,29.65999984741211,28.157699584960938,21579700
2022-06-27,29.459999084472656,29.57999992370605,29.059999465942383,29.46999931335449,27.97732353210449,17945700
2022-06-28,29.71999931335449,29.780000686645508,28.81999969482422,28.8700008392334,27.40771484375,18484000
2022-06-29,29.15999984741211,29.270000457763672,28.18000030517578,28.440000534057617,26.999494552612305,17375400
2022-06-30,28.229999542236328,28.39999961853028,27.32999992370605,27.3799991607666,25.99318122863769,24080100
2022-07-01,26.959999084472656,28.3700008392334,26.82999992370605,28.15999984741211,26.733673095703125,30977700
2022-07-05,27.68000030517578,27.93000030517578,26.459999084472656,26.959999084472656,25.59445571899414,29004400
2022-07-06,27.0,27.170000076293945,26.040000915527344,26.790000915527344,25.433067321777344,24663600
2022-07-07,27.01000022888184,27.61000061035156,26.8700008392334,27.15999984741211,25.784326553344727,17608500
2022-07-08,27.270000457763672,27.61000061035156,26.81999969482422,27.059999465942383,25.68939208984375,13882200
2022-07-11,26.690000534057617,27.170000076293945,26.57999992370605,26.64999961853028,25.300159454345703,19039300
2022-07-12,26.65999984741211,26.920000076293945,26.13999938964844,26.26000022888184,24.929912567138672,16844900
2022-07-13,26.059999465942383,27.3799991607666,26.030000686645508,26.82999992370605,25.471040725708008,30708300
2022-07-14,25.75,25.88999938964844,24.920000076293945,25.709999084472656,24.40777015686035,45394400
2022-07-15,25.8799991607666,25.8799991607666,25.13999938964844,25.59000015258789,24.293848037719727,19211500
2022-07-18,26.0,26.350000381469727,25.709999084472656,25.709999084472656,24.40777015686035,16172900
2022-07-19,25.920000076293945,26.299999237060547,25.700000762939453,26.020000457763672,24.702068328857425,14987700
2022-07-20,26.11000061035156,26.26000022888184,25.229999542236328,25.26000022888184,23.980562210083008,20189300
2022-07-21,25.3700008392334,25.88999938964844,25.209999084472656,25.739999771118164,24.436250686645508,19919200
2022-07-22,25.850000381469727,26.540000915527344,25.299999237060547,25.40999984741211,24.122966766357425,27424800
2022-07-25,25.31999969482422,25.420000076293945,24.3799991607666,24.59000015258789,23.344497680664062,29327000
2022-07-26,24.65999984741211,25.170000076293945,24.65999984741211,25.100000381469727,23.82866668701172,21849400
2022-07-27,25.15999984741211,25.670000076293945,24.809999465942383,25.530000686645508,24.236888885498047,33157200
2022-07-28,26.26000022888184,26.36000061035156,25.670000076293945,26.0,24.683080673217773,33677200
2022-07-29,26.18000030517578,26.38999938964844,25.530000686645508,26.270000457763672,24.93940544128418,25835300
2022-08-01,26.38999938964844,26.5,25.96999931335449,26.209999084472656,24.882442474365234,15231000
2022-08-02,26.350000381469727,26.940000534057617,25.8700008392334,25.8799991607666,24.56915855407715,28314600
2022-08-03,26.06999969482422,26.07999992370605,25.290000915527344,25.540000915527344,24.246381759643555,29568800
2022-08-04,25.799999237060547,26.780000686645508,25.6299991607666,26.43000030517578,25.09129905700684,25570800
2022-08-05,25.809999465942383,26.299999237060547,25.450000762939453,26.280000686645508,24.94890022277832,25529800
2022-08-08,26.770000457763672,27.299999237060547,26.71999931335449,27.0,25.63243103027344,23601600
2022-08-09,27.190000534057617,27.209999084472656,26.479999542236328,26.940000534057617,25.57546806335449,16504700
2022-08-10,27.290000915527344,27.57999992370605,26.8700008392334,27.1299991607666,25.755844116210938,18701400
2022-08-11,27.280000686645508,27.38999938964844,26.56999969482422,26.6200008392334,25.271678924560547,18682200
2022-08-12,26.850000381469727,27.26000022888184,26.71999931335449,27.21999931335449,25.84128761291504,17810000
2022-08-15,26.57999992370605,26.729999542236328,26.31999969482422,26.6299991607666,25.28117179870605,16144300
2022-08-16,26.5,26.780000686645508,26.31999969482422,26.729999542236328,25.3761043548584,11741800
2022-08-17,26.489999771118164,26.530000686645508,25.700000762939453,25.780000686645508,24.474225997924805,29384000
2022-08-18,25.850000381469727,26.049999237060547,25.049999237060547,25.809999465942383,24.50270271301269,13036800
2022-08-19,25.690000534057617,25.690000534057617,25.18000030517578,25.25,23.9710693359375,15279100
2022-08-22,24.959999084472656,25.38999938964844,24.8700008392334,25.270000457763672,23.99005889892578,12544800
2022-08-23,25.3700008392334,26.21999931335449,25.32999992370605,25.700000762939453,24.398277282714844,18062300
2022-08-24,25.559999465942383,25.979999542236328,25.299999237060547,25.90999984741211,24.597639083862305,14510700
2022-08-25,26.15999984741211,26.21999931335449,25.76000022888184,26.1299991607666,24.806495666503903,10157500
2022-08-26,26.020000457763672,26.190000534057617,24.690000534057617,24.89999961853028,23.638795852661133,29536500
2022-08-29,24.790000915527344,25.14999961853028,24.51000022888184,24.61000061035156,23.363487243652344,22795300
2022-08-30,24.57999992370605,24.61000061035156,23.90999984741211,24.07999992370605,22.860328674316406,22031900
2022-08-31,24.020000457763672,24.239999771118164,23.799999237060547,23.799999237060547,22.59451484680176,18461800
2022-09-01,23.350000381469727,23.489999771118164,22.96999931335449,23.059999465942383,21.89199447631836,33299000
2022-09-02,23.549999237060547,24.209999084472656,23.26000022888184,23.790000915527344,22.585020065307617,30245300
2022-09-06,23.8700008392334,24.25,23.39999961853028,23.440000534057617,22.25274658203125,23844000
2022-09-07,23.43000030517578,24.51000022888184,23.280000686645508,24.31999969482422,23.08817481994629,26791700
2022-09-08,24.100000381469727,24.520000457763672,23.88999938964844,24.36000061035156,23.126150131225582,21459400
2022-09-09,24.76000022888184,25.14999961853028,24.690000534057617,25.100000381469727,23.82866668701172,20847200
2022-09-12,25.63999938964844,25.709999084472656,25.280000686645508,25.450000762939453,24.16094017028809,20706400
2022-09-13,24.530000686645508,25.1299991607666,24.350000381469727,24.420000076293945,23.183109283447266,31353100
2022-09-14,24.56999969482422,24.88999938964844,24.420000076293945,24.46999931335449,23.23057746887207,18318400
2022-09-15,24.239999771118164,24.489999771118164,23.520000457763672,23.739999771118164,22.53754997253418,34626100
2022-09-16,23.36000061035156,24.299999237060547,23.15999984741211,24.0,22.78438186645508,30933800
2022-09-19,23.6200008392334,24.43000030517578,23.520000457763672,24.420000076293945,23.183109283447266,20269900
2022-09-20,24.049999237060547,24.049999237060547,23.5,23.75,22.54704666137696,20117000
2022-09-21,24.0,24.489999771118164,23.38999938964844,23.82999992370605,22.62299156188965,32189400
2022-09-22,23.979999542236328,24.25,23.559999465942383,23.739999771118164,22.53754997253418,22426500
2022-09-23,23.0,23.040000915527344,22.200000762939453,22.440000534057617,21.30340003967285,43070400
2022-09-26,22.39999961853028,22.549999237060547,21.520000457763672,21.86000061035156,20.752775192260746,38198700
2022-09-27,22.270000457763672,22.59000015258789,21.959999084472656,22.0,20.885684967041016,19460300
2022-09-28,22.5,23.57999992370605,22.489999771118164,23.57999992370605,22.385656356811523,40035400
2022-09-29,23.36000061035156,23.729999542236328,23.01000022888184,23.690000534057617,22.490083694458008,34381400
2022-09-30,23.6200008392334,24.549999237060547,23.51000022888184,24.1200008392334,22.898305892944336,37430400
2022-10-03,24.5,25.059999465942383,24.299999237060547,25.040000915527344,23.77170753479004,35531500
2022-10-04,25.489999771118164,26.11000061035156,25.32999992370605,25.75,24.445743560791016,34280800
2022-10-05,25.190000534057617,25.38999938964844,24.709999084472656,25.3700008392334,24.084991455078125,26009100
2022-10-06,25.209999084472656,25.68000030517578,25.030000686645508,25.64999961853028,24.350807189941406,25143700
2022-10-07,25.14999961853028,25.43000030517578,24.38999938964844,24.38999938964844,23.15462875366211,29761500
2022-10-10,23.979999542236328,24.549999237060547,23.920000076293945,24.020000457763672,22.80337142944336,17472600
2022-10-11,24.06999969482422,24.59000015258789,23.75,23.809999465942383,22.60400581359864,25190000
2022-10-12,23.850000381469727,24.18000030517578,23.64999961853028,24.020000457763672,22.80337142944336,18407700
2022-10-13,23.0,23.8700008392334,22.489999771118164,23.739999771118164,22.53754997253418,28872900
2022-10-14,23.540000915527344,23.56999969482422,22.700000762939453,22.71999931335449,21.5692138671875,22558800
2022-10-17,23.40999984741211,23.770000457763672,23.3700008392334,23.450000762939453,22.262243270874023,18687100
2022-10-18,23.780000686645508,23.850000381469727,23.31999969482422,23.61000061035156,22.41413688659668,17248800
2022-10-19,23.1200008392334,23.26000022888184,22.770000457763672,22.88999938964844,21.73060607910156,20047400
2022-10-20,23.020000457763672,23.790000915527344,22.88999938964844,23.18000030517578,22.00591468811035,21703000
2022-10-21,23.309999465942383,24.350000381469727,23.190000534057617,24.34000015258789,23.107160568237305,30203300
2022-10-24,24.030000686645508,24.09000015258789,23.5,23.93000030517578,22.71792984008789,24087500
2022-10-25,24.049999237060547,24.56999969482422,24.01000022888184,24.40999984741211,23.17361640930176,28223900
2022-10-26,24.700000762939453,25.39999961853028,24.670000076293945,25.1299991607666,23.857147216796875,23852900
2022-10-27,25.26000022888184,25.36000061035156,24.809999465942383,24.81999969482422,23.562849044799805,21524800
2022-10-28,24.5,24.739999771118164,24.280000686645508,24.71999931335449,23.467914581298828,16034900
2022-10-31,24.3700008392334,24.530000686645508,24.1299991607666,24.15999984741211,22.936279296875,21769400
2022-11-01,24.84000015258789,25.059999465942383,24.56999969482422,24.700000762939453,23.44892883300781,23337200
2022-11-02,24.8700008392334,24.979999542236328,23.229999542236328,23.25,22.072370529174805,43806400
2022-11-03,22.979999542236328,23.100000381469727,22.57999992370605,22.68000030517578,21.53124237060547,30349500
2022-11-04,23.76000022888184,24.989999771118164,23.75,24.950000762939453,23.68626594543457,46797200
2022-11-07,25.100000381469727,25.25,24.64999961853028,25.14999961853028,23.876134872436523,28855200
2022-11-08,25.170000076293945,26.950000762939453,25.040000915527344,26.65999984741211,25.30965232849121,50666500
2022-11-09,26.530000686645508,27.020000457763672,26.15999984741211,26.239999771118164,24.910924911499023,31653500
2022-11-10,27.780000686645508,28.309999465942383,27.309999465942383,28.209999084472656,26.78114128112793,46849500
2022-11-11,28.290000915527344,28.34000015258789,27.82999992370605,28.299999237060547,26.8665828704834,23159900
2022-11-14,28.1299991607666,28.3799991607666,27.8799991607666,28.1200008392334,26.695703506469727,20061300
2022-11-15,28.440000534057617,28.489999771118164,27.57999992370605,27.850000381469727,26.439376831054688,29900700
2022-11-16,27.63999938964844,27.989999771118164,27.530000686645508,27.530000686645508,26.135587692260746,15708600
2022-11-17,27.059999465942383,27.280000686645508,26.84000015258789,27.1200008392334,25.746353149414062,24647700
2022-11-18,27.040000915527344,27.40999984741211,26.920000076293945,27.3700008392334,25.98369026184082,28557400
2022-11-21,27.170000076293945,27.26000022888184,26.76000022888184,27.18000030517578,25.80331420898437,21118100
2022-11-22,27.40999984741211,28.26000022888184,27.3700008392334,28.26000022888184,26.82860946655273,29686300
2022-11-23,28.25,28.780000686645508,28.0,28.709999084472656,27.25581741333008,34294200
2022-11-25,28.600000381469727,28.690000534057617,28.34000015258789,28.440000534057617,26.999494552612305,19297900
2022-11-28,28.350000381469727,28.3700008392334,27.25,27.299999237060547,25.917234420776367,33665500
2022-11-29,27.71999931335449,28.299999237060547,27.709999084472656,28.14999961853028,26.724180221557617,35118700
2022-11-30,28.530000686645508,29.239999771118164,28.09000015258789,29.049999237060547,27.578596115112305,36827500
2022-12-01,29.729999542236328,30.270000457763672,29.440000534057617,30.040000915527344,28.51845359802246,50107700
2022-12-02,29.3700008392334,30.01000022888184,29.15999984741211,29.920000076293945,28.40453147888184,35815500
2022-12-05,29.6299991607666,29.6299991607666,28.75,28.84000015258789,27.379234313964844,42576900
2022-12-06,29.200000762939453,29.540000915527344,28.770000457763672,28.850000381469727,27.38872718811035,25644000
2022-12-07,29.06999969482422,29.729999542236328,29.059999465942383,29.40999984741211,27.920360565185547,38808500
2022-12-08,29.63999938964844,29.82999992370605,29.26000022888184,29.40999984741211,27.920360565185547,18092100
2022-12-09,29.690000534057617,30.100000381469727,29.040000915527344,29.06999969482422,27.59758186340332,24143000
2022-12-12,28.82999992370605,28.989999771118164,28.43000030517578,28.940000534057617,27.47416877746582,24168700
2022-12-13,30.030000686645508,30.459999084472656,29.46999931335449,29.780000686645508,28.27162170410156,27695800
2022-12-14,29.790000915527344,29.959999084472656,29.09000015258789,29.6299991607666,28.12921714782715,21961300
2022-12-15,28.790000915527344,28.989999771118164,28.290000915527344,28.31999969482422,26.88557243347168,29060400
2022-12-16,28.32999992370605,28.790000915527344,28.1200008392334,28.600000381469727,27.15138816833496,23730900
2022-12-19,28.21999931335449,28.34000015258789,27.549999237060547,27.65999984741211,26.70343780517578,19577300
2022-12-20,28.200000762939453,28.90999984741211,28.11000061035156,28.739999771118164,27.74608612060547,26872000
2022-12-21,28.979999542236328,29.31999969482422,28.89999961853028,29.07999992370605,28.074329376220703,21455400
2022-12-22,28.6299991607666,28.790000915527344,28.1200008392334,28.76000022888184,27.76539421081543,20148800
2022-12-23,28.850000381469727,29.21999931335449,28.3799991607666,28.8700008392334,27.87158966064453,16348000
2022-12-27,29.07999992370605,29.989999771118164,28.86000061035156,29.600000381469727,28.576345443725582,19464100
2022-12-28,29.350000381469727,29.38999938964844,28.540000915527344,28.68000030517578,27.688161849975582,19542300
2022-12-29,29.030000686645508,29.229999542236328,28.739999771118164,28.81999969482422,27.823318481445312,9649200
2022-12-30,28.8700008392334,28.920000076293945,28.40999984741211,28.65999984741211,27.668851852416992,12476200
2023-01-03,29.32999992370605,30.049999237060547,29.25,29.65999984741211,28.63426971435547,25649100
2023-01-04,30.280000686645508,31.07999992370605,30.14999961853028,30.920000076293945,29.850696563720703,34447800
2023-01-05,30.350000381469727,30.690000534057617,30.030000686645508,30.64999961853028,29.590030670166016,22716800
2023-01-06,31.18000030517578,31.68000030517578,30.68000030517578,31.559999465942383,30.46856117248535,32615400
2023-01-09,31.950000762939453,31.96999931335449,31.25,31.26000022888184,30.178936004638672,31134600
2023-01-10,31.3799991607666,31.8700008392334,31.200000762939453,31.84000015258789,30.738880157470703,16411300
2023-01-11,32.0,32.08000183105469,31.26000022888184,31.56999969482422,30.47821617126465,16050800
2023-01-12,32.11000061035156,32.29999923706055,31.549999237060547,32.18000030517578,31.067121505737305,26636800
2023-01-13,32.18000030517578,32.75,32.13999938964844,32.650001525878906,31.5208683013916,22740500
2023-01-17,32.279998779296875,32.31999969482422,31.32999992370605,31.520000457763672,30.429946899414062,28431300
2023-01-18,32.060001373291016,32.22999954223633,31.209999084472656,31.209999084472656,30.13066291809082,18027500
2023-01-19,31.459999084472656,32.20000076293945,31.25,32.02000045776367,30.91265296936035,31665300
2023-01-20,31.76000022888184,32.439998626708984,31.59000015258789,32.41999816894531,31.29881858825684,22162100
2023-01-23,32.029998779296875,32.41999816894531,31.709999084472656,32.400001525878906,31.27951431274414,24634900
2023-01-24,32.25,32.79999923706055,31.8700008392334,32.72999954223633,31.59809875488281,19363200
2023-01-25,32.31999969482422,33.34000015258789,32.2599983215332,33.27000045776367,32.11942672729492,21882900
2023-01-26,33.16999816894531,33.16999816894531,32.40999984741211,32.7599983215332,31.62705993652344,20056100
2023-01-27,32.599998474121094,32.630001068115234,32.09000015258789,32.310001373291016,31.192626953125,18369000
2023-01-30,32.209999084472656,32.369998931884766,31.82999992370605,31.82999992370605,30.729225158691406,15401300
2023-01-31,31.729999542236328,32.040000915527344,31.530000686645508,32.02000045776367,30.91265296936035,13269000
2023-02-01,32.0,33.0,31.65999984741211,32.7400016784668,31.607755661010746,27611700
2023-02-02,32.90999984741211,32.939998626708984,31.420000076293945,31.71999931335449,30.623027801513672,39837600
2023-02-03,30.84000015258789,31.11000061035156,30.209999084472656,30.31999969482422,29.27144432067871,35462300
2023-02-06,30.270000457763672,30.420000076293945,30.020000457763672,30.209999084472656,29.16524887084961,19969200
2023-02-07,30.290000915527344,31.0,30.13999938964844,30.6299991607666,29.57072257995605,24785700
2023-02-08,30.780000686645508,30.780000686645508,30.290000915527344,30.3700008392334,29.31971740722656,12449600
2023-02-09,30.700000762939453,30.90999984741211,29.59000015258789,29.76000022888184,28.730812072753903,22281000
2023-02-10,29.809999465942383,29.950000762939453,29.36000061035156,29.6200008392334,28.595653533935547,16416400
2023-02-13,29.520000457763672,29.799999237060547,29.31999969482422,29.57999992370605,28.557035446166992,12356800
2023-02-14,29.34000015258789,29.84000015258789,29.11000061035156,29.63999938964844,28.614961624145508,17614900
2023-02-15,28.959999084472656,28.959999084472656,28.51000022888184,28.790000915527344,27.79435920715332,22878800
2023-02-16,28.479999542236328,28.959999084472656,28.13999938964844,28.670000076293945,27.67850685119629,19613900
2023-02-17,28.290000915527344,28.46999931335449,27.790000915527344,28.40999984741211,27.42749786376953,23330400
2023-02-21,28.270000457763672,28.559999465942383,27.950000762939453,28.11000061035156,27.137874603271484,16102000
2023-02-22,27.88999938964844,27.959999084472656,27.25,27.450000762939453,26.500696182250977,21109400
2023-02-23,27.489999771118164,27.6299991607666,27.1299991607666,27.309999465942383,26.36553955078125,15686500
2023-02-24,26.8799991607666,27.049999237060547,26.63999938964844,26.989999771118164,26.05660629272461,20021000
2023-02-27,27.1200008392334,27.31999969482422,26.950000762939453,27.200000762939453,26.25934410095215,15404900
2023-02-28,27.21999931335449,27.690000534057617,26.950000762939453,27.51000022888184,26.558624267578125,25664000
2023-03-01,27.799999237060547,28.34000015258789,27.71999931335449,28.11000061035156,27.137874603271484,36704800
2023-03-02,28.0,28.209999084472656,27.84000015258789,28.170000076293945,27.195798873901367,14676700
2023-03-03,28.51000022888184,28.63999938964844,28.200000762939453,28.6299991607666,27.639890670776367,15765100
2023-03-06,28.350000381469727,28.489999771118164,27.89999961853028,28.07999992370605,27.108911514282227,16153000
2023-03-07,27.71999931335449,27.799999237060547,26.729999542236328,26.88999938964844,25.96006202697754,34513100
2023-03-08,26.920000076293945,27.3700008392334,26.68000030517578,26.809999465942383,25.882831573486328,23263500
2023-03-09,27.059999465942383,27.32999992370605,26.59000015258789,26.68000030517578,25.75732612609864,20883200
2023-03-10,27.299999237060547,27.950000762939453,27.14999961853028,27.200000762939453,26.25934410095215,35754000
2023-03-13,28.5,29.290000915527344,28.34000015258789,29.100000381469727,28.093637466430664,56706500
2023-03-14,29.030000686645508,29.479999542236328,28.75,29.32999992370605,28.31568145751953,24328900
2023-03-15,29.82999992370605,29.82999992370605,28.940000534057617,29.32999992370605,28.31568145751953,34832600
2023-03-16,29.450000762939453,29.5,28.5,29.15999984741211,28.15155982971192,31403700
2023-03-17,29.739999771118164,31.030000686645508,29.36000061035156,30.57999992370605,29.52245330810547,63723800
2023-03-20,31.020000457763672,31.309999465942383,30.76000022888184,31.11000061035156,30.03412437438965,28656500
2023-03-21,30.6200008392334,30.6299991607666,29.63999938964844,30.0,28.962512969970703,35598100
2023-03-22,30.1200008392334,31.18000030517578,30.040000915527344,30.559999465942383,29.503145217895508,30862300
2023-03-23,30.88999938964844,31.700000762939453,30.64999961853028,31.309999465942383,30.22720527648925,27957400
2023-03-24,31.38999938964844,31.799999237060547,31.11000061035156,31.549999237060547,30.45890617370605,28455900
2023-03-27,30.86000061035156,31.549999237060547,30.739999771118164,31.520000457763672,30.429946899414062,17072000
2023-03-28,31.700000762939453,32.349998474121094,31.43000030517578,32.310001373291016,31.192626953125,24621900
2023-03-29,32.02000045776367,32.369998931884766,31.8799991607666,32.040000915527344,30.931962966918945,17267900
2023-03-30,32.36000061035156,32.630001068115234,32.11000061035156,32.52000045776367,31.395362854003903,18704200
2023-03-31,32.619998931884766,32.72999954223633,32.09000015258789,32.349998474121094,31.231237411499023,18460400
2023-04-03,32.5,33.290000915527344,32.2400016784668,33.08000183105469,31.935998916625977,32416400
2023-04-04,33.11000061035156,34.279998779296875,32.91999816894531,34.189998626708984,33.00761032104492,38919700
2023-04-05,34.52000045776367,34.70000076293945,33.84000015258789,34.34000015258789,33.15242004394531,27676300
2023-04-06,34.20000076293945,34.5099983215332,33.77000045776367,34.43000030517578,33.23931121826172,16111400
2023-04-10,33.970001220703125,34.040000915527344,33.66999816894531,33.9900016784668,32.81452941894531,20707900
2023-04-11,34.2400016784668,35.029998779296875,34.2400016784668,34.58000183105469,33.38412094116211,21024200
2023-04-12,35.130001068115234,35.2400016784668,34.459999084472656,34.91999816894531,33.712364196777344,20592200
2023-04-13,35.47999954223633,36.09999847412109,35.43000030517578,35.869998931884766,34.62950897216797,28524900
2023-04-14,35.369998931884766,35.58000183105469,34.380001068115234,35.09000015258789,33.87648391723633,34145100
2023-04-17,34.66999816894531,34.83000183105469,34.06999969482422,34.29999923706055,33.11380386352539,25510100
2023-04-18,34.40999984741211,35.189998626708984,34.380001068115234,34.54999923706055,33.35515594482422,25445800
2023-04-19,33.93000030517578,34.380001068115234,33.83000183105469,34.08000183105469,32.90141296386719,27055300
2023-04-20,34.310001373291016,34.630001068115234,33.970001220703125,34.060001373291016,32.88210678100586,15975600
2023-04-21,33.7400016784668,34.06999969482422,33.290000915527344,33.61000061035156,32.44766998291016,23143200
2023-04-24,33.54999923706055,33.88999938964844,33.349998474121094,33.709999084472656,32.54420852661133,15115500
2023-04-25,33.599998474121094,33.91999816894531,33.2400016784668,33.77000045776367,32.602134704589844,14439600
2023-04-26,34.16999816894531,34.220001220703125,33.25,33.33000183105469,32.17735290527344,14899900
2023-04-27,33.2400016784668,33.880001068115234,33.060001373291016,33.849998474121094,32.67936325073242,16943200
2023-04-28,33.790000915527344,33.91999816894531,33.310001373291016,33.58000183105469,32.41870880126953,17740100
2023-05-01,34.150001525878906,34.29999923706055,33.369998931884766,33.40999984741211,32.254581451416016,13286700
2023-05-02,33.41999816894531,34.779998779296875,33.34000015258789,34.7400016784668,33.53859329223633,34821200
2023-05-03,34.63999938964844,35.15999984741211,34.52000045776367,34.86000061035156,33.65443801879883,23335800
2023-05-04,35.130001068115234,36.2599983215332,35.099998474121094,35.689998626708984,34.45573043823242,35165200
2023-05-05,34.619998931884766,35.59000015258789,34.52000045776367,35.400001525878906,34.17576599121094,22260200
2023-05-08,35.4900016784668,35.810001373291016,35.15999984741211,35.36000061035156,34.137149810791016,12247900
2023-05-09,35.279998779296875,35.529998779296875,35.09000015258789,35.25,34.030948638916016,9795800
2023-05-10,35.29999923706055,35.349998474121094,34.560001373291016,35.0,33.78959655761719,21045500
2023-05-11,34.68000030517578,34.68000030517578,33.52000045776367,33.52000045776367,32.36077880859375,31069300
2023-05-12,33.5,33.7599983215332,33.29999923706055,33.599998474121094,32.43801498413086,17355800
2023-05-15,33.779998779296875,34.16999816894531,33.709999084472656,33.90999984741211,32.7372932434082,13341900
2023-05-16,33.77000045776367,33.869998931884766,32.810001373291016,33.0099983215332,31.8684139251709,25027400
2023-05-17,33.0,33.02000045776367,32.4900016784668,32.72999954223633,31.59809875488281,19201300
2023-05-18,32.16999816894531,32.220001220703125,31.479999542236328,31.8799991607666,30.777494430541992,31404600
2023-05-19,32.060001373291016,32.58000183105469,31.739999771118164,32.15999984741211,31.04781150817871,18823100
2023-05-22,32.08000183105469,32.22999954223633,31.8700008392334,31.8700008392334,30.767841339111328,13003800
2023-05-23,31.700000762939453,31.940000534057617,31.540000915527344,31.64999961853028,30.55544853210449,13619000
2023-05-24,31.809999465942383,31.81999969482422,30.81999969482422,30.920000076293945,29.850696563720703,23978700
2023-05-25,30.64999961853028,30.65999984741211,30.18000030517578,30.26000022888184,29.21352195739746,21432500
2023-05-26,30.690000534057617,30.799999237060547,30.15999984741211,30.40999984741211,29.35833168029785,16912800
2023-05-30,30.450000762939453,30.57999992370605,30.11000061035156,30.200000762939453,29.155595779418945,23317600
2023-05-31,30.309999465942383,31.25,30.25,30.90999984741211,29.841041564941406,35961000
2023-06-01,31.07999992370605,32.290000915527344,31.030000686645508,32.0099983215332,30.90299797058105,32224600
2023-06-02,32.060001373291016,32.25,31.209999084472656,31.40999984741211,30.32374763488769,26595600
2023-06-05,31.26000022888184,31.770000457763672,31.21999931335449,31.559999465942383,30.46856117248535,12300700
2023-06-06,31.64999961853028,31.700000762939453,31.239999771118164,31.6299991607666,30.536142349243164,11372900
2023-06-07,31.700000762939453,32.2400016784668,30.93000030517578,31.049999237060547,29.976198196411133,23061300
2023-06-08,31.549999237060547,31.8700008392334,31.39999961853028,31.540000915527344,30.449254989624023,18419900
2023-06-09,31.46999931335449,31.549999237060547,31.06999969482422,31.07999992370605,30.00516128540039,12669100
2023-06-12,31.030000686645508,31.25,30.780000686645508,31.239999771118164,30.15962791442871,10282800
2023-06-13,31.43000030517578,31.63999938964844,30.799999237060547,30.88999938964844,29.82173156738281,17547600
2023-06-14,31.26000022888184,31.479999542236328,30.530000686645508,30.8700008392334,29.802425384521484,15747200
2023-06-15,30.770000457763672,31.040000915527344,30.530000686645508,31.0,29.92792701721192,18198300
2023-06-16,31.200000762939453,31.739999771118164,30.89999961853028,31.38999938964844,30.304441452026367,19290300
2023-06-20,30.82999992370605,30.86000061035156,30.1299991607666,30.13999938964844,29.09766960144043,28348000
2023-06-21,30.0,30.26000022888184,29.6200008392334,30.059999465942383,29.02043533325196,16163900
2023-06-22,29.600000381469727,29.920000076293945,29.530000686645508,29.850000381469727,28.817699432373047,18070900
2023-06-23,30.1299991607666,30.34000015258789,29.700000762939453,29.790000915527344,28.759775161743164,15081200
2023-06-26,29.90999984741211,30.299999237060547,29.64999961853028,30.06999969482422,29.03009033203125,14255700
2023-06-27,30.1200008392334,30.18000030517578,29.3700008392334,29.64999961853028,28.62461471557617,23419500
2023-06-28,29.40999984741211,29.57999992370605,29.170000076293945,29.21999931335449,28.20948600769043,25956600
2023-06-29,28.89999961853028,29.6200008392334,28.76000022888184,29.6200008392334,28.595653533935547,17501700
2023-06-30,29.71999931335449,30.1299991607666,29.5,30.11000061035156,29.068708419799805,20732300
2023-07-03,30.25,30.770000457763672,30.170000076293945,30.690000534057617,29.62864875793457,17734800
2023-07-05,30.729999542236328,30.770000457763672,29.809999465942383,29.82999992370605,28.798389434814453,22271400
2023-07-06,29.63999938964844,29.65999984741211,28.90999984741211,29.06999969482422,28.064672470092773,29161500
2023-07-07,29.299999237060547,29.81999969482422,29.25,29.450000762939453,28.43153381347656,16733400
2023-07-10,29.309999465942383,30.14999961853028,29.26000022888184,30.040000915527344,29.001129150390625,24983300
2023-07-11,30.239999771118164,30.46999931335449,30.030000686645508,30.239999771118164,29.194210052490234,14832400
2023-07-12,30.82999992370605,31.950000762939453,30.81999969482422,31.81999969482422,30.71957015991211,44179100
2023-07-13,32.16999816894531,32.2599983215332,31.940000534057617,32.189998626708984,31.07677459716797,19564800
2023-07-14,32.11000061035156,32.400001525878906,31.89999961853028,31.959999084472656,30.85472869873047,15326200
2023-07-17,31.709999084472656,32.11000061035156,31.479999542236328,31.96999931335449,30.864381790161133,9777900
2023-07-18,32.369998931884766,32.91999816894531,32.099998474121094,32.630001068115234,31.501558303833008,20908700
2023-07-19,32.439998626708984,32.56999969482422,32.22999954223633,32.36000061035156,31.24089813232422,9273300
2023-07-20,32.08000183105469,32.209999084472656,31.36000061035156,31.38999938964844,30.304441452026367,22811500
2023-07-21,31.200000762939453,31.56999969482422,31.040000915527344,31.489999771118164,30.400983810424805,12288100
2023-07-24,31.459999084472656,31.600000381469727,31.01000022888184,31.290000915527344,30.20790100097656,10810300
2023-07-25,31.39999961853028,31.88999938964844,31.299999237060547,31.780000686645508,30.680953979492188,14009400
2023-07-26,31.82999992370605,31.82999992370605,31.34000015258789,31.64999961853028,30.55544853210449,14698500
2023-07-27,31.3700008392334,31.38999938964844,30.32999992370605,30.350000381469727,29.3004093170166,38582400
2023-07-28,30.71999931335449,30.86000061035156,30.479999542236328,30.71999931335449,29.657611846923828,18505800
2023-07-31,30.96999931335449,31.75,30.93000030517578,31.40999984741211,30.32374763488769,19185800
2023-08-01,30.71999931335449,30.8700008392334,30.190000534057617,30.229999542236328,29.18455696105957,23841400
2023-08-02,30.1200008392334,30.18000030517578,29.200000762939453,29.280000686645508,28.267410278320312,23963800
2023-08-03,29.36000061035156,29.56999969482422,29.06999969482422,29.280000686645508,28.267410278320312,15663200
2023-08-04,29.56999969482422,29.809999465942383,29.36000061035156,29.559999465942383,28.53772735595703,17468700
2023-08-07,29.520000457763672,29.559999465942383,29.059999465942383,29.32999992370605,28.31568145751953,11421000
2023-08-08,28.950000762939453,29.21999931335449,28.670000076293945,29.07999992370605,28.074329376220703,15440700
2023-08-09,29.15999984741211,29.36000061035156,28.93000030517578,29.1299991607666,28.12259864807129,9574700
2023-08-10,29.39999961853028,29.61000061035156,28.989999771118164,29.170000076293945,28.16121482849121,16827500
2023-08-11,29.01000022888184,29.5,28.950000762939453,29.459999084472656,28.4411849975586,10361000
2023-08-14,29.11000061035156,29.1299991607666,28.5,28.950000762939453,27.948823928833008,12180400
2023-08-15,28.84000015258789,28.86000061035156,28.1299991607666,28.209999084472656,27.234413146972656,20289800
2023-08-16,28.200000762939453,28.239999771118164,27.81999969482422,27.82999992370605,26.867555618286133,13524200
2023-08-17,27.88999938964844,27.979999542236328,27.450000762939453,27.61000061035156,26.65516662597656,16121500
2023-08-18,27.6299991607666,27.6299991607666,27.299999237060547,27.450000762939453,26.500696182250977,18334500
2023-08-21,27.61000061035156,27.75,27.280000686645508,27.709999084472656,26.75170516967773,18225600
2023-08-22,27.81999969482422,27.959999084472656,27.530000686645508,27.950000762939453,26.98340606689453,13706700
2023-08-23,28.26000022888184,28.950000762939453,28.200000762939453,28.739999771118164,27.74608612060547,30561300
2023-08-24,28.64999961853028,28.96999931335449,28.280000686645508,28.68000030517578,27.688161849975582,17080700
2023-08-25,28.6200008392334,28.850000381469727,28.020000457763672,28.39999961853028,27.417842864990234,15352000
2023-08-28,28.540000915527344,29.1299991607666,28.420000076293945,29.0,27.997095108032227,18153900
2023-08-29,28.88999938964844,29.530000686645508,28.81999969482422,29.530000686645508,28.508766174316406,19623200
2023-08-30,29.780000686645508,30.0,29.40999984741211,29.520000457763672,28.49911117553711,14524000
2023-08-31,29.520000457763672,29.6299991607666,29.040000915527344,29.26000022888184,28.24810218811035,16439500
2023-09-01,29.65999984741211,29.850000381469727,29.059999465942383,29.09000015258789,28.083982467651367,20828500
2023-09-05,28.81999969482422,29.030000686645508,28.3700008392334,28.489999771118164,27.50473022460937,19547900
2023-09-06,28.32999992370605,28.739999771118164,28.239999771118164,28.46999931335449,27.48542213439941,14809700
2023-09-07,28.40999984741211,28.459999084472656,28.15999984741211,28.280000686645508,27.30199432373047,13897200
2023-09-08,28.38999938964844,28.809999465942383,28.280000686645508,28.34000015258789,27.359920501708984,17249500
2023-09-11,28.76000022888184,28.959999084472656,28.600000381469727,28.770000457763672,27.775049209594727,13542800
2023-09-12,28.39999961853028,29.040000915527344,28.3799991607666,28.790000915527344,27.79435920715332,9549600
2023-09-13,28.799999237060547,28.979999542236328,28.57999992370605,28.71999931335449,27.726776123046875,10508900
2023-09-14,28.75,29.350000381469727,28.739999771118164,29.11000061035156,28.103290557861328,15558600
2023-09-15,29.420000076293945,29.88999938964844,29.39999961853028,29.71999931335449,28.69219207763672,24778900
2023-09-18,29.63999938964844,29.86000061035156,29.36000061035156,29.75,28.72115707397461,11024000
2023-09-19,29.84000015258789,29.86000061035156,29.309999465942383,29.39999961853028,28.38326072692871,13151200
2023-09-20,29.459999084472656,30.1299991607666,29.440000534057617,29.709999084472656,28.682540893554688,21914100
2023-09-21,29.09000015258789,29.25,28.790000915527344,28.90999984741211,27.91020774841309,23901400
2023-09-22,29.14999961853028,29.420000076293945,28.850000381469727,28.8700008392334,27.87158966064453,15052500
2023-09-25,28.770000457763672,28.790000915527344,28.26000022888184,28.51000022888184,27.52404022216797,16134800
2023-09-26,28.26000022888184,28.32999992370605,27.739999771118164,27.739999771118164,26.780668258666992,18917000
2023-09-27,27.559999465942383,27.600000381469727,26.65999984741211,26.90999984741211,25.979372024536133,33534700
2023-09-28,26.8700008392334,27.07999992370605,26.6200008392334,27.049999237060547,26.11453056335449,28477300
2023-09-29,27.459999084472656,27.59000015258789,26.65999984741211,26.90999984741211,25.979372024536133,23094800
2023-10-02,26.559999465942383,26.559999465942383,25.88999938964844,25.989999771118164,25.091188430786133,28436800
2023-10-03,25.90999984741211,26.280000686645508,25.68000030517578,26.06999969482422,25.16842269897461,25713100
2023-10-04,26.1299991607666,26.170000076293945,25.6200008392334,25.90999984741211,25.01395606994629,17971600
2023-10-05,25.88999938964844,26.32999992370605,25.8799991607666,26.31999969482422,25.40977478027344,15613200
2023-10-06,26.36000061035156,27.100000381469727,26.26000022888184,26.88999938964844,25.96006202697754,25572500
2023-10-09,27.36000061035156,27.600000381469727,27.26000022888184,27.540000915527344,26.587587356567383,23042900
2023-10-10,27.670000076293945,27.8700008392334,27.479999542236328,27.809999465942383,26.84824752807617,18948800
2023-10-11,28.21999931335449,28.34000015258789,27.950000762939453,28.31999969482422,27.340612411499023,22283500
2023-10-12,28.31999969482422,28.420000076293945,27.59000015258789,27.739999771118164,26.780668258666992,22359700
2023-10-13,28.690000534057617,29.11000061035156,28.46999931335449,28.950000762939453,27.948823928833008,34493700
2023-10-16,28.86000061035156,29.190000534057617,28.63999938964844,29.0,27.997095108032227,16394500
2023-10-17,28.979999542236328,29.56999969482422,28.82999992370605,29.530000686645508,28.508766174316406,17620000
2023-10-18,29.979999542236328,30.06999969482422,29.270000457763672,29.450000762939453,28.43153381347656,23181100
2023-10-19,29.450000762939453,29.59000015258789,29.0,29.51000022888184,28.48945617675781,24517100
2023-10-20,29.600000381469727,30.15999984741211,29.46999931335449,29.479999542236328,28.460494995117188,29715300
2023-10-23,29.26000022888184,29.530000686645508,28.709999084472656,29.239999771118164,28.228796005249023,16690200
2023-10-24,28.90999984741211,29.3799991607666,28.8799991607666,29.26000022888184,28.24810218811035,13488300
2023-10-25,29.11000061035156,29.51000022888184,28.76000022888184,28.780000686645508,27.784704208374023,21062700
2023-10-26,28.709999084472656,28.8799991607666,28.09000015258789,28.520000457763672,27.53369331359864,37274000
2023-10-27,28.63999938964844,29.21999931335449,28.31999969482422,29.200000762939453,28.19017791748047,31547300
2023-10-30,29.25,29.36000061035156,28.700000762939453,28.770000457763672,27.775049209594727,21899300
2023-10-31,28.6200008392334,28.850000381469727,27.790000915527344,28.01000022888184,27.041332244873047,30992600
2023-11-01,28.100000381469727,28.32999992370605,27.61000061035156,28.11000061035156,27.137874603271484,29754900
2023-11-02,28.40999984741211,28.40999984741211,27.89999961853028,28.26000022888184,27.282684326171875,15682800
2023-11-03,28.540000915527344,29.809999465942383,28.5,29.46999931335449,28.45083999633789,44113800
2023-11-06,29.3700008392334,29.549999237060547,29.11000061035156,29.14999961853028,28.14190673828125,26550900
2023-11-07,28.770000457763672,28.84000015258789,28.11000061035156,28.59000015258789,27.60127258300781,42313000
2023-11-08,28.32999992370605,28.440000534057617,27.530000686645508,27.690000534057617,26.732397079467773,25654000
2023-11-09,27.780000686645508,28.25,27.40999984741211,27.59000015258789,26.63585662841797,19587000
2023-11-10,27.350000381469727,27.39999961853028,27.020000457763672,27.25,26.30761337280273,19074900
2023-11-13,27.13999938964844,27.38999938964844,27.020000457763672,27.040000915527344,26.104877471923828,13324200
2023-11-14,27.75,28.520000457763672,27.68000030517578,28.32999992370605,27.350265502929688,31498100
2023-11-15,28.36000061035156,28.51000022888184,28.0,28.190000534057617,27.215106964111328,16306700
2023-11-16,28.25,29.06999969482422,28.190000534057617,28.61000061035156,27.620580673217773,34034700
2023-11-17,28.690000534057617,28.86000061035156,28.3799991607666,28.43000030517578,27.446807861328125,14430300
2023-11-20,28.13999938964844,28.540000915527344,27.96999931335449,28.51000022888184,27.52404022216797,15284300
2023-11-21,28.950000762939453,29.600000381469727,28.950000762939453,29.209999084472656,28.199831008911133,28990800
2023-11-22,29.239999771118164,29.39999961853028,29.01000022888184,29.25,28.238449096679688,12381600
2023-11-24,29.26000022888184,29.520000457763672,29.18000030517578,29.31999969482422,28.306026458740234,8156800
2023-11-27,29.709999084472656,29.950000762939453,29.459999084472656,29.790000915527344,28.759775161743164,19761600
2023-11-28,30.14999961853028,31.229999542236328,30.059999465942383,31.21999931335449,30.14031982421875,41105000
2023-11-29,31.21999931335449,31.38999938964844,30.950000762939453,31.200000762939453,30.12101173400879,21026400
2023-11-30,31.06999969482422,31.32999992370605,30.86000061035156,31.31999969482422,30.236862182617188,18194300
2023-12-01,31.239999771118164,31.90999984741211,31.1200008392334,31.809999465942383,30.70991516113281,33533000
2023-12-04,31.1200008392334,31.299999237060547,30.739999771118164,31.020000457763672,29.94723892211914,45796100
2023-12-05,30.690000534057617,30.950000762939453,30.170000076293945,30.479999542236328,29.42591094970703,28217700
2023-12-06,30.84000015258789,30.96999931335449,30.40999984741211,30.420000076293945,29.36798667907715,16837000
2023-12-07,30.6200008392334,30.6299991607666,29.989999771118164,30.31999969482422,29.27144432067871,18815000
2023-12-08,29.68000030517578,30.11000061035156,29.36000061035156,29.68000030517578,28.65357780456543,27561000
2023-12-11,29.34000015258789,29.6299991607666,29.07999992370605,29.549999237060547,28.528074264526367,18238400
2023-12-12,29.64999961853028,29.64999961853028,28.71999931335449,28.86000061035156,27.861936569213867,25652700
2023-12-13,28.8700008392334,30.700000762939453,28.670000076293945,30.700000762939453,29.638303756713867,44140100
2023-12-14,31.18000030517578,31.93000030517578,31.040000915527344,31.309999465942383,30.22720527648925,36945300
2023-12-15,31.11000061035156,31.350000381469727,30.88999938964844,30.950000762939453,29.879657745361328,21266000
2023-12-18,30.71999931335449,30.82999992370605,30.40999984741211,30.729999542236328,30.15441131591797,20872500
2023-12-19,30.89999961853028,31.850000381469727,30.81999969482422,31.549999237060547,30.95905303955078,33525900
2023-12-20,31.6299991607666,31.68000030517578,30.770000457763672,30.780000686645508,30.20347595214844,20212500
2023-12-21,31.299999237060547,31.559999465942383,31.18000030517578,31.350000381469727,30.762800216674805,19965900
2023-12-22,32.0,32.349998474121094,31.559999465942383,31.559999465942383,30.96886444091797,22684400
2023-12-26,31.690000534057617,31.89999961853028,31.46999931335449,31.670000076293945,31.076807022094727,10339500
2023-12-27,31.850000381469727,32.290000915527344,31.790000915527344,31.979999542236328,31.381000518798828,18337500
2023-12-28,31.82999992370605,31.96999931335449,31.14999961853028,31.170000076293945,30.58617210388184,27291700
2023-12-29,31.0,31.15999984741211,30.68000030517578,31.01000022888184,30.429168701171875,19129700
2024-01-02,31.040000915527344,31.239999771118164,30.5,30.559999465942383,29.98759651184082,21612300
2024-01-03,29.90999984741211,30.059999465942383,29.530000686645508,29.76000022888184,29.20258140563965,33470600
2024-01-04,29.850000381469727,29.959999084472656,29.440000534057617,29.770000457763672,29.21239471435547,17862300
2024-01-05,29.809999465942383,30.36000061035156,29.51000022888184,29.770000457763672,29.21239471435547,19585800
2024-01-08,29.290000915527344,29.8700008392334,29.21999931335449,29.700000762939453,29.143705368041992,14185500
2024-01-09,29.770000457763672,29.770000457763672,29.06999969482422,29.170000076293945,28.62363052368164,20971200
2024-01-10,29.13999938964844,29.34000015258789,28.90999984741211,29.11000061035156,28.564756393432617,19691900
2024-01-11,29.13999938964844,29.299999237060547,28.520000457763672,28.88999938964844,28.348876953125,22435100
2024-01-12,29.71999931335449,30.21999931335449,29.559999465942383,29.700000762939453,29.143705368041992,29232800
2024-01-16,29.209999084472656,29.21999931335449,28.32999992370605,28.38999938964844,27.85824203491211,31802300
2024-01-17,27.950000762939453,27.96999931335449,27.440000534057617,27.51000022888184,26.99472618103028,37527500
2024-01-18,27.790000915527344,27.790000915527344,27.40999984741211,27.59000015258789,27.073225021362305,18315100
2024-01-19,27.809999465942383,27.809999465942383,27.32999992370605,27.690000534057617,27.17135238647461,20568600
2024-01-22,27.32999992370605,27.729999542236328,27.229999542236328,27.600000381469727,27.083038330078125,11064300
2024-01-23,27.81999969482422,28.25,27.709999084472656,28.229999542236328,27.70123863220215,17398100
2024-01-24,28.850000381469727,29.040000915527344,27.690000534057617,27.700000762939453,27.18116569519043,27261800
2024-01-25,28.13999938964844,28.36000061035156,27.989999771118164,28.25,27.72086334228516,17608000
2024-01-26,28.239999771118164,28.459999084472656,28.030000686645508,28.06999969482422,27.544235229492188,14246500
2024-01-29,28.39999961853028,28.39999961853028,27.8700008392334,28.36000061035156,27.82880401611328,16190800
2024-01-30,28.540000915527344,28.59000015258789,27.979999542236328,28.14999961853028,27.62273597717285,15319900
2024-01-31,28.26000022888184,28.770000457763672,27.8700008392334,27.940000534057617,27.416671752929688,28238900
2024-02-01,28.290000915527344,29.13999938964844,28.25,29.030000686645508,28.48625564575196,34102000
2024-02-02,28.209999084472656,28.239999771118164,27.690000534057617,28.020000457763672,27.49517250061035,37211300
2024-02-05,27.459999084472656,27.670000076293945,27.229999542236328,27.36000061035156,26.847536087036133,22148900
2024-02-06,27.489999771118164,27.770000457763672,27.3700008392334,27.71999931335449,27.20079040527344,11292700
2024-02-07,27.64999961853028,27.75,27.3799991607666,27.459999084472656,26.945661544799805,13055900
2024-02-08,27.299999237060547,27.450000762939453,27.170000076293945,27.299999237060547,26.78865623474121,12609500
2024-02-09,27.170000076293945,27.190000534057617,26.770000457763672,26.96999931335449,26.4648380279541,20973700
2024-02-12,26.920000076293945,27.40999984741211,26.850000381469727,27.290000915527344,26.778844833374023,17511300
2024-02-13,26.6200008392334,26.6299991607666,25.68000030517578,25.88999938964844,25.405067443847656,48889000
2024-02-14,25.96999931335449,26.100000381469727,25.690000534057617,26.01000022888184,25.52281951904297,26125900
2024-02-15,26.350000381469727,27.059999465942383,26.34000015258789,26.770000457763672,26.268585205078125,26932000
2024-02-16,26.600000381469727,27.15999984741211,26.520000457763672,26.86000061035156,26.35690116882324,19619200
2024-02-20,27.18000030517578,27.239999771118164,26.8700008392334,26.989999771118164,26.48446273803711,16047500
2024-02-21,27.0,27.0,26.440000534057617,26.81999969482422,26.31764793395996,21673600
2024-02-22,26.700000762939453,26.739999771118164,26.059999465942383,26.15999984741211,25.67000961303711,27627500
2024-02-23,26.25,26.76000022888184,26.01000022888184,26.65999984741211,26.16064643859864,27368400
2024-02-26,26.36000061035156,26.36000061035156,26.020000457763672,26.25,25.758325576782227,20293200
2024-02-27,26.270000457763672,26.36000061035156,26.01000022888184,26.030000686645508,25.54244613647461,20494100
2024-02-28,25.920000076293945,25.940000534057617,25.670000076293945,25.780000686645508,25.2971305847168,20071400
2024-02-29,26.32999992370605,26.690000534057617,26.280000686645508,26.36000061035156,25.86626434326172,28381700
2024-03-01,26.709999084472656,27.450000762939453,26.299999237060547,27.32999992370605,26.818096160888672,41346800
2024-03-04,27.799999237060547,28.57999992370605,27.68000030517578,28.51000022888184,27.975994110107425,49404900
2024-03-05,28.979999542236328,29.14999961853028,28.6299991607666,28.65999984741211,28.12318420410156,33710200
2024-03-06,29.049999237060547,29.540000915527344,29.01000022888184,29.15999984741211,28.613819122314453,28673000
2024-03-07,29.5,29.71999931335449,29.34000015258789,29.61000061035156,29.055391311645508,25808800
2024-03-08,29.81999969482422,30.0,29.440000534057617,29.63999938964844,29.084829330444336,32729200
2024-03-11,29.600000381469727,30.34000015258789,29.450000762939453,30.1299991607666,29.565649032592773,28314000
2024-03-12,29.549999237060547,29.6200008392334,29.200000762939453,29.57999992370605,29.025951385498047,25334200
2024-03-13,29.780000686645508,30.489999771118164,29.729999542236328,30.290000915527344,29.722654342651367,24676600
2024-03-14,29.959999084472656,30.09000015258789,29.709999084472656,29.88999938964844,29.33014488220215,22337700
2024-03-15,29.790000915527344,30.07999992370605,29.61000061035156,29.88999938964844,29.33014488220215,22359900
2024-03-18,29.850000381469727,29.93000030517578,29.65999984741211,29.739999771118164,29.18295669555664,25774500
2024-03-19,29.51000022888184,29.530000686645508,29.020000457763672,29.059999465942383,28.51569175720215,28698900
2024-03-20,28.959999084472656,30.520000457763672,28.90999984741211,30.26000022888184,29.69321632385254,35671400
2024-03-21,30.540000915527344,30.84000015258789,29.959999084472656,29.959999084472656,29.398834228515625,34092100
2024-03-22,29.770000457763672,30.049999237060547,29.59000015258789,29.600000381469727,29.045578002929688,21654900
2024-03-25,29.82999992370605,30.38999938964844,29.81999969482422,29.82999992370605,29.27126884460449,17643300
2024-03-26,30.459999084472656,30.46999931335449,29.81999969482422,29.850000381469727,29.290895462036133,13428600
2024-03-27,30.040000915527344,30.96999931335449,30.020000457763672,30.959999084472656,30.380104064941406,26953100
2024-03-28,31.40999984741211,31.780000686645508,31.11000061035156,31.6200008392334,31.02774429321289,28716300
2024-04-01,32.310001373291016,32.43000030517578,31.709999084472656,32.029998779296875,31.430063247680664,27020600
2024-04-02,32.2400016784668,32.4900016784668,31.950000762939453,32.439998626708984,31.832380294799805,34459200
2024-04-03,32.38999938964844,33.2400016784668,32.33000183105469,33.13999938964844,32.51927185058594,30509300
2024-04-04,33.13999938964844,33.310001373291016,32.72999954223633,32.779998779296875,32.166015625,29952400
2024-04-05,33.0,33.9900016784668,32.790000915527344,33.84000015258789,33.20616149902344,41886600
2024-04-08,34.150001525878906,34.27000045776367,33.29999923706055,33.599998474121094,32.97065353393555,24472100
2024-04-09,34.22999954223633,34.59000015258789,33.91999816894531,34.18000030517578,33.539791107177734,29039000
2024-04-10,33.29999923706055,34.060001373291016,32.97999954223633,33.68000030517578,33.04916000366211,33130300
2024-04-11,34.119998931884766,34.4900016784668,33.540000915527344,34.45000076293945,33.80473709106445,22445100
2024-04-12,35.060001373291016,35.7400016784668,33.439998626708984,33.7599983215332,33.127655029296875,71512900
2024-04-15,34.060001373291016,34.13999938964844,33.0,33.529998779296875,32.9019660949707,34573800
2024-04-16,33.04999923706055,33.2599983215332,32.43000030517578,33.029998779296875,32.41133117675781,32547300
2024-04-17,33.31999969482422,33.95000076293945,33.11000061035156,33.54999923706055,32.92158889770508,27931600
2024-04-18,34.029998779296875,34.09000015258789,33.459999084472656,33.75,33.11784362792969,18486400
2024-04-19,33.70000076293945,34.310001373291016,33.70000076293945,34.06999969482422,33.43185043334961,19785100
2024-04-22,32.599998474121094,33.189998626708984,32.43000030517578,32.529998779296875,31.92069625854492,41107700
2024-04-23,32.310001373291016,33.150001525878906,32.20000076293945,33.04999923706055,32.43095397949219,24960500
2024-04-24,32.869998931884766,33.209999084472656,32.790000915527344,33.119998931884766,32.4996452331543,17527600
2024-04-25,33.150001525878906,34.5,32.95000076293945,34.33000183105469,33.68698501586914,46561600
2024-04-26,34.70000076293945,34.95000076293945,34.290000915527344,34.58000183105469,33.93230056762695,21754300
2024-04-29,34.63999938964844,34.959999084472656,34.06999969482422,34.77000045776367,34.11874008178711,17947800
2024-04-30,33.83000183105469,33.9900016784668,33.099998474121094,33.130001068115234,32.50946044921875,41599900
2024-05-01,33.400001525878906,34.20000076293945,33.099998474121094,33.31999969482422,32.695899963378906,30054800
2024-05-02,33.150001525878906,33.81999969482422,32.93000030517578,33.58000183105469,32.95103454589844,22145400
2024-05-03,33.720001220703125,33.88999938964844,33.150001525878906,33.439998626708984,32.81365203857422,23408100
2024-05-06,34.15999984741211,34.470001220703125,34.099998474121094,34.209999084472656,33.56922912597656,21579800
2024-05-07,34.099998474121094,34.27000045776367,33.91999816894531,34.16999816894531,33.52997589111328,10059700
2024-05-08,33.84000015258789,34.470001220703125,33.7400016784668,34.15999984741211,33.520164489746094,17701600
2024-05-09,34.439998626708984,35.43000030517578,34.439998626708984,35.36000061035156,34.697689056396484,30259000
2024-05-10,35.75,35.880001068115234,35.22999954223633,35.25,34.589752197265625,20642300
2024-05-13,35.11000061035156,35.45000076293945,34.66999816894531,34.95000076293945,34.295372009277344,17445500
2024-05-14,35.18000030517578,35.459999084472656,35.040000915527344,35.400001525878906,34.736942291259766,14664200
2024-05-15,35.79999923706055,36.11000061035156,35.060001373291016,35.90999984741211,35.23738479614258,24490500
2024-05-16,35.66999816894531,35.88999938964844,35.33000183105469,35.65999984741211,34.992069244384766,19420400
2024-05-17,36.209999084472656,36.88999938964844,36.0,36.869998931884766,36.17940521240234,38752300
2024-05-20,36.95000076293945,37.470001220703125,36.52000045776367,37.2400016784668,36.54248046875,24774500
2024-05-21,37.02000045776367,37.220001220703125,36.72999954223633,36.93000030517578,36.23828506469727,17236100
2024-05-22,36.45000076293945,36.560001373291016,35.290000915527344,35.45000076293945,34.786006927490234,37395600
2024-05-23,35.400001525878906,35.650001525878906,34.65999984741211,34.75,34.099117279052734,32337700
2024-05-24,35.2599983215332,35.5,35.13999938964844,35.2599983215332,34.59955978393555,12299700
2024-05-28,36.02999877929688,36.22999954223633,35.709999084472656,36.09999847412109,35.423828125,19222000
2024-05-29,35.66999816894531,35.90999984741211,35.16999816894531,35.189998626708984,34.5308723449707,19201600
2024-05-30,35.310001373291016,35.849998474121094,35.189998626708984,35.560001373291016,34.893943786621094,16118400
2024-05-31,35.79999923706055,35.95000076293945,35.0,35.29999923706055,34.63881301879883,15716500
2024-06-03,35.41999816894531,35.560001373291016,35.130001068115234,35.5099983215332,34.844879150390625,18190800
2024-06-04,34.959999084472656,34.959999084472656,33.95000076293945,34.18000030517578,33.539791107177734,32854000
2024-06-05,34.43000030517578,34.869998931884766,34.08000183105469,34.790000915527344,34.13836669921875,17602600
2024-06-06,34.959999084472656,36.02999877929688,34.779998779296875,36.0099983215332,35.33551025390625,28039600
2024-06-07,34.7400016784668,34.810001373291016,33.4900016784668,33.540000915527344,32.91178131103516,50927700
2024-06-10,33.709999084472656,34.09000015258789,33.45000076293945,34.029998779296875,33.392601013183594,17128500
2024-06-11,33.79999923706055,33.79999923706055,33.34000015258789,33.75,33.11784362792969,15358000
2024-06-12,34.5,34.79999923706055,33.86000061035156,34.0,33.363162994384766,24769000
2024-06-13,33.83000183105469,34.060001373291016,32.959999084472656,33.150001525878906,32.529083251953125,23431300
2024-06-14,33.529998779296875,33.540000915527344,32.959999084472656,33.40999984741211,32.78421401977539,17444700
2024-06-17,33.209999084472656,33.349998474121094,32.84000015258789,33.20000076293945,32.578147888183594,13690900
2024-06-18,33.18000030517578,33.84000015258789,33.06999969482422,33.70000076293945,33.068782806396484,15535100
2024-06-20,34.06999969482422,34.790000915527344,33.869998931884766,34.54999923706055,33.902862548828125,20773000
2024-06-21,34.40999984741211,34.470001220703125,33.79999923706055,33.9900016784668,33.353355407714844,24022300
2024-06-24,34.279998779296875,34.58000183105469,34.119998931884766,34.25,33.608482360839844,18740000
2024-06-25,34.06999969482422,34.099998474121094,33.810001373291016,33.84000015258789,33.20616149902344,11218300
2024-06-26,33.349998474121094,33.900001525878906,33.279998779296875,33.81999969482422,33.1865348815918,13325500
2024-06-27,34.20000076293945,34.43000030517578,34.15999984741211,34.22999954223633,33.5888557434082,11931000
2024-06-28,34.5,34.599998474121094,33.72999954223633,33.93000030517578,33.29447555541992,15818700
2024-07-01,34.09000015258789,34.41999816894531,33.810001373291016,33.88999938964844,33.255226135253906,9041000
2024-07-02,33.86000061035156,34.349998474121094,33.650001525878906,34.02000045776367,33.382789611816406,12883000
2024-07-03,34.54999923706055,35.560001373291016,34.52000045776367,35.279998779296875,34.61918640136719,21553200
2024-07-05,35.880001068115234,36.52999877929688,35.86000061035156,36.27000045776367,35.59064483642578,22021900
2024-07-08,35.86000061035156,36.15999984741211,35.5099983215332,36.09999847412109,35.423828125,16419200
2024-07-09,36.130001068115234,36.369998931884766,35.83000183105469,36.11000061035156,35.43363952636719,8215200
2024-07-10,36.540000915527344,37.16999816894531,36.52999877929688,37.04999923706055,36.35603713989258,20498400
2024-07-11,37.93000030517578,38.150001525878906,37.02999877929688,38.09000015258789,37.376556396484375,27454300
2024-07-12,37.650001525878906,38.310001373291016,37.650001525878906,38.16999816894531,37.455055236816406,16263300
2024-07-15,38.20000076293945,38.58000183105469,37.68999862670898,37.95000076293945,37.23918151855469,20303000
2024-07-16,38.27000045776367,39.31999969482422,38.09999847412109,39.27999877929688,38.54426574707031,24694000
2024-07-17,39.15999984741211,39.40999984741211,38.380001068115234,38.43999862670898,37.71999740600586,23583000
2024-07-18,38.68999862670898,38.68999862670898,37.63999938964844,37.869998931884766,37.160675048828125,17062500
2024-07-19,36.86000061035156,37.709999084472656,36.790000915527344,37.38999938964844,36.68966674804688,22858600
2024-07-22,37.310001373291016,37.58000183105469,36.970001220703125,37.45000076293945,36.7485466003418,15249200
2024-07-23,37.41999816894531,37.560001373291016,37.15999984741211,37.45000076293945,36.7485466003418,8238400
2024-07-24,37.81999969482422,38.380001068115234,37.20000076293945,37.22999954223633,36.53266143798828,20726900
2024-07-25,36.2599983215332,36.560001373291016,35.900001525878906,36.18999862670898,35.512142181396484,31714300
2024-07-26,36.52000045776367,36.7599983215332,36.310001373291016,36.47999954223633,35.79671096801758,15901400
2024-07-29,36.59999847412109,36.70000076293945,36.060001373291016,36.63999938964844,35.95371627807617,10107100
2024-07-30,36.869998931884766,37.02999877929688,36.380001068115234,36.95000076293945,36.257911682128906,12735900
2024-07-31,37.63999938964844,38.0,37.400001525878906,37.93000030517578,37.21955108642578,26227500
2024-08-01,37.95000076293945,38.209999084472656,36.790000915527344,37.27000045776367,36.57191467285156,18198600
2024-08-02,37.7599983215332,38.060001373291016,36.09999847412109,36.47999954223633,35.79671096801758,27344500
2024-08-05,34.29999923706055,35.59000015258789,33.869998931884766,35.34000015258789,34.67806625366211,28615600
2024-08-06,35.150001525878906,36.040000915527344,34.91999816894531,35.630001068115234,34.9626350402832,14294700
2024-08-07,36.09999847412109,36.25,34.58000183105469,34.709999084472656,34.05986404418945,17663300
2024-08-08,35.189998626708984,35.7599983215332,34.7400016784668,35.54999923706055,34.884132385253906,16675700
2024-08-09,35.84000015258789,35.88999938964844,35.209999084472656,35.84000015258789,35.168701171875,9773600
2024-08-12,36.150001525878906,37.11000061035156,36.060001373291016,36.900001525878906,36.20884704589844,23084600
2024-08-13,36.79999923706055,37.5,36.75,37.380001068115234,36.67985534667969,13088400
2024-08-14,37.09999847412109,37.20000076293945,36.56999969482422,37.11000061035156,36.41491317749024,11565000
2024-08-15,37.150001525878906,37.5,36.650001525878906,37.290000915527344,36.5915412902832,14414800
2024-08-16,37.880001068115234,38.4900016784668,37.65999984741211,38.4900016784668,37.7690658569336,25966100
2024-08-19,38.220001220703125,39.25,38.15999984741211,39.220001220703125,38.485389709472656,21162600
2024-08-20,39.65999984741211,39.970001220703125,39.16999816894531,39.5,38.76014709472656,21548600
2024-08-21,39.400001525878906,39.91999816894531,39.09999847412109,39.77000045776367,39.025089263916016,13915600
2024-08-22,39.220001220703125,39.220001220703125,38.540000915527344,38.77999877929688,38.05363082885742,19744100
2024-08-23,39.25,39.560001373291016,38.810001373291016,39.34000015258789,38.60314178466797,15858600
2024-08-26,39.58000183105469,39.66999816894531,39.06999969482422,39.22999954223633,38.49520111083984,9216600
2024-08-27,38.91999816894531,39.2599983215332,38.65999984741211,39.220001220703125,38.485389709472656,8482900
2024-08-28,38.72999954223633,38.72999954223633,38.040000915527344,38.36000061035156,37.64150238037109,16988600
2024-08-29,38.540000915527344,39.13999938964844,38.5099983215332,38.880001068115234,38.15176010131836,13328500
2024-08-30,38.790000915527344,38.97999954223633,38.34000015258789,38.619998931884766,37.89662551879883,13171500
2024-09-03,38.0099983215332,38.11000061035156,36.900001525878906,37.27000045776367,36.57191467285156,25260000
2024-09-04,36.88999938964844,37.36000061035156,36.720001220703125,36.90999984741211,36.218658447265625,15685100
2024-09-05,37.65999984741211,37.83000183105469,37.27999877929688,37.33000183105469,36.63079071044922,16260000
2024-09-06,37.16999816894531,37.43000030517578,36.220001220703125,36.31999969482422,35.63970947265625,19939200
2024-09-09,36.61000061035156,36.880001068115234,36.5099983215332,36.7599983215332,36.07146835327149,15264700
2024-09-10,36.7599983215332,37.22999954223633,36.45000076293945,37.220001220703125,36.52285003662109,13942800
2024-09-11,36.900001525878906,37.40999984741211,36.4900016784668,37.38999938964844,36.68966674804688,10854700
2024-09-12,38.060001373291016,39.43000030517578,38.02000045776367,39.209999084472656,38.47557830810547,35275900
2024-09-13,39.79999923706055,40.220001220703125,39.77000045776367,40.09000015258789,39.33909606933594,27456000
2024-09-16,40.0,40.22999954223633,39.58000183105469,39.88999938964844,39.14284133911133,12162500
2024-09-17,39.70000076293945,40.08000183105469,39.310001373291016,39.4900016784668,38.750335693359375,17906900
2024-09-18,39.7599983215332,40.9900016784668,39.02000045776367,39.060001373291016,38.32838821411133,41241400
2024-09-19,40.09999847412109,40.25,39.2599983215332,39.720001220703125,38.97602844238281,22284500
2024-09-20,40.400001525878906,40.68000030517578,40.060001373291016,40.5099983215332,39.75122833251953,28604400
2024-09-23,40.540000915527344,41.18999862670898,40.29999923706055,40.33000183105469,39.57460021972656,19153300
2024-09-24,40.7400016784668,41.59000015258789,40.34000015258789,41.40999984741211,40.63437271118164,27422400
2024-09-25,41.29999923706055,41.68999862670898,41.18000030517578,41.310001373291016,40.53624725341797,18581100
2024-09-26,41.619998931884766,41.95000076293945,41.220001220703125,41.63999938964844,40.86006164550781,21027600
2024-09-27,41.38999938964844,41.58000183105469,40.310001373291016,40.36000061035156,39.60403823852539,25323400
2024-09-30,40.09999847412109,40.18000030517578,39.34999847412109,39.81999969482422,39.07415390014648,24523200
2024-10-01,40.310001373291016,40.7599983215332,39.959999084472656,40.45000076293945,39.69235229492188,22975900
2024-10-02,40.5,40.790000915527344,40.04999923706055,40.369998931884766,39.61384963989258,13265800
2024-10-03,39.84999847412109,39.869998931884766,39.34999847412109,39.560001373291016,38.81902313232422,17147200
2024-10-04,39.650001525878906,40.18999862670898,39.34999847412109,39.54999923706055,38.809207916259766,15816800
2024-10-07,39.290000915527344,39.29999923706055,38.83000183105469,39.02999877929688,38.298946380615234,15133300
2024-10-08,38.68000030517578,39.0,38.380001068115234,38.9900016784668,38.25970077514648,16180400
2024-10-09,38.43999862670898,38.790000915527344,38.16999816894531,38.790000915527344,38.06344604492188,16477900
2024-10-10,38.9900016784668,39.88999938964844,38.77000045776367,39.869998931884766,39.12321472167969,22975000
2024-10-11,40.02999877929688,40.459999084472656,39.9900016784668,40.04999923706055,39.299842834472656,12060100
2024-10-14,39.93000030517578,40.310001373291016,39.68000030517578,40.15999984741211,39.40778350830078,7455300
2024-10-15,40.130001068115234,40.68000030517578,39.970001220703125,40.68000030517578,39.91804122924805,19942200
2024-10-16,41.150001525878906,41.720001220703125,40.88999938964844,41.0,40.232051849365234,20379100
2024-10-17,41.36000061035156,41.88999938964844,41.18000030517578,41.4900016784668,40.71287155151367,22965700
2024-10-18,42.0,43.310001373291016,41.81999969482422,43.150001525878906,42.34178161621094,31223500
2024-10-21,43.75,44.0099983215332,43.08000183105469,43.220001220703125,42.41046905517578,21060600
2024-10-22,43.52000045776367,44.220001220703125,43.52000045776367,44.09000015258789,43.2641716003418,21161600
2024-10-23,43.5,43.79999923706055,42.90999984741211,43.2599983215332,42.4497184753418,22959800
2024-10-24,43.470001220703125,43.5099983215332,41.400001525878906,42.130001068115234,41.34088516235352,31946100
2024-10-25,41.90999984741211,42.15999984741211,41.40999984741211,41.560001373291016,40.78156280517578,21541200
2024-10-28,41.33000183105469,41.630001068115234,41.22999954223633,41.36000061035156,40.58530807495117,14784900
2024-10-29,41.79999923706055,42.130001068115234,41.47999954223633,42.02000045776367,41.232948303222656,20281300
2024-10-30,41.95000076293945,41.959999084472656,41.02999877929688,41.5099983215332,40.73249816894531,18161400
2024-10-31,40.83000183105469,40.88999938964844,39.869998931884766,40.34000015258789,39.58441162109375,27998400
2024-11-01,40.4900016784668,40.81999969482422,39.84999847412109,39.84999847412109,39.10358810424805,14358100
2024-11-04,40.27000045776367,40.369998931884766,39.70000076293945,39.900001525878906,39.15265655517578,13299700
2024-11-05,40.369998931884766,40.52999877929688,39.869998931884766,40.11000061035156,39.35872268676758,16833300
2024-11-06,38.209999084472656,38.9900016784668,37.560001373291016,38.63999938964844,37.91625213623047,44258400
2024-11-07,39.0,39.79999923706055,38.72999954223633,39.56999969482422,38.82883834838867,26922000
2024-11-08,39.22999954223633,39.34000015258789,38.630001068115234,39.02000045776367,38.28913497924805,22864200
2024-11-11,37.41999816894531,37.72999954223633,36.18999862670898,36.72999954223633,36.042030334472656,45733600
2024-11-12,36.27000045776367,36.459999084472656,35.66999816894531,36.11000061035156,35.43363952636719,37430800
2024-11-13,36.40999984741211,36.63999938964844,35.560001373291016,35.560001373291016,34.893943786621094,24799000
2024-11-14,35.310001373291016,35.970001220703125,35.189998626708984,35.720001220703125,35.05094909667969,34765200
2024-11-15,35.93000030517578,36.18000030517578,35.400001525878906,35.5099983215332,34.844879150390625,20360400
2024-11-18,36.54999923706055,37.27999877929688,36.47999954223633,37.02000045776367,36.32659530639648,33546000
2024-11-19,37.4900016784668,37.93000030517578,37.220001220703125,37.880001068115234,37.17049026489258,22829200
2024-11-20,37.72999954223633,37.84999847412109,37.5099983215332,37.720001220703125,37.013484954833984,16236500
2024-11-21,38.119998931884766,38.20000076293945,37.59000015258789,38.13999938964844,37.42561721801758,21175800
2024-11-22,38.470001220703125,38.56999969482422,38.02000045776367,38.27999877929688,37.56299591064453,19691300
2024-11-25,36.9900016784668,37.2400016784668,36.77999877929688,37.13999938964844,36.44435119628906,31492500
2024-11-26,37.11000061035156,37.40999984741211,36.83000183105469,37.290000915527344,36.5915412902832,9924400
2024-11-27,37.75,37.970001220703125,37.31999969482422,37.45000076293945,36.7485466003418,15286800
2024-11-29,37.720001220703125,37.84999847412109,37.5,37.65999984741211,36.9546127319336,7275300
2024-12-02,37.16999816894531,37.369998931884766,36.709999084472656,36.83000183105469,36.1401596069336,16539100
2024-12-03,37.09999847412109,38.119998931884766,37.09999847412109,37.70000076293945,36.99386215209961,18593800
2024-12-04,37.77999877929688,38.0099983215332,37.54999923706055,37.59999847412109,36.89573287963867,8149100
2024-12-05,37.63999938964844,37.9900016784668,37.13999938964844,37.52999877929688,36.82704162597656,9910000
2024-12-06,37.40999984741211,37.40999984741211,36.7400016784668,36.81999969482422,36.13034057617188,13455700
2024-12-09,38.02000045776367,38.869998931884766,37.90999984741211,37.90999984741211,37.199928283691406,30314300
2024-12-10,38.400001525878906,38.52000045776367,37.90999984741211,37.97999954223633,37.26861572265625,13338500
2024-12-11,38.2400016784668,39.16999816894531,38.08000183105469,39.09000015258789,38.35782623291016,21116900
2024-12-12,38.310001373291016,38.41999816894531,37.619998931884766,37.65999984741211,36.9546127319336,22705200
2024-12-13,37.2400016784668,37.380001068115234,36.4900016784668,36.650001525878906,35.963531494140625,19521400
2024-12-16,36.86000061035156,36.900001525878906,36.290000915527344,36.41999816894531,35.73783493041992,11421200
2024-12-17,35.9900016784668,36.310001373291016,35.790000915527344,36.18999862670898,35.512142181396484,14782900
2024-12-18,35.97999954223633,36.09000015258789,34.36000061035156,34.529998779296875,33.883235931396484,32773200
2024-12-19,34.720001220703125,34.95000076293945,34.189998626708984,34.38999938964844,33.7458610534668,22161700
2024-12-20,34.5,35.119998931884766,34.439998626708984,34.72999954223633,34.079490661621094,27872000
2024-12-23,34.22999954223633,34.47999954223633,33.880001068115234,34.40999984741211,34.16189193725586,14593200
2024-12-24,34.52000045776367,34.58000183105469,34.13999938964844,34.40999984741211,34.16189193725586,5322000
2024-12-26,34.529998779296875,34.7599983215332,34.36000061035156,34.470001220703125,34.221458435058594,8720800
2024-12-27,34.08000183105469,34.380001068115234,33.83000183105469,34.2599983215332,34.012969970703125,10587100
2024-12-30,33.900001525878906,34.0099983215332,33.41999816894531,33.77000045776367,33.52650451660156,18268000
2024-12-31,33.650001525878906,34.04999923706055,33.599998474121094,33.90999984741211,33.665496826171875,8034600
2025-01-02,34.459999084472656,35.400001525878906,34.439998626708984,35.34000015258789,35.08518600463867,24527000
2025-01-03,35.22999954223633,35.29999923706055,34.970001220703125,35.0,34.74763870239258,13694400
2025-01-06,35.0,35.220001220703125,34.52000045776367,34.58000183105469,34.330665588378906,13039000
2025-01-07,35.25,35.86000061035156,34.869998931884766,35.04999923706055,34.79727554321289,16976300
2025-01-08,35.41999816894531,35.970001220703125,35.2599983215332,35.900001525878906,35.64114761352539,25009000
2025-01-10,36.65999984741211,36.900001525878906,35.7400016784668,35.970001220703125,35.71064376831055,19827300
2025-01-13,35.630001068115234,35.65999984741211,35.099998474121094,35.380001068115234,35.12489700317383,15738500
2025-01-14,35.5099983215332,36.40999984741211,35.5099983215332,36.31999969482422,36.05812072753906,16157700
2025-01-15,36.790000915527344,36.91999816894531,36.18999862670898,36.720001220703125,36.45523452758789,17436900
2025-01-16,36.970001220703125,37.16999816894531,36.58000183105469,36.619998931884766,36.355953216552734,13483600
2025-01-17,36.33000183105469,37.02000045776367,36.119998931884766,36.75,36.48501968383789,16420400
2025-01-21,37.11000061035156,37.95000076293945,37.11000061035156,37.61000061035156,37.33881759643555,26496400
2025-01-22,38.0,38.04999923706055,37.310001373291016,37.52999877929688,37.25939178466797,12555800
2025-01-23,37.119998931884766,37.52000045776367,36.84000015258789,37.5,37.229610443115234,12871700
2025-01-24,37.9900016784668,38.15999984741211,37.84000015258789,37.95000076293945,37.676368713378906,13728000
2025-01-27,37.59000015258789,37.59000015258789,36.84999847412109,37.34999847412109,37.080692291259766,15489400
2025-01-28,37.47999954223633,37.790000915527344,37.209999084472656,37.70000076293945,37.42816925048828,10986700
2025-01-29,37.65999984741211,38.25,37.45000076293945,37.900001525878906,37.62672805786133,11319800
2025-01-30,38.65999984741211,39.72999954223633,38.56999969482422,39.41999816894531,39.1357650756836,28590100
2025-01-31,39.52000045776367,39.68000030517578,38.79999923706055,38.959999084472656,38.67908477783203,19903100
2025-02-03,39.220001220703125,39.91999816894531,38.97999954223633,39.560001373291016,39.27475738525391,20541800
2025-02-04,39.869998931884766,40.18000030517578,39.66999816894531,40.02999877929688,39.74136734008789,12813100
2025-02-05,40.369998931884766,41.52999877929688,40.34999847412109,41.040000915527344,40.74408721923828,25371500
2025-02-06,41.06999969482422,41.15999984741211,40.66999816894531,41.130001068115234,40.833438873291016,12224900
2025-02-07,41.5099983215332,41.75,40.84999847412109,40.86000061035156,40.56538391113281,19136200
2025-02-10,41.95000076293945,42.209999084472656,41.79999923706055,41.959999084472656,41.65745162963867,25509400
2025-02-11,41.720001220703125,41.900001525878906,41.38999938964844,41.43999862670898,41.14120101928711,15264200
2025-02-12,41.36000061035156,42.47999954223633,41.09999847412109,42.130001068115234,41.82622909545898,21179300
2025-02-13,42.2599983215332,42.59000015258789,41.720001220703125,42.5099983215332,42.20348358154297,17219600
2025-02-14,42.59999847412109,42.65999984741211,41.0,41.08000183105469,40.78379821777344,26322400
2025-02-18,41.63999938964844,41.720001220703125,41.13999938964844,41.540000915527344,41.240482330322266,21365800
2025-02-19,41.34999847412109,41.70000076293945,41.11000061035156,41.540000915527344,41.240482330322266,12767300
2025-02-20,41.709999084472656,42.56999969482422,41.63999938964844,42.2400016784668,41.9354362487793,16326300
2025-02-21,42.02000045776367,42.02999877929688,40.75,40.79999923706055,40.50581741333008,31767300
2025-02-24,41.16999816894531,41.16999816894531,40.33000183105469,40.970001220703125,40.674591064453125,12704000
2025-02-25,40.65999984741211,40.790000915527344,39.52999877929688,40.380001068115234,40.088844299316406,20002900
2025-02-26,39.810001373291016,41.11000061035156,39.72999954223633,40.86000061035156,40.56538391113281,12880600
2025-02-27,40.20000076293945,40.459999084472656,39.41999816894531,39.459999084472656,39.17547607421875,21976300
2025-02-28,38.86000061035156,39.72999954223633,38.58000183105469,39.720001220703125,39.4336051940918,15602200
2025-03-03,40.38999938964844,40.86000061035156,39.5099983215332,39.709999084472656,39.423675537109375,16743500
2025-03-04,40.45000076293945,40.7599983215332,39.4900016784668,40.27999877929688,39.98956680297852,18770600
2025-03-05,40.20000076293945,41.720001220703125,40.18999862670898,41.70000076293945,41.39932632446289,18539800
2025-03-06,41.369998931884766,41.93999862670898,41.060001373291016,41.36000061035156,41.0617790222168,16373000
2025-03-07,41.41999816894531,42.310001373291016,40.91999816894531,41.63999938964844,41.33975982666016,17132100
2025-03-10,41.380001068115234,41.59999847412109,40.20000076293945,40.5099983215332,40.2179069519043,20333800
2025-03-11,40.900001525878906,42.040000915527344,40.84999847412109,41.84000015258789,41.5383186340332,22449300
2025-03-12,41.459999084472656,42.11000061035156,41.220001220703125,41.900001525878906,41.59788513183594,17152200
2025-03-13,42.18000030517578,43.540000915527344,42.06999969482422,43.209999084472656,42.8984375,30784900
2025-03-14,43.77999877929688,43.869998931884766,43.209999084472656,43.63999938964844,43.325340270996094,23488100
2025-03-17,43.86000061035156,44.630001068115234,43.77000045776367,44.56999969482422,44.248634338378906,18558800
2025-03-18,45.43999862670898,45.650001525878906,44.68999862670898,44.84999847412109,44.526611328125,21782900
2025-03-19,44.869998931884766,45.27999877929688,44.540000915527344,45.22999954223633,44.90387344360352,17130700
2025-03-20,44.650001525878906,45.34000015258789,44.380001068115234,45.15999984741211,44.834381103515625,10082900
2025-03-21,44.540000915527344,44.630001068115234,43.84000015258789,44.5,44.17913818359375,18163600
2025-03-24,44.560001373291016,44.7599983215332,44.18999862670898,44.25,43.93094253540039,14465100
2025-03-25,44.869998931884766,45.619998931884766,44.86000061035156,45.02000045776367,44.69538879394531,16156900
2025-03-26,45.220001220703125,45.290000915527344,44.560001373291016,44.66999816894531,44.3479118347168,10123300
2025-03-27,45.220001220703125,45.900001525878906,44.91999816894531,45.7599983215332,45.43004989624024,16699400
2025-03-28,46.09999847412109,46.93999862670898,45.43999862670898,45.56999969482422,45.24142456054688,21557400
2025-03-31,46.0,46.09999847412109,44.5,45.970001220703125,45.63854217529297,22217500
2025-04-01,45.93000030517578,46.2599983215332,45.34000015258789,45.79999923706055,45.469764709472656,17174800
2025-04-02,45.77000045776367,46.0099983215332,45.119998931884766,45.7599983215332,45.43004989624024,15903800
2025-04-03,43.86000061035156,46.709999084472656,43.52999877929688,45.720001220703125,45.39034271240234,30543000
2025-04-04,44.47999954223633,44.56999969482422,41.459999084472656,41.68000030517578,41.37947082519531,59893500
2025-04-07,40.709999084472656,43.70000076293945,40.2599983215332,41.45000076293945,41.15113067626953,33751700
2025-04-08,43.27000045776367,43.52999877929688,41.18000030517578,41.5,41.20077133178711,22508400
2025-04-09,43.27000045776367,45.33000183105469,42.77000045776367,44.9900016784668,44.66560745239258,47895600
2025-04-10,45.27000045776367,47.65999984741211,45.15999984741211,47.16999816894531,46.82988357543945,36181600
2025-04-11,48.869998931884766,50.150001525878906,48.86000061035156,49.70000076293945,49.341644287109375,40991500
2025-04-14,48.95000076293945,50.20000076293945,48.41999816894531,50.02000045776367,49.65933609008789,20729500
2025-04-15,50.470001220703125,50.7400016784668,49.900001525878906,50.52999877929688,50.16565704345703,14842000
2025-04-16,52.310001373291016,52.810001373291016,51.290000915527344,51.90999984741211,51.53570938110352,36630500
2025-04-17,51.5099983215332,51.59999847412109,50.369998931884766,50.91999816894531,50.5528450012207,25661200
2025-04-21,52.65999984741211,53.25,50.95000076293945,51.65999984741211,51.28751373291016,36299300
2025-04-22,51.900001525878906,51.95000076293945,50.02000045776367,50.22999954223633,49.867820739746094,38019600
2025-04-23,47.93000030517578,49.18000030517578,47.77000045776367,48.72999954223633,48.378639221191406,38934600
2025-04-24,49.61000061035156,49.81999969482422,48.79999923706055,49.7599983215332,49.40121078491211,22803300
2025-04-25,48.220001220703125,48.900001525878906,48.08000183105469,48.810001373291016,48.45806121826172,19299600
2025-04-28,48.540000915527344,49.43000030517578,48.310001373291016,49.43000030517578,49.07359313964844,15128300
2025-04-29,48.77999877929688,49.209999084472656,48.400001525878906,48.47999954223633,48.13043975830078,13110200
2025-04-30,48.0,49.02999877929688,47.9900016784668,49.0099983215332,48.6566162109375,15832300
2025-05-01,47.54999923706055,47.63999938964844,46.88999938964844,47.20000076293945,46.85967254638672,27130000
2025-05-02,47.84999847412109,48.11000061035156,46.72999954223633,47.08000183105469,46.740535736083984,14244100
2025-05-05,48.869998931884766,48.900001525878906,48.04999923706055,48.720001220703125,48.36871337890625,20923200
2025-05-06,49.90999984741211,50.83000183105469,49.369998931884766,50.790000915527344,50.42378616333008,31155000
2025-05-07,49.540000915527344,50.27999877929688,49.290000915527344,49.81999969482422,49.46077728271485,22412000
2025-05-08,49.84999847412109,50.04999923706055,48.720001220703125,48.880001068115234,48.52755737304688,20400400
2025-05-09,49.619998931884766,50.470001220703125,49.11000061035156,50.369998931884766,50.006813049316406,20695300
2025-05-12,48.060001373291016,48.08000183105469,46.34999847412109,46.619998931884766,46.28385162353516,42761600
2025-05-13,46.720001220703125,46.75,46.15999984741211,46.540000915527344,46.20442962646485,22356300
2025-05-14,45.5099983215332,45.65999984741211,45.09999847412109,45.54999923706055,45.22156524658203,26797000
2025-05-15,46.04999923706055,46.59999847412109,45.61000061035156,46.4900016784668,46.15479278564453,23456700
2025-05-16,45.40999984741211,46.34999847412109,45.25,46.33000183105469,45.99594497680664,17272000
2025-05-19,47.09999847412109,47.400001525878906,46.650001525878906,47.34000015258789,46.998661041259766,19577600
2025-05-20,47.43000030517578,48.81999969482422,47.2599983215332,48.810001373291016,48.45806121826172,26942300
2025-05-21,49.08000183105469,49.70000076293945,48.970001220703125,49.43999862670898,49.0835189819336,23175400
2025-05-22,49.27999877929688,49.56999969482422,48.70000076293945,49.18000030517578,48.82539367675781,16934800
2025-05-23,50.34999847412109,50.790000915527344,49.75,50.52999877929688,50.16565704345703,24171600
2025-05-27,49.40999984741211,50.310001373291016,49.34000015258789,49.77000045776367,49.41114044189453,20431100
2025-05-28,49.91999816894531,50.36000061035156,49.77999877929688,50.34999847412109,49.98695755004883,13211000
2025-05-29,50.59000015258789,50.84000015258789,49.93999862670898,50.27999877929688,49.91746139526367,11852300
2025-05-30,49.84999847412109,50.720001220703125,49.720001220703125,50.650001525878906,50.28479766845703,16795500
2025-06-02,51.720001220703125,53.83000183105469,51.65999984741211,53.77000045776367,53.38229751586914,39386800
2025-06-03,52.86000061035156,53.09000015258789,52.369998931884766,53.09000015258789,52.70720291137695,24482500
2025-06-04,53.2599983215332,53.5,52.869998931884766,53.209999084472656,52.82633590698242,18924400
2025-06-05,53.75,54.619998931884766,52.810001373291016,53.150001525878906,52.76676940917969,28630300
2025-06-06,53.09000015258789,53.09000015258789,51.470001220703125,51.619998931884766,51.24779891967773,31562000
2025-06-09,51.66999816894531,52.31999969482422,51.40999984741211,52.130001068115234,51.75412368774414,15247300
2025-06-10,52.43000030517578,52.59999847412109,51.119998931884766,51.43000030517578,51.05916976928711,17301700
2025-06-11,51.5099983215332,51.93999862670898,51.290000915527344,51.93999862670898,51.56549072265625,13531000
2025-06-12,52.79999923706055,53.7599983215332,52.720001220703125,53.52999877929688,53.14402770996094,25699500
2025-06-13,54.34000015258789,54.70000076293945,53.84999847412109,54.459999084472656,54.06732177734375,22541400
2025-06-16,53.70000076293945,54.150001525878906,53.5,53.54999923706055,53.16388320922852,18475000
2025-06-17,53.790000915527344,54.0099983215332,53.060001373291016,53.5099983215332,53.12417221069336,13406500
2025-06-18,53.34999847412109,53.70000076293945,52.900001525878906,53.0,52.61785125732422,14897000
2025-06-20,52.68999862670898,53.43000030517578,52.2599983215332,52.290000915527344,51.91297149658203,18722300
2025-06-23,52.52000045776367,53.7400016784668,52.27000045776367,53.11000061035156,52.72705841064453,21458300
2025-06-24,51.540000915527344,52.130001068115234,50.70000076293945,51.86000061035156,51.48606872558594,22159900
2025-06-25,51.59000015258789,52.15999984741211,51.45000076293945,51.91999816894531,51.54563522338867,12728900
2025-06-26,51.7599983215332,52.619998931884766,51.7599983215332,52.619998931884766,52.2405891418457,14874300
2025-06-27,50.91999816894531,51.119998931884766,50.31999969482422,50.72999954223633,50.36421585083008,32657400
2025-06-30,50.93000030517578,52.06999969482422,50.75,52.060001373291016,51.68462753295898,19782700
2025-07-01,53.0099983215332,53.04999923706055,51.959999084472656,52.040000915527344,51.664772033691406,19063300
2025-07-02,52.33000183105469,52.7599983215332,51.84000015258789,52.65999984741211,52.28030014038086,13096100
2025-07-03,52.18999862670898,52.91999816894531,52.150001525878906,52.90999984741211,52.52849960327149,11610900
2025-07-07,51.93000030517578,53.209999084472656,51.31999969482422,53.16999816894531,52.78662109375,22030200
2025-07-08,52.93999862670898,52.95000076293945,50.34999847412109,50.790000915527344,50.42378616333008,37415300
2025-07-09,50.84999847412109,51.65999984741211,50.560001373291016,51.5,51.128665924072266,19712100
2025-07-10,51.68000030517578,51.900001525878906,50.97999954223633,51.900001525878906,51.52578353881836,13666200
2025-07-11,52.31999969482422,52.59000015258789,51.90999984741211,52.41999816894531,52.042030334472656,19044800
2025-07-14,52.41999816894531,53.29999923706055,52.380001068115234,52.45000076293945,52.071815490722656,13297300
2025-07-15,52.459999084472656,52.59999847412109,50.77999877929688,51.619998931884766,51.24779891967773,20154900
2025-07-16,51.709999084472656,52.369998931884766,50.970001220703125,51.81999969482422,51.44635772705078,16545300
2025-07-17,51.060001373291016,51.41999816894531,50.45000076293945,51.2400016784668,50.87054061889648,17442300
2025-07-18,51.68999862670898,51.790000915527344,51.119998931884766,51.130001068115234,50.76133346557617,12887800
2025-07-21,51.93999862670898,53.34999847412109,51.93000030517578,53.02000045776367,52.6377067565918,22674100
2025-07-22,53.63999938964844,54.77999877929688,53.220001220703125,54.47999954223633,54.08717727661133,23906900
2025-07-23,54.16999816894531,54.56999969482422,53.619998931884766,53.84000015258789,53.4517936706543,22084600
2025-07-24,53.04999923706055,53.79999923706055,52.52999877929688,53.33000183105469,52.94547271728516,12142200
2025-07-25,52.91999816894531,53.97999954223633,52.84999847412109,53.959999084472656,53.570926666259766,25492200
2025-07-28,53.150001525878906,53.34000015258789,52.13999938964844,52.59000015258789,52.21080780029297,20458100
2025-07-29,52.7599983215332,53.36000061035156,52.52000045776367,53.25,52.86604690551758,13473500
2025-07-30,52.54999923706055,52.95000076293945,51.52000045776367,51.77999877929688,51.406646728515625,21662100
2025-07-31,52.02000045776367,52.31999969482422,51.369998931884766,51.63999938964844,51.26765441894531,16429400
2025-08-01,52.7400016784668,53.060001373291016,51.93999862670898,52.45000076293945,52.071815490722656,20409400
2025-08-04,53.16999816894531,55.04999923706055,53.15999984741211,54.93999862670898,54.54386138916016,27343200
2025-08-05,54.61000061035156,56.65999984741211,54.56999969482422,56.459999084472656,56.05290222167969,32074400
2025-08-06,56.4900016784668,57.38999938964844,56.47999954223633,57.38999938964844,56.9761962890625,16684000
2025-08-07,57.90999984741211,58.47999954223633,57.61000061035156,57.93999862670898,57.5222282409668,22573200
2025-08-08,58.43000030517578,58.810001373291016,57.84000015258789,58.060001373291016,57.6413688659668,18210700
2025-08-11,56.59000015258789,58.0,56.34000015258789,57.68999862670898,57.27403259277344,17523500
2025-08-12,57.83000183105469,58.22999954223633,57.369998931884766,58.209999084472656,57.790283203125,11586200
2025-08-13,58.65999984741211,58.77000045776367,57.869998931884766,58.06999969482422,57.65129470825195,10707200
2025-08-14,57.650001525878906,58.52999877929688,57.41999816894531,57.70000076293945,57.28396224975586,11226900
2025-08-15,57.79999923706055,58.560001373291016,57.34000015258789,58.27999877929688,57.85977935791016,13540600
2025-08-18,58.20000076293945,58.41999816894531,57.70000076293945,58.09999847412109,57.68107604980469,8505900
2025-08-19,57.84000015258789,58.040000915527344,56.59000015258789,56.59999847412109,56.191890716552734,15274300
2025-08-20,57.25,58.33000183105469,57.18999862670898,58.31999969482422,57.89949035644531,15489900
2025-08-21,58.16999816894531,59.68999862670898,58.11000061035156,59.290000915527344,58.86249923706055,17900200
2025-08-22,58.790000915527344,60.68000030517578,58.380001068115234,60.18000030517578,59.74607849121094,19540500
2025-08-25,60.38999938964844,60.790000915527344,60.16999816894531,60.2599983215332,59.82550048828125,8388400
2025-08-26,60.560001373291016,61.59999847412109,60.43999862670898,61.59999847412109,61.15583801269531,17598200
2025-08-27,61.04999923706055,61.47999954223633,60.470001220703125,61.47999954223633,61.03670501708984,10691600
2025-08-28,61.400001525878906,61.619998931884766,60.70000076293945,61.33000183105469,60.88779067993164,15854800
2025-08-29,61.209999084472656,63.22999954223633,61.209999084472656,63.16999816894531,62.71451950073242,19954400
2025-09-02,64.38999938964844,65.06999969482422,63.20000076293945,64.80000305175781,64.33277130126953,41939600
2025-09-03,65.4800033569336,65.83000183105469,64.70999908447266,65.19999694824219,64.7298812866211,25768700
2025-09-04,64.36000061035156,64.94000244140625,63.88999938964844,64.56999969482422,64.10442352294922,24753700
2025-09-05,66.01000213623047,66.87000274658203,65.16000366210938,66.33999633789062,65.86166381835938,31720200
2025-09-08,67.2300033569336,67.41000366210938,66.48999786376953,67.23999786376953,66.75517272949219,24932700
2025-09-09,67.6500015258789,67.94000244140625,66.66999816894531,66.8499984741211,66.36798858642578,24430000
2025-09-10,67.47000122070312,68.58999633789062,67.45999908447266,68.5,68.00608825683594,18297300
2025-09-11,68.23999786376953,69.76000213623047,68.08000183105469,69.76000213623047,69.25700378417969,18762100
2025-09-12,69.95999908447266,70.11000061035156,69.23999786376953,69.75,69.24707794189453,13891100
2025-09-15,69.30000305175781,70.76000213623047,69.1500015258789,70.4800033569336,69.97181701660156,16298200
2025-09-16,70.56999969482422,70.63999938964844,68.62999725341797,69.0199966430664,68.5223388671875,22742300
2025-09-17,68.23999786376953,69.93000030517578,67.7699966430664,68.66000366210938,68.1649398803711,28270300
2025-09-18,68.1500015258789,68.80000305175781,67.26000213623047,68.79000091552734,68.29399871826172,21638900
2025-09-19,68.91999816894531,72.52999877929688,68.88999938964844,72.36000061035156,71.8382568359375,36429000
2025-09-22,73.7699966430664,74.37000274658203,72.83999633789062,74.33000183105469,73.79405212402344,30822600
2025-09-23,74.87999725341797,75.27999877929688,73.87999725341797,74.2300033569336,73.69477844238281,23168400
2025-09-24,73.95999908447266,74.44999694824219,72.2699966430664,72.31999969482422,71.79854583740234,27972000
2025-09-25,72.30999755859375,73.19999694824219,72.01000213623047,73.12999725341797,72.60269927978516,23268600
2025-09-26,73.68000030517578,74.93000030517578,73.23999786376953,74.68000030517578,74.14153289794922,21411900
2025-09-29,76.58000183105469,76.87000274658203,75.36000061035156,75.72000122070312,75.17403411865234,24062700
2025-09-30,74.97000122070312,77.18000030517578,74.73999786376953,76.4000015258789,75.84912872314453,21221700
2025-10-01,77.11000061035156,77.95999908447266,76.58999633789062,77.12999725341797,76.57386016845703,22633000
2025-10-02,78.29000091552734,78.31999969482422,74.0999984741211,77.0999984741211,76.54407501220703,41791200
2025-10-03,77.31999969482422,77.76000213623047,76.52999877929688,77.08000183105469,76.52422332763672,15113300
2025-10-06,78.05999755859375,79.48999786376953,77.79000091552734,78.61000061035156,78.0431900024414,26286300
2025-10-07,78.66000366210938,78.69000244140625,76.69000244140625,76.97000122070312,76.4150161743164,21615600
2025-10-08,78.68000030517578,79.1500015258789,77.58999633789062,79.1500015258789,78.57929992675781,25676100
2025-10-09,79.19000244140625,79.33000183105469,74.58000183105469,75.61000061035156,75.06482696533203,40970500
2025-10-10,75.86000061035156,76.62000274658203,75.08000183105469,75.77999877929688,75.23359680175781,24817200
2025-10-13,78.08000183105469,79.45999908447266,77.95999908447266,79.37000274658203,78.79771423339844,26089500
2025-10-14,78.02999877929688,79.4000015258789,77.61000061035156,78.44999694824219,77.88434600830078,20129200
2025-10-15,79.51000213623047,81.73999786376953,79.23999786376953,81.47000122070312,80.882568359375,31551700
2025-10-16,82.45999908447266,85.08999633789062,81.72000122070312,84.44000244140625,83.83116149902344,39781800
2025-10-17,82.16999816894531,82.41999816894531,77.18000030517578,78.7300033569336,78.1623306274414,70598800
2025-10-20,80.18000030517578,81.0199966430664,79.01000213623047,80.36000061035156,79.78057861328125,29436000
2025-10-21,74.58000183105469,74.98999786376953,72.12999725341797,72.79000091552734,72.2651596069336,71270200
2025-10-22,70.4800033569336,73.31999969482422,70.27999877929688,72.94999694824219,72.42400360107422,47998500
2025-10-23,74.5199966430664,74.68000030517578,73.58999633789062,73.79000091552734,73.25794982910156,25689000
2025-10-24,72.5,74.01000213623047,72.1500015258789,72.80000305175781,72.27508544921875,24477100
2025-10-27,70.1500015258789,71.37999725341797,68.12999725341797,69.91000366210938,69.40592956542969,50661700
2025-10-28,68.63999938964844,71.23999786376953,68.41999816894531,71.0199966430664,70.50791931152344,28611800
2025-10-29,72.9000015258789,73.0,70.69999694824219,71.06999969482422,70.55755615234375,33614500
2025-10-30,70.91999816894531,73.05999755859375,70.51000213623047,72.9000015258789,72.3743667602539,25166200
2025-10-31,72.91000366210938,72.91999816894531,71.1500015258789,72.05999755859375,71.54042053222656,20882300
2025-11-03,71.72000122070312,72.44000244140625,70.7300033569336,71.30000305175781,70.78590393066406,15630000
2025-11-04,69.33999633789062,69.62999725341797,68.19999694824219,68.27999877929688,67.78767395019531,28765500
2025-11-05,69.91000366210938,70.88999938964844,69.4800033569336,70.66999816894531,70.16043853759766,24340100
2025-11-06,71.2699966430664,72.70999908447266,70.69999694824219,70.76000213623047,70.24979400634766,22007600
2025-11-07,71.4800033569336,72.55000305175781,70.4800033569336,72.55000305175781,72.02689361572266,20421900
2025-11-10,75.23999786376953,76.47000122070312,74.62000274658203,75.9800033569336,75.43215942382812,30851200
2025-11-11,76.54000091552734,76.81999969482422,74.94999694824219,76.70999908447266,76.15689086914062,17170100
2025-11-12,76.75,79.97000122070312,76.30000305175781,79.25,78.67858123779297,33319500
2025-11-13,79.48999786376953,79.73999786376953,76.41999816894531,77.05000305175781,76.49444580078125,30345900
2025-11-14,73.54000091552734,76.91000366210938,73.25,76.16000366210938,75.6108627319336,28841200
2025-11-17,75.6500015258789,76.97000122070312,74.19999694824219,74.94999694824219,74.40957641601562,25837000
2025-11-18,75.61000061035156,76.47000122070312,74.37999725341797,75.62999725341797,75.08467864990234,24323800
2025-11-19,76.94999694824219,78.18000030517578,75.5199966430664,76.38999938964844,75.83919525146484,21959400
2025-11-20,76.73999786376953,77.73999786376953,72.94000244140625,72.97000122070312,72.44386291503906,34685000
2025-11-21,73.0199966430664,74.66000366210938,72.44999694824219,73.6500015258789,73.11895751953125,25694900
2025-11-24,74.1500015258789,78.0,74.06999969482422,77.95999908447266,77.39788055419922,24487400
2025-11-25,77.30999755859375,78.54000091552734,76.86000061035156,77.80000305175781,77.2390365600586,14938400
2025-11-26,78.6500015258789,81.83000183105469,78.55000305175781,81.55000305175781,80.96199798583984,27375300
2025-11-28,82.26000213623047,83.27999877929688,81.7699966430664,83.2300033569336,82.6298828125,15906800
2025-12-01,83.94999694824219,84.02999877929688,82.12000274658203,82.81999969482422,82.22283935546875,20533900
2025-12-02,82.47000122070312,82.95999908447266,79.30000305175781,81.61000061035156,81.02156066894531,25468400
2025-12-03,82.12999725341797,82.91999816894531,80.94000244140625,81.05999755859375,80.47552490234375,17556100
2025-12-04,80.33999633789062,81.48999786376953,80.02999877929688,81.38999938964844,80.80314636230469,12264600
2025-12-05,82.0,83.76000213623047,80.72000122070312,81.02999877929688,80.44573974609375,17559200
2025-12-08,81.0199966430664,81.25,79.06999969482422,79.16000366210938,78.5892333984375,18977000
2025-12-09,79.30000305175781,82.06999969482422,79.29000091552734,81.94000244140625,81.34918212890625,19287000
2025-12-10,81.55000305175781,83.94000244140625,80.52999877929688,83.31999969482422,82.71923065185547,22917900
2025-12-11,83.19999694824219,87.44999694824219,83.12000274658203,86.26000213623047,85.6380386352539,29997000
2025-12-12,88.5,88.5,84.23999786376953,85.66000366210938,85.04236602783203,26735900
2025-12-15,86.51000213623047,86.75,83.72000122070312,84.8499984741211,84.23819732666016,21774900
2025-12-16,85.16000366210938,86.30000305175781,83.75,84.83000183105469,84.21834564208984,14848800
2025-12-17,86.11000061035156,86.62000274658203,84.62000274658203,85.83000183105469,85.21113586425781,17984700
2025-12-18,85.33000183105469,87.19999694824219,84.83999633789062,85.66999816894531,85.05228424072266,18771500
2025-12-19,85.58000183105469,88.69000244140625,85.55999755859375,87.79000091552734,87.1570053100586,24699800
2025-12-22,89.66000366210938,91.0500030517578,89.06999969482422,90.18000030517578,90.18000030517578,24707400
2025-12-23,90.3499984741211,90.4800033569336,88.69000244140625,90.2699966430664,90.2699966430664,18969200
2025-12-24,89.80000305175781,90.2699966430664,88.2699966430664,89.69999694824219,89.69999694824219,14136200
2025-12-26,90.93000030517578,91.66999816894533,89.61000061035156,91.29000091552734,91.29000091552734,24708900
2025-12-29,86.93000030517578,87.47000122070312,84.88999938964844,85.8499984741211,85.8499984741211,39910100
2025-12-30,88.05000305175781,88.4000015258789,86.55999755859375,86.83999633789062,86.83999633789062,19494800
2025-12-31,86.44999694824219,87.7300033569336,85.66000366210938,85.7699966430664,85.7699966430664,13174500
2026-01-02,87.12000274658203,87.20999908447266,83.2300033569336,85.7300033569336,85.7300033569336,24032300
2026-01-05,87.77999877929688,90.66000366210938,87.27999877929688,88.44999694824219,88.44999694824219,25195000
2026-01-06,89.2699966430664,92.20999908447266,89.06999969482422,92.13999938964844,92.13999938964844,23581700
2026-01-07,89.45999908447266,91.12999725341795,88.08999633789062,91.05999755859376,91.05999755859376,18414900
2026-01-08,89.11000061035156,91.55999755859376,88.79000091552734,91.54000091552734,91.54000091552734,17535800
2026-01-09,91.80999755859376,93.16999816894533,91.2300033569336,92.55999755859376,92.55999755859376,18108500
2026-01-12,95.19000244140624,96.9800033569336,95.06999969482422,95.72000122070312,95.72000122070312,27296500
2026-01-13,97.02999877929688,97.97000122070312,96.23999786376952,96.47000122070312,96.47000122070312,19578600
2026-01-14,98.41000366210938,98.41999816894533,95.37000274658205,96.86000061035156,96.86000061035156,22672600
2026-01-15,96.08999633789062,97.83000183105467,95.31999969482422,97.11000061035156,97.11000061035156,13979500
2026-01-16,96.27999877929688,97.33999633789062,94.44000244140624,97.23999786376952,97.23999786376952,19587300
2026-01-20,101.52999877929688,103.0199966430664,100.9000015258789,102.77999877929688,102.77999877929688,33061000
2026-01-21,104.9000015258789,105.33000183105467,100.55999755859376,101.29000091552734,101.29000091552734,34861200
2026-01-22,101.13999938964844,105.83999633789062,101.0500030517578,105.16999816894533,105.16999816894533,30396700
2026-01-23,105.52999877929688,107.62000274658205,104.8499984741211,107.0199966430664,107.0199966430664,19623000
2026-01-26,110.69000244140624,112.54000091552734,107.4499969482422,107.4800033569336,107.4800033569336,38883300
2026-01-27,107.91999816894533,109.37999725341795,103.87999725341795,109.29000091552734,109.29000091552734,30779100
2026-01-28,110.37999725341795,112.23999786376952,109.01000213623048,112.16000366210938,112.16000366210938,31375500
2026-01-29,113.29000091552734,113.5,104.6500015258789,107.9800033569336,107.9800033569336,66962400
2026-01-30,98.91000366210938,101.87999725341795,93.12000274658205,94.1999969482422,94.1999969482422,102904800
2026-02-02,93.97000122070312,96.87000274658205,92.0,94.19000244140624,94.19000244140624,35455600
2026-02-03,99.79000091552734,99.98999786376952,95.66000366210938,98.22000122070312,98.22000122070312,43633800
2026-02-04,101.01000213623048,101.12000274658205,94.94000244140624,98.6999969482422,98.6999969482422,30256800
2026-02-05,94.54000091552734,97.1999969482422,92.27999877929688,92.44000244140624,92.44000244140624,39586600
2026-02-06,95.12999725341795,97.93000030517578,94.9800033569336,97.38999938964844,97.38999938964844,24807700
2026-02-09,98.5500030517578,103.08999633789062,98.51000213623048,102.88999938964844,102.88999938964844,27057100
2026-02-10,102.2699966430664,103.8000030517578,101.8499984741211,103.01000213623048,103.01000213623048,15407600
2026-02-11,105.48999786376952,106.47000122070312,102.48999786376952,105.97000122070312,105.97000122070312,22624300
2026-02-12,104.81999969482422,105.79000091552734,98.12999725341795,98.27999877929688,98.27999877929688,43435500
2026-02-13,100.91999816894533,104.13999938964844,99.52999877929688,103.94000244140624,103.94000244140624,31928300
2026-02-17,99.86000061035156,101.19000244140624,97.41000366210938,100.25,100.25,26743000
2026-02-18,101.81999969482422,103.69000244140624,101.29000091552734,102.55999755859376,102.55999755859376,18924100
2026-02-19,102.01000213623048,104.3000030517578,101.11000061035156,104.23999786376952,104.23999786376952,18466500
2026-02-20,104.33000183105467,106.38999938964844,102.02999877929688,106.26000213623048,106.26000213623048,23441000
2026-02-23,107.77999877929688,110.54000091552734,107.62000274658205,110.29000091552734,110.29000091552734,26609300
2026-02-24,107.0,111.5,106.47000122070312,110.6999969482422,110.6999969482422,15635700
2026-02-25,112.18000030517578,113.16000366210938,110.87000274658205,111.16000366210938,111.16000366210938,14632600
2026-02-26,110.4000015258789,114.0999984741211,109.12999725341795,113.88999938964844,113.88999938964844,18622900
2026-02-27,115.19000244140624,115.98999786376952,114.31999969482422,115.83999633789062,115.83999633789062,18646800
2026-03-02,116.45999908447266,117.18000030517578,111.36000061035156,115.33999633789062,115.33999633789062,27137300
2026-03-03,107.48999786376952,107.98999786376952,102.54000091552734,105.23999786376952,105.23999786376952,66618000
2026-03-04,108.16000366210938,108.26000213623048,104.30999755859376,105.87999725341795,105.87999725341795,20502900
2026-03-05,104.1999969482422,104.1999969482422,99.52999877929688,101.81999969482422,101.81999969482422,34024100
2026-03-06,99.25,102.5,98.27999877929688,101.37999725341795,101.37999725341795,25723000
2026-03-09,98.63999938964844,102.56999969482422,95.95999908447266,102.44000244140624,102.44000244140624,24687000
2026-03-10,104.05999755859376,105.73999786376952,103.0999984741211,103.37000274658205,103.37000274658205,21592200
2026-03-11,102.0500030517578,102.16000366210938,99.13999938964844,101.36000061035156,101.36000061035156,19278300
2026-03-12,101.04000091552734,101.11000061035156,98.41000366210938,99.3000030517578,99.3000030517578,20604300
2026-03-13,98.41000366210938,98.41000366210938,92.88999938964844,93.26000213623048,93.26000213623048,35725200
2026-03-16,93.3499984741211,95.86000061035156,92.3499984741211,94.37999725341795,94.37999725341795,21719600
2026-03-17,94.7699966430664,96.12999725341795,93.30999755859376,93.95999908447266,93.95999908447266,14897800
2026-03-18,89.98999786376953,90.3499984741211,87.7300033569336,88.11000061035156,88.11000061035156,41331300
2026-03-19,80.86000061035156,83.38999938964844,79.95999908447266,82.9000015258789,82.9000015258789,63111300
2026-03-20,83.31999969482422,83.38999938964844,78.73999786376953,80.12000274658203,80.12000274658203,40023300
2026-03-23,81.36000061035156,84.97000122070312,81.12000274658203,83.37999725341797,83.37999725341797,62217700
2026-03-24,81.91000366210938,84.12000274658203,80.77999877929688,83.5,83.5,23529700
2026-03-25,87.5199966430664,88.06999969482422,85.5,86.31999969482422,86.31999969482422,33509100
2026-03-26,83.47000122070312,86.52999877929688,82.2699966430664,82.38999938964844,82.38999938964844,41416000
2026-03-27,82.79000091552734,86.91999816894531,82.38999938964844,85.79000091552734,85.79000091552734,35300800
2026-03-30,87.38999938964844,88.41000366210938,84.7300033569336,85.79000091552734,85.79000091552734,24114400
2026-03-31,88.05000305175781,91.77999877929688,87.87999725341797,91.7699966430664,91.7699966430664,36516300
2026-04-01,94.70999908447266,97.70999908447266,93.4800033569336,96.01000213623048,96.01000213623048,42051300
2026-04-02,90.16000366210938,95.8499984741211,89.98999786376953,94.58999633789062,94.58999633789062,22726700
2026-04-06,94.26000213623048,95.27999877929688,93.41000366210938,93.81999969482422,93.81999969482422,11572800
2026-04-07,93.69000244140624,95.2300033569336,91.44000244140624,94.97000122070312,94.97000122070312,13596700
2026-04-08,100.87999725341795,101.37000274658205,96.62999725341795,98.18000030517578,98.18000030517578,26188600
2026-04-09,98.3499984741211,99.93000030517578,97.0,98.3499984741211,98.3499984741211,14310500
2026-04-10,98.9800033569336,100.22000122070312,98.79000091552734,99.38999938964844,99.38999938964844,17803500
2026-04-13,98.01000213623048,99.2300033569336,97.3499984741211,98.77999877929688,98.77999877929688,12446100
2026-04-14,100.0500030517578,101.56999969482422,99.41999816894533,100.75,100.75,15841100
2026-04-15,99.91999816894533,100.43000030517578,97.68000030517578,97.7699966430664,97.7699966430664,16644600
2026-04-16,98.20999908447266,99.0999984741211,97.3499984741211,97.66000366210938,97.66000366210938,13842000
2026-04-17,99.75,102.38999938964844,99.38999938964844,100.33999633789062,100.33999633789062,21381400
2026-04-20,99.45999908447266,99.5500030517578,98.0999984741211,99.12999725341795,99.12999725341795,11898000
2026-04-21,97.88999938964844,98.4800033569336,92.69000244140624,92.98999786376952,92.98999786376952,31531500
2026-04-22,95.04000091552734,95.76000213623048,94.04000091552734,94.4800033569336,94.4800033569336,14371300
2026-04-23,93.33000183105467,94.0,90.1999969482422,92.19000244140624,92.19000244140624,27735600
2026-04-24,93.1500015258789,94.51000213623048,92.22000122070312,94.33999633789062,94.33999633789062,16967400
2026-04-27,93.41999816894533,93.47000122070312,92.12000274658205,92.58999633789062,92.58999633789062,12010100
2026-04-28,90.13999938964844,90.62999725341795,88.11000061035156,88.54000091552734,88.54000091552734,25303500
2026-04-29,87.11000061035156,87.6500015258789,85.93000030517578,86.22000122070312,86.22000122070312,20765700
2026-04-30,88.9000015258789,89.44000244140625,87.41999816894531,88.29000091552734,88.29000091552734,23142400
2026-05-01,87.70999908447266,89.06999969482422,87.0,87.11000061035156,87.11000061035156,12337300
2026-05-04,86.13999938964844,87.3499984741211,85.45999908447266,85.6500015258789,85.6500015258789,15612800
2026-05-05,87.27999877929688,87.69999694824219,85.72000122070312,85.80999755859375,85.80999755859375,11557600
2026-05-06,90.51000213623048,93.08000183105467,90.44000244140624,92.44000244140624,92.44000244140624,35115100
2026-05-07,94.8000030517578,96.11000061035156,91.62999725341795,91.72000122070312,91.72000122070312,26825800
2026-05-08,93.12999725341795,95.3000030517578,92.75,94.58999633789062,94.58999633789062,19426900
2026-05-11,95.33999633789062,98.73999786376952,95.29000091552734,97.5999984741211,97.5999984741211,24402800
2026-05-12,95.5999984741211,97.55999755859376,92.8499984741211,97.13999938964844,97.13999938964844,22283200
2026-05-13,96.08999633789062,97.1999969482422,94.63999938964844,96.2300033569336,96.2300033569336,12254800
2026-05-14,95.9000015258789,95.91000366210938,93.54000091552734,93.9499969482422,93.9499969482422,14371600
2026-05-15,89.5,89.55000305175781,86.83000183105469,87.3499984741211,87.3499984741211,38654700
2026-05-18,88.6500015258789,89.52999877929688,86.38999938964844,87.13999938964844,87.13999938964844,16998000
2026-05-19,85.55000305175781,85.5999984741211,83.3499984741211,83.77999877929688,83.77999877929688,21922200
2026-05-20,84.58000183105469,86.94000244140625,83.66999816894531,86.36000061035156,86.36000061035156,20430700
2026-05-21,84.45999908447266,87.66000366210938,84.11000061035156,85.98999786376953,85.98999786376953,17092600
2026-05-22,85.61000061035156,86.13999938964844,83.94999694824219,85.0199966430664,85.0199966430664,14638800
2026-05-26,87.04000091552734,88.56999969482422,86.93000030517578,88.5,88.5,21638800
2026-05-27,85.83999633789062,87.3499984741211,85.33999633789062,85.44000244140625,85.44000244140625,19392200
2026-05-28,84.52999877929688,88.0,83.31999969482422,87.18000030517578,87.18000030517578,20959900
2026-05-29,87.37999725341797,90.36000061035156,86.6500015258789,89.48999786376953,89.48999786376953,22277000
2026-06-01,86.44999694824219,87.55000305175781,84.37999725341797,86.68000030517578,86.68000030517578,26022900
2026-06-02,87.93000030517578,88.29000091552734,85.98999786376953,88.05000305175781,88.05000305175781,19269000
2026-06-03,86.51000213623047,86.93000030517578,84.94000244140625,85.0,85.0,18139600
2026-06-04,86.36000061035156,87.47000122070312,85.62999725341797,86.4000015258789,86.4000015258789,13420200
2026-06-05,83.80000305175781,83.8499984741211,78.77999877929688,78.83999633789062,78.83999633789062,44792000
2026-06-08,79.36000061035156,80.30000305175781,78.45999908447266,78.66999816894531,78.66999816894531,18567600
2026-06-09,79.5,80.2300033569336,75.02999877929688,77.58999633789062,77.58999633789062,24897100
2026-06-10,74.79000091552734,76.80000305175781,73.62999725341797,73.80999755859375,73.80999755859375,26414500
2026-06-11,73.98999786376953,78.18000030517578,73.7699966430664,77.72000122070312,77.72000122070312,34820800
2026-06-12,78.54000091552734,80.6500015258789,77.76000213623047,80.02999877929688,80.02999877929688,25560200
2026-06-15,85.41999816894531,86.87999725341797,84.70999908447266,85.2699966430664,85.2699966430664,34324500
2026-06-16,86.1500015258789,87.58999633789062,85.66000366210938,87.23999786376953,87.23999786376953,21635600
2026-06-17,87.19999694824219,89.98999786376953,84.29000091552734,84.36000061035156,84.36000061035156,49821500
2026-06-18,84.91000366210938,86.56999969482422,81.47000122070312,82.51000213623047,82.51000213623047,37180400
2026-06-22,80.41999816894531,81.66999816894531,80.13999938964844,81.44000244140625,81.44000244140625,17354800
2026-06-23,77.77999877929688,79.22000122070312,77.25,77.66000366210938,77.66000366210938,26808400
2026-06-24,74.19000244140625,76.4000015258789,73.69999694824219,74.58999633789062,74.58999633789062,30515800
2026-06-25,76.48999786376953,76.93000030517578,74.52999877929688,75.66999816894531,75.66999816894531,30958700
2026-06-26,76.66000366210938,78.48999786376953,76.19000244140625,77.0,77.0,22781600
2026-06-29,76.12999725341797,76.19999694824219,74.58999633789062,75.68000030517578,75.68000030517578,18075700
2026-06-30,75.38999938964844,75.93000030517578,73.88999938964844,75.44999694824219,75.44999694824219,16874800
2026-07-01,75.43000030517578,78.16000366210938,74.9800033569336,75.06999969482422,75.06999969482422,22382800
2026-07-02,77.70999908447266,79.19999694824219,76.77999877929688,78.43000030517578,78.43000030517578,29963500
2026-07-06,79.5199966430664,80.18000030517578,77.5,78.73999786376953,78.73999786376953,13977300
2026-07-07,78.3499984741211,78.79000091552734,75.12999725341797,75.76000213623047,75.76000213623047,20562000
2026-07-08,74.08999633789062,74.80999755859375,71.88999938964844,73.52999877929688,73.52999877929688,25642300
2026-07-09,75.1500015258789,76.05000305175781,74.31999969482422,75.77999877929688,75.77999877929688,16240900
2026-07-10,75.08999633789062,76.04000091552734,74.51000213623047,75.52999877929688,75.52999877929688,8140100
2026-07-13,74.0999984741211,74.63999938964844,72.83999633789062,73.37000274658203,73.37000274658203,20251200
2026-07-14,76.0999984741211,76.86000061035156,74.4800033569336,74.87999725341797,74.87999725341797,18329100
2026-07-15,74.44000244140625,75.29000091552734,72.63999938964844,74.0,74.0,14705400
2026-07-16,72.87999725341797,72.9000015258789,71.04000091552734,71.4000015258789,71.4000015258789,23823100
2026-07-17,70.4000015258789,71.93000030517578,69.73999786376953,71.31999969482422,71.31999969482422,18182100
2026-07-20,71.13999938964844,71.61000061035156,70.5199966430664,70.73999786376953,70.73999786376953,12353800
2026-07-21,72.44000244140625,74.2300033569336,72.11000061035156,74.19000244140625,74.19000244140625,18735200
2026-07-22,75.91999816894531,77.98999786376953,75.91999816894531,76.68000030517578,76.68000030517578,20428100
2026-07-23,74.44000244140625,75.36000061035156,73.8499984741211,75.0199966430664,75.0199966430664,16371400
2026-07-24,75.5,76.4800033569336,74.62000274658203,75.2300033569336,75.2300033569336,10693600
2026-07-27,76.20999908447266,76.55999755859375,74.25,75.7300033569336,75.7300033569336,11401200
2026-07-28,74.5,75.1500015258789,73.33000183105469,74.20999908447266,74.20999908447266,14266200
2026-07-29,73.94000244140625,76.02999877929688,72.18000030517578,73.56999969482422,73.56999969482422,25718800
2026-07-30,75.3499984741211,76.80999755859375,74.30000305175781,76.77999877929688,76.77999877929688,20321300
2026-07-31,74.87999725341797,75.31999969482422,72.91999816894531,74.0999984741211,74.0999984741211,17782700
2026-08-03,74.30999755859375,76.12000274658203,73.62000274658203,76.05000305175781,76.05000305175781,13804000
2026-08-04,77.61000061035156,78.86000061035156,77.01000213623047,77.91999816894531,77.91999816894531,20255600
2026-08-05,82.19999694824219,84.30999755859375,81.80999755859375,83.68000030517578,83.68000030517578,40684600
2026-08-06,82.44000244140625,84.4800033569336,82.18000030517578,83.91999816894531,83.91999816894531,25510600
2026-08-07,89.30999755859375,90.8000030517578,88.44000244140625,89.88999938964844,89.88999938964844,44624100
2026-08-10,88.9000015258789,90.75,87.43000030517578,90.48999786376952,90.48999786376952,22709800
2026-08-11,90.0,90.94000244140624,89.25,90.12000274658205,90.12000274658205,15322200
2026-08-12,92.58999633789062,92.66000366210938,90.37999725341795,90.95999908447266,90.95999908447266,18593300
2026-08-13,89.20999908447266,89.25,87.5199966430664,88.2699966430664,88.2699966430664,36716300
2026-08-14,89.63999938964844,91.0199966430664,89.36000061035156,89.97000122070312,89.97000122070312,15204300
2026-08-17,90.94000244140624,92.5999984741211,90.31999969482422,91.88999938964844,91.88999938964844,17103700
2026-08-18,90.54000091552734,91.20999908447266,88.77999877929688,88.94999694824219,88.94999694824219,22466000
2026-08-19,94.02999877929688,97.47000122070312,93.80999755859376,97.33000183105467,97.33000183105467,44388800
2026-08-20,96.31999969482422,100.33000183105467,96.3000030517578,99.8499984741211,99.8499984741211,33388100
2026-08-21,102.6500015258789,103.25,101.7699966430664,102.83000183105467,102.83000183105467,33601600
2026-08-24,103.9800033569336,104.66000366210938,101.52999877929688,103.54000091552734,103.54000091552734,22815300
2026-08-25,101.94000244140624,105.66999816894533,101.8000030517578,105.5199966430664,105.5199966430664,26039900
2026-08-26,103.37000274658205,104.16000366210938,102.30999755859376,102.41999816894533,102.41999816894533,23884500
2026-08-27,102.13999938964844,104.11000061035156,101.69000244140624,103.69000244140624,103.69000244140624,16851400
2026-08-28,104.23999786376952,104.77999877929688,98.69000244140624,99.6500015258789,99.6500015258789,41059500
2026-08-31,99.27999877929688,99.63999938964844,96.98999786376952,98.51000213623048,98.51000213623048,17583100
2026-09-01,95.16000366210938,98.26000213623048,94.48999786376952,94.66999816894533,94.66999816894533,31351700
2026-09-02,96.95999908447266,98.76000213623048,96.3000030517578,97.62999725341795,97.62999725341795,22553300
2026-09-03,100.68000030517578,101.70999908447266,99.05999755859376,101.48999786376952,101.48999786376952,29159600
2026-09-04,98.75,100.0999984741211,98.01000213623048,99.26000213623048,99.26000213623048,21521700
2026-09-08,98.88999938964844,100.3000030517578,98.37000274658205,98.41000366210938,98.41000366210938,12532800
2026-09-09,100.45999908447266,101.4800033569336,98.69000244140624,99.47000122070312,99.47000122070312,15094200
2026-09-10,96.52999877929688,97.44000244140624,95.62000274658205,96.02999877929688,96.02999877929688,21940300
2026-09-11,98.20999908447266,99.08000183105467,96.2300033569336,97.0999984741211,97.0999984741211,14303700
2026-09-14,93.93000030517578,95.08000183105467,92.8499984741211,94.13999938964844,94.13999938964844,24390200
2026-09-15,94.62000274658205,94.75,92.8499984741211,,,13881796
2026-09-16,95.9800033569336,95.9800033569336,91.19000244140624,92.8000030517578,92.8000030517578,26974900
2026-09-17,95.8499984741211,96.68000030517578,94.4499969482422,,,21049595
2026-09-18,96.1500015258789,96.20999908447266,94.2300033569336,,,18439688
2026-09-21,95.80999755859376,95.91000366210938,93.70500183105467,,,15308726
2026-09-22,94.51000213623048,98.36499786376952,94.5,,,20805430
2026-09-23,95.18489837646484,95.2699966430664,93.0749969482422,,,27772706
2026-09-24,92.5199966430664,92.63999938964844,90.8499984741211,,,21433979
