date,open,high,low,close,adj_close,volume
1999-03-10,51.125,51.15625,50.28125,51.0625,43.027061462402344,5232000
1999-03-11,51.4375,51.734375,50.3125,51.3125,43.237693786621094,9688600
1999-03-12,51.125,51.15625,49.65625,50.0625,42.184425354003906,8743600
1999-03-15,50.4375,51.5625,49.90625,51.5,43.395721435546875,6369000
1999-03-16,51.71875,52.15625,51.15625,51.9375,43.76435852050781,4905800
1999-03-17,51.9375,52.0,51.40625,51.5625,43.44838333129883,3965000
1999-03-18,51.5,52.59375,51.484375,52.5625,44.29099655151367,4848400
1999-03-19,53.25,53.25,51.1875,51.21875,43.158714294433594,7160400
1999-03-22,51.4375,51.5625,50.5,50.59375,42.63207244873047,5024800
1999-03-23,50.3125,50.5,48.71875,48.8125,41.131134033203125,10962400
1999-03-24,49.25,50.5,48.5,50.46875,42.52674102783203,8447000
1999-03-25,51.25,52.3125,50.9140625,52.3125,44.08032989501953,8133800
1999-03-26,51.875,52.46875,51.53125,51.75,43.606353759765625,8256200
1999-03-29,52.375,53.65625,52.0625,53.625,45.186302185058594,5113800
1999-03-30,53.5625,54.0,53.03125,53.25,44.870323181152344,4940600
1999-03-31,54.125,54.1875,52.3125,52.46875,44.21201705932617,8256600
1999-04-01,54.0,54.0625,52.6875,53.5625,45.13364791870117,8715800
1999-04-05,54.4296875,55.578125,54.09375,55.5,46.7662353515625,5697200
1999-04-06,55.4375,56.21875,54.96875,55.609375,46.8584098815918,7522400
1999-04-07,56.125,56.25,53.84375,55.03125,46.37125015258789,11923600
1999-04-08,54.9375,55.734375,53.8125,55.46875,46.739906311035156,7952400
1999-04-09,55.375,55.9375,55.21875,55.8125,47.0295524597168,4946800
1999-04-12,54.5,55.8125,54.4375,55.4375,46.71359634399414,10934000
1999-04-13,55.78125,55.90625,54.25,54.6875,46.081600189208984,9962200
1999-04-14,55.375,55.4375,52.5078125,52.8125,44.501670837402344,21253800
1999-04-15,53.0,53.6171875,51.125,53.53125,45.1073112487793,17650600
1999-04-16,53.40625,53.40625,51.6875,51.96875,43.790687561035156,17274000
1999-04-19,52.3125,52.75,49.0078125,49.53125,41.73676681518555,19460600
1999-04-20,49.3125,51.0625,48.84375,50.65625,42.68473815917969,17413600
1999-04-21,51.125,53.1875,50.4375,53.15625,44.791316986083984,10940400
1999-04-22,53.65625,54.75,53.3046875,54.59375,46.00259780883789,13630600
1999-04-23,54.3125,55.71875,53.75,55.3125,46.60824203491211,7064400
1999-04-26,55.6875,57.0,55.5078125,56.5859375,47.68130111694336,5421000
1999-04-27,57.0,57.28125,55.0078125,55.71875,46.950557708740234,16482800
1999-04-28,55.25,55.4375,53.5703125,53.8125,45.344295501708984,7676800
1999-04-29,53.5625,53.875,52.25,53.375,44.97565841674805,19148200
1999-04-30,54.125,54.40625,51.8125,53.71875,45.26530075073242,15295200
1999-05-03,53.5625,53.78125,52.5390625,53.4375,45.02830505371094,11109800
1999-05-04,53.53125,54.375,52.28125,52.59375,44.317352294921875,15428400
1999-05-05,52.625,54.1875,51.03125,54.1875,45.66029357910156,12642600
1999-05-06,53.6875,54.15625,51.71875,52.21875,44.00135803222656,15173400
1999-05-07,52.6875,53.125,51.5625,52.96875,44.633323669433594,16430400
1999-05-10,53.3125,53.859375,52.6875,53.5,45.08098602294922,10604200
1999-05-11,53.9375,54.625,53.625,54.34375,45.791961669921875,8800800
1999-05-12,54.59375,55.65625,53.0,55.46875,46.739906311035156,12507400
1999-05-13,55.90625,56.0,54.1875,54.4375,45.87094497680664,9864000
1999-05-14,53.375,54.0,53.0,53.40625,45.001976013183594,12205400
1999-05-17,52.9375,54.53125,52.4140625,54.3671875,45.81171798706055,9906800
1999-05-18,54.3125,54.625,53.5,54.125,45.607627868652344,9267800
1999-05-19,54.34375,54.90625,53.5,54.875,46.239593505859375,7985600
1999-05-20,54.9921875,54.9921875,53.28125,53.3671875,44.96907424926758,5997200
1999-05-21,53.53125,53.6875,52.59375,52.875,44.554317474365234,10958600
1999-05-24,52.96875,53.0625,51.1875,51.53125,43.42203903198242,9569800
1999-05-25,51.46875,52.21875,49.625,49.84375,42.000091552734375,17771200
1999-05-26,50.5,51.4375,48.9375,51.234375,43.17188262939453,26772000
1999-05-27,51.03125,51.9296875,50.375,51.1875,43.132381439208984,23334800
1999-05-28,51.5,52.3125,50.84375,52.03125,43.843345642089844,12969800
1999-06-01,51.9375,52.1875,50.59375,50.875,42.86906814575195,6960200
1999-06-02,50.84375,52.0,49.5703125,51.734375,43.59321212768555,11996600
1999-06-03,52.125,52.125,50.6875,51.0,42.97439956665039,11147800
1999-06-04,51.375,52.7421875,51.375,52.5625,44.29099655151367,12987200
1999-06-07,52.9296875,53.9921875,52.8125,53.65625,45.21265411376953,11491800
1999-06-08,53.78125,54.03125,52.0390625,52.3125,44.08032989501953,8134800
1999-06-09,52.5,53.3359375,52.46875,53.1875,44.81766128540039,8384400
1999-06-10,52.625,52.9375,51.9453125,52.578125,44.3041877746582,9392400
1999-06-11,52.9375,52.9921875,51.3125,51.78125,43.63269805908203,16567600
1999-06-14,51.96875,51.96875,50.6875,50.8046875,42.809810638427734,14136800
1999-06-15,50.9296875,51.8671875,50.78125,51.5625,43.44838333129883,9147800
1999-06-16,52.84375,54.2109375,52.78125,54.2109375,45.68003845214844,15060200
1999-06-17,53.5,55.0625,53.5,54.8125,46.18693923950195,16278200
1999-06-18,54.3125,55.21875,54.21875,55.0625,46.39759063720703,5392800
1999-06-21,55.4375,56.7421875,55.34375,56.7109375,47.78662109375,10565200
1999-06-22,56.375,57.09375,55.0,55.0,46.34491729736328,10862800
1999-06-23,55.0078125,56.0,54.65625,55.8671875,47.07563400268555,9607000
1999-06-24,55.84375,55.875,54.5,54.7578125,46.1408576965332,14988800
1999-06-25,55.125,55.5625,54.1875,54.6875,46.081600189208984,8635600
1999-06-28,55.15625,56.0625,54.703125,55.984375,47.174400329589844,7666200
1999-06-29,55.9375,56.96875,55.65625,56.75,47.81953430175781,9000400
1999-06-30,56.8046875,59.9375,56.1328125,57.625,48.556846618652344,19467600
1999-07-01,57.8125,58.34375,56.8125,58.015625,48.88600540161133,6822600
1999-07-02,58.0,58.8125,58.0,58.75,49.504798889160156,3302000
1999-07-06,59.0625,59.65625,58.0625,58.375,49.18881607055664,8794800
1999-07-07,58.34375,58.71875,57.9375,58.46875,49.267822265625,10520000
1999-07-08,58.46875,59.4921875,58.1875,59.25,49.92612075805664,11225000
1999-07-09,59.46875,59.90625,59.03125,59.84375,50.42643737792969,4206800
1999-07-12,60.0625,60.375,59.1875,59.53125,50.16312026977539,7816200
1999-07-13,59.25,59.46875,58.78125,59.25,49.92612075805664,6230000
1999-07-14,59.84375,60.375,59.0,60.2578125,50.775367736816406,6909400
1999-07-15,60.46875,60.8125,60.1328125,60.8125,51.242759704589844,6539800
1999-07-16,60.84375,61.71875,60.8203125,61.375,51.71672439575195,4913800
1999-07-19,61.625,61.625,60.5078125,60.75,51.190101623535156,6833000
1999-07-20,60.0078125,60.09375,58.25,58.40625,49.21515655517578,14837400
1999-07-21,58.53125,59.1953125,58.0625,58.6875,49.4521369934082,10980400
1999-07-22,58.6875,58.6875,57.03125,57.1953125,48.19477462768555,15148400
1999-07-23,57.625,57.8671875,56.6875,57.28125,48.26719284057617,12115000
1999-07-26,56.5,57.125,55.78125,55.875,47.08223342895508,10720000
1999-07-27,57.0,57.875,56.515625,57.0,48.03020095825195,13732800
1999-07-28,57.6875,58.4375,56.9453125,58.1171875,48.971595764160156,10161800
1999-07-29,57.03125,57.5,56.3125,56.875,47.92488098144531,13033800
1999-07-30,57.125,57.75,56.5078125,56.59375,47.6878776550293,10947400
1999-08-02,56.6875,57.8125,56.21875,56.4375,47.55622863769531,9642400
1999-08-03,57.2109375,57.21875,55.25,56.0703125,47.24683380126953,13005000
1999-08-04,56.0703125,56.4921875,55.0078125,55.0546875,46.39101028442383,13227600
1999-08-05,55.0625,55.9296875,53.75,55.9296875,47.128326416015625,18695200
1999-08-06,55.53125,56.5625,54.9375,55.328125,46.62142562866211,12392200
1999-08-09,55.53125,55.6875,54.5078125,54.6171875,46.02235794067383,7983400
1999-08-10,54.46875,54.8671875,52.9375,54.125,45.607627868652344,16767200
1999-08-11,55.09375,56.0,54.265625,55.90625,47.10856628417969,13101400
1999-08-12,56.125,56.5,55.125,55.25,46.55558776855469,12715000
1999-08-13,56.40625,57.71875,56.3125,57.65625,48.58319091796875,14342600
1999-08-16,57.625,58.3125,57.25,58.1171875,48.971595764160156,11470600
1999-08-17,58.625,58.6875,57.34375,58.40625,49.21515655517578,11408400
1999-08-18,58.125,58.84375,57.53125,57.75,48.66218185424805,7035200
1999-08-19,57.21875,57.625,56.6953125,57.0625,48.08287048339844,10157800
1999-08-20,57.125,57.96875,56.8125,57.96875,48.84650802612305,6920800
1999-08-23,58.5,59.8125,58.3671875,59.8125,50.40010452270508,9652000
1999-08-24,59.375,60.875,59.2578125,60.21875,50.742431640625,13891400
1999-08-25,60.59375,61.75,59.9375,61.5,51.82206726074219,11352000
1999-08-26,61.5,61.71875,60.3828125,60.4765625,50.959686279296875,9753000
1999-08-27,60.9296875,60.9375,59.71875,59.875,50.45276641845703,9635400
1999-08-30,60.125,60.3125,58.875,59.03125,49.74179458618164,10141600
1999-08-31,59.4375,60.0625,58.125,59.6875,50.29479217529297,14590400
1999-09-01,60.0625,60.625,59.6875,60.1171875,50.65684509277344,10752000
1999-09-02,59.0,60.21875,58.875,59.90625,50.479103088378906,14583200
1999-09-03,61.625,62.6796875,61.40625,62.65625,52.796356201171875,14195400
1999-09-07,62.53125,63.15625,62.28125,62.375,52.55936813354492,9009000
1999-09-08,62.0,62.625,61.03125,61.53125,51.8484001159668,14303400
1999-09-09,61.5625,62.5625,61.25,62.40625,52.5857048034668,12677600
1999-09-10,63.25,63.7421875,62.53125,63.125,53.19133377075195,10251000
1999-09-13,63.0625,63.1875,62.03125,62.3671875,52.552772521972656,7240800
1999-09-14,62.125,63.1484375,62.0,62.7109375,52.84245300292969,10022600
1999-09-15,63.4921875,63.4921875,61.4375,61.5,51.82206726074219,16096000
1999-09-16,61.46875,62.03125,60.1953125,61.46875,51.79573059082031,15371000
1999-09-17,62.03125,63.4375,61.9375,63.3125,53.349327087402344,14506400
1999-09-20,63.5,63.75,63.03125,63.4609375,53.47441482543945,6187200
1999-09-21,62.90625,63.03125,61.7578125,61.9375,52.19071578979492,12265800
1999-09-22,62.03125,62.921875,61.28125,62.59375,52.74367904663086,12441800
1999-09-23,63.25,63.375,59.6328125,60.0,50.55811309814453,19766000
1999-09-24,59.625,60.3125,58.625,60.078125,50.62394714355469,23570800
1999-09-27,60.9375,61.375,60.3125,60.5,50.979434967041016,12608800
1999-09-28,60.1953125,61.0,58.90625,60.78125,51.2164192199707,20622000
1999-09-29,60.78125,61.21875,59.5625,59.5625,50.18946075439453,15557000
1999-09-30,60.125,60.8125,59.375,60.1875,50.71611404418945,17604200
1999-10-01,59.375,60.2109375,58.75,60.2109375,50.73583984375,19607400
1999-10-04,60.53125,61.78125,60.1875,61.5625,51.87472152709961,12434200
1999-10-05,61.78125,62.75,60.6875,62.0,52.24338150024414,19526400
1999-10-06,62.375,63.3359375,61.4296875,63.2421875,53.29008102416992,19098200
1999-10-07,63.59375,63.8984375,62.625,63.09375,53.165016174316406,22013600
1999-10-08,62.84375,63.9375,62.0,63.7578125,53.724552154541016,22523200
1999-10-11,63.9375,64.6875,63.78125,64.65625,54.48160934448242,13016000
1999-10-12,64.4375,64.953125,63.0,63.1875,53.2440185546875,20182800
1999-10-13,62.46875,63.21875,61.0625,61.3125,51.66405487060547,22570600
1999-10-14,61.53125,62.125,60.53125,61.6953125,51.98664855957031,22130400
1999-10-15,60.125,61.0,59.5078125,59.875,50.45276641845703,33703000
1999-10-18,59.9375,60.15625,57.4140625,59.1171875,49.8142204284668,24714800
1999-10-19,59.7578125,60.0625,58.4375,59.4375,50.08412170410156,26657200
1999-10-20,60.34375,61.7421875,59.75,61.25,51.61140823364258,22486400
1999-10-21,60.25,62.25,59.8125,62.25,52.45402908325195,22454800
1999-10-22,62.6171875,63.25,61.75,61.96875,52.21706771850586,16589400
1999-10-25,61.6875,62.6796875,61.4375,62.0,52.24338150024414,13855400
1999-10-26,62.75,63.09375,61.375,61.5,51.82206726074219,13542400
1999-10-27,61.34375,61.625,60.4453125,61.40625,51.743064880371094,15225200
1999-10-28,62.375,63.75,61.8125,63.53125,53.53365707397461,14103800
1999-10-29,65.0,66.25,64.78125,65.75,55.403263092041016,19000000
1999-11-01,65.75,66.53125,65.3203125,65.40625,55.113616943359375,9681800
1999-11-02,65.75,66.5625,65.1953125,65.4453125,55.146514892578125,12834800
1999-11-03,66.375,67.125,66.1875,66.75,56.24589538574219,18752600
1999-11-04,67.6796875,67.8125,66.78125,67.5,56.87786102294922,20048600
1999-11-05,68.875,69.21875,68.1875,68.1875,57.457183837890625,15134600
1999-11-08,68.4375,69.8046875,68.21875,69.5625,58.61582946777344,10890800
1999-11-09,70.125,70.25,68.5,69.09375,58.22083282470703,14629800
1999-11-10,69.125,70.59375,68.8125,70.0,58.984466552734375,16561000
1999-11-11,70.75,71.34375,70.125,71.25,60.03773880004883,18501400
1999-11-12,71.625,72.25,69.375,72.1875,60.82769775390625,28646600
1999-11-15,72.25,72.5,71.6875,72.046875,60.7092399597168,10909400
1999-11-16,72.3125,74.21875,72.0,73.875,62.24970245361328,19126400
1999-11-17,73.875,74.1953125,72.5,72.875,61.407039642333984,21683600
1999-11-18,73.375,75.109375,72.9375,75.109375,63.289772033691406,17738400
1999-11-19,74.78125,75.90625,74.5,75.78125,63.85594177246094,17939400
1999-11-22,75.9375,77.5,74.625,74.625,62.88163757324219,18841800
1999-11-23,76.4375,76.5,74.25,74.96875,63.17130661010742,24047600
1999-11-24,75.1875,77.7421875,74.40625,77.4375,65.2515640258789,18617800
1999-11-26,78.40625,78.78125,77.375,77.6875,65.46222686767578,8045200
1999-11-29,77.53125,78.1875,76.3125,76.40625,64.38256072998047,20485200
1999-11-30,76.5625,76.6875,73.5,73.5,61.93365478515625,23702400
1999-12-01,74.3125,75.46875,73.75,75.09375,63.27662658691406,23205800
1999-12-02,75.375,77.625,75.328125,77.4765625,65.28443908691406,17229200
1999-12-03,79.3125,80.1875,78.90625,79.125,66.67351531982422,21444600
1999-12-06,79.4296875,80.5,78.6875,79.84375,67.2791519165039,16018400
1999-12-07,80.09375,80.40625,78.8359375,79.84375,67.2791519165039,23397000
1999-12-08,79.8671875,80.4921875,78.6875,78.875,66.46285247802734,19563000
1999-12-09,80.0,80.4375,77.25,79.25,66.77885437011719,28445400
1999-12-10,79.90625,80.1875,78.125,79.90625,67.33181762695312,20428400
1999-12-13,79.6328125,81.3359375,79.28125,80.9921875,68.24684143066406,16209200
1999-12-14,80.75,81.21875,79.0,79.53125,67.01580810546875,27760200
1999-12-15,78.625,81.0625,77.9375,81.0625,68.3061294555664,31797200
1999-12-16,82.125,83.25,81.75,83.0625,69.99137115478516,27219600
1999-12-17,84.5,84.875,83.4296875,83.78125,70.59697723388672,23892400
1999-12-20,84.40625,85.25,83.6875,84.875,71.51864624023438,15392000
1999-12-21,85.125,89.4375,84.640625,89.4375,75.36316680908203,26003800
1999-12-22,89.1875,89.3125,87.4375,89.15625,75.12620544433594,22313600
1999-12-23,89.8671875,90.75,89.0,90.21875,76.021484375,17543600
1999-12-27,90.3125,90.34375,87.90625,89.6875,75.57384490966797,19281800
1999-12-28,89.75,90.5,88.5625,89.125,75.09984588623047,15346400
1999-12-29,90.0,92.5,89.875,92.5,77.94369506835938,16512600
1999-12-30,93.625,93.75,91.5,91.5,77.10110473632812,21887000
1999-12-31,92.625,93.1875,91.375,91.375,76.99576568603516,14464400
2000-01-03,96.1875,96.1875,90.75,94.75,79.83969116210938,36345200
2000-01-04,92.0,93.5,87.9375,88.25,74.36254119873047,33786600
2000-01-05,87.5,89.625,84.25,86.0,72.46661376953125,42496600
2000-01-06,86.875,88.0,79.75,80.09375,67.48983001708984,37134800
2000-01-07,82.9375,90.0,82.5,90.0,75.83715057373047,28138200
2000-01-10,91.0,93.9375,89.9375,92.5,77.94369506835938,29675600
2000-01-11,91.75,92.875,87.0,88.0,74.15189361572266,32546600
2000-01-12,89.0,89.2421875,86.0,86.0625,72.5192642211914,29050000
2000-01-13,88.5,91.5,87.078125,91.25,76.89046478271484,25165200
2000-01-14,93.0,93.625,92.0,93.375,78.68104553222656,21898600
2000-01-18,92.0625,94.4375,91.4375,93.875,79.10240173339844,16752400
2000-01-19,93.4921875,96.0,92.4296875,96.0,80.89299774169922,19006000
2000-01-20,95.5,96.875,94.0078125,95.0625,80.10299682617188,25958000
2000-01-21,96.5,96.5625,95.0625,96.25,81.1036376953125,18698200
2000-01-24,97.4375,97.625,90.96875,91.625,77.2064208984375,28340400
2000-01-25,91.875,94.1171875,89.40625,93.0,78.36505126953125,33276200
2000-01-26,93.25,93.3125,89.0,89.25,75.20519256591797,23095600
2000-01-27,91.75,92.5,87.625,90.5625,76.3111572265625,30739200
2000-01-28,90.0,90.46875,84.75,86.0,72.46661376953125,35313800
2000-01-31,85.875,90.0,83.5,89.6875,75.57384490966797,36014600
2000-02-01,89.53125,92.5,88.4375,92.09375,77.60142517089844,26417600
2000-02-02,92.25,94.71875,92.09375,92.875,78.25970458984375,26169200
2000-02-03,94.3125,96.625,92.28125,96.5,81.31427001953125,30579800
2000-02-04,97.0,98.2421875,96.21875,97.15625,81.86724853515625,26640000
2000-02-07,97.25,98.625,96.25,98.5,82.99957275390625,17761000
2000-02-08,99.375,102.875,99.375,102.625,86.47538757324219,21999400
2000-02-09,102.0625,102.1953125,98.75,99.0,83.4208984375,27258200
2000-02-10,99.8125,102.25,98.5546875,102.25,86.15940856933594,26341600
2000-02-11,102.0625,102.0625,98.0,99.875,84.158203125,24876000
2000-02-14,99.9921875,100.0,97.75,99.75,84.05284881591797,22814600
2000-02-15,98.9375,100.625,95.875,100.46875,84.65847778320312,30572800
2000-02-16,99.90625,101.6875,99.3125,100.0,84.26354217529297,25310600
2000-02-17,101.1875,103.25,99.625,102.125,86.05412292480469,30080200
2000-02-18,102.625,103.0,98.4375,98.4375,82.94690704345703,25271200
2000-02-22,99.0,99.9375,96.25,98.75,83.2102279663086,37226200
2000-02-23,99.6796875,105.0,99.15625,104.25,87.84471893310547,32170800
2000-02-24,104.875,106.8046875,102.0,106.5,89.74064636230469,48868200
2000-02-25,106.1875,107.5,103.875,104.0625,87.68669128417969,32617600
2000-02-28,103.25,105.6875,100.5,104.0,87.63407135009766,38216200
2000-02-29,105.75,107.09375,104.9375,106.75,89.9513168334961,23978600
2000-03-01,107.25,108.5625,106.5,107.625,90.68859100341797,24468400
2000-03-02,108.0625,108.1875,104.75,105.1328125,88.5886001586914,32739200
2000-03-03,108.0,111.125,107.0,111.0625,93.58515930175781,32017200
2000-03-06,111.75,113.21875,110.25,111.9375,94.32246398925781,23268400
2000-03-07,113.8125,113.875,108.75,110.25,92.9005355834961,39471000
2000-03-08,111.0,112.0,106.28125,111.25,93.7431640625,43512600
2000-03-09,111.21875,115.5,109.09375,115.0,96.9030532836914,30101400
2000-03-10,114.875,116.4375,113.5078125,114.5,96.48172760009766,29750600
2000-03-13,110.0,114.125,109.53125,111.5,93.95379638671875,37544200
2000-03-14,112.75,113.375,105.0,107.375,90.47795104980469,39106800
2000-03-15,106.5,107.0,101.875,102.875,86.68607330322266,51202600
2000-03-16,105.375,109.25,101.0,108.75,91.63652801513672,55282200
2000-03-17,108.0,111.0625,107.9375,110.8125,93.37452697753906,31422400
2000-03-20,111.0,111.5,106.25,107.6875,90.74125671386719,21167200
2000-03-21,106.125,111.9375,103.5625,111.75,94.16446685791016,33435100
2000-03-22,113.5,115.96875,111.125,114.0,96.0604019165039,24370200
2000-03-23,114.484375,117.75,113.5625,116.0,97.74568939208984,19227400
2000-03-24,117.484375,120.5,115.015625,117.5625,99.06227111816406,22063000
2000-03-27,118.0,119.5,117.125,117.75,99.22025299072266,11752600
2000-03-28,116.984375,117.8125,113.125,114.75,96.6923828125,18336300
2000-03-29,115.375,115.4375,110.0,110.0,92.68983459472656,27189500
2000-03-30,107.25,112.75,103.5,107.25,90.37260437011719,42328700
2000-03-31,108.140625,110.625,104.0,109.5,92.2685317993164,31349900
2000-04-03,107.765625,109.125,100.75,102.9375,86.73876190185547,31551300
2000-04-04,103.625,103.9375,88.3125,101.9375,85.89613342285156,66213000
2000-04-05,97.5,103.9375,96.25,100.125,84.36885070800781,37631500
2000-04-06,102.375,103.875,99.75,102.5,86.37012481689453,30499900
2000-04-07,104.125,107.375,102.625,106.625,89.84593200683594,20645500
2000-04-10,107.625,107.6875,99.25,100.125,84.36885070800781,26988200
2000-04-11,97.125,101.5,95.0625,97.75,82.36758422851562,34497100
2000-04-12,97.625,98.75,90.25,92.0,77.52243041992188,34824400
2000-04-13,92.8125,96.0,88.0,88.0,74.15189361572266,46330500
2000-04-14,86.0625,88.5,78.0,80.375,67.7268295288086,60851300
2000-04-17,78.015625,90.0,78.0,89.625,75.52115631103516,55398500
2000-04-18,89.484375,93.0,87.375,92.0,77.52243041992188,36260900
2000-04-19,92.5,93.625,89.0625,89.1875,75.15251922607422,28082500
2000-04-20,90.375,90.96875,86.0625,87.25,73.5198974609375,21255600
2000-04-24,83.4375,85.25,79.875,84.75,71.41328430175781,31190900
2000-04-25,86.5,90.5,86.0,90.46875,76.2321548461914,28663200
2000-04-26,90.625,92.421875,87.125,87.375,73.625244140625,25688300
2000-04-27,84.0,92.484375,82.25,91.25,76.89046478271484,37010400
2000-04-28,93.5625,94.75,92.125,94.75,79.83969116210938,24828400
2000-05-01,95.75,96.875,94.25,95.625,80.57695770263672,23205700
2000-05-02,94.875,95.625,89.75,90.125,75.94246673583984,20307900
2000-05-03,89.5,90.25,85.515625,89.125,75.09984588623047,26589700
2000-05-04,89.0,90.75,87.625,89.3125,75.2578353881836,17750700
2000-05-05,88.125,92.3125,88.03125,91.4375,77.04844665527344,20571200
2000-05-08,90.5,90.75,87.75,87.875,74.04657745361328,13903000
2000-05-09,88.5,89.125,84.3125,86.0,72.46661376953125,19825800
2000-05-10,84.375,84.984375,79.5,79.75,67.20014953613281,34847500
2000-05-11,82.75,85.25,80.875,84.625,71.30801391601562,24709700
2000-05-12,85.375,87.5625,84.0,84.625,71.30801391601562,17832000
2000-05-15,84.8125,88.625,82.625,88.3125,74.41519165039062,17950800
2000-05-16,90.0,91.5,88.0625,90.8125,76.52182006835938,23758800
2000-05-17,89.25,90.5,87.75,88.9375,74.94183349609375,20339400
2000-05-18,89.0,89.359375,85.375,85.75,72.25595092773438,19063000
2000-05-19,83.75,85.0,81.3125,81.6875,68.8327407836914,28178100
2000-05-22,81.625,82.25,75.578125,81.625,68.78006744384766,43879800
2000-05-23,81.375,82.625,74.25,74.8125,63.03965759277344,31898500
2000-05-24,75.0,79.875,72.25,79.5,66.9894790649414,49476000
2000-05-25,80.25,82.25,76.5,77.75,65.514892578125,29632700
2000-05-26,77.75,79.25,75.75,77.75,65.514892578125,18203200
2000-05-30,80.0,85.9375,80.0,85.5625,72.09793853759766,31590400
2000-05-31,84.46875,86.671875,82.75,83.125,70.0440444946289,29675400
2000-06-01,85.1875,88.375,84.0,87.375,73.625244140625,28993500
2000-06-02,92.625,93.9375,82.5,93.625,78.89171600341797,31677200
2000-06-05,92.25,95.3125,91.875,93.859375,79.08922576904297,23784300
2000-06-06,93.1875,95.0,90.875,91.25,76.89046478271484,23200500
2000-06-07,91.5625,94.0,89.5625,93.6875,78.94440460205078,22524400
2000-06-08,94.625,94.875,91.625,93.25,78.57575225830078,19313800
2000-06-09,94.75,94.75,93.0,93.75,78.99703216552734,17014600
2000-06-12,94.3125,94.3125,90.0,90.75,76.46910858154297,16484700
2000-06-13,90.5,94.625,89.359375,94.25,79.41836547851562,25187900
2000-06-14,94.875,94.875,91.5,92.125,77.62777709960938,20274500
2000-06-15,91.875,93.875,90.875,93.75,78.99703216552734,18807800
2000-06-16,94.75,95.3125,93.0625,94.25,79.41836547851562,21203400
2000-06-19,94.015625,98.25,92.6875,98.0,82.57823181152344,20042500
2000-06-20,98.25,99.6875,97.1875,97.625,82.26226806640625,20988300
2000-06-21,96.8125,99.71875,96.6875,98.875,83.3155517578125,20880600
2000-06-22,98.625,99.0,94.5,95.25,80.2610092163086,21526700
2000-06-23,95.0,95.5,91.375,91.5,77.10110473632812,24888100
2000-06-26,93.0625,94.421875,92.0,94.0,79.20767974853516,22169200
2000-06-27,93.765625,95.0625,92.375,92.875,78.25970458984375,14786000
2000-06-28,92.984375,95.5,92.5,94.0,79.20767974853516,19259800
2000-06-29,92.9375,93.375,90.625,91.640625,77.2196273803711,21355800
2000-06-30,91.8125,93.953125,91.3125,93.4375,78.73371887207031,15153100
2000-07-03,93.5,95.25,93.25,95.25,80.2610092163086,5212000
2000-07-05,93.625,93.96875,90.875,91.5625,77.15373229980469,16489000
2000-07-06,91.5625,94.75,90.0625,94.0,79.20767974853516,23594700
2000-07-07,95.0,97.0,94.4375,95.9375,80.84031677246094,16603200
2000-07-10,94.6875,95.875,94.0,94.484375,79.61582946777344,12659400
2000-07-11,94.0625,95.75,92.8125,95.0,80.05033111572266,14374600
2000-07-12,95.4375,97.75,94.625,97.25,81.94623565673828,18252600
2000-07-13,97.9375,99.75,97.125,98.5,82.99957275390625,19566700
2000-07-14,100.25,101.125,98.8125,100.625,84.79016876220703,17219400
2000-07-17,100.9375,102.0625,99.875,101.75,85.7381362915039,13140500
2000-07-18,100.375,100.78125,98.359375,99.5,83.84217071533203,20684000
2000-07-19,98.3125,98.9375,95.65625,97.25,81.94623565673828,21828500
2000-07-20,97.875,100.5,97.265625,100.375,84.57948303222656,19521200
2000-07-21,98.4375,99.515625,97.0,97.0,81.73562622070312,14411400
2000-07-24,97.9375,99.0,94.25,95.0,80.05033111572266,18579200
2000-07-25,95.625,97.0,93.8125,95.75,80.6822738647461,19065700
2000-07-26,95.5,96.125,93.25,95.625,80.57695770263672,20318700
2000-07-27,93.9375,95.0625,91.5625,91.875,77.41715240478516,26141800
2000-07-28,92.1875,92.875,86.0,86.875,73.20393371582031,36485600
2000-07-31,87.625,90.125,85.71875,89.4375,75.36316680908203,27609900
2000-08-01,89.8125,89.984375,87.6875,88.25,74.36254119873047,15751800
2000-08-02,87.875,90.390625,86.5,86.6875,73.04595947265625,23578200
2000-08-03,84.25,91.25,83.3125,90.4375,76.20584106445312,35874700
2000-08-04,92.0,92.765625,89.125,90.125,75.94246673583984,22283400
2000-08-07,90.875,93.03125,90.25,92.25,77.73310089111328,15103300
2000-08-08,92.0625,94.25,91.5,94.125,79.31305694580078,14832300
2000-08-09,93.6875,94.4375,91.375,91.625,77.2064208984375,18649800
2000-08-10,91.8125,92.234375,89.5,89.8125,75.6791763305664,15336200
2000-08-11,89.25,91.109375,87.875,91.0625,76.7324447631836,21050600
2000-08-14,91.375,93.0,90.203125,93.0,78.36505126953125,12539300
2000-08-15,92.75,93.984375,92.0,93.0,78.36505126953125,14090300
2000-08-16,93.4375,94.6875,92.0,93.9375,79.15503692626953,15245300
2000-08-17,92.9375,95.875,92.875,95.75,80.6822738647461,14492400
2000-08-18,95.9375,96.625,94.6875,95.25,80.2610092163086,14706700
2000-08-21,96.0,96.859375,94.375,95.5,80.4716567993164,13560100
2000-08-22,96.0,97.359375,95.265625,95.5,80.4716567993164,14878200
2000-08-23,94.6875,97.4375,93.828125,97.0625,81.78824615478516,21396400
2000-08-24,97.4375,98.6875,96.0625,98.5625,83.0522232055664,13567700
2000-08-25,98.484375,99.953125,97.0,98.03125,82.60455322265625,11764700
2000-08-28,98.25,99.84375,97.9375,98.5,82.99957275390625,12314200
2000-08-29,98.625,99.171875,97.859375,99.0,83.4208984375,11162800
2000-08-30,98.3125,99.5,97.765625,98.875,83.3155517578125,10545300
2000-08-31,99.625,102.0,98.875,101.625,85.6328353881836,15588700
2000-09-01,103.0,103.515625,101.1875,102.625,86.47538757324219,14071900
2000-09-05,101.625,101.75,99.421875,99.5,83.84217071533203,16348300
2000-09-06,99.25,99.484375,95.5,96.0,80.89299774169922,20964900
2000-09-07,96.8125,99.421875,96.5625,98.125,82.68359375,16669700
2000-09-08,97.765625,98.0,94.765625,95.125,80.15563201904297,23475200
2000-09-11,94.5,96.125,92.0,92.8125,78.20708465576172,27262100
2000-09-12,93.5,94.6875,90.84375,91.375,76.99576568603516,24256000
2000-09-13,90.25,93.875,90.0,93.5,78.78639221191406,34093100
2000-09-14,95.25,95.9375,92.640625,93.0,78.36505126953125,28615300
2000-09-15,93.125,93.625,90.6875,91.3125,76.94314575195312,24994600
2000-09-18,91.8125,93.0,88.0,89.875,75.73181915283203,29218500
2000-09-19,90.75,93.78125,89.875,93.1875,78.52307891845703,27568700
2000-09-20,93.375,95.234375,91.3125,94.625,79.73433685302734,33123200
2000-09-21,93.75,94.484375,87.0,87.75,73.94123840332031,25031400
2000-09-22,87.625,93.25,87.5,92.9375,78.3124008178711,33710100
2000-09-25,93.625,94.25,90.0,90.46875,76.2321548461914,20560800
2000-09-26,90.765625,92.5,88.921875,89.4375,75.36316680908203,26011200
2000-09-27,90.625,91.1875,88.0,89.5625,75.4684829711914,28482900
2000-09-28,88.71875,93.0,88.71875,91.5625,77.15373229980469,29050000
2000-09-29,92.0,92.453125,88.6875,88.75,74.78385925292969,27198800
2000-10-02,90.25,90.25,86.0,86.75,73.09862518310547,24968200
2000-10-03,88.0625,88.8125,83.265625,84.0,70.78135681152344,35731200
2000-10-04,83.5,86.859375,82.125,85.625,72.15061950683594,37672100
2000-10-05,85.25,87.1875,84.5625,85.875,72.3613052368164,23443100
2000-10-06,85.5625,86.5625,81.25,83.0,69.93871307373047,36335800
2000-10-09,82.5625,83.8125,79.375,82.625,69.62269592285156,28834600
2000-10-10,81.8125,83.3125,77.875,78.3125,65.98888397216797,35283200
2000-10-11,76.875,80.453125,76.0625,77.0625,64.93556213378906,48462600
2000-10-12,79.25,79.5625,74.40625,75.125,63.3029670715332,53223600
2000-10-13,74.6875,81.625,74.625,81.25,68.46409606933594,42410200
2000-10-16,81.125,82.3125,79.75,82.0,69.0960693359375,27644900
2000-10-17,83.125,83.171875,78.0,78.25,65.93618774414062,52101400
2000-10-18,76.75,81.1875,74.5625,78.0,65.72552490234375,64354400
2000-10-19,82.390625,85.109375,81.4375,85.0625,71.67671203613281,44278900
2000-10-20,84.5,87.875,84.390625,86.3125,72.72998046875,40692200
2000-10-23,86.1875,87.5,84.125,86.1875,72.62462615966797,28989200
2000-10-24,86.4375,87.0,82.375,82.5,69.51741027832031,31466200
2000-10-25,81.25,82.0,76.890625,77.875,65.6202163696289,48635400
2000-10-26,78.1875,80.0,73.625,79.875,67.30548095703125,69991300
2000-10-27,80.859375,81.859375,77.484375,79.71875,67.173828125,51046400
2000-10-30,78.1875,79.875,75.703125,76.765625,64.6854019165039,35496700
2000-10-31,78.0,82.5625,77.875,81.703125,68.84593200683594,43863800
2000-11-01,80.3125,82.8125,79.1875,81.0,68.25344848632812,45186400
2000-11-02,82.1875,83.25,81.0625,82.0,69.0960693359375,26594300
2000-11-03,82.875,83.9375,81.640625,83.0625,69.99137115478516,29837100
2000-11-06,83.625,84.125,82.0,82.4375,69.4646987915039,23485800
2000-11-07,81.4375,82.46875,80.25,82.125,69.20140838623047,24334400
2000-11-08,82.125,82.25,75.625,75.703125,63.79011535644531,40338200
2000-11-09,74.75,76.9375,73.0,75.6875,63.77693176269531,64955900
2000-11-10,74.25,75.6875,71.75,71.75,60.45907974243164,49235500
2000-11-13,70.953125,74.1875,68.265625,71.859375,60.55123519897461,75023400
2000-11-14,73.0,76.0,72.75,75.84375,63.90862274169922,44829500
2000-11-15,75.5625,78.0625,74.796875,77.375,65.1988754272461,37760900
2000-11-16,75.375,77.0,72.875,72.875,61.407039642333984,33898700
2000-11-17,73.1875,75.1875,71.0,72.828125,61.3675651550293,49913800
2000-11-20,70.9375,72.0625,69.25,69.859375,58.86595916748047,46862300
2000-11-21,70.1875,71.125,68.4375,69.75,58.773799896240234,42128600
2000-11-22,68.4375,70.125,66.5,66.625,56.14055252075195,56623700
2000-11-24,68.375,70.625,68.171875,70.4375,59.353111267089844,19987900
2000-11-27,72.5625,72.9375,68.75,69.5625,58.61582946777344,35416600
2000-11-28,68.9375,69.9375,65.3125,65.453125,55.153106689453125,48812700
2000-11-29,65.8125,66.75,62.5,62.9375,53.033348083496094,66189300
2000-11-30,61.75,64.25,60.5,62.984375,53.07283020019531,74792600
2000-12-01,64.0625,66.765625,62.125,64.0,53.92863845825195,57112500
2000-12-04,64.125,65.359375,61.75,65.0,54.77128601074219,49106300
2000-12-05,66.0625,71.0,65.5,70.6875,59.56378173828125,76531800
2000-12-06,70.59375,72.296875,67.75,68.0,57.29920196533203,63352100
2000-12-07,67.0,68.984375,65.5,66.5,56.03525161743164,41481100
2000-12-08,71.09375,73.5,67.625,68.0,57.29920196533203,65856900
2000-12-11,72.0625,74.78125,70.953125,74.375,62.67099380493164,51829800
2000-12-12,73.5,73.875,71.3125,71.65625,60.380069732666016,31054500
2000-12-13,73.4375,73.5,68.3125,68.734375,57.91799545288086,51661600
2000-12-14,68.515625,69.6875,65.25,65.375,55.0872688293457,41562700
2000-12-15,64.25,65.625,62.5625,63.875,53.82331466674805,59026100
2000-12-18,65.15625,65.96875,62.5625,64.0,53.92863845825195,42950000
2000-12-19,63.453125,65.859375,58.75,59.125,49.820796966552734,80489200
2000-12-20,57.3125,58.375,54.75,55.734375,46.963741302490234,81432100
2000-12-21,55.015625,58.75,54.25,56.0625,47.2402229309082,85875600
2000-12-22,57.625,60.75,57.5,60.5,50.979434967041016,57240000
2000-12-26,60.59375,61.921875,58.0,60.875,51.295413970947266,37082800
2000-12-27,59.6875,62.1875,58.9375,61.5625,51.87472152709961,33955500
2000-12-28,60.78125,62.484375,60.25,61.4375,51.769405364990234,30996900
2000-12-29,61.5625,62.234375,58.0,58.375,49.18881607055664,49191000
2001-01-02,58.5625,58.6875,52.4375,53.4375,45.02830505371094,62514100
2001-01-03,52.1875,65.25,52.15625,62.4375,52.61203384399414,118175700
2001-01-04,61.625,63.625,60.234375,61.3125,51.66405487060547,58465400
2001-01-05,61.3125,61.3125,56.0,56.625,47.71421813964844,68782000
2001-01-08,56.3125,57.5,53.515625,57.25,48.24086380004883,55576500
2001-01-09,57.75,59.125,56.625,57.25,48.24086380004883,53318900
2001-01-10,56.125,60.375,55.75,60.1875,50.71611404418945,74258300
2001-01-11,59.265625,63.6875,59.1875,61.9375,52.19071578979492,65451700
2001-01-12,62.75,64.625,61.5,62.734375,52.8621711730957,60793900
2001-01-16,62.5625,62.921875,60.5625,61.984375,52.23020553588867,32203300
2001-01-17,64.5,65.609375,63.140625,63.875,53.82331466674805,61388800
2001-01-18,64.125,66.75,62.6875,66.5625,56.0878791809082,54934700
2001-01-19,68.140625,68.3125,65.5625,66.3125,55.87723159790039,56292500
2001-01-22,65.875,67.0,64.75,66.375,55.92991256713867,35777100
2001-01-23,65.90625,68.40625,65.3125,67.765625,57.1016960144043,49859500
2001-01-24,68.0625,69.125,66.75,67.125,56.56187057495117,53905400
2001-01-25,66.875,67.671875,64.390625,64.5,54.3499641418457,57151900
2001-01-26,63.5625,65.9375,63.0,65.546875,55.23210144042969,45681400
2001-01-29,64.75,67.25,64.25,67.0,56.45654296875,31514100
2001-01-30,67.1500015258789,67.73999786376953,66.0,66.75,56.24589538574219,42439300
2001-01-31,67.25,67.98999786376953,64.30000305175781,64.30000305175781,54.18143844604492,59322200
2001-02-01,64.55000305175781,65.61000061035156,63.599998474121094,65.1500015258789,54.897682189941406,45142600
2001-02-02,64.94000244140625,65.30000305175781,60.0,61.54999923706055,51.86418533325195,47471000
2001-02-05,61.189998626708984,61.900001525878906,60.119998931884766,61.5,51.82206726074219,36016300
2001-02-06,61.4900016784668,63.119998931884766,61.15999984741211,61.599998474121094,51.90632629394531,42417700
2001-02-07,60.5099983215332,61.20000076293945,58.58000183105469,60.599998474121094,51.063690185546875,61972200
2001-02-08,60.900001525878906,61.5,58.58000183105469,58.790000915527344,49.538516998291016,48269500
2001-02-09,58.25,58.599998474121094,56.0,56.400001525878906,47.524627685546875,55385200
2001-02-12,56.25,57.939998626708984,55.619998931884766,57.08000183105469,48.09761047363281,50540400
2001-02-13,57.650001525878906,59.18000030517578,54.97999954223633,55.25,46.55558776855469,58914000
2001-02-14,55.400001525878906,57.75,54.119998931884766,57.45000076293945,48.40937423706055,63048200
2001-02-15,58.79999923706055,60.4900016784668,58.29999923706055,58.400001525878906,49.20989990234375,67801300
2001-02-16,55.959999084472656,56.869998931884766,54.529998779296875,55.130001068115234,46.45447540283203,66779700
2001-02-20,55.7400016784668,55.84000015258789,52.29999923706055,52.9900016784668,44.6512336730957,55298400
2001-02-21,51.54999923706055,54.06999969482422,50.91999816894531,51.5,43.395721435546875,72349000
2001-02-22,51.45000076293945,52.15999984741211,48.88999938964844,51.0,42.97439956665039,103855500
2001-02-23,50.09000015258789,51.599998474121094,48.22999954223633,51.18000030517578,43.126075744628906,93337900
2001-02-26,52.08000183105469,52.599998474121094,50.25,52.150001525878906,43.94342803955078,78342700
2001-02-27,51.540000915527344,52.08000183105469,48.900001525878906,49.0,41.28911590576172,66741700
2001-02-28,49.45000076293945,50.209999084472656,46.86000061035156,47.45000076293945,39.983028411865234,102187900
2001-03-01,46.970001220703125,49.20000076293945,45.75,48.79999923706055,41.12059020996094,101773000
2001-03-02,47.20000076293945,49.630001068115234,45.650001525878906,46.70000076293945,39.35107421875,95927100
2001-03-05,47.5,48.36000061035156,47.09000015258789,47.54999923706055,40.06730270385742,43888400
2001-03-06,49.29999923706055,50.65999984741211,49.099998474121094,49.400001525878906,41.62615966796875,60828600
2001-03-07,50.400001525878906,50.43000030517578,48.970001220703125,49.41999816894531,41.643028259277344,55215500
2001-03-08,49.349998474121094,49.810001373291016,48.099998474121094,48.5,40.86781311035156,48965200
2001-03-09,47.25,47.369998931884766,44.95000076293945,45.099998474121094,38.002845764160156,79990900
2001-03-12,44.0,44.95000076293945,41.79999923706055,42.29999923706055,35.64347839355469,80674000
2001-03-13,42.779998779296875,44.7400016784668,42.130001068115234,44.45000076293945,37.45513153076172,80024400
2001-03-14,42.70000076293945,45.189998626708984,42.310001373291016,43.75,36.865291595458984,97190000
2001-03-15,45.20000076293945,45.310001373291016,42.04999923706055,42.150001525878906,35.51707458496094,74135500
2001-03-16,41.880001068115234,42.79999923706055,40.560001373291016,41.20000076293945,34.71656036376953,77784500
2001-03-19,41.439998626708984,43.2599983215332,40.75,43.2599983215332,36.45240020751953,53248200
2001-03-20,43.439998626708984,43.810001373291016,40.20000076293945,40.349998474121094,34.000328063964844,104796200
2001-03-21,40.52000045776367,41.79999923706055,39.709999084472656,40.349998474121094,34.000328063964844,96200700
2001-03-22,40.599998474121094,42.79999923706055,39.4900016784668,42.79999923706055,36.064788818359375,130208100
2001-03-23,43.54999923706055,43.83000183105469,41.5,42.79999923706055,36.064788818359375,95277500
2001-03-26,43.470001220703125,43.5,41.54999923706055,41.810001373291016,35.230567932128906,57666200
2001-03-27,41.79999923706055,43.720001220703125,41.41999816894531,43.25,36.443965911865234,69945300
2001-03-28,41.900001525878906,42.20000076293945,39.68000030517578,39.70000076293945,33.45261001586914,77863500
2001-03-29,39.380001068115234,40.61000061035156,38.400001525878906,38.95000076293945,32.820621490478516,79654700
2001-03-30,39.29999923706055,39.97999954223633,38.0,39.150001525878906,32.98915481567383,63661300
2001-04-02,39.16999816894531,39.849998474121094,37.29999923706055,37.400001525878906,31.514562606811523,69713600
2001-04-03,37.20000076293945,37.75,34.619998931884766,34.65999984741211,29.20574188232422,89015700
2001-04-04,34.709999084472656,35.810001373291016,33.599998474121094,34.04999923706055,28.691720962524414,76473900
2001-04-05,36.0,37.959999084472656,35.709999084472656,37.310001373291016,31.438722610473633,87035800
2001-04-06,36.900001525878906,37.099998474121094,35.5,35.95000076293945,30.292722702026367,86123600
2001-04-09,36.790000915527344,37.38999938964844,35.849998474121094,37.04999923706055,31.219635009765625,51638700
2001-04-10,37.900001525878906,40.459999084472656,37.779998779296875,39.79999923706055,33.53688049316406,94265100
2001-04-11,42.15999984741211,42.5,40.45000076293945,41.0,34.54803466796875,92829500
2001-04-12,40.29999923706055,42.79999923706055,40.0,42.79999923706055,36.064788818359375,79531500
2001-04-16,41.939998626708984,42.43000030517578,40.060001373291016,40.25,33.916038513183594,65229800
2001-04-17,39.95000076293945,42.70000076293945,39.900001525878906,41.25,34.758705139160156,94694300
2001-04-18,43.720001220703125,48.0,43.20000076293945,45.54999923706055,38.38203430175781,128891400
2001-04-19,46.099998474121094,48.75,45.58000183105469,48.29999923706055,40.69926834106445,110467600
2001-04-20,48.18000030517578,49.439998626708984,43.04999923706055,48.400001525878906,40.783546447753906,80598100
2001-04-23,46.9900016784668,47.720001220703125,44.88999938964844,45.150001525878906,38.04495620727539,79317600
2001-04-24,45.099998474121094,46.41999816894531,43.75,44.29999923706055,37.3287353515625,88888300
2001-04-25,43.900001525878906,45.58000183105469,43.099998474121094,45.099998474121094,38.002845764160156,68418400
2001-04-26,45.900001525878906,46.25,43.869998931884766,43.95000076293945,37.033817291259766,71110200
2001-04-27,45.150001525878906,45.470001220703125,44.2400016784668,45.150001525878906,38.04495620727539,55580000
2001-04-30,46.25,47.56999969482422,45.29999923706055,46.150001525878906,38.88761520385742,73859100
2001-05-01,46.20000076293945,48.08000183105469,45.400001525878906,48.04999923706055,40.48861312866211,54498300
2001-05-02,48.79999923706055,49.400001525878906,47.5,48.97999954223633,41.27227783203125,77566500
2001-05-03,47.900001525878906,47.900001525878906,46.20000076293945,46.79999923706055,39.43531799316406,67124900
2001-05-04,45.29999923706055,48.20000076293945,45.11000061035156,48.20000076293945,40.61500930786133,72673400
2001-05-07,48.0,48.599998474121094,47.099998474121094,47.20000076293945,39.77237319946289,45561600
2001-05-08,48.29999923706055,48.349998474121094,46.9900016784668,48.20000076293945,40.61500930786133,56970700
2001-05-09,47.04999923706055,47.95000076293945,46.439998626708984,46.54999923706055,39.22466278076172,60984600
2001-05-10,47.91999816894531,48.04999923706055,45.720001220703125,45.77000045776367,38.567405700683594,61130300
2001-05-11,45.84000015258789,46.41999816894531,45.09000015258789,45.54999923706055,38.38203430175781,48760400
2001-05-14,45.29999923706055,45.36000061035156,43.349998474121094,44.81999969482422,37.76691436767578,43108000
2001-05-15,44.900001525878906,46.29999923706055,44.58000183105469,45.150001525878906,38.04495620727539,69007600
2001-05-16,44.310001373291016,47.52000045776367,44.060001373291016,47.150001525878906,39.730247497558594,80110500
2001-05-17,47.45000076293945,48.790000915527344,47.2599983215332,47.900001525878906,40.362205505371094,73810700
2001-05-18,47.63999938964844,48.380001068115234,47.09000015258789,48.040000915527344,40.48020935058594,41095100
2001-05-21,48.16999816894531,51.150001525878906,47.650001525878906,51.04999923706055,43.01652526855469,85426900
2001-05-22,51.310001373291016,51.95000076293945,50.18000030517578,50.900001525878906,42.8901252746582,77233900
2001-05-23,50.439998626708984,50.45000076293945,48.63999938964844,48.650001525878906,40.99419403076172,65618000
2001-05-24,48.970001220703125,49.9900016784668,48.27000045776367,49.900001525878906,42.04749298095703,61792500
2001-05-25,49.959999084472656,50.02000045776367,48.02000045776367,48.9900016784668,41.28068161010742,36191100
2001-05-29,48.5,48.5,46.099998474121094,46.119998931884766,38.862342834472656,66609600
2001-05-30,45.43000030517578,45.849998474121094,44.08000183105469,44.43000030517578,37.43827438354492,81397400
2001-05-31,44.540000915527344,45.849998474121094,44.29999923706055,44.72999954223633,37.69107437133789,68018300
2001-06-01,45.540000915527344,46.22999954223633,44.33000183105469,46.04999923706055,38.80332565307617,61874300
2001-06-04,46.33000183105469,46.65999984741211,45.290000915527344,45.83000183105469,38.61796569824219,41696000
2001-06-05,46.29999923706055,48.36000061035156,46.20000076293945,47.849998474121094,40.32009506225586,68146400
2001-06-06,48.08000183105469,48.88999938964844,47.06999969482422,47.47999954223633,40.00830841064453,61169500
2001-06-07,47.130001068115234,49.4900016784668,47.06999969482422,48.70000076293945,41.036319732666016,65400200
2001-06-08,48.720001220703125,48.77000045776367,46.95000076293945,47.349998474121094,39.89878463745117,56391400
2001-06-11,46.900001525878906,47.0,45.4900016784668,46.04999923706055,38.80332565307617,48809400
2001-06-12,44.869998931884766,46.79999923706055,44.22999954223633,45.79999923706055,38.592689514160156,78450500
2001-06-13,46.27000045776367,46.75,44.52000045776367,44.54999923706055,37.53939437866211,68535400
2001-06-14,44.02000045776367,44.400001525878906,42.0,42.25,35.60132598876953,91050300
2001-06-15,41.79999923706055,43.06999969482422,41.279998779296875,42.599998474121094,35.89624786376953,84589400
2001-06-18,42.63999938964844,43.16999816894531,41.400001525878906,42.029998779296875,35.41594696044922,63539100
2001-06-19,43.31999969482422,43.560001373291016,41.2599983215332,41.81999969482422,35.2390022277832,73386900
2001-06-20,41.29999923706055,42.970001220703125,41.279998779296875,42.77000045776367,36.03950500488281,83588600
2001-06-21,42.66999816894531,44.22999954223633,42.29999923706055,43.349998474121094,36.52823257446289,67212600
2001-06-22,43.619998931884766,44.20000076293945,42.59000015258789,43.25,36.443965911865234,51870400
2001-06-25,43.61000061035156,43.79999923706055,42.650001525878906,43.36000061035156,36.53665542602539,39212100
2001-06-26,42.540000915527344,43.88999938964844,42.47999954223633,43.5099983215332,36.66305160522461,55155100
2001-06-27,43.68000030517578,44.150001525878906,43.0,43.790000915527344,36.89899826049805,53289400
2001-06-28,44.400001525878906,46.36000061035156,44.349998474121094,44.349998474121094,37.37085723876953,89963700
2001-06-29,45.09000015258789,46.52000045776367,44.70000076293945,45.70000076293945,38.50843048095703,59719600
2001-07-02,45.650001525878906,46.47999954223633,45.189998626708984,45.45000076293945,38.297760009765625,50884300
2001-07-03,45.25,45.689998626708984,44.79999923706055,45.63999938964844,38.45786666870117,24758400
2001-07-05,44.869998931884766,45.18000030517578,43.45000076293945,43.45000076293945,36.612510681152344,44409800
2001-07-06,43.0099983215332,43.11000061035156,41.4900016784668,41.650001525878906,35.09573745727539,53434800
2001-07-09,41.88999938964844,42.689998626708984,41.5,42.0099983215332,35.39908981323242,45547500
2001-07-10,42.7599983215332,42.880001068115234,40.400001525878906,40.5,34.12672424316406,58620000
2001-07-11,40.41999816894531,41.099998474121094,39.869998931884766,41.0,34.54803466796875,77840200
2001-07-12,42.630001068115234,43.83000183105469,42.29999923706055,43.599998474121094,36.738887786865234,70363300
2001-07-13,43.380001068115234,44.43000030517578,42.900001525878906,43.150001525878906,36.359710693359375,62474200
2001-07-16,43.369998931884766,43.86000061035156,41.900001525878906,42.349998474121094,35.685604095458984,53390800
2001-07-17,41.81999969482422,43.400001525878906,41.540000915527344,43.29999923706055,36.486083984375,59813000
2001-07-18,42.27000045776367,42.849998474121094,41.13999938964844,41.650001525878906,35.09573745727539,64797200
2001-07-19,42.459999084472656,43.349998474121094,41.75,42.63999938964844,35.929962158203125,76590200
2001-07-20,41.4900016784668,42.13999938964844,41.36000061035156,41.650001525878906,35.09573745727539,49012800
2001-07-23,42.2400016784668,42.400001525878906,40.54999923706055,40.61000061035156,34.21943283081055,55329400
2001-07-24,40.380001068115234,40.900001525878906,39.310001373291016,40.150001525878906,33.83180618286133,70422900
2001-07-25,40.13999938964844,40.720001220703125,39.400001525878906,40.5,34.12672424316406,68859600
2001-07-26,40.45000076293945,41.88999938964844,39.97999954223633,41.099998474121094,34.63229751586914,69199300
2001-07-27,41.63999938964844,42.2599983215332,41.29999923706055,41.95000076293945,35.34853744506836,47452900
2001-07-30,42.130001068115234,42.29999923706055,41.400001525878906,41.70000076293945,35.13787841796875,39459400
2001-07-31,41.84000015258789,42.779998779296875,41.5,41.7599983215332,35.18843460083008,55732500
2001-08-01,42.630001068115234,43.5,42.40999984741211,43.099998474121094,36.31758117675781,53864800
2001-08-02,43.790000915527344,44.0,42.81999969482422,43.90999984741211,37.000099182128906,53187300
2001-08-03,43.529998779296875,43.529998779296875,42.560001373291016,43.18000030517578,36.38498306274414,51513700
2001-08-06,42.529998779296875,42.849998474121094,42.349998474121094,42.5,35.81199645996094,31105700
2001-08-07,42.099998474121094,42.81999969482422,41.939998626708984,42.279998779296875,35.626617431640625,38407500
2001-08-08,41.849998474121094,42.650001525878906,40.29999923706055,40.5,34.12672424316406,76045200
2001-08-09,40.40999984741211,40.880001068115234,39.97999954223633,40.66999816894531,34.26997375488281,66861400
2001-08-10,40.41999816894531,40.75,39.22999954223633,40.279998779296875,33.94136047363281,68491900
2001-08-13,40.59000015258789,41.34000015258789,40.20000076293945,41.099998474121094,34.63229751586914,48425700
2001-08-14,41.4900016784668,41.70000076293945,40.540000915527344,40.599998474121094,34.21097946166992,51267600
2001-08-15,40.619998931884766,40.93000030517578,39.06999969482422,39.099998474121094,32.94702911376953,58935300
2001-08-16,38.63999938964844,39.59000015258789,38.040000915527344,39.560001373291016,33.33462905883789,68227300
2001-08-17,38.439998626708984,38.79999923706055,37.709999084472656,37.7599983215332,31.817903518676758,56649300
2001-08-20,37.849998474121094,38.650001525878906,37.52000045776367,38.279998779296875,32.25607681274414,49921300
2001-08-21,38.290000915527344,38.650001525878906,36.650001525878906,36.689998626708984,30.916282653808594,56445600
2001-08-22,37.45000076293945,37.84000015258789,36.540000915527344,37.689998626708984,31.75890350341797,65221400
2001-08-23,37.66999816894531,38.459999084472656,37.29999923706055,37.31999969482422,31.447139739990234,54711800
2001-08-24,37.86000061035156,39.38999938964844,37.75,39.29999923706055,33.11555862426758,58450600
2001-08-27,39.279998779296875,39.900001525878906,38.83000183105469,39.349998474121094,33.1577033996582,50927500
2001-08-28,39.31999969482422,39.439998626708984,38.0099983215332,38.119998931884766,32.12125778198242,65275500
2001-08-29,38.369998931884766,38.45000076293945,37.130001068115234,37.560001373291016,31.649385452270508,59060500
2001-08-30,36.79999923706055,37.310001373291016,35.75,36.16999816894531,30.478097915649414,76105800
2001-08-31,36.029998779296875,37.029998779296875,35.939998626708984,36.630001068115234,30.86572265625,54309000
2001-09-04,36.5099983215332,37.5,35.349998474121094,35.470001220703125,29.888267517089844,74073600
2001-09-05,35.4900016784668,35.90999984741211,34.150001525878906,35.33000183105469,29.77029800415039,95461200
2001-09-06,34.7400016784668,35.52000045776367,33.779998779296875,33.900001525878906,28.565338134765625,88701800
2001-09-07,33.619998931884766,35.099998474121094,33.349998474121094,33.70000076293945,28.396804809570312,95528800
2001-09-10,33.4900016784668,34.31999969482422,33.34000015258789,34.099998474121094,28.733858108520508,80371300
2001-09-17,31.25,32.79999923706055,31.09000015258789,31.200000762939453,26.290212631225586,97700900
2001-09-18,31.530000686645508,32.5,30.3700008392334,30.5,25.700366973876953,66285300
2001-09-19,30.639999389648438,31.0,28.260000228881836,29.969999313354492,25.253774642944336,116632800
2001-09-20,29.299999237060547,30.09000015258789,28.799999237060547,28.969999313354492,24.4111385345459,90840200
2001-09-21,27.40999984741211,28.969999313354492,27.200000762939453,28.190000534057617,23.75388526916504,112341900
2001-09-24,29.079999923706055,30.0,28.59000015258789,29.610000610351562,24.95041847229004,85696500
2001-09-25,29.709999084472656,30.43000030517578,28.950000762939453,29.700000762939453,25.026268005371094,83860600
2001-09-26,29.950000762939453,30.0,28.40999984741211,28.670000076293945,24.158340454101562,59759800
2001-09-27,28.399999618530273,28.790000915527344,27.420000076293945,28.479999542236328,23.998245239257812,70050700
2001-09-28,28.84000015258789,29.920000076293945,28.309999465942383,28.979999542236328,24.419567108154297,84810800
2001-10-01,28.850000381469727,28.979999542236328,27.850000381469727,28.729999542236328,24.20889663696289,53460800
2001-10-02,28.649999618530273,29.40999984741211,28.399999618530273,28.81999969482422,24.28473663330078,74133400
2001-10-03,28.420000076293945,31.610000610351562,28.329999923706055,31.0,26.12169075012207,136198600
2001-10-04,31.649999618530273,33.20000076293945,30.940000534057617,31.299999237060547,26.374481201171875,127371500
2001-10-05,31.0,31.899999618530273,30.260000228881836,31.760000228881836,26.7620849609375,96443400
2001-10-08,31.1299991607666,32.349998474121094,30.959999084472656,31.860000610351562,26.846357345581055,67789600
2001-10-09,31.860000610351562,32.02000045776367,30.8700008392334,31.09000015258789,26.19752311706543,57564800
2001-10-10,30.8700008392334,32.540000915527344,30.75,32.5,27.385643005371094,73840600
2001-10-11,33.189998626708984,35.25,33.13999938964844,34.70000076293945,29.239442825317383,117232200
2001-10-12,34.33000183105469,34.79999923706055,33.13999938964844,34.54999923706055,29.113039016723633,111901600
2001-10-15,34.119998931884766,34.54999923706055,33.65999984741211,34.400001525878906,28.986637115478516,78322000
2001-10-16,34.65999984741211,35.099998474121094,34.06999969482422,34.959999084472656,29.458526611328125,81346800
2001-10-17,35.869998931884766,36.0,32.29999923706055,32.45000076293945,27.343515396118164,141530300
2001-10-18,32.70000076293945,33.540000915527344,32.400001525878906,33.33000183105469,28.085033416748047,94448200
2001-10-19,32.86000061035156,33.75,32.0,33.54999923706055,28.27040672302246,73434200
2001-10-22,33.439998626708984,34.5,33.220001220703125,34.45000076293945,29.02877426147461,74104900
2001-10-23,34.81999969482422,35.400001525878906,34.0,34.630001068115234,29.18045425415039,104062200
2001-10-24,34.599998474121094,35.68000030517578,34.31999969482422,35.380001068115234,29.81243324279785,90171400
2001-10-25,34.70000076293945,36.81999969482422,34.22999954223633,36.79999923706055,31.008975982666016,118551900
2001-10-26,36.5,37.060001373291016,36.0099983215332,36.0099983215332,30.343286514282227,93823900
2001-10-29,36.0,36.150001525878906,34.040000915527344,34.040000915527344,28.683307647705078,92146800
2001-10-30,33.709999084472656,34.09000015258789,32.84000015258789,33.380001068115234,28.127168655395508,96092200
2001-10-31,34.040000915527344,34.959999084472656,33.68000030517578,33.900001525878906,28.565338134765625,106175500
2001-11-01,34.439998626708984,35.560001373291016,33.779998779296875,35.34000015258789,29.778718948364258,92716000
2001-11-02,35.27000045776367,35.849998474121094,34.88999938964844,35.599998474121094,29.997798919677734,64917700
2001-11-05,36.2599983215332,37.15999984741211,36.15999984741211,36.7599983215332,30.975263595581055,64473000
2001-11-06,36.599998474121094,38.20000076293945,36.38999938964844,38.189998626708984,32.180240631103516,107214900
2001-11-07,37.61000061035156,38.84000015258789,37.5,38.13999938964844,32.138099670410156,92562100
2001-11-08,38.54999923706055,39.400001525878906,37.25,37.75,31.809467315673828,105916300
2001-11-09,37.59000015258789,38.08000183105469,37.119998931884766,37.72999954223633,31.79262924194336,74121900
2001-11-12,37.0,38.349998474121094,36.29999923706055,38.0,32.020137786865234,112994400
2001-11-13,39.029998779296875,39.5,38.630001068115234,39.36000061035156,33.16611862182617,97931800
2001-11-14,39.959999084472656,40.2400016784668,38.7400016784668,39.63999938964844,33.40206527709961,88660100
2001-11-15,39.15999984741211,40.11000061035156,38.95000076293945,39.47999954223633,33.267242431640625,86349700
2001-11-16,39.47999954223633,39.68000030517578,38.91999816894531,39.369998931884766,33.174537658691406,64035500
2001-11-19,39.790000915527344,40.4900016784668,39.4900016784668,40.4900016784668,34.118309020996094,69196300
2001-11-20,40.08000183105469,40.22999954223633,38.47999954223633,38.619998931884766,32.54257583618164,85176500
2001-11-21,38.470001220703125,38.95000076293945,37.97999954223633,38.41999816894531,32.37404251098633,60867900
2001-11-23,38.7599983215332,39.43000030517578,38.56999969482422,39.279998779296875,33.098724365234375,27046000
2001-11-26,39.58000183105469,40.36000061035156,39.0099983215332,40.25,33.916038513183594,75267500
2001-11-27,40.04999923706055,40.970001220703125,39.20000076293945,40.20000076293945,33.873924255371094,100289700
2001-11-28,39.72999954223633,40.369998931884766,38.689998626708984,38.75,32.6521110534668,101568200
2001-11-29,39.029998779296875,40.0,38.790000915527344,39.95000076293945,33.663265228271484,83774700
2001-11-30,39.72999954223633,40.040000915527344,39.36000061035156,39.650001525878906,33.410491943359375,66018200
2001-12-03,39.290000915527344,39.599998474121094,38.869998931884766,38.970001220703125,32.837501525878906,60449800
2001-12-04,39.34000015258789,40.84000015258789,38.439998626708984,40.83000183105469,34.4047966003418,79378700
2001-12-05,41.20000076293945,43.150001525878906,41.119998931884766,42.849998474121094,36.10692596435547,115773700
2001-12-06,42.70000076293945,43.2400016784668,42.36000061035156,42.90999984741211,36.15748977661133,77702100
2001-12-07,42.47999954223633,42.599998474121094,41.13999938964844,41.72999954223633,35.16316223144531,81632600
2001-12-10,41.31999969482422,42.22999954223633,40.880001068115234,41.0,34.54803466796875,69088000
2001-12-11,41.459999084472656,42.2599983215332,41.130001068115234,41.22999954223633,34.741844177246094,66056500
2001-12-12,41.5,41.939998626708984,40.599998474121094,41.560001373291016,35.019920349121094,76093400
2001-12-13,40.709999084472656,41.0,39.7599983215332,39.7599983215332,33.50316619873047,79582600
2001-12-14,39.869998931884766,40.459999084472656,39.56999969482422,40.11000061035156,33.798099517822266,70006300
2001-12-17,40.02000045776367,41.2400016784668,40.02000045776367,40.79999923706055,34.379512786865234,62295500
2001-12-18,41.15999984741211,41.5,40.15999984741211,41.2599983215332,34.76713180541992,50850400
2001-12-19,40.560001373291016,41.31999969482422,40.31999969482422,40.5099983215332,34.13515090942383,79596200
2001-12-20,40.099998474121094,40.29999923706055,38.68000030517578,38.790000915527344,32.68581771850586,83048800
2001-12-21,39.41999816894531,39.709999084472656,39.150001525878906,39.47999954223633,33.267242431640625,56205000
2001-12-24,39.540000915527344,39.630001068115234,39.150001525878906,39.31999969482422,33.132408142089844,13660400
2001-12-26,39.369998931884766,40.29999923706055,39.15999984741211,39.689998626708984,33.444175720214844,37672900
2001-12-27,39.849998474121094,40.20000076293945,39.599998474121094,40.0099983215332,33.713836669921875,34255200
2001-12-28,40.290000915527344,40.79999923706055,40.22999954223633,40.33000183105469,33.98346710205078,38240400
2001-12-31,40.310001373291016,40.45000076293945,38.90999984741211,38.90999984741211,32.786922454833984,46176900
2002-01-02,39.56999969482422,40.150001525878906,38.93000030517578,40.11000061035156,33.798099517822266,61708800
2002-01-03,40.310001373291016,41.54999923706055,40.2599983215332,41.5,34.969356536865234,85769100
2002-01-04,41.95000076293945,42.290000915527344,40.93000030517578,41.66999816894531,35.11262893676758,86876900
2002-01-07,42.11000061035156,42.220001220703125,40.11000061035156,41.209999084472656,34.725013732910156,75166200
2002-01-08,41.099998474121094,41.77000045776367,40.84000015258789,41.4900016784668,34.960941314697266,66956800
2002-01-09,42.040000915527344,42.599998474121094,40.900001525878906,41.11000061035156,34.64072036743164,85123000
2002-01-10,41.16999816894531,41.540000915527344,40.68000030517578,41.380001068115234,34.86825180053711,75548000
2002-01-11,41.349998474121094,41.599998474121094,40.470001220703125,40.849998474121094,34.42163848876953,60832900
2002-01-14,40.4900016784668,40.68000030517578,39.70000076293945,39.959999084472656,33.67170333862305,71310700
2002-01-15,40.029998779296875,40.75,39.560001373291016,40.34000015258789,33.99189758300781,66916100
2002-01-16,39.529998779296875,39.939998626708984,38.77000045776367,38.779998779296875,32.677391052246094,90942000
2002-01-17,39.47999954223633,39.970001220703125,39.0099983215332,39.650001525878906,33.410491943359375,75285900
2002-01-18,38.83000183105469,39.45000076293945,38.220001220703125,38.59000015258789,32.51728820800781,81985600
2002-01-22,39.0,39.02000045776367,37.33000183105469,37.400001525878906,31.514562606811523,81773800
2002-01-23,37.650001525878906,38.689998626708984,37.349998474121094,38.43000030517578,32.38246536254883,74968800
2002-01-24,38.939998626708984,39.5099983215332,38.77000045776367,38.939998626708984,32.812225341796875,77251200
2002-01-25,38.470001220703125,39.150001525878906,38.36000061035156,38.83000183105469,32.71951675415039,58832100
2002-01-28,39.150001525878906,39.38999938964844,38.41999816894531,39.04999923706055,32.9049072265625,47795900
2002-01-29,39.130001068115234,39.400001525878906,37.5099983215332,37.97999954223633,32.00328063964844,83339800
2002-01-30,38.0,38.849998474121094,36.849998474121094,38.27000045776367,32.247642517089844,101385500
2002-01-31,38.56999969482422,38.75,38.02000045776367,38.5099983215332,32.44987869262695,69655500
2002-02-01,38.400001525878906,38.880001068115234,37.70000076293945,38.13999938964844,32.138099670410156,61207100
2002-02-04,37.959999084472656,38.06999969482422,36.61000061035156,36.91999816894531,31.110088348388672,82763300
2002-02-05,36.59000015258789,37.33000183105469,36.189998626708984,36.310001373291016,30.596099853515625,86853800
2002-02-06,36.84000015258789,36.88999938964844,35.70000076293945,36.060001373291016,30.38541603088379,98507600
2002-02-07,35.9900016784668,36.54999923706055,35.0,35.189998626708984,29.65233039855957,97725900
2002-02-08,35.459999084472656,36.2400016784668,34.970001220703125,36.16999816894531,30.478097915649414,80483100
2002-02-11,36.13999938964844,36.79999923706055,35.97999954223633,36.630001068115234,30.86572265625,57641200
2002-02-12,36.310001373291016,36.97999954223633,36.040000915527344,36.33000183105469,30.61292839050293,51477700
2002-02-13,36.720001220703125,37.150001525878906,36.61000061035156,36.95000076293945,31.135353088378906,60984700
2002-02-14,37.150001525878906,37.56999969482422,36.0,36.880001068115234,31.076391220092773,77482300
2002-02-15,36.83000183105469,36.90999984741211,35.63999938964844,35.779998779296875,30.14948844909668,79719900
2002-02-19,35.369998931884766,35.459999084472656,34.31999969482422,34.68000030517578,29.222585678100586,72437200
2002-02-20,34.900001525878906,35.16999816894531,33.93000030517578,35.150001525878906,29.618629455566406,106552700
2002-02-21,34.790000915527344,34.95000076293945,33.47999954223633,33.47999954223633,28.21142578125,109307800
2002-02-22,33.61000061035156,34.20000076293945,33.09000015258789,33.650001525878906,28.35466766357422,99824200
2002-02-25,34.0,35.25,33.95000076293945,35.0099983215332,29.50063705444336,88994700
2002-02-26,35.22999954223633,35.43000030517578,34.369998931884766,34.880001068115234,29.391115188598633,94683300
2002-02-27,35.38999938964844,35.5099983215332,34.060001373291016,34.400001525878906,28.986637115478516,95159300
2002-02-28,34.5099983215332,34.970001220703125,33.75,33.779998779296875,28.464208602905273,95711200
2002-03-01,34.150001525878906,35.75,34.09000015258789,35.7400016784668,30.115779876708984,86081600
2002-03-04,35.70000076293945,37.22999954223633,35.400001525878906,37.150001525878906,31.303878784179688,105734600
2002-03-05,36.93000030517578,37.869998931884766,36.810001373291016,37.41999816894531,31.531408309936523,91452600
2002-03-06,37.08000183105469,37.95000076293945,36.599998474121094,37.599998474121094,31.68309211730957,86943400
2002-03-07,38.119998931884766,38.33000183105469,37.0099983215332,37.68000030517578,31.75048828125,85496000
2002-03-08,38.22999954223633,39.029998779296875,38.130001068115234,38.66999816894531,32.5847053527832,84443700
2002-03-11,38.349998474121094,39.189998626708984,38.060001373291016,38.529998779296875,32.46672439575195,71035200
2002-03-12,37.56999969482422,38.0,37.31999969482422,38.0,32.020137786865234,82652100
2002-03-13,37.40999984741211,37.65999984741211,36.869998931884766,37.08000183105469,31.244911193847656,71376200
2002-03-14,37.060001373291016,37.400001525878906,36.72999954223633,36.86000061035156,31.05953025817871,70700500
2002-03-15,36.88999938964844,37.33000183105469,36.59000015258789,37.22999954223633,31.37130355834961,63966500
2002-03-18,37.630001068115234,37.939998626708984,37.04999923706055,37.439998626708984,31.54825210571289,78938300
2002-03-19,37.599998474121094,37.880001068115234,37.220001220703125,37.380001068115234,31.4976863861084,58947600
2002-03-20,36.869998931884766,37.08000183105469,36.040000915527344,36.060001373291016,30.38541603088379,61816500
2002-03-21,36.150001525878906,37.13999938964844,35.900001525878906,37.02000045776367,31.19434356689453,89198800
2002-03-22,36.939998626708984,37.13999938964844,36.470001220703125,36.68000030517578,30.907846450805664,58930100
2002-03-25,36.689998626708984,36.900001525878906,35.52000045776367,35.560001373291016,29.96412467956543,87421900
2002-03-26,35.41999816894531,36.41999816894531,35.400001525878906,35.88999938964844,30.24216079711914,92457500
2002-03-27,35.630001068115234,36.0,35.400001525878906,35.61000061035156,30.006229400634766,64531800
2002-03-28,36.02000045776367,36.369998931884766,35.900001525878906,36.060001373291016,30.38541603088379,59539400
2002-04-01,35.79999923706055,36.900001525878906,35.29999923706055,36.75,30.966827392578125,70730500
2002-04-02,35.97999954223633,36.150001525878906,35.0,35.09000015258789,29.56806755065918,77759800
2002-04-03,35.29999923706055,35.45000076293945,34.29999923706055,35.029998779296875,29.51750373840332,85766400
2002-04-04,34.5,35.15999984741211,34.279998779296875,34.7599983215332,29.28998565673828,90521500
2002-04-05,35.0099983215332,35.16999816894531,34.18000030517578,34.369998931884766,28.96136474609375,68426000
2002-04-08,33.470001220703125,34.79999923706055,33.41999816894531,34.79999923706055,29.323699951171875,74950700
2002-04-09,34.779998779296875,34.97999954223633,33.4900016784668,33.59000015258789,28.304119110107422,80910200
2002-04-10,33.7599983215332,34.25,33.130001068115234,33.84000015258789,28.5147647857666,85748700
2002-04-11,33.65999984741211,33.849998474121094,32.880001068115234,33.0,27.80696678161621,90665600
2002-04-12,33.31999969482422,33.79999923706055,32.95000076293945,33.52000045776367,28.245132446289062,78360100
2002-04-15,33.79999923706055,33.959999084472656,33.20000076293945,33.790000915527344,28.472654342651367,69306800
2002-04-16,34.43000030517578,35.220001220703125,34.40999984741211,35.20000076293945,29.66075897216797,72064700
2002-04-17,35.400001525878906,35.5,34.650001525878906,35.02000045776367,29.50908088684082,69130100
2002-04-18,34.779998779296875,35.150001525878906,34.0,34.349998474121094,28.94451141357422,91086100
2002-04-19,35.04999923706055,35.060001373291016,34.380001068115234,34.459999084472656,29.037206649780273,62286800
2002-04-22,34.0099983215332,34.0099983215332,33.25,33.59000015258789,28.304119110107422,64625600
2002-04-23,33.59000015258789,33.939998626708984,32.70000076293945,33.0099983215332,27.815385818481445,73070300
2002-04-24,33.209999084472656,33.310001373291016,32.20000076293945,32.5,27.385643005371094,68953900
2002-04-25,32.29999923706055,32.72999954223633,32.0,32.41999816894531,27.318225860595703,103073700
2002-04-26,32.65999984741211,32.779998779296875,31.010000228881836,31.040000915527344,26.1554012298584,100193400
2002-04-29,31.239999771118164,31.549999237060547,30.559999465942383,31.1200008392334,26.22279930114746,85326800
2002-04-30,31.030000686645508,32.189998626708984,30.940000534057617,31.729999542236328,26.736804962158203,95357900
2002-05-01,31.670000076293945,31.84000015258789,30.579999923706055,31.559999465942383,26.59356689453125,109975700
2002-05-02,31.389999389648438,31.989999771118164,30.459999084472656,30.510000228881836,25.70879364013672,85852200
2002-05-03,30.469999313354492,30.510000228881836,29.479999542236328,29.739999771118164,25.05997085571289,92103200
2002-05-06,29.6299991607666,29.979999542236328,28.850000381469727,28.969999313354492,24.4111385345459,96491200
2002-05-07,29.270000457763672,29.350000381469727,28.420000076293945,28.700000762939453,24.183637619018555,101954400
2002-05-08,30.1299991607666,31.8799991607666,30.0,31.770000457763672,26.770519256591797,129741500
2002-05-09,31.56999969482422,31.889999389648438,30.799999237060547,30.950000762939453,26.079559326171875,106477200
2002-05-10,31.010000228881836,31.09000015258789,29.5,29.559999465942383,24.90829086303711,112282800
2002-05-13,29.8700008392334,30.979999542236328,29.670000076293945,30.760000228881836,25.919456481933594,93971200
2002-05-14,32.04999923706055,32.650001525878906,31.8700008392334,32.56999969482422,27.444623947143555,107284700
2002-05-15,32.08000183105469,33.630001068115234,31.850000381469727,32.810001373291016,27.646860122680664,150522100
2002-05-16,32.540000915527344,33.04999923706055,32.220001220703125,32.86000061035156,27.688997268676758,89916300
2002-05-17,33.290000915527344,33.40999984741211,32.470001220703125,32.93000030517578,27.74797248840332,82695000
2002-05-20,32.599998474121094,32.70000076293945,31.940000534057617,32.209999084472656,27.14126968383789,78144200
2002-05-21,32.36000061035156,32.59000015258789,31.0,31.329999923706055,26.39975929260254,104180000
2002-05-22,30.969999313354492,31.59000015258789,30.40999984741211,31.399999618530273,26.4587345123291,89543100
2002-05-23,31.6299991607666,32.099998474121094,30.799999237060547,32.029998779296875,26.989601135253906,94445800
2002-05-24,31.59000015258789,31.690000534057617,31.010000228881836,31.239999771118164,26.32392692565918,55874600
2002-05-28,31.469999313354492,31.520000457763672,30.489999771118164,31.100000381469727,26.205957412719727,68829400
2002-05-29,30.65999984741211,30.899999618530273,30.239999771118164,30.280000686645508,25.51498794555664,73470200
2002-05-30,30.010000228881836,30.719999313354492,29.899999618530273,30.540000915527344,25.73408317565918,92080500
2002-05-31,30.760000228881836,31.040000915527344,30.0,30.040000915527344,25.31277084350586,79907400
2002-06-03,30.0,30.25,28.790000915527344,28.979999542236328,24.419567108154297,77043700
2002-06-04,28.75,29.68000030517578,28.610000610351562,29.360000610351562,24.73975944519043,98366200
2002-06-05,29.420000076293945,29.799999237060547,28.969999313354492,29.65999984741211,24.9925537109375,95347100
2002-06-06,29.510000228881836,29.510000228881836,27.899999618530273,28.8799991607666,24.33530044555664,91129700
2002-06-07,27.6299991607666,28.790000915527344,27.520000457763672,28.299999237060547,23.84657859802246,106049200
2002-06-10,28.360000610351562,28.75,28.139999389648438,28.25,23.8044490814209,73142900
2002-06-11,28.600000381469727,28.690000534057617,27.360000610351562,27.459999084472656,23.13875961303711,84609500
2002-06-12,27.239999771118164,27.959999084472656,26.829999923706055,27.860000610351562,23.47581672668457,152974400
2002-06-13,27.760000228881836,28.209999084472656,27.350000381469727,27.68000030517578,23.32413101196289,97556300
2002-06-14,26.860000610351562,27.719999313354492,26.200000762939453,27.6200008392334,23.27358627319336,122106800
2002-06-17,28.0,28.75,27.90999984741211,28.559999465942383,24.06566047668457,87618100
2002-06-18,28.309999465942383,29.149999618530273,28.280000686645508,29.020000457763672,24.453275680541992,100513400
2002-06-19,28.100000381469727,28.31999969482422,27.25,27.34000015258789,23.037641525268555,93507600
2002-06-20,27.270000457763672,27.450000762939453,25.670000076293945,26.459999084472656,22.296110153198242,99913200
2002-06-21,26.360000610351562,26.780000686645508,25.649999618530273,25.81999969482422,21.756832122802734,168755100
2002-06-24,25.450000762939453,26.799999237060547,25.209999084472656,26.329999923706055,22.18657684326172,219672100
2002-06-25,26.579999923706055,26.719999313354492,25.299999237060547,25.459999084472656,21.453495025634766,136336400
2002-06-26,24.43000030517578,25.780000686645508,24.389999389648438,25.649999618530273,21.61359214782715,149080300
2002-06-27,26.0,26.25,25.020000457763672,26.209999084472656,22.085464477539062,121371100
2002-06-28,26.049999237060547,26.75,25.850000381469727,26.100000381469727,21.992774963378906,87842000
2002-07-01,25.969999313354492,26.139999389648438,24.780000686645508,24.850000381469727,20.939481735229492,64753900
2002-07-02,24.600000381469727,24.75,23.09000015258789,23.950000762939453,20.181102752685547,111629600
2002-07-03,23.850000381469727,24.75,23.6200008392334,24.75,20.855224609375,101067000
2002-07-05,25.260000228881836,26.389999389648438,25.049999237060547,26.34000015258789,22.195003509521484,56768300
2002-07-08,26.200000762939453,26.549999237060547,25.079999923706055,25.3799991607666,21.386075973510742,97288500
2002-07-09,25.25,25.479999542236328,24.59000015258789,24.65999984741211,20.779380798339844,91039600
2002-07-10,24.989999771118164,25.030000686645508,23.829999923706055,23.899999618530273,20.13898468017578,115365200
2002-07-11,23.760000228881836,24.889999389648438,23.530000686645508,24.799999237060547,20.897357940673828,170271200
2002-07-12,25.25,25.520000457763672,24.549999237060547,24.799999237060547,20.897357940673828,130027800
2002-07-15,24.68000030517578,25.639999389648438,23.75,25.56999969482422,21.546173095703125,140207200
2002-07-16,25.25,26.020000457763672,24.899999618530273,25.190000534057617,21.225976943969727,148281700
2002-07-17,26.06999969482422,26.440000534057617,24.889999389648438,25.649999618530273,21.61359214782715,157954700
2002-07-18,25.3799991607666,25.56999969482422,24.520000457763672,24.729999542236328,20.838369369506836,114052300
2002-07-19,24.329999923706055,24.709999084472656,23.799999237060547,23.989999771118164,20.214813232421875,124116400
2002-07-22,23.850000381469727,24.5,23.09000015258789,23.399999618530273,19.71765899658203,150034800
2002-07-23,23.450000762939453,23.75,22.280000686645508,22.399999618530273,18.875022888183594,150786800
2002-07-24,21.809999465942383,23.65999984741211,21.639999389648438,23.6200008392334,19.903038024902344,186493600
2002-07-25,23.25,23.399999618530273,21.799999237060547,22.25,18.74863052368164,153915500
2002-07-26,22.559999465942383,22.84000015258789,22.010000228881836,22.670000076293945,19.102535247802734,96034200
2002-07-29,23.270000457763672,24.1200008392334,23.079999923706055,23.829999923706055,20.079994201660156,96735200
2002-07-30,23.729999542236328,24.690000534057617,23.59000015258789,24.309999465942383,20.484460830688477,117394300
2002-07-31,24.0,24.190000534057617,23.360000610351562,23.850000381469727,20.096847534179688,93831300
2002-08-01,23.739999771118164,23.899999618530273,22.65999984741211,22.729999542236328,19.153093338012695,85149700
2002-08-02,22.780000686645508,22.84000015258789,21.81999969482422,22.25,18.74863052368164,86706000
2002-08-05,22.110000610351562,22.31999969482422,21.299999237060547,21.440000534057617,18.06609344482422,84897800
2002-08-06,21.799999237060547,23.010000228881836,21.790000915527344,22.5,18.959287643432617,115364600
2002-08-07,23.200000762939453,23.3700008392334,21.959999084472656,22.799999237060547,19.212081909179688,125677100
2002-08-08,22.75,23.600000381469727,22.299999237060547,23.56999969482422,19.860910415649414,111697900
2002-08-09,23.200000762939453,23.709999084472656,22.8799991607666,23.329999923706055,19.658674240112305,93576900
2002-08-12,23.049999237060547,23.479999542236328,22.899999618530273,23.399999618530273,19.71765899658203,62870900
2002-08-13,23.229999542236328,23.8700008392334,22.549999237060547,22.600000381469727,19.043546676635742,88434400
2002-08-14,22.670000076293945,24.200000762939453,22.469999313354492,24.040000915527344,20.25695037841797,102613500
2002-08-15,24.239999771118164,24.549999237060547,23.719999313354492,24.530000686645508,20.66984748840332,120307800
2002-08-16,24.1299991607666,25.0,23.729999542236328,24.700000762939453,20.813079833984375,95853000
2002-08-19,24.770000457763672,25.59000015258789,24.68000030517578,25.299999237060547,21.318666458129883,76015900
2002-08-20,25.18000030517578,25.43000030517578,24.850000381469727,25.190000534057617,21.225976943969727,89981300
2002-08-21,25.389999389648438,25.850000381469727,25.0,25.75,21.697860717773438,101365500
2002-08-22,25.739999771118164,26.209999084472656,25.420000076293945,26.15999984741211,22.043336868286133,80345500
2002-08-23,25.799999237060547,25.809999465942383,24.950000762939453,25.149999618530273,21.1922664642334,75211200
2002-08-26,25.299999237060547,25.389999389648438,24.610000610351562,25.25,21.27654266357422,83335400
2002-08-27,25.43000030517578,25.510000228881836,24.149999618530273,24.3700008392334,20.535018920898438,92340400
2002-08-28,24.020000457763672,24.09000015258789,23.389999389648438,23.479999542236328,19.78506851196289,115562300
2002-08-29,23.200000762939453,24.219999313354492,23.020000457763672,23.790000915527344,20.04629135131836,97028200
2002-08-30,23.6200008392334,24.0,23.3799991607666,23.489999771118164,19.793502807617188,59474900
2002-09-03,23.059999465942383,23.43000030517578,22.34000015258789,22.639999389648438,19.07724952697754,81828100
2002-09-04,22.5,23.020000457763672,22.239999771118164,22.729999542236328,19.153093338012695,82717600
2002-09-05,22.399999618530273,22.5,21.93000030517578,22.170000076293945,18.68122673034668,91576600
2002-09-06,22.65999984741211,23.219999313354492,22.600000381469727,22.850000381469727,19.254215240478516,86008800
2002-09-09,22.670000076293945,23.3700008392334,22.389999389648438,23.079999923706055,19.44801902770996,72679500
2002-09-10,23.229999542236328,23.670000076293945,23.030000686645508,23.649999618530273,19.928319931030273,74615800
2002-09-11,24.1200008392334,24.350000381469727,23.420000076293945,23.450000762939453,19.75979995727539,73902800
2002-09-12,23.229999542236328,23.260000228881836,22.709999084472656,22.809999465942383,19.220500946044922,70763500
2002-09-13,22.600000381469727,23.079999923706055,22.520000457763672,22.989999771118164,19.37217903137207,79716100
2002-09-16,22.860000610351562,23.0,22.3700008392334,22.65999984741211,19.09410858154297,58853600
2002-09-17,23.049999237060547,23.209999084472656,22.18000030517578,22.18000030517578,18.68964385986328,89139700
2002-09-18,22.010000228881836,22.549999237060547,21.780000686645508,21.93000030517578,18.47898292541504,92358300
2002-09-19,21.700000762939453,22.1299991607666,21.549999237060547,21.579999923706055,18.18406867980957,86247700
2002-09-20,21.829999923706055,21.899999618530273,21.479999542236328,21.670000076293945,18.259897232055664,78116900
2002-09-23,21.450000762939453,21.520000457763672,20.809999465942383,21.020000457763672,17.712190628051758,72757500
2002-09-24,20.68000030517578,21.450000762939453,20.649999618530273,21.030000686645508,17.720619201660156,91507300
2002-09-25,21.350000381469727,22.040000915527344,21.100000381469727,21.8700008392334,18.42843246459961,98051900
2002-09-26,22.15999984741211,22.329999923706055,21.3700008392334,21.600000381469727,18.20092010498047,104453500
2002-09-27,21.549999237060547,22.209999084472656,21.309999465942383,21.309999465942383,17.956552505493164,92249700
2002-09-30,21.06999969482422,21.239999771118164,20.489999771118164,20.719999313354492,17.459402084350586,91502500
2002-10-01,20.90999984741211,21.989999771118164,20.469999313354492,21.979999542236328,18.5211181640625,102096000
2002-10-02,21.510000228881836,21.969999313354492,20.969999313354492,21.25,17.90599822998047,94829700
2002-10-03,21.059999465942383,21.399999618530273,20.68000030517578,20.739999771118164,17.476245880126953,74354800
2002-10-04,20.940000534057617,21.020000457763672,20.110000610351562,20.350000381469727,17.147624969482422,81837100
2002-10-07,20.260000228881836,20.59000015258789,19.850000381469727,20.15999984741211,16.98752212524414,79861800
2002-10-08,20.280000686645508,20.610000610351562,19.760000228881836,20.200000762939453,17.0212345123291,94103100
2002-10-09,19.940000534057617,20.530000686645508,19.84000015258789,20.059999465942383,16.90325927734375,103301000
2002-10-10,20.100000381469727,21.209999084472656,19.90999984741211,21.079999923706055,17.762746810913086,109610500
2002-10-11,21.549999237060547,22.3799991607666,21.420000076293945,22.219999313354492,18.723346710205078,124777400
2002-10-14,21.8700008392334,22.5,21.780000686645508,22.479999542236328,18.942434310913086,78890300
2002-10-15,23.440000534057617,23.6299991607666,23.18000030517578,23.559999465942383,19.85247802734375,118176000
2002-10-16,22.709999084472656,23.15999984741211,22.06999969482422,22.780000686645508,19.195228576660156,97441900
2002-10-17,23.600000381469727,23.809999465942383,22.579999923706055,23.549999237060547,19.844053268432617,95754500
2002-10-18,23.280000686645508,23.850000381469727,22.93000030517578,23.809999465942383,20.06313705444336,84941900
2002-10-21,23.520000457763672,24.450000762939453,23.299999237060547,24.290000915527344,20.46760368347168,85311500
2002-10-22,23.729999542236328,24.34000015258789,23.649999618530273,24.139999389648438,20.341201782226562,89947000
2002-10-23,23.850000381469727,24.6299991607666,23.670000076293945,24.600000381469727,20.72882080078125,88093500
2002-10-24,24.68000030517578,24.860000610351562,23.920000076293945,23.979999542236328,20.206390380859375,88674800
2002-10-25,23.989999771118164,24.75,23.989999771118164,24.700000762939453,20.813079833984375,71557300
2002-10-28,25.0,25.040000915527344,24.170000076293945,24.489999771118164,20.636138916015625,90272000
2002-10-29,24.309999465942383,24.469999313354492,23.3700008392334,23.920000076293945,20.15582847595215,90293800
2002-10-30,24.059999465942383,24.790000915527344,23.850000381469727,24.559999465942383,20.695117950439453,103531100
2002-10-31,24.65999984741211,25.040000915527344,24.360000610351562,24.549999237060547,20.68669891357422,81493100
2002-11-01,24.3700008392334,25.399999618530273,24.139999389648438,25.25,21.27654266357422,86658400
2002-11-04,26.049999237060547,26.81999969482422,25.799999237060547,25.899999618530273,21.82425308227539,110562400
2002-11-05,25.709999084472656,26.170000076293945,25.559999465942383,26.100000381469727,21.992774963378906,79603300
2002-11-06,26.290000915527344,26.610000610351562,25.639999389648438,26.469999313354492,22.304542541503906,116251700
2002-11-07,25.989999771118164,26.100000381469727,25.309999465942383,25.540000915527344,21.52090072631836,82711600
2002-11-08,25.489999771118164,25.8700008392334,24.959999084472656,25.06999969482422,21.124858856201172,76937600
2002-11-11,24.950000762939453,25.020000457763672,24.149999618530273,24.309999465942383,20.484460830688477,74384300
2002-11-12,24.399999618530273,25.399999618530273,24.399999618530273,24.93000030517578,21.00689697265625,88748800
2002-11-13,24.700000762939453,25.700000762939453,24.489999771118164,25.229999542236328,21.259685516357422,119341800
2002-11-14,25.579999923706055,26.420000076293945,25.520000457763672,26.100000381469727,21.992774963378906,85720100
2002-11-15,25.899999618530273,26.450000762939453,25.75,26.440000534057617,22.27927589416504,69291300
2002-11-18,26.709999084472656,26.770000457763672,25.989999771118164,26.049999237060547,21.950647354125977,76238000
2002-11-19,25.799999237060547,26.049999237060547,25.299999237060547,25.649999618530273,21.61359214782715,88139200
2002-11-20,25.559999465942383,26.75,25.540000915527344,26.739999771118164,22.532058715820312,75104700
2002-11-21,26.93000030517578,27.84000015258789,26.75,27.729999542236328,23.366273880004883,105472900
2002-11-22,27.3700008392334,27.940000534057617,27.31999969482422,27.719999313354492,23.35784339904785,73808600
2002-11-25,27.760000228881836,28.200000762939453,27.540000915527344,27.989999771118164,23.585350036621094,72666100
2002-11-26,27.780000686645508,27.8700008392334,26.899999618530273,27.049999237060547,22.793277740478516,80017900
2002-11-27,27.530000686645508,28.200000762939453,27.479999542236328,27.90999984741211,23.517940521240234,73643900
2002-11-29,28.209999084472656,28.290000915527344,27.219999313354492,27.719999313354492,23.35784339904785,34652100
2002-12-02,28.420000076293945,28.790000915527344,27.56999969482422,28.0,23.593786239624023,85136000
2002-12-03,27.549999237060547,27.579999923706055,26.93000030517578,27.170000076293945,22.894399642944336,76595500
2002-12-04,26.559999465942383,26.950000762939453,26.209999084472656,26.56999969482422,22.388811111450195,130115900
2002-12-05,26.950000762939453,27.0,26.1299991607666,26.200000762939453,22.077045440673828,84933200
2002-12-06,25.809999465942383,26.719999313354492,25.739999771118164,26.469999313354492,22.304542541503906,81727900
2002-12-09,26.219999313354492,26.549999237060547,25.200000762939453,25.219999313354492,21.25126075744629,75855200
2002-12-10,25.420000076293945,25.950000762939453,25.350000381469727,25.600000381469727,21.571456909179688,69578300
2002-12-11,25.440000534057617,26.06999969482422,25.31999969482422,25.719999313354492,21.672574996948242,64237600
2002-12-12,26.0,26.690000534057617,25.559999465942383,25.860000610351562,21.790546417236328,62296400
2002-12-13,25.520000457763672,25.56999969482422,25.010000228881836,25.040000915527344,21.09958267211914,72647800
2002-12-16,25.219999313354492,25.959999084472656,25.06999969482422,25.850000381469727,21.78212547302246,60278500
2002-12-17,25.809999465942383,26.200000762939453,25.65999984741211,25.93000030517578,21.849533081054688,62562700
2002-12-18,25.549999237060547,25.600000381469727,25.049999237060547,25.3799991607666,21.386075973510742,67130700
2002-12-19,25.170000076293945,25.780000686645508,24.809999465942383,25.059999465942383,21.116443634033203,95969700
2002-12-20,25.329999923706055,25.450000762939453,25.06999969482422,25.31999969482422,21.33551597595215,65578600
2002-12-23,25.18000030517578,25.760000228881836,25.1299991607666,25.670000076293945,21.63043975830078,45941700
2002-12-24,25.5,25.729999542236328,25.31999969482422,25.350000381469727,21.360801696777344,16772700
2002-12-26,25.530000686645508,25.90999984741211,25.170000076293945,25.280000686645508,21.301822662353516,33795400
2002-12-27,25.18000030517578,25.850000381469727,24.75,24.81999969482422,20.914203643798828,42490200
2002-12-30,24.84000015258789,24.969999313354492,24.360000610351562,24.6299991607666,20.75409507751465,57396400
2002-12-31,24.540000915527344,24.709999084472656,24.280000686645508,24.3700008392334,20.535018920898438,46015400
2003-01-02,24.719999313354492,25.549999237060547,24.450000762939453,25.399999618530273,21.402929306030273,65903200
2003-01-03,25.459999084472656,25.709999084472656,25.280000686645508,25.68000030517578,21.638872146606445,39059500
2003-01-06,25.709999084472656,26.59000015258789,25.200000762939453,26.31999969482422,22.178159713745117,67223400
2003-01-07,26.40999984741211,26.93000030517578,26.25,26.649999618530273,22.456220626831055,88726100
2003-01-08,26.389999389648438,26.969999313354492,25.84000015258789,25.899999618530273,21.82425308227539,74989900
2003-01-09,26.239999771118164,26.979999542236328,26.219999313354492,26.700000762939453,22.498353958129883,75391100
2003-01-10,26.350000381469727,27.260000228881836,26.219999313354492,27.100000381469727,22.835412979125977,82594300
2003-01-13,27.329999923706055,27.469999313354492,26.729999542236328,26.940000534057617,22.700584411621094,72870300
2003-01-14,26.90999984741211,27.31999969482422,26.850000381469727,27.079999923706055,22.818553924560547,46993800
2003-01-15,27.239999771118164,27.350000381469727,26.579999923706055,26.739999771118164,22.532058715820312,55131000
2003-01-16,26.790000915527344,26.979999542236328,26.25,26.440000534057617,22.27927589416504,68740300
2003-01-17,25.899999618530273,25.940000534057617,25.270000457763672,25.309999465942383,21.327102661132812,77289400
2003-01-21,25.40999984741211,25.549999237060547,25.020000457763672,25.030000686645508,21.091150283813477,67729600
2003-01-22,24.959999084472656,25.530000686645508,24.8700008392334,24.93000030517578,21.00689697265625,80020200
2003-01-23,25.399999618530273,25.84000015258789,25.110000610351562,25.510000228881836,21.495620727539062,78471100
2003-01-24,25.530000686645508,25.530000686645508,24.639999389648438,24.81999969482422,20.914203643798828,74519700
2003-01-27,24.450000762939453,25.030000686645508,24.3700008392334,24.530000686645508,20.66984748840332,76561000
2003-01-28,24.770000457763672,25.049999237060547,24.420000076293945,24.780000686645508,20.880502700805664,65217200
2003-01-29,24.760000228881836,25.450000762939453,24.34000015258789,25.149999618530273,21.1922664642334,95717500
2003-01-30,25.31999969482422,25.420000076293945,24.489999771118164,24.5,20.64455795288086,70333800
2003-01-31,24.059999465942383,24.760000228881836,24.010000228881836,24.440000534057617,20.59400177001953,90505600
2003-02-03,24.520000457763672,24.790000915527344,24.3799991607666,24.489999771118164,20.636138916015625,53158800
2003-02-04,24.18000030517578,24.299999237060547,23.81999969482422,24.190000534057617,20.383352279663086,68235700
2003-02-05,24.329999923706055,24.860000610351562,24.010000228881836,24.079999923706055,20.290647506713867,80107700
2003-02-06,24.040000915527344,24.350000381469727,23.860000610351562,24.209999084472656,20.400196075439453,103552000
2003-02-07,24.360000610351562,24.450000762939453,23.649999618530273,23.809999465942383,20.06313705444336,72312400
2003-02-10,23.889999389648438,24.25,23.6200008392334,24.020000457763672,20.24010467529297,67572600
2003-02-11,24.25,24.610000610351562,23.920000076293945,24.149999618530273,20.349634170532227,77823300
2003-02-12,24.06999969482422,24.329999923706055,23.780000686645508,23.81999969482422,20.071571350097656,51753000
2003-02-13,23.850000381469727,23.979999542236328,23.31999969482422,23.940000534057617,20.172685623168945,77387400
2003-02-14,23.829999923706055,24.5,23.6200008392334,24.489999771118164,20.636138916015625,67510400
2003-02-18,24.700000762939453,25.34000015258789,24.68000030517578,25.25,21.27654266357422,73976800
2003-02-19,25.200000762939453,25.239999771118164,24.709999084472656,25.079999923706055,21.13328742980957,45541400
2003-02-20,25.149999618530273,25.270000457763672,24.84000015258789,24.979999542236328,21.049028396606445,59759800
2003-02-21,24.93000030517578,25.3700008392334,24.510000228881836,25.170000076293945,21.20911979675293,70228500
2003-02-24,25.1299991607666,25.209999084472656,24.709999084472656,24.739999771118164,20.846797943115234,56646600
2003-02-25,24.450000762939453,24.950000762939453,24.079999923706055,24.770000457763672,20.872072219848633,74440700
2003-02-26,24.68000030517578,24.940000534057617,24.200000762939453,24.219999313354492,20.408620834350586,60005600
2003-02-27,24.420000076293945,24.920000076293945,24.270000457763672,24.770000457763672,20.872072219848633,66424000
2003-02-28,24.809999465942383,25.219999313354492,24.719999313354492,25.15999984741211,21.200702667236328,50185800
2003-03-03,25.270000457763672,25.479999542236328,24.559999465942383,24.649999618530273,20.77095603942871,60414400
2003-03-04,24.65999984741211,24.770000457763672,24.420000076293945,24.5,20.64455795288086,56043500
2003-03-05,24.399999618530273,24.780000686645508,24.31999969482422,24.549999237060547,20.68669891357422,69096500
2003-03-06,24.43000030517578,24.68000030517578,24.229999542236328,24.489999771118164,20.636138916015625,59108600
2003-03-07,24.079999923706055,24.690000534057617,23.959999084472656,24.540000915527344,20.678260803222656,73291000
2003-03-10,24.329999923706055,24.450000762939453,23.90999984741211,24.010000228881836,20.231666564941406,55948000
2003-03-11,24.059999465942383,24.239999771118164,23.780000686645508,23.799999237060547,20.054710388183594,54934200
2003-03-12,23.760000228881836,24.239999771118164,23.540000915527344,24.229999542236328,20.417043685913086,77859800
2003-03-13,24.639999389648438,25.649999618530273,24.399999618530273,25.6200008392334,21.588314056396484,128537600
2003-03-14,25.729999542236328,25.979999542236328,25.360000610351562,25.719999313354492,21.672574996948242,89794400
2003-03-17,25.43000030517578,26.799999237060547,25.350000381469727,26.600000381469727,22.41409683227539,141040800
2003-03-18,26.799999237060547,26.969999313354492,26.420000076293945,26.93000030517578,22.69216537475586,96548700
2003-03-19,26.850000381469727,26.950000762939453,26.329999923706055,26.700000762939453,22.498353958129883,91315100
2003-03-20,26.540000915527344,27.139999389648438,26.170000076293945,26.799999237060547,22.58262062072754,92789700
2003-03-21,27.209999084472656,27.3799991607666,26.200000762939453,27.170000076293945,22.894399642944336,93304600
2003-03-24,26.469999313354492,26.600000381469727,25.969999313354492,26.040000915527344,21.942214965820312,85244500
2003-03-25,26.149999618530273,26.760000228881836,26.010000228881836,26.40999984741211,22.253999710083008,78731500
2003-03-26,26.5,26.770000457763672,26.360000610351562,26.559999465942383,22.380395889282227,67880200
2003-03-27,26.270000457763672,26.649999618530273,26.100000381469727,26.3700008392334,22.22028160095215,64113100
2003-03-28,26.139999389648438,26.43000030517578,25.950000762939453,26.079999923706055,21.975919723510742,45374700
2003-03-31,25.600000381469727,25.729999542236328,25.209999084472656,25.25,21.27654266357422,89345300
2003-04-01,25.440000534057617,25.670000076293945,25.25,25.450000762939453,21.4450626373291,73159500
2003-04-02,26.059999465942383,26.559999465942383,26.030000686645508,26.149999618530273,22.034915924072266,75843800
2003-04-03,26.639999389648438,26.850000381469727,26.309999465942383,26.479999542236328,22.31297492980957,70138200
2003-04-04,26.56999969482422,26.600000381469727,25.969999313354492,26.049999237060547,21.950647354125977,65665700
2003-04-07,27.110000610351562,27.200000762939453,26.06999969482422,26.09000015258789,21.98435401916504,83842700
2003-04-08,26.149999618530273,26.290000915527344,25.8799991607666,26.059999465942383,21.959075927734375,54250600
2003-04-09,26.100000381469727,26.280000686645508,25.40999984741211,25.459999084472656,21.453495025634766,76457100
2003-04-10,25.459999084472656,25.770000457763672,25.299999237060547,25.770000457763672,21.71471405029297,57017500
2003-04-11,26.020000457763672,26.15999984741211,25.360000610351562,25.510000228881836,21.495620727539062,67974500
2003-04-14,25.600000381469727,26.139999389648438,25.489999771118164,26.030000686645508,21.93378448486328,52476200
2003-04-15,25.969999313354492,26.459999084472656,25.850000381469727,26.280000686645508,22.144447326660156,64655700
2003-04-16,26.649999618530273,26.829999923706055,26.1200008392334,26.219999313354492,22.093889236450195,70711600
2003-04-17,26.15999984741211,26.979999542236328,26.149999618530273,26.81999969482422,22.59947395324707,70179900
2003-04-21,26.940000534057617,27.100000381469727,26.6200008392334,26.920000076293945,22.683734893798828,52729600
2003-04-22,26.729999542236328,27.459999084472656,26.649999618530273,27.43000030517578,23.113487243652344,70757200
2003-04-23,27.5,27.75,27.260000228881836,27.6299991607666,23.282007217407227,70327100
2003-04-24,27.360000610351562,27.75,27.270000457763672,27.479999542236328,23.155614852905273,72383900
2003-04-25,27.31999969482422,27.420000076293945,26.860000610351562,26.950000762939453,22.709014892578125,63277900
2003-04-28,27.049999237060547,27.6299991607666,26.950000762939453,27.479999542236328,23.155614852905273,59666200
2003-04-29,27.639999389648438,28.059999465942383,27.40999984741211,27.729999542236328,23.366273880004883,79903800
2003-04-30,27.649999618530273,27.790000915527344,27.43000030517578,27.450000762939453,23.130325317382812,60202100
2003-05-01,27.440000534057617,27.8700008392334,27.190000534057617,27.690000534057617,23.332563400268555,66022600
2003-05-02,27.610000610351562,28.290000915527344,27.56999969482422,28.280000686645508,23.8297176361084,85004100
2003-05-05,28.329999923706055,28.709999084472656,28.170000076293945,28.25,23.8044490814209,80520300
2003-05-06,28.219999313354492,28.899999618530273,28.209999084472656,28.610000610351562,24.1077823638916,77338300
2003-05-07,28.40999984741211,28.690000534057617,28.1200008392334,28.290000915527344,23.838151931762695,70353200
2003-05-08,27.850000381469727,28.190000534057617,27.760000228881836,27.770000457763672,23.39998435974121,80249100
2003-05-09,28.040000915527344,28.479999542236328,28.0,28.40999984741211,23.939260482788086,58528200
2003-05-12,28.360000610351562,28.959999084472656,28.170000076293945,28.84000015258789,24.301599502563477,67487300
2003-05-13,28.6299991607666,28.989999771118164,28.540000915527344,28.65999984741211,24.149921417236328,64934300
2003-05-14,28.8700008392334,28.969999313354492,28.360000610351562,28.600000381469727,24.099361419677734,62181200
2003-05-15,28.75,28.979999542236328,28.559999465942383,28.920000076293945,24.369007110595703,62232100
2003-05-16,28.729999542236328,28.940000534057617,28.479999542236328,28.700000762939453,24.183637619018555,70590400
2003-05-19,28.520000457763672,28.68000030517578,27.610000610351562,27.690000534057617,23.332563400268555,91334800
2003-05-20,27.760000228881836,27.959999084472656,27.40999984741211,27.770000457763672,23.39998435974121,71817800
2003-05-21,27.649999618530273,27.75,27.440000534057617,27.690000534057617,23.332563400268555,63648500
2003-05-22,27.760000228881836,28.31999969482422,27.6200008392334,28.09000015258789,23.669618606567383,62401400
2003-05-23,28.040000915527344,28.25,27.950000762939453,28.100000381469727,23.678058624267578,37922500
2003-05-27,27.93000030517578,29.219999313354492,27.899999618530273,29.100000381469727,24.520687103271484,101422100
2003-05-28,29.15999984741211,29.399999618530273,28.959999084472656,29.190000534057617,24.596513748168945,76290400
2003-05-29,29.229999542236328,29.799999237060547,29.15999984741211,29.309999465942383,24.6976261138916,97336000
2003-05-30,29.530000686645508,29.8700008392334,29.450000762939453,29.790000915527344,25.10209846496582,78093700
2003-06-02,30.079999923706055,30.200000762939453,29.309999465942383,29.579999923706055,24.92514991760254,102937000
2003-06-03,29.440000534057617,29.8799991607666,29.329999923706055,29.860000610351562,25.161081314086914,81672600
2003-06-04,29.809999465942383,30.579999923706055,29.719999313354492,30.420000076293945,25.632959365844727,87046100
2003-06-05,30.1299991607666,30.68000030517578,29.969999313354492,30.639999389648438,25.81833839416504,88747900
2003-06-06,31.209999084472656,31.469999313354492,30.040000915527344,30.1299991607666,25.388599395751953,157178100
2003-06-09,30.0,30.219999313354492,29.530000686645508,29.729999542236328,25.051549911499023,94941800
2003-06-10,29.860000610351562,30.200000762939453,29.68000030517578,30.18000030517578,25.43073081970215,69660100
2003-06-11,30.06999969482422,30.639999389648438,29.799999237060547,30.520000457763672,25.71722984313965,87338200
2003-06-12,30.639999389648438,30.75,30.260000228881836,30.649999618530273,25.82676124572754,79450500
2003-06-13,30.65999984741211,30.729999542236328,29.860000610351562,29.959999084472656,25.245342254638672,83353600
2003-06-16,30.170000076293945,30.899999618530273,30.0,30.8799991607666,26.02057647705078,71211800
2003-06-17,31.020000457763672,31.110000610351562,30.559999465942383,30.760000228881836,25.919456481933594,67571200
2003-06-18,30.65999984741211,31.229999542236328,30.450000762939453,30.920000076293945,26.054279327392578,80215700
2003-06-19,30.979999542236328,31.239999771118164,30.3799991607666,30.420000076293945,25.632959365844727,79467200
2003-06-20,30.690000534057617,30.780000686645508,30.25,30.3799991607666,25.599246978759766,71512400
2003-06-23,30.329999923706055,30.3700008392334,29.559999465942383,29.90999984741211,25.203214645385742,86509400
2003-06-24,29.729999542236328,30.1299991607666,29.530000686645508,29.68000030517578,25.009408950805664,83004400
2003-06-25,29.670000076293945,30.18000030517578,29.469999313354492,29.520000457763672,24.87458610534668,94255300
2003-06-26,29.709999084472656,30.280000686645508,29.610000610351562,30.219999313354492,25.46443748474121,79187500
2003-06-27,30.25,30.56999969482422,29.770000457763672,29.829999923706055,25.135805130004883,82451900
2003-06-30,30.15999984741211,30.34000015258789,29.799999237060547,29.950000762939453,25.236907958984375,72043000
2003-07-01,29.700000762939453,30.3799991607666,29.260000228881836,30.350000381469727,25.5739803314209,105852500
2003-07-02,30.40999984741211,30.989999771118164,30.3799991607666,30.969999313354492,26.096403121948242,81972500
2003-07-03,30.700000762939453,31.100000381469727,30.469999313354492,30.579999923706055,25.767776489257812,50050400
2003-07-07,30.969999313354492,31.899999618530273,30.959999084472656,31.889999389648438,26.87163734436035,88554600
2003-07-08,31.780000686645508,32.310001373291016,31.6200008392334,32.279998779296875,27.200258255004883,81874500
2003-07-09,32.18000030517578,32.4900016784668,31.93000030517578,32.20000076293945,27.132854461669922,89588400
2003-07-10,31.850000381469727,31.989999771118164,31.329999923706055,31.600000381469727,26.62726593017578,102928700
2003-07-11,31.649999618530273,31.989999771118164,31.610000610351562,31.84000015258789,26.829511642456055,67728100
2003-07-14,32.34000015258789,32.75,32.06999969482422,32.220001220703125,27.149707794189453,84524600
2003-07-15,32.529998779296875,32.650001525878906,31.940000534057617,32.2599983215332,27.18340301513672,75059000
2003-07-16,32.459999084472656,32.5,31.729999542236328,32.15999984741211,27.09914207458496,80138700
2003-07-17,31.68000030517578,31.84000015258789,31.040000915527344,31.18000030517578,26.273361206054688,116260400
2003-07-18,31.399999618530273,31.549999237060547,30.920000076293945,31.280000686645508,26.357622146606445,80519000
2003-07-21,31.239999771118164,31.299999237060547,30.610000610351562,30.8799991607666,26.02057647705078,111325300
2003-07-22,31.110000610351562,31.5,30.860000610351562,31.34000015258789,26.40818977355957,91471500
2003-07-23,31.389999389648438,31.639999389648438,30.989999771118164,31.600000381469727,26.62726593017578,69050400
2003-07-24,31.850000381469727,32.02000045776367,31.079999923706055,31.18000030517578,26.273361206054688,82999700
2003-07-25,31.1299991607666,31.84000015258789,30.770000457763672,31.799999237060547,26.795799255371094,82709600
2003-07-28,31.860000610351562,31.989999771118164,31.600000381469727,31.889999389648438,26.87163734436035,56180800
2003-07-29,31.93000030517578,32.02000045776367,31.239999771118164,31.649999618530273,26.669403076171875,80560100
2003-07-30,31.709999084472656,31.739999771118164,31.329999923706055,31.420000076293945,26.47559356689453,56617300
2003-07-31,31.790000915527344,32.33000183105469,31.520000457763672,31.799999237060547,26.795799255371094,85544100
2003-08-01,31.690000534057617,31.790000915527344,31.299999237060547,31.459999084472656,26.509294509887695,73545400
2003-08-04,31.420000076293945,31.799999237060547,30.84000015258789,31.450000762939453,26.500869750976562,96344600
2003-08-05,31.40999984741211,31.479999542236328,30.100000381469727,30.209999084472656,25.456005096435547,111041800
2003-08-06,30.360000610351562,30.770000457763672,30.100000381469727,30.190000534057617,25.439159393310547,96816000
2003-08-07,30.219999313354492,30.510000228881836,30.020000457763672,30.309999465942383,25.54026222229004,67326600
2003-08-08,30.43000030517578,30.549999237060547,29.93000030517578,30.06999969482422,25.338048934936523,66677100
2003-08-11,30.079999923706055,30.600000381469727,30.030000686645508,30.399999618530273,25.616106033325195,63712200
2003-08-12,30.510000228881836,30.899999618530273,30.329999923706055,30.860000610351562,26.00372314453125,59676100
2003-08-13,30.979999542236328,31.06999969482422,30.649999618530273,30.8700008392334,26.012144088745117,57969700
2003-08-14,30.8799991607666,31.190000534057617,30.670000076293945,30.899999618530273,26.037425994873047,50271500
2003-08-15,31.0,31.290000915527344,30.93000030517578,31.170000076293945,26.26494026184082,28116300
2003-08-18,31.309999465942383,32.0099983215332,31.229999542236328,31.969999313354492,26.93903923034668,67224100
2003-08-19,32.11000061035156,32.380001068115234,31.850000381469727,32.369998931884766,27.27610206604004,68205000
2003-08-20,32.099998474121094,32.52000045776367,32.02000045776367,32.290000915527344,27.20867347717285,58233500
2003-08-21,32.59000015258789,32.81999969482422,32.27000045776367,32.63999938964844,27.503610610961914,77161400
2003-08-22,33.2599983215332,33.369998931884766,32.380001068115234,32.439998626708984,27.335086822509766,92989800
2003-08-25,32.36000061035156,32.540000915527344,32.209999084472656,32.5099983215332,27.39406394958496,43044700
2003-08-26,32.279998779296875,32.59000015258789,31.809999465942383,32.540000915527344,27.419343948364258,79838500
2003-08-27,32.4900016784668,32.83000183105469,32.369998931884766,32.79999923706055,27.638429641723633,47532100
2003-08-28,32.939998626708984,33.119998931884766,32.52000045776367,33.09000015258789,27.882797241210938,55311000
2003-08-29,33.040000915527344,33.459999084472656,32.97999954223633,33.38999938964844,28.135583877563477,53148800
2003-09-02,33.4900016784668,33.88999938964844,33.130001068115234,33.869998931884766,28.54005241394043,80303100
2003-09-03,34.099998474121094,34.20000076293945,33.650001525878906,33.849998474121094,28.5231990814209,85234800
2003-09-04,33.83000183105469,34.220001220703125,33.70000076293945,34.15999984741211,28.784420013427734,63736100
2003-09-05,33.970001220703125,34.34000015258789,33.66999816894531,33.939998626708984,28.599037170410156,91024100
2003-09-08,34.0,34.529998779296875,33.95000076293945,34.5,29.0709171295166,69296000
2003-09-09,34.31999969482422,34.38999938964844,33.91999816894531,34.09000015258789,28.72543716430664,87817500
2003-09-10,33.75,33.88999938964844,33.11000061035156,33.27000045776367,28.03446388244629,111624500
2003-09-11,33.279998779296875,33.779998779296875,33.0099983215332,33.63999938964844,28.346248626708984,96914900
2003-09-12,33.34000015258789,33.84000015258789,33.04999923706055,33.81999969482422,28.4979248046875,104963000
2003-09-15,33.84000015258789,33.90999984741211,33.439998626708984,33.4900016784668,28.2198543548584,54594200
2003-09-16,33.52000045776367,34.43000030517578,33.52000045776367,34.400001525878906,28.986637115478516,87463800
2003-09-17,34.33000183105469,34.5,34.029998779296875,34.2599983215332,28.868671417236328,79794700
2003-09-18,34.16999816894531,34.86000061035156,34.0,34.779998779296875,29.306852340698242,91469900
2003-09-19,34.790000915527344,34.86000061035156,34.36000061035156,34.58000183105469,29.138328552246094,69796000
2003-09-22,34.130001068115234,34.20000076293945,33.77000045776367,33.91999816894531,28.582178115844727,97477500
2003-09-23,33.970001220703125,34.560001373291016,33.90999984741211,34.52000045776367,29.087766647338867,77826500
2003-09-24,34.5099983215332,34.52000045776367,33.16999816894531,33.220001220703125,27.99233627319336,115057400
2003-09-25,33.380001068115234,33.7400016784668,32.7599983215332,32.790000915527344,27.62999725341797,117604800
2003-09-26,32.88999938964844,33.16999816894531,32.52000045776367,32.58000183105469,27.45305061340332,106581000
2003-09-29,32.7599983215332,33.16999816894531,32.45000076293945,33.13999938964844,27.92493438720703,96862800
2003-09-30,32.91999816894531,32.959999084472656,32.36000061035156,32.41999816894531,27.318225860595703,119122500
2003-10-01,32.61000061035156,33.22999954223633,32.41999816894531,33.150001525878906,27.933351516723633,106653600
2003-10-02,33.099998474121094,33.43000030517578,32.93000030517578,33.2599983215332,28.02604866027832,83911100
2003-10-03,33.849998474121094,34.470001220703125,33.81999969482422,34.189998626708984,28.809688568115234,112862800
2003-10-06,34.279998779296875,34.45000076293945,34.060001373291016,34.439998626708984,29.020349502563477,49162900
2003-10-07,34.15999984741211,34.650001525878906,34.0099983215332,34.650001525878906,29.197298049926758,80104600
2003-10-08,34.810001373291016,34.84000015258789,34.220001220703125,34.43000030517578,29.01192855834961,71387400
2003-10-09,34.90999984741211,35.27000045776367,34.43000030517578,34.689998626708984,29.231002807617188,118216100
2003-10-10,34.77000045776367,35.029998779296875,34.63999938964844,35.0099983215332,29.50063705444336,68356200
2003-10-13,35.13999938964844,35.369998931884766,34.91999816894531,35.2400016784668,29.6944580078125,60919800
2003-10-14,35.099998474121094,35.43000030517578,34.959999084472656,35.33000183105469,29.77029800415039,62274900
2003-10-15,35.79999923706055,35.849998474121094,35.029998779296875,35.18000030517578,29.643901824951172,97045200
2003-10-16,35.099998474121094,35.529998779296875,35.060001373291016,35.459999084472656,29.879831314086914,73955000
2003-10-17,35.40999984741211,35.4900016784668,34.599998474121094,34.61000061035156,29.163597106933594,97794400
2003-10-20,34.650001525878906,35.08000183105469,34.5,35.040000915527344,29.52593994140625,75544300
2003-10-21,35.13999938964844,35.45000076293945,34.939998626708984,35.25,29.70289421081543,73455600
2003-10-22,34.88999938964844,34.93000030517578,34.439998626708984,34.56999969482422,29.129894256591797,88141400
2003-10-23,34.150001525878906,34.5099983215332,34.04999923706055,34.16999816894531,28.79283905029297,95409600
2003-10-24,33.790000915527344,34.22999954223633,33.4900016784668,34.20000076293945,28.8181209564209,101778600
2003-10-27,34.279998779296875,34.45000076293945,34.040000915527344,34.209999084472656,28.826528549194336,63604500
2003-10-28,34.43000030517578,35.40999984741211,34.369998931884766,35.36000061035156,29.795574188232422,107375700
2003-10-29,35.20000076293945,35.40999984741211,35.06999969482422,35.31999969482422,29.761878967285156,74075200
2003-10-30,35.810001373291016,36.0,35.13999938964844,35.38999938964844,29.82085418701172,95062600
2003-10-31,35.439998626708984,35.4900016784668,35.060001373291016,35.18000030517578,29.643901824951172,55473200
2003-11-03,35.43000030517578,35.97999954223633,35.36000061035156,35.7599983215332,30.132625579833984,71141200
2003-11-04,35.689998626708984,35.869998931884766,35.45000076293945,35.52000045776367,29.930408477783203,60033900
2003-11-05,35.52000045776367,35.88999938964844,35.150001525878906,35.84000015258789,30.20003318786621,67412700
2003-11-06,35.790000915527344,35.970001220703125,35.34000015258789,35.939998626708984,30.284303665161133,90567400
2003-11-07,36.08000183105469,36.18000030517578,35.599998474121094,35.630001068115234,30.023094177246094,63505200
2003-11-10,35.70000076293945,35.7400016784668,35.09000015258789,35.189998626708984,29.65233039855957,68896400
2003-11-11,35.150001525878906,35.29999923706055,34.849998474121094,35.060001373291016,29.542776107788086,75607100
2003-11-12,35.16999816894531,35.959999084472656,35.13999938964844,35.810001373291016,30.17476463317871,80364600
2003-11-13,35.709999084472656,35.900001525878906,35.54999923706055,35.77000045776367,30.141063690185547,64243000
2003-11-14,35.810001373291016,36.02000045776367,34.95000076293945,35.040000915527344,29.52593994140625,90932200
2003-11-17,34.84000015258789,34.90999984741211,34.2599983215332,34.68000030517578,29.222585678100586,108063100
2003-11-18,34.869998931884766,34.970001220703125,33.81999969482422,33.880001068115234,28.548484802246094,108588500
2003-11-19,34.0099983215332,34.400001525878906,33.880001068115234,34.209999084472656,28.826528549194336,86320300
2003-11-20,33.91999816894531,34.68000030517578,33.810001373291016,33.880001068115234,28.548484802246094,117324500
2003-11-21,34.08000183105469,34.2599983215332,33.72999954223633,34.22999954223633,28.84340476989746,81787500
2003-11-24,34.52000045776367,35.25,34.470001220703125,35.18000030517578,29.643901824951172,92057500
2003-11-25,35.290000915527344,35.45000076293945,35.09000015258789,35.18000030517578,29.643901824951172,72519800
2003-11-26,35.400001525878906,35.52000045776367,34.810001373291016,35.34000015258789,29.778718948364258,72842900
2003-11-28,35.2599983215332,35.5,35.209999084472656,35.380001068115234,29.81243324279785,24802600
2003-12-01,35.709999084472656,36.0099983215332,35.470001220703125,35.900001525878906,30.2506046295166,82767300
2003-12-02,35.81999969482422,36.04999923706055,35.58000183105469,35.70000076293945,30.082067489624023,62504500
2003-12-03,35.84000015258789,36.119998931884766,35.25,35.25,29.70289421081543,107568500
2003-12-04,35.380001068115234,35.709999084472656,35.08000183105469,35.630001068115234,30.023094177246094,102334800
2003-12-05,35.27000045776367,35.5,34.959999084472656,35.040000915527344,29.52593994140625,87490200
2003-12-08,35.02000045776367,35.33000183105469,34.779998779296875,35.2400016784668,29.6944580078125,86961200
2003-12-09,35.439998626708984,35.459999084472656,34.349998474121094,34.43000030517578,29.01192855834961,109949500
2003-12-10,34.5,34.70000076293945,34.130001068115234,34.560001373291016,29.121471405029297,103504200
2003-12-11,34.5,35.38999938964844,34.4900016784668,35.29999923706055,29.745014190673828,108374700
2003-12-12,35.310001373291016,35.34000015258789,34.900001525878906,35.2400016784668,29.6944580078125,72189400
2003-12-15,35.93000030517578,35.9900016784668,34.650001525878906,34.779998779296875,29.306852340698242,106091400
2003-12-16,34.790000915527344,35.02000045776367,34.41999816894531,34.849998474121094,29.365842819213867,89854700
2003-12-17,34.810001373291016,35.0,34.56999969482422,34.90999984741211,29.416391372680664,68539900
2003-12-18,34.95000076293945,35.63999938964844,34.95000076293945,35.560001373291016,29.96412467956543,89978100
2003-12-19,35.61000061035156,35.650001525878906,35.20000076293945,35.459999084472656,29.879831314086914,89762300
2003-12-22,35.349998474121094,35.68000030517578,35.290000915527344,35.56999969482422,29.972543716430664,63580000
2003-12-23,35.599998474121094,36.02000045776367,35.529998779296875,35.84000015258789,30.20003318786621,66999800
2003-12-24,35.84000015258789,36.02000045776367,35.79999923706055,35.900001525878906,30.262420654296875,44840300
2003-12-26,35.959999084472656,36.09000015258789,35.81999969482422,35.849998474121094,30.22026252746582,25497600
2003-12-29,36.029998779296875,36.529998779296875,36.02000045776367,36.439998626708984,30.717622756958008,63296200
2003-12-30,36.529998779296875,36.58000183105469,36.29999923706055,36.560001373291016,30.818777084350586,48249400
2003-12-31,36.619998931884766,36.63999938964844,36.25,36.459999084472656,30.734477996826172,60494600
2004-01-02,36.65999984741211,36.790000915527344,36.220001220703125,36.36000061035156,30.65018653869629,55234100
2004-01-05,36.58000183105469,37.15999984741211,36.560001373291016,37.09000015258789,31.265554428100586,69717900
2004-01-06,37.08000183105469,37.41999816894531,36.95000076293945,37.34000015258789,31.476287841796875,60033000
2004-01-07,37.279998779296875,37.68000030517578,37.06999969482422,37.68000030517578,31.762908935546875,71830000
2004-01-08,37.849998474121094,38.0,37.599998474121094,37.97999954223633,32.015804290771484,76800900
2004-01-09,37.709999084472656,38.349998474121094,37.59000015258789,37.72999954223633,31.805038452148438,94296500
2004-01-12,37.849998474121094,38.349998474121094,37.68000030517578,38.33000183105469,32.31083679199219,77668400
2004-01-13,38.27000045776367,38.36000061035156,37.599998474121094,37.95000076293945,31.990501403808594,92973900
2004-01-14,38.08000183105469,38.25,37.75,38.08000183105469,32.10008239746094,68122400
2004-01-15,37.93000030517578,38.459999084472656,37.630001068115234,38.18000030517578,32.18438720703125,104427700
2004-01-16,38.380001068115234,38.630001068115234,38.16999816894531,38.56999969482422,32.51313781738281,77324100
2004-01-20,38.72999954223633,39.0,38.310001373291016,38.540000915527344,32.487850189208984,81998100
2004-01-21,38.38999938964844,38.65999984741211,38.0,38.380001068115234,32.352970123291016,112180300
2004-01-22,38.54999923706055,38.689998626708984,38.060001373291016,38.150001525878906,32.15909194946289,90061900
2004-01-23,38.209999084472656,38.459999084472656,37.779998779296875,38.0099983215332,32.041072845458984,88751300
2004-01-26,37.97999954223633,38.650001525878906,37.84000015258789,38.59000015258789,32.52999496459961,84538000
2004-01-27,38.5099983215332,38.630001068115234,37.689998626708984,37.7400016784668,31.813480377197266,97191600
2004-01-28,37.939998626708984,38.060001373291016,37.0,37.099998474121094,31.27397346496582,127959700
2004-01-29,37.2400016784668,37.310001373291016,36.65999984741211,37.2400016784668,31.3919734954834,143925900
2004-01-30,37.20000076293945,37.439998626708984,36.970001220703125,37.06999969482422,31.248706817626953,84264700
2004-02-02,37.20000076293945,37.47999954223633,36.81999969482422,36.970001220703125,31.164392471313477,94507900
2004-02-03,36.90999984741211,37.2400016784668,36.84000015258789,36.93000030517578,31.13067626953125,73488700
2004-02-04,36.619998931884766,36.86000061035156,36.33000183105469,36.33000183105469,30.624900817871094,109933000
2004-02-05,36.5099983215332,36.709999084472656,36.33000183105469,36.470001220703125,30.742923736572266,96784500
2004-02-06,36.599998474121094,37.279998779296875,36.529998779296875,37.130001068115234,31.29927635192871,107174100
2004-02-09,37.34000015258789,37.380001068115234,37.04999923706055,37.119998931884766,31.29084014892578,58817700
2004-02-10,37.060001373291016,37.40999984741211,37.029998779296875,37.18000030517578,31.34143829345703,65042700
2004-02-11,37.2400016784668,37.66999816894531,37.06999969482422,37.58000183105469,31.67860984802246,92503000
2004-02-12,37.52000045776367,37.70000076293945,37.2400016784668,37.25,31.400426864624023,70556400
2004-02-13,37.38999938964844,37.970001220703125,36.7599983215332,36.939998626708984,31.139097213745117,90570400
2004-02-17,37.279998779296875,37.619998931884766,37.220001220703125,37.439998626708984,31.560604095458984,69678600
2004-02-18,37.5099983215332,37.66999816894531,37.31999969482422,37.54999923706055,31.6533145904541,70972100
2004-02-19,37.869998931884766,37.900001525878906,36.81999969482422,36.97999954223633,31.172822952270508,100843800
2004-02-20,37.0,37.13999938964844,36.54999923706055,36.86000061035156,31.071657180786133,132347600
2004-02-23,37.0,37.029998779296875,36.11000061035156,36.45000076293945,30.726055145263672,125199800
2004-02-24,36.29999923706055,36.650001525878906,36.099998474121094,36.36000061035156,30.65018653869629,124521900
2004-02-25,36.43000030517578,36.66999816894531,36.33000183105469,36.58000183105469,30.835641860961914,74457100
2004-02-26,36.470001220703125,36.84000015258789,36.310001373291016,36.66999816894531,30.91150665283203,71327600
2004-02-27,36.7599983215332,36.939998626708984,36.27000045776367,36.56999969482422,30.827190399169922,99383900
2004-03-01,36.68000030517578,37.06999969482422,36.470001220703125,37.04999923706055,31.231834411621094,79700700
2004-03-02,36.97999954223633,37.18000030517578,36.61000061035156,36.619998931884766,30.869356155395508,91536000
2004-03-03,36.5099983215332,36.630001068115234,36.209999084472656,36.41999816894531,30.700761795043945,83938300
2004-03-04,36.439998626708984,36.83000183105469,36.38999938964844,36.7599983215332,30.987377166748047,65905600
2004-03-05,36.41999816894531,37.150001525878906,36.36000061035156,36.630001068115234,30.877792358398438,118107100
2004-03-08,36.689998626708984,36.81999969482422,35.72999954223633,35.77000045776367,30.152849197387695,112599500
2004-03-09,35.810001373291016,35.97999954223633,35.52000045776367,35.65999984741211,30.06011199951172,126140400
2004-03-10,35.75,36.0,35.130001068115234,35.189998626708984,29.663925170898438,134226100
2004-03-11,35.06999969482422,35.529998779296875,34.79999923706055,34.869998931884766,29.394176483154297,152132000
2004-03-12,35.18000030517578,35.59000015258789,35.150001525878906,35.5099983215332,29.93366050720215,118369600
2004-03-15,35.36000061035156,35.400001525878906,34.810001373291016,34.88999938964844,29.41103172302246,115813600
2004-03-16,35.11000061035156,35.25,34.630001068115234,34.95000076293945,29.46160125732422,123265100
2004-03-17,35.209999084472656,35.619998931884766,35.18000030517578,35.5,29.925228118896484,91684700
2004-03-18,35.369998931884766,35.459999084472656,34.970001220703125,35.34000015258789,29.790353775024414,111249700
2004-03-19,35.279998779296875,35.459999084472656,34.720001220703125,34.75,29.293018341064453,99976700
2004-03-22,34.529998779296875,34.54999923706055,34.029998779296875,34.310001373291016,28.922101974487305,133870400
2004-03-23,34.59000015258789,34.650001525878906,34.0099983215332,34.029998779296875,28.686080932617188,125945800
2004-03-24,34.150001525878906,34.630001068115234,34.0099983215332,34.41999816894531,29.01483154296875,118876800
2004-03-25,34.650001525878906,35.459999084472656,34.619998931884766,35.34000015258789,29.790353775024414,142122000
2004-03-26,35.29999923706055,35.58000183105469,35.20000076293945,35.220001220703125,29.689224243164062,78430800
2004-03-29,35.5099983215332,35.959999084472656,35.4900016784668,35.790000915527344,30.169679641723633,103864000
2004-03-30,35.66999816894531,35.939998626708984,35.52000045776367,35.90999984741211,30.27085304260254,95716500
2004-03-31,35.91999816894531,36.0,35.61000061035156,35.84000015258789,30.211851119995117,85993900
2004-04-01,35.810001373291016,36.25,35.779998779296875,36.15999984741211,30.48160171508789,93048600
2004-04-02,36.88999938964844,37.15999984741211,36.52000045776367,37.099998474121094,31.27397346496582,145964000
2004-04-05,37.0099983215332,37.5,36.970001220703125,37.45000076293945,31.569011688232422,67351600
2004-04-06,37.15999984741211,37.25,36.91999816894531,36.97999954223633,31.172822952270508,98611400
2004-04-07,36.9900016784668,37.11000061035156,36.65999984741211,36.939998626708984,31.139097213745117,91004900
2004-04-08,37.349998474121094,37.38999938964844,36.7400016784668,36.939998626708984,31.139097213745117,77176300
2004-04-12,37.02000045776367,37.2400016784668,36.97999954223633,37.16999816894531,31.332983016967773,55285700
2004-04-13,37.34000015258789,37.36000061035156,36.459999084472656,36.630001068115234,30.877792358398438,100624400
2004-04-14,36.40999984741211,36.95000076293945,36.36000061035156,36.810001373291016,31.029523849487305,113663200
2004-04-15,36.75,36.86000061035156,36.02000045776367,36.150001525878906,30.473155975341797,123565500
2004-04-16,36.20000076293945,36.31999969482422,35.790000915527344,36.09000015258789,30.42258071899414,110736600
2004-04-19,36.0099983215332,36.59000015258789,35.97999954223633,36.529998779296875,30.793476104736328,85838700
2004-04-20,36.61000061035156,36.790000915527344,35.63999938964844,35.68000030517578,30.07697296142578,119545100
2004-04-21,35.900001525878906,36.11000061035156,35.650001525878906,35.9900016784668,30.338289260864258,117850500
2004-04-22,36.0,37.0099983215332,35.97999954223633,36.91999816894531,31.12224006652832,137623300
2004-04-23,37.08000183105469,37.2599983215332,36.900001525878906,37.209999084472656,31.366697311401367,91855600
2004-04-26,37.18000030517578,37.290000915527344,36.650001525878906,36.939998626708984,31.139097213745117,74392200
2004-04-27,36.95000076293945,37.189998626708984,36.689998626708984,36.869998931884766,31.080095291137695,87548500
2004-04-28,36.709999084472656,36.720001220703125,36.02000045776367,36.20000076293945,30.51530647277832,111740700
2004-04-29,36.09000015258789,36.34000015258789,35.29999923706055,35.63999938964844,30.04325294494629,156917100
2004-04-30,35.65999984741211,35.79999923706055,34.720001220703125,34.77000045776367,29.30988121032715,150829200
2004-05-03,35.0,35.52000045776367,34.88999938964844,35.099998474121094,29.588050842285156,117007200
2004-05-04,35.209999084472656,35.75,35.029998779296875,35.25,29.714494705200195,126176000
2004-05-05,35.41999816894531,35.70000076293945,35.20000076293945,35.529998779296875,29.950523376464844,97528500
2004-05-06,35.22999954223633,35.439998626708984,34.849998474121094,35.2599983215332,29.72293472290039,102733300
2004-05-07,35.09000015258789,35.63999938964844,34.90999984741211,34.970001220703125,29.478477478027344,137686000
2004-05-10,34.66999816894531,34.900001525878906,34.41999816894531,34.66999816894531,29.225570678710938,156951400
2004-05-11,34.970001220703125,35.380001068115234,34.91999816894531,35.189998626708984,29.663925170898438,120493600
2004-05-12,35.119998931884766,35.290000915527344,34.27000045776367,35.2599983215332,29.72293472290039,197765400
2004-05-13,35.060001373291016,35.45000076293945,34.91999816894531,35.0099983215332,29.512174606323242,137841700
2004-05-14,35.20000076293945,35.310001373291016,34.63999938964844,34.75,29.293018341064453,133689900
2004-05-17,34.380001068115234,34.65999984741211,34.11000061035156,34.41999816894531,29.01483154296875,150652400
2004-05-18,34.65999984741211,34.900001525878906,34.599998474121094,34.72999954223633,29.27616310119629,96686400
2004-05-19,35.15999984741211,35.5099983215332,34.630001068115234,34.689998626708984,29.242429733276367,141646900
2004-05-20,34.779998779296875,35.02000045776367,34.560001373291016,34.849998474121094,29.377309799194336,94938500
2004-05-21,35.0099983215332,35.16999816894531,34.7400016784668,35.02000045776367,29.520597457885742,111329200
2004-05-24,35.29999923706055,35.459999084472656,35.0,35.2599983215332,29.72293472290039,99861800
2004-05-25,35.150001525878906,36.08000183105469,34.95000076293945,35.959999084472656,30.31300926208496,146321400
2004-05-26,35.86000061035156,36.189998626708984,35.810001373291016,36.189998626708984,30.506879806518555,93789700
2004-05-27,36.290000915527344,36.5,36.060001373291016,36.41999816894531,30.700761795043945,110183400
2004-05-28,36.380001068115234,36.54999923706055,36.209999084472656,36.54999923706055,30.810348510742188,56379500
2004-06-01,36.27000045776367,36.54999923706055,36.11000061035156,36.5,30.768213272094727,90592700
2004-06-02,36.560001373291016,36.65999984741211,36.16999816894531,36.41999816894531,30.700761795043945,103519800
2004-06-03,36.29999923706055,36.36000061035156,35.81999969482422,35.97999954223633,30.32987403869629,97301400
2004-06-04,36.34000015258789,36.619998931884766,36.16999816894531,36.189998626708984,30.506879806518555,91233200
2004-06-07,36.439998626708984,37.099998474121094,36.34000015258789,37.04999923706055,31.231834411621094,107532600
2004-06-08,36.900001525878906,37.189998626708984,36.849998474121094,37.099998474121094,31.27397346496582,72530900
2004-06-09,36.97999954223633,37.04999923706055,36.5,36.58000183105469,30.835641860961914,98215200
2004-06-10,36.689998626708984,36.84000015258789,36.54999923706055,36.84000015258789,31.054821014404297,57101300
2004-06-14,36.61000061035156,36.61000061035156,36.099998474121094,36.31999969482422,30.616479873657227,85129900
2004-06-15,36.560001373291016,36.9900016784668,36.560001373291016,36.790000915527344,31.012653350830078,91937700
2004-06-16,36.77000045776367,36.900001525878906,36.650001525878906,36.72999954223633,30.962085723876953,64743300
2004-06-17,36.650001525878906,36.65999984741211,36.25,36.38999938964844,30.675472259521484,77844200
2004-06-18,36.29999923706055,36.84000015258789,36.2599983215332,36.439998626708984,30.717622756958008,78641500
2004-06-21,36.52000045776367,36.630001068115234,36.060001373291016,36.150001525878906,30.473155975341797,65373100
2004-06-22,36.15999984741211,36.70000076293945,36.02000045776367,36.68000030517578,30.919923782348633,101524300
2004-06-23,36.56999969482422,37.189998626708984,36.5099983215332,37.119998931884766,31.29084014892578,94393900
2004-06-24,37.02000045776367,37.349998474121094,36.91999816894531,37.04999923706055,31.231834411621094,92343200
2004-06-25,37.0,37.38999938964844,36.97999954223633,37.33000183105469,31.467870712280273,81005400
2004-06-28,37.4900016784668,37.52000045776367,36.900001525878906,37.02000045776367,31.2065372467041,94033200
2004-06-29,37.099998474121094,37.59000015258789,37.08000183105469,37.369998931884766,31.501571655273438,68265900
2004-06-30,37.45000076293945,37.900001525878906,37.349998474121094,37.7400016784668,31.813480377197266,97809500
2004-07-01,37.65999984741211,37.65999984741211,36.77000045776367,37.040000915527344,31.223411560058594,122141800
2004-07-02,37.040000915527344,37.04999923706055,36.630001068115234,36.81999969482422,31.0379638671875,74056400
2004-07-06,36.599998474121094,36.599998474121094,35.83000183105469,36.029998779296875,30.37200927734375,130232600
2004-07-07,35.959999084472656,36.290000915527344,35.91999816894531,36.099998474121094,30.43100929260254,95623100
2004-07-08,35.810001373291016,36.130001068115234,35.54999923706055,35.70000076293945,30.093833923339844,108755400
2004-07-09,35.84000015258789,36.040000915527344,35.630001068115234,35.75,30.135990142822266,86014700
2004-07-12,35.56999969482422,35.689998626708984,35.2400016784668,35.599998474121094,30.009536743164062,81844500
2004-07-13,35.68000030517578,35.810001373291016,35.40999984741211,35.54999923706055,29.96737289428711,81222000
2004-07-14,35.20000076293945,35.650001525878906,35.04999923706055,35.189998626708984,29.663925170898438,119489200
2004-07-15,35.31999969482422,35.4900016784668,35.060001373291016,35.06999969482422,29.562767028808594,90405700
2004-07-16,35.43000030517578,35.45000076293945,34.619998931884766,34.66999816894531,29.225570678710938,120387100
2004-07-19,34.779998779296875,34.970001220703125,34.470001220703125,34.599998474121094,29.166568756103516,106387900
2004-07-20,34.7400016784668,35.59000015258789,34.709999084472656,35.43000030517578,29.866239547729492,117453700
2004-07-21,35.56999969482422,35.650001525878906,34.34000015258789,34.400001525878906,28.997974395751953,136086800
2004-07-22,34.47999954223633,35.11000061035156,34.25,34.869998931884766,29.394176483154297,132135800
2004-07-23,34.619998931884766,34.65999984741211,34.029998779296875,34.209999084472656,28.837804794311523,107107100
2004-07-26,34.2400016784668,34.40999984741211,33.70000076293945,34.060001373291016,28.711374282836914,112962200
2004-07-27,34.189998626708984,34.709999084472656,34.040000915527344,34.529998779296875,29.10755157470703,103474700
2004-07-28,34.40999984741211,34.630001068115234,33.810001373291016,34.380001068115234,28.981122970581055,154299800
2004-07-29,34.709999084472656,34.91999816894531,34.5,34.779998779296875,29.318294525146484,98959800
2004-07-30,34.7599983215332,35.099998474121094,34.650001525878906,34.88999938964844,29.41103172302246,83007800
2004-08-02,34.61000061035156,35.02000045776367,34.459999084472656,34.959999084472656,29.47003173828125,81249000
2004-08-03,34.84000015258789,34.93000030517578,34.189998626708984,34.22999954223633,28.854665756225586,85746500
2004-08-04,34.150001525878906,34.459999084472656,34.0099983215332,34.2400016784668,28.863100051879883,86721000
2004-08-05,34.349998474121094,34.400001525878906,33.599998474121094,33.599998474121094,28.323610305786133,109722900
2004-08-06,33.400001525878906,33.40999984741211,32.65999984741211,32.720001220703125,27.581798553466797,148808600
2004-08-09,32.810001373291016,32.959999084472656,32.650001525878906,32.79999923706055,27.64923095703125,79281900
2004-08-10,32.959999084472656,33.47999954223633,32.91999816894531,33.209999084472656,27.994848251342773,105819800
2004-08-11,32.849998474121094,33.040000915527344,32.54999923706055,32.91999816894531,27.750385284423828,121217700
2004-08-12,32.689998626708984,32.86000061035156,32.369998931884766,32.470001220703125,27.371051788330078,113691800
2004-08-13,32.650001525878906,32.7400016784668,32.349998474121094,32.52000045776367,27.413206100463867,91416100
2004-08-16,32.61000061035156,33.189998626708984,32.59000015258789,32.88999938964844,27.72510528564453,77851300
2004-08-17,33.119998931884766,33.439998626708984,32.9900016784668,33.2599983215332,28.03699493408203,89573100
2004-08-18,33.060001373291016,33.90999984741211,33.0099983215332,33.849998474121094,28.534343719482422,106608500
2004-08-19,33.72999954223633,33.849998474121094,33.40999984741211,33.66999816894531,28.38260269165039,104690200
2004-08-20,33.56999969482422,34.13999938964844,33.5099983215332,34.0099983215332,28.669225692749023,91962400
2004-08-23,34.04999923706055,34.27000045776367,33.90999984741211,34.09000015258789,28.73666000366211,83390800
2004-08-24,34.25,34.310001373291016,33.810001373291016,34.08000183105469,28.728227615356445,86610500
2004-08-25,34.06999969482422,34.599998474121094,33.900001525878906,34.54999923706055,29.124418258666992,88394600
2004-08-26,34.459999084472656,34.54999923706055,34.310001373291016,34.400001525878906,28.997974395751953,57663400
2004-08-27,34.470001220703125,34.68000030517578,34.439998626708984,34.560001373291016,29.132841110229492,58597200
2004-08-30,34.40999984741211,34.43000030517578,33.939998626708984,33.97999954223633,28.6439266204834,62355700
2004-08-31,34.02000045776367,34.119998931884766,33.650001525878906,34.02000045776367,28.67765998840332,81262000
2004-09-01,33.93000030517578,34.470001220703125,33.79999923706055,34.27000045776367,28.888381958007812,96630600
2004-09-02,34.18000030517578,34.880001068115234,34.15999984741211,34.779998779296875,29.318294525146484,83054000
2004-09-03,34.439998626708984,34.66999816894531,34.04999923706055,34.13999938964844,28.778806686401367,90213700
2004-09-07,34.400001525878906,34.61000061035156,34.119998931884766,34.43000030517578,29.02327537536621,95556500
2004-09-08,34.310001373291016,34.68000030517578,34.18000030517578,34.29999923706055,28.91366195678711,101466100
2004-09-09,34.45000076293945,34.75,34.13999938964844,34.59000015258789,29.15813446044922,104397500
2004-09-10,34.61000061035156,35.189998626708984,34.470001220703125,35.119998931884766,29.60490608215332,108591600
2004-09-13,35.25,35.720001220703125,35.13999938964844,35.58000183105469,29.992685317993164,109350500
2004-09-14,35.45000076293945,35.720001220703125,35.36000061035156,35.630001068115234,30.034828186035156,76466300
2004-09-15,35.41999816894531,35.45000076293945,35.119998931884766,35.25,29.714494705200195,90128700
2004-09-16,35.2599983215332,35.56999969482422,35.130001068115234,35.31999969482422,29.773496627807617,67121000
2004-09-17,35.22999954223633,35.52000045776367,35.15999984741211,35.43000030517578,29.866239547729492,83903400
2004-09-20,35.290000915527344,35.77000045776367,35.18000030517578,35.43000030517578,29.866239547729492,110678100
2004-09-21,35.540000915527344,35.849998474121094,35.41999816894531,35.56999969482422,29.984254837036133,93688400
2004-09-22,35.439998626708984,35.459999084472656,34.869998931884766,34.95000076293945,29.46160125732422,101393400
2004-09-23,34.97999954223633,35.150001525878906,34.880001068115234,34.91999816894531,29.436330795288086,92503200
2004-09-24,34.9900016784668,35.189998626708984,34.75,34.79999923706055,29.335159301757812,103247400
2004-09-27,34.619998931884766,34.7400016784668,34.380001068115234,34.5,29.0822696685791,86017600
2004-09-28,34.54999923706055,34.689998626708984,34.22999954223633,34.56999969482422,29.14127540588379,87070300
2004-09-29,34.540000915527344,35.119998931884766,34.529998779296875,35.08000183105469,29.571191787719727,95096200
2004-09-30,35.02000045776367,35.27000045776367,34.88999938964844,35.13999938964844,29.621768951416016,74514600
2004-10-01,35.45000076293945,36.150001525878906,35.36000061035156,36.099998474121094,30.43100929260254,118252700
2004-10-04,36.36000061035156,36.619998931884766,36.25,36.310001373291016,30.608036041259766,108032600
2004-10-05,36.22999954223633,36.4900016784668,36.15999984741211,36.36000061035156,30.65018653869629,89754400
2004-10-06,36.310001373291016,36.689998626708984,36.11000061035156,36.650001525878906,30.89463996887207,87815500
2004-10-07,36.540000915527344,36.66999816894531,36.16999816894531,36.2400016784668,30.549026489257812,82374300
2004-10-08,36.08000183105469,36.2400016784668,35.5,35.58000183105469,29.992685317993164,115073000
2004-10-11,35.720001220703125,35.86000061035156,35.599998474121094,35.75,30.135990142822266,51181600
2004-10-12,35.43000030517578,35.84000015258789,35.20000076293945,35.689998626708984,30.08541488647461,97884100
2004-10-13,36.04999923706055,36.13999938964844,35.43000030517578,35.61000061035156,30.01795768737793,132442500
2004-10-14,35.689998626708984,35.779998779296875,35.33000183105469,35.45000076293945,29.883098602294922,99383700
2004-10-15,35.4900016784668,35.86000061035156,35.279998779296875,35.630001068115234,30.034828186035156,129183400
2004-10-18,35.5099983215332,36.25,35.400001525878906,36.13999938964844,30.464717864990234,108933400
2004-10-19,36.380001068115234,36.56999969482422,35.790000915527344,35.880001068115234,30.245559692382812,129973500
2004-10-20,35.83000183105469,36.22999954223633,35.650001525878906,36.04999923706055,30.388858795166016,106524200
2004-10-21,36.2400016784668,36.790000915527344,36.099998474121094,36.599998474121094,30.852479934692383,122627600
2004-10-22,36.61000061035156,36.68000030517578,35.7400016784668,35.79999923706055,30.178131103515625,114321100
2004-10-25,35.72999954223633,35.810001373291016,35.4900016784668,35.630001068115234,30.034828186035156,102863000
2004-10-26,35.650001525878906,35.84000015258789,35.40999984741211,35.81999969482422,30.19498634338379,98164500
2004-10-27,35.84000015258789,36.88999938964844,35.709999084472656,36.72999954223633,30.962085723876953,152423400
2004-10-28,36.68000030517578,37.119998931884766,36.56999969482422,36.959999084472656,31.155956268310547,111113900
2004-10-29,36.90999984741211,37.2400016784668,36.66999816894531,36.900001525878906,31.10540199279785,100779200
2004-11-01,36.97999954223633,37.18000030517578,36.79999923706055,37.040000915527344,31.223411560058594,72356000
2004-11-02,37.09000015258789,37.54999923706055,37.02000045776367,37.15999984741211,31.324565887451172,108930700
2004-11-03,37.7599983215332,37.900001525878906,37.150001525878906,37.40999984741211,31.535293579101562,140980100
2004-11-04,37.2599983215332,37.779998779296875,37.11000061035156,37.619998931884766,31.71232795715332,112513700
2004-11-05,38.02000045776367,38.15999984741211,37.61000061035156,37.959999084472656,31.998939514160156,117017900
2004-11-08,37.95000076293945,38.099998474121094,37.849998474121094,38.0,32.03264236450195,66486000
2004-11-09,37.93000030517578,38.150001525878906,37.810001373291016,37.91999816894531,31.965206146240234,85038700
2004-11-10,37.93000030517578,38.060001373291016,37.650001525878906,37.790000915527344,31.855628967285156,95122300
2004-11-11,37.90999984741211,38.380001068115234,37.86000061035156,38.290000915527344,32.27708435058594,99338800
2004-11-12,38.34000015258789,38.7599983215332,38.16999816894531,38.65999984741211,32.5889892578125,102418100
2004-11-15,38.63999938964844,38.86000061035156,38.5,38.83000183105469,32.73231506347656,82696000
2004-11-16,38.65999984741211,38.68000030517578,38.31999969482422,38.59000015258789,32.52999496459961,97197500
2004-11-17,38.83000183105469,39.31999969482422,38.83000183105469,39.11000061035156,32.968326568603516,125242500
2004-11-18,38.97999954223633,39.36000061035156,38.88999938964844,39.290000915527344,33.12007522583008,94901100
2004-11-19,39.2400016784668,39.290000915527344,38.59000015258789,38.68000030517578,32.605873107910156,118448900
2004-11-22,38.61000061035156,39.06999969482422,38.47999954223633,39.04999923706055,32.917762756347656,79882600
2004-11-23,39.0099983215332,39.150001525878906,38.61000061035156,38.9900016784668,32.867191314697266,91925300
2004-11-24,39.09000015258789,39.38999938964844,39.06999969482422,39.33000183105469,33.153785705566406,74051700
2004-11-26,39.369998931884766,39.47999954223633,39.16999816894531,39.209999084472656,33.05263137817383,31248900
2004-11-29,39.459999084472656,39.63999938964844,38.970001220703125,39.20000076293945,33.04420471191406,94765400
2004-11-30,39.29999923706055,39.38999938964844,39.060001373291016,39.119998931884766,32.976776123046875,87663100
2004-12-01,39.27000045776367,39.959999084472656,39.27000045776367,39.91999816894531,33.651126861572266,102375000
2004-12-02,39.81999969482422,40.38999938964844,39.7599983215332,40.06999969482422,33.77760314941406,122005600
2004-12-03,40.349998474121094,40.59000015258789,40.08000183105469,40.130001068115234,33.82817077636719,114227700
2004-12-06,40.119998931884766,40.43000030517578,39.90999984741211,40.27000045776367,33.94617462158203,70415100
2004-12-07,40.349998474121094,40.5,39.529998779296875,39.58000183105469,33.36454391479492,121439800
2004-12-08,39.599998474121094,39.97999954223633,39.5,39.810001373291016,33.55841827392578,10121300
2004-12-09,39.4900016784668,40.189998626708984,39.2400016784668,40.04999923706055,33.76072311401367,134346000
2004-12-10,39.84000015258789,40.06999969482422,39.7400016784668,39.93000030517578,33.65957260131836,86177300
2004-12-13,40.22999954223633,40.34000015258789,39.97999954223633,40.279998779296875,33.954620361328125,74296400
2004-12-14,40.279998779296875,40.59000015258789,40.25,40.47999954223633,34.123207092285156,91985000
2004-12-15,40.4900016784668,40.68000030517578,40.150001525878906,40.33000183105469,33.99674987792969,95179300
2004-12-16,40.34000015258789,40.45000076293945,39.81999969482422,39.95000076293945,33.67641830444336,86101300
2004-12-17,39.63999938964844,39.810001373291016,39.43000030517578,39.470001220703125,33.5904541015625,97947000
2004-12-20,39.56999969482422,39.77000045776367,39.09000015258789,39.20000076293945,33.36069107055664,106397600
2004-12-21,39.38999938964844,39.709999084472656,39.279998779296875,39.68000030517578,33.769187927246094,83184700
2004-12-22,39.540000915527344,39.93000030517578,39.4900016784668,39.72999954223633,33.81174850463867,75298000
2004-12-23,39.61000061035156,39.90999984741211,39.540000915527344,39.7599983215332,33.83726119995117,45782000
2004-12-27,39.97999954223633,40.02000045776367,39.400001525878906,39.59000015258789,33.69261169433594,67157700
2004-12-28,39.66999816894531,40.0,39.61000061035156,39.970001220703125,34.015995025634766,62563100
2004-12-29,39.91999816894531,40.15999984741211,39.900001525878906,40.02000045776367,34.05855941772461,46594800
2004-12-30,40.06999969482422,40.119998931884766,39.93000030517578,39.9900016784668,34.03300857543945,41717600
2004-12-31,40.029998779296875,40.119998931884766,39.779998779296875,39.91999816894531,33.97343444824219,44112300
2005-01-03,40.09000015258789,40.290000915527344,39.369998931884766,39.5,33.616004943847656,100970900
2005-01-04,39.66999816894531,39.7400016784668,38.54999923706055,38.779998779296875,33.00326919555664,136623200
2005-01-05,38.68000030517578,38.959999084472656,38.470001220703125,38.540000915527344,32.799007415771484,127925500
2005-01-06,38.630001068115234,38.709999084472656,38.34000015258789,38.349998474121094,32.637325286865234,102934600
2005-01-07,38.560001373291016,38.869998931884766,38.209999084472656,38.54999923706055,32.807518005371094,123104000
2005-01-10,38.439998626708984,38.869998931884766,38.38999938964844,38.529998779296875,32.790496826171875,88764200
2005-01-11,38.369998931884766,38.5,38.06999969482422,38.2599983215332,32.56071090698242,106398800
2005-01-12,38.43000030517578,38.599998474121094,38.0099983215332,38.58000183105469,32.833065032958984,127754900
2005-01-13,38.58000183105469,38.849998474121094,38.0099983215332,38.06999969482422,32.399024963378906,101982400
2005-01-14,38.20000076293945,38.52000045776367,38.189998626708984,38.43000030517578,32.70538330078125,93460900
2005-01-18,38.279998779296875,38.790000915527344,38.220001220703125,38.720001220703125,32.95220184326172,91760400
2005-01-19,38.72999954223633,38.75,38.060001373291016,38.08000183105469,32.40752410888672,104981000
2005-01-20,37.650001525878906,37.810001373291016,37.31999969482422,37.349998474121094,31.786277770996094,120963900
2005-01-21,37.47999954223633,37.54999923706055,36.9900016784668,37.04999923706055,31.530963897705078,138569200
2005-01-24,37.119998931884766,37.20000076293945,36.459999084472656,36.529998779296875,31.08843231201172,137499000
2005-01-25,36.77000045776367,37.09000015258789,36.65999984741211,36.709999084472656,31.241615295410156,119171300
2005-01-26,36.959999084472656,37.290000915527344,36.81999969482422,37.150001525878906,31.616058349609375,107465800
2005-01-27,37.09000015258789,37.27000045776367,36.869998931884766,37.099998474121094,31.573511123657227,103654700
2005-01-28,37.220001220703125,37.27000045776367,36.619998931884766,36.91999816894531,31.420324325561523,111648600
2005-01-31,37.36000061035156,37.529998779296875,37.2599983215332,37.400001525878906,31.828815460205078,89139900
2005-02-01,37.4900016784668,37.650001525878906,37.369998931884766,37.52000045776367,31.93096351623535,76610300
2005-02-02,37.63999938964844,37.72999954223633,37.310001373291016,37.58000183105469,31.981998443603516,100160500
2005-02-03,37.380001068115234,37.40999984741211,37.0,37.150001525878906,31.616058349609375,90157900
2005-02-04,37.150001525878906,37.81999969482422,37.150001525878906,37.75,32.12667465209961,99302000
2005-02-07,37.79999923706055,37.90999984741211,37.52000045776367,37.66999816894531,32.05861282348633,71551400
2005-02-08,37.65999984741211,38.0099983215332,37.619998931884766,37.7400016784668,32.118160247802734,72821700
2005-02-09,37.77000045776367,37.79999923706055,37.060001373291016,37.11000061035156,31.582014083862305,93276600
2005-02-10,37.2599983215332,37.31999969482422,36.880001068115234,37.150001525878906,31.616058349609375,110373000
2005-02-11,37.029998779296875,37.849998474121094,36.93000030517578,37.70000076293945,32.08412551879883,108684100
2005-02-14,37.70000076293945,37.939998626708984,37.689998626708984,37.869998931884766,32.228824615478516,54908900
2005-02-15,37.900001525878906,38.47999954223633,37.81999969482422,38.119998931884766,32.44158172607422,131406500
2005-02-16,38.029998779296875,38.15999984741211,37.83000183105469,37.97999954223633,32.32242202758789,80273900
2005-02-17,38.04999923706055,38.13999938964844,37.43000030517578,37.470001220703125,31.88839340209961,115628300
2005-02-18,37.47999954223633,37.56999969482422,37.2599983215332,37.349998474121094,31.786277770996094,69158800
2005-02-22,37.029998779296875,37.54999923706055,36.790000915527344,36.88999938964844,31.394790649414062,121232000
2005-02-23,37.040000915527344,37.06999969482422,36.70000076293945,36.939998626708984,31.437341690063477,95010100
2005-02-24,36.849998474121094,37.439998626708984,36.7599983215332,37.40999984741211,31.837339401245117,99334600
2005-02-25,37.380001068115234,37.70000076293945,37.290000915527344,37.619998931884766,32.01606369018555,79988700
2005-02-28,37.459999084472656,37.599998474121094,36.91999816894531,37.220001220703125,31.675647735595703,95731300
2005-03-01,37.369998931884766,37.70000076293945,37.33000183105469,37.630001068115234,32.024574279785156,78460600
2005-03-02,37.40999984741211,38.02000045776367,37.36000061035156,37.61000061035156,32.00753402709961,107270600
2005-03-03,37.709999084472656,37.72999954223633,37.02000045776367,37.29999923706055,31.743732452392578,89793800
2005-03-04,37.599998474121094,37.75,37.400001525878906,37.52000045776367,31.93096351623535,86622300
2005-03-07,37.599998474121094,38.290000915527344,37.560001373291016,38.060001373291016,32.390506744384766,93563900
2005-03-08,38.0099983215332,38.209999084472656,37.650001525878906,37.68000030517578,32.067108154296875,89595200
2005-03-09,37.66999816894531,37.93000030517578,37.470001220703125,37.56999969482422,31.973491668701172,98063000
2005-03-10,37.61000061035156,37.66999816894531,37.08000183105469,37.52000045776367,31.93096351623535,97043600
2005-03-11,37.689998626708984,37.81999969482422,37.02000045776367,37.16999816894531,31.633085250854492,102857500
2005-03-14,37.2400016784668,37.36000061035156,37.029998779296875,37.34000015258789,31.77776336669922,65576200
2005-03-15,37.41999816894531,37.47999954223633,36.9900016784668,37.040000915527344,31.5224552154541,93856300
2005-03-16,36.90999984741211,37.18000030517578,36.529998779296875,36.619998931884766,31.165019989013672,159578000
2005-03-17,36.61000061035156,36.88999938964844,36.540000915527344,36.709999084472656,31.241615295410156,100429600
2005-03-18,36.75,36.790000915527344,36.349998474121094,36.5099983215332,31.071393966674805,108899400
2005-03-21,36.599998474121094,36.75,36.25,36.58000183105469,31.130983352661133,92752500
2005-03-22,36.61000061035156,36.75,36.11000061035156,36.130001068115234,30.748004913330078,114016300
2005-03-23,36.09000015258789,36.4900016784668,36.06999969482422,36.2599983215332,30.858633041381836,97444900
2005-03-24,36.38999938964844,36.650001525878906,36.27000045776367,36.27000045776367,30.867151260375977,77566800
2005-03-28,36.40999984741211,36.61000061035156,36.310001373291016,36.34000015258789,30.926729202270508,59739000
2005-03-29,36.27000045776367,36.58000183105469,35.939998626708984,36.04999923706055,30.67991828918457,119554300
2005-03-30,36.22999954223633,36.779998779296875,36.220001220703125,36.72999954223633,31.25863265991211,114711000
2005-03-31,36.72999954223633,36.75,36.439998626708984,36.56999969482422,31.122447967529297,86578900
2005-04-01,36.81999969482422,36.880001068115234,36.130001068115234,36.20000076293945,30.807579040527344,143814300
2005-04-04,36.25,36.599998474121094,36.029998779296875,36.459999084472656,31.028852462768555,100090300
2005-04-05,36.4900016784668,36.66999816894531,36.41999816894531,36.560001373291016,31.113948822021484,66266600
2005-04-06,36.65999984741211,36.90999984741211,36.41999816894531,36.5,31.062885284423828,82168900
2005-04-07,36.529998779296875,36.95000076293945,36.5099983215332,36.939998626708984,31.437341690063477,88618000
2005-04-08,37.0,37.06999969482422,36.599998474121094,36.63999938964844,31.182039260864258,92332900
2005-04-11,36.75,36.779998779296875,36.400001525878906,36.47999954223633,31.045860290527344,70976000
2005-04-12,36.439998626708984,36.7400016784668,35.90999984741211,36.65999984741211,31.19906234741211,144848500
2005-04-13,36.560001373291016,36.599998474121094,35.97999954223633,36.060001373291016,30.68843650817871,108995500
2005-04-14,36.060001373291016,36.099998474121094,35.5,35.54999923706055,30.254390716552734,158057900
2005-04-15,35.2400016784668,35.369998931884766,34.68000030517578,34.7400016784668,29.565073013305664,170013300
2005-04-18,34.709999084472656,35.0,34.63999938964844,34.75,29.57357406616211,110084000
2005-04-19,35.02000045776367,35.099998474121094,34.75,34.9900016784668,29.77781105041504,96922100
2005-04-20,35.209999084472656,35.290000915527344,34.59000015258789,34.70000076293945,29.531030654907227,140457400
2005-04-21,35.119998931884766,35.709999084472656,34.959999084472656,35.619998931884766,30.313995361328125,124505100
2005-04-22,35.459999084472656,35.470001220703125,34.81999969482422,35.09000015258789,29.862926483154297,114996800
2005-04-25,35.29999923706055,35.459999084472656,35.150001525878906,35.380001068115234,30.1097354888916,72170100
2005-04-26,35.290000915527344,35.70000076293945,35.040000915527344,35.04999923706055,29.828886032104492,104958800
2005-04-27,34.869998931884766,35.25,34.72999954223633,35.099998474121094,29.871435165405273,112539300
2005-04-28,34.91999816894531,35.150001525878906,34.720001220703125,34.75,29.57357406616211,98181900
2005-04-29,35.0,35.060001373291016,34.349998474121094,34.97999954223633,29.769306182861328,144435900
2005-05-02,35.099998474121094,35.2599983215332,34.88999938964844,35.119998931884766,29.888465881347656,67648800
2005-05-03,35.04999923706055,35.43000030517578,35.029998779296875,35.29999923706055,30.04164695739746,103428700
2005-05-04,35.290000915527344,35.83000183105469,35.2400016784668,35.72999954223633,30.4075870513916,90480600
2005-05-05,35.75,35.91999816894531,35.529998779296875,35.7599983215332,30.433135986328125,79341700
2005-05-06,35.970001220703125,36.02000045776367,35.720001220703125,35.86000061035156,30.51822853088379,77310200
2005-05-09,35.869998931884766,36.060001373291016,35.65999984741211,36.029998779296875,30.66289710998535,66298400
2005-05-10,35.86000061035156,35.959999084472656,35.619998931884766,35.77000045776367,30.441633224487305,77194700
2005-05-11,35.81999969482422,36.029998779296875,35.29999923706055,35.95000076293945,30.594799041748047,131952400
2005-05-12,36.029998779296875,36.20000076293945,35.65999984741211,35.849998474121094,30.50971221923828,116602200
2005-05-13,35.9900016784668,36.470001220703125,35.88999938964844,36.2400016784668,30.841609954833984,133273500
2005-05-16,36.2400016784668,36.540000915527344,36.130001068115234,36.47999954223633,31.045860290527344,79093200
2005-05-17,36.349998474121094,36.7400016784668,36.209999084472656,36.70000076293945,31.233095169067383,91665900
2005-05-18,36.79999923706055,37.36000061035156,36.709999084472656,37.20000076293945,31.658607482910156,128105900
2005-05-19,37.290000915527344,37.52000045776367,37.20000076293945,37.5099983215332,31.92241859436035,92619700
2005-05-20,37.45000076293945,37.689998626708984,37.349998474121094,37.65999984741211,32.05009460449219,66530100
2005-05-23,37.65999984741211,37.9900016784668,37.599998474121094,37.849998474121094,32.2118034362793,93068200
2005-05-24,37.7599983215332,38.0,37.70000076293945,37.970001220703125,32.31392288208008,100830000
2005-05-25,37.84000015258789,37.880001068115234,37.59000015258789,37.810001373291016,32.177738189697266,76470600
2005-05-26,37.97999954223633,38.27000045776367,37.97999954223633,38.189998626708984,32.501155853271484,84066800
2005-05-27,38.13999938964844,38.25,38.02000045776367,38.209999084472656,32.51817321777344,50076900
2005-05-31,38.189998626708984,38.2400016784668,37.91999816894531,38.08000183105469,32.40752410888672,75281500
2005-06-01,38.029998779296875,38.68000030517578,38.02000045776367,38.38999938964844,32.671348571777344,110875700
2005-06-02,38.33000183105469,38.65999984741211,38.29999923706055,38.65999984741211,32.9011344909668,75926500
2005-06-03,38.630001068115234,38.63999938964844,38.02000045776367,38.099998474121094,32.4245491027832,96998400
2005-06-06,38.119998931884766,38.189998626708984,37.959999084472656,38.11000061035156,32.43305587768555,52681400
2005-06-07,38.150001525878906,38.470001220703125,37.7400016784668,37.790000915527344,32.1607551574707,108953400
2005-06-08,37.880001068115234,37.95000076293945,37.560001373291016,37.709999084472656,32.0926399230957,79211900
2005-06-09,37.65999984741211,38.060001373291016,37.5,37.95000076293945,32.296897888183594,99383300
2005-06-10,37.900001525878906,37.900001525878906,37.380001068115234,37.54999923706055,31.956466674804688,85971700
2005-06-13,37.47999954223633,37.95000076293945,37.459999084472656,37.72999954223633,32.10967254638672,82331300
2005-06-14,37.689998626708984,37.84000015258789,37.5,37.58000183105469,31.981998443603516,62593600
2005-06-15,37.83000183105469,37.869998931884766,37.25,37.70000076293945,32.08412551879883,103952000
2005-06-16,37.7400016784668,38.0,37.65999984741211,37.900001525878906,32.25436019897461,90450100
2005-06-17,38.11000061035156,38.209999084472656,37.75,37.869998931884766,32.25861358642578,83915700
2005-06-20,37.720001220703125,38.08000183105469,37.58000183105469,37.869998931884766,32.25861358642578,67580000
2005-06-21,37.84000015258789,38.0099983215332,37.70000076293945,37.849998474121094,32.2415657043457,97845600
2005-06-22,38.0,38.099998474121094,37.630001068115234,37.810001373291016,32.2075080871582,75221100
2005-06-23,37.869998931884766,38.18000030517578,37.33000183105469,37.38999938964844,31.849742889404297,122163300
2005-06-24,37.380001068115234,37.40999984741211,36.959999084472656,36.970001220703125,31.491966247558594,142144100
2005-06-27,36.95000076293945,37.060001373291016,36.70000076293945,36.79999923706055,31.34716033935547,72780800
2005-06-28,36.95000076293945,37.2599983215332,36.900001525878906,37.150001525878906,31.64527702331543,73330300
2005-06-29,37.25,37.2599983215332,36.970001220703125,37.06999969482422,31.5771427154541,71513600
2005-06-30,37.13999938964844,37.209999084472656,36.75,36.779998779296875,31.330127716064453,87803700
2005-07-01,36.86000061035156,37.0,36.68000030517578,36.72999954223633,31.287521362304688,55254800
2005-07-05,36.599998474121094,37.189998626708984,36.599998474121094,37.11000061035156,31.61121940612793,79288700
2005-07-06,37.029998779296875,37.279998779296875,36.86000061035156,36.93000030517578,31.4578800201416,79101000
2005-07-07,36.58000183105469,37.09000015258789,36.54999923706055,37.060001373291016,31.568635940551758,119466300
2005-07-08,37.08000183105469,37.810001373291016,36.9900016784668,37.77000045776367,32.173423767089844,101320700
2005-07-11,37.869998931884766,38.15999984741211,37.79999923706055,38.119998931884766,32.471561431884766,96283700
2005-07-12,38.119998931884766,38.459999084472656,38.0099983215332,38.29999923706055,32.624874114990234,86059300
2005-07-13,38.31999969482422,38.43000030517578,38.16999816894531,38.38999938964844,32.70155334472656,72135400
2005-07-14,38.66999816894531,38.880001068115234,38.52000045776367,38.77000045776367,33.02523422241211,99135200
2005-07-15,38.83000183105469,39.0,38.650001525878906,38.88999938964844,33.1274528503418,67239200
2005-07-18,38.790000915527344,38.88999938964844,38.689998626708984,38.72999954223633,32.99116516113281,58644000
2005-07-19,38.90999984741211,39.20000076293945,38.84000015258789,39.18000030517578,33.37449264526367,77860900
2005-07-20,38.939998626708984,39.56999969482422,38.900001525878906,39.459999084472656,33.612972259521484,91433100
2005-07-21,39.560001373291016,39.689998626708984,39.209999084472656,39.470001220703125,33.62151336669922,127286000
2005-07-22,39.47999954223633,39.59000015258789,39.220001220703125,39.41999816894531,33.578914642333984,71666600
2005-07-25,39.459999084472656,39.630001068115234,39.20000076293945,39.27000045776367,33.45115661621094,51872700
2005-07-26,39.38999938964844,39.529998779296875,39.189998626708984,39.41999816894531,33.578914642333984,67324900
2005-07-27,39.45000076293945,39.7599983215332,39.22999954223633,39.720001220703125,33.834495544433594,78351100
2005-07-28,39.75,39.91999816894531,39.63999938964844,39.90999984741211,33.996315002441406,66163700
2005-07-29,39.869998931884766,39.91999816894531,39.52000045776367,39.58000183105469,33.7152214050293,74725700
2005-08-01,39.63999938964844,39.83000183105469,39.52000045776367,39.650001525878906,33.774845123291016,59748300
2005-08-02,39.70000076293945,40.13999938964844,39.650001525878906,40.08000183105469,34.14112854003906,79284100
2005-08-03,39.90999984741211,40.130001068115234,39.880001068115234,40.060001373291016,34.124080657958984,61916400
2005-08-04,39.880001068115234,39.939998626708984,39.56999969482422,39.66999816894531,33.79188537597656,72035500
2005-08-05,39.61000061035156,39.790000915527344,39.43000030517578,39.47999954223633,33.630043029785156,66029500
2005-08-08,39.52000045776367,39.61000061035156,39.13999938964844,39.189998626708984,33.382999420166016,63415400
2005-08-09,39.369998931884766,39.59000015258789,39.310001373291016,39.45000076293945,33.6044807434082,62143600
2005-08-10,39.54999923706055,39.689998626708984,38.970001220703125,39.11000061035156,33.314857482910156,102317500
2005-08-11,39.130001068115234,39.540000915527344,39.099998474121094,39.43000030517578,33.587440490722656,92446700
2005-08-12,39.119998931884766,39.31999969482422,38.970001220703125,39.209999084472656,33.400062561035156,86367300
2005-08-15,39.13999938964844,39.630001068115234,39.08000183105469,39.45000076293945,33.6044807434082,63061100
2005-08-16,39.29999923706055,39.33000183105469,38.7400016784668,38.810001373291016,33.059322357177734,94596000
2005-08-17,38.91999816894531,39.16999816894531,38.790000915527344,39.040000915527344,33.25524139404297,74470500
2005-08-18,38.869998931884766,39.099998474121094,38.77000045776367,38.84000015258789,33.08488082885742,72559400
2005-08-19,38.88999938964844,39.0,38.790000915527344,38.81999969482422,33.067832946777344,52024300
2005-08-22,38.880001068115234,39.18000030517578,38.599998474121094,38.84000015258789,33.08488082885742,88056300
2005-08-23,38.84000015258789,38.91999816894531,38.61000061035156,38.72999954223633,32.99116516113281,57482900
2005-08-24,38.650001525878906,39.18000030517578,38.459999084472656,38.5,32.795265197753906,95025700
2005-08-25,38.56999969482422,38.689998626708984,38.4900016784668,38.59000015258789,32.87190246582031,52328800
2005-08-26,38.529998779296875,38.599998474121094,38.27000045776367,38.459999084472656,32.76116943359375,63840700
2005-08-29,38.2599983215332,38.849998474121094,38.2599983215332,38.7599983215332,33.01671600341797,74940400
2005-08-30,38.560001373291016,38.65999984741211,38.31999969482422,38.619998931884766,32.89746856689453,87373600
2005-08-31,38.63999938964844,39.0099983215332,38.47999954223633,38.97999954223633,33.204132080078125,93426300
2005-09-01,39.0,39.150001525878906,38.779998779296875,38.91999816894531,33.153011322021484,74884400
2005-09-02,39.0,39.029998779296875,38.7400016784668,38.77000045776367,33.02523422241211,53244900
2005-09-06,38.95000076293945,39.40999984741211,38.900001525878906,39.34000015258789,33.51079559326172,78106600
2005-09-07,39.29999923706055,39.47999954223633,39.209999084472656,39.40999984741211,33.57042694091797,57440100
2005-09-08,39.290000915527344,39.56999969482422,39.27000045776367,39.400001525878906,33.56187438964844,73529700
2005-09-09,39.40999984741211,39.689998626708984,39.310001373291016,39.619998931884766,33.7492790222168,75342100
2005-09-12,39.630001068115234,39.86000061035156,39.58000183105469,39.72999954223633,33.842987060546875,51689900
2005-09-13,39.68000030517578,39.90999984741211,39.540000915527344,39.630001068115234,33.7578010559082,66145800
2005-09-14,39.650001525878906,39.68000030517578,39.150001525878906,39.18000030517578,33.37449264526367,98644000
2005-09-15,39.2599983215332,39.34000015258789,39.04999923706055,39.15999984741211,33.35744094848633,80421500
2005-09-16,39.25,39.459999084472656,39.11000061035156,39.400001525878906,33.56187438964844,71034100
2005-09-19,39.31999969482422,39.380001068115234,38.90999984741211,39.09000015258789,33.29783248901367,73387500
2005-09-20,39.15999984741211,39.540000915527344,38.810001373291016,38.93000030517578,33.16153335571289,115202800
2005-09-21,38.81999969482422,38.869998931884766,38.470001220703125,38.5,32.795265197753906,116404300
2005-09-22,38.439998626708984,38.72999954223633,38.2400016784668,38.63999938964844,32.91450119018555,118686100
2005-09-23,38.5,38.880001068115234,38.40999984741211,38.75,33.00822448730469,70154000
2005-09-26,38.970001220703125,39.029998779296875,38.54999923706055,38.7599983215332,33.01671600341797,69327600
2005-09-27,38.790000915527344,38.900001525878906,38.5099983215332,38.66999816894531,32.9400520324707,64089500
2005-09-28,38.7599983215332,38.95000076293945,38.560001373291016,38.68000030517578,32.94858932495117,72044500
2005-09-29,38.630001068115234,39.209999084472656,38.45000076293945,39.20000076293945,33.39152145385742,117634600
2005-09-30,39.16999816894531,39.47999954223633,39.130001068115234,39.459999084472656,33.612972259521484,79248500
2005-10-03,39.540000915527344,39.75,39.5099983215332,39.560001373291016,33.69816970825195,81685600
2005-10-04,39.619998931884766,39.880001068115234,39.290000915527344,39.29999923706055,33.47671890258789,85348600
2005-10-05,39.310001373291016,39.34000015258789,38.72999954223633,38.7599983215332,33.01671600341797,106152200
2005-10-06,38.72999954223633,38.86000061035156,37.91999816894531,38.25,32.582313537597656,162213700
2005-10-07,38.400001525878906,38.56999969482422,38.18000030517578,38.34000015258789,32.65895462036133,91119900
2005-10-10,38.27000045776367,38.459999084472656,38.060001373291016,38.130001068115234,32.48007583618164,64012000
2005-10-11,38.2400016784668,38.2400016784668,37.79999923706055,37.939998626708984,32.3182258605957,114736900
2005-10-12,37.720001220703125,38.060001373291016,37.43000030517578,37.4900016784668,31.934900283813477,146109500
2005-10-13,37.470001220703125,37.90999984741211,37.33000183105469,37.779998779296875,32.18193054199219,138569600
2005-10-14,37.880001068115234,38.06999969482422,37.63999938964844,38.060001373291016,32.42042541503906,131463200
2005-10-17,38.06999969482422,38.189998626708984,37.81999969482422,38.18000030517578,32.522666931152344,64080400
2005-10-18,38.13999938964844,38.18000030517578,37.90999984741211,37.90999984741211,32.292667388916016,88070400
2005-10-19,37.720001220703125,38.66999816894531,37.61000061035156,38.66999816894531,32.9400520324707,132879900
2005-10-20,38.709999084472656,38.849998474121094,38.099998474121094,38.310001373291016,32.63338851928711,132576900
2005-10-21,38.66999816894531,38.75,38.33000183105469,38.54999923706055,32.83781814575195,110032000
2005-10-24,38.72999954223633,39.18000030517578,38.470001220703125,39.15999984741211,33.35744094848633,110820900
2005-10-25,39.09000015258789,39.189998626708984,38.77000045776367,39.0099983215332,33.22968673706055,86665800
2005-10-26,38.97999954223633,39.27000045776367,38.7599983215332,38.810001373291016,33.059322357177734,89878100
2005-10-27,38.779998779296875,38.79999923706055,38.029998779296875,38.029998779296875,32.3948974609375,132231100
2005-10-28,38.15999984741211,38.38999938964844,37.91999816894531,38.31999969482422,32.64191436767578,95243900
2005-10-31,38.45000076293945,39.04999923706055,38.41999816894531,38.869998931884766,33.110416412353516,115279100
2005-11-01,38.779998779296875,39.0099983215332,38.709999084472656,38.84000015258789,33.08488082885742,73502300
2005-11-02,38.72999954223633,39.459999084472656,38.709999084472656,39.349998474121094,33.5192985534668,101409900
2005-11-03,39.7400016784668,40.09000015258789,39.68000030517578,39.939998626708984,34.021881103515625,137054000
2005-11-04,40.0,40.22999954223633,39.84000015258789,40.08000183105469,34.14112854003906,100944500
2005-11-07,40.209999084472656,40.290000915527344,39.95000076293945,40.130001068115234,34.18372344970703,65324500
2005-11-08,40.08000183105469,40.349998474121094,39.9900016784668,40.13999938964844,34.19224166870117,78859700
2005-11-09,40.119998931884766,40.33000183105469,40.029998779296875,40.15999984741211,34.209285736083984,72458800
2005-11-10,40.18000030517578,40.689998626708984,39.91999816894531,40.599998474121094,34.584083557128906,120763100
2005-11-11,40.77000045776367,40.91999816894531,40.68000030517578,40.709999084472656,34.67778778076172,80057200
2005-11-14,40.77000045776367,40.86000061035156,40.599998474121094,40.709999084472656,34.67778778076172,53652400
2005-11-15,40.72999954223633,40.900001525878906,40.380001068115234,40.52000045776367,34.51592254638672,79543500
2005-11-16,40.630001068115234,40.779998779296875,40.459999084472656,40.77000045776367,34.728885650634766,65895700
2005-11-17,40.90999984741211,41.31999969482422,40.849998474121094,41.310001373291016,35.188880920410156,94425500
2005-11-18,41.52000045776367,41.650001525878906,41.27000045776367,41.45000076293945,35.30814743041992,108820200
2005-11-21,41.400001525878906,41.58000183105469,41.2400016784668,41.54999923706055,35.39331817626953,69731400
2005-11-22,41.470001220703125,41.869998931884766,41.36000061035156,41.70000076293945,35.52110290527344,88814000
2005-11-23,41.72999954223633,42.02000045776367,41.709999084472656,41.79999923706055,35.606266021728516,64101200
2005-11-25,41.84000015258789,41.939998626708984,41.72999954223633,41.88999938964844,35.682926177978516,22930200
2005-11-28,42.0,42.0,41.5,41.540000915527344,35.38479232788086,74716200
2005-11-29,41.77000045776367,41.849998474121094,41.34000015258789,41.34000015258789,35.214420318603516,77443000
2005-11-30,41.279998779296875,41.4900016784668,41.189998626708984,41.2400016784668,35.129268646240234,88044400
2005-12-01,41.5099983215332,42.04999923706055,41.5,42.0099983215332,35.78516387939453,91914100
2005-12-02,41.939998626708984,42.130001068115234,41.869998931884766,42.11000061035156,35.87035369873047,72929200
2005-12-05,42.060001373291016,42.060001373291016,41.630001068115234,41.79999923706055,35.606266021728516,61519900
2005-12-06,42.029998779296875,42.310001373291016,41.900001525878906,41.939998626708984,35.725521087646484,81509400
2005-12-07,42.0,42.029998779296875,41.630001068115234,41.86000061035156,35.657371520996094,83885500
2005-12-08,41.959999084472656,42.0,41.27000045776367,41.560001373291016,35.401824951171875,112043200
2005-12-09,41.560001373291016,41.77000045776367,41.380001068115234,41.720001220703125,35.538124084472656,56526900
2005-12-12,41.869998931884766,41.939998626708984,41.68000030517578,41.869998931884766,35.6659049987793,44863600
2005-12-13,41.81999969482422,42.209999084472656,41.7599983215332,42.040000915527344,35.81072998046875,76611600
2005-12-14,41.95000076293945,42.099998474121094,41.709999084472656,41.900001525878906,35.69145965576172,73581600
2005-12-15,42.0,42.06999969482422,41.61000061035156,41.970001220703125,35.75108337402344,72607200
2005-12-16,41.86000061035156,41.939998626708984,41.54999923706055,41.58000183105469,35.50432205200195,63743000
2005-12-19,41.66999816894531,41.709999084472656,40.900001525878906,40.91999816894531,34.940773010253906,75341700
2005-12-20,40.95000076293945,41.150001525878906,40.75,40.95000076293945,34.96638488769531,70257700
2005-12-21,41.02000045776367,41.40999984741211,40.95000076293945,41.130001068115234,35.120079040527344,68935000
2005-12-22,41.11000061035156,41.459999084472656,41.099998474121094,41.400001525878906,35.350616455078125,59149500
2005-12-23,41.5099983215332,41.59000015258789,41.29999923706055,41.400001525878906,35.350616455078125,38000400
2005-12-27,41.52000045776367,41.68000030517578,40.970001220703125,41.040000915527344,35.043212890625,55656300
2005-12-28,41.060001373291016,41.22999954223633,40.869998931884766,40.9900016784668,35.00050735473633,50302400
2005-12-29,41.029998779296875,41.119998931884766,40.650001525878906,40.720001220703125,34.76996994018555,47301700
2005-12-30,40.540000915527344,40.58000183105469,40.36000061035156,40.40999984741211,34.50526809692383,60026500
2006-01-03,40.650001525878906,41.4900016784668,40.15999984741211,41.310001373291016,35.27376174926758,109350400
2006-01-04,41.40999984741211,41.7400016784668,41.31999969482422,41.7400016784668,35.64093017578125,92769400
2006-01-05,41.75,42.0,41.709999084472656,41.91999816894531,35.79462432861328,77656900
2006-01-06,42.2599983215332,42.70000076293945,42.060001373291016,42.68000030517578,36.443580627441406,110053900
2006-01-09,42.68000030517578,42.91999816894531,42.52000045776367,42.849998474121094,36.5887451171875,80768800
2006-01-10,42.65999984741211,42.91999816894531,42.54999923706055,42.880001068115234,36.61434555053711,84369400
2006-01-11,43.0,43.310001373291016,42.869998931884766,43.209999084472656,36.89613342285156,100761400
2006-01-12,43.15999984741211,43.290000915527344,42.849998474121094,43.0,36.7168083190918,82429200
2006-01-13,42.939998626708984,43.04999923706055,42.72999954223633,42.97999954223633,36.699745178222656,64572100
2006-01-17,42.650001525878906,42.790000915527344,42.5,42.70000076293945,36.46065139770508,77962100
2006-01-18,42.029998779296875,42.459999084472656,42.02000045776367,42.209999084472656,36.04226303100586,121021900
2006-01-19,42.41999816894531,42.81999969482422,42.290000915527344,42.52000045776367,36.30695343017578,111094000
2006-01-20,42.459999084472656,42.4900016784668,41.150001525878906,41.25,35.2225341796875,188569400
2006-01-23,41.36000061035156,41.45000076293945,41.08000183105469,41.2599983215332,35.231075286865234,111381900
2006-01-24,41.36000061035156,41.70000076293945,41.310001373291016,41.439998626708984,35.384769439697266,77956900
2006-01-25,41.63999938964844,41.66999816894531,41.08000183105469,41.2599983215332,35.231075286865234,99826400
2006-01-26,41.5,41.689998626708984,41.22999954223633,41.54999923706055,35.47869110107422,112600600
2006-01-27,41.79999923706055,42.38999938964844,41.7400016784668,42.11000061035156,35.95688247680664,110830400
2006-01-30,42.18000030517578,42.31999969482422,42.06999969482422,42.189998626708984,36.02517318725586,53942600
2006-01-31,42.16999816894531,42.27000045776367,41.810001373291016,42.0,35.86293411254883,100988100
2006-02-01,41.7400016784668,42.16999816894531,41.70000076293945,42.150001525878906,35.991031646728516,89168700
2006-02-02,42.0099983215332,42.08000183105469,41.40999984741211,41.43000030517578,35.376216888427734,94047400
2006-02-03,41.119998931884766,41.22999954223633,40.779998779296875,40.91999816894531,34.940773010253906,121094200
2006-02-06,40.720001220703125,41.0099983215332,40.59000015258789,40.810001373291016,34.84682083129883,58162800
2006-02-07,40.7400016784668,40.93000030517578,40.439998626708984,40.630001068115234,34.69312286376953,87327000
2006-02-08,40.91999816894531,41.150001525878906,40.689998626708984,41.099998474121094,35.09444046020508,89907800
2006-02-09,41.209999084472656,41.369998931884766,40.630001068115234,40.709999084472656,34.76144027709961,78213400
2006-02-10,40.68000030517578,41.060001373291016,40.2599983215332,40.959999084472656,34.974918365478516,102575900
2006-02-13,40.70000076293945,40.7400016784668,40.29999923706055,40.4900016784668,34.573585510253906,70643100
2006-02-14,40.56999969482422,41.02000045776367,40.40999984741211,40.900001525878906,34.923667907714844,94340300
2006-02-15,40.790000915527344,41.2599983215332,40.72999954223633,41.15999984741211,35.14567947387695,92254300
2006-02-16,41.310001373291016,41.54999923706055,41.150001525878906,41.540000915527344,35.47014617919922,103859600
2006-02-17,41.459999084472656,41.459999084472656,41.20000076293945,41.209999084472656,35.188385009765625,81770200
2006-02-21,41.209999084472656,41.27000045776367,40.61000061035156,40.75,34.79558181762695,85101400
2006-02-22,40.779998779296875,41.540000915527344,40.68000030517578,41.2599983215332,35.231075286865234,91983900
2006-02-23,41.189998626708984,41.540000915527344,41.08000183105469,41.150001525878906,35.137149810791016,66517100
2006-02-24,41.189998626708984,41.290000915527344,41.0099983215332,41.2599983215332,35.231075286865234,57085400
2006-02-27,41.36000061035156,41.869998931884766,41.33000183105469,41.720001220703125,35.62384796142578,64945000
2006-02-28,41.61000061035156,41.720001220703125,40.970001220703125,41.099998474121094,35.09444046020508,117564600
2006-03-01,41.22999954223633,41.77000045776367,41.150001525878906,41.65999984741211,35.57262420654297,80962300
2006-03-02,41.54999923706055,41.84000015258789,41.40999984741211,41.689998626708984,35.598243713378906,69856500
2006-03-03,41.45000076293945,42.0099983215332,41.38999938964844,41.45000076293945,35.3933219909668,112066100
2006-03-06,41.540000915527344,41.630001068115234,40.959999084472656,41.09000015258789,35.085914611816406,99581000
2006-03-07,41.02000045776367,41.06999969482422,40.650001525878906,40.849998474121094,34.88096237182617,96441100
2006-03-08,40.7599983215332,41.09000015258789,40.5,40.869998931884766,34.898048400878906,103961900
2006-03-09,41.0,41.150001525878906,40.470001220703125,40.52000045776367,34.59918212890625,108556700
2006-03-10,40.47999954223633,40.790000915527344,40.189998626708984,40.560001373291016,34.633358001708984,124474900
2006-03-13,40.7400016784668,40.939998626708984,40.619998931884766,40.68000030517578,34.735836029052734,69169100
2006-03-14,40.63999938964844,41.41999816894531,40.63999938964844,41.369998931884766,35.32499313354492,118201000
2006-03-15,41.529998779296875,41.720001220703125,41.31999969482422,41.720001220703125,35.62384796142578,84375800
2006-03-16,41.849998474121094,41.91999816894531,41.33000183105469,41.369998931884766,35.32499313354492,101371200
2006-03-17,41.34000015258789,41.59000015258789,41.22999954223633,41.45000076293945,35.41813659667969,78219600
2006-03-20,41.56999969482422,41.68000030517578,41.400001525878906,41.54999923706055,35.503578186035156,60240100
2006-03-21,41.11000061035156,42.0099983215332,41.08000183105469,41.11000061035156,35.12760925292969,136566000
2006-03-22,40.880001068115234,41.279998779296875,40.86000061035156,41.209999084472656,35.213050842285156,112282800
2006-03-23,41.09000015258789,41.220001220703125,40.81999969482422,41.09000015258789,35.11051559448242,75158200
2006-03-24,41.22999954223633,41.5,41.02000045776367,41.29999923706055,35.289955139160156,81795500
2006-03-27,41.279998779296875,41.5099983215332,41.2400016784668,41.310001373291016,35.29850387573242,54400400
2006-03-28,41.38999938964844,41.66999816894531,40.9900016784668,41.13999938964844,35.15324783325195,100522800
2006-03-29,41.20000076293945,42.099998474121094,41.16999816894531,41.91999816894531,35.819740295410156,130669100
2006-03-30,42.0099983215332,42.29999923706055,41.790000915527344,42.04999923706055,35.93083572387695,115915600
2006-03-31,42.130001068115234,42.189998626708984,41.84000015258789,41.93000030517578,35.828277587890625,71074600
2006-04-03,42.150001525878906,42.369998931884766,41.900001525878906,41.97999954223633,35.87099838256836,80730700
2006-04-04,42.04999923706055,42.310001373291016,41.93000030517578,42.209999084472656,36.06755447387695,89952600
2006-04-05,42.29999923706055,42.66999816894531,42.209999084472656,42.61000061035156,36.40934371948242,91628200
2006-04-06,42.59000015258789,42.939998626708984,42.439998626708984,42.72999954223633,36.511871337890625,91712800
2006-04-07,42.880001068115234,43.04999923706055,42.29999923706055,42.31999969482422,36.16152572631836,116604300
2006-04-10,42.400001525878906,42.5,42.09000015258789,42.2599983215332,36.110252380371094,58981900
2006-04-11,42.38999938964844,42.43000030517578,41.709999084472656,41.91999816894531,35.819740295410156,91481900
2006-04-12,41.939998626708984,42.08000183105469,41.79999923706055,41.93000030517578,35.828277587890625,58751200
2006-04-13,41.900001525878906,42.33000183105469,41.790000915527344,42.099998474121094,35.97354507446289,63476900
2006-04-17,42.040000915527344,42.209999084472656,41.38999938964844,41.65999984741211,35.59758758544922,104072100
2006-04-18,41.77000045776367,42.560001373291016,41.77000045776367,42.459999084472656,36.281150817871094,124291700
2006-04-19,42.540000915527344,42.650001525878906,42.29999923706055,42.650001525878906,36.443519592285156,79050300
2006-04-20,42.63999938964844,42.81999969482422,42.380001068115234,42.5,36.31534957885742,81408000
2006-04-21,42.65999984741211,42.720001220703125,41.81999969482422,42.0,35.88811111450195,130181200
2006-04-24,41.95000076293945,42.06999969482422,41.720001220703125,41.959999084472656,35.853919982910156,78556400
2006-04-25,42.06999969482422,42.099998474121094,41.650001525878906,41.869998931884766,35.77702713012695,77660800
2006-04-26,41.86000061035156,42.060001373291016,41.70000076293945,41.86000061035156,35.768470764160156,82537000
2006-04-27,41.66999816894531,42.4900016784668,41.5,42.2599983215332,36.110252380371094,173950100
2006-04-28,42.0,42.220001220703125,41.779998779296875,41.849998474121094,35.759925842285156,88876600
2006-05-01,41.91999816894531,42.04999923706055,41.310001373291016,41.439998626708984,35.40959930419922,92875500
2006-05-02,41.619998931884766,41.72999954223633,41.400001525878906,41.54999923706055,35.503578186035156,85148100
2006-05-03,41.56999969482422,41.63999938964844,41.279998779296875,41.4900016784668,35.45231628417969,74971600
2006-05-04,41.529998779296875,41.9900016784668,41.529998779296875,41.83000183105469,35.74282455444336,88696800
2006-05-05,42.099998474121094,42.209999084472656,41.939998626708984,42.15999984741211,36.024818420410156,80392200
2006-05-08,42.08000183105469,42.279998779296875,42.06999969482422,42.20000076293945,36.058990478515625,45079100
2006-05-09,42.099998474121094,42.18000030517578,41.970001220703125,42.040000915527344,35.922279357910156,48528800
2006-05-10,41.93000030517578,41.97999954223633,41.54999923706055,41.66999816894531,35.60612106323242,92424200
2006-05-11,41.630001068115234,41.650001525878906,40.630001068115234,40.7400016784668,34.81145477294922,140989700
2006-05-12,40.560001373291016,40.619998931884766,40.18000030517578,40.189998626708984,34.34148025512695,153920800
2006-05-15,40.02000045776367,40.34000015258789,39.790000915527344,40.15999984741211,34.31587219238281,127896500
2006-05-16,40.16999816894531,40.2599983215332,39.77000045776367,39.86000061035156,34.05952835083008,132397500
2006-05-17,39.68000030517578,39.810001373291016,39.22999954223633,39.31999969482422,33.59809112548828,207897100
2006-05-18,39.4900016784668,39.65999984741211,39.0,39.04999923706055,33.36738586425781,139690900
2006-05-19,39.20000076293945,39.470001220703125,38.75,39.349998474121094,33.623722076416016,194306300
2006-05-22,39.0099983215332,39.2400016784668,38.619998931884766,38.970001220703125,33.29903030395508,169591800
2006-05-23,39.2599983215332,39.380001068115234,38.56999969482422,38.59000015258789,32.97433090209961,142243900
2006-05-24,38.529998779296875,39.040000915527344,38.22999954223633,38.849998474121094,33.19648361206055,234981600
2006-05-25,39.11000061035156,39.380001068115234,38.81999969482422,39.36000061035156,33.632259368896484,123510900
2006-05-26,39.45000076293945,39.58000183105469,39.22999954223633,39.4900016784668,33.74336242675781,91319600
2006-05-30,39.29999923706055,39.33000183105469,38.61000061035156,38.63999938964844,33.01704025268555,105606200
2006-05-31,38.709999084472656,39.060001373291016,38.540000915527344,38.81999969482422,33.17085647583008,137066200
2006-06-01,38.93000030517578,39.7400016784668,38.84000015258789,39.7400016784668,33.95698547363281,119357400
2006-06-02,39.959999084472656,40.0,39.310001373291016,39.63999938964844,33.87152862548828,128864100
2006-06-05,39.560001373291016,39.560001373291016,38.779998779296875,38.779998779296875,33.13668441772461,103190600
2006-06-06,38.849998474121094,38.95000076293945,38.349998474121094,38.75,33.11104965209961,127271000
2006-06-07,38.79999923706055,39.16999816894531,38.45000076293945,38.459999084472656,32.863243103027344,130754700
2006-06-08,38.27000045776367,38.560001373291016,37.4900016784668,38.400001525878906,32.81196975708008,280562200
2006-06-09,38.560001373291016,38.7400016784668,38.11000061035156,38.150001525878906,32.598365783691406,144146200
2006-06-12,38.20000076293945,38.2599983215332,37.38999938964844,37.400001525878906,31.957500457763672,145607500
2006-06-13,37.4900016784668,37.79999923706055,37.15999984741211,37.25,31.829334259033203,207099500
2006-06-14,37.36000061035156,37.709999084472656,37.20000076293945,37.630001068115234,32.15402603149414,201876800
2006-06-15,37.849998474121094,38.790000915527344,37.79999923706055,38.650001525878906,33.02559280395508,200700400
2006-06-16,38.54999923706055,38.68000030517578,38.20000076293945,38.34000015258789,32.78275680541992,120006100
2006-06-19,38.5,38.540000915527344,37.90999984741211,38.029998779296875,32.51769256591797,129450100
2006-06-20,38.09000015258789,38.47999954223633,37.939998626708984,38.08000183105469,32.56044387817383,102871700
2006-06-21,38.13999938964844,38.9900016784668,38.130001068115234,38.68000030517578,33.073486328125,129548100
2006-06-22,38.59000015258789,38.68000030517578,37.9900016784668,38.189998626708984,32.65451431274414,143100500
2006-06-23,38.15999984741211,38.529998779296875,37.93000030517578,38.150001525878906,32.620296478271484,88050200
2006-06-26,38.16999816894531,38.38999938964844,38.06999969482422,38.25,32.705814361572266,65157700
2006-06-27,38.27000045776367,38.33000183105469,37.4900016784668,37.529998779296875,32.09016799926758,128227500
2006-06-28,37.619998931884766,37.84000015258789,37.380001068115234,37.810001373291016,32.3295783996582,91576300
2006-06-29,37.97999954223633,38.959999084472656,37.900001525878906,38.959999084472656,33.312889099121094,181997200
2006-06-30,39.119998931884766,39.13999938964844,38.68000030517578,38.77000045776367,33.15043640136719,82719200
2006-07-03,38.88999938964844,39.0,38.810001373291016,39.0,33.347084045410156,21598500
2006-07-05,38.63999938964844,38.68000030517578,38.09000015258789,38.150001525878906,32.620296478271484,93724000
2006-07-06,38.27000045776367,38.47999954223633,38.0099983215332,38.11000061035156,32.586097717285156,70615200
2006-07-07,37.900001525878906,38.16999816894531,37.56999969482422,37.689998626708984,32.226951599121094,108063300
2006-07-10,37.790000915527344,37.93000030517578,37.16999816894531,37.36000061035156,31.94480323791504,105109800
2006-07-11,37.279998779296875,37.7400016784668,37.08000183105469,37.63999938964844,32.18423080444336,136114200
2006-07-12,37.560001373291016,37.63999938964844,36.84000015258789,36.93000030517578,31.577133178710938,154458900
2006-07-13,36.63999938964844,37.040000915527344,36.310001373291016,36.310001373291016,31.047014236450195,177745500
2006-07-14,36.29999923706055,36.380001068115234,35.790000915527344,35.939998626708984,30.730623245239258,172448500
2006-07-17,35.95000076293945,36.25,35.869998931884766,36.029998779296875,30.807588577270508,134311000
2006-07-18,36.220001220703125,36.33000183105469,35.540000915527344,36.150001525878906,30.910194396972656,206964900
2006-07-19,36.119998931884766,36.83000183105469,36.09000015258789,36.619998931884766,31.31207275390625,192517600
2006-07-20,36.75,36.79999923706055,36.040000915527344,36.08000183105469,30.850343704223633,152292100
2006-07-21,35.880001068115234,35.959999084472656,35.619998931884766,35.70000076293945,30.525421142578125,119343000
2006-07-24,35.84000015258789,36.43000030517578,35.79999923706055,36.40999984741211,31.132511138916016,130269300
2006-07-25,36.4900016784668,36.7400016784668,36.2400016784668,36.619998931884766,31.31207275390625,108869600
2006-07-26,36.5099983215332,36.869998931884766,36.22999954223633,36.59000015258789,31.28642463684082,107170500
2006-07-27,36.7400016784668,37.040000915527344,36.25,36.349998474121094,31.081192016601562,99698700
2006-07-28,36.529998779296875,37.13999938964844,36.5,37.11000061035156,31.731037139892578,93556100
2006-07-31,37.08000183105469,37.31999969482422,36.88999938964844,37.099998474121094,31.722492218017578,78015300
2006-08-01,36.77000045776367,36.79999923706055,36.2599983215332,36.47999954223633,31.192363739013672,98552800
2006-08-02,36.61000061035156,37.130001068115234,36.61000061035156,36.88999938964844,31.542926788330078,87370600
2006-08-03,36.52000045776367,37.34000015258789,36.47999954223633,37.119998931884766,31.739585876464844,99205600
2006-08-04,37.45000076293945,37.630001068115234,36.619998931884766,36.95000076293945,31.59423828125,123493800
2006-08-07,36.90999984741211,36.939998626708984,36.529998779296875,36.709999084472656,31.389013290405273,69634800
2006-08-08,36.810001373291016,36.900001525878906,36.2599983215332,36.47999954223633,31.192363739013672,124139900
2006-08-09,36.9900016784668,37.310001373291016,36.43000030517578,36.529998779296875,31.235111236572266,145342200
2006-08-10,36.43000030517578,36.880001068115234,36.310001373291016,36.790000915527344,31.45741844177246,102481300
2006-08-11,36.650001525878906,36.689998626708984,36.369998931884766,36.529998779296875,31.235111236572266,86903200
2006-08-14,36.84000015258789,37.27000045776367,36.70000076293945,36.77000045776367,31.440338134765625,109281100
2006-08-15,37.20000076293945,37.75,37.09000015258789,37.70000076293945,32.23551559448242,133712100
2006-08-16,37.97999954223633,38.61000061035156,37.84000015258789,38.59000015258789,32.99650955200195,135452100
2006-08-17,38.459999084472656,38.97999954223633,38.439998626708984,38.72999954223633,33.116233825683594,129492200
2006-08-18,38.630001068115234,38.83000183105469,38.279998779296875,38.790000915527344,33.16752624511719,97754500
2006-08-21,38.5,38.560001373291016,38.2599983215332,38.41999816894531,32.851158142089844,66668400
2006-08-22,38.36000061035156,38.810001373291016,38.20000076293945,38.43000030517578,32.859718322753906,102058600
2006-08-23,38.459999084472656,38.66999816894531,37.91999816894531,38.13999938964844,32.61176681518555,96056300
2006-08-24,38.25,38.349998474121094,37.91999816894531,38.25,32.705814361572266,78985300
2006-08-25,38.16999816894531,38.63999938964844,38.060001373291016,38.31999969482422,32.765663146972656,73572900
2006-08-28,38.290000915527344,38.790000915527344,38.2400016784668,38.61000061035156,33.01362609863281,80035000
2006-08-29,38.58000183105469,38.7599983215332,38.18000030517578,38.72999954223633,33.116233825683594,104842000
2006-08-30,38.720001220703125,39.029998779296875,38.599998474121094,38.90999984741211,33.2701530456543,75687200
2006-08-31,38.959999084472656,39.029998779296875,38.7599983215332,38.869998931884766,33.235931396484375,61207200
2006-09-01,39.08000183105469,39.209999084472656,38.900001525878906,39.08000183105469,33.41551208496094,69388500
2006-09-05,39.099998474121094,39.47999954223633,38.849998474121094,39.459999084472656,33.74040985107422,85582800
2006-09-06,39.099998474121094,39.189998626708984,38.61000061035156,38.66999816894531,33.064918518066406,97888600
2006-09-07,38.54999923706055,38.900001525878906,38.36000061035156,38.4900016784668,32.911014556884766,115877400
2006-09-08,38.540000915527344,38.81999969482422,38.459999084472656,38.720001220703125,33.10768508911133,96627000
2006-09-11,38.40999984741211,39.150001525878906,38.31999969482422,38.959999084472656,33.312889099121094,142377500
2006-09-12,38.95000076293945,39.79999923706055,38.95000076293945,39.68000030517578,33.92852783203125,124102400
2006-09-13,39.709999084472656,39.97999954223633,39.630001068115234,39.95000076293945,34.159393310546875,116054300
2006-09-14,39.849998474121094,40.220001220703125,39.7599983215332,39.9900016784668,34.193607330322266,98116000
2006-09-15,40.29999923706055,40.459999084472656,40.0,40.11000061035156,34.31592559814453,137825600
2006-09-18,40.119998931884766,40.400001525878906,39.939998626708984,40.119998931884766,34.32450485229492,117806700
2006-09-19,40.220001220703125,40.25,39.52000045776367,39.849998474121094,34.09347915649414,159060800
2006-09-20,40.20000076293945,40.540000915527344,40.189998626708984,40.43000030517578,34.5897331237793,116635500
2006-09-21,40.529998779296875,40.66999816894531,40.08000183105469,40.18000030517578,34.375823974609375,121886900
2006-09-22,40.150001525878906,40.15999984741211,39.70000076293945,39.869998931884766,34.11061477661133,100996400
2006-09-25,40.040000915527344,40.65999984741211,39.68000030517578,40.56999969482422,34.7094841003418,136473400
2006-09-26,40.52000045776367,40.79999923706055,40.400001525878906,40.77000045776367,34.8806037902832,113375600
2006-09-27,40.66999816894531,40.95000076293945,40.5,40.720001220703125,34.83783721923828,113003800
2006-09-28,40.77000045776367,40.88999938964844,40.43000030517578,40.83000183105469,34.93193435668945,85943600
2006-09-29,40.900001525878906,40.93000030517578,40.619998931884766,40.650001525878906,34.777931213378906,85438200
2006-10-02,40.599998474121094,40.70000076293945,40.08000183105469,40.13999938964844,34.34160232543945,97068800
2006-10-03,40.02000045776367,40.47999954223633,39.880001068115234,40.310001373291016,34.487056732177734,116261400
2006-10-04,40.2400016784668,41.310001373291016,40.13999938964844,41.29999923706055,35.33403778076172,149209500
2006-10-05,41.29999923706055,41.560001373291016,41.18000030517578,41.5,35.505157470703125,91799900
2006-10-06,41.36000061035156,41.560001373291016,41.2400016784668,41.40999984741211,35.42815399169922,85450400
2006-10-09,41.36000061035156,41.7400016784668,41.31999969482422,41.54999923706055,35.54793930053711,62786100
2006-10-10,41.599998474121094,41.75,41.310001373291016,41.619998931884766,35.60782241821289,98181800
2006-10-11,41.43000030517578,41.83000183105469,41.16999816894531,41.540000915527344,35.53936004638672,136561300
2006-10-12,41.7599983215332,42.25,41.70000076293945,42.20000076293945,36.104034423828125,95260200
2006-10-13,42.22999954223633,42.52000045776367,42.13999938964844,42.43000030517578,36.300819396972656,80470200
2006-10-16,42.43000030517578,42.619998931884766,42.400001525878906,42.470001220703125,36.33504104614258,62017400
2006-10-17,42.16999816894531,42.20000076293945,41.7599983215332,42.0,35.93292999267578,146149100
2006-10-18,42.220001220703125,42.310001373291016,41.650001525878906,41.79999923706055,35.761810302734375,120366100
2006-10-19,41.689998626708984,42.11000061035156,41.59000015258789,41.900001525878906,35.847373962402344,108198400
2006-10-20,42.040000915527344,42.08000183105469,41.63999938964844,42.0,35.93292999267578,105454300
2006-10-23,41.91999816894531,42.58000183105469,41.81999969482422,42.43000030517578,36.300819396972656,126960500
2006-10-24,42.279998779296875,42.45000076293945,41.91999816894531,42.13999938964844,36.05271530151367,103541700
2006-10-25,42.15999984741211,42.52000045776367,42.04999923706055,42.43000030517578,36.300819396972656,125399500
2006-10-26,42.58000183105469,42.91999816894531,42.220001220703125,42.81999969482422,36.63446044921875,130260700
2006-10-27,42.720001220703125,42.81999969482422,42.08000183105469,42.209999084472656,36.11259460449219,129375000
2006-10-30,42.15999984741211,42.650001525878906,42.060001373291016,42.47999954223633,36.343570709228516,103899900
2006-10-31,42.560001373291016,42.7599983215332,42.310001373291016,42.58000183105469,36.42914581298828,135811800
2006-11-01,42.72999954223633,42.77000045776367,41.81999969482422,42.0,35.93292999267578,148960600
2006-11-02,41.810001373291016,42.13999938964844,41.7400016784668,42.040000915527344,35.9671516418457,100216400
2006-11-03,42.099998474121094,42.189998626708984,41.61000061035156,41.93000030517578,35.87302017211914,119263300
2006-11-06,42.06999969482422,42.709999084472656,42.060001373291016,42.540000915527344,36.39492416381836,101283300
2006-11-07,42.540000915527344,43.09000015258789,42.470001220703125,42.83000183105469,36.643035888671875,139706500
2006-11-08,42.59000015258789,43.20000076293945,42.470001220703125,43.029998779296875,36.81413650512695,180245700
2006-11-09,43.2599983215332,43.349998474121094,42.66999816894531,42.83000183105469,36.643035888671875,124278000
2006-11-10,42.84000015258789,43.040000915527344,42.66999816894531,43.029998779296875,36.81413650512695,82419400
2006-11-13,43.04999923706055,43.540000915527344,43.0,43.470001220703125,37.1905632019043,89146200
2006-11-14,43.5,43.970001220703125,43.2400016784668,43.93000030517578,37.584136962890625,121962800
2006-11-15,43.9900016784668,44.400001525878906,43.91999816894531,44.11000061035156,37.738136291503906,116565900
2006-11-16,44.2599983215332,44.41999816894531,44.02000045776367,44.29999923706055,37.90067672729492,113513200
2006-11-17,44.060001373291016,44.29999923706055,43.95000076293945,44.29999923706055,37.90067672729492,95162500
2006-11-20,44.15999984741211,44.47999954223633,44.0099983215332,44.38999938964844,37.977684020996094,107184100
2006-11-21,44.41999816894531,44.5099983215332,44.25,44.45000076293945,38.028995513916016,68092200
2006-11-22,44.58000183105469,44.75,44.2599983215332,44.72999954223633,38.2685546875,69852700
2006-11-24,44.400001525878906,44.86000061035156,44.380001068115234,44.650001525878906,38.20012664794922,51762900
2006-11-27,44.5099983215332,44.61000061035156,43.63999938964844,43.63999938964844,37.33601379394531,159506300
2006-11-28,43.5099983215332,43.84000015258789,43.34000015258789,43.77000045776367,37.447235107421875,118268400
2006-11-29,44.0,44.18000030517578,43.65999984741211,44.06999969482422,37.70389938354492,139515500
2006-11-30,44.04999923706055,44.279998779296875,43.790000915527344,44.040000915527344,37.67824935913086,123457100
2006-12-01,44.0,44.349998474121094,43.2599983215332,43.65999984741211,37.35313415527344,144559600
2006-12-04,43.790000915527344,44.47999954223633,43.790000915527344,44.2599983215332,37.866451263427734,89782400
2006-12-05,44.38999938964844,44.54999923706055,44.189998626708984,44.41999816894531,38.00334167480469,84697500
2006-12-06,44.279998779296875,44.400001525878906,44.06999969482422,44.2599983215332,37.866451263427734,78207500
2006-12-07,44.34000015258789,44.47999954223633,43.70000076293945,43.70000076293945,37.387359619140625,124936100
2006-12-08,43.560001373291016,44.2599983215332,43.470001220703125,43.900001525878906,37.55845260620117,133798700
2006-12-11,43.83000183105469,44.369998931884766,43.75,44.060001373291016,37.695343017578125,72931300
2006-12-12,44.04999923706055,44.130001068115234,43.560001373291016,43.79999923706055,37.47291564941406,110985900
2006-12-13,44.099998474121094,44.11000061035156,43.619998931884766,43.880001068115234,37.54135513305664,79035500
2006-12-14,43.970001220703125,44.56999969482422,43.939998626708984,44.369998931884766,37.9605712890625,109104200
2006-12-15,44.68000030517578,44.7599983215332,44.349998474121094,44.43000030517578,38.05820083618164,99942300
2006-12-18,44.58000183105469,44.75,43.79999923706055,43.9900016784668,37.68131637573242,121588700
2006-12-19,43.650001525878906,44.060001373291016,43.380001068115234,43.849998474121094,37.56139373779297,136535200
2006-12-20,43.900001525878906,44.11000061035156,43.66999816894531,43.689998626708984,37.42433547973633,67213400
2006-12-21,43.7400016784668,43.790000915527344,43.209999084472656,43.380001068115234,37.15879440307617,102952300
2006-12-22,43.400001525878906,43.40999984741211,42.93000030517578,42.93000030517578,36.77334976196289,92858600
2006-12-26,42.93000030517578,43.119998931884766,42.880001068115234,43.11000061035156,36.927520751953125,50848600
2006-12-27,43.209999084472656,43.400001525878906,43.099998474121094,43.33000183105469,37.1159782409668,54129200
2006-12-28,43.20000076293945,43.380001068115234,43.04999923706055,43.119998931884766,36.936092376708984,69016000
2006-12-29,43.189998626708984,43.61000061035156,43.119998931884766,43.15999984741211,36.97037124633789,75152500
2007-01-03,43.459999084472656,44.060001373291016,42.52000045776367,43.2400016784668,37.038883209228516,167689500
2007-01-04,43.29999923706055,44.209999084472656,43.150001525878906,44.060001373291016,37.74125671386719,136853500
2007-01-05,43.95000076293945,43.95000076293945,43.47999954223633,43.849998474121094,37.56139373779297,138958800
2007-01-08,43.88999938964844,44.119998931884766,43.63999938964844,43.880001068115234,37.58708190917969,106401600
2007-01-09,44.0099983215332,44.290000915527344,43.630001068115234,44.099998474121094,37.775543212890625,121577500
2007-01-10,43.959999084472656,44.65999984741211,43.81999969482422,44.619998931884766,38.22098159790039,121070100
2007-01-11,44.709999084472656,45.2400016784668,44.650001525878906,45.08000183105469,38.61500930786133,174029800
2007-01-12,45.02000045776367,45.349998474121094,44.970001220703125,45.310001373291016,38.81202697753906,104217300
2007-01-16,45.349998474121094,45.400001525878906,45.130001068115234,45.279998779296875,38.78633117675781,95690500
2007-01-17,45.09000015258789,45.290000915527344,44.83000183105469,44.90999984741211,38.46938705444336,127142600
2007-01-18,44.790000915527344,44.84000015258789,43.95000076293945,44.08000183105469,37.7584228515625,189029800
2007-01-19,43.970001220703125,44.279998779296875,43.90999984741211,44.16999816894531,37.835506439208984,127544300
2007-01-22,44.209999084472656,44.22999954223633,43.5099983215332,43.689998626708984,37.42433547973633,123441700
2007-01-23,43.65999984741211,43.97999954223633,43.5,43.58000183105469,37.33011245727539,133103600
2007-01-24,43.86000061035156,44.31999969482422,43.77000045776367,44.29999923706055,37.946868896484375,117615300
2007-01-25,44.36000061035156,44.470001220703125,43.58000183105469,43.72999954223633,37.4586067199707,158337600
2007-01-26,43.810001373291016,43.83000183105469,43.290000915527344,43.56999969482422,37.32155990600586,146284300
2007-01-29,43.459999084472656,43.90999984741211,43.400001525878906,43.61000061035156,37.35580825805664,104191500
2007-01-30,43.68000030517578,43.790000915527344,43.52000045776367,43.630001068115234,37.3729362487793,69605900
2007-01-31,43.58000183105469,44.189998626708984,43.33000183105469,44.06999969482422,37.749847412109375,157772500
2007-02-01,44.27000045776367,44.400001525878906,43.849998474121094,44.0,37.68988800048828,147365600
2007-02-02,44.119998931884766,44.25,43.939998626708984,44.15999984741211,37.82695388793945,98189200
2007-02-05,44.13999938964844,44.36000061035156,43.959999084472656,44.119998931884766,37.792667388916016,96347800
2007-02-06,44.20000076293945,44.22999954223633,43.63999938964844,44.060001373291016,37.74125671386719,121110200
2007-02-07,44.279998779296875,44.650001525878906,44.119998931884766,44.459999084472656,38.08391571044922,117823800
2007-02-08,44.400001525878906,44.599998474121094,44.22999954223633,44.45000076293945,38.075340270996094,89521900
2007-02-09,44.56999969482422,44.720001220703125,43.72999954223633,43.880001068115234,37.58708190917969,133472000
2007-02-12,43.869998931884766,43.88999938964844,43.59000015258789,43.709999084472656,37.44147491455078,126940000
2007-02-13,43.779998779296875,44.0,43.70000076293945,43.86000061035156,37.56996154785156,93648000
2007-02-14,44.040000915527344,44.709999084472656,44.040000915527344,44.599998474121094,38.203834533691406,133370000
2007-02-15,44.630001068115234,44.86000061035156,44.54999923706055,44.86000061035156,38.42655563354492,110452500
2007-02-16,44.65999984741211,44.83000183105469,44.56999969482422,44.709999084472656,38.29806137084961,72342200
2007-02-20,44.63999938964844,45.119998931884766,44.43000030517578,45.04999923706055,38.58929443359375,93629000
2007-02-21,44.91999816894531,45.209999084472656,44.83000183105469,45.189998626708984,38.709228515625,95864000
2007-02-22,45.36000061035156,45.54999923706055,45.06999969482422,45.41999816894531,38.906253814697266,116344400
2007-02-23,45.41999816894531,45.459999084472656,45.060001373291016,45.2599983215332,38.76919174194336,113467100
2007-02-26,45.47999954223633,45.5,44.7599983215332,45.040000915527344,38.58073806762695,101623700
2007-02-27,44.369998931884766,44.47999954223633,43.060001373291016,43.189998626708984,36.996055603027344,317813200
2007-02-28,43.150001525878906,43.7599983215332,42.93000030517578,43.33000183105469,37.1159782409668,214978700
2007-03-01,42.54999923706055,43.540000915527344,42.2400016784668,43.130001068115234,36.944664001464844,231806500
2007-03-02,42.779998779296875,43.13999938964844,42.470001220703125,42.47999954223633,36.38785171508789,183359400
2007-03-05,42.150001525878906,42.79999923706055,42.060001373291016,42.150001525878906,36.10520935058594,171885400
2007-03-06,42.529998779296875,42.9900016784668,42.5,42.849998474121094,36.70480728149414,155551800
2007-03-07,42.86000061035156,42.97999954223633,42.650001525878906,42.68000030517578,36.55918502807617,119979300
2007-03-08,43.130001068115234,43.2400016784668,42.84000015258789,42.970001220703125,36.80759811401367,120900700
2007-03-09,43.33000183105469,43.34000015258789,42.650001525878906,42.93000030517578,36.77334976196289,128597600
2007-03-12,42.869998931884766,43.279998779296875,42.83000183105469,43.209999084472656,37.01319885253906,81310100
2007-03-13,43.0,43.2400016784668,42.36000061035156,42.369998931884766,36.29365921020508,171231800
2007-03-14,42.43000030517578,43.0,42.099998474121094,42.9900016784668,36.824729919433594,192586700
2007-03-15,42.900001525878906,43.060001373291016,42.720001220703125,42.88999938964844,36.739078521728516,111627400
2007-03-16,42.939998626708984,43.040000915527344,42.61000061035156,42.83000183105469,36.71078109741211,108328800
2007-03-19,43.060001373291016,43.38999938964844,42.95000076293945,43.27000045776367,37.087921142578125,95913200
2007-03-20,43.2599983215332,43.59000015258789,43.209999084472656,43.58000183105469,37.3536376953125,78755700
2007-03-21,43.63999938964844,44.439998626708984,43.349998474121094,44.41999816894531,38.073631286621094,173333500
2007-03-22,44.439998626708984,44.45000076293945,44.09000015258789,44.2599983215332,37.93648910522461,114856300
2007-03-23,44.2599983215332,44.369998931884766,44.06999969482422,44.119998931884766,37.816471099853516,68530300
2007-03-26,44.13999938964844,44.31999969482422,43.630001068115234,44.29999923706055,37.97077560424805,114237300
2007-03-27,44.22999954223633,44.2400016784668,43.95000076293945,43.9900016784668,37.70506286621094,76419200
2007-03-28,43.79999923706055,44.029998779296875,43.5099983215332,43.52000045776367,37.30220413208008,142795000
2007-03-29,43.81999969482422,43.849998474121094,43.099998474121094,43.56999969482422,37.34507751464844,124407000
2007-03-30,43.560001373291016,43.869998931884766,43.220001220703125,43.529998779296875,37.310787200927734,120418700
2007-04-02,43.66999816894531,43.7599983215332,43.29999923706055,43.59000015258789,37.362213134765625,89617700
2007-04-03,43.81999969482422,44.310001373291016,43.790000915527344,44.15999984741211,37.850772857666016,105814500
2007-04-04,44.189998626708984,44.380001068115234,44.130001068115234,44.34000015258789,38.00504684448242,85147200
2007-04-05,44.290000915527344,44.58000183105469,44.22999954223633,44.560001373291016,38.193641662597656,54220200
2007-04-09,44.709999084472656,44.75,44.380001068115234,44.45000076293945,38.09931945800781,63050200
2007-04-10,44.439998626708984,44.68000030517578,44.40999984741211,44.68000030517578,38.29648208618164,76364500
2007-04-11,44.63999938964844,44.65999984741211,44.06999969482422,44.209999084472656,37.89364242553711,114012300
2007-04-12,44.13999938964844,44.619998931884766,43.95000076293945,44.560001373291016,38.193641662597656,113801300
2007-04-13,44.56999969482422,44.720001220703125,44.290000915527344,44.650001525878906,38.27076721191406,94572000
2007-04-16,44.83000183105469,45.150001525878906,44.83000183105469,45.060001373291016,38.62220001220703,72803200
2007-04-17,45.150001525878906,45.20000076293945,44.959999084472656,45.15999984741211,38.7078857421875,81852300
2007-04-18,44.93000030517578,45.22999954223633,44.83000183105469,45.0099983215332,38.579322814941406,82002500
2007-04-19,44.810001373291016,45.25,44.720001220703125,45.150001525878906,38.699310302734375,95413000
2007-04-20,45.52000045776367,45.66999816894531,45.20000076293945,45.400001525878906,38.91360092163086,122377400
2007-04-23,45.459999084472656,45.599998474121094,45.34000015258789,45.470001220703125,38.97361755371094,85303300
2007-04-24,45.630001068115234,45.83000183105469,45.33000183105469,45.70000076293945,39.17074966430664,108143700
2007-04-25,45.849998474121094,46.31999969482422,45.70000076293945,46.310001373291016,39.69359588623047,106818100
2007-04-26,46.41999816894531,46.650001525878906,46.33000183105469,46.54999923706055,39.89931106567383,99308300
2007-04-27,46.369998931884766,46.70000076293945,46.290000915527344,46.56999969482422,39.91645050048828,96536500
2007-04-30,46.4900016784668,46.529998779296875,45.91999816894531,45.959999084472656,39.39360046386719,93290500
2007-05-01,45.970001220703125,46.13999938964844,45.65999984741211,45.91999816894531,39.35929870605469,135044400
2007-05-02,46.09000015258789,46.58000183105469,46.04999923706055,46.41999816894531,39.78788375854492,91971600
2007-05-03,46.5099983215332,46.720001220703125,46.43000030517578,46.59000015258789,39.933589935302734,98003600
2007-05-04,46.77000045776367,46.88999938964844,46.41999816894531,46.630001068115234,39.96787643432617,93591800
2007-05-07,46.65999984741211,46.779998779296875,46.56999969482422,46.630001068115234,39.96787643432617,47487900
2007-05-08,46.470001220703125,46.77000045776367,46.29999923706055,46.72999954223633,40.05357360839844,95138900
2007-05-09,46.4900016784668,46.970001220703125,46.459999084472656,46.83000183105469,40.13929748535156,116021000
2007-05-10,46.66999816894531,46.779998779296875,46.06999969482422,46.189998626708984,39.59074020385742,171196300
2007-05-11,46.2400016784668,46.779998779296875,46.18000030517578,46.779998779296875,40.096439361572266,104767900
2007-05-14,46.77000045776367,46.880001068115234,46.189998626708984,46.459999084472656,39.82215881347656,118899200
2007-05-15,46.41999816894531,46.70000076293945,45.9900016784668,46.099998474121094,39.51360321044922,179438500
2007-05-16,46.20000076293945,46.560001373291016,45.90999984741211,46.54999923706055,39.89931106567383,144420500
2007-05-17,46.4900016784668,46.56999969482422,46.290000915527344,46.33000183105469,39.71073913574219,109869100
2007-05-18,46.47999954223633,46.709999084472656,46.380001068115234,46.709999084472656,40.03642272949219,104961700
2007-05-21,46.7400016784668,47.2400016784668,46.66999816894531,47.0099983215332,40.2935791015625,112831400
2007-05-22,47.040000915527344,47.279998779296875,46.869998931884766,47.04999923706055,40.3278694152832,98029100
2007-05-23,47.189998626708984,47.369998931884766,46.79999923706055,46.83000183105469,40.13929748535156,119220600
2007-05-24,46.86000061035156,47.040000915527344,45.970001220703125,46.15999984741211,39.56502914428711,206268600
2007-05-25,46.2599983215332,46.560001373291016,46.18000030517578,46.45000076293945,39.813594818115234,87143200
2007-05-29,46.5,46.86000061035156,46.40999984741211,46.810001373291016,40.12217330932617,99702400
2007-05-30,46.47999954223633,47.20000076293945,46.349998474121094,47.189998626708984,40.44786834716797,132036500
2007-05-31,47.31999969482422,47.52000045776367,47.209999084472656,47.40999984741211,40.63643264770508,109457700
2007-06-01,47.58000183105469,47.77000045776367,47.369998931884766,47.439998626708984,40.66213607788086,125089800
2007-06-04,47.27000045776367,47.63999938964844,47.2400016784668,47.58000183105469,40.78213882446289,64782700
2007-06-05,47.45000076293945,47.58000183105469,47.0,47.58000183105469,40.78213882446289,151160400
2007-06-06,47.369998931884766,47.380001068115234,46.959999084472656,47.06999969482422,40.34501647949219,183166500
2007-06-07,46.90999984741211,47.209999084472656,46.31999969482422,46.34000015258789,39.71930694580078,221373300
2007-06-08,46.31999969482422,46.93000030517578,46.15999984741211,46.90999984741211,40.20789337158203,177587800
2007-06-11,46.880001068115234,47.189998626708984,46.7599983215332,46.81999969482422,40.1307258605957,97100400
2007-06-12,46.56999969482422,47.040000915527344,46.45000076293945,46.540000915527344,39.89072036743164,153967700
2007-06-13,46.7400016784668,47.09000015258789,46.540000915527344,47.04999923706055,40.3278694152832,147985300
2007-06-14,47.099998474121094,47.4900016784668,47.09000015258789,47.36000061035156,40.59357452392578,101531900
2007-06-15,47.7599983215332,47.869998931884766,47.650001525878906,47.7599983215332,40.96842575073242,100378400
2007-06-18,47.849998474121094,47.869998931884766,47.66999816894531,47.77000045776367,40.97701644897461,75713200
2007-06-19,47.630001068115234,47.86000061035156,47.5099983215332,47.7599983215332,40.96842575073242,109621300
2007-06-20,47.83000183105469,47.91999816894531,47.2400016784668,47.310001373291016,40.58243179321289,161889500
2007-06-21,47.290000915527344,47.790000915527344,47.08000183105469,47.7400016784668,40.95125961303711,143181300
2007-06-22,47.63999938964844,47.709999084472656,47.13999938964844,47.290000915527344,40.56526184082031,153328700
2007-06-25,47.29999923706055,47.58000183105469,46.81999969482422,47.09000015258789,40.393714904785156,136602600
2007-06-26,47.310001373291016,47.31999969482422,46.7400016784668,46.81999969482422,40.1620979309082,128211900
2007-06-27,46.77000045776367,47.560001373291016,46.70000076293945,47.540000915527344,40.77972412109375,141196200
2007-06-28,47.52000045776367,47.849998474121094,47.470001220703125,47.52000045776367,40.76256561279297,116546300
2007-06-29,47.779998779296875,47.880001068115234,47.209999084472656,47.599998474121094,40.83118438720703,124794700
2007-07-02,47.709999084472656,48.04999923706055,47.68000030517578,48.029998779296875,41.200042724609375,80863100
2007-07-03,48.09000015258789,48.31999969482422,48.040000915527344,48.310001373291016,41.44025421142578,34803300
2007-07-05,48.34000015258789,48.77000045776367,48.290000915527344,48.65999984741211,41.74045944213867,73588500
2007-07-06,48.709999084472656,48.90999984741211,48.5,48.86000061035156,41.9119987487793,65804300
2007-07-09,48.900001525878906,48.97999954223633,48.720001220703125,48.88999938964844,41.93772888183594,66768800
2007-07-10,48.619998931884766,48.900001525878906,48.43000030517578,48.47999954223633,41.58605194091797,104383100
2007-07-11,48.369998931884766,48.810001373291016,48.31999969482422,48.810001373291016,41.869140625,99637600
2007-07-12,48.970001220703125,49.66999816894531,48.91999816894531,49.560001373291016,42.51247787475586,107667100
2007-07-13,49.630001068115234,49.970001220703125,49.56999969482422,49.900001525878906,42.80412292480469,74232200
2007-07-16,49.88999938964844,50.08000183105469,49.7599983215332,49.849998474121094,42.761226654052734,77799500
2007-07-17,49.959999084472656,50.29999923706055,49.91999816894531,50.22999954223633,43.087196350097656,124833700
2007-07-18,49.95000076293945,50.16999816894531,49.63999938964844,50.16999816894531,43.03573226928711,144915900
2007-07-19,50.40999984741211,50.65999984741211,50.310001373291016,50.31999969482422,43.16439437866211,116563800
2007-07-20,50.290000915527344,50.36000061035156,49.7400016784668,50.04999923706055,42.93278503417969,163721300
2007-07-23,50.220001220703125,50.310001373291016,49.91999816894531,50.06999969482422,42.94996643066406,107464100
2007-07-24,49.70000076293945,50.099998474121094,49.04999923706055,49.33000183105469,42.31519317626953,175496200
2007-07-25,49.58000183105469,49.66999816894531,49.060001373291016,49.400001525878906,42.37522506713867,170258700
2007-07-26,49.060001373291016,49.470001220703125,48.04999923706055,48.97999954223633,42.01495361328125,318522000
2007-07-27,48.88999938964844,49.119998931884766,47.9900016784668,47.9900016784668,41.165733337402344,246387600
2007-07-30,48.220001220703125,48.72999954223633,47.95000076293945,48.54999923706055,41.64609909057617,166517200
2007-07-31,48.970001220703125,48.9900016784668,47.43000030517578,47.529998779296875,40.77114486694336,260224500
2007-08-01,47.38999938964844,47.93000030517578,46.97999954223633,47.900001525878906,41.088523864746094,301153900
2007-08-02,47.93000030517578,48.43000030517578,47.790000915527344,48.34000015258789,41.4659538269043,177369900
2007-08-03,48.25,48.310001373291016,47.150001525878906,47.41999816894531,40.676788330078125,166048400
2007-08-06,47.470001220703125,48.02000045776367,47.029998779296875,47.970001220703125,41.148582458496094,190869100
2007-08-07,47.880001068115234,48.619998931884766,47.47999954223633,48.310001373291016,41.44025421142578,167109700
2007-08-08,48.5099983215332,49.060001373291016,48.400001525878906,48.84000015258789,41.894859313964844,164831200
2007-08-09,48.189998626708984,48.970001220703125,47.689998626708984,47.709999084472656,40.9255256652832,242418200
2007-08-10,47.20000076293945,47.83000183105469,46.630001068115234,47.279998779296875,40.55670928955078,247006400
2007-08-13,47.68000030517578,47.880001068115234,47.47999954223633,47.599998474121094,40.83118438720703,116935100
2007-08-14,47.70000076293945,47.7400016784668,46.72999954223633,46.790000915527344,40.13636779785156,153529800
2007-08-15,46.68000030517578,47.09000015258789,45.810001373291016,45.900001525878906,39.3729362487793,214854100
2007-08-16,45.529998779296875,45.90999984741211,44.38999938964844,45.45000076293945,38.9869270324707,362468700
2007-08-17,46.310001373291016,46.59000015258789,45.59000015258789,46.310001373291016,39.72462463378906,223246600
2007-08-20,46.4900016784668,46.720001220703125,46.08000183105469,46.529998779296875,39.91334533691406,144715100
2007-08-21,46.47999954223633,47.130001068115234,46.38999938964844,47.02000045776367,40.333648681640625,115027200
2007-08-22,47.380001068115234,47.70000076293945,47.27000045776367,47.65999984741211,40.882652282714844,115814100
2007-08-23,47.790000915527344,47.849998474121094,47.22999954223633,47.529998779296875,40.77114486694336,118663400
2007-08-24,47.380001068115234,48.22999954223633,47.31999969482422,48.20000076293945,41.34586715698242,88189200
2007-08-27,48.060001373291016,48.20000076293945,47.84000015258789,47.880001068115234,41.071353912353516,72490400
2007-08-28,47.599998474121094,47.70000076293945,46.709999084472656,46.7400016784668,40.09349060058594,106024800
2007-08-29,47.04999923706055,48.119998931884766,47.04999923706055,48.08000183105469,41.24293518066406,113201000
2007-08-30,47.83000183105469,48.7400016784668,47.75,48.33000183105469,41.4573860168457,138930000
2007-08-31,48.86000061035156,49.060001373291016,48.61000061035156,48.869998931884766,41.92057800292969,94687200
2007-09-04,48.93000030517578,50.0,48.90999984741211,49.68000030517578,42.61540985107422,98480900
2007-09-05,49.560001373291016,49.650001525878906,48.869998931884766,49.18000030517578,42.186519622802734,114049300
2007-09-06,49.22999954223633,49.36000061035156,48.810001373291016,49.13999938964844,42.152191162109375,99222600
2007-09-07,48.529998779296875,48.599998474121094,47.95000076293945,48.22999954223633,41.37160110473633,152438000
2007-09-10,48.619998931884766,48.75,47.810001373291016,48.20000076293945,41.34586715698242,125199400
2007-09-11,48.5099983215332,48.9900016784668,48.43000030517578,48.93000030517578,41.97206115722656,103064500
2007-09-12,48.84000015258789,49.369998931884766,48.779998779296875,48.939998626708984,41.98064422607422,93993400
2007-09-13,49.290000915527344,49.349998474121094,48.939998626708984,49.18000030517578,42.186519622802734,80807500
2007-09-14,48.79999923706055,49.310001373291016,48.72999954223633,49.220001220703125,42.220802307128906,99801200
2007-09-17,49.0,49.099998474121094,48.59000015258789,48.810001373291016,41.869140625,84882300
2007-09-18,49.09000015258789,50.08000183105469,48.83000183105469,50.040000915527344,42.92420959472656,151452100
2007-09-19,50.290000915527344,50.59000015258789,49.97999954223633,50.16999816894531,43.03573226928711,127025800
2007-09-20,50.060001373291016,50.2599983215332,49.91999816894531,50.029998779296875,42.91562271118164,109970600
2007-09-21,50.279998779296875,50.52000045776367,50.0099983215332,50.36000061035156,43.221168518066406,86829500
2007-09-24,50.4900016784668,50.959999084472656,50.33000183105469,50.59000015258789,43.41856384277344,107226800
2007-09-25,50.41999816894531,51.06999969482422,50.36000061035156,51.06999969482422,43.83053207397461,101102200
2007-09-26,51.36000061035156,51.5099983215332,51.119998931884766,51.31999969482422,44.04508972167969,96124600
2007-09-27,51.619998931884766,51.650001525878906,51.36000061035156,51.58000183105469,44.26821517944336,73423200
2007-09-28,51.540000915527344,51.68000030517578,51.18000030517578,51.40999984741211,44.12232971191406,75546000
2007-10-01,51.45000076293945,52.15999984741211,51.380001068115234,52.0,44.62868881225586,100404100
2007-10-02,52.040000915527344,52.060001373291016,51.720001220703125,52.0099983215332,44.63725662231445,71046000
2007-10-03,51.84000015258789,52.06999969482422,51.5,51.650001525878906,44.32830810546875,106785000
2007-10-04,51.75,51.83000183105469,51.34000015258789,51.77000045776367,44.43130111694336,84129300
2007-10-05,52.16999816894531,52.900001525878906,52.060001373291016,52.81999969482422,45.33246612548828,115674700
2007-10-08,52.79999923706055,53.15999984741211,52.709999084472656,53.150001525878906,45.61566925048828,63022400
2007-10-09,53.27000045776367,53.45000076293945,53.029998779296875,53.380001068115234,45.81306076049805,93965600
2007-10-10,53.38999938964844,53.56999969482422,53.209999084472656,53.5099983215332,45.92462158203125,91777500
2007-10-11,53.790000915527344,53.939998626708984,52.279998779296875,52.65999984741211,45.19514083862305,239786700
2007-10-12,52.900001525878906,53.540000915527344,52.79999923706055,53.529998779296875,45.94179916381836,131676000
2007-10-15,53.61000061035156,53.709999084472656,52.70000076293945,53.119998931884766,45.589927673339844,121578700
2007-10-16,52.790000915527344,53.279998779296875,52.68000030517578,52.869998931884766,45.3753776550293,193676600
2007-10-17,53.619998931884766,53.65999984741211,52.68000030517578,53.54999923706055,45.95895767211914,183985200
2007-10-18,53.33000183105469,53.88999938964844,53.119998931884766,53.779998779296875,46.156368255615234,144491200
2007-10-19,53.77000045776367,53.77000045776367,52.38999938964844,52.439998626708984,45.00632095336914,245111500
2007-10-22,52.15999984741211,53.119998931884766,52.02000045776367,53.06999969482422,45.54701614379883,207052100
2007-10-23,53.61000061035156,54.209999084472656,53.34000015258789,54.18000030517578,46.499664306640625,162360600
2007-10-24,53.7400016784668,53.939998626708984,52.599998474121094,53.77000045776367,46.147804260253906,298293400
2007-10-25,53.88999938964844,53.97999954223633,52.75,53.04999923706055,45.52985763549805,233833100
2007-10-26,54.08000183105469,54.20000076293945,53.439998626708984,53.93000030517578,46.285099029541016,146690300
2007-10-29,54.189998626708984,54.33000183105469,53.84000015258789,54.150001525878906,46.47393035888672,101896600
2007-10-30,53.939998626708984,54.560001373291016,53.900001525878906,54.2599983215332,46.568328857421875,114616600
2007-10-31,54.470001220703125,55.06999969482422,54.040000915527344,55.029998779296875,47.229156494140625,148431900
2007-11-01,54.68000030517578,54.77000045776367,53.970001220703125,54.0,46.34516906738281,181974200
2007-11-02,54.41999816894531,54.54999923706055,53.599998474121094,54.41999816894531,46.705657958984375,217882900
2007-11-05,53.86000061035156,54.400001525878906,53.59000015258789,54.06999969482422,46.40525436401367,150588900
2007-11-06,54.33000183105469,54.689998626708984,53.779998779296875,54.68000030517578,46.92878341674805,131884700
2007-11-07,54.220001220703125,54.58000183105469,53.310001373291016,53.349998474121094,45.78733444213867,197908200
2007-11-08,53.13999938964844,53.33000183105469,50.79999923706055,51.72999954223633,44.39695739746094,380626400
2007-11-09,50.72999954223633,51.119998931884766,50.0,50.0,42.912208557128906,309414900
2007-11-12,49.91999816894531,50.2400016784668,48.650001525878906,48.72999954223633,41.822261810302734,283216000
2007-11-13,49.38999938964844,50.790000915527344,49.349998474121094,50.7400016784668,43.54729080200195,255625900
2007-11-14,51.38999938964844,51.439998626708984,49.900001525878906,50.09000015258789,42.98944091796875,263284100
2007-11-15,50.0,50.540000915527344,49.369998931884766,49.81999969482422,42.757713317871094,251548800
2007-11-16,50.15999984741211,50.4900016784668,49.34000015258789,50.279998779296875,43.152523040771484,263623700
2007-11-19,50.15999984741211,50.45000076293945,49.40999984741211,49.70000076293945,42.65472412109375,198651100
2007-11-20,49.959999084472656,50.779998779296875,48.93000030517578,49.900001525878906,42.826385498046875,300763600
2007-11-21,49.45000076293945,50.16999816894531,48.849998474121094,49.310001373291016,42.32002258300781,212225400
2007-11-23,49.630001068115234,49.970001220703125,49.369998931884766,49.84000015258789,42.77490234375,46463300
2007-11-26,49.970001220703125,50.369998931884766,48.900001525878906,48.97999954223633,42.03680419921875,150352100
2007-11-27,49.400001525878906,50.04999923706055,49.099998474121094,49.959999084472656,42.877864837646484,211369300
2007-11-28,50.630001068115234,51.70000076293945,50.599998474121094,51.47999954223633,44.18241500854492,216868100
2007-11-29,51.279998779296875,51.88999938964844,51.20000076293945,51.70000076293945,44.37120819091797,172087300
2007-11-30,52.209999084472656,52.25,50.95000076293945,51.310001373291016,44.0364990234375,171417400
2007-12-03,51.09000015258789,51.529998779296875,50.81999969482422,50.880001068115234,43.66746139526367,108625700
2007-12-04,50.4900016784668,50.939998626708984,50.380001068115234,50.66999816894531,43.48722457885742,113374100
2007-12-05,51.20000076293945,52.0,51.15999984741211,51.58000183105469,44.26821517944336,137614200
2007-12-06,51.630001068115234,52.369998931884766,51.61000061035156,52.31999969482422,44.90331268310547,99724500
2007-12-07,52.290000915527344,52.540000915527344,52.08000183105469,52.33000183105469,44.91191864013672,88992300
2007-12-10,52.459999084472656,52.689998626708984,52.31999969482422,52.540000915527344,45.09214782714844,75657900
2007-12-11,52.619998931884766,52.84000015258789,51.209999084472656,51.31999969482422,44.04508972167969,167064300
2007-12-12,52.25,52.43000030517578,50.88999938964844,51.779998779296875,44.439884185791016,162975200
2007-12-13,51.33000183105469,51.630001068115234,50.97999954223633,51.5,44.19956588745117,153476200
2007-12-14,51.09000015258789,51.599998474121094,50.91999816894531,50.970001220703125,43.74470138549805,128396700
2007-12-17,50.779998779296875,50.9900016784668,49.709999084472656,49.72999954223633,42.68046569824219,134377000
2007-12-18,50.2400016784668,50.27000045776367,49.18000030517578,49.88999938964844,42.81779098510742,154251700
2007-12-19,49.88999938964844,50.20000076293945,49.61000061035156,49.880001068115234,42.80921173095703,137970900
2007-12-20,50.619998931884766,50.959999084472656,50.20000076293945,50.900001525878906,43.684627532958984,167341700
2007-12-21,51.68000030517578,51.900001525878906,51.47999954223633,51.849998474121094,44.546348571777344,107573500
2007-12-24,52.0099983215332,52.400001525878906,51.95000076293945,52.2400016784668,44.88140106201172,34499800
2007-12-26,52.130001068115234,52.630001068115234,52.0,52.5,45.104774475097656,58492100
2007-12-27,52.33000183105469,52.5,51.709999084472656,51.869998931884766,44.56352996826172,65778900
2007-12-28,52.040000915527344,52.15999984741211,51.43000030517578,51.81999969482422,44.520572662353516,67545400
2007-12-31,51.56999969482422,51.68000030517578,51.209999084472656,51.220001220703125,44.00507736206055,70135600
2008-01-02,51.27000045776367,51.470001220703125,50.130001068115234,50.40999984741211,43.3091926574707,152344100
2008-01-03,50.40999984741211,50.7599983215332,50.150001525878906,50.619998931884766,43.489601135253906,114103700
2008-01-04,49.810001373291016,49.83000183105469,48.209999084472656,48.400001525878906,41.582313537597656,212617600
2008-01-07,48.400001525878906,48.599998474121094,47.43000030517578,48.16999816894531,41.384708404541016,235083600
2008-01-08,48.27000045776367,48.7599983215332,46.91999816894531,46.91999816894531,40.31077575683594,261669800
2008-01-09,47.11000061035156,47.959999084472656,46.459999084472656,47.91999816894531,41.16990661621094,254011800
2008-01-10,47.43000030517578,48.40999984741211,47.290000915527344,47.9900016784668,41.23006820678711,249958500
2008-01-11,47.72999954223633,47.77000045776367,46.70000076293945,47.04999923706055,40.42246627807617,211685200
2008-01-14,47.689998626708984,48.0099983215332,47.310001373291016,47.869998931884766,41.1269645690918,168048500
2008-01-15,47.369998931884766,47.52000045776367,46.349998474121094,46.54999923706055,39.9929084777832,241094900
2008-01-16,46.189998626708984,46.90999984741211,45.459999084472656,46.04999923706055,39.56332778930664,265625900
2008-01-17,46.2400016784668,46.58000183105469,45.20000076293945,45.40999984741211,39.01349639892578,254098800
2008-01-18,45.63999938964844,46.13999938964844,44.97999954223633,45.349998474121094,38.961936950683594,273063300
2008-01-22,42.83000183105469,44.77000045776367,42.72999954223633,44.18000030517578,37.956764221191406,325732000
2008-01-23,42.540000915527344,44.150001525878906,41.61000061035156,44.0099983215332,37.81068801879883,390129000
2008-01-24,44.189998626708984,44.93000030517578,44.060001373291016,44.90999984741211,38.58391571044922,250249100
2008-01-25,45.869998931884766,45.869998931884766,43.939998626708984,43.9900016784668,37.79351043701172,199299100
2008-01-28,44.02000045776367,44.439998626708984,43.56999969482422,44.33000183105469,38.08561706542969,163711200
2008-01-29,44.560001373291016,44.68000030517578,44.040000915527344,44.40999984741211,38.15434646606445,138520000
2008-01-30,44.25,45.31999969482422,44.18000030517578,44.369998931884766,38.11997985839844,220824400
2008-01-31,43.869998931884766,45.59000015258789,43.81999969482422,45.130001068115234,38.772918701171875,246824100
2008-02-01,45.5,45.880001068115234,44.880001068115234,45.59000015258789,39.168121337890625,161920300
2008-02-04,45.58000183105469,45.61000061035156,44.939998626708984,44.95000076293945,38.61827850341797,100209900
2008-02-05,44.16999816894531,44.599998474121094,43.63999938964844,43.66999816894531,37.518592834472656,188990400
2008-02-06,43.91999816894531,44.16999816894531,42.77000045776367,42.810001373291016,36.77972412109375,178285000
2008-02-07,42.33000183105469,43.790000915527344,42.150001525878906,43.11000061035156,37.037479400634766,286254800
2008-02-08,43.20000076293945,43.77000045776367,42.939998626708984,43.599998474121094,37.45841979980469,173781300
2008-02-11,43.77000045776367,44.220001220703125,43.540000915527344,44.06999969482422,37.86225128173828,119562300
2008-02-12,44.34000015258789,44.68000030517578,43.5099983215332,43.81999969482422,37.6474494934082,145412400
2008-02-13,44.38999938964844,44.880001068115234,44.15999984741211,44.779998779296875,38.47221755981445,148685900
2008-02-14,44.849998474121094,44.849998474121094,43.88999938964844,43.970001220703125,37.77633285522461,170868900
2008-02-15,43.72999954223633,43.97999954223633,43.45000076293945,43.81999969482422,37.6474494934082,100053300
2008-02-19,44.400001525878906,44.5,43.27000045776367,43.7400016784668,37.57872772216797,110507600
2008-02-20,43.2599983215332,44.09000015258789,43.2400016784668,43.939998626708984,37.75055694580078,137338800
2008-02-21,44.36000061035156,44.470001220703125,43.34000015258789,43.52000045776367,37.38972091674805,127857000
2008-02-22,43.66999816894531,43.689998626708984,42.599998474121094,43.68000030517578,37.52717208862305,157364700
2008-02-25,43.630001068115234,44.06999969482422,43.34000015258789,43.900001525878906,37.7161750793457,121444300
2008-02-26,43.650001525878906,44.47999954223633,43.369998931884766,44.06999969482422,37.86225128173828,148375900
2008-02-27,43.77000045776367,44.459999084472656,43.66999816894531,44.290000915527344,38.05123519897461,125682600
2008-02-28,44.119998931884766,44.529998779296875,43.95000076293945,44.119998931884766,37.90519714355469,129196700
2008-02-29,43.650001525878906,43.77000045776367,42.849998474121094,42.95000076293945,36.90000915527344,188724500
2008-03-03,42.91999816894531,42.9900016784668,42.2400016784668,42.66999816894531,36.6594352722168,132963800
2008-03-04,42.400001525878906,43.040000915527344,42.02000045776367,42.90999984741211,36.86564254760742,183851000
2008-03-05,42.9900016784668,43.540000915527344,42.75,43.119998931884766,37.04607009887695,183208300
2008-03-06,43.09000015258789,43.27000045776367,42.099998474121094,42.16999816894531,36.22987365722656,152752200
2008-03-07,41.91999816894531,42.63999938964844,41.380001068115234,42.06999969482422,36.14395523071289,242552400
2008-03-10,42.0099983215332,42.13999938964844,41.16999816894531,41.2599983215332,35.44805908203125,146801900
2008-03-11,41.86000061035156,42.849998474121094,41.5099983215332,42.83000183105469,36.796897888183594,196755300
2008-03-12,43.0,43.439998626708984,42.599998474121094,42.709999084472656,36.69382858276367,155566100
2008-03-13,42.22999954223633,43.33000183105469,41.810001373291016,43.040000915527344,36.977352142333984,208967900
2008-03-14,43.33000183105469,43.380001068115234,41.7400016784668,42.25,36.29861831665039,309589800
2008-03-17,41.290000915527344,42.0099983215332,41.04999923706055,41.47999954223633,35.63705825805664,193130600
2008-03-18,42.2400016784668,43.34000015258789,42.11000061035156,43.33000183105469,37.22647476196289,216300400
2008-03-19,43.5099983215332,43.599998474121094,42.22999954223633,42.2599983215332,36.307193756103516,216157200
2008-03-20,42.349998474121094,43.099998474121094,42.099998474121094,43.09000015258789,37.0492057800293,128397000
2008-03-24,43.279998779296875,44.7599983215332,43.279998779296875,44.58000183105469,38.33034896850586,125018000
2008-03-25,44.70000076293945,45.06999969482422,44.279998779296875,44.83000183105469,38.545284271240234,118107500
2008-03-26,44.66999816894531,44.849998474121094,44.279998779296875,44.70000076293945,38.43350601196289,124824600
2008-03-27,44.439998626708984,44.5099983215332,43.709999084472656,43.709999084472656,37.58229064941406,143868600
2008-03-28,44.02000045776367,44.34000015258789,43.33000183105469,43.4900016784668,37.39313507080078,111822300
2008-03-31,43.650001525878906,44.02000045776367,43.45000076293945,43.720001220703125,37.59089660644531,113644800
2008-04-01,44.41999816894531,45.61000061035156,44.40999984741211,45.59000015258789,39.198734283447266,137494400
2008-04-02,45.70000076293945,46.02000045776367,45.16999816894531,45.4900016784668,39.112762451171875,132486800
2008-04-03,45.290000915527344,45.90999984741211,45.13999938964844,45.59000015258789,39.198734283447266,140033800
2008-04-04,45.77000045776367,46.349998474121094,45.400001525878906,45.86000061035156,39.43088150024414,139261000
2008-04-07,46.13999938964844,46.40999984741211,45.650001525878906,45.7599983215332,39.34492111206055,102297100
2008-04-08,45.40999984741211,45.720001220703125,45.18000030517578,45.40999984741211,39.043983459472656,97435200
2008-04-09,45.470001220703125,45.4900016784668,44.630001068115234,44.900001525878906,38.60546875,127182300
2008-04-10,44.93000030517578,45.84000015258789,44.93000030517578,45.540000915527344,39.15574264526367,112773800
2008-04-11,45.02000045776367,45.099998474121094,44.119998931884766,44.279998779296875,38.072383880615234,120135400
2008-04-14,44.209999084472656,44.47999954223633,43.95000076293945,44.08000183105469,37.90043640136719,89274600
2008-04-15,44.2400016784668,44.349998474121094,43.68000030517578,44.13999938964844,37.9520149230957,124232300
2008-04-16,44.689998626708984,45.47999954223633,44.650001525878906,45.369998931884766,39.009586334228516,134027900
2008-04-17,45.41999816894531,45.470001220703125,44.97999954223633,45.27000045776367,38.9235954284668,124953100
2008-04-18,46.470001220703125,46.93000030517578,46.220001220703125,46.709999084472656,40.16172409057617,133022500
2008-04-21,46.619998931884766,47.08000183105469,46.4900016784668,47.040000915527344,40.44544982910156,83303200
2008-04-22,46.75,46.77000045776367,45.93000030517578,46.34000015258789,39.84357833862305,104689600
2008-04-23,46.68000030517578,47.060001373291016,46.27000045776367,46.849998474121094,40.282081604003906,131086200
2008-04-24,46.869998931884766,47.790000915527344,46.38999938964844,47.27000045776367,40.64321517944336,166509000
2008-04-25,47.31999969482422,47.349998474121094,46.56999969482422,47.150001525878906,40.5400505065918,121945400
2008-04-28,47.2599983215332,47.619998931884766,47.130001068115234,47.2400016784668,40.617427825927734,71244000
2008-04-29,47.150001525878906,47.7599983215332,47.060001373291016,47.599998474121094,40.926971435546875,91270600
2008-04-30,47.70000076293945,48.060001373291016,47.029998779296875,47.209999084472656,40.591636657714844,132152700
2008-05-01,47.22999954223633,48.720001220703125,47.220001220703125,48.70000076293945,41.87276077270508,143596900
2008-05-02,49.15999984741211,49.189998626708984,48.34000015258789,48.77000045776367,41.932945251464844,124990000
2008-05-05,48.77000045776367,49.029998779296875,48.400001525878906,48.630001068115234,41.81256866455078,75624700
2008-05-06,48.4900016784668,49.130001068115234,48.13999938964844,48.93000030517578,42.07051467895508,139582600
2008-05-07,48.939998626708984,49.22999954223633,47.869998931884766,48.040000915527344,41.3052864074707,140008300
2008-05-08,48.2400016784668,48.70000076293945,48.060001373291016,48.400001525878906,41.61479949951172,128058700
2008-05-09,48.040000915527344,48.459999084472656,47.900001525878906,48.209999084472656,41.451446533203125,97062000
2008-05-12,48.279998779296875,49.189998626708984,48.20000076293945,49.09000015258789,42.20808410644531,89606500
2008-05-13,49.11000061035156,49.33000183105469,48.7599983215332,49.220001220703125,42.319854736328125,85448100
2008-05-14,49.40999984741211,49.93000030517578,49.040000915527344,49.11000061035156,42.22526931762695,143598200
2008-05-15,49.119998931884766,50.02000045776367,48.97999954223633,49.970001220703125,42.96470642089844,157248900
2008-05-16,50.06999969482422,50.11000061035156,49.45000076293945,50.0099983215332,42.99908447265625,146563200
2008-05-19,50.04999923706055,50.470001220703125,49.34000015258789,49.650001525878906,42.689579010009766,140048700
2008-05-20,49.470001220703125,49.470001220703125,48.88999938964844,49.27000045776367,42.36284255981445,137163700
2008-05-21,49.33000183105469,49.599998474121094,48.02000045776367,48.18000030517578,41.425655364990234,192806700
2008-05-22,48.29999923706055,48.689998626708984,48.11000061035156,48.349998474121094,41.57182312011719,153198200
2008-05-23,48.18000030517578,48.349998474121094,47.81999969482422,48.20000076293945,41.442848205566406,121698400
2008-05-27,48.29999923706055,49.11000061035156,48.290000915527344,49.04999923706055,42.173683166503906,106984300
2008-05-28,49.279998779296875,49.36000061035156,48.75,49.25,42.34564971923828,121363000
2008-05-29,49.279998779296875,49.970001220703125,49.25,49.689998626708984,42.723960876464844,143993000
2008-05-30,49.880001068115234,50.2400016784668,49.75,50.0099983215332,42.99908447265625,94153600
2008-06-02,49.91999816894531,49.91999816894531,48.959999084472656,49.400001525878906,42.4746208190918,144359900
2008-06-03,49.59000015258789,49.900001525878906,48.66999816894531,49.130001068115234,42.24247360229492,167606900
2008-06-04,48.97999954223633,50.099998474121094,48.939998626708984,49.7599983215332,42.78416442871094,174870800
2008-06-05,49.88999938964844,50.61000061035156,49.70000076293945,50.54999923706055,43.46337890625,126653700
2008-06-06,50.11000061035156,50.209999084472656,49.02000045776367,49.029998779296875,42.15647506713867,189136000
2008-06-09,49.130001068115234,49.189998626708984,47.95000076293945,48.77000045776367,41.932945251464844,208897300
2008-06-10,48.27000045776367,48.939998626708984,48.15999984741211,48.540000915527344,41.73518371582031,162798500
2008-06-11,48.439998626708984,48.52000045776367,47.349998474121094,47.369998931884766,40.72920608520508,170366900
2008-06-12,47.709999084472656,48.11000061035156,47.0,47.41999816894531,40.77219009399414,189913200
2008-06-13,47.709999084472656,48.470001220703125,47.459999084472656,48.369998931884766,41.58899688720703,167855000
2008-06-16,48.119998931884766,49.02000045776367,48.06999969482422,48.79999923706055,41.95872497558594,136343900
2008-06-17,48.95000076293945,49.060001373291016,48.470001220703125,48.540000915527344,41.73518371582031,122932000
2008-06-18,48.2599983215332,48.45000076293945,47.83000183105469,48.02000045776367,41.28807067871094,169338100
2008-06-19,47.93000030517578,49.0099983215332,47.61000061035156,48.77000045776367,41.932945251464844,221304200
2008-06-20,48.33000183105469,48.349998474121094,47.209999084472656,47.41999816894531,40.800636291503906,197434200
2008-06-23,47.61000061035156,47.7400016784668,46.97999954223633,47.04999923706055,40.48229217529297,131488800
2008-06-24,46.83000183105469,47.369998931884766,46.40999984741211,46.810001373291016,40.27578353881836,178293800
2008-06-25,47.0099983215332,48.0,46.939998626708984,47.56999969482422,40.92971420288086,179023400
2008-06-26,46.689998626708984,46.70000076293945,45.63999938964844,45.650001525878906,39.27771759033203,190028300
2008-06-27,45.599998474121094,45.900001525878906,44.970001220703125,45.650001525878906,39.27771759033203,181351800
2008-06-30,45.5099983215332,45.83000183105469,45.150001525878906,45.16999816894531,38.864723205566406,132912400
2008-07-01,44.810001373291016,45.86000061035156,44.68000030517578,45.810001373291016,39.41536331176758,245494300
2008-07-02,45.95000076293945,46.130001068115234,44.63999938964844,44.709999084472656,38.468929290771484,199576400
2008-07-03,44.97999954223633,45.08000183105469,44.279998779296875,44.630001068115234,38.40008544921875,123118300
2008-07-07,45.040000915527344,45.459999084472656,44.2400016784668,44.900001525878906,38.63240432739258,181011300
2008-07-08,44.95000076293945,46.0099983215332,44.77000045776367,45.970001220703125,39.55302810668945,206151200
2008-07-09,45.959999084472656,46.029998779296875,44.72999954223633,44.75,38.50333786010742,168500300
2008-07-10,44.81999969482422,45.41999816894531,44.380001068115234,45.279998779296875,38.95936584472656,238811500
2008-07-11,44.810001373291016,45.27000045776367,43.849998474121094,44.560001373291016,38.339866638183594,265514700
2008-07-14,45.13999938964844,45.18000030517578,44.06999969482422,44.22999954223633,38.05593490600586,177389800
2008-07-15,44.0099983215332,44.93000030517578,43.29999923706055,44.2400016784668,38.06453323364258,283891100
2008-07-16,44.36000061035156,45.380001068115234,43.91999816894531,45.34000015258789,39.010986328125,186047800
2008-07-17,45.61000061035156,45.81999969482422,44.97999954223633,45.63999938964844,39.269100189208984,197555100
2008-07-18,45.13999938964844,45.16999816894531,44.59000015258789,44.59000015258789,38.36567687988281,160661000
2008-07-21,45.0,45.189998626708984,44.4900016784668,44.779998779296875,38.52914047241211,128107800
2008-07-22,44.029998779296875,44.810001373291016,43.86000061035156,44.779998779296875,38.52914047241211,152524500
2008-07-23,44.849998474121094,45.88999938964844,44.720001220703125,45.369998931884766,39.036800384521484,169259100
2008-07-24,45.58000183105469,45.61000061035156,44.650001525878906,44.689998626708984,38.451717376708984,145561000
2008-07-25,44.97999954223633,45.47999954223633,44.7599983215332,45.27000045776367,38.95074462890625,111616700
2008-07-28,45.2599983215332,45.52000045776367,44.209999084472656,44.41999816894531,38.21940612792969,124028500
2008-07-29,44.61000061035156,45.540000915527344,44.56999969482422,45.34000015258789,39.010986328125,142290900
2008-07-30,45.470001220703125,45.81999969482422,44.880001068115234,45.56999969482422,39.20887756347656,165679900
2008-07-31,45.119998931884766,46.150001525878906,45.02000045776367,45.459999084472656,39.114227294921875,180473100
2008-08-01,45.5099983215332,45.54999923706055,44.400001525878906,44.880001068115234,38.61520004272461,180350400
2008-08-04,44.869998931884766,44.91999816894531,44.29999923706055,44.43000030517578,38.22799301147461,116298000
2008-08-05,44.88999938964844,45.970001220703125,44.84000015258789,45.93000030517578,39.51862716674805,151657400
2008-08-06,45.95000076293945,46.810001373291016,45.58000183105469,46.630001068115234,40.12091064453125,133463700
2008-08-07,46.349998474121094,46.849998474121094,46.08000183105469,46.27000045776367,39.8111572265625,152805800
2008-08-08,46.2400016784668,47.439998626708984,46.150001525878906,47.31999969482422,40.7146110534668,143121500
2008-08-11,47.29999923706055,48.279998779296875,47.13999938964844,47.75,41.08457946777344,157290100
2008-08-12,47.7400016784668,48.15999984741211,47.5099983215332,47.79999923706055,41.12759780883789,140549300
2008-08-13,47.720001220703125,48.119998931884766,47.25,47.70000076293945,41.04156494140625,169652100
2008-08-14,47.540000915527344,48.459999084472656,47.4900016784668,48.25,41.514774322509766,158069200
2008-08-15,48.33000183105469,48.56999969482422,47.959999084472656,48.15999984741211,41.437355041503906,123115900
2008-08-18,48.29999923706055,48.310001373291016,47.2599983215332,47.599998474121094,40.95551300048828,151399100
2008-08-19,47.36000061035156,47.59000015258789,46.75,47.0099983215332,40.44786834716797,155410600
2008-08-20,47.34000015258789,47.560001373291016,46.7400016784668,47.09000015258789,40.51669692993164,155466700
2008-08-21,46.7400016784668,47.08000183105469,46.380001068115234,46.869998931884766,40.32740020751953,118916200
2008-08-22,47.119998931884766,47.68000030517578,47.08000183105469,47.4900016784668,40.86085510253906,96515500
2008-08-25,47.15999984741211,47.209999084472656,46.369998931884766,46.4900016784668,40.00046920776367,128076500
2008-08-26,46.52000045776367,46.77000045776367,46.119998931884766,46.43000030517578,39.9488410949707,107225500
2008-08-27,46.45000076293945,47.09000015258789,46.290000915527344,46.72999954223633,40.20695114135742,108489900
2008-08-28,46.91999816894531,47.279998779296875,46.83000183105469,47.11000061035156,40.53389358520508,112808600
2008-08-29,46.61000061035156,47.119998931884766,45.91999816894531,46.119998931884766,39.68210220336914,133184300
2008-09-02,46.869998931884766,47.08000183105469,45.34000015258789,45.54999923706055,39.19166946411133,162277500
2008-09-03,45.45000076293945,45.63999938964844,44.790000915527344,45.119998931884766,38.821693420410156,161682900
2008-09-04,44.86000061035156,44.90999984741211,43.65999984741211,43.65999984741211,37.56549835205078,219004700
2008-09-05,43.279998779296875,43.779998779296875,42.810001373291016,43.45000076293945,37.38480758666992,247977500
2008-09-08,44.02000045776367,44.220001220703125,42.68000030517578,43.369998931884766,37.315982818603516,311065100
2008-09-09,43.349998474121094,43.790000915527344,42.349998474121094,42.45000076293945,36.52439880371094,214180600
2008-09-10,42.86000061035156,43.18000030517578,42.45000076293945,42.79999923706055,36.82554244995117,160658100
2008-09-11,42.20000076293945,43.689998626708984,42.16999816894531,43.599998474121094,37.51385498046875,203398200
2008-09-12,43.22999954223633,43.709999084472656,42.900001525878906,43.43000030517578,37.36760330200195,172094300
2008-09-15,42.400001525878906,43.290000915527344,42.029998779296875,42.08000183105469,36.20606231689453,616772300
2008-09-16,41.47999954223633,42.84000015258789,41.43000030517578,42.40999984741211,36.48997116088867,349506500
2008-09-17,41.869998931884766,42.41999816894531,40.189998626708984,40.209999084472656,34.59708023071289,340088000
2008-09-18,41.099998474121094,41.970001220703125,39.5,41.56999969482422,35.767242431640625,423934000
2008-09-19,43.77000045776367,43.83000183105469,42.099998474121094,42.900001525878906,36.93647384643555,263394000
2008-09-22,42.7400016784668,42.84000015258789,40.79999923706055,40.880001068115234,35.197265625,164698200
2008-09-23,41.20000076293945,41.75,40.439998626708984,40.56999969482422,34.93034744262695,184011200
2008-09-24,40.810001373291016,41.2599983215332,40.52000045776367,40.849998474121094,35.171424865722656,159270800
2008-09-25,41.22999954223633,42.02000045776367,41.029998779296875,41.5,35.731082916259766,148586800
2008-09-26,40.310001373291016,41.4900016784668,40.220001220703125,41.08000183105469,35.36946105957031,182678600
2008-09-29,40.2599983215332,40.380001068115234,37.18000030517578,37.81999969482422,32.562625885009766,307954400
2008-09-30,37.720001220703125,39.29999923706055,37.599998474121094,38.90999984741211,33.50110626220703,195436700
2008-10-01,38.84000015258789,38.970001220703125,38.029998779296875,38.5,33.14811706542969,174033300
2008-10-02,38.25,38.25,36.63999938964844,36.75,31.64138412475586,192124000
2008-10-03,37.2599983215332,38.18000030517578,36.099998474121094,36.18000030517578,31.150606155395508,272116100
2008-10-06,35.2599983215332,35.529998779296875,32.90999984741211,34.86000061035156,30.014116287231445,394046600
2008-10-07,35.13999938964844,35.20000076293945,32.27000045776367,32.650001525878906,28.11132049560547,329365700
2008-10-08,31.950000762939453,34.119998931884766,31.84000015258789,32.38999938964844,27.88746452331543,452066500
2008-10-09,33.150001525878906,33.68000030517578,30.969999313354492,31.520000457763672,27.138397216796875,352433900
2008-10-10,30.520000457763672,32.47999954223633,29.3799991607666,31.31999969482422,26.966197967529297,472339100
2008-10-13,32.86000061035156,35.25,32.400001525878906,35.130001068115234,30.246572494506836,276998700
2008-10-14,36.150001525878906,36.150001525878906,33.189998626708984,33.61000061035156,28.9378719329834,341595900
2008-10-15,33.22999954223633,33.349998474121094,30.540000915527344,30.600000381469727,26.34629249572754,312088500
2008-10-16,30.809999465942383,32.27000045776367,29.25,32.2599983215332,27.77552604675293,494783500
2008-10-17,31.670000076293945,33.650001525878906,31.40999984741211,32.29999923706055,27.809968948364258,326571300
2008-10-20,32.7599983215332,33.2599983215332,31.700000762939453,33.20000076293945,28.584863662719727,232783400
2008-10-21,32.65999984741211,33.2599983215332,31.479999542236328,31.479999542236328,27.10396385192871,239932400
2008-10-22,31.3700008392334,31.600000381469727,29.709999084472656,30.610000610351562,26.35489845275879,289993600
2008-10-23,30.489999771118164,31.09000015258789,28.899999618530273,30.489999771118164,26.251583099365234,377966900
2008-10-24,28.229999542236328,30.25,28.09000015258789,29.510000228881836,25.407808303833008,322129500
2008-10-27,29.170000076293945,30.200000762939453,28.65999984741211,28.690000534057617,24.701791763305664,239302300
2008-10-28,29.68000030517578,31.8799991607666,28.850000381469727,31.860000610351562,27.431135177612305,327239500
2008-10-29,31.90999984741211,33.08000183105469,31.25,31.780000686645508,27.362260818481445,341316000
2008-10-30,32.66999816894531,33.060001373291016,31.979999542236328,32.84000015258789,28.274911880493164,255292100
2008-10-31,32.369998931884766,33.43000030517578,32.09000015258789,32.88999938964844,28.317951202392578,224261000
2008-11-03,32.810001373291016,33.290000915527344,32.5099983215332,32.81999969482422,28.2576904296875,128455500
2008-11-04,33.459999084472656,34.0099983215332,32.97999954223633,33.75,29.058406829833984,182487600
2008-11-05,33.529998779296875,33.599998474121094,31.920000076293945,31.989999771118164,27.543066024780273,183893900
2008-11-06,31.489999771118164,31.8700008392334,30.399999618530273,30.559999465942383,26.311845779418945,220677200
2008-11-07,30.920000076293945,31.479999542236328,30.59000015258789,31.190000534057617,26.854272842407227,176946200
2008-11-10,31.969999313354492,31.969999313354492,30.399999618530273,30.770000457763672,26.492656707763672,142584500
2008-11-11,30.479999542236328,30.760000228881836,29.719999313354492,30.100000381469727,25.915794372558594,162869800
2008-11-12,29.649999618530273,29.799999237060547,28.649999618530273,28.709999084472656,24.71902084350586,184946400
2008-11-13,28.610000610351562,30.530000686645508,27.280000686645508,30.459999084472656,26.225749969482422,317943900
2008-11-14,29.780000686645508,30.420000076293945,28.8700008392334,28.979999542236328,24.95148277282715,259407000
2008-11-17,28.489999771118164,29.229999542236328,28.260000228881836,28.3700008392334,24.426286697387695,202835200
2008-11-18,28.559999465942383,28.75,27.389999389648438,28.34000015258789,24.40045166015625,252661800
2008-11-19,28.399999618530273,28.780000686645508,26.790000915527344,26.860000610351562,23.126176834106445,244180600
2008-11-20,26.530000686645508,27.450000762939453,25.469999313354492,25.559999465942383,22.006898880004883,342472400
2008-11-21,26.010000228881836,26.68000030517578,25.049999237060547,26.670000076293945,22.962602615356445,282746800
2008-11-24,27.219999313354492,28.639999389648438,26.979999542236328,28.299999237060547,24.36602020263672,225058200
2008-11-25,28.610000610351562,28.639999389648438,27.520000457763672,28.170000076293945,24.25408363342285,202968700
2008-11-26,27.8799991607666,29.360000610351562,27.809999465942383,29.350000381469727,25.27004623413086,164912000
2008-11-28,29.020000457763672,29.190000534057617,28.829999923706055,29.1200008392334,25.072023391723633,41238200
2008-12-01,28.5,28.510000228881836,26.889999389648438,26.93000030517578,23.18645668029785,149161500
2008-12-02,27.299999237060547,27.889999389648438,26.84000015258789,27.829999923706055,23.96135139465332,181743000
2008-12-03,27.1299991607666,28.709999084472656,27.06999969482422,28.6200008392334,24.641525268554688,230944900
2008-12-04,28.170000076293945,28.780000686645508,27.31999969482422,27.809999465942383,23.944129943847656,188868700
2008-12-05,27.5,29.06999969482422,26.950000762939453,28.940000534057617,24.917043685913086,212283700
2008-12-08,29.59000015258789,30.459999084472656,29.440000534057617,30.079999923706055,25.89857292175293,185782500
2008-12-09,29.68000030517578,30.829999923706055,29.56999969482422,30.010000228881836,25.838306427001953,178148300
2008-12-10,30.100000381469727,30.459999084472656,29.6200008392334,29.90999984741211,25.752197265625,162335100
2008-12-11,29.809999465942383,30.270000457763672,28.940000534057617,29.09000015258789,25.046186447143555,167161400
2008-12-12,28.690000534057617,29.860000610351562,28.469999313354492,29.68000030517578,25.55417823791504,158600100
2008-12-15,29.729999542236328,29.760000228881836,28.739999771118164,29.15999984741211,25.106462478637695,107887000
2008-12-16,29.420000076293945,30.65999984741211,29.100000381469727,30.559999465942383,26.311845779418945,169300100
2008-12-17,30.25,30.600000381469727,29.81999969482422,30.190000534057617,25.993288040161133,159813500
2008-12-18,30.190000534057617,30.399999618530273,29.360000610351562,29.65999984741211,25.53696632385254,142656400
2008-12-19,29.93000030517578,30.3700008392334,29.65999984741211,29.860000610351562,25.746482849121094,118308900
2008-12-22,29.860000610351562,29.920000076293945,28.739999771118164,29.209999084472656,25.186017990112305,95379600
2008-12-23,29.329999923706055,29.6200008392334,28.889999389648438,29.059999465942383,25.056692123413086,68764800
2008-12-24,29.200000762939453,29.209999084472656,28.979999542236328,29.139999389648438,25.125661849975586,27194700
2008-12-26,29.200000762939453,29.229999542236328,28.969999313354492,29.1299991607666,25.117042541503906,20937000
2008-12-29,29.209999084472656,29.239999771118164,28.459999084472656,28.889999389648438,24.910110473632812,52688300
2008-12-30,28.969999313354492,29.59000015258789,28.940000534057617,29.489999771118164,25.427452087402344,77089500
2008-12-31,29.459999084472656,30.079999923706055,29.450000762939453,29.739999771118164,25.64301300048828,89189700
2009-01-02,29.75,31.1299991607666,29.690000534057617,31.030000686645508,26.755311965942383,107891500
2009-01-05,30.829999923706055,31.329999923706055,30.59000015258789,31.020000457763672,26.74667739868164,91751900
2009-01-06,31.25,31.6299991607666,31.110000610351562,31.329999923706055,27.013975143432617,136791700
2009-01-07,30.729999542236328,30.899999618530273,30.190000534057617,30.440000534057617,26.2465877532959,133879800
2009-01-08,30.3799991607666,30.799999237060547,30.079999923706055,30.760000228881836,26.522499084472656,131926600
2009-01-09,30.770000457763672,30.790000915527344,29.920000076293945,30.06999969482422,25.927553176879883,117137900
2009-01-12,30.110000610351562,30.149999618530273,29.200000762939453,29.520000457763672,25.453317642211914,102726200
2009-01-13,29.510000228881836,29.979999542236328,29.18000030517578,29.530000686645508,25.461946487426758,186266700
2009-01-14,29.190000534057617,29.280000686645508,28.469999313354492,28.6299991607666,24.68592643737793,136294000
2009-01-15,28.56999969482422,29.34000015258789,28.06999969482422,29.100000381469727,25.091188430786133,192567200
2009-01-16,29.5,29.600000381469727,28.700000762939453,29.420000076293945,25.367097854614258,175478100
2009-01-20,29.299999237060547,29.43000030517578,27.959999084472656,27.959999084472656,24.10822105407715,135105800
2009-01-21,28.43000030517578,29.190000534057617,28.100000381469727,29.149999618530273,25.13428497314453,149179600
2009-01-22,28.520000457763672,29.229999542236328,28.260000228881836,28.760000228881836,24.798025131225586,200602700
2009-01-23,28.290000915527344,29.350000381469727,28.139999389648438,28.899999618530273,24.918731689453125,170164100
2009-01-26,28.940000534057617,29.59000015258789,28.75,29.110000610351562,25.09980010986328,140398700
2009-01-27,29.1200008392334,29.56999969482422,29.1200008392334,29.31999969482422,25.2808780670166,110591300
2009-01-28,29.809999465942383,30.649999618530273,29.809999465942383,30.350000381469727,26.168977737426758,139722800
2009-01-29,29.979999542236328,30.399999618530273,29.479999542236328,29.579999923706055,25.50505256652832,130731800
2009-01-30,29.799999237060547,29.93000030517578,28.940000534057617,29.059999465942383,25.056692123413086,140334200
2009-02-02,28.780000686645508,29.610000610351562,28.739999771118164,29.40999984741211,25.358470916748047,126796100
2009-02-03,29.469999313354492,30.43000030517578,29.030000686645508,29.8700008392334,25.755102157592773,120541100
2009-02-04,29.940000534057617,30.8700008392334,29.790000915527344,29.90999984741211,25.789594650268555,175780900
2009-02-05,29.479999542236328,30.770000457763672,29.459999084472656,30.56999969482422,26.358673095703125,217578900
2009-02-06,30.68000030517578,31.510000228881836,30.579999923706055,31.3700008392334,27.048465728759766,164513200
2009-02-09,31.389999389648438,31.670000076293945,31.190000534057617,31.5,27.160558700561523,98856900
2009-02-10,31.299999237060547,31.68000030517578,30.100000381469727,30.34000015258789,26.16036605834961,232795200
2009-02-11,30.3799991607666,30.530000686645508,29.729999542236328,30.200000762939453,26.039642333984375,169117200
2009-02-12,29.850000381469727,30.610000610351562,29.639999389648438,30.56999969482422,26.358673095703125,201151400
2009-02-13,30.479999542236328,30.780000686645508,30.290000915527344,30.43000030517578,26.237960815429688,145066700
2009-02-17,29.489999771118164,29.670000076293945,29.059999465942383,29.219999313354492,25.19464683532715,157783300
2009-02-18,29.40999984741211,29.670000076293945,28.8700008392334,29.239999771118164,25.211894989013672,161271900
2009-02-19,29.420000076293945,29.610000610351562,28.719999313354492,28.790000915527344,24.823888778686523,155322400
2009-02-20,28.469999313354492,29.149999618530273,28.389999389648438,28.8700008392334,24.892864227294922,210752400
2009-02-23,29.030000686645508,29.049999237060547,27.729999542236328,27.860000610351562,24.02199935913086,169473500
2009-02-24,28.010000228881836,28.979999542236328,27.959999084472656,28.780000686645508,24.815269470214844,181337300
2009-02-25,28.610000610351562,29.170000076293945,28.139999389648438,28.59000015258789,24.651447296142578,220224700
2009-02-26,28.780000686645508,28.950000762939453,27.700000762939453,27.790000915527344,23.961645126342773,211218500
2009-02-27,27.5,27.979999542236328,27.389999389648438,27.530000686645508,23.737464904785156,204492600
2009-03-02,27.1200008392334,27.510000228881836,26.469999313354492,26.639999389648438,22.970064163208008,188180400
2009-03-03,26.860000610351562,27.15999984741211,26.420000076293945,26.6200008392334,22.95282554626465,158758800
2009-03-04,27.010000228881836,27.709999084472656,26.920000076293945,27.329999923706055,23.565011978149414,164911000
2009-03-05,27.030000686645508,27.239999771118164,26.420000076293945,26.510000228881836,22.857980728149414,199626900
2009-03-06,26.649999618530273,26.809999465942383,25.709999084472656,26.299999237060547,22.676902770996094,218421600
2009-03-09,26.09000015258789,26.809999465942383,25.6299991607666,25.739999771118164,22.19405746459961,181098800
2009-03-10,26.25,27.389999389648438,26.15999984741211,27.329999923706055,23.565011978149414,175068200
2009-03-11,27.610000610351562,27.989999771118164,27.260000228881836,27.75,23.927152633666992,173094900
2009-03-12,27.729999542236328,28.760000228881836,27.440000534057617,28.670000076293945,24.720413208007812,184395100
2009-03-13,28.65999984741211,28.84000015258789,28.31999969482422,28.739999771118164,24.780771255493164,156783500
2009-03-16,28.93000030517578,28.979999542236328,28.190000534057617,28.260000228881836,24.36688804626465,190269800
2009-03-17,28.399999618530273,29.329999923706055,28.299999237060547,29.329999923706055,25.289499282836914,169773800
2009-03-18,29.209999084472656,30.200000762939453,29.079999923706055,29.700000762939453,25.608531951904297,208033900
2009-03-19,30.110000610351562,30.1299991607666,29.459999084472656,29.68000030517578,25.591291427612305,146753400
2009-03-20,29.690000534057617,30.030000686645508,28.979999542236328,29.18000030517578,25.201770782470703,149410800
2009-03-23,29.899999618530273,30.940000534057617,29.200000762939453,30.899999618530273,26.68726921081543,179499000
2009-03-24,30.639999389648438,30.8799991607666,30.309999465942383,30.329999923706055,26.19498062133789,118757600
2009-03-25,30.59000015258789,31.049999237060547,29.65999984741211,30.469999313354492,26.31589126586914,190555200
2009-03-26,30.799999237060547,31.459999084472656,30.420000076293945,31.40999984741211,27.127750396728516,182459500
2009-03-27,31.0,31.18000030517578,30.709999084472656,30.81999969482422,26.618175506591797,156108100
2009-03-30,30.299999237060547,30.31999969482422,29.6200008392334,30.059999465942383,25.961793899536133,162919700
2009-03-31,30.290000915527344,30.950000762939453,30.270000457763672,30.31999969482422,26.18634605407715,150243800
2009-04-01,29.940000534057617,30.8799991607666,29.790000915527344,30.770000457763672,26.574995040893555,137950000
2009-04-02,31.31999969482422,32.27000045776367,31.229999542236328,31.760000228881836,27.430028915405273,212272400
2009-04-03,32.09000015258789,32.400001525878906,31.829999923706055,32.349998474121094,27.93958854675293,134577300
2009-04-06,31.989999771118164,32.33000183105469,31.649999618530273,32.27000045776367,27.870494842529297,160413700
2009-04-07,31.920000076293945,31.920000076293945,31.209999084472656,31.420000076293945,27.136381149291992,147531200
2009-04-08,31.729999542236328,32.150001525878906,31.489999771118164,31.950000762939453,27.594120025634766,126126000
2009-04-09,32.54999923706055,33.0099983215332,32.43000030517578,32.939998626708984,28.449142456054688,131871500
2009-04-13,32.84000015258789,33.06999969482422,32.529998779296875,32.88999938964844,28.405960083007812,119310500
2009-04-14,32.689998626708984,32.880001068115234,32.27000045776367,32.4900016784668,28.060495376586914,124069000
2009-04-15,32.2599983215332,32.43000030517578,31.850000381469727,32.400001525878906,27.982772827148438,124808200
2009-04-16,32.849998474121094,33.43000030517578,32.5099983215332,33.2400016784668,28.70824432373047,171168000
2009-04-17,33.16999816894531,33.5,32.93000030517578,33.310001373291016,28.76870346069336,129835400
2009-04-20,32.709999084472656,32.81999969482422,32.060001373291016,32.2400016784668,27.84458351135254,123080500
2009-04-21,32.119998931884766,32.7400016784668,32.08000183105469,32.689998626708984,28.233234405517578,145490200
2009-04-22,32.5,33.529998779296875,32.38999938964844,32.790000915527344,28.319595336914062,165040500
2009-04-23,33.0,33.13999938964844,32.4900016784668,33.11000061035156,28.59596824645996,181666600
2009-04-24,33.34000015258789,33.93000030517578,33.06999969482422,33.689998626708984,29.096900939941406,141170000
2009-04-27,33.41999816894531,34.060001373291016,33.349998474121094,33.72999954223633,29.131439208984375,120749100
2009-04-28,33.52000045776367,33.90999984741211,33.36000061035156,33.47999954223633,28.915525436401367,108968000
2009-04-29,33.75,34.400001525878906,33.70000076293945,33.939998626708984,29.312824249267578,141413600
2009-04-30,34.38999938964844,34.900001525878906,34.040000915527344,34.279998779296875,29.60645866394043,144120400
2009-05-01,34.27000045776367,34.540000915527344,34.0099983215332,34.369998931884766,29.684194564819336,100112000
2009-05-04,34.68000030517578,35.09000015258789,34.52000045776367,35.04999923706055,30.271488189697266,119317400
2009-05-05,34.9900016784668,35.060001373291016,34.630001068115234,35.02000045776367,30.245574951171875,113569500
2009-05-06,35.290000915527344,35.34000015258789,34.459999084472656,35.029998779296875,30.254207611083984,178840500
2009-05-07,35.27000045776367,35.27000045776367,33.880001068115234,34.209999084472656,29.54599952697754,216484700
2009-05-08,34.470001220703125,34.7400016784668,33.880001068115234,34.22999954223633,29.563270568847656,183507300
2009-05-11,33.790000915527344,34.720001220703125,33.68000030517578,34.349998474121094,29.66692352294922,142775900
2009-05-12,34.41999816894531,34.47999954223633,33.52000045776367,33.93000030517578,29.304183959960938,147842200
2009-05-13,33.630001068115234,33.650001525878906,32.959999084472656,33.02000045776367,28.51824378967285,175548300
2009-05-14,33.099998474121094,33.70000076293945,33.08000183105469,33.38999938964844,28.83779525756836,140021700
2009-05-15,33.34000015258789,33.81999969482422,33.22999954223633,33.369998931884766,28.820518493652344,121326400
2009-05-18,33.599998474121094,34.279998779296875,33.38999938964844,34.2400016784668,29.571910858154297,114333400
2009-05-19,34.15999984741211,34.7400016784668,33.95000076293945,34.400001525878906,29.710098266601562,129086400
2009-05-20,34.529998779296875,35.040000915527344,34.18000030517578,34.279998779296875,29.60645866394043,131873700
2009-05-21,34.02000045776367,34.2599983215332,33.310001373291016,33.650001525878906,29.062345504760742,139253200
2009-05-22,33.779998779296875,33.970001220703125,33.31999969482422,33.540000915527344,28.96735954284668,83510600
2009-05-26,33.25,34.83000183105469,33.18000030517578,34.790000915527344,30.046939849853516,144857200
2009-05-27,34.689998626708984,35.189998626708984,34.43000030517578,34.54999923706055,29.83964729309082,121348800
2009-05-28,34.7599983215332,35.06999969482422,34.209999084472656,34.95000076293945,30.185131072998047,118931300
2009-05-29,34.970001220703125,35.5,34.7599983215332,35.380001068115234,30.556509017944336,111535700
2009-06-01,35.7599983215332,36.5,35.61000061035156,36.38999938964844,31.42879867553711,119126200
2009-06-02,36.189998626708984,36.790000915527344,36.11000061035156,36.439998626708984,31.47199058532715,126858600
2009-06-03,36.33000183105469,36.369998931884766,35.93000030517578,36.33000183105469,31.376956939697266,93329800
2009-06-04,36.40999984741211,36.790000915527344,36.34000015258789,36.7400016784668,31.731081008911133,89280600
2009-06-05,36.959999084472656,37.08000183105469,36.41999816894531,36.779998779296875,31.765626907348633,121958800
2009-06-08,36.54999923706055,36.95000076293945,36.119998931884766,36.66999816894531,31.67062759399414,89194100
2009-06-09,36.84000015258789,37.16999816894531,36.66999816894531,36.95000076293945,31.912439346313477,109187800
2009-06-10,37.15999984741211,37.16999816894531,36.290000915527344,36.81999969482422,31.800161361694336,133404700
2009-06-11,36.77000045776367,37.22999954223633,36.75,36.81999969482422,31.800161361694336,147909800
2009-06-12,36.66999816894531,36.720001220703125,36.20000076293945,36.650001525878906,31.653339385986328,109452500
2009-06-15,36.29999923706055,36.33000183105469,35.58000183105469,35.900001525878906,31.005592346191406,112152900
2009-06-16,36.040000915527344,36.189998626708984,35.52000045776367,35.54999923706055,30.703311920166016,110550300
2009-06-17,35.70000076293945,36.209999084472656,35.45000076293945,35.88999938964844,30.996965408325195,153421800
2009-06-18,35.83000183105469,36.060001373291016,35.56999969482422,35.81999969482422,30.936511993408203,126266700
2009-06-19,36.04999923706055,36.36000061035156,35.90999984741211,36.15999984741211,31.26856231689453,122044700
2009-06-22,35.83000183105469,35.88999938964844,35.02000045776367,35.08000183105469,30.334671020507812,137714900
2009-06-23,35.18000030517578,35.2599983215332,34.77000045776367,35.0,30.265480041503906,114903100
2009-06-24,35.29999923706055,35.869998931884766,35.279998779296875,35.59000015258789,30.775665283203125,103314600
2009-06-25,35.36000061035156,36.36000061035156,35.279998779296875,36.290000915527344,31.380983352661133,112538200
2009-06-26,36.119998931884766,36.5,36.04999923706055,36.369998931884766,31.450153350830078,87677300
2009-06-29,36.470001220703125,36.75,36.119998931884766,36.45000076293945,31.519330978393555,93817600
2009-06-30,36.54999923706055,36.72999954223633,36.11000061035156,36.380001068115234,31.45881462097168,97843000
2009-07-01,36.560001373291016,36.84000015258789,36.38999938964844,36.400001525878906,31.476089477539062,85976000
2009-07-02,36.09000015258789,36.099998474121094,35.5,35.599998474121094,30.78430938720703,113309800
2009-07-06,35.380001068115234,35.540000915527344,35.040000915527344,35.40999984741211,30.62001609802246,107632500
2009-07-07,35.41999816894531,35.4900016784668,34.5099983215332,34.529998779296875,29.859060287475586,149773000
2009-07-08,34.7400016784668,34.869998931884766,34.29999923706055,34.709999084472656,30.014699935913086,152776400
2009-07-09,34.84000015258789,35.0099983215332,34.650001525878906,34.77000045776367,30.066579818725586,97851500
2009-07-10,34.66999816894531,35.13999938964844,34.560001373291016,34.91999816894531,30.1962890625,108482000
2009-07-13,34.95000076293945,35.599998474121094,34.47999954223633,35.59000015258789,30.775665283203125,127140300
2009-07-14,35.54999923706055,35.790000915527344,35.400001525878906,35.720001220703125,30.888078689575195,115631700
2009-07-15,36.31999969482422,36.93000030517578,36.13999938964844,36.91999816894531,31.92574119567871,160869700
2009-07-16,36.75,37.439998626708984,36.720001220703125,37.36000061035156,32.306243896484375,120142500
2009-07-17,37.349998474121094,37.56999969482422,37.16999816894531,37.560001373291016,32.479183197021484,104906500
2009-07-20,37.7599983215332,38.0,37.61000061035156,37.91999816894531,32.79047393798828,97168800
2009-07-21,38.06999969482422,38.18000030517578,37.63999938964844,38.18000030517578,33.015316009521484,130587600
2009-07-22,38.209999084472656,38.689998626708984,38.130001068115234,38.5,33.292030334472656,113808600
2009-07-23,38.459999084472656,39.4900016784668,38.38999938964844,39.349998474121094,34.027034759521484,160239300
2009-07-24,38.93000030517578,39.369998931884766,38.779998779296875,39.04999923706055,33.76762008666992,109312300
2009-07-27,39.33000183105469,39.40999984741211,38.869998931884766,39.349998474121094,34.027034759521484,94718600
2009-07-28,39.18000030517578,39.59000015258789,38.93000030517578,39.08000183105469,33.793575286865234,111564300
2009-07-29,39.31999969482422,39.43000030517578,39.0,39.34000015258789,34.01838684082031,126538200
2009-07-30,39.75,40.18000030517578,39.5099983215332,39.56999969482422,34.21727752685547,108969900
2009-07-31,39.56999969482422,39.849998474121094,39.40999984741211,39.45000076293945,34.113525390625,78208300
2009-08-03,39.869998931884766,40.060001373291016,39.63999938964844,40.040000915527344,34.62371063232422,111722800
2009-08-04,39.849998474121094,40.189998626708984,39.77000045776367,40.040000915527344,34.62371063232422,100690800
2009-08-05,40.130001068115234,40.13999938964844,39.459999084472656,39.72999954223633,34.355648040771484,118093000
2009-08-06,39.81999969482422,39.93000030517578,39.2400016784668,39.380001068115234,34.05297088623047,116937500
2009-08-07,39.91999816894531,40.06999969482422,39.59000015258789,39.880001068115234,34.48533630371094,107442100
2009-08-10,39.7400016784668,39.849998474121094,39.34000015258789,39.599998474121094,34.243228912353516,87163200
2009-08-11,39.470001220703125,39.5,39.04999923706055,39.2599983215332,33.9492073059082,91922700
2009-08-12,39.22999954223633,40.220001220703125,39.20000076293945,39.869998931884766,34.4766960144043,147240000
2009-08-13,40.11000061035156,40.15999984741211,39.63999938964844,40.09000015258789,34.66696548461914,110107000
2009-08-14,39.869998931884766,39.959999084472656,39.279998779296875,39.630001068115234,34.2691650390625,124480200
2009-08-17,38.959999084472656,39.0099983215332,38.459999084472656,38.47999954223633,33.27473449707031,131797200
2009-08-18,38.720001220703125,39.11000061035156,38.61000061035156,39.029998779296875,33.75032424926758,84496200
2009-08-19,38.56999969482422,39.400001525878906,38.540000915527344,39.29999923706055,33.98380661010742,88036300
2009-08-20,39.279998779296875,39.84000015258789,39.20000076293945,39.7599983215332,34.38157272338867,81473500
2009-08-21,39.9900016784668,40.36000061035156,39.7400016784668,40.290000915527344,34.83987808227539,114660200
2009-08-24,40.36000061035156,40.56999969482422,40.099998474121094,40.25,34.8052978515625,109904900
2009-08-25,40.34000015258789,40.7599983215332,40.25,40.369998931884766,34.909061431884766,92900400
2009-08-26,40.279998779296875,40.599998474121094,40.08000183105469,40.29999923706055,34.848533630371094,96407500
2009-08-27,40.290000915527344,40.470001220703125,39.66999816894531,40.400001525878906,34.93500900268555,121957800
2009-08-28,40.900001525878906,41.08000183105469,40.15999984741211,40.439998626708984,34.96959686279297,114300900
2009-08-31,40.13999938964844,40.20000076293945,39.790000915527344,40.029998779296875,34.615047454833984,96415300
2009-09-01,39.88999938964844,40.59000015258789,39.15999984741211,39.279998779296875,33.96651077270508,162958900
2009-09-02,39.06999969482422,39.470001220703125,39.040000915527344,39.25,33.94057846069336,92757200
2009-09-03,39.439998626708984,39.56999969482422,39.02000045776367,39.5099983215332,34.165409088134766,76783100
2009-09-04,39.58000183105469,40.380001068115234,39.52000045776367,40.36000061035156,34.90041732788086,74866600
2009-09-08,40.68000030517578,40.779998779296875,40.459999084472656,40.7400016784668,35.229026794433594,71024400
2009-09-09,40.77000045776367,41.290000915527344,40.59000015258789,41.09000015258789,35.53166961669922,99280800
2009-09-10,41.11000061035156,41.529998779296875,41.0,41.47999954223633,35.86892318725586,99289100
2009-09-11,41.5099983215332,41.619998931884766,41.220001220703125,41.52000045776367,35.90351104736328,93868400
2009-09-14,41.25,41.709999084472656,41.209999084472656,41.68000030517578,36.04185485839844,90435600
2009-09-15,41.650001525878906,41.95000076293945,41.56999969482422,41.810001373291016,36.15428924560547,91594600
2009-09-16,42.0,42.47999954223633,41.84000015258789,42.41999816894531,36.681766510009766,96888500
2009-09-17,42.310001373291016,42.65999984741211,42.209999084472656,42.40999984741211,36.67311477661133,102169600
2009-09-18,42.540000915527344,42.619998931884766,42.209999084472656,42.439998626708984,36.73455810546875,87444200
2009-09-21,42.20000076293945,42.70000076293945,42.15999984741211,42.56999969482422,36.84709548950195,71351400
2009-09-22,42.810001373291016,42.83000183105469,42.439998626708984,42.650001525878906,36.916324615478516,75638400
2009-09-23,42.83000183105469,43.16999816894531,42.380001068115234,42.45000076293945,36.74322509765625,143924100
2009-09-24,42.619998931884766,42.689998626708984,41.77000045776367,42.06999969482422,36.41432571411133,111016400
2009-09-25,41.7599983215332,42.09000015258789,41.58000183105469,41.70000076293945,36.09404754638672,109216000
2009-09-28,41.93000030517578,42.65999984741211,41.88999938964844,42.40999984741211,36.70859909057617,84478500
2009-09-29,42.40999984741211,42.619998931884766,42.029998779296875,42.220001220703125,36.54415512084961,106686400
2009-09-30,42.38999938964844,42.599998474121094,41.599998474121094,42.25,36.57011413574219,173102700
2009-10-01,42.099998474121094,42.130001068115234,41.0,41.0,35.488155364990234,140119100
2009-10-02,40.720001220703125,41.25,40.720001220703125,40.880001068115234,35.3842887878418,145286400
2009-10-05,41.09000015258789,41.400001525878906,40.83000183105469,41.209999084472656,35.669918060302734,97054200
2009-10-06,41.439998626708984,42.13999938964844,41.41999816894531,41.939998626708984,36.30177688598633,124628000
2009-10-07,41.88999938964844,42.08000183105469,41.77000045776367,42.060001373291016,36.4056510925293,93787600
2009-10-08,42.310001373291016,42.619998931884766,42.13999938964844,42.2400016784668,36.56147384643555,107850400
2009-10-09,42.150001525878906,42.54999923706055,42.060001373291016,42.47999954223633,36.769187927246094,62828000
2009-10-12,42.650001525878906,42.869998931884766,42.279998779296875,42.56999969482422,36.84709548950195,53221900
2009-10-13,42.529998779296875,42.75,42.369998931884766,42.58000183105469,36.85573959350586,70939300
2009-10-14,43.11000061035156,43.209999084472656,42.849998474121094,43.15999984741211,37.3577766418457,91004900
2009-10-15,42.93000030517578,43.119998931884766,42.869998931884766,43.060001373291016,37.27121353149414,85772800
2009-10-16,42.900001525878906,42.9900016784668,42.47999954223633,42.779998779296875,37.02886199951172,111859300
2009-10-19,42.810001373291016,43.27000045776367,42.59000015258789,43.209999084472656,37.40103530883789,83512000
2009-10-20,43.459999084472656,43.459999084472656,42.939998626708984,43.220001220703125,37.40973663330078,89847900
2009-10-21,43.209999084472656,43.81999969482422,43.060001373291016,43.13999938964844,37.340457916259766,110397400
2009-10-22,43.060001373291016,43.4900016784668,42.790000915527344,43.310001373291016,37.48761749267578,85871800
2009-10-23,43.72999954223633,43.72999954223633,43.02000045776367,43.130001068115234,37.331817626953125,117020400
2009-10-26,43.20000076293945,43.7599983215332,42.790000915527344,42.9900016784668,37.21062469482422,107068600
2009-10-27,42.93000030517578,43.11000061035156,42.18000030517578,42.34000015258789,36.64801025390625,121438200
2009-10-28,42.189998626708984,42.31999969482422,41.29999923706055,41.38999938964844,35.82572937011719,143553600
2009-10-29,41.630001068115234,42.189998626708984,41.540000915527344,42.09000015258789,36.43163299560547,85207600
2009-10-30,42.060001373291016,42.150001525878906,40.91999816894531,40.959999084472656,35.45352554321289,162796500
2009-11-02,41.0,41.56999969482422,40.63999938964844,41.130001068115234,35.600685119628906,142456600
2009-11-03,40.90999984741211,41.31999969482422,40.84000015258789,41.2599983215332,35.71320724487305,95107000
2009-11-04,41.529998779296875,41.869998931884766,41.279998779296875,41.33000183105469,35.77378845214844,107970600
2009-11-05,41.810001373291016,42.400001525878906,41.779998779296875,42.349998474121094,36.65666198730469,135204800
2009-11-06,42.119998931884766,42.650001525878906,42.08000183105469,42.599998474121094,36.87305450439453,96312300
2009-11-09,42.93000030517578,43.52000045776367,42.880001068115234,43.5099983215332,37.660701751708984,101620800
2009-11-10,43.459999084472656,43.77000045776367,43.400001525878906,43.619998931884766,37.75594711303711,72846500
2009-11-11,43.95000076293945,44.13999938964844,43.61000061035156,43.900001525878906,37.998287200927734,84676200
2009-11-12,43.93000030517578,44.15999984741211,43.54999923706055,43.650001525878906,37.781898498535156,92426100
2009-11-13,43.779998779296875,44.13999938964844,43.630001068115234,44.0099983215332,38.093505859375,87959500
2009-11-16,44.20000076293945,44.650001525878906,44.119998931884766,44.459999084472656,38.48301315307617,87776100
2009-11-17,44.34000015258789,44.599998474121094,44.25,44.599998474121094,38.60419845581055,81884000
2009-11-18,44.459999084472656,44.4900016784668,44.04999923706055,44.349998474121094,38.38780212402344,100240800
2009-11-19,44.04999923706055,44.08000183105469,43.349998474121094,43.65999984741211,37.790550231933594,114558000
2009-11-20,43.43000030517578,43.54999923706055,43.279998779296875,43.439998626708984,37.60013198852539,70912100
2009-11-23,43.88999938964844,44.400001525878906,43.86000061035156,44.13999938964844,38.206031799316406,91621500
2009-11-24,44.119998931884766,44.150001525878906,43.72999954223633,43.9900016784668,38.076194763183594,60670000
2009-11-25,44.13999938964844,44.220001220703125,44.0099983215332,44.18000030517578,38.24066925048828,37630100
2009-11-27,42.970001220703125,43.83000183105469,42.900001525878906,43.5099983215332,37.660701751708984,61230000
2009-11-30,43.40999984741211,43.619998931884766,43.11000061035156,43.560001373291016,37.70399856567383,84819400
2009-12-01,43.88999938964844,44.29999923706055,43.880001068115234,44.0099983215332,38.093505859375,81817800
2009-12-02,44.15999984741211,44.4900016784668,43.97999954223633,44.06999969482422,38.14543914794922,81653600
2009-12-03,44.22999954223633,44.5,43.880001068115234,43.88999938964844,37.98964309692383,72460400
2009-12-04,44.45000076293945,44.72999954223633,43.65999984741211,44.119998931884766,38.188716888427734,125062600
2009-12-07,44.09000015258789,44.290000915527344,43.81999969482422,43.90999984741211,38.00693893432617,67471900
2009-12-08,43.65999984741211,44.0,43.36000061035156,43.63999938964844,37.77324676513672,86621400
2009-12-09,43.599998474121094,44.119998931884766,43.31999969482422,44.08000183105469,38.15409469604492,78820500
2009-12-10,44.27000045776367,44.540000915527344,44.2400016784668,44.29999923706055,38.344520568847656,76722400
2009-12-11,44.540000915527344,44.59000015258789,43.95000076293945,44.130001068115234,38.197383880615234,66643700
2009-12-14,44.43000030517578,44.599998474121094,44.189998626708984,44.54999923706055,38.56089782714844,47965500
2009-12-15,44.40999984741211,44.66999816894531,44.16999816894531,44.29999923706055,38.344520568847656,61171100
2009-12-16,44.470001220703125,44.70000076293945,44.290000915527344,44.36000061035156,38.396446228027344,61629700
2009-12-17,44.15999984741211,44.209999084472656,43.7599983215332,43.81999969482422,37.929039001464844,90440900
2009-12-18,44.15999984741211,44.47999954223633,44.0,44.459999084472656,38.54722213745117,96442600
2009-12-21,44.689998626708984,45.130001068115234,44.66999816894531,44.959999084472656,38.9807243347168,82357400
2009-12-22,45.11000061035156,45.290000915527344,45.029998779296875,45.22999954223633,39.214820861816406,51569100
2009-12-23,45.31999969482422,45.56999969482422,45.209999084472656,45.560001373291016,39.50091552734375,73932200
2009-12-24,45.61000061035156,45.97999954223633,45.599998474121094,45.97999954223633,39.865074157714844,31770400
2009-12-28,46.09000015258789,46.29999923706055,45.939998626708984,46.220001220703125,40.07316589355469,49381400
2009-12-29,46.22999954223633,46.25,45.9900016784668,46.029998779296875,39.90843200683594,32410200
2009-12-30,45.97999954223633,46.2599983215332,45.959999084472656,46.16999816894531,40.02980422973633,57612700
2009-12-31,46.2599983215332,46.279998779296875,45.75,45.75,39.665679931640625,50079200
2010-01-04,46.33000183105469,46.4900016784668,46.27000045776367,46.41999816894531,40.246551513671875,62822800
2010-01-05,46.38999938964844,46.5,46.15999984741211,46.41999816894531,40.246551513671875,62935600
2010-01-06,46.400001525878906,46.54999923706055,46.06999969482422,46.13999938964844,40.0037956237793,96033000
2010-01-07,46.209999084472656,46.27000045776367,45.91999816894531,46.16999816894531,40.02980422973633,77094100
2010-01-08,46.06999969482422,46.54999923706055,45.93000030517578,46.54999923706055,40.35926818847656,88886600
2010-01-11,46.61000061035156,46.63999938964844,46.119998931884766,46.36000061035156,40.194549560546875,104673400
2010-01-12,46.08000183105469,46.13999938964844,45.529998779296875,45.779998779296875,39.69166564941406,90673900
2010-01-13,45.91999816894531,46.4900016784668,45.61000061035156,46.349998474121094,40.18587112426758,100661000
2010-01-14,46.2599983215332,46.52000045776367,46.220001220703125,46.38999938964844,40.220542907714844,75209000
2010-01-15,46.470001220703125,46.54999923706055,45.650001525878906,45.849998474121094,39.75236511230469,126849300
2010-01-19,45.959999084472656,46.63999938964844,45.95000076293945,46.59000015258789,40.39393615722656,84388200
2010-01-20,46.2599983215332,46.599998474121094,45.43000030517578,45.91999816894531,39.81306838989258,145680000
2010-01-21,46.04999923706055,46.349998474121094,45.29999923706055,45.4900016784668,39.44024658203125,204939600
2010-01-22,45.34000015258789,45.47999954223633,44.040000915527344,44.15999984741211,38.28712844848633,171098700
2010-01-25,44.43000030517578,44.599998474121094,44.119998931884766,44.310001373291016,38.417171478271484,154218700
2010-01-26,44.2599983215332,44.88999938964844,44.04999923706055,44.349998474121094,38.45185470581055,140816500
2010-01-27,44.27000045776367,44.849998474121094,44.0099983215332,44.70000076293945,38.75530242919922,161632700
2010-01-28,44.400001525878906,44.43000030517578,43.31999969482422,43.54999923706055,37.75823974609375,221439800
2010-01-29,43.90999984741211,44.02000045776367,42.630001068115234,42.790000915527344,37.09932327270508,212099600
2010-02-01,42.900001525878906,43.279998779296875,42.880001068115234,43.2599983215332,37.50680160522461,136827100
2010-02-02,43.33000183105469,43.779998779296875,43.029998779296875,43.650001525878906,37.844932556152344,110727700
2010-02-03,43.439998626708984,43.970001220703125,43.41999816894531,43.88999938964844,38.05302047729492,93581600
2010-02-04,43.56999969482422,43.65999984741211,42.619998931884766,42.619998931884766,36.9519157409668,151652500
2010-02-05,42.72999954223633,43.02000045776367,42.119998931884766,42.97999954223633,37.26404571533203,213618600
2010-02-08,42.90999984741211,43.18000030517578,42.63999938964844,42.66999816894531,36.995269775390625,94354400
2010-02-09,43.18000030517578,43.5099983215332,42.7599983215332,43.11000061035156,37.376766204833984,118956000
2010-02-10,43.11000061035156,43.310001373291016,42.75,43.02000045776367,37.29872131347656,94102900
2010-02-11,43.029998779296875,43.790000915527344,42.7599983215332,43.66999816894531,37.862300872802734,93050800
2010-02-12,43.279998779296875,43.880001068115234,43.15999984741211,43.7599983215332,37.9403076171875,93938500
2010-02-16,44.08000183105469,44.349998474121094,43.849998474121094,44.31999969482422,38.425838470458984,83861400
2010-02-17,44.52000045776367,44.56999969482422,44.2599983215332,44.56999969482422,38.6425895690918,82691700
2010-02-18,44.540000915527344,44.93000030517578,44.45000076293945,44.849998474121094,38.885353088378906,65752600
2010-02-19,44.72999954223633,45.04999923706055,44.619998931884766,44.83000183105469,38.868019104003906,80416500
2010-02-22,45.0099983215332,45.029998779296875,44.560001373291016,44.7400016784668,38.78998947143555,72055000
2010-02-23,44.709999084472656,44.7400016784668,43.95000076293945,44.15999984741211,38.28712844848633,95814400
2010-02-24,44.38999938964844,44.790000915527344,44.31999969482422,44.61000061035156,38.677284240722656,86591000
2010-02-25,44.13999938964844,44.70000076293945,43.83000183105469,44.599998474121094,38.66861343383789,97961300
2010-02-26,44.59000015258789,44.86000061035156,44.400001525878906,44.7599983215332,38.807315826416016,66222400
2010-03-01,44.959999084472656,45.4900016784668,44.95000076293945,45.40999984741211,39.370880126953125,77290100
2010-03-02,45.56999969482422,45.849998474121094,45.45000076293945,45.54999923706055,39.492279052734375,76368500
2010-03-03,45.65999984741211,45.81999969482422,45.43000030517578,45.599998474121094,39.535614013671875,65735500
2010-03-04,45.630001068115234,45.810001373291016,45.400001525878906,45.75,39.665679931640625,54470900
2010-03-05,46.09000015258789,46.540000915527344,45.9900016784668,46.439998626708984,40.26390075683594,68136300
2010-03-08,46.459999084472656,46.63999938964844,46.439998626708984,46.529998779296875,40.341922760009766,58712400
2010-03-09,46.43000030517578,47.04999923706055,46.400001525878906,46.790000915527344,40.56734085083008,98002800
2010-03-10,46.81999969482422,47.279998779296875,46.79999923706055,47.16999816894531,40.89682388305664,102578900
2010-03-11,47.060001373291016,47.349998474121094,46.97999954223633,47.349998474121094,41.05289077758789,67510300
2010-03-12,47.5,47.529998779296875,47.099998474121094,47.36000061035156,41.06155014038086,64068300
2010-03-15,47.2599983215332,47.380001068115234,46.90999984741211,47.2400016784668,40.95751190185547,60150500
2010-03-16,47.38999938964844,47.61000061035156,47.22999954223633,47.540000915527344,41.21759796142578,74950600
2010-03-17,47.61000061035156,47.900001525878906,47.529998779296875,47.66999816894531,41.33033752441406,75643500
2010-03-18,47.709999084472656,47.880001068115234,47.599998474121094,47.83000183105469,41.46903991699219,77829400
2010-03-19,47.91999816894531,47.95000076293945,47.31999969482422,47.4900016784668,41.21821212768555,86337100
2010-03-22,47.29999923706055,48.11000061035156,47.25,47.91999816894531,41.591407775878906,71902800
2010-03-23,47.9900016784668,48.29999923706055,47.77000045776367,48.25,41.87784957885742,59182600
2010-03-24,48.16999816894531,48.16999816894531,47.90999984741211,48.02000045776367,41.67822265625,62995700
2010-03-25,48.41999816894531,48.599998474121094,47.900001525878906,47.95000076293945,41.617454528808594,76294800
2010-03-26,48.150001525878906,48.33000183105469,47.7400016784668,48.0,41.660850524902344,78067900
2010-03-29,48.2400016784668,48.400001525878906,48.099998474121094,48.22999954223633,41.86048126220703,57993300
2010-03-30,48.380001068115234,48.54999923706055,48.060001373291016,48.38999938964844,41.999351501464844,49437300
2010-03-31,48.2400016784668,48.45000076293945,48.06999969482422,48.15999984741211,41.79970932006836,59947400
2010-04-01,48.36000061035156,48.70000076293945,47.790000915527344,48.15999984741211,41.79970932006836,83728600
2010-04-05,48.27000045776367,48.720001220703125,48.13999938964844,48.61000061035156,42.19029998779297,56220300
2010-04-06,48.5,48.900001525878906,48.38999938964844,48.75,42.31181716918945,54097100
2010-04-07,48.68000030517578,48.869998931884766,48.369998931884766,48.630001068115234,42.20765686035156,77211500
2010-04-08,48.4900016784668,48.81999969482422,48.2400016784668,48.7400016784668,42.303123474121094,68314300
2010-04-09,48.75,49.04999923706055,48.630001068115234,49.029998779296875,42.5548210144043,54227300
2010-04-12,49.04999923706055,49.20000076293945,48.939998626708984,49.06999969482422,42.58955001831055,44280600
2010-04-13,49.02000045776367,49.349998474121094,48.86000061035156,49.31999969482422,42.806541442871094,59376000
2010-04-14,49.58000183105469,49.91999816894531,49.5,49.90999984741211,43.31861114501953,69004800
2010-04-15,49.869998931884766,50.189998626708984,49.869998931884766,50.130001068115234,43.50955581665039,72254200
2010-04-16,49.95000076293945,50.119998931884766,49.20000076293945,49.529998779296875,42.98878860473633,127388000
2010-04-19,49.349998474121094,49.65999984741211,48.900001525878906,49.5,42.96274948120117,98251700
2010-04-20,49.77000045776367,49.880001068115234,49.43000030517578,49.75,43.17973709106445,69543700
2010-04-21,50.09000015258789,50.189998626708984,49.720001220703125,50.029998779296875,43.42277145385742,74748700
2010-04-22,49.54999923706055,50.36000061035156,49.2599983215332,50.310001373291016,43.66579055786133,110477200
2010-04-23,50.29999923706055,50.56999969482422,50.09000015258789,50.52000045776367,43.848052978515625,77205200
2010-04-26,50.56999969482422,50.650001525878906,50.29999923706055,50.40999984741211,43.75259017944336,67361000
2010-04-27,50.209999084472656,50.43000030517578,49.209999084472656,49.34000015258789,42.82387161254883,112608000
2010-04-28,49.599998474121094,49.630001068115234,48.97999954223633,49.369998931884766,42.84993362426758,130082100
2010-04-29,49.650001525878906,50.33000183105469,49.61000061035156,50.22999954223633,43.59634780883789,84180200
2010-04-30,50.209999084472656,50.290000915527344,49.20000076293945,49.2400016784668,42.737098693847656,110897000
2010-05-03,49.45000076293945,50.16999816894531,49.43000030517578,49.93000030517578,43.33596420288086,74169700
2010-05-04,49.31999969482422,49.31999969482422,48.08000183105469,48.43000030517578,42.0340690612793,141136500
2010-05-05,47.91999816894531,48.5,47.63999938964844,48.18000030517578,41.81707763671875,128560200
2010-05-06,47.849998474121094,48.31999969482422,42.63999938964844,46.56999969482422,40.41970443725586,274356800
2010-05-07,46.220001220703125,46.79999923706055,44.279998779296875,45.40999984741211,39.41290283203125,288200400
2010-05-10,47.43000030517578,47.79999923706055,47.310001373291016,47.77000045776367,41.461238861083984,136041600
2010-05-11,47.290000915527344,48.38999938964844,47.20000076293945,47.720001220703125,41.41783905029297,113016100
2010-05-12,47.97999954223633,48.65999984741211,47.900001525878906,48.619998931884766,42.19898223876953,85462400
2010-05-13,48.40999984741211,48.790000915527344,47.72999954223633,47.849998474121094,41.5306510925293,102844300
2010-05-14,47.4900016784668,47.52000045776367,46.380001068115234,46.93000030517578,40.73217010498047,147386100
2010-05-17,47.02000045776367,47.27000045776367,46.06999969482422,47.08000183105469,40.86235809326172,120969600
2010-05-18,47.47999954223633,47.58000183105469,46.220001220703125,46.43000030517578,40.29819107055664,153072100
2010-05-19,46.2599983215332,46.630001068115234,45.54999923706055,46.060001373291016,39.97706604003906,159000300
2010-05-20,45.15999984741211,45.279998779296875,44.25,44.349998474121094,38.492881774902344,189289800
2010-05-21,43.65999984741211,45.63999938964844,43.4900016784668,44.84000015258789,38.91818618774414,190631100
2010-05-24,44.81999969482422,45.33000183105469,44.63999938964844,44.65999984741211,38.76195526123047,113038000
2010-05-25,43.68000030517578,44.7599983215332,43.22999954223633,44.70000076293945,38.79667282104492,155643000
2010-05-26,45.0099983215332,45.56999969482422,44.119998931884766,44.20000076293945,38.362693786621094,140203200
2010-05-27,45.20000076293945,45.88999938964844,45.09000015258789,45.869998931884766,39.81215286254883,110671600
2010-05-28,45.95000076293945,45.9900016784668,45.20000076293945,45.599998474121094,39.57781219482422,128535300
2010-06-01,45.43000030517578,46.25,45.130001068115234,45.18000030517578,39.21329116821289,104242700
2010-06-02,45.439998626708984,46.279998779296875,45.130001068115234,46.25,40.1419792175293,97249300
2010-06-03,46.380001068115234,46.77000045776367,46.08000183105469,46.689998626708984,40.523860931396484,98928400
2010-06-04,45.70000076293945,46.290000915527344,44.939998626708984,45.09000015258789,39.135154724121094,112849900
2010-06-07,45.31999969482422,45.459999084472656,44.220001220703125,44.27000045776367,38.4234504699707,88436600
2010-06-08,44.349998474121094,44.47999954223633,43.59000015258789,44.189998626708984,38.35402297973633,133030100
2010-06-09,44.5,44.90999984741211,43.689998626708984,43.81999969482422,38.03289031982422,101949200
2010-06-10,44.36000061035156,45.119998931884766,44.2400016784668,45.06999969482422,39.11781311035156,76892300
2010-06-11,44.61000061035156,45.540000915527344,44.61000061035156,45.5,39.49102020263672,74346800
2010-06-14,45.91999816894531,46.2400016784668,45.40999984741211,45.4900016784668,39.48235321044922,68085000
2010-06-15,45.72999954223633,46.77000045776367,45.45000076293945,46.709999084472656,40.541221618652344,76332600
2010-06-16,46.58000183105469,47.13999938964844,46.5,46.900001525878906,40.70613098144531,78399700
2010-06-17,47.15999984741211,47.18000030517578,46.63999938964844,47.04999923706055,40.83631896972656,77111900
2010-06-18,47.04999923706055,47.34000015258789,46.86000061035156,47.0,40.87022399902344,75921400
2010-06-21,47.599998474121094,47.68000030517578,46.33000183105469,46.599998474121094,40.52238845825195,95488100
2010-06-22,46.79999923706055,47.13999938964844,46.150001525878906,46.2400016784668,40.20935821533203,94493400
2010-06-23,46.290000915527344,46.470001220703125,45.689998626708984,46.04999923706055,40.044124603271484,92397600
2010-06-24,45.849998474121094,45.9900016784668,45.20000076293945,45.349998474121094,39.4354133605957,114145900
2010-06-25,45.5099983215332,45.65999984741211,44.95000076293945,45.27000045776367,39.44327926635742,88740300
2010-06-28,45.27000045776367,45.54999923706055,44.810001373291016,45.11000061035156,39.303863525390625,71350000
2010-06-29,44.41999816894531,44.459999084472656,43.06999969482422,43.369998931884766,37.787818908691406,136384200
2010-06-30,43.22999954223633,43.66999816894531,42.63999938964844,42.709999084472656,37.212764739990234,101313200
2010-07-01,42.84000015258789,42.959999084472656,41.77000045776367,42.59000015258789,37.10821533203125,158695000
2010-07-02,42.65999984741211,42.81999969482422,42.09000015258789,42.470001220703125,37.00365447998047,78565300
2010-07-06,43.099998474121094,43.369998931884766,42.25,42.599998474121094,37.11692428588867,88591900
2010-07-07,42.7400016784668,44.0099983215332,42.70000076293945,43.959999084472656,38.3018798828125,72448400
2010-07-08,44.310001373291016,44.380001068115234,43.68000030517578,44.20000076293945,38.510986328125,78264600
2010-07-09,44.18000030517578,44.630001068115234,44.08000183105469,44.619998931884766,38.87694549560547,47851200
2010-07-12,44.58000183105469,45.029998779296875,44.459999084472656,44.75,38.990196228027344,60927500
2010-07-13,45.13999938964844,45.5,44.79999923706055,45.33000183105469,39.49556350708008,93310500
2010-07-14,45.41999816894531,45.810001373291016,45.2400016784668,45.560001373291016,39.69593048095703,87687100
2010-07-15,45.470001220703125,45.7400016784668,44.9900016784668,45.599998474121094,39.730804443359375,95992500
2010-07-16,45.439998626708984,45.630001068115234,44.29999923706055,44.34000015258789,38.63298797607422,98831900
2010-07-19,44.470001220703125,44.810001373291016,44.099998474121094,44.720001220703125,38.964073181152344,81800800
2010-07-20,44.0,45.2599983215332,43.86000061035156,45.2599983215332,39.43455505371094,89061200
2010-07-21,45.7400016784668,45.7599983215332,44.560001373291016,44.63999938964844,38.89435577392578,83577000
2010-07-22,45.27000045776367,45.97999954223633,45.2400016784668,45.77000045776367,39.878910064697266,82890300
2010-07-23,45.459999084472656,46.099998474121094,45.380001068115234,46.060001373291016,40.131595611572266,81056100
2010-07-26,46.119998931884766,46.459999084472656,45.90999984741211,46.439998626708984,40.462677001953125,64850900
2010-07-27,46.63999938964844,46.720001220703125,46.209999084472656,46.41999816894531,40.44525909423828,67655600
2010-07-28,46.369998931884766,46.58000183105469,45.880001068115234,46.04999923706055,40.12286376953125,51988200
2010-07-29,46.31999969482422,46.40999984741211,45.25,45.709999084472656,39.82664108276367,85669500
2010-07-30,45.33000183105469,46.09000015258789,45.06999969482422,45.810001373291016,39.91376495361328,98958100
2010-08-02,46.38999938964844,46.790000915527344,46.209999084472656,46.66999816894531,40.66307067871094,68706800
2010-08-03,46.63999938964844,46.70000076293945,46.25,46.470001220703125,40.48881149291992,60856600
2010-08-04,46.68000030517578,46.9900016784668,46.5,46.939998626708984,40.898319244384766,43820600
2010-08-05,46.709999084472656,46.91999816894531,46.52000045776367,46.83000183105469,40.802486419677734,39150200
2010-08-06,46.31999969482422,46.849998474121094,46.04999923706055,46.7599983215332,40.74149703979492,71339200
2010-08-09,47.0,47.189998626708984,46.790000915527344,47.08000183105469,41.02031326293945,26927600
2010-08-10,46.70000076293945,46.95000076293945,46.279998779296875,46.66999816894531,40.66307067871094,86694500
2010-08-11,45.900001525878906,45.91999816894531,45.209999084472656,45.400001525878906,39.5565299987793,92219700
2010-08-12,44.529998779296875,45.2400016784668,44.45000076293945,45.040000915527344,39.24288558959961,66000200
2010-08-13,44.869998931884766,45.060001373291016,44.709999084472656,44.720001220703125,38.964073181152344,46387300
2010-08-16,44.5,45.11000061035156,44.29999923706055,44.79999923706055,39.03377151489258,55472900
2010-08-17,45.119998931884766,45.779998779296875,45.029998779296875,45.369998931884766,39.5304069519043,56927100
2010-08-18,45.279998779296875,45.81999969482422,45.11000061035156,45.54999923706055,39.68722915649414,61835400
2010-08-19,45.279998779296875,45.459999084472656,44.560001373291016,44.86000061035156,39.0860481262207,82969500
2010-08-20,44.790000915527344,45.029998779296875,44.540000915527344,44.91999816894531,39.138309478759766,65806700
2010-08-23,45.20000076293945,45.34000015258789,44.459999084472656,44.47999954223633,38.75495147705078,69612200
2010-08-24,43.970001220703125,44.119998931884766,43.470001220703125,43.650001525878906,38.03178405761719,79095800
2010-08-25,43.34000015258789,44.2599983215332,43.27000045776367,44.06999969482422,38.39772415161133,87247900
2010-08-26,44.220001220703125,44.31999969482422,43.5,43.540000915527344,37.93595886230469,91199000
2010-08-27,43.86000061035156,44.15999984741211,42.970001220703125,44.06999969482422,38.39772415161133,109568800
2010-08-30,43.86000061035156,44.25,43.599998474121094,43.61000061035156,37.9969367980957,49373200
2010-08-31,43.380001068115234,43.849998474121094,43.18000030517578,43.459999084472656,37.86622619628906,72066900
2010-09-01,44.099998474121094,44.90999984741211,44.06999969482422,44.7599983215332,38.9989128112793,83523100
2010-09-02,44.84000015258789,45.279998779296875,44.72999954223633,45.2599983215332,39.43455505371094,41816800
2010-09-03,45.7599983215332,46.02000045776367,45.54999923706055,46.0099983215332,40.08803176879883,64041100
2010-09-07,45.81999969482422,46.029998779296875,45.630001068115234,45.70000076293945,39.817928314208984,51195200
2010-09-08,45.83000183105469,46.45000076293945,45.81999969482422,46.25,40.297119140625,66879800
2010-09-09,46.65999984741211,46.70000076293945,46.31999969482422,46.43000030517578,40.453983306884766,61476400
2010-09-10,46.47999954223633,46.66999816894531,46.25,46.599998474121094,40.60207748413086,66995700
2010-09-13,46.959999084472656,47.369998931884766,46.939998626708984,47.25,41.168434143066406,64523400
2010-09-14,47.189998626708984,47.70000076293945,47.08000183105469,47.45000076293945,41.34268569946289,91405800
2010-09-15,47.33000183105469,47.79999923706055,47.189998626708984,47.75,41.60407638549805,67108200
2010-09-16,47.65999984741211,47.97999954223633,47.540000915527344,47.939998626708984,41.76961135864258,66885800
2010-09-17,48.13999938964844,48.13999938964844,47.75,47.9900016784668,41.91108322143555,76372600
2010-09-20,48.16999816894531,48.93000030517578,48.11000061035156,48.83000183105469,42.64468002319336,84475000
2010-09-21,48.86000061035156,49.16999816894531,48.61000061035156,48.81999969482422,42.635948181152344,82272000
2010-09-22,48.619998931884766,49.02000045776367,48.41999816894531,48.689998626708984,42.52242660522461,88315900
2010-09-23,48.369998931884766,49.15999984741211,48.31999969482422,48.66999816894531,42.50496292114258,85040000
2010-09-24,49.220001220703125,49.689998626708984,49.150001525878906,49.65999984741211,43.369564056396484,79495900
2010-09-27,49.630001068115234,49.75,49.349998474121094,49.38999938964844,43.13374710083008,43859800
2010-09-28,49.5099983215332,49.540000915527344,48.59000015258789,49.369998931884766,43.11628341674805,104922900
2010-09-29,49.29999923706055,49.529998779296875,49.11000061035156,49.290000915527344,43.04642868041992,81679200
2010-09-30,49.540000915527344,49.84000015258789,48.75,49.06999969482422,42.854286193847656,122458600
2010-10-01,49.47999954223633,49.529998779296875,48.779998779296875,49.0099983215332,42.8018798828125,77675400
2010-10-04,48.869998931884766,49.04999923706055,48.20000076293945,48.47999954223633,42.33903121948242,71359900
2010-10-05,49.029998779296875,49.7599983215332,49.0,49.65999984741211,43.369564056396484,99301300
2010-10-06,49.599998474121094,49.709999084472656,48.90999984741211,49.22999954223633,42.99402618408203,81831200
2010-10-07,49.5099983215332,49.540000915527344,49.0,49.40999984741211,43.15122604370117,75693300
2010-10-08,49.43000030517578,49.869998931884766,49.08000183105469,49.75,43.44815444946289,83223900
2010-10-11,49.779998779296875,50.02000045776367,49.619998931884766,49.77000045776367,43.46562957763672,46880000
2010-10-12,49.689998626708984,50.209999084472656,49.2599983215332,50.11000061035156,43.762550354003906,88571700
2010-10-13,50.43000030517578,50.75,50.279998779296875,50.52000045776367,44.120628356933594,71122900
2010-10-14,50.54999923706055,50.63999938964844,50.16999816894531,50.41999816894531,44.03327178955078,68464000
2010-10-15,51.040000915527344,51.5,50.630001068115234,51.4900016784668,44.96773910522461,104654000
2010-10-18,51.5,51.720001220703125,51.29999923706055,51.29999923706055,44.80181121826172,72399400
2010-10-19,50.81999969482422,51.29999923706055,50.41999816894531,50.81999969482422,44.38262176513672,105739800
2010-10-20,50.959999084472656,51.56999969482422,50.869998931884766,51.189998626708984,44.70573425292969,80861400
2010-10-21,51.5099983215332,51.709999084472656,50.790000915527344,51.290000915527344,44.7930793762207,85885400
2010-10-22,51.29999923706055,51.689998626708984,51.209999084472656,51.63999938964844,45.098751068115234,47406900
2010-10-25,51.849998474121094,52.22999954223633,51.849998474121094,51.88999938964844,45.317073822021484,51413900
2010-10-26,51.630001068115234,52.150001525878906,51.41999816894531,52.029998779296875,45.43933868408203,60498300
2010-10-27,51.7599983215332,52.22999954223633,51.65999984741211,52.189998626708984,45.579078674316406,57483400
2010-10-28,52.40999984741211,52.45000076293945,51.84000015258789,52.29999923706055,45.6751594543457,61220000
2010-10-29,52.29999923706055,52.4900016784668,52.16999816894531,52.18000030517578,45.57035446166992,46668700
2010-11-01,52.369998931884766,52.75,51.97999954223633,52.220001220703125,45.60526657104492,60555600
2010-11-02,52.650001525878906,52.93000030517578,52.58000183105469,52.779998779296875,46.094356536865234,48137500
2010-11-03,52.83000183105469,53.040000915527344,52.36000061035156,53.02000045776367,46.30394744873047,126225800
2010-11-04,53.599998474121094,53.86000061035156,53.5,53.66999816894531,46.87160873413086,84201000
2010-11-05,53.70000076293945,53.810001373291016,53.5099983215332,53.66999816894531,46.87160873413086,77937100
2010-11-08,53.58000183105469,53.83000183105469,53.45000076293945,53.7400016784668,46.93273162841797,39623500
2010-11-09,53.95000076293945,54.040000915527344,53.209999084472656,53.45000076293945,46.679466247558594,66828700
2010-11-10,53.52000045776367,53.77000045776367,53.099998474121094,53.720001220703125,46.915260314941406,83553700
2010-11-11,52.90999984741211,53.47999954223633,52.65999984741211,53.380001068115234,46.618343353271484,85163600
2010-11-12,53.099998474121094,53.369998931884766,52.11000061035156,52.5099983215332,45.8585319519043,99164300
2010-11-15,52.779998779296875,52.880001068115234,52.290000915527344,52.310001373291016,45.68387222290039,56723400
2010-11-16,51.939998626708984,52.25,50.849998474121094,51.45000076293945,44.93281173706055,101097000
2010-11-17,51.47999954223633,51.869998931884766,51.349998474121094,51.599998474121094,45.06382751464844,77836200
2010-11-18,52.15999984741211,52.790000915527344,52.130001068115234,52.43000030517578,45.78868103027344,71488300
2010-11-19,52.36000061035156,52.59000015258789,52.13999938964844,52.470001220703125,45.823612213134766,54506100
2010-11-22,52.2599983215332,52.90999984741211,52.16999816894531,52.90999984741211,46.2078742980957,69918900
2010-11-23,52.369998931884766,52.45000076293945,51.77000045776367,52.06999969482422,45.474281311035156,76818300
2010-11-24,52.58000183105469,53.25,52.560001373291016,53.119998931884766,46.39127731323242,53444200
2010-11-26,52.779998779296875,53.130001068115234,52.66999816894531,52.77000045776367,46.08560562133789,23640300
2010-11-29,52.70000076293945,52.900001525878906,52.099998474121094,52.72999954223633,46.0506706237793,89269100
2010-11-30,52.18000030517578,52.7400016784668,51.880001068115234,52.09000015258789,45.49174499511719,118862100
2010-12-01,52.86000061035156,53.459999084472656,52.84000015258789,53.189998626708984,46.4524040222168,81758800
2010-12-02,53.27000045776367,53.810001373291016,53.209999084472656,53.72999954223633,46.924007415771484,56844600
2010-12-03,53.5,53.939998626708984,53.5,53.869998931884766,47.0462646484375,38014200
2010-12-06,53.880001068115234,53.95000076293945,53.68000030517578,53.849998474121094,47.02880096435547,39312000
2010-12-07,54.5,54.52000045776367,53.81999969482422,53.880001068115234,47.05499267578125,59067300
2010-12-08,54.02000045776367,54.150001525878906,53.689998626708984,54.08000183105469,47.229679107666016,48066900
2010-12-09,54.40999984741211,54.439998626708984,53.95000076293945,54.130001068115234,47.273353576660156,51679800
2010-12-10,54.290000915527344,54.54999923706055,54.09000015258789,54.4900016784668,47.587745666503906,44696200
2010-12-13,54.70000076293945,54.7400016784668,54.27000045776367,54.29999923706055,47.42179489135742,53110200
2010-12-14,54.439998626708984,54.619998931884766,54.22999954223633,54.400001525878906,47.50914001464844,69884800
2010-12-15,54.369998931884766,54.70000076293945,54.029998779296875,54.15999984741211,47.29951858520508,76951900
2010-12-16,54.209999084472656,54.65999984741211,54.060001373291016,54.58000183105469,47.66633224487305,65519400
2010-12-17,54.540000915527344,54.68000030517578,54.40999984741211,54.52000045776367,47.708335876464844,36844200
2010-12-20,54.619998931884766,54.7599983215332,54.15999984741211,54.560001373291016,47.743343353271484,48159600
2010-12-21,54.77000045776367,54.88999938964844,54.619998931884766,54.88999938964844,48.03209686279297,35775400
2010-12-22,54.869998931884766,54.959999084472656,54.790000915527344,54.880001068115234,48.02335739135742,35766500
2010-12-23,54.779998779296875,54.869998931884766,54.61000061035156,54.7400016784668,47.90083694458008,21664800
2010-12-27,54.58000183105469,54.86000061035156,54.209999084472656,54.77000045776367,47.92709732055664,29263700
2010-12-28,54.880001068115234,54.91999816894531,54.54999923706055,54.66999816894531,47.8395881652832,24160500
2010-12-29,54.81999969482422,54.900001525878906,54.72999954223633,54.790000915527344,47.944602966308594,24132700
2010-12-30,54.790000915527344,54.79999923706055,54.54999923706055,54.65999984741211,47.83083724975586,27553300
2010-12-31,54.59000015258789,54.619998931884766,54.209999084472656,54.459999084472656,47.655826568603516,38540100
2011-01-03,54.970001220703125,55.689998626708984,54.95000076293945,55.310001373291016,48.39963150024414,90994300
2011-01-04,55.5099983215332,55.54999923706055,54.91999816894531,55.27000045776367,48.36463165283203,43851500
2011-01-05,55.099998474121094,55.7599983215332,55.06999969482422,55.7400016784668,48.77592468261719,43787400
2011-01-06,55.79999923706055,55.959999084472656,55.68000030517578,55.91999816894531,48.93341827392578,46139600
2011-01-07,56.02000045776367,56.04999923706055,55.31999969482422,55.869998931884766,48.88966751098633,72261700
2011-01-10,55.75,56.18000030517578,55.58000183105469,56.08000183105469,49.073448181152344,55551800
2011-01-11,56.310001373291016,56.36000061035156,55.95000076293945,56.15999984741211,49.143428802490234,56663800
2011-01-12,56.43000030517578,56.560001373291016,56.20000076293945,56.560001373291016,49.49348068237305,51979300
2011-01-13,56.599998474121094,56.72999954223633,56.40999984741211,56.58000183105469,49.510963439941406,47364500
2011-01-14,56.599998474121094,57.02000045776367,56.459999084472656,57.0,49.87850570678711,43867400
2011-01-18,56.56999969482422,57.22999954223633,56.4900016784668,57.15999984741211,50.01849365234375,65805600
2011-01-19,57.2599983215332,57.2599983215332,56.31999969482422,56.5099983215332,49.44970703125,67767200
2011-01-20,56.27000045776367,56.349998474121094,55.68000030517578,56.11000061035156,49.09968948364258,92357800
2011-01-21,56.38999938964844,56.4900016784668,55.650001525878906,55.68000030517578,48.72340774536133,59673300
2011-01-24,55.790000915527344,56.459999084472656,55.68000030517578,56.45000076293945,49.39720153808594,64103300
2011-01-25,56.16999816894531,56.54999923706055,56.04999923706055,56.529998779296875,49.46720886230469,55305100
2011-01-26,56.61000061035156,56.97999954223633,56.45000076293945,56.83000183105469,49.7297248840332,60547700
2011-01-27,57.0099983215332,57.349998474121094,56.91999816894531,57.18000030517578,50.03600311279297,53656100
2011-01-28,57.16999816894531,57.220001220703125,55.470001220703125,55.72999954223633,48.76715850830078,123359900
2011-01-31,55.810001373291016,56.15999984741211,55.38999938964844,56.0,49.0034294128418,70571300
2011-02-01,56.41999816894531,57.18000030517578,56.36000061035156,57.04999923706055,49.9222526550293,76952900
2011-02-02,56.93000030517578,57.16999816894531,56.84000015258789,56.959999084472656,49.84348678588867,48661000
2011-02-03,56.849998474121094,57.13999938964844,56.400001525878906,57.060001373291016,49.93099594116211,45341900
2011-02-04,57.04999923706055,57.41999816894531,56.900001525878906,57.380001068115234,50.21101760864258,47647800
2011-02-07,57.4900016784668,57.970001220703125,57.400001525878906,57.650001525878906,50.44728469848633,45627100
2011-02-08,57.66999816894531,58.06999969482422,57.560001373291016,58.029998779296875,50.77981185913086,38099900
2011-02-09,57.939998626708984,58.119998931884766,57.75,57.93000030517578,50.69228744506836,62540800
2011-02-10,57.54999923706055,58.099998474121094,57.4900016784668,58.02000045776367,50.77103805541992,70194700
2011-02-11,57.849998474121094,58.47999954223633,57.77000045776367,58.439998626708984,51.13856887817383,47853500
2011-02-14,58.439998626708984,58.65999984741211,58.380001068115234,58.58000183105469,51.26109313964844,48506100
2011-02-15,58.439998626708984,58.56999969482422,58.22999954223633,58.5,51.19108581542969,39723800
2011-02-16,58.650001525878906,59.040000915527344,58.630001068115234,58.880001068115234,51.52359390258789,53061700
2011-02-17,58.59000015258789,58.970001220703125,58.54999923706055,58.86000061035156,51.5060920715332,38361900
2011-02-18,58.86000061035156,58.970001220703125,58.5099983215332,58.72999954223633,51.39234161376953,44334300
2011-02-22,57.93000030517578,58.130001068115234,56.939998626708984,57.029998779296875,49.904747009277344,92598100
2011-02-23,57.029998779296875,57.22999954223633,56.130001068115234,56.560001373291016,49.49348068237305,97842900
2011-02-24,56.68000030517578,57.029998779296875,56.13999938964844,56.86000061035156,49.7559814453125,98716100
2011-02-25,57.18000030517578,57.720001220703125,57.119998931884766,57.650001525878906,50.44728469848633,54094600
2011-02-28,57.880001068115234,58.04999923706055,57.43000030517578,57.77000045776367,50.55229187011719,51402800
2011-03-01,58.02000045776367,58.02000045776367,56.70000076293945,56.84000015258789,49.73847579956055,91993900
2011-03-02,56.810001373291016,57.5099983215332,56.790000915527344,57.13999938964844,50.000999450683594,61552900
2011-03-03,57.66999816894531,58.369998931884766,57.66999816894531,58.27000045776367,50.989810943603516,64146600
2011-03-04,58.25,58.2599983215332,57.59000015258789,57.970001220703125,50.7272834777832,62328400
2011-03-07,58.209999084472656,58.2599983215332,56.66999816894531,57.189998626708984,50.04475021362305,98470000
2011-03-08,57.119998931884766,57.68000030517578,56.77000045776367,57.41999816894531,50.24601364135742,62399100
2011-03-09,57.209999084472656,57.27000045776367,56.720001220703125,57.029998779296875,49.904747009277344,84764200
2011-03-10,56.38999938964844,56.52000045776367,55.90999984741211,56.13999938964844,49.125938415527344,102894400
2011-03-11,55.81999969482422,56.65999984741211,55.81999969482422,56.4900016784668,49.43220901489258,81679400
2011-03-14,56.18000030517578,56.59000015258789,55.86000061035156,56.290000915527344,49.257205963134766,73565800
2011-03-15,54.63999938964844,55.81999969482422,54.470001220703125,55.4900016784668,48.5571403503418,101276500
2011-03-16,55.029998779296875,55.34000015258789,53.77000045776367,54.150001525878906,47.38456726074219,176507700
2011-03-17,55.0099983215332,55.2400016784668,54.130001068115234,54.650001525878906,47.822086334228516,94434500
2011-03-18,55.220001220703125,55.220001220703125,54.40999984741211,54.45000076293945,47.71431350708008,94887200
2011-03-21,55.279998779296875,55.779998779296875,54.5,55.5,48.63443374633789,57423000
2011-03-22,55.58000183105469,55.61000061035156,55.279998779296875,55.400001525878906,48.54679870605469,36162100
2011-03-23,55.20000076293945,55.869998931884766,54.81999969482422,55.709999084472656,48.81844711303711,60365100
2011-03-24,56.130001068115234,56.81999969482422,55.81999969482422,56.70000076293945,49.68597412109375,69502400
2011-03-25,56.880001068115234,57.220001220703125,56.72999954223633,56.84000015258789,49.808658599853516,74131100
2011-03-28,57.09000015258789,57.099998474121094,56.5,56.529998779296875,49.53700256347656,37824000
2011-03-29,56.400001525878906,57.08000183105469,56.22999954223633,57.08000183105469,50.01896286010742,47994800
2011-03-30,57.36000061035156,57.43000030517578,57.08000183105469,57.349998474121094,50.25556564331055,44935900
2011-03-31,57.25,57.47999954223633,57.150001525878906,57.43000030517578,50.325679779052734,50004300
2011-04-01,57.720001220703125,57.900001525878906,57.290000915527344,57.459999084472656,50.35196304321289,68031800
2011-04-04,57.619998931884766,57.68000030517578,57.02000045776367,57.27000045776367,50.18547439575195,48659100
2011-04-05,57.15999984741211,57.4900016784668,57.0,57.119998931884766,50.05402374267578,55349400
2011-04-06,57.560001373291016,57.72999954223633,56.93000030517578,57.2599983215332,50.176692962646484,49532100
2011-04-07,57.2400016784668,57.599998474121094,56.810001373291016,57.220001220703125,50.141658782958984,60697000
2011-04-08,57.47999954223633,57.56999969482422,56.650001525878906,56.95000076293945,49.90504837036133,42782200
2011-04-11,57.16999816894531,57.290000915527344,56.560001373291016,56.7599983215332,49.73855972290039,42451700
2011-04-12,56.5,56.63999938964844,56.150001525878906,56.369998931884766,49.396785736083984,50422800
2011-04-13,56.790000915527344,57.0,56.400001525878906,56.849998474121094,49.81740951538086,49979800
2011-04-14,56.459999084472656,56.83000183105469,56.22999954223633,56.75,49.72979736328125,53544100
2011-04-15,56.529998779296875,56.869998931884766,56.279998779296875,56.650001525878906,49.642154693603516,68530000
2011-04-18,56.08000183105469,56.27000045776367,55.31999969482422,56.25,49.29164505004883,69065000
2011-04-19,56.400001525878906,56.599998474121094,56.099998474121094,56.599998474121094,49.59834289550781,38608400
2011-04-20,57.599998474121094,57.939998626708984,57.529998779296875,57.880001068115234,50.72001266479492,67397500
2011-04-21,58.439998626708984,58.470001220703125,58.15999984741211,58.34000015258789,51.123111724853516,43666800
2011-04-25,58.38999938964844,58.52000045776367,58.279998779296875,58.4900016784668,51.25453567504883,25376800
2011-04-26,58.63999938964844,59.029998779296875,58.5099983215332,58.81999969482422,51.54372787475586,49400000
2011-04-27,58.93000030517578,59.290000915527344,58.65999984741211,59.220001220703125,51.89425277709961,56465500
2011-04-28,59.040000915527344,59.22999954223633,58.880001068115234,59.130001068115234,51.81535720825195,48100000
2011-04-29,59.02000045776367,59.290000915527344,58.97999954223633,59.08000183105469,51.77157211303711,44831200
2011-05-02,59.16999816894531,59.34000015258789,58.81999969482422,58.970001220703125,51.6751823425293,48149400
2011-05-03,58.939998626708984,59.0,58.33000183105469,58.689998626708984,51.42980194091797,38100000
2011-05-04,58.720001220703125,58.869998931884766,58.11000061035156,58.599998474121094,51.3509407043457,53097200
2011-05-05,58.310001373291016,58.970001220703125,58.08000183105469,58.279998779296875,51.070526123046875,72200000
2011-05-06,58.86000061035156,59.20000076293945,58.310001373291016,58.470001220703125,51.23702621459961,72507000
2011-05-09,58.56999969482422,58.91999816894531,58.34000015258789,58.689998626708984,51.42980194091797,40022000
2011-05-10,58.86000061035156,59.279998779296875,58.779998779296875,59.189998626708984,51.86796569824219,38053600
2011-05-11,59.099998474121094,59.310001373291016,58.36000061035156,58.7599983215332,51.49116134643555,61900000
2011-05-12,58.58000183105469,59.189998626708984,58.2400016784668,59.11000061035156,51.7978515625,66100000
2011-05-13,58.970001220703125,59.06999969482422,58.38999938964844,58.40999984741211,51.184444427490234,63506600
2011-05-16,58.13999938964844,58.31999969482422,57.27000045776367,57.400001525878906,50.29938507080078,73115300
2011-05-17,57.099998474121094,57.56999969482422,56.97999954223633,57.560001373291016,50.43959426879883,63136000
2011-05-18,57.47999954223633,58.13999938964844,57.40999984741211,58.040000915527344,50.860225677490234,42351100
2011-05-19,58.220001220703125,58.34000015258789,57.849998474121094,58.209999084472656,51.00917053222656,35015800
2011-05-20,58.150001525878906,58.209999084472656,57.689998626708984,57.77000045776367,50.623600006103516,44703300
2011-05-23,56.97999954223633,57.150001525878906,56.650001525878906,56.91999816894531,49.878761291503906,43700000
2011-05-24,57.060001373291016,57.06999969482422,56.560001373291016,56.56999969482422,49.572052001953125,39314800
2011-05-25,56.5,57.060001373291016,56.470001220703125,56.790000915527344,49.76484298706055,41369000
2011-05-26,56.619998931884766,57.29999923706055,56.61000061035156,57.13999938964844,50.07154846191406,40564100
2011-05-27,57.2400016784668,57.4900016784668,57.189998626708984,57.43000030517578,50.325679779052734,30127200
2011-05-31,57.970001220703125,58.36000061035156,57.66999816894531,58.36000061035156,51.140621185302734,47590100
2011-06-01,58.220001220703125,58.36000061035156,57.040000915527344,57.09000015258789,50.02774429321289,51795000
2011-06-02,57.20000076293945,57.40999984741211,56.88999938964844,57.209999084472656,50.13288497924805,50198100
2011-06-03,56.54999923706055,56.9900016784668,56.27000045776367,56.349998474121094,49.37926483154297,57773700
2011-06-06,56.220001220703125,56.529998779296875,55.86000061035156,55.88999938964844,48.97616958618164,50175600
2011-06-07,56.040000915527344,56.2599983215332,55.75,55.790000915527344,48.88855743408203,46311100
2011-06-08,55.66999816894531,55.77000045776367,55.22999954223633,55.38999938964844,48.53802490234375,46426400
2011-06-09,55.40999984741211,55.7599983215332,55.22999954223633,55.4900016784668,48.625648498535156,45307500
2011-06-10,55.22999954223633,55.34000015258789,54.59000015258789,54.63999938964844,47.88080596923828,53740600
2011-06-13,54.66999816894531,54.93000030517578,54.45000076293945,54.63999938964844,47.88080596923828,37736800
2011-06-14,55.060001373291016,55.470001220703125,55.029998779296875,55.34000015258789,48.49421691894531,40565300
2011-06-15,54.810001373291016,55.150001525878906,54.18000030517578,54.290000915527344,47.574092864990234,59022400
2011-06-16,54.31999969482422,54.5,53.619998931884766,54.08000183105469,47.39008331298828,66316200
2011-06-17,54.400001525878906,54.599998474121094,53.630001068115234,53.790000915527344,47.24165725708008,70337000
2011-06-20,53.63999938964844,54.22999954223633,53.63999938964844,54.06999969482422,47.487579345703125,37402900
2011-06-21,54.2599983215332,55.290000915527344,54.029998779296875,55.22999954223633,48.506343841552734,55892800
2011-06-22,55.0,55.31999969482422,54.81999969482422,54.83000183105469,48.15504837036133,36833300
2011-06-23,54.2400016784668,55.369998931884766,54.060001373291016,55.34000015258789,48.60296630859375,80743300
2011-06-24,55.08000183105469,55.130001068115234,54.27000045776367,54.380001068115234,47.75983810424805,56298300
2011-06-27,54.439998626708984,55.529998779296875,54.31999969482422,55.25,48.52391815185547,49968900
2011-06-28,55.369998931884766,56.08000183105469,55.290000915527344,56.06999969482422,49.24410629272461,47028800
2011-06-29,56.20000076293945,56.40999984741211,55.900001525878906,56.29999923706055,49.44608688354492,65407300
2011-06-30,56.5,57.09000015258789,56.470001220703125,57.04999923706055,50.10478973388672,50347200
2011-07-01,57.08000183105469,57.9900016784668,56.91999816894531,57.90999984741211,50.86009979248047,53203900
2011-07-05,57.970001220703125,58.2599983215332,57.83000183105469,58.20000076293945,51.11479187011719,43128800
2011-07-06,58.130001068115234,58.4900016784668,57.939998626708984,58.38999938964844,51.28164291381836,49282700
2011-07-07,58.83000183105469,59.36000061035156,58.7400016784668,59.189998626708984,51.984275817871094,54799800
2011-07-08,58.68000030517578,59.040000915527344,58.369998931884766,59.029998779296875,51.843746185302734,69519500
2011-07-11,58.40999984741211,58.709999084472656,57.7599983215332,57.959999084472656,50.90400695800781,52080800
2011-07-12,57.95000076293945,58.06999969482422,57.459999084472656,57.52000045776367,50.51756286621094,84000700
2011-07-13,57.939998626708984,58.34000015258789,57.54999923706055,57.7599983215332,50.72834777832031,82378100
2011-07-14,57.90999984741211,58.18000030517578,56.869998931884766,57.09000015258789,50.13992691040039,98774200
2011-07-15,57.72999954223633,57.849998474121094,57.310001373291016,57.849998474121094,50.80741882324219,68281500
2011-07-18,57.529998779296875,57.790000915527344,56.97999954223633,57.540000915527344,50.53513717651367,59512200
2011-07-19,58.09000015258789,58.900001525878906,58.09000015258789,58.849998474121094,51.6856689453125,73904600
2011-07-20,59.18000030517578,59.189998626708984,58.5,58.599998474121094,51.4660758972168,57085500
2011-07-21,58.65999984741211,59.31999969482422,58.34000015258789,58.9900016784668,51.80861282348633,70148800
2011-07-22,58.959999084472656,59.70000076293945,58.91999816894531,59.599998474121094,52.3443489074707,43620400
2011-07-25,59.130001068115234,59.810001373291016,59.02000045776367,59.47999954223633,52.23896408081055,48916100
2011-07-26,59.439998626708984,59.83000183105469,59.31999969482422,59.630001068115234,52.37070846557617,40918900
2011-07-27,59.2400016784668,59.290000915527344,57.939998626708984,58.09000015258789,51.0181770324707,83969500
2011-07-28,58.119998931884766,58.93000030517578,57.88999938964844,58.189998626708984,51.10600280761719,61031900
2011-07-29,57.720001220703125,58.61000061035156,57.439998626708984,58.0,50.93914794921875,82860500
2011-08-01,58.70000076293945,58.81999969482422,57.029998779296875,57.72999954223633,50.70200729370117,85421100
2011-08-02,57.459999084472656,57.720001220703125,56.209999084472656,56.27000045776367,49.41975784301758,90853300
2011-08-03,56.34000015258789,56.880001068115234,55.349998474121094,56.810001373291016,49.89400100708008,103612300
2011-08-04,56.0,56.09000015258789,54.16999816894531,54.16999816894531,47.57539749145508,132830000
2011-08-05,54.720001220703125,55.029998779296875,52.31999969482422,53.83000183105469,47.276798248291016,214111800
2011-08-08,52.18000030517578,53.119998931884766,50.59000015258789,50.59000015258789,44.43122100830078,204804500
2011-08-09,51.349998474121094,53.08000183105469,49.93000030517578,53.029998779296875,46.57417678833008,193707100
2011-08-10,51.83000183105469,53.040000915527344,50.79999923706055,50.86000061035156,44.668357849121094,205917900
2011-08-11,51.59000015258789,53.689998626708984,51.34000015258789,53.099998474121094,46.63566589355469,143825300
2011-08-12,53.43000030517578,53.900001525878906,52.880001068115234,53.56999969482422,47.048439025878906,90483300
2011-08-15,53.790000915527344,54.36000061035156,53.529998779296875,54.36000061035156,47.742271423339844,73554300
2011-08-16,53.83000183105469,54.349998474121094,53.18000030517578,53.900001525878906,47.33827590942383,89219200
2011-08-17,53.970001220703125,54.41999816894531,53.02000045776367,53.58000183105469,47.05723190307617,84416600
2011-08-18,52.130001068115234,52.13999938964844,50.47999954223633,50.95000076293945,44.74740219116211,130019400
2011-08-19,50.41999816894531,51.66999816894531,49.9900016784668,50.029998779296875,43.939388275146484,96674600
2011-08-22,51.22999954223633,51.2400016784668,50.060001373291016,50.209999084472656,44.097496032714844,77107700
2011-08-23,50.54999923706055,52.279998779296875,50.34000015258789,52.279998779296875,45.91549301147461,75688400
2011-08-24,52.130001068115234,52.790000915527344,51.709999084472656,52.689998626708984,46.275577545166016,80197700
2011-08-25,52.65999984741211,52.900001525878906,51.650001525878906,51.83000183105469,45.520263671875,93623700
2011-08-26,51.65999984741211,53.310001373291016,51.150001525878906,53.130001068115234,46.66200637817383,91573300
2011-08-29,53.65999984741211,54.66999816894531,53.63999938964844,54.61000061035156,47.96181869506836,45985800
2011-08-30,54.40999984741211,55.29999923706055,54.11000061035156,54.970001220703125,48.278011322021484,61617900
2011-08-31,55.29999923706055,55.7400016784668,54.599998474121094,55.060001373291016,48.3570671081543,60900400
2011-09-01,55.20000076293945,55.63999938964844,54.459999084472656,54.560001373291016,47.91791915893555,57158400
2011-09-02,53.58000183105469,54.61000061035156,52.9900016784668,53.279998779296875,46.79374694824219,58185700
2011-09-06,52.040000915527344,53.369998931884766,51.90999984741211,53.290000915527344,46.80253601074219,52992200
2011-09-07,54.04999923706055,54.650001525878906,53.900001525878906,54.63999938964844,47.98817825317383,48952200
2011-09-08,54.36000061035156,55.16999816894531,54.209999084472656,54.38999938964844,47.76860809326172,61422800
2011-09-09,54.0099983215332,54.2400016784668,52.849998474121094,53.18000030517578,46.70591354370117,63663500
2011-09-12,52.59000015258789,53.900001525878906,52.56999969482422,53.86000061035156,47.303131103515625,65973000
2011-09-13,54.060001373291016,54.689998626708984,53.79999923706055,54.58000183105469,47.93548583984375,59020000
2011-09-14,54.86000061035156,55.97999954223633,54.31999969482422,55.36000061035156,48.62052917480469,90757300
2011-09-15,55.959999084472656,56.279998779296875,55.38999938964844,56.18000030517578,49.34070587158203,83536100
2011-09-16,56.20000076293945,56.650001525878906,56.09000015258789,56.59000015258789,49.79297637939453,91902100
2011-09-19,55.88999938964844,56.90999984741211,55.43000030517578,56.61000061035156,49.81056213378906,73042900
2011-09-20,56.900001525878906,57.349998474121094,56.22999954223633,56.36000061035156,49.59059143066406,66570100
2011-09-21,56.650001525878906,56.93000030517578,55.369998931884766,55.380001068115234,48.728294372558594,79938000
2011-09-22,53.970001220703125,54.459999084472656,52.75,53.58000183105469,47.14450454711914,151885500
2011-09-23,53.130001068115234,54.380001068115234,53.09000015258789,54.150001525878906,47.646034240722656,85940600
2011-09-26,54.41999816894531,54.880001068115234,53.209999084472656,54.779998779296875,48.200347900390625,96261400
2011-09-27,55.709999084472656,56.20000076293945,54.97999954223633,55.349998474121094,48.701900482177734,81148600
2011-09-28,55.59000015258789,55.970001220703125,54.400001525878906,54.529998779296875,47.98039245605469,76757100
2011-09-29,55.36000061035156,55.43000030517578,52.970001220703125,53.880001068115234,47.408470153808594,116900200
2011-09-30,53.15999984741211,53.61000061035156,52.459999084472656,52.4900016784668,46.1854248046875,104870100
2011-10-03,52.02000045776367,52.849998474121094,51.11000061035156,51.13999938964844,44.99756622314453,99149500
2011-10-04,50.619998931884766,52.290000915527344,50.099998474121094,52.189998626708984,45.92145538330078,137013700
2011-10-05,52.060001373291016,53.68000030517578,51.65999984741211,53.529998779296875,47.10050582885742,108825700
2011-10-06,53.459999084472656,54.439998626708984,53.209999084472656,54.43000030517578,47.892425537109375,71939200
2011-10-07,54.400001525878906,54.65999984741211,53.720001220703125,54.06999969482422,47.575645446777344,72525200
2011-10-10,54.9900016784668,55.939998626708984,54.88999938964844,55.939998626708984,49.221038818359375,48230200
2011-10-11,55.790000915527344,56.459999084472656,55.70000076293945,56.31999969482422,49.55540084838867,66449100
2011-10-12,56.86000061035156,57.22999954223633,56.560001373291016,56.599998474121094,49.8017578125,85627600
2011-10-13,56.4900016784668,57.189998626708984,56.43000030517578,57.119998931884766,50.25930404663086,63443700
2011-10-14,57.81999969482422,58.189998626708984,57.5099983215332,58.18000030517578,51.191993713378906,65643600
2011-10-17,57.90999984741211,58.09000015258789,56.970001220703125,57.279998779296875,50.40009307861328,65161300
2011-10-18,57.189998626708984,58.290000915527344,56.65999984741211,57.9900016784668,51.02479934692383,91434600
2011-10-19,57.66999816894531,57.849998474121094,56.68000030517578,56.869998931884766,50.039337158203125,67639400
2011-10-20,56.86000061035156,56.91999816894531,55.790000915527344,56.59000015258789,49.79297637939453,80378300
2011-10-21,57.189998626708984,57.65999984741211,56.779998779296875,57.29999923706055,50.41768264770508,60455800
2011-10-24,57.5099983215332,58.650001525878906,57.310001373291016,58.4900016784668,51.46475601196289,61449500
2011-10-25,58.29999923706055,58.31999969482422,57.220001220703125,57.34000015258789,50.45287322998047,65299200
2011-10-26,57.65999984741211,57.779998779296875,56.209999084472656,57.27000045776367,50.391292572021484,98193800
2011-10-27,58.63999938964844,59.20000076293945,58.029998779296875,58.849998474121094,51.781517028808594,104455500
2011-10-28,58.52000045776367,59.0099983215332,58.5,58.939998626708984,51.86071014404297,42950000
2011-10-31,58.43000030517578,58.63999938964844,57.90999984741211,57.95000076293945,50.98960876464844,60520200
2011-11-01,56.52000045776367,57.90999984741211,56.119998931884766,56.439998626708984,49.660980224609375,99933000
2011-11-02,57.029998779296875,57.15999984741211,56.380001068115234,56.91999816894531,50.083316802978516,65003800
2011-11-03,57.369998931884766,58.18000030517578,56.709999084472656,58.099998474121094,51.121612548828125,78994200
2011-11-04,57.81999969482422,58.04999923706055,57.220001220703125,57.79999923706055,50.857627868652344,61527800
2011-11-07,57.7599983215332,58.25,57.16999816894531,58.209999084472656,51.21839141845703,65559000
2011-11-08,58.630001068115234,58.97999954223633,57.970001220703125,58.880001068115234,51.80792236328125,62906900
2011-11-09,57.7400016784668,57.83000183105469,56.630001068115234,56.810001373291016,49.98653030395508,69539000
2011-11-10,57.369998931884766,57.41999816894531,56.22999954223633,56.779998779296875,49.96013641357422,66052400
2011-11-11,57.27000045776367,58.02000045776367,57.20000076293945,57.849998474121094,50.90163803100586,54471000
2011-11-14,57.689998626708984,58.0099983215332,57.279998779296875,57.4900016784668,50.58486557006836,44617600
2011-11-15,57.31999969482422,58.36000061035156,57.2599983215332,58.130001068115234,51.14800262451172,52203900
2011-11-16,57.709999084472656,58.15999984741211,57.060001373291016,57.16999816894531,50.30329895019531,68342800
2011-11-17,57.02000045776367,57.040000915527344,55.47999954223633,55.83000183105469,49.1242561340332,101706900
2011-11-18,55.84000015258789,55.900001525878906,55.29999923706055,55.400001525878906,48.745880126953125,60417000
2011-11-21,54.650001525878906,54.72999954223633,53.779998779296875,54.34000015258789,47.81320571899414,52283700
2011-11-22,54.20000076293945,54.68000030517578,53.869998931884766,54.52000045776367,47.97159957885742,51940100
2011-11-23,54.11000061035156,54.16999816894531,53.2599983215332,53.290000915527344,46.88932800292969,48437300
2011-11-25,53.060001373291016,53.66999816894531,52.869998931884766,52.880001068115234,46.52859115600586,25448100
2011-11-28,54.16999816894531,54.790000915527344,54.13999938964844,54.720001220703125,48.147560119628906,46710700
2011-11-29,54.689998626708984,55.099998474121094,54.220001220703125,54.380001068115234,47.848411560058594,52056700
2011-11-30,55.86000061035156,56.439998626708984,55.66999816894531,56.38999938964844,49.61697769165039,66918600
2011-12-01,56.380001068115234,56.93000030517578,56.349998474121094,56.779998779296875,49.96013641357422,45362200
2011-12-02,57.34000015258789,57.34000015258789,56.56999969482422,56.619998931884766,49.81936264038086,36938900
2011-12-05,57.470001220703125,57.619998931884766,56.91999816894531,57.2400016784668,50.36489486694336,40492200
2011-12-06,57.290000915527344,57.45000076293945,56.88999938964844,57.08000183105469,50.22411346435547,38670000
2011-12-07,56.91999816894531,57.34000015258789,56.349998474121094,57.08000183105469,50.22411346435547,44576200
2011-12-08,56.709999084472656,57.150001525878906,56.0099983215332,56.119998931884766,49.37941360473633,51692600
2011-12-09,56.2599983215332,57.189998626708984,56.2400016784668,57.02000045776367,50.17131805419922,55757900
2011-12-12,56.41999816894531,57.0099983215332,55.900001525878906,56.380001068115234,49.608192443847656,55411700
2011-12-13,56.75,56.97999954223633,55.529998779296875,55.7599983215332,49.062660217285156,68557700
2011-12-14,55.54999923706055,55.59000015258789,54.58000183105469,54.88999938964844,48.29716110229492,63682800
2011-12-15,55.36000061035156,55.41999816894531,54.65999984741211,54.7400016784668,48.16515350341797,58732900
2011-12-16,54.869998931884766,55.61000061035156,54.77000045776367,54.86000061035156,48.41313934326172,60978900
2011-12-19,55.06999969482422,55.20000076293945,54.16999816894531,54.31999969482422,47.936588287353516,46733900
2011-12-20,55.20000076293945,56.0,55.16999816894531,55.93000030517578,49.357391357421875,81758800
2011-12-21,55.599998474121094,55.63999938964844,54.4900016784668,55.130001068115234,48.65141677856445,78552300
2011-12-22,55.25,55.630001068115234,55.16999816894531,55.599998474121094,49.066200256347656,40334100
2011-12-23,55.709999084472656,56.08000183105469,55.58000183105469,56.08000183105469,49.48978805541992,26594600
2011-12-27,55.9900016784668,56.41999816894531,55.93000030517578,56.2400016784668,49.674381256103516,21443500
2011-12-28,56.16999816894531,56.2599983215332,55.439998626708984,55.59000015258789,49.10026550292969,38180100
2011-12-29,55.68000030517578,56.029998779296875,55.5,55.9900016784668,49.453575134277344,28077900
2011-12-30,55.869998931884766,56.119998931884766,55.81999969482422,55.83000183105469,49.31224822998047,21832400
2012-01-03,56.90999984741211,57.189998626708984,56.75,56.900001525878906,50.2573356628418,39514100
2012-01-04,56.810001373291016,57.220001220703125,56.560001373291016,57.13999938964844,50.46931457519531,29403400
2012-01-05,57.02000045776367,57.65999984741211,56.79999923706055,57.61000061035156,50.88444900512695,41260600
2012-01-06,57.619998931884766,57.939998626708984,57.400001525878906,57.810001373291016,51.06108856201172,46325200
2012-01-09,57.959999084472656,57.97999954223633,57.43000030517578,57.619998931884766,50.89327621459961,39195500
2012-01-10,58.22999954223633,58.400001525878906,57.63999938964844,58.040000915527344,51.264225006103516,35949900
2012-01-11,58.029998779296875,58.290000915527344,57.810001373291016,58.15999984741211,51.3702278137207,37144100
2012-01-12,58.290000915527344,58.470001220703125,57.86000061035156,58.38999938964844,51.5733757019043,26188300
2012-01-13,58.08000183105469,58.20000076293945,57.68000030517578,58.18000030517578,51.387908935546875,35980400
2012-01-17,58.689998626708984,58.959999084472656,58.4900016784668,58.709999084472656,51.85602569580078,41790800
2012-01-18,58.81999969482422,59.4900016784668,58.68000030517578,59.4900016784668,52.54495620727539,48692700
2012-01-19,59.7599983215332,59.970001220703125,59.650001525878906,59.86000061035156,52.87177276611328,47774500
2012-01-20,59.599998474121094,59.79999923706055,59.560001373291016,59.77000045776367,52.792274475097656,41041700
2012-01-23,59.779998779296875,60.209999084472656,59.439998626708984,59.790000915527344,52.809940338134766,40958300
2012-01-24,59.52000045776367,59.84000015258789,59.40999984741211,59.68000030517578,52.71278381347656,38440200
2012-01-25,60.2599983215332,60.58000183105469,59.83000183105469,60.43000030517578,53.3752326965332,61591800
2012-01-26,60.689998626708984,60.79999923706055,59.93000030517578,60.220001220703125,53.18973922729492,37852700
2012-01-27,60.09000015258789,60.5099983215332,60.060001373291016,60.400001525878906,53.348731994628906,45532300
2012-01-30,59.88999938964844,60.540000915527344,59.65999984741211,60.45000076293945,53.392879486083984,42797800
2012-01-31,60.75,60.86000061035156,60.13999938964844,60.529998779296875,53.46355438232422,51449600
2012-02-01,60.880001068115234,61.2400016784668,60.65999984741211,61.02000045776367,53.896339416503906,46146700
2012-02-02,61.220001220703125,61.40999984741211,60.970001220703125,61.209999084472656,54.06416320800781,46373600
2012-02-03,61.779998779296875,62.119998931884766,61.68000030517578,62.04999923706055,54.80610656738281,36453800
2012-02-06,61.81999969482422,62.02000045776367,61.65999984741211,62.0,54.76194763183594,28541300
2012-02-07,61.95000076293945,62.25,61.66999816894531,62.130001068115234,54.876773834228516,37935700
2012-02-08,62.13999938964844,62.459999084472656,61.90999984741211,62.459999084472656,55.16824722290039,41171100
2012-02-09,62.70000076293945,62.97999954223633,62.31999969482422,62.90999984741211,55.56570816040039,46856400
2012-02-10,62.459999084472656,62.63999938964844,62.25,62.470001220703125,55.17706298828125,58090500
2012-02-13,62.939998626708984,63.130001068115234,62.650001525878906,63.04999923706055,55.68935012817383,36810200
2012-02-14,62.90999984741211,63.220001220703125,62.689998626708984,63.209999084472656,55.83068084716797,51648200
2012-02-15,63.5099983215332,63.86000061035156,62.66999816894531,62.77000045776367,55.44204330444336,105709100
2012-02-16,62.790000915527344,63.70000076293945,62.630001068115234,63.630001068115234,56.201663970947266,83642300
2012-02-17,63.63999938964844,63.689998626708984,63.150001525878906,63.43000030517578,56.025001525878906,76112300
2012-02-21,63.5,63.88999938964844,63.209999084472656,63.61000061035156,56.183990478515625,38141300
2012-02-22,63.4900016784668,63.68000030517578,63.22999954223633,63.31999969482422,55.92784881591797,43174700
2012-02-23,63.400001525878906,63.810001373291016,63.09000015258789,63.7400016784668,56.29880142211914,54250000
2012-02-24,63.91999816894531,64.06999969482422,63.79999923706055,63.959999084472656,56.493125915527344,41364900
2012-02-27,63.61000061035156,64.26000213623047,63.33000183105469,64.05000305175781,56.57261657714844,42678500
2012-02-28,64.11000061035156,64.69999694824219,64.02999877929688,64.69999694824219,57.14673614501953,43717500
2012-02-29,64.75,64.95999908447266,64.19999694824219,64.41000366210938,56.89057922363281,59784400
2012-03-01,64.6500015258789,64.9800033569336,64.45999908447266,64.91999816894531,57.34105682373047,67558900
2012-03-02,64.83000183105469,65.08000183105469,64.66000366210938,64.87000274658203,57.29688262939453,33358200
2012-03-05,64.83000183105469,64.91000366210938,63.9900016784668,64.19999694824219,56.70509338378906,45788800
2012-03-06,63.56999969482422,63.720001220703125,63.22999954223633,63.56999969482422,56.14865493774414,54638600
2012-03-07,63.869998931884766,64.20999908447266,63.77000045776367,64.05999755859375,56.58143615722656,42741800
2012-03-08,64.44000244140625,64.94000244140625,64.30000305175781,64.75,57.19089889526367,43711100
2012-03-09,64.86000061035156,65.13999938964844,64.81999969482422,65.0199966430664,57.429378509521484,43117200
2012-03-12,65.0,65.11000061035156,64.72000122070312,65.05000305175781,57.45589065551758,32687300
2012-03-13,65.4000015258789,66.26000213623047,65.2699966430664,66.26000213623047,58.52461624145508,61559100
2012-03-14,66.33000183105469,66.73999786376953,66.08000183105469,66.48999786376953,58.727745056152344,59926900
2012-03-15,66.69000244140625,66.81999969482422,66.3499984741211,66.68000030517578,58.89558410644531,65531200
2012-03-16,66.66999816894531,66.66999816894531,66.36000061035156,66.5199966430664,58.8539924621582,53023100
2012-03-19,66.62999725341797,67.1500015258789,66.44999694824219,66.98999786376953,59.269840240478516,60966200
2012-03-20,66.63999938964844,67.18000030517578,66.45999908447266,67.11000061035156,59.37601089477539,47290600
2012-03-21,67.12000274658203,67.48999786376953,67.02999877929688,67.12000274658203,59.38485336303711,39648100
2012-03-22,66.72000122070312,67.13999938964844,66.68000030517578,66.9800033569336,59.260986328125,56953900
2012-03-23,67.05999755859375,67.08000183105469,66.55999755859375,66.94000244140625,59.225608825683594,45541700
2012-03-26,67.38999938964844,68.11000061035156,67.33000183105469,68.11000061035156,60.260772705078125,40855300
2012-03-27,68.16000366210938,68.48999786376953,68.12999725341797,68.20999908447266,60.349246978759766,37278200
2012-03-28,68.25,68.51000213623047,67.54000091552734,67.94000244140625,60.110347747802734,44421900
2012-03-29,67.5999984741211,67.93000030517578,67.19999694824219,67.68000030517578,59.88032531738281,53975300
2012-03-30,67.9800033569336,68.0199966430664,67.27999877929688,67.55000305175781,59.76530075073242,39480900
2012-04-02,67.4800033569336,68.33999633789062,67.36000061035156,68.25,60.3846549987793,40031600
2012-04-03,68.30999755859375,68.55000305175781,67.8499984741211,68.2300033569336,60.366939544677734,45539900
2012-04-04,67.72000122070312,67.76000213623047,66.91000366210938,67.30000305175781,59.544105529785156,54088100
2012-04-05,67.18000030517578,67.77999877929688,67.12999725341797,67.72000122070312,59.91571807861328,42979900
2012-04-09,66.87999725341797,67.4800033569336,66.76000213623047,67.20999908447266,59.46449279785156,36908200
2012-04-10,67.18000030517578,67.44000244140625,65.91999816894531,66.12999725341797,58.508941650390625,69254200
2012-04-11,66.70999908447266,66.88999938964844,66.27999877929688,66.44999694824219,58.792083740234375,62950000
2012-04-12,66.58000183105469,67.27999877929688,66.4800033569336,67.20999908447266,59.46449279785156,57407400
2012-04-13,66.9800033569336,67.19999694824219,66.16000366210938,66.19000244140625,58.56203842163086,55227500
2012-04-16,66.5199966430664,66.55999755859375,65.23999786376953,65.44999694824219,57.907310485839844,57588000
2012-04-17,65.7300033569336,66.98999786376953,65.62999725341797,66.77999877929688,59.08403778076172,47362400
2012-04-18,66.58999633789062,67.0,66.41000366210938,66.61000061035156,58.93364715576172,42536100
2012-04-19,66.37000274658203,67.16999816894531,65.62000274658203,65.86000061035156,58.270076751708984,81110900
2012-04-20,66.22000122070312,66.51000213623047,65.58000183105469,65.68000030517578,58.11082077026367,59906900
2012-04-23,65.05999755859375,65.18000030517578,64.48999786376953,65.08000183105469,57.57994079589844,70514400
2012-04-24,64.95999908447266,65.2300033569336,64.44999694824219,64.7300033569336,57.270286560058594,49661500
2012-04-25,66.06999969482422,66.48999786376953,65.97000122070312,66.44999694824219,58.792083740234375,57526900
2012-04-26,66.44000244140625,66.98999786376953,66.3499984741211,66.83999633789062,59.137142181396484,41799500
2012-04-27,67.12000274658203,67.44999694824219,66.7699966430664,67.23999786376953,59.49103927612305,46003800
2012-04-30,67.04000091552734,67.16999816894531,66.70999908447266,66.76000213623047,59.06635665893555,37787700
2012-05-01,66.69000244140625,67.62999725341797,66.58999633789062,66.87000274658203,59.163673400878906,37643800
2012-05-02,66.54000091552734,67.11000061035156,66.37999725341797,67.05999755859375,59.331764221191406,38299300
2012-05-03,67.0999984741211,67.1500015258789,66.18000030517578,66.3499984741211,58.70359420776367,51297600
2012-05-04,65.73999786376953,66.3499984741211,64.69000244140625,64.69999694824219,57.24374771118164,107554000
2012-05-07,64.30999755859375,65.06999969482422,64.29000091552734,64.76000213623047,57.296836853027344,50267800
2012-05-08,64.3499984741211,64.73999786376953,63.47999954223633,64.5199966430664,57.08448791503906,72659700
2012-05-09,63.77000045776367,64.68000030517578,63.5099983215332,64.31999969482422,56.90755081176758,85715300
2012-05-10,64.61000061035156,64.62999725341797,63.95000076293945,64.19000244140625,56.79253387451172,49448900
2012-05-11,63.970001220703125,64.86000061035156,63.90999984741211,64.18000030517578,56.78366470336914,47099900
2012-05-14,63.630001068115234,64.08000183105469,63.47999954223633,63.58000183105469,56.25282287597656,46360000
2012-05-15,63.75,64.2699966430664,63.2599983215332,63.369998931884766,56.0670166015625,66908600
2012-05-16,63.59000015258789,63.779998779296875,62.810001373291016,62.939998626708984,55.68657302856445,52825900
2012-05-17,62.959999084472656,63.060001373291016,61.599998474121094,61.61000061035156,54.509849548339844,62253900
2012-05-18,61.79999923706055,61.959999084472656,60.7599983215332,60.810001373291016,53.802066802978516,79496500
2012-05-21,60.93000030517578,62.56999969482422,60.849998474121094,62.5099983215332,55.306129455566406,61473000
2012-05-22,62.689998626708984,62.95000076293945,61.9900016784668,62.439998626708984,55.244205474853516,62954800
2012-05-23,61.90999984741211,62.709999084472656,61.369998931884766,62.560001373291016,55.35036849975586,56951100
2012-05-24,62.650001525878906,62.709999084472656,61.689998626708984,62.150001525878906,54.98762512207031,83131200
2012-05-25,62.209999084472656,62.31999969482422,61.88999938964844,62.06999969482422,54.91682434082031,32078900
2012-05-29,62.650001525878906,63.150001525878906,62.279998779296875,62.86000061035156,55.61579513549805,44216700
2012-05-30,62.290000915527344,62.54999923706055,61.68000030517578,62.33000183105469,55.146888732910156,56431800
2012-05-31,62.25,62.40999984741211,61.59000015258789,62.060001373291016,54.907981872558594,55260100
2012-06-01,60.939998626708984,61.31999969482422,60.38999938964844,60.40999984741211,53.4481201171875,71430800
2012-06-04,60.58000183105469,60.959999084472656,60.040000915527344,60.869998931884766,53.85512924194336,74119500
2012-06-05,60.65999984741211,61.2400016784668,60.630001068115234,61.119998931884766,54.076324462890625,47916900
2012-06-06,61.58000183105469,62.56999969482422,61.52000045776367,62.52000045776367,55.31497573852539,58781800
2012-06-07,63.18000030517578,63.18000030517578,62.220001220703125,62.27000045776367,55.093788146972656,38414800
2012-06-08,62.16999816894531,62.95000076293945,61.959999084472656,62.869998931884766,55.62464141845703,39730800
2012-06-11,63.349998474121094,63.380001068115234,61.77000045776367,61.810001373291016,54.686798095703125,51008900
2012-06-12,62.099998474121094,62.59000015258789,61.68000030517578,62.560001373291016,55.35036849975586,48802600
2012-06-13,62.380001068115234,62.849998474121094,61.91999816894531,62.130001068115234,54.969932556152344,50840100
2012-06-14,62.119998931884766,62.61000061035156,61.79999923706055,62.36000061035156,55.17340850830078,65170600
2012-06-15,62.38999938964844,63.08000183105469,62.36000061035156,62.9900016784668,55.8588981628418,41536100
2012-06-18,62.72999954223633,63.7400016784668,62.630001068115234,63.58000183105469,56.38211441040039,32191200
2012-06-19,63.900001525878906,64.51000213623047,63.849998474121094,64.23999786376953,56.96739959716797,36476500
2012-06-20,64.37999725341797,64.56999969482422,63.810001373291016,64.29000091552734,57.01173400878906,51389700
2012-06-21,64.23999786376953,64.30999755859375,62.619998931884766,62.689998626708984,55.592864990234375,42492700
2012-06-22,62.900001525878906,63.43000030517578,62.72999954223633,63.349998474121094,56.17813491821289,29504200
2012-06-25,62.83000183105469,62.849998474121094,61.95000076293945,62.130001068115234,55.09626007080078,33136400
2012-06-26,62.34000015258789,62.70000076293945,62.060001373291016,62.52000045776367,55.44212341308594,30611100
2012-06-27,62.7599983215332,63.18000030517578,62.689998626708984,62.900001525878906,55.779090881347656,35705800
2012-06-28,62.43000030517578,62.470001220703125,61.540000915527344,62.20000076293945,55.15834045410156,49793400
2012-06-29,63.400001525878906,64.16000366210938,63.209999084472656,64.16000366210938,56.89645767211914,44761300
2012-07-02,64.25,64.37999725341797,63.869998931884766,64.3499984741211,57.064937591552734,33425600
2012-07-03,64.38999938964844,64.88999938964844,64.29000091552734,64.88999938964844,57.54380416870117,15895100
2012-07-05,64.83000183105469,65.25,64.4800033569336,64.93000030517578,57.57927703857422,37016200
2012-07-06,64.62999725341797,64.69000244140625,63.650001525878906,64.12000274658203,56.8609733581543,40684100
2012-07-09,64.05000305175781,64.26000213623047,63.68000030517578,64.0,56.754547119140625,35628300
2012-07-10,64.3499984741211,64.51000213623047,63.119998931884766,63.369998931884766,56.19588088989258,47365700
2012-07-11,63.290000915527344,63.459999084472656,62.5,63.02000045776367,55.88551712036133,43432000
2012-07-12,62.52000045776367,62.689998626708984,61.86000061035156,62.43000030517578,55.36229705810547,57680400
2012-07-13,62.599998474121094,63.52000045776367,62.560001373291016,63.380001068115234,56.20474624633789,32357200
2012-07-16,63.2400016784668,63.52000045776367,62.95000076293945,63.20000076293945,56.04513931274414,27621400
2012-07-17,63.599998474121094,63.7400016784668,62.630001068115234,63.529998779296875,56.33778381347656,42467800
2012-07-18,63.40999984741211,64.58000183105469,63.38999938964844,64.38999938964844,57.10039520263672,44489700
2012-07-19,64.83999633789062,65.30999755859375,64.72000122070312,65.0999984741211,57.73002624511719,53017800
2012-07-20,65.08000183105469,65.0999984741211,64.20999908447266,64.23999786376953,56.96739959716797,40573100
2012-07-23,62.9900016784668,63.68000030517578,62.5099983215332,63.459999084472656,56.27569580078125,48657800
2012-07-24,63.56999969482422,63.65999984741211,62.54999923706055,62.959999084472656,55.83229064941406,57269700
2012-07-25,62.470001220703125,62.95000076293945,62.150001525878906,62.540000915527344,55.4598388671875,46264400
2012-07-26,63.439998626708984,63.72999954223633,62.970001220703125,63.369998931884766,56.19588088989258,41928200
2012-07-27,63.83000183105469,64.98999786376953,63.63999938964844,64.87000274658203,57.526065826416016,42621000
2012-07-30,65.02999877929688,65.30999755859375,64.5999984741211,64.81999969482422,57.481712341308594,37821300
2012-07-31,64.91999816894531,65.18000030517578,64.73999786376953,64.80000305175781,57.46400451660156,34588300
2012-08-01,65.26000213623047,65.27999877929688,64.3499984741211,64.61000061035156,57.29550552368164,30920200
2012-08-02,64.12000274658203,65.0199966430664,63.90999984741211,64.37999725341797,57.09152603149414,40534900
2012-08-03,65.41999816894531,65.87999725341797,65.19000244140625,65.5999984741211,58.17341995239258,42117400
2012-08-06,65.94000244140625,66.38999938964844,65.80000305175781,66.0999984741211,58.616817474365234,23523600
2012-08-07,66.37999725341797,66.91999816894531,66.27999877929688,66.6500015258789,59.10456085205078,28223300
2012-08-08,66.4800033569336,66.76000213623047,66.37000274658203,66.62000274658203,59.07795333862305,20723500
2012-08-09,66.61000061035156,66.91000366210938,66.48999786376953,66.81999969482422,59.25529861450195,20726200
2012-08-10,66.58000183105469,66.87999725341797,66.41000366210938,66.86000061035156,59.290775299072266,20312000
2012-08-13,66.83999633789062,67.02999877929688,66.5,67.0199966430664,59.43266677856445,19890300
2012-08-14,67.2699966430664,67.41000366210938,66.86000061035156,67.05000305175781,59.459285736083984,24218700
2012-08-15,67.0,67.31999969482422,66.98999786376953,67.22000122070312,59.610023498535156,29100400
2012-08-16,67.47000122070312,68.16999816894531,67.38999938964844,68.0199966430664,60.31943893432617,35699900
2012-08-17,68.16999816894531,68.33000183105469,68.01000213623047,68.31999969482422,60.58549118041992,22584800
2012-08-20,68.2699966430664,68.43000030517578,68.0,68.41999816894531,60.67416763305664,26924000
2012-08-21,68.5999984741211,68.87999725341797,67.87999725341797,68.1500015258789,60.43471908569336,41391000
2012-08-22,68.0,68.55999755859375,67.80999755859375,68.43000030517578,60.68305587768555,44555700
2012-08-23,68.12000274658203,68.33999633789062,67.69000244140625,67.87000274658203,60.18644332885742,28800400
2012-08-24,67.70999908447266,68.44999694824219,67.5999984741211,68.29000091552734,60.55889892578125,38384800
2012-08-27,68.58000183105469,68.66999816894531,68.25,68.4000015258789,60.65644454956055,20671400
2012-08-28,68.33999633789062,68.58999633789062,68.11000061035156,68.4000015258789,60.65644454956055,27337900
2012-08-29,68.4000015258789,68.56999969482422,68.11000061035156,68.4000015258789,60.65644454956055,26672400
2012-08-30,68.0999984741211,68.12999725341797,67.5999984741211,67.70999908447266,60.044525146484375,24425400
2012-08-31,68.19999694824219,68.44999694824219,67.47000122070312,68.16000366210938,60.44358444213867,42128000
2012-09-04,68.02999877929688,68.3499984741211,67.41999816894531,68.08999633789062,60.38151931762695,32017200
2012-09-05,68.05999755859375,68.3499984741211,67.83999633789062,68.0199966430664,60.31943893432617,26129300
2012-09-06,68.44000244140625,69.55000305175781,68.41999816894531,69.52999877929688,61.658485412597656,43100000
2012-09-07,69.37000274658203,69.55000305175781,69.2300033569336,69.43000030517578,61.56982421875,32958600
2012-09-10,69.25,69.4000015258789,68.48999786376953,68.54000091552734,60.780609130859375,25490000
2012-09-11,68.55000305175781,68.81999969482422,68.31999969482422,68.43000030517578,60.68305587768555,29810100
2012-09-12,68.68000030517578,68.80999755859375,68.20999908447266,68.62999725341797,60.860389709472656,42203400
2012-09-13,68.69000244140625,69.86000061035156,68.62000274658203,69.55999755859375,61.68511199951172,45417800
2012-09-14,69.80999755859375,70.43000030517578,69.79000091552734,70.18000030517578,62.234928131103516,38880300
2012-09-17,70.22000122070312,70.23999786376953,69.95999908447266,70.20999908447266,62.26155090332031,31798400
2012-09-18,70.02999877929688,70.30000305175781,70.0199966430664,70.2699966430664,62.314735412597656,27169800
2012-09-19,70.26000213623047,70.58000183105469,70.05999755859375,70.4000015258789,62.43001937866211,36484600
2012-09-20,70.05999755859375,70.4000015258789,69.87000274658203,70.33000183105469,62.36795425415039,42520200
2012-09-21,70.4800033569336,70.54000091552734,70.08000183105469,70.1500015258789,62.385704040527344,23678500
2012-09-24,69.56999969482422,69.86000061035156,69.41999816894531,69.73999786376953,62.021114349365234,32341600
2012-09-25,69.91999816894531,70.08000183105469,68.7300033569336,68.76000213623047,61.149574279785156,41299600
2012-09-26,68.66999816894531,68.70999908447266,67.8499984741211,68.19999694824219,60.65155792236328,32770400
2012-09-27,68.37000274658203,69.30000305175781,68.25,69.13999938964844,61.487545013427734,25339500
2012-09-28,68.91000366210938,69.12000274658203,68.51000213623047,68.56999969482422,60.9806022644043,30112600
2012-10-01,68.9000015258789,69.33000183105469,68.25,68.47000122070312,60.891666412353516,37715300
2012-10-02,68.7699966430664,68.9800033569336,68.12999725341797,68.66999816894531,61.069522857666016,33254300
2012-10-03,68.86000061035156,69.23999786376953,68.58999633789062,69.11000061035156,61.46080780029297,38236000
2012-10-04,69.22000122070312,69.54000091552734,69.0,69.3499984741211,61.674259185791016,26128600
2012-10-05,69.69999694824219,69.80000305175781,68.80000305175781,68.9800033569336,61.3452262878418,25207900
2012-10-08,68.58000183105469,68.72000122070312,68.19000244140625,68.3499984741211,60.78496170043945,30911500
2012-10-09,68.16999816894531,68.33999633789062,67.0999984741211,67.26000213623047,59.815608978271484,67974000
2012-10-10,67.23999786376953,67.43000030517578,66.80000305175781,66.91999816894531,59.51323318481445,45134300
2012-10-11,67.41999816894531,67.47000122070312,66.66999816894531,66.70999908447266,59.326473236083984,30469400
2012-10-12,66.69999694824219,67.05999755859375,66.55000305175781,66.68000030517578,59.2997932434082,24891200
2012-10-15,66.93000030517578,67.26000213623047,66.52999877929688,67.16999816894531,59.73556137084961,22220100
2012-10-16,67.2699966430664,68.19999694824219,67.25,68.12000274658203,60.5804328918457,33960600
2012-10-17,67.7699966430664,68.30000305175781,67.68000030517578,68.08000183105469,60.54483413696289,33439400
2012-10-18,67.86000061035156,68.08000183105469,67.04000091552734,67.29000091552734,59.842288970947266,61707600
2012-10-19,67.20999908447266,67.2699966430664,65.5999984741211,65.68000030517578,58.410484313964844,75362600
2012-10-22,65.6500015258789,66.19000244140625,65.5,66.0199966430664,58.71283721923828,38621500
2012-10-23,65.4800033569336,65.94999694824219,65.19000244140625,65.38999938964844,58.152565002441406,52591200
2012-10-24,65.76000213623047,65.87000274658203,65.05999755859375,65.16000366210938,57.94803237915039,39872400
2012-10-25,65.61000061035156,65.72000122070312,64.97000122070312,65.16000366210938,57.94803237915039,52688700
2012-10-26,65.16000366210938,65.62000274658203,64.6500015258789,65.3499984741211,58.11699295043945,54213100
2012-10-31,65.2699966430664,65.38999938964844,64.7300033569336,64.94999694824219,57.761268615722656,38524500
2012-11-01,65.36000061035156,66.0,65.16999816894531,65.87000274658203,58.579437255859375,26945000
2012-11-02,66.16999816894531,66.20999908447266,65.11000061035156,65.16999816894531,57.956932067871094,44083000
2012-11-05,65.18000030517578,65.7300033569336,65.04000091552734,65.5999984741211,58.33932113647461,28094700
2012-11-06,65.70999908447266,66.16999816894531,65.45999908447266,65.72000122070312,58.446048736572266,29608400
2012-11-07,65.0199966430664,65.0999984741211,63.900001525878906,64.16999816894531,57.06760787963867,70737800
2012-11-08,64.3499984741211,64.5,63.15999984741211,63.15999984741211,56.16939163208008,58585800
2012-11-09,63.20000076293945,64.11000061035156,63.15999984741211,63.43000030517578,56.40950393676758,51542100
2012-11-12,63.79999923706055,63.869998931884766,63.25,63.41999816894531,56.40060806274414,32663700
2012-11-13,62.93000030517578,63.58000183105469,62.779998779296875,62.97999954223633,56.009307861328125,43288300
2012-11-14,63.290000915527344,63.36000061035156,62.13999938964844,62.2400016784668,55.351219177246094,82655300
2012-11-15,62.279998779296875,62.4900016784668,61.79999923706055,62.029998779296875,55.16445541381836,55124200
2012-11-16,62.08000183105469,62.47999954223633,61.310001373291016,62.29999923706055,55.40458297729492,70873100
2012-11-19,62.97999954223633,63.83000183105469,62.959999084472656,63.779998779296875,56.72077560424805,55306400
2012-11-20,63.7599983215332,63.88999938964844,63.189998626708984,63.79999923706055,56.73855972290039,52012700
2012-11-21,63.869998931884766,64.0199966430664,63.599998474121094,63.93000030517578,56.854164123535156,19611700
2012-11-23,64.29000091552734,64.91999816894531,64.25,64.9000015258789,57.7168083190918,16462900
2012-11-26,64.73999786376953,65.22000122070312,64.54000091552734,65.18000030517578,57.965816497802734,26430900
2012-11-27,65.16999816894531,65.4000015258789,64.8499984741211,64.95999908447266,57.770164489746094,25828600
2012-11-28,64.6500015258789,65.56999969482422,64.25,65.5199966430664,58.268165588378906,37295800
2012-11-29,65.87000274658203,66.13999938964844,65.58000183105469,65.91000366210938,58.615020751953125,41136100
2012-11-30,65.91999816894531,65.97000122070312,65.61000061035156,65.80000305175781,58.51719665527344,33497400
2012-12-03,66.30999755859375,66.37000274658203,65.63999938964844,65.66999816894531,58.40159606933594,28240000
2012-12-04,65.69999694824219,65.7699966430664,65.19999694824219,65.62999725341797,58.36599349975586,49584500
2012-12-05,65.52999877929688,65.54000091552734,64.55000305175781,64.9000015258789,57.7168083190918,54076200
2012-12-06,64.69999694824219,65.4800033569336,64.52999877929688,65.31999969482422,58.090328216552734,47512300
2012-12-07,65.63999938964844,65.70999908447266,64.70999908447266,64.93000030517578,57.74347686767578,30089400
2012-12-10,64.75,65.45999908447266,64.75,65.12000274658203,57.91245651245117,33219600
2012-12-11,65.56999969482422,66.33999633789062,65.5199966430664,65.97000122070312,58.668373107910156,40750800
2012-12-12,66.31999969482422,66.31999969482422,65.6500015258789,65.83000183105469,58.54386520385742,45917700
2012-12-13,65.69999694824219,66.16000366210938,65.02999877929688,65.30999755859375,58.081443786621094,45467700
2012-12-14,64.87000274658203,65.08000183105469,64.47000122070312,64.69000244140625,57.530059814453125,39630300
2012-12-17,64.75,65.56999969482422,64.66000366210938,65.55000305175781,58.29487228393555,42302900
2012-12-18,65.87999725341797,66.6500015258789,65.69999694824219,66.55000305175781,59.1842041015625,55596000
2012-12-19,66.73999786376953,66.76000213623047,66.22000122070312,66.26000213623047,58.92627716064453,34832500
2012-12-20,66.37999725341797,66.41000366210938,65.93000030517578,66.26000213623047,58.92627716064453,40754300
2012-12-21,64.87999725341797,65.27999877929688,64.5999984741211,65.19999694824219,58.3065299987793,51152900
2012-12-24,65.02999877929688,65.13999938964844,64.91999816894531,65.06999969482422,58.190284729003906,11418300
2012-12-26,65.12000274658203,65.18000030517578,64.29000091552734,64.5,57.680545806884766,21751300
2012-12-27,64.55999755859375,64.63999938964844,63.599998474121094,64.4000015258789,57.59112548828125,52933200
2012-12-28,63.90999984741211,64.43000030517578,63.75,63.779998779296875,57.03666687011719,33082100
2012-12-31,63.709999084472656,65.25,63.58000183105469,65.12999725341797,58.24393844604492,57544000
2013-01-02,66.7300033569336,67.2300033569336,66.4800033569336,67.19999694824219,60.0950927734375,70695900
2013-01-03,67.19999694824219,67.33999633789062,66.6500015258789,66.8499984741211,59.78208923339844,47366500
2013-01-04,66.87999725341797,66.87999725341797,66.47000122070312,66.62999725341797,59.58534240722656,33972500
2013-01-07,66.45999908447266,66.76000213623047,66.25,66.6500015258789,59.603240966796875,26766200
2013-01-08,66.63999938964844,66.81999969482422,66.16999816894531,66.5199966430664,59.48699188232422,28734900
2013-01-09,66.62000274658203,66.94999694824219,66.55000305175781,66.7699966430664,59.710548400878906,25600300
2013-01-10,67.2300033569336,67.2699966430664,66.55000305175781,67.16999816894531,60.06827163696289,37528000
2013-01-11,67.13999938964844,67.29000091552734,67.0,67.26000213623047,60.148738861083984,21158600
2013-01-14,66.91999816894531,67.1500015258789,66.66999816894531,66.95999908447266,59.880462646484375,36768500
2013-01-15,66.62999725341797,66.7300033569336,66.33000183105469,66.62999725341797,59.58534240722656,31675300
2013-01-16,66.72000122070312,67.12999725341797,66.5999984741211,66.9000015258789,59.82680892944336,33822300
2013-01-17,67.16999816894531,67.4800033569336,67.05999755859375,67.22000122070312,60.11297607421875,32024200
2013-01-18,67.0199966430664,67.13999938964844,66.7699966430664,67.06999969482422,59.97883605957031,31992000
2013-01-22,67.13999938964844,67.2300033569336,66.7300033569336,67.18000030517578,60.07719039916992,32123100
2013-01-23,67.55999755859375,67.79000091552734,67.45999908447266,67.58999633789062,60.4438591003418,31975700
2013-01-24,66.66000366210938,67.27999877929688,66.55999755859375,66.66000366210938,59.612178802490234,42596300
2013-01-25,66.87000274658203,67.19000244140625,66.73999786376953,67.0,59.91623306274414,39240100
2013-01-28,67.01000213623047,67.37999725341797,66.93000030517578,67.1500015258789,60.05038070678711,32926100
2013-01-29,67.06999969482422,67.30999755859375,66.62999725341797,67.16000366210938,60.059295654296875,35554700
2013-01-30,67.27999877929688,67.4800033569336,66.87000274658203,67.0199966430664,59.93411636352539,34445000
2013-01-31,66.98999786376953,67.3499984741211,66.80999755859375,66.87000274658203,59.79998016357422,34870500
2013-02-01,67.33999633789062,67.77999877929688,67.06999969482422,67.66000366210938,60.506473541259766,53120800
2013-02-04,67.2699966430664,67.45999908447266,66.45999908447266,66.4800033569336,59.45121383666992,48483700
2013-02-05,66.7699966430664,67.66999816894531,66.61000061035156,67.45999908447266,60.32759475708008,35120300
2013-02-06,67.23999786376953,67.55000305175781,67.04000091552734,67.23999786376953,60.13084411621094,43593200
2013-02-07,67.31999969482422,67.37000274658203,66.55999755859375,67.30000305175781,60.18450927734375,46017900
2013-02-08,67.63999938964844,68.12999725341797,67.62999725341797,67.98999786376953,60.80156326293945,39837200
2013-02-11,68.02999877929688,68.05999755859375,67.77999877929688,68.01000213623047,60.8194580078125,17650400
2013-02-12,67.91999816894531,68.05000305175781,67.66000366210938,67.7300033569336,60.56906509399414,22057900
2013-02-13,67.93000030517578,68.2300033569336,67.7699966430664,67.97000122070312,60.7836799621582,23494700
2013-02-14,67.66000366210938,68.05000305175781,67.62000274658203,67.94999694824219,60.765811920166016,24478800
2013-02-15,67.94000244140625,68.11000061035156,67.55999755859375,67.75,60.58694076538086,25333600
2013-02-19,67.87999725341797,68.26000213623047,67.86000061035156,68.23999786376953,61.025146484375,23436500
2013-02-20,68.22000122070312,68.25,67.18000030517578,67.19000244140625,60.086151123046875,38200300
2013-02-21,66.94000244140625,67.01000213623047,66.2300033569336,66.47000122070312,59.442256927490234,45855600
2013-02-22,66.8499984741211,67.1500015258789,66.58999633789062,67.13999938964844,60.041439056396484,21968000
2013-02-25,67.56999969482422,67.80999755859375,66.25,66.30999755859375,59.2991943359375,40927600
2013-02-26,66.4000015258789,66.68000030517578,65.95999908447266,66.55999755859375,59.52278518676758,42088800
2013-02-27,66.55999755859375,67.6500015258789,66.47000122070312,67.23999786376953,60.13084411621094,36339500
2013-02-28,67.25,67.73999786376953,67.08999633789062,67.0999984741211,60.005672454833984,28557300
2013-03-01,66.87000274658203,67.5,66.54000091552734,67.37999725341797,60.25606155395508,31617200
2013-03-04,67.16000366210938,67.69000244140625,67.06999969482422,67.68000030517578,60.52435302734375,19380500
2013-03-05,68.08000183105469,68.7699966430664,68.08000183105469,68.68000030517578,61.41859436035156,35581900
2013-03-06,68.88999938964844,68.91000366210938,68.41999816894531,68.51000213623047,61.266578674316406,29071100
2013-03-07,68.58999633789062,68.80000305175781,68.44999694824219,68.69000244140625,61.42754364013672,21775900
2013-03-08,68.91999816894531,69.0199966430664,68.5,68.7699966430664,61.499088287353516,26159900
2013-03-11,68.68000030517578,68.98999786376953,68.47000122070312,68.97000122070312,61.6779670715332,23187900
2013-03-12,68.7699966430664,68.93000030517578,68.38999938964844,68.72000122070312,61.45438003540039,27575400
2013-03-13,68.80999755859375,68.88999938964844,68.38999938964844,68.62999725341797,61.373897552490234,34297300
2013-03-14,68.87000274658203,69.01000213623047,68.70999908447266,68.86000061035156,61.579593658447266,31530800
2013-03-15,68.75,68.79000091552734,68.33999633789062,68.51000213623047,61.40837097167969,30752600
2013-03-18,67.87999725341797,68.63999938964844,67.7300033569336,68.36000061035156,61.27391052246094,36163000
2013-03-19,68.56999969482422,68.69999694824219,67.62000274658203,68.2300033569336,61.15741729736328,33125100
2013-03-20,68.70999908447266,68.86000061035156,68.38999938964844,68.70999908447266,61.5876350402832,28035400
2013-03-21,68.08000183105469,68.25,67.7699966430664,67.93000030517578,60.88850021362305,30050800
2013-03-22,68.20999908447266,68.63999938964844,68.12999725341797,68.58999633789062,61.48005294799805,28837200
2013-03-25,68.80999755859375,68.95999908447266,68.01000213623047,68.33999633789062,61.255985260009766,24909800
2013-03-26,68.5999984741211,68.7300033569336,68.44999694824219,68.70999908447266,61.5876350402832,19725200
2013-03-27,68.23999786376953,68.8499984741211,68.13999938964844,68.80000305175781,61.6683349609375,22539500
2013-03-28,68.80000305175781,69.05999755859375,68.63999938964844,68.97000122070312,61.82072067260742,23662800
2013-04-01,69.0199966430664,69.08999633789062,68.30999755859375,68.5,61.3994026184082,28112800
2013-04-02,68.83000183105469,69.2699966430664,68.7699966430664,69.04000091552734,61.8834342956543,29431900
2013-04-03,69.08000183105469,69.18000030517578,68.23999786376953,68.41000366210938,61.31874084472656,35131200
2013-04-04,68.37999725341797,68.5999984741211,68.05999755859375,68.43000030517578,61.3366813659668,32287400
2013-04-05,67.3499984741211,67.95999908447266,67.19000244140625,67.86000061035156,60.825740814208984,55610800
2013-04-08,67.88999938964844,68.23999786376953,67.69000244140625,68.22000122070312,61.14845275878906,17891600
2013-04-09,68.4000015258789,68.95999908447266,68.08999633789062,68.68000030517578,61.56074523925781,30931400
2013-04-10,68.91999816894531,70.16999816894531,68.87999725341797,70.0199966430664,62.761863708496094,55271300
2013-04-11,69.8499984741211,70.1500015258789,69.7699966430664,69.98999786376953,62.734989166259766,37233600
2013-04-12,69.81999969482422,69.98999786376953,69.41000366210938,69.94000244140625,62.69015884399414,32783700
2013-04-15,69.68000030517578,69.79000091552734,68.4800033569336,68.55999755859375,61.45319747924805,48795800
2013-04-16,68.94999694824219,69.55000305175781,68.80999755859375,69.47000122070312,62.26887130737305,27682600
2013-04-17,68.87000274658203,68.88999938964844,67.70999908447266,68.11000061035156,61.04987335205078,60204800
2013-04-18,68.29000091552734,68.33000183105469,66.87999725341797,67.16999816894531,60.20729064941406,56798200
2013-04-19,67.30000305175781,68.2300033569336,67.19999694824219,68.08999633789062,61.03190612792969,43062800
2013-04-22,68.33000183105469,69.04000091552734,68.08000183105469,68.79000091552734,61.65935516357422,34412100
2013-04-23,69.18000030517578,69.69999694824219,68.81999969482422,69.44999694824219,62.25092697143555,53078300
2013-04-24,69.27999877929688,69.66999816894531,69.12000274658203,69.41999816894531,62.22405242919922,44500700
2013-04-25,69.5999984741211,70.05000305175781,69.58999633789062,69.79000091552734,62.55567932128906,26437100
2013-04-26,69.62000274658203,69.7699966430664,69.2699966430664,69.56999969482422,62.35850143432617,24079800
2013-04-29,69.79000091552734,70.4800033569336,69.76000213623047,70.20999908447266,62.93214416503906,31664000
2013-04-30,70.30000305175781,70.7300033569336,70.04000091552734,70.72000122070312,63.38928985595703,30135800
2013-05-01,70.73999786376953,70.8499984741211,70.25,70.38999938964844,63.093502044677734,28537200
2013-05-02,70.51000213623047,71.43000030517578,70.44999694824219,71.27999877929688,63.891265869140625,31744200
2013-05-03,71.97000122070312,72.33999633789062,71.91000366210938,72.12000274658203,64.6441650390625,34061700
2013-05-06,72.25,72.51000213623047,72.19000244140625,72.4000015258789,64.89517211914062,19244300
2013-05-07,72.5199966430664,72.56999969482422,72.08999633789062,72.36000061035156,64.85930633544922,25838100
2013-05-08,72.31999969482422,72.7699966430664,72.19999694824219,72.70999908447266,65.17298889160156,24252100
2013-05-09,72.56999969482422,73.0999984741211,72.47000122070312,72.61000061035156,65.0833740234375,29337200
2013-05-10,72.76000213623047,73.08000183105469,72.62999725341797,73.05000305175781,65.47779083251953,20663700
2013-05-13,72.93000030517578,73.31999969482422,72.86000061035156,73.13999938964844,65.55847930908203,29730100
2013-05-14,73.16000366210938,73.73999786376953,73.12999725341797,73.5199966430664,65.8990249633789,36009800
2013-05-15,73.37999725341797,73.73999786376953,73.19999694824219,73.66999816894531,66.03350067138672,27214400
2013-05-16,73.7300033569336,74.0999984741211,73.55000305175781,73.58999633789062,65.96180725097656,27253400
2013-05-17,73.97000122070312,74.33000183105469,73.7300033569336,74.30000305175781,66.59820556640625,31114500
2013-05-20,74.16000366210938,74.43000030517578,73.88999938964844,74.19000244140625,66.49960327148438,25132400
2013-05-21,74.1500015258789,74.54000091552734,73.88999938964844,74.2699966430664,66.57130432128906,25900000
2013-05-22,74.36000061035156,74.94999694824219,73.23999786376953,73.62000274658203,65.98868560791016,59843200
2013-05-23,72.97000122070312,73.69999694824219,72.83000183105469,73.44999694824219,65.8363037109375,48222100
2013-05-24,72.95999908447266,73.43000030517578,72.76000213623047,73.41000366210938,65.80046081542969,26430300
2013-05-28,74.2699966430664,74.54000091552734,73.66000366210938,73.88999938964844,66.23066711425781,27057100
2013-05-29,73.5999984741211,73.80000305175781,73.12000274658203,73.54000091552734,65.9169921875,32090300
2013-05-30,73.56999969482422,74.27999877929688,73.55000305175781,73.93000030517578,66.26653289794922,32390500
2013-05-31,73.6500015258789,74.20999908447266,73.16999816894531,73.25,65.65704345703125,38347600
2013-06-03,73.26000213623047,73.4000015258789,72.43000030517578,73.37999725341797,65.7735824584961,47613100
2013-06-04,73.52999877929688,73.81999969482422,72.69999694824219,73.0,65.43295288085938,35251900
2013-06-05,72.76000213623047,73.04000091552734,71.98999786376953,72.05000305175781,64.5814437866211,48654200
2013-06-06,72.1500015258789,72.41000366210938,71.47000122070312,72.4000015258789,64.89517211914062,62524100
2013-06-07,72.69999694824219,73.47000122070312,72.5199966430664,73.38999938964844,65.78255462646484,31969800
2013-06-10,73.52999877929688,73.76000213623047,73.26000213623047,73.41999816894531,65.80940246582031,25390000
2013-06-11,72.69000244140625,73.33999633789062,72.44000244140625,72.69000244140625,65.15509033203125,40278900
2013-06-12,73.11000061035156,73.13999938964844,71.73999786376953,71.8499984741211,64.40213012695312,42081900
2013-06-13,71.75,72.91999816894531,71.55000305175781,72.76000213623047,65.21785736083984,28221500
2013-06-14,72.76000213623047,72.83999633789062,72.16999816894531,72.27999877929688,64.78756713867188,27690700
2013-06-17,72.8499984741211,73.4000015258789,72.5999984741211,72.9800033569336,65.41502380371094,32441900
2013-06-18,73.08000183105469,73.72000122070312,73.05999755859375,73.58000183105469,65.95281982421875,24853100
2013-06-19,73.5999984741211,73.68000030517578,72.68000030517578,72.76000213623047,65.21785736083984,43145100
2013-06-20,71.91999816894531,72.16000366210938,70.79000091552734,71.02999877929688,63.667152404785156,60908400
2013-06-21,70.77999877929688,70.97000122070312,69.83999633789062,70.43000030517578,63.32904052734375,51558900
2013-06-24,69.8499984741211,70.2699966430664,69.1500015258789,69.7300033569336,62.69964599609375,41492300
2013-06-25,70.4000015258789,70.5199966430664,69.80999755859375,70.23999786376953,63.15822219848633,28897400
2013-06-26,70.83999633789062,71.0,70.58999633789062,70.87000274658203,63.724700927734375,23742300
2013-06-27,71.23999786376953,71.62000274658203,71.12999725341797,71.16999816894531,63.994468688964844,23545000
2013-06-28,70.94999694824219,71.69000244140625,70.79000091552734,71.2699966430664,64.08438110351562,28301100
2013-07-01,71.75,72.30000305175781,71.63999938964844,71.70999908447266,64.48001098632812,24942800
2013-07-02,71.68000030517578,72.18000030517578,71.3499984741211,71.73999786376953,64.50698852539062,23067900
2013-07-03,71.4800033569336,72.37000274658203,71.41999816894531,72.02999877929688,64.76776123046875,18847500
2013-07-05,72.44000244140625,72.61000061035156,71.86000061035156,72.58000183105469,65.26229095458984,28795900
2013-07-08,72.95999908447266,72.98999786376953,72.37999725341797,72.6500015258789,65.32523345947266,20558500
2013-07-09,72.98999786376953,73.25,72.6500015258789,73.08999633789062,65.72088623046875,26108600
2013-07-10,73.0199966430664,73.62000274658203,72.9800033569336,73.51000213623047,66.0985336303711,25598900
2013-07-11,74.30000305175781,75.02999877929688,74.25,74.97000122070312,67.41133880615234,47768900
2013-07-12,75.0199966430664,75.3499984741211,74.81999969482422,75.30000305175781,67.70806884765625,31412600
2013-07-15,75.37999725341797,75.5199966430664,75.16999816894531,75.47000122070312,67.86093139648438,19783600
2013-07-16,75.52999877929688,75.58999633789062,75.18000030517578,75.37000274658203,67.77099609375,31747100
2013-07-17,75.5999984741211,75.73999786376953,75.3499984741211,75.55999755859375,67.94184112548828,24631500
2013-07-18,75.55000305175781,75.73999786376953,75.25,75.37000274658203,67.77099609375,36278800
2013-07-19,74.72000122070312,74.73999786376953,74.37000274658203,74.58999633789062,67.06964874267578,37732400
2013-07-22,74.87000274658203,74.9800033569336,74.58000183105469,74.80999755859375,67.26746368408203,21135900
2013-07-23,74.94999694824219,74.95999908447266,74.19999694824219,74.26000213623047,66.77290344238281,24739500
2013-07-24,74.98999786376953,75.0199966430664,74.33000183105469,74.5,66.98873138427734,24426900
2013-07-25,74.8499984741211,75.05999755859375,74.45999908447266,74.97000122070312,67.41133880615234,23162200
2013-07-26,74.66999816894531,75.37999725341797,74.55000305175781,75.37000274658203,67.77099609375,20885600
2013-07-29,75.22000122070312,75.54000091552734,75.02999877929688,75.2300033569336,67.6451187133789,20958400
2013-07-30,75.5,75.94999694824219,75.3499984741211,75.62999725341797,68.00479888916016,24104600
2013-07-31,75.77999877929688,76.20999908447266,75.62999725341797,75.7699966430664,68.13066101074219,25007600
2013-08-01,76.29000091552734,76.6500015258789,76.20999908447266,76.54000091552734,68.82307434082031,16880000
2013-08-02,76.55000305175781,76.98999786376953,76.37999725341797,76.97000122070312,69.20970916748047,18105300
2013-08-05,76.93000030517578,77.08000183105469,76.77999877929688,77.0199966430664,69.25464630126953,15462800
2013-08-06,76.91999816894531,76.98999786376953,76.25,76.55999755859375,68.84103393554688,23675400
2013-08-07,76.33999633789062,76.56999969482422,75.87000274658203,76.41999816894531,68.71514129638672,20281200
2013-08-08,76.83999633789062,76.9800033569336,76.30000305175781,76.80000305175781,69.05680847167969,19994000
2013-08-09,76.66999816894531,76.94000244140625,76.2699966430664,76.48999786376953,68.7780990600586,18558500
2013-08-12,76.19999694824219,76.80999755859375,76.19000244140625,76.66999816894531,68.93994140625,20515900
2013-08-13,76.7699966430664,77.2699966430664,76.22000122070312,77.0999984741211,69.3265609741211,23917000
2013-08-14,77.06999969482422,77.18000030517578,76.69999694824219,76.80999755859375,69.06582641601562,29921000
2013-08-15,75.94999694824219,75.98999786376953,75.29000091552734,75.51000213623047,67.89688110351562,39406600
2013-08-16,75.5199966430664,75.87000274658203,75.3499984741211,75.4800033569336,67.86992645263672,23825000
2013-08-19,75.48999786376953,76.12999725341797,75.33000183105469,75.3499984741211,67.75299835205078,29586900
2013-08-20,75.48999786376953,76.02999877929688,75.43000030517578,75.68000030517578,68.04975891113281,18842800
2013-08-21,75.44000244140625,76.08999633789062,75.13999938964844,75.41999816894531,67.81597137451172,30705100
2013-08-22,75.75,76.20999908447266,75.70999908447266,76.16000366210938,68.48136138916016,17269500
2013-08-23,76.69999694824219,76.7699966430664,76.4000015258789,76.66999816894531,68.93994140625,20697300
2013-08-26,76.7300033569336,77.27999877929688,76.55000305175781,76.70999908447266,68.9759292602539,27525500
2013-08-27,75.80000305175781,76.18000030517578,74.95999908447266,75.13999938964844,67.5641860961914,40068900
2013-08-28,75.05000305175781,75.75,75.05000305175781,75.43000030517578,67.82494354248047,20490400
2013-08-29,75.41000366210938,76.33999633789062,75.30000305175781,75.95999908447266,68.30152893066406,27287900
2013-08-30,76.04000091552734,76.04000091552734,75.19999694824219,75.47000122070312,67.86093139648438,26228500
2013-09-03,76.08999633789062,76.44000244140625,75.54000091552734,75.9000015258789,68.24760437011719,27241500
2013-09-04,76.16000366210938,76.83999633789062,75.93000030517578,76.70999908447266,68.9759292602539,27142900
2013-09-05,76.76000213623047,77.05999755859375,76.7300033569336,76.83999633789062,69.09280395507812,17809700
2013-09-06,77.0999984741211,77.33999633789062,76.05000305175781,76.93000030517578,69.17374420166016,27715100
2013-09-09,77.26000213623047,77.95999908447266,77.2300033569336,77.83000183105469,69.98299407958984,25161900
2013-09-10,78.27999877929688,78.31999969482422,77.91999816894531,78.20999908447266,70.32470703125,27619400
2013-09-11,77.69000244140625,78.11000061035156,77.58999633789062,78.05999755859375,70.18978881835938,28132900
2013-09-12,78.08000183105469,78.25,77.8499984741211,78.01000213623047,70.14482879638672,18332700
2013-09-13,78.08999633789062,78.13999938964844,77.63999938964844,78.05999755859375,70.18978881835938,16932500
2013-09-16,78.72000122070312,78.72000122070312,77.66999816894531,77.8499984741211,70.0009536743164,25704300
2013-09-17,78.0199966430664,78.47000122070312,77.9800033569336,78.37000274658203,70.46854400634766,27174300
2013-09-18,78.48999786376953,79.47000122070312,78.33000183105469,79.30999755859375,71.31375885009766,31714700
2013-09-19,79.55999755859375,79.69000244140625,79.36000061035156,79.5,71.484619140625,26435700
2013-09-20,79.44999694824219,79.54000091552734,78.94999694824219,78.98999786376953,71.23929595947266,26328900
2013-09-23,79.31999969482422,79.41000366210938,78.45999908447266,78.83000183105469,71.09500122070312,30319400
2013-09-24,79.0,79.25,78.56999969482422,78.83000183105469,71.09500122070312,21871300
2013-09-25,78.88999938964844,79.0,78.4000015258789,78.55999755859375,70.85148620605469,22746400
2013-09-26,78.87999725341797,79.36000061035156,78.8499984741211,79.16999816894531,71.4016342163086,22421700
2013-09-27,78.70999908447266,79.20999908447266,78.58999633789062,79.06999969482422,71.31145477294922,25151600
2013-09-30,78.25,79.08999633789062,78.0,78.87999725341797,71.14009857177734,28031900
2013-10-01,78.88999938964844,79.72000122070312,78.8499984741211,79.68000030517578,71.8615951538086,33129700
2013-10-02,79.13999938964844,79.76000213623047,79.05999755859375,79.6500015258789,71.83454132080078,25503800
2013-10-03,79.55000305175781,79.72000122070312,78.30000305175781,78.72000122070312,70.99577331542969,42998200
2013-10-04,78.72000122070312,79.51000213623047,78.6500015258789,79.4000015258789,71.60906219482422,22852700
2013-10-07,78.69999694824219,79.3499984741211,78.66999816894531,78.73999786376953,71.01380157470703,20227100
2013-10-08,78.73999786376953,78.80999755859375,77.19000244140625,77.22000122070312,69.64297485351562,43660700
2013-10-09,77.4000015258789,77.44000244140625,76.3499984741211,76.9800033569336,69.4265365600586,64526700
2013-10-10,77.80999755859375,78.79000091552734,77.79000091552734,78.61000061035156,70.89656829833984,48062700
2013-10-11,78.41000366210938,79.29000091552734,78.4000015258789,79.2300033569336,71.45574951171875,25214100
2013-10-14,78.73999786376953,79.79000091552734,78.68000030517578,79.79000091552734,71.9607925415039,31471900
2013-10-15,79.7300033569336,80.11000061035156,79.37999725341797,79.4800033569336,71.68123626708984,38684000
2013-10-16,79.8499984741211,80.41999816894531,79.79000091552734,80.37999725341797,72.49288940429688,46735900
2013-10-17,80.0199966430664,80.87000274658203,79.94999694824219,80.83999633789062,72.90776824951172,32193500
2013-10-18,81.58000183105469,82.18000030517578,81.3499984741211,82.1500015258789,74.0892333984375,39628200
2013-10-21,82.33999633789062,82.54000091552734,82.06999969482422,82.33000183105469,74.25155639648438,31176900
2013-10-22,82.6500015258789,82.9000015258789,81.93000030517578,82.44999694824219,74.35981750488281,43944800
2013-10-23,82.05000305175781,82.19999694824219,81.55000305175781,81.94999694824219,73.90885162353516,38021300
2013-10-24,82.0,82.4800033569336,81.87999725341797,82.30999755859375,74.23351287841797,23155100
2013-10-25,83.08000183105469,83.27999877929688,82.5,82.9000015258789,74.76567077636719,35824500
2013-10-28,82.91000366210938,83.05000305175781,82.55000305175781,82.91999816894531,74.78368377685547,28618400
2013-10-29,83.19999694824219,83.26000213623047,82.69999694824219,83.05999755859375,74.90995788574219,36878100
2013-10-30,83.3499984741211,83.48999786376953,82.58000183105469,82.9800033569336,74.83780670166016,33535500
2013-10-31,82.7699966430664,83.30000305175781,82.4800033569336,82.79000091552734,74.66643524169922,31309900
2013-11-01,83.06999969482422,83.16999816894531,82.4000015258789,82.80999755859375,74.68446350097656,30867800
2013-11-04,83.05999755859375,83.06999969482422,82.63999938964844,82.93000030517578,74.79271697998047,16834000
2013-11-05,82.61000061035156,83.22000122070312,82.37000274658203,83.0199966430664,74.87387084960938,27975600
2013-11-06,83.37000274658203,83.4000015258789,82.7300033569336,83.0,74.8558349609375,25576800
2013-11-07,83.01000213623047,83.12999725341797,81.37000274658203,81.44000244140625,73.44889831542969,52173200
2013-11-08,81.73999786376953,82.55999755859375,81.51000213623047,82.54000091552734,74.44099426269531,31470500
2013-11-11,82.41999816894531,82.63999938964844,82.13999938964844,82.41000366210938,74.32371520996094,24822900
2013-11-12,82.16000366210938,82.66000366210938,82.12000274658203,82.54000091552734,74.44099426269531,20108500
2013-11-13,82.0,83.55000305175781,82.0,83.54000091552734,75.34284973144531,31345900
2013-11-14,83.31999969482422,83.86000061035156,83.13999938964844,83.80000305175781,75.57733917236328,31101200
2013-11-15,83.81999969482422,83.95999908447266,83.61000061035156,83.95999908447266,75.72162628173828,20511300
2013-11-18,83.94000244140625,84.11000061035156,82.9800033569336,83.13999938964844,74.9820785522461,31679600
2013-11-19,83.08999633789062,83.48999786376953,82.76000213623047,82.9000015258789,74.76567077636719,25545300
2013-11-20,83.12000274658203,83.43000030517578,82.45999908447266,82.69999694824219,74.58524322509766,32177400
2013-11-21,83.05000305175781,83.61000061035156,82.9800033569336,83.54000091552734,75.34284973144531,28125000
2013-11-22,83.68000030517578,84.0199966430664,83.62000274658203,83.98999786376953,75.74868774414062,25361300
2013-11-25,84.29000091552734,84.37999725341797,83.9800033569336,84.19000244140625,75.9290542602539,21695100
2013-11-26,84.20999908447266,84.83999633789062,84.02999877929688,84.62999725341797,76.32587432861328,26621000
2013-11-27,84.80000305175781,85.23999786376953,84.7300033569336,85.22000122070312,76.85798645019531,21638100
2013-11-29,85.55999755859375,85.83999633789062,85.47000122070312,85.7300033569336,77.3179702758789,16708900
2013-12-02,85.83000183105469,85.95999908447266,85.3499984741211,85.4800033569336,77.09248352050781,26354600
2013-12-03,85.41999816894531,85.63999938964844,85.08000183105469,85.41000366210938,77.02935791015625,37147000
2013-12-04,85.05000305175781,85.7699966430664,84.77999877929688,85.48999786376953,77.10150909423828,37193200
2013-12-05,85.55999755859375,85.66000366210938,85.16999816894531,85.37999725341797,77.00228118896484,39829300
2013-12-06,86.0999984741211,86.18000030517578,85.58999633789062,86.0,77.56144714355469,36842900
2013-12-09,86.3499984741211,86.52999877929688,86.19999694824219,86.3499984741211,77.8770751953125,22590000
2013-12-10,86.20999908447266,86.44999694824219,86.12000274658203,86.29000091552734,77.82299041748047,26965900
2013-12-11,86.27999877929688,86.4000015258789,85.05999755859375,85.18000030517578,76.82192993164062,36830600
2013-12-12,85.20999908447266,85.41999816894531,84.9000015258789,84.95999908447266,76.6235122680664,33662600
2013-12-13,85.36000061035156,85.4000015258789,84.70999908447266,84.8499984741211,76.52429962158203,34072000
2013-12-16,85.2699966430664,85.80999755859375,85.20999908447266,85.31999969482422,76.94819641113281,24902500
2013-12-17,85.31999969482422,85.52999877929688,84.98999786376953,85.1500015258789,76.79483795166016,24454900
2013-12-18,85.25,86.22000122070312,84.05000305175781,86.13999938964844,77.687744140625,68387200
2013-12-19,86.0,86.01000213623047,85.5199966430664,85.9000015258789,77.47125244140625,44964100
2013-12-20,85.79000091552734,86.68000030517578,85.7300033569336,86.5,78.26020812988281,40475400
2013-12-23,87.20999908447266,87.41000366210938,86.94999694824219,87.41000366210938,79.08352661132812,28181800
2013-12-24,87.43000030517578,87.51000213623047,87.2699966430664,87.44999694824219,79.11968994140625,13852500
2013-12-26,87.61000061035156,87.80999755859375,87.44000244140625,87.73999786376953,79.38208770751953,15241100
2013-12-27,87.8499984741211,87.9000015258789,87.41000366210938,87.5199966430664,79.18303680419922,15827400
2013-12-30,87.38999938964844,87.51000213623047,87.13999938964844,87.38999938964844,79.06542205810547,18983700
2013-12-31,87.55000305175781,87.95999908447266,87.5199966430664,87.95999908447266,79.58111572265625,24890500
2014-01-02,87.55000305175781,87.58000183105469,87.0199966430664,87.2699966430664,78.95686340332031,29177500
2014-01-03,87.2699966430664,87.3499984741211,86.62000274658203,86.63999938964844,78.38689422607422,35723700
2014-01-06,86.66000366210938,86.76000213623047,86.0,86.31999969482422,78.09735107421875,32073100
2014-01-07,86.72000122070312,87.25,86.55999755859375,87.12000274658203,78.8211441040039,25860600
2014-01-08,87.13999938964844,87.55000305175781,86.94999694824219,87.30999755859375,78.99304962158203,27197400
2014-01-09,87.62999725341797,87.63999938964844,86.72000122070312,87.0199966430664,78.73066711425781,23674700
2014-01-10,87.2300033569336,87.4000015258789,86.58000183105469,87.30000305175781,78.98402404785156,38008900
2014-01-13,87.18000030517578,87.4800033569336,85.68000030517578,86.01000213623047,77.8168716430664,48842300
2014-01-14,86.30000305175781,87.72000122070312,86.30000305175781,87.6500015258789,79.3006820678711,37178900
2014-01-15,88.02999877929688,88.54000091552734,87.94000244140625,88.37000274658203,79.95207977294922,39835600
2014-01-16,88.30000305175781,88.51000213623047,88.16000366210938,88.37999725341797,79.96112823486328,31630100
2014-01-17,88.11000061035156,88.37000274658203,87.66999816894531,87.87999725341797,79.50875854492188,36895800
2014-01-21,88.44000244140625,88.58999633789062,87.80999755859375,88.55000305175781,80.11493682861328,26412700
2014-01-22,88.77999877929688,89.0,88.5199966430664,88.77999877929688,80.32303619384766,29376900
2014-01-23,88.51000213623047,88.5199966430664,87.86000061035156,88.4800033569336,80.05158996582031,35011900
2014-01-24,88.05000305175781,88.18000030517578,86.70999908447266,86.73999786376953,78.47734832763672,63974600
2014-01-27,86.73999786376953,86.88999938964844,85.25,85.9000015258789,77.71733856201172,63519300
2014-01-28,85.5,85.94000244140625,85.30999755859375,85.8499984741211,77.67211151123047,44378800
2014-01-29,85.11000061035156,85.73999786376953,84.76000213623047,84.93000030517578,76.83976745605469,51939300
2014-01-30,85.97000122070312,86.80000305175781,85.87999725341797,86.5,78.26020812988281,65833600
2014-01-31,85.54000091552734,86.68000030517578,85.44999694824219,86.2699966430664,78.0521240234375,45187000
2014-02-03,86.11000061035156,86.5,84.06999969482422,84.29000091552734,76.2607192993164,65596900
2014-02-04,84.72000122070312,85.25,84.45999908447266,84.91000366210938,76.82168579101562,37675500
2014-02-05,84.62999725341797,84.98999786376953,83.73999786376953,84.69000244140625,76.62258911132812,41721800
2014-02-06,84.94000244140625,85.87999725341797,84.91999816894531,85.7699966430664,77.59972381591797,32308600
2014-02-07,86.25,87.36000061035156,86.0,87.30000305175781,78.98402404785156,38359400
2014-02-10,87.2699966430664,87.83999633789062,87.20999908447266,87.80000305175781,79.43634033203125,30205400
2014-02-11,87.98999786376953,88.97000122070312,87.88999938964844,88.80000305175781,80.34112548828125,38635500
2014-02-12,88.9800033569336,89.16999816894531,88.69999694824219,88.97000122070312,80.49494171142578,32507200
2014-02-13,88.31999969482422,89.69999694824219,88.30000305175781,89.62999725341797,81.09203338623047,40454500
2014-02-14,89.5999984741211,90.01000213623047,89.33000183105469,89.80999755859375,81.25492858886719,33212400
2014-02-18,89.95999908447266,90.41999816894531,89.73999786376953,90.25,81.65302276611328,29546600
2014-02-19,90.08000183105469,90.29000091552734,89.44999694824219,89.62999725341797,81.09203338623047,41749900
2014-02-20,89.69000244140625,90.22000122070312,89.30999755859375,90.05000305175781,81.4720458984375,41814800
2014-02-21,90.33999633789062,90.47000122070312,89.81999969482422,89.93000030517578,81.36348724365234,31192200
2014-02-24,90.13999938964844,90.81999969482422,90.04000091552734,90.41000366210938,81.79776000976562,31500400
2014-02-25,90.54000091552734,90.72000122070312,90.0199966430664,90.30999755859375,81.70728302001953,26771700
2014-02-26,90.55000305175781,90.83999633789062,89.87000274658203,90.2300033569336,81.63490295410156,42953700
2014-02-27,89.87000274658203,90.52999877929688,89.7300033569336,90.44000244140625,82.1645736694336,28742400
2014-02-28,90.41999816894531,90.95999908447266,89.54000091552734,90.33999633789062,82.07368469238281,48609800
2014-03-03,89.48999786376953,89.91000366210938,88.87000274658203,89.66999816894531,81.46499633789062,38885700
2014-03-04,90.6500015258789,90.9800033569336,90.55999755859375,90.80999755859375,82.50069427490234,33189000
2014-03-05,90.95999908447266,91.22000122070312,90.7699966430664,91.05999755859375,82.72783660888672,27203300
2014-03-06,91.2699966430664,91.33999633789062,90.6500015258789,90.9800033569336,82.6551513671875,24063900
2014-03-07,91.2699966430664,91.36000061035156,90.06999969482422,90.52999877929688,82.24630737304688,31167800
2014-03-10,90.4800033569336,90.66000366210938,90.02999877929688,90.61000061035156,82.31898498535156,18131700
2014-03-11,90.83000183105469,91.05999755859375,89.94999694824219,90.22000122070312,81.96468353271484,27484300
2014-03-12,89.80999755859375,90.61000061035156,89.4800033569336,90.55999755859375,82.27357482910156,27977200
2014-03-13,90.9000015258789,90.93000030517578,88.87000274658203,89.27999877929688,81.11071014404297,48542000
2014-03-14,88.98999786376953,89.37999725341797,88.62999725341797,88.66999816894531,80.55653381347656,38732300
2014-03-17,89.23999786376953,89.91000366210938,89.19000244140625,89.44999694824219,81.26512145996094,28467200
2014-03-18,89.55999755859375,90.63999938964844,89.52999877929688,90.52999877929688,82.24630737304688,31250200
2014-03-19,90.55999755859375,90.66000366210938,89.44999694824219,90.04000091552734,81.80115509033203,40869400
2014-03-20,89.76000213623047,90.55999755859375,89.58000183105469,90.29000091552734,82.02828216552734,31634500
2014-03-21,90.5999984741211,90.6500015258789,88.83000183105469,89.0,81.04119873046875,62754000
2014-03-24,89.31999969482422,89.38999938964844,87.41000366210938,88.22000122070312,80.3309326171875,77735300
2014-03-25,88.68000030517578,89.25,87.7699966430664,88.51000213623047,80.59503936767578,41723300
2014-03-26,88.94999694824219,89.1500015258789,87.36000061035156,87.37000274658203,79.55701446533203,40930400
2014-03-27,87.25,87.63999938964844,86.4000015258789,86.87999725341797,79.1108169555664,64784500
2014-03-28,87.16000366210938,88.01000213623047,86.80999755859375,87.05000305175781,79.26559448242188,39895100
2014-03-31,87.7300033569336,88.26000213623047,87.62000274658203,87.66999816894531,79.83013153076172,33924300
2014-04-01,88.0999984741211,89.2699966430664,87.70999908447266,89.20999908447266,81.23243713378906,38683800
2014-04-02,89.58999633789062,89.68000030517578,89.04000091552734,89.44000244140625,81.44187927246094,34631600
2014-04-03,89.52999877929688,89.68000030517578,88.22000122070312,88.7300033569336,80.79535675048828,30319100
2014-04-04,89.31999969482422,89.41000366210938,86.13999938964844,86.37000274658203,78.6463851928711,131213200
2014-04-07,85.83000183105469,86.62999725341797,84.94999694824219,85.55000305175781,77.89971923828125,83995800
2014-04-08,85.6500015258789,86.45999908447266,85.3499984741211,86.33999633789062,78.61908721923828,51495700
2014-04-09,86.66000366210938,87.87000274658203,86.43000030517578,87.81999969482422,79.96672821044922,45685200
2014-04-10,87.87999725341797,87.87999725341797,84.86000061035156,85.0999984741211,77.48997497558594,73659600
2014-04-11,84.33999633789062,85.44000244140625,83.91000366210938,84.11000061035156,76.58850860595703,93657400
2014-04-14,84.8499984741211,85.22000122070312,83.98999786376953,84.7699966430664,77.18949127197266,46500700
2014-04-15,85.08000183105469,85.54000091552734,83.27999877929688,85.05000305175781,77.44447326660156,84631500
2014-04-16,85.79000091552734,86.18000030517578,85.08999633789062,86.18000030517578,78.47340393066406,46970900
2014-04-17,85.8499984741211,86.62999725341797,85.62999725341797,86.19999694824219,78.49156951904297,53719500
2014-04-21,86.4000015258789,86.83999633789062,86.0,86.83999633789062,79.07437133789062,25947900
2014-04-22,87.13999938964844,87.75,86.98999786376953,87.52999877929688,79.70269775390625,38593400
2014-04-23,87.52999877929688,87.55999755859375,86.70999908447266,86.76000213623047,79.00152587890625,34376700
2014-04-24,88.19000244140625,88.20999908447266,86.6500015258789,87.58999633789062,79.75730895996094,48926300
2014-04-25,87.06999969482422,87.16999816894531,85.9800033569336,86.19000244140625,78.48250579833984,44334000
2014-04-28,86.5999984741211,87.11000061035156,85.11000061035156,86.47000122070312,78.73747253417969,58623800
2014-04-29,86.7300033569336,87.31999969482422,86.30999755859375,87.16000366210938,79.36576843261719,36742700
2014-04-30,86.76000213623047,87.4800033569336,86.54000091552734,87.38999938964844,79.57518768310547,38689400
2014-05-01,87.52999877929688,88.1500015258789,87.30999755859375,87.6500015258789,79.81192779541016,37127200
2014-05-02,87.94999694824219,88.11000061035156,87.27999877929688,87.48999786376953,79.66626739501953,40074200
2014-05-05,86.97000122070312,87.97000122070312,86.76000213623047,87.94999694824219,80.08509826660156,27924400
2014-05-06,87.80999755859375,87.86000061035156,86.7699966430664,86.80999755859375,79.04706573486328,33698500
2014-05-07,86.98999786376953,87.08000183105469,85.52999877929688,86.55999755859375,78.81940460205078,67489100
2014-05-08,86.25,87.52999877929688,86.05000305175781,86.4800033569336,78.74655151367188,46556900
2014-05-09,86.43000030517578,86.86000061035156,85.8499984741211,86.80000305175781,79.0379867553711,35081500
2014-05-12,87.31999969482422,88.26000213623047,87.23999786376953,88.2300033569336,80.3400650024414,38951100
2014-05-13,88.30999755859375,88.61000061035156,88.12000274658203,88.29000091552734,80.39472961425781,30311900
2014-05-14,88.0199966430664,88.3499984741211,87.62000274658203,87.83000183105469,79.97586059570312,26483600
2014-05-15,87.80999755859375,87.95999908447266,86.58000183105469,87.13999938964844,79.34754180908203,59680300
2014-05-16,87.23999786376953,87.76000213623047,86.63999938964844,87.70999908447266,79.8665542602539,66804100
2014-05-19,87.44999694824219,88.45999908447266,87.30000305175781,88.31999969482422,80.42204284667969,32017000
2014-05-20,88.27999877929688,88.5999984741211,87.63999938964844,88.0,80.1306381225586,33716000
2014-05-21,88.16000366210938,88.88999938964844,88.11000061035156,88.83999633789062,80.89553833007812,36837700
2014-05-22,88.94000244140625,89.4800033569336,88.80000305175781,89.2300033569336,81.25066375732422,30617100
2014-05-23,89.31999969482422,89.9000015258789,89.12000274658203,89.87999725341797,81.84249877929688,22687300
2014-05-27,90.27999877929688,91.0199966430664,90.19999694824219,91.0,82.86238861083984,29725200
2014-05-28,90.97000122070312,91.0999984741211,90.6500015258789,90.72000122070312,82.60741424560547,30468100
2014-05-29,91.04000091552734,91.30999755859375,90.86000061035156,91.30000305175781,83.13553619384766,33036100
2014-05-30,91.31999969482422,91.44999694824219,90.83000183105469,91.30999755859375,83.14463806152344,29906400
2014-06-02,91.41999816894531,91.44000244140625,90.63999938964844,91.22000122070312,83.06269073486328,30409900
2014-06-03,90.91999816894531,91.33000183105469,90.80000305175781,91.18000030517578,83.02627563476562,21774500
2014-06-04,90.94999694824219,91.66999816894531,90.80999755859375,91.5199966430664,83.33587646484375,20118300
2014-06-05,91.5999984741211,92.45999908447266,91.29000091552734,92.29000091552734,84.03701782226562,35583100
2014-06-06,92.62999725341797,92.81999969482422,92.44999694824219,92.81999969482422,84.51960754394531,22680600
2014-06-09,92.83999633789062,92.9800033569336,92.5,92.75,84.45586395263672,23399500
2014-06-10,92.66999816894531,92.95999908447266,92.55999755859375,92.91000366210938,84.60157012939453,20626000
2014-06-11,92.58999633789062,93.0199966430664,92.5,92.88999938964844,84.58331298828125,22878200
2014-06-12,92.69000244140625,92.79000091552734,91.7300033569336,92.05000305175781,83.81847381591797,35275900
2014-06-13,92.44999694824219,92.55000305175781,91.91999816894531,92.31999969482422,84.06432342529297,39447100
2014-06-16,92.16000366210938,92.66999816894531,91.95999908447266,92.4000015258789,84.13719177246094,25212300
2014-06-17,92.33000183105469,92.69999694824219,92.18000030517578,92.44999694824219,84.1827163696289,19977900
2014-06-18,92.54000091552734,93.0999984741211,91.9800033569336,92.97000122070312,84.65621948242188,34514000
2014-06-19,93.11000061035156,93.16999816894531,92.48999786376953,92.91000366210938,84.60157012939453,38422200
2014-06-20,92.69999694824219,92.87000274658203,92.52999877929688,92.7699966430664,84.70106506347656,25897500
2014-06-23,92.76000213623047,92.81999969482422,92.51000213623047,92.79000091552734,84.71935272216797,20837900
2014-06-24,92.77999877929688,93.56999969482422,92.43000030517578,92.69999694824219,84.63716125488281,31945800
2014-06-25,92.48999786376953,93.44999694824219,92.4800033569336,93.29000091552734,85.17588806152344,32818600
2014-06-26,93.3499984741211,93.36000061035156,92.62000274658203,93.33999633789062,85.22148895263672,22563900
2014-06-27,93.22000122070312,93.7699966430664,93.19000244140625,93.75,85.59586334228516,22877800
2014-06-30,93.7300033569336,94.13999938964844,93.66999816894531,93.91000366210938,85.741943359375,19751900
2014-07-01,94.23999786376953,95.19000244140625,94.19999694824219,94.94000244140625,86.68235778808594,31862500
2014-07-02,95.0,95.23999786376953,94.91000366210938,95.0999984741211,86.82839965820312,18777300
2014-07-03,95.41000366210938,95.69999694824219,95.1500015258789,95.69999694824219,87.37625885009766,15291700
2014-07-07,95.58999633789062,95.70999908447266,95.2300033569336,95.41000366210938,87.11146545410156,23266400
2014-07-08,95.2300033569336,95.30000305175781,93.87000274658203,94.26000213623047,86.06147003173828,40612400
2014-07-09,94.51000213623047,95.06999969482422,94.23999786376953,94.95999908447266,86.70061492919922,29919000
2014-07-10,93.73999786376953,95.05000305175781,93.62999725341797,94.66000366210938,86.42671966552734,44245300
2014-07-11,94.9000015258789,95.2699966430664,94.61000061035156,95.2699966430664,86.98360443115234,19566300
2014-07-14,95.69999694824219,96.05999755859375,95.54000091552734,95.83999633789062,87.50408172607422,19579000
2014-07-15,95.98999786376953,96.12999725341797,94.83000183105469,95.51000213623047,87.20279693603516,39467500
2014-07-16,96.19999694824219,96.30000305175781,95.79000091552734,95.88999938964844,87.54971313476562,22052600
2014-07-17,95.62999725341797,95.97000122070312,94.31999969482422,94.62000274658203,86.39018249511719,43111500
2014-07-18,95.11000061035156,96.16999816894531,95.0,96.12000274658203,87.75971221923828,36682200
2014-07-21,95.91999816894531,96.16000366210938,95.55000305175781,96.0,87.650146484375,29750700
2014-07-22,96.44999694824219,96.76000213623047,96.3499984741211,96.61000061035156,88.20707702636719,25770400
2014-07-23,96.94999694824219,97.33999633789062,96.7699966430664,97.2300033569336,88.7731704711914,28947500
2014-07-24,97.4000015258789,97.51000213623047,96.9800033569336,97.12000274658203,88.6727294921875,24707200
2014-07-25,96.62000274658203,96.87000274658203,96.2300033569336,96.73999786376953,88.32579040527344,29898900
2014-07-28,96.83999633789062,97.0199966430664,96.0199966430664,96.7699966430664,88.3531723022461,25603400
2014-07-29,96.9800033569336,97.19999694824219,96.5199966430664,96.5999984741211,88.19795227050781,27022200
2014-07-30,97.13999938964844,97.31999969482422,96.5999984741211,96.9800033569336,88.544921875,35348500
2014-07-31,96.18000030517578,96.33999633789062,94.87999725341797,95.0199966430664,86.75540924072266,50047900
2014-08-01,94.81999969482422,95.33999633789062,94.04000091552734,94.66999816894531,86.43583679199219,60708000
2014-08-04,94.87000274658203,95.69000244140625,94.5199966430664,95.31999969482422,87.02930450439453,33230500
2014-08-05,94.94000244140625,95.20999908447266,94.1500015258789,94.58999633789062,86.36278533935547,50331100
2014-08-06,94.0,95.11000061035156,93.91999816894531,94.5199966430664,86.29886627197266,34431900
2014-08-07,94.95999908447266,95.13999938964844,93.88999938964844,94.22000122070312,86.02494049072266,33274700
2014-08-08,94.37000274658203,95.01000213623047,93.97000122070312,94.9000015258789,86.64582824707031,40236900
2014-08-11,95.2699966430664,95.76000213623047,95.19999694824219,95.45999908447266,87.1571273803711,28277500
2014-08-12,95.36000061035156,95.66999816894531,94.93000030517578,95.41999816894531,87.12060546875,28152300
2014-08-13,95.80999755859375,96.47000122070312,95.76000213623047,96.43000030517578,88.0427474975586,27996500
2014-08-14,96.55999755859375,96.94999694824219,96.43000030517578,96.93000030517578,88.49925231933594,25006600
2014-08-15,97.48999786376953,97.62999725341797,96.4800033569336,97.4000015258789,88.9283676147461,55205500
2014-08-18,97.91000366210938,98.23999786376953,97.7699966430664,98.1500015258789,89.61314392089844,38938300
2014-08-19,98.37999725341797,98.76000213623047,98.31999969482422,98.69999694824219,90.11529541015625,21363400
2014-08-20,98.62000274658203,98.9000015258789,98.52999877929688,98.69999694824219,90.11529541015625,23435600
2014-08-21,98.75,98.94999694824219,98.5999984741211,98.9000015258789,90.29793548583984,19339500
2014-08-22,98.94000244140625,99.25,98.72000122070312,99.05000305175781,90.43486022949219,24692000
2014-08-25,99.5199966430664,99.68000030517578,99.16000366210938,99.4000015258789,90.7544174194336,24124700
2014-08-26,99.55000305175781,99.61000061035156,99.2699966430664,99.5,90.8457260131836,20100400
2014-08-27,99.52999877929688,99.63999938964844,99.30999755859375,99.5199966430664,90.86399841308594,15589100
2014-08-28,99.18000030517578,99.52999877929688,99.08000183105469,99.41000366210938,90.7635498046875,23563900
2014-08-29,99.62999725341797,99.91000366210938,99.2699966430664,99.77999877929688,91.10137939453125,17906300
2014-09-02,100.0199966430664,100.0999984741211,99.66000366210938,100.06999969482422,91.36614227294922,18326800
2014-09-03,100.33999633789062,100.33999633789062,99.30000305175781,99.4800033569336,90.82746124267578,25950700
2014-09-04,99.70999908447266,100.22000122070312,99.13999938964844,99.38999938964844,90.74527740478516,24663500
2014-09-05,99.54000091552734,99.94999694824219,99.02999877929688,99.88999938964844,91.2017822265625,30798200
2014-09-08,99.91999816894531,100.33000183105469,99.62000274658203,100.08000183105469,91.37525939941406,25571300
2014-09-09,100.08999633789062,100.45999908447266,99.05999755859375,99.25,90.61748504638672,36449200
2014-09-10,99.37999725341797,100.11000061035156,99.0999984741211,100.06999969482422,91.36614227294922,31080100
2014-09-11,99.63999938964844,100.04000091552734,99.23999786376953,99.98999786376953,91.29309844970703,28691900
2014-09-12,99.9000015258789,99.93000030517578,99.16999816894531,99.4800033569336,90.82746124267578,30444400
2014-09-15,99.58999633789062,99.5999984741211,98.22000122070312,98.5199966430664,89.95096588134766,32972200
2014-09-16,98.1500015258789,99.56999969482422,98.05000305175781,99.37999725341797,90.73613739013672,38166900
2014-09-17,99.36000061035156,100.0,98.93000030517578,99.52999877929688,90.87310028076172,37196500
2014-09-18,99.83999633789062,100.29000091552734,99.7300033569336,100.27999877929688,91.55789184570312,30196700
2014-09-19,100.45999908447266,100.55999755859375,99.58000183105469,99.9800033569336,91.50111389160156,46918000
2014-09-22,99.73999786376953,99.75,98.62000274658203,99.05000305175781,90.65001678466797,48658000
2014-09-23,98.6500015258789,99.22000122070312,98.58000183105469,98.77999877929688,90.40290832519531,33989600
2014-09-24,98.87999725341797,99.88999938964844,98.54000091552734,99.83999633789062,91.37300109863281,35959000
2014-09-25,99.5199966430664,99.6500015258789,97.69999694824219,97.73999786376953,89.45108795166016,68642500
2014-09-26,98.05999755859375,98.95999908447266,97.88999938964844,98.77999877929688,90.40290832519531,56106200
2014-09-29,97.80000305175781,98.91999816894531,97.75,98.6500015258789,90.28394317626953,33342700
2014-09-30,98.91999816894531,99.30000305175781,98.31999969482422,98.79000091552734,90.41207122802734,41834300
2014-10-01,98.51000213623047,98.61000061035156,96.9000015258789,97.20999908447266,88.96605682373047,58164900
2014-10-02,97.16999816894531,97.51000213623047,95.97000122070312,97.20999908447266,88.96605682373047,54501300
2014-10-03,97.77999877929688,98.56999969482422,97.44000244140625,98.16999816894531,89.8446273803711,41627800
2014-10-06,98.4800033569336,98.72000122070312,97.66000366210938,97.95999908447266,89.65247344970703,36038700
2014-10-07,97.5,97.77999877929688,96.55999755859375,96.56999969482422,88.38030242919922,45154000
2014-10-08,96.62000274658203,98.76000213623047,96.05999755859375,98.44999694824219,90.10088348388672,64931600
2014-10-09,98.31999969482422,98.56999969482422,96.70999908447266,96.86000061035156,88.64572143554688,62497100
2014-10-10,96.29000091552734,96.83000183105469,94.41999816894531,94.44000244140625,86.43093872070312,77579400
2014-10-13,94.2699966430664,94.98999786376953,92.87999725341797,92.95999908447266,85.07646179199219,80835900
2014-10-14,93.54000091552734,94.16999816894531,92.70999908447266,92.97000122070312,85.08565521240234,71814500
2014-10-15,91.56999969482422,92.76000213623047,90.23999786376953,92.37000274658203,84.5365219116211,108847800
2014-10-16,90.41999816894531,92.58000183105469,90.38999938964844,91.79000091552734,84.00570678710938,93165800
2014-10-17,93.0,93.88999938964844,92.45999908447266,93.0,85.11309051513672,69546700
2014-10-20,92.98999786376953,94.47000122070312,92.80000305175781,94.38999938964844,86.38517761230469,41479300
2014-10-21,95.55999755859375,96.87000274658203,95.31999969482422,96.87000274658203,88.6548843383789,53609800
2014-10-22,97.16999816894531,97.30000305175781,96.30999755859375,96.37000274658203,88.19729614257812,39178000
2014-10-23,97.33999633789062,98.36000061035156,97.16999816894531,97.81999969482422,89.52430725097656,48123800
2014-10-24,98.02999877929688,98.69000244140625,97.63999938964844,98.62000274658203,90.25647735595703,43157600
2014-10-27,98.43000030517578,98.87000274658203,98.0199966430664,98.69000244140625,90.32054138183594,29545700
2014-10-28,99.1500015258789,100.19999694824219,99.08000183105469,100.18000030517578,91.68416595458984,34495100
2014-10-29,99.8499984741211,100.12000274658203,99.0999984741211,99.80999755859375,91.34554290771484,40552800
2014-10-30,99.36000061035156,100.26000213623047,99.13999938964844,100.0199966430664,91.5377197265625,35935800
2014-10-31,101.68000030517578,101.75,101.06999969482422,101.4000015258789,92.80072021484375,54254100
2014-11-03,101.58000183105469,101.97000122070312,101.43000030517578,101.69999694824219,93.0752944946289,33481000
2014-11-04,101.37999725341797,101.62000274658203,100.66999816894531,101.36000061035156,92.76408386230469,22773300
2014-11-05,102.02999877929688,102.02999877929688,101.0199966430664,101.37000274658203,92.77325439453125,25818600
2014-11-06,101.36000061035156,101.72000122070312,100.91999816894531,101.69000244140625,93.06614685058594,24671900
2014-11-07,101.87000274658203,101.91000366210938,101.06999969482422,101.5999984741211,92.98377227783203,20931700
2014-11-10,101.6500015258789,102.08999633789062,101.37999725341797,101.95999908447266,93.31324768066406,20360000
2014-11-11,101.9800033569336,102.27999877929688,101.69999694824219,102.27999877929688,93.60606384277344,15454000
2014-11-12,101.87000274658203,102.56999969482422,101.87000274658203,102.45999908447266,93.77084350585938,22050300
2014-11-13,102.6500015258789,103.27999877929688,102.41999816894531,102.9000015258789,94.17349243164062,28027800
2014-11-14,102.87000274658203,103.22000122070312,102.52999877929688,103.22000122070312,94.46635437011719,19251300
2014-11-17,102.9800033569336,103.20999908447266,102.41999816894531,102.91000366210938,94.18264770507812,23361600
2014-11-18,103.0,103.81999969482422,102.98999786376953,103.68000030517578,94.88735961914062,26336800
2014-11-19,103.56999969482422,103.56999969482422,102.7300033569336,103.20999908447266,94.45721435546875,23760200
2014-11-20,102.7699966430664,103.76000213623047,102.69000244140625,103.66999816894531,94.87820434570312,22874000
2014-11-21,104.58999633789062,104.69000244140625,103.54000091552734,103.87000274658203,95.0612564086914,34049100
2014-11-24,104.1500015258789,104.7300033569336,104.05999755859375,104.68000030517578,95.80254364013672,17928300
2014-11-25,104.83999633789062,105.1500015258789,104.56999969482422,104.83999633789062,95.94898986816406,17526000
2014-11-26,104.94000244140625,105.58000183105469,104.83000183105469,105.5199966430664,96.57134246826172,18973800
2014-11-28,105.80000305175781,106.25,105.7300033569336,106.01000213623047,97.01979064941406,17360400
2014-12-01,105.72000122070312,105.91999816894531,104.41999816894531,104.80999755859375,95.9215316772461,35969500
2014-12-02,104.91999816894531,105.41999816894531,104.69999694824219,105.2300033569336,96.30591583251953,26031300
2014-12-03,105.38999938964844,105.56999969482422,104.76000213623047,105.41999816894531,96.4797592163086,32974300
2014-12-04,105.31999969482422,105.77999877929688,104.93000030517578,105.37000274658203,96.43403625488281,31008800
2014-12-05,105.54000091552734,105.69999694824219,105.1500015258789,105.37999725341797,96.44318389892578,25622200
2014-12-08,105.11000061035156,105.56999969482422,104.08000183105469,104.62999725341797,95.75679016113281,32685800
2014-12-09,103.41000366210938,105.04000091552734,103.04000091552734,104.95999908447266,96.05882263183594,46035100
2014-12-10,104.7699966430664,105.02999877929688,103.12000274658203,103.30999755859375,94.54873657226562,39330100
2014-12-11,103.61000061035156,105.04000091552734,103.58999633789062,103.80000305175781,94.99720001220703,47576000
2014-12-12,102.80999755859375,103.98999786376953,102.66000366210938,102.66999816894531,93.9630126953125,46889400
2014-12-15,103.19999694824219,103.58000183105469,101.31999969482422,101.61000061035156,92.9928970336914,52968400
2014-12-16,100.97000122070312,102.47000122070312,99.95999908447266,99.9800033569336,91.50111389160156,65348600
2014-12-17,100.05000305175781,102.08999633789062,99.91999816894531,101.80000305175781,93.16680908203125,79715300
2014-12-18,103.26000213623047,104.26000213623047,102.9800033569336,104.25,95.4090347290039,49840900
2014-12-19,103.97000122070312,104.73999786376953,103.70999908447266,104.31999969482422,95.82881164550781,51419900
2014-12-22,104.1500015258789,104.61000061035156,104.0999984741211,104.58000183105469,96.06769561767578,33869200
2014-12-23,104.95999908447266,104.97000122070312,104.08999633789062,104.20999908447266,95.727783203125,30156900
2014-12-24,104.33999633789062,104.69999694824219,104.2699966430664,104.30000305175781,95.81048583984375,14291300
2014-12-26,104.5999984741211,105.26000213623047,104.56999969482422,105.04000091552734,96.49022674560547,13924300
2014-12-29,104.94000244140625,105.25,104.87999725341797,105.0199966430664,96.47186279296875,17073800
2014-12-30,104.72000122070312,104.95999908447266,104.18000030517578,104.31999969482422,95.82881164550781,18604000
2014-12-31,104.5,104.91000366210938,103.0999984741211,103.25,94.84589385986328,24367100
2015-01-02,103.76000213623047,104.19999694824219,102.44000244140625,102.94000244140625,94.56111907958984,31314600
2015-01-05,102.48999786376953,102.61000061035156,101.13999938964844,101.43000030517578,93.1740493774414,36521300
2015-01-06,101.58000183105469,101.75,99.62000274658203,100.06999969482422,91.92472076416016,66205500
2015-01-07,100.7300033569336,101.5999984741211,100.48999786376953,101.36000061035156,93.10972595214844,37577400
2015-01-08,102.22000122070312,103.5,102.11000061035156,103.30000305175781,94.89185333251953,40212600
2015-01-09,103.62000274658203,103.6500015258789,102.0199966430664,102.62000274658203,94.26719665527344,41410100
2015-01-12,102.81999969482422,102.93000030517578,101.29000091552734,101.55000305175781,93.28428649902344,34129800
2015-01-13,102.54000091552734,103.62000274658203,100.69999694824219,101.5199966430664,93.25672912597656,56162300
2015-01-14,100.5,101.4800033569336,100.06999969482422,100.95999908447266,92.74229431152344,51354200
2015-01-15,101.43000030517578,101.58999633789062,99.52999877929688,99.6500015258789,91.53894805908203,51005400
2015-01-16,99.5199966430664,100.94999694824219,99.36000061035156,100.81999969482422,92.61371612548828,35362200
2015-01-20,101.43000030517578,101.87999725341797,100.29000091552734,101.62000274658203,93.34858703613281,30964100
2015-01-21,101.31999969482422,102.62000274658203,100.95999908447266,102.13999938964844,93.8262710571289,40128800
2015-01-22,102.54000091552734,104.13999938964844,101.63999938964844,104.02999877929688,95.56243896484375,40887200
2015-01-23,104.0199966430664,104.58000183105469,103.72000122070312,104.26000213623047,95.77371978759766,34783000
2015-01-26,104.13999938964844,104.33000183105469,103.61000061035156,104.13999938964844,95.6634750366211,19960900
2015-01-27,102.5,102.55999755859375,101.0999984741211,101.44000244140625,93.18323516845703,45253200
2015-01-28,103.06999969482422,103.18000030517578,100.9000015258789,100.91999816894531,92.70556640625,43591700
2015-01-29,100.83999633789062,102.08000183105469,99.95999908447266,101.88999938964844,93.59661865234375,46539700
2015-01-30,101.80000305175781,102.58000183105469,100.95999908447266,101.0999984741211,92.87090301513672,42927600
2015-02-02,101.33000183105469,102.06999969482422,99.75,101.9800033569336,93.67928314208984,43624700
2015-02-03,102.3499984741211,103.02999877929688,101.68000030517578,102.95999908447266,94.57952880859375,30750400
2015-02-04,102.54000091552734,103.55000305175781,102.30999755859375,102.87000274658203,94.49684143066406,34073200
2015-02-05,103.12999725341797,103.83000183105469,102.87000274658203,103.76000213623047,95.31439208984375,23605500
2015-02-06,103.91999816894531,104.16999816894531,102.76000213623047,103.12999725341797,94.73568725585938,34169300
2015-02-09,102.7300033569336,103.29000091552734,102.55000305175781,102.80000305175781,94.43253326416016,22604700
2015-02-10,103.37000274658203,104.54000091552734,103.20999908447266,104.4000015258789,95.90231323242188,23686500
2015-02-11,104.5199966430664,105.0199966430664,104.31999969482422,104.77999877929688,96.25135803222656,20303600
2015-02-12,105.45999908447266,106.04000091552734,105.30000305175781,106.0,97.37207794189453,22520300
2015-02-13,106.30000305175781,106.93000030517578,106.0999984741211,106.91000366210938,98.20801544189453,29030200
2015-02-17,106.91000366210938,107.08000183105469,106.63999938964844,107.01000213623047,98.29985809326172,17675300
2015-02-18,106.87999725341797,107.22000122070312,106.73999786376953,107.16000366210938,98.43766784667969,15149600
2015-02-19,107.08999633789062,107.76000213623047,107.05999755859375,107.69000244140625,98.9245376586914,19828100
2015-02-20,107.62000274658203,108.47000122070312,107.27999877929688,108.41000366210938,99.58592224121094,28336700
2015-02-23,108.3499984741211,108.55000305175781,108.11000061035156,108.5199966430664,99.68695831298828,17868000
2015-02-24,108.37999725341797,108.7300033569336,108.05000305175781,108.5999984741211,99.76044464111328,19745000
2015-02-25,108.44000244140625,108.86000061035156,108.08999633789062,108.33000183105469,99.51244354248047,19472300
2015-02-26,108.44000244140625,108.94000244140625,108.13999938964844,108.87999725341797,100.01765441894531,22255500
2015-02-27,108.83999633789062,108.91000366210938,108.2300033569336,108.4000015258789,99.57672119140625,27757600
2015-03-02,108.61000061035156,109.41999816894531,108.58999633789062,109.37999725341797,100.47692108154297,22988600
2015-03-03,109.05000305175781,109.16000366210938,108.18000030517578,108.87000274658203,100.00846862792969,20788900
2015-03-04,108.51000213623047,108.66999816894531,107.86000061035156,108.44999694824219,99.62262725830078,21007400
2015-03-05,108.7300033569336,108.97000122070312,108.19000244140625,108.63999938964844,99.79719543457031,15381000
2015-03-06,108.5,108.70999908447266,107.13999938964844,107.41000366210938,98.66731262207031,30990400
2015-03-09,107.62999725341797,107.98999786376953,107.19000244140625,107.72000122070312,98.95207214355469,26237100
2015-03-10,106.94999694824219,106.9800033569336,105.72000122070312,105.72000122070312,97.11486053466797,34234500
2015-03-11,105.87999725341797,106.01000213623047,105.06999969482422,105.11000061035156,96.55452728271484,25459700
2015-03-12,105.02999877929688,105.91999816894531,104.95999908447266,105.80000305175781,97.18836975097656,21473200
2015-03-13,105.69999694824219,106.12000274658203,104.68000030517578,105.33999633789062,96.76578521728516,42021100
2015-03-16,105.7300033569336,106.73999786376953,105.62000274658203,106.69999694824219,98.0151138305664,25674100
2015-03-17,106.41000366210938,107.04000091552734,106.16000366210938,106.87000274658203,98.17124938964844,19603800
2015-03-18,106.58000183105469,108.41000366210938,106.02999877929688,107.91999816894531,99.13579559326172,40622200
2015-03-19,108.02999877929688,108.37999725341797,107.87000274658203,108.08000183105469,99.28278350830078,31314000
2015-03-20,108.72000122070312,109.06999969482422,108.51000213623047,108.52999877929688,99.92544555664062,31761400
2015-03-23,108.47000122070312,108.7699966430664,108.27999877929688,108.31999969482422,99.73209381103516,17268500
2015-03-24,108.30999755859375,108.80999755859375,107.91000366210938,107.93000030517578,99.37300872802734,22445300
2015-03-25,108.0999984741211,108.19999694824219,105.41999816894531,105.45999908447266,97.09883117675781,41581400
2015-03-26,104.58999633789062,105.69999694824219,104.23999786376953,105.0999984741211,96.76740264892578,47846300
2015-03-27,105.08000183105469,105.7699966430664,104.91999816894531,105.5199966430664,97.15408325195312,33878400
2015-03-30,106.16000366210938,106.81999969482422,106.16000366210938,106.7300033569336,98.26814270019531,30570200
2015-03-31,106.43000030517578,106.6500015258789,105.56999969482422,105.5999984741211,97.22772216796875,30488100
2015-04-01,105.5999984741211,105.62000274658203,104.37000274658203,105.05000305175781,96.72132110595703,32970500
2015-04-02,105.1500015258789,105.45999908447266,104.77999877929688,105.12000274658203,96.7857894897461,19164200
2015-04-06,104.5,106.2699966430664,104.33999633789062,105.9800033569336,97.57762145996094,24451100
2015-04-07,105.91999816894531,106.69999694824219,105.80000305175781,105.80000305175781,97.4118881225586,19379400
2015-04-08,105.83999633789062,106.79000091552734,105.83000183105469,106.63999938964844,98.1852798461914,25866900
2015-04-09,106.58999633789062,107.3499984741211,106.2300033569336,107.30999755859375,98.80213928222656,23114700
2015-04-10,107.2699966430664,107.76000213623047,107.02999877929688,107.75,99.20726776123047,17164300
2015-04-13,107.83000183105469,108.37999725341797,107.36000061035156,107.4800033569336,98.95867919921875,17783500
2015-04-14,107.37000274658203,107.68000030517578,106.55999755859375,107.16999816894531,98.67324829101562,23755700
2015-04-15,107.44999694824219,108.06999969482422,107.31999969482422,107.83999633789062,99.29012298583984,21128600
2015-04-16,107.55000305175781,107.87999725341797,107.4000015258789,107.69000244140625,99.15203094482422,16195300
2015-04-17,106.66000366210938,106.94999694824219,105.55000305175781,106.01000213623047,97.60523223876953,46514000
2015-04-20,106.54000091552734,107.79000091552734,106.5,107.5999984741211,99.06915283203125,28945900
2015-04-21,108.22000122070312,108.41000366210938,107.93000030517578,108.05999755859375,99.4926986694336,22759800
2015-04-22,108.33999633789062,108.83000183105469,107.63999938964844,108.6500015258789,100.0359115600586,21429200
2015-04-23,108.27999877929688,109.55000305175781,108.26000213623047,109.05999755859375,100.41340637207031,29473200
2015-04-24,110.20999908447266,110.69000244140625,110.02999877929688,110.54000091552734,101.77606964111328,32508100
2015-04-27,110.94999694824219,111.16000366210938,110.0199966430664,110.26000213623047,101.51827239990234,31121300
2015-04-28,110.33999633789062,110.55000305175781,109.11000061035156,110.04000091552734,101.31573486328125,36849200
2015-04-29,109.43000030517578,110.06999969482422,108.75,109.3499984741211,100.6804428100586,34043900
2015-04-30,108.7300033569336,109.16999816894531,107.05999755859375,107.62999725341797,99.09681701660156,44080500
2015-05-01,108.05000305175781,109.12000274658203,108.02999877929688,109.05000305175781,100.40419006347656,32874300
2015-05-04,109.4000015258789,109.91000366210938,109.16999816894531,109.2300033569336,100.56993865966797,23507300
2015-05-05,108.80000305175781,109.0,107.4000015258789,107.44999694824219,98.93108367919922,47843300
2015-05-06,107.63999938964844,107.94999694824219,106.0,106.70999908447266,98.24971771240234,42687200
2015-05-07,106.68000030517578,107.6500015258789,106.5999984741211,107.3499984741211,98.8389892578125,29335800
2015-05-08,108.45999908447266,108.91999816894531,108.30000305175781,108.69000244140625,100.07276153564453,33023300
2015-05-11,108.76000213623047,108.9800033569336,108.19000244140625,108.2699966430664,99.68607330322266,19679300
2015-05-12,107.62999725341797,108.33000183105469,106.80000305175781,107.77999877929688,99.23490905761719,33665000
2015-05-13,108.25,108.80999755859375,107.83999633789062,108.0,99.43745422363281,20738400
2015-05-14,108.87999725341797,109.66999816894531,108.4800033569336,109.58000183105469,100.89219665527344,23904200
2015-05-15,109.86000061035156,110.01000213623047,109.30999755859375,109.58000183105469,100.89219665527344,23937400
2015-05-18,109.4000015258789,110.27999877929688,109.31999969482422,110.05999755859375,101.33412170410156,17631100
2015-05-19,110.18000030517578,110.3499984741211,109.76000213623047,109.94000244140625,101.2236328125,14212900
2015-05-20,110.0199966430664,110.66999816894531,109.43000030517578,110.01000213623047,101.28810119628906,21131900
2015-05-21,109.81999969482422,110.7300033569336,109.66000366210938,110.58000183105469,101.81289672851562,16771800
2015-05-22,110.44999694824219,110.87000274658203,110.37999725341797,110.47000122070312,101.71162414550781,13543800
2015-05-26,110.2300033569336,110.37999725341797,108.76000213623047,109.19999694824219,100.54230499267578,25488400
2015-05-27,109.52999877929688,111.08000183105469,109.29000091552734,110.95999908447266,102.16281127929688,30572700
2015-05-28,110.75,111.01000213623047,110.37000274658203,110.70999908447266,101.93258666992188,17302400
2015-05-29,110.63999938964844,110.79000091552734,109.79000091552734,110.05000305175781,101.32494354248047,30383000
2015-06-01,110.63999938964844,110.72000122070312,109.5199966430664,110.41999816894531,101.66558837890625,24570200
2015-06-02,110.01000213623047,110.61000061035156,109.47000122070312,110.06999969482422,101.34336853027344,19449600
2015-06-03,110.56999969482422,110.80999755859375,110.12999725341797,110.4000015258789,101.64717864990234,20507200
2015-06-04,109.77999877929688,110.4800033569336,109.20999908447266,109.55999755859375,100.87377166748047,31374600
2015-06-05,109.43000030517578,109.69000244140625,108.62999725341797,109.30000305175781,100.63440704345703,22641700
2015-06-08,109.25,109.33000183105469,107.97000122070312,108.19000244140625,99.61239624023438,24549200
2015-06-09,107.93000030517578,108.4000015258789,107.19999694824219,108.01000213623047,99.44667053222656,27554600
2015-06-10,108.37999725341797,109.80999755859375,108.26000213623047,109.48999786376953,100.80928802490234,30297900
2015-06-11,109.86000061035156,110.1500015258789,109.45999908447266,109.6500015258789,100.95661163330078,17593500
2015-06-12,109.06999969482422,109.30000305175781,108.5999984741211,108.75,100.12796020507812,27201800
2015-06-15,107.94000244140625,108.37999725341797,107.30999755859375,108.20999908447266,99.63081359863281,31238800
2015-06-16,108.0999984741211,108.9800033569336,108.05000305175781,108.80000305175781,100.17403411865234,16456900
2015-06-17,108.9800033569336,109.44999694824219,108.43000030517578,109.0999984741211,100.45024108886719,23296700
2015-06-18,109.5,110.87999725341797,109.44000244140625,110.69000244140625,101.91419219970703,43032400
2015-06-19,110.48999786376953,110.58000183105469,109.80999755859375,109.88999938964844,101.41028594970703,27877600
2015-06-22,110.69999694824219,111.02999877929688,110.44999694824219,110.69999694824219,102.15780639648438,19120900
2015-06-23,110.81999969482422,110.88999938964844,110.33000183105469,110.79000091552734,102.24089050292969,18127900
2015-06-24,110.66000366210938,111.12999725341797,110.19000244140625,110.22000122070312,101.7148666381836,15815900
2015-06-25,110.6500015258789,110.76000213623047,109.81999969482422,110.0,101.5118408203125,18326700
2015-06-26,109.9800033569336,110.2300033569336,108.86000061035156,109.2699966430664,100.83815002441406,32311700
2015-06-29,108.05999755859375,108.66000366210938,106.63999938964844,106.69000244140625,98.45724487304688,50874900
2015-06-30,107.48999786376953,107.72000122070312,106.73999786376953,107.06999969482422,98.80794525146484,34809900
2015-07-01,108.12999725341797,108.3499984741211,107.41999816894531,107.91999816894531,99.59232330322266,21293000
2015-07-02,108.2300033569336,108.31999969482422,107.62000274658203,107.94999694824219,99.62001037597656,20499400
2015-07-06,107.2699966430664,108.31999969482422,107.04000091552734,107.69999694824219,99.3892822265625,24311000
2015-07-07,107.81999969482422,108.06999969482422,105.83000183105469,107.97000122070312,99.63848114013672,44230800
2015-07-08,107.19999694824219,107.33000183105469,105.88999938964844,106.08999633789062,97.90354919433594,39691500
2015-07-09,107.5,107.5999984741211,106.0199966430664,106.02999877929688,97.84818267822266,28381000
2015-07-10,107.44000244140625,108.05000305175781,107.05000305175781,107.6500015258789,99.3431625366211,26415800
2015-07-13,108.58000183105469,109.62999725341797,108.56999969482422,109.54000091552734,101.08733367919922,25780700
2015-07-14,109.69000244140625,110.55999755859375,109.62999725341797,110.26000213623047,101.75177001953125,21977200
2015-07-15,110.47000122070312,110.80999755859375,110.06999969482422,110.37999725341797,101.86251831054688,28631500
2015-07-16,111.29000091552734,111.95999908447266,111.06999969482422,111.94000244140625,103.30213165283203,29838900
2015-07-17,112.83999633789062,113.58999633789062,112.6500015258789,113.58999633789062,104.82478332519531,35926800
2015-07-20,113.83000183105469,114.38999938964844,113.4800033569336,113.9800033569336,105.18473052978516,26539000
2015-07-21,114.0199966430664,114.19999694824219,113.58000183105469,113.91000366210938,105.1201171875,35468900
2015-07-22,112.16999816894531,113.16999816894531,112.16999816894531,112.62000274658203,103.92964172363281,35575000
2015-07-23,112.7300033569336,113.0999984741211,111.91000366210938,112.19999694824219,103.54206848144531,25698300
2015-07-24,112.80000305175781,113.0,110.93000030517578,111.0999984741211,102.52696990966797,30844700
2015-07-27,110.47000122070312,110.94999694824219,109.94000244140625,110.18000030517578,101.67794799804688,35994800
2015-07-28,110.66999816894531,111.3499984741211,109.79000091552734,111.12999725341797,102.55464172363281,33553500
2015-07-29,111.37000274658203,111.79000091552734,110.94000244140625,111.55000305175781,102.94222259521484,26714100
2015-07-30,111.29000091552734,112.2699966430664,110.62000274658203,112.08000183105469,103.43133544921875,25438100
2015-07-31,112.43000030517578,112.48999786376953,111.72000122070312,111.94999694824219,103.31136322021484,22081700
2015-08-03,111.97000122070312,112.27999877929688,110.86000061035156,111.5999984741211,102.98835754394531,25001800
2015-08-04,111.55000305175781,111.75,110.93000030517578,111.38999938964844,102.7945556640625,22132300
2015-08-05,112.01000213623047,113.0,111.87999725341797,112.25,103.58819580078125,28989900
2015-08-06,112.3499984741211,112.5,109.94999694824219,110.44999694824219,101.9271240234375,42125400
2015-08-07,110.18000030517578,110.56999969482422,109.4000015258789,110.30999755859375,101.79789733886719,30006800
2015-08-10,111.01000213623047,111.80999755859375,111.0,111.56999969482422,102.96070861816406,21500800
2015-08-11,110.9800033569336,111.41000366210938,109.52999877929688,110.13999938964844,101.6409912109375,36123300
2015-08-12,109.37999725341797,110.73999786376953,108.22000122070312,110.5199966430664,101.99169921875,41889000
2015-08-13,110.62999725341797,111.16000366210938,110.0999984741211,110.33999633789062,101.82559967041016,22510500
2015-08-14,110.08000183105469,110.66999816894531,109.86000061035156,110.51000213623047,101.98246002197266,17924900
2015-08-17,110.23999786376953,111.45999908447266,109.95999908447266,111.43000030517578,102.83147430419922,21224900
2015-08-18,111.27999877929688,111.37000274658203,110.70999908447266,110.86000061035156,102.30546569824219,13984400
2015-08-19,110.5199966430664,111.11000061035156,109.48999786376953,110.12999725341797,101.63182067871094,42511400
2015-08-20,109.11000061035156,109.45999908447266,107.06999969482422,107.08000183105469,98.81715393066406,57747300
2015-08-21,105.56999969482422,106.47000122070312,102.4000015258789,102.4000015258789,94.49829864501953,97763400
2015-08-24,94.2300033569336,102.52999877929688,84.73999786376953,98.45999908447266,90.86231994628906,150829900
2015-08-25,102.06999969482422,102.73999786376953,98.01000213623047,98.08999633789062,90.52086639404297,75088300
2015-08-26,100.95999908447266,103.2300033569336,98.93000030517578,103.02999877929688,95.0797119140625,104103800
2015-08-27,104.5199966430664,105.70999908447266,103.27999877929688,105.63999938964844,97.48826599121094,69377700
2015-08-28,105.08000183105469,106.0,104.8499984741211,105.62000274658203,97.46981811523438,49919600
2015-08-31,105.02999877929688,105.61000061035156,104.05000305175781,104.30999755859375,96.26090240478516,39549400
2015-09-01,101.70999908447266,103.29000091552734,100.62999725341797,101.05000305175781,93.25245666503906,73155500
2015-09-02,102.87999725341797,103.91999816894531,101.69999694824219,103.9000015258789,95.8825454711914,43963600
2015-09-03,104.30999755859375,105.0199966430664,103.0999984741211,103.38999938964844,95.4118881225586,45131800
2015-09-04,101.97000122070312,102.8499984741211,101.58999633789062,102.16000366210938,94.27680969238281,49379600
2015-09-08,104.12000274658203,105.16999816894531,103.69000244140625,105.04000091552734,96.93458557128906,37343500
2015-09-09,106.27999877929688,106.30999755859375,103.58999633789062,103.86000061035156,95.84564971923828,47146700
2015-09-10,103.73999786376953,105.68000030517578,103.62000274658203,104.98999786376953,96.888427734375,47686700
2015-09-11,104.51000213623047,105.56999969482422,104.20999908447266,105.56999969482422,97.42366027832031,29106100
2015-09-14,105.95999908447266,105.9800033569336,104.8499984741211,105.25,97.12835693359375,19718800
2015-09-15,105.5,106.81999969482422,105.11000061035156,106.48999786376953,98.27266693115234,30020200
2015-09-16,106.51000213623047,107.19000244140625,106.13999938964844,107.08999633789062,98.82637023925781,31329100
2015-09-17,106.9800033569336,108.7300033569336,106.63999938964844,107.12999725341797,98.86331176757812,56139800
2015-09-18,105.2300033569336,106.5999984741211,105.16999816894531,105.3499984741211,97.45716094970703,48384000
2015-09-21,105.93000030517578,106.55000305175781,104.7300033569336,105.68000030517578,97.7624282836914,35772600
2015-09-22,104.05999755859375,104.41999816894531,103.12999725341797,104.0999984741211,96.30083465576172,47359700
2015-09-23,104.37999725341797,104.66000366210938,103.63999938964844,104.18000030517578,96.37483215332031,21775100
2015-09-24,103.16999816894531,104.19000244140625,102.2699966430664,103.80000305175781,96.0233154296875,38284300
2015-09-25,104.91000366210938,105.01000213623047,102.27999877929688,102.91999816894531,95.209228515625,44700000
2015-09-28,102.4800033569336,102.55000305175781,99.69000244140625,99.98999786376953,92.4987564086914,44077500
2015-09-29,100.23999786376953,101.26000213623047,98.75,99.47000122070312,92.01769256591797,49315500
2015-09-30,100.88999938964844,101.87000274658203,100.5,101.76000213623047,94.13614654541016,41411400
2015-10-01,101.94000244140625,102.2300033569336,100.58999633789062,102.22000122070312,94.5616455078125,39339100
2015-10-02,100.80000305175781,104.01000213623047,100.4800033569336,104.01000213623047,96.21758270263672,59370900
2015-10-05,104.77999877929688,105.77999877929688,104.55000305175781,105.5,97.59595489501953,32853500
2015-10-06,105.25,105.5999984741211,104.18000030517578,105.0,97.13337707519531,33051500
2015-10-07,105.66000366210938,105.86000061035156,104.29000091552734,105.62999725341797,97.71622467041016,37389300
2015-10-08,105.2300033569336,106.2300033569336,104.20999908447266,106.05000305175781,98.104736328125,50188900
2015-10-09,106.0999984741211,106.7300033569336,105.80999755859375,106.52999877929688,98.54876708984375,23916200
2015-10-12,106.7300033569336,106.98999786376953,106.3499984741211,106.79000091552734,98.7892837524414,16162000
2015-10-13,106.18000030517578,107.26000213623047,106.0,106.0999984741211,98.15099334716797,26999600
2015-10-14,106.0999984741211,106.62999725341797,105.48999786376953,105.93000030517578,97.99372100830078,30902600
2015-10-15,106.31999969482422,107.68000030517578,106.18000030517578,107.66999816894531,99.6033935546875,38393800
2015-10-16,107.9000015258789,108.18000030517578,107.37999725341797,108.12000274658203,100.01963806152344,27091100
2015-10-19,107.9800033569336,108.80999755859375,107.73999786376953,108.73999786376953,100.59320068359375,23776300
2015-10-20,108.55000305175781,108.77999877929688,107.80999755859375,108.18000030517578,100.07516479492188,23404700
2015-10-21,108.7300033569336,108.83999633789062,107.4800033569336,107.5199966430664,99.46456146240234,30195200
2015-10-22,108.4800033569336,109.80000305175781,108.16999816894531,109.70999908447266,101.49050903320312,42778700
2015-10-23,112.66000366210938,113.23999786376953,112.06999969482422,112.77999877929688,104.33053588867188,53170900
2015-10-26,112.69999694824219,113.06999969482422,112.2699966430664,112.8499984741211,104.39527130126953,25918000
2015-10-27,112.55000305175781,113.23999786376953,112.5199966430664,113.08000183105469,104.6080322265625,31390500
2015-10-28,113.25,114.0199966430664,112.33999633789062,114.0199966430664,105.47760772705078,42221900
2015-10-29,113.5,114.02999877929688,113.37999725341797,113.83999633789062,105.31108856201172,24913300
2015-10-30,113.88999938964844,114.08000183105469,113.30000305175781,113.33000183105469,104.83930969238281,27199200
2015-11-02,113.62999725341797,114.75,113.38999938964844,114.61000061035156,106.02340698242188,22176900
2015-11-03,114.37999725341797,115.41999816894531,114.20999908447266,115.01000213623047,106.3934555053711,20418400
2015-11-04,115.38999938964844,115.47000122070312,114.54000091552734,115.0199966430664,106.40267944335938,28633000
2015-11-05,115.12000274658203,115.4000015258789,114.11000061035156,114.70999908447266,106.11589050292969,25004100
2015-11-06,114.48999786376953,114.91999816894531,113.76000213623047,114.79000091552734,106.1899185180664,29924900
2015-11-09,114.36000061035156,114.51000213623047,112.87000274658203,113.56999969482422,105.06133270263672,33479800
2015-11-10,112.97000122070312,113.38999938964844,112.62999725341797,113.27999877929688,104.79306030273438,35452100
2015-11-11,113.58999633789062,114.13999938964844,112.94999694824219,113.13999938964844,104.66354370117188,22748800
2015-11-12,112.68000030517578,113.2300033569336,111.95999908447266,112.04000091552734,103.64595794677734,31196900
2015-11-13,111.56999969482422,111.69000244140625,109.77999877929688,109.83999633789062,101.61078643798828,52836000
2015-11-16,109.7300033569336,111.44000244140625,109.4800033569336,111.41999816894531,103.0724105834961,33980600
2015-11-17,111.61000061035156,112.29000091552734,111.20999908447266,111.48999786376953,103.13715362548828,30579500
2015-11-18,111.94000244140625,113.73999786376953,111.83000183105469,113.62999725341797,105.11681365966797,32966500
2015-11-19,113.69000244140625,114.2300033569336,113.48999786376953,113.70999908447266,105.19082641601562,26188100
2015-11-20,114.25,114.56999969482422,114.13999938964844,114.4800033569336,105.90316772460938,22727600
2015-11-23,114.5199966430664,114.94000244140625,113.66000366210938,114.1500015258789,105.59788513183594,20696200
2015-11-24,113.41000366210938,114.31999969482422,112.83999633789062,114.05000305175781,105.50537109375,26374400
2015-11-25,114.22000122070312,114.36000061035156,113.91000366210938,114.1500015258789,105.59788513183594,14159900
2015-11-27,114.4000015258789,114.54000091552734,113.91999816894531,114.30999755859375,105.74588012695312,8828000
2015-11-30,114.6500015258789,114.6500015258789,113.6500015258789,114.0199966430664,105.47760772705078,25041600
2015-12-01,114.4800033569336,115.16000366210938,114.33999633789062,115.16000366210938,106.5322265625,28639400
2015-12-02,115.25,115.75,114.27999877929688,114.44999694824219,105.87540435791016,22395500
2015-12-03,114.76000213623047,114.95999908447266,111.83999633789062,112.51000213623047,104.08074951171875,42754300
2015-12-04,112.8499984741211,115.33000183105469,112.62000274658203,115.13999938964844,106.51371765136719,40037300
2015-12-07,115.22000122070312,115.29000091552734,114.06999969482422,114.62000274658203,106.03265380859375,25892100
2015-12-08,113.41999816894531,115.0,113.37999725341797,114.62999725341797,106.04191589355469,30792600
2015-12-09,114.12999725341797,114.76000213623047,112.19999694824219,112.88999938964844,104.43228912353516,48509200
2015-12-10,113.1500015258789,114.16000366210938,112.80999755859375,113.4000015258789,104.9040756225586,30154600
2015-12-11,112.08999633789062,112.38999938964844,110.72000122070312,110.79000091552734,102.48961639404297,56022200
2015-12-14,110.94000244140625,111.68000030517578,109.37999725341797,111.62999725341797,103.26667785644531,53098500
2015-12-15,112.66000366210938,113.27999877929688,112.16999816894531,112.30999755859375,103.895751953125,48428000
2015-12-16,113.06999969482422,114.16999816894531,111.88999938964844,113.9800033569336,105.44062042236328,44944100
2015-12-17,114.4800033569336,114.4800033569336,112.30000305175781,112.31999969482422,103.90497589111328,45668800
2015-12-18,111.62999725341797,111.87999725341797,109.83000183105469,109.83000183105469,101.91182708740234,53746100
2015-12-21,110.87000274658203,111.06999969482422,110.05000305175781,111.05000305175781,103.04387664794922,26432800
2015-12-22,111.63999938964844,111.94000244140625,111.05000305175781,111.77999877929688,103.72126770019531,26540300
2015-12-23,112.36000061035156,112.69000244140625,112.16000366210938,112.61000061035156,104.49142456054688,25656900
2015-12-24,112.61000061035156,112.9000015258789,112.54000091552734,112.58999633789062,104.47286987304688,11468600
2015-12-28,112.31999969482422,112.55000305175781,111.51000213623047,112.52999877929688,104.41717529296875,19183600
2015-12-29,113.19999694824219,114.55000305175781,113.12999725341797,114.30000305175781,106.05957794189453,27725700
2015-12-30,114.19999694824219,114.23999786376953,113.25,113.2699966430664,105.10380554199219,19520100
2015-12-31,112.87000274658203,113.08000183105469,111.83999633789062,111.86000061035156,103.7955093383789,29886800
2016-01-04,109.44999694824219,109.5999984741211,108.12000274658203,109.5,101.60564422607422,50807600
2016-01-05,110.04000091552734,110.18000030517578,108.80000305175781,109.30999755859375,101.42932891845703,38795200
2016-01-06,107.41000366210938,108.88999938964844,107.41000366210938,108.26000213623047,100.45502471923828,41891100
2016-01-07,105.94999694824219,107.29000091552734,104.80999755859375,104.87000274658203,97.30944061279297,61386300
2016-01-08,105.62999725341797,106.29000091552734,103.9000015258789,104.01000213623047,96.51143646240234,69344000
2016-01-11,104.75,105.05999755859375,102.7300033569336,104.33000183105469,96.808349609375,50024100
2016-01-12,105.33000183105469,106.08000183105469,104.08000183105469,105.54000091552734,97.93109893798828,46734200
2016-01-13,105.97000122070312,106.2300033569336,101.73999786376953,101.9000015258789,94.55355072021484,69870700
2016-01-14,102.30000305175781,104.9800033569336,100.66999816894531,104.06999969482422,96.5671157836914,78445700
2016-01-15,100.62000274658203,101.94000244140625,99.51000213623047,100.83999633789062,93.5699691772461,91443900
2016-01-19,102.20999908447266,102.37000274658203,99.87999725341797,101.05999755859375,93.77408599853516,56563800
2016-01-20,99.47000122070312,101.83000183105469,97.25,100.75,93.48646545410156,86675000
2016-01-21,101.18000030517578,102.3499984741211,99.81999969482422,100.8499984741211,93.57923126220703,61660100
2016-01-22,102.87999725341797,103.80999755859375,102.52999877929688,103.7699966430664,96.28872680664062,42229800
2016-01-25,103.4000015258789,103.98999786376953,102.13999938964844,102.2300033569336,94.85975646972656,38881500
2016-01-26,102.66000366210938,103.58999633789062,101.76000213623047,103.1500015258789,95.71343994140625,36143900
2016-01-27,102.55000305175781,102.98999786376953,100.1500015258789,100.58000183105469,93.3287124633789,54524700
2016-01-28,102.25,102.29000091552734,100.26000213623047,102.0,94.6463394165039,47641500
2016-01-29,101.97000122070312,104.16999816894531,101.94000244140625,104.12999725341797,96.62277221679688,54245100
2016-02-01,103.62999725341797,104.80000305175781,103.2300033569336,104.41000366210938,96.88260650634766,32750300
2016-02-02,103.93000030517578,103.97000122070312,101.83999633789062,102.1500015258789,94.78553771972656,44928100
2016-02-03,102.83000183105469,102.83000183105469,99.87999725341797,101.66000366210938,94.33084869384766,61572900
2016-02-04,101.38999938964844,102.45999908447266,100.44000244140625,101.6500015258789,94.32157897949219,49321600
2016-02-05,101.29000091552734,101.33000183105469,97.72000122070312,98.12000274658203,91.04606628417969,70749900
2016-02-08,96.29000091552734,97.05000305175781,94.83999633789062,96.62000274658203,89.65421295166016,91673100
2016-02-09,95.33000183105469,97.77999877929688,95.18000030517578,96.31999969482422,89.37581634521484,73778400
2016-02-10,97.43000030517578,98.69000244140625,96.62000274658203,96.69000244140625,89.71916198730469,59421700
2016-02-11,95.45999908447266,97.31999969482422,95.19000244140625,96.55000305175781,89.58927154541016,76839200
2016-02-12,97.63999938964844,98.12000274658203,96.7300033569336,98.0199966430664,90.9532470703125,49186500
2016-02-16,99.47000122070312,100.2300033569336,98.8499984741211,100.2300033569336,93.00395202636719,40565900
2016-02-17,100.95999908447266,102.63999938964844,100.69999694824219,102.5,95.11027526855469,41766500
2016-02-18,102.81999969482422,102.83999633789062,101.19999694824219,101.33000183105469,94.0246810913086,38991500
2016-02-19,100.83999633789062,101.94000244140625,100.62000274658203,101.62999725341797,94.30298614501953,28257900
2016-02-22,102.58000183105469,103.37999725341797,102.4800033569336,103.27999877929688,95.83406829833984,23979100
2016-02-23,102.68000030517578,102.95999908447266,101.51000213623047,101.58000183105469,94.25660705566406,29869700
2016-02-24,100.38999938964844,102.68000030517578,99.7699966430664,102.55000305175781,95.15669250488281,40739100
2016-02-25,102.76000213623047,103.55999755859375,101.83999633789062,103.55999755859375,96.0938720703125,29389300
2016-02-26,104.3499984741211,104.37000274658203,103.18000030517578,103.43000030517578,95.97322845458984,30925000
2016-02-29,103.33000183105469,104.0999984741211,102.5,102.5,95.11027526855469,27553900
2016-03-01,103.4800033569336,105.79000091552734,103.16000366210938,105.79000091552734,98.1631088256836,37699800
2016-03-02,105.66000366210938,105.8499984741211,105.01000213623047,105.83000183105469,98.20021057128906,29209800
2016-03-03,105.72000122070312,105.75,104.87000274658203,105.62999725341797,98.01464080810547,25474600
2016-03-04,105.75,106.3499984741211,104.97000122070312,105.66999816894531,98.05174255371094,31655400
2016-03-07,105.12999725341797,105.73999786376953,104.2699966430664,105.0199966430664,97.44862365722656,25861200
2016-03-08,104.30000305175781,105.20999908447266,103.97000122070312,104.1500015258789,96.64134216308594,28898500
2016-03-09,104.54000091552734,104.83999633789062,103.95999908447266,104.81999969482422,97.2630386352539,31047400
2016-03-10,105.26000213623047,105.86000061035156,103.30999755859375,104.66000366210938,97.11455535888672,44236100
2016-03-11,105.79000091552734,106.48999786376953,105.45999908447266,106.48999786376953,98.81261444091797,31454000
2016-03-14,106.08999633789062,106.91999816894531,106.05999755859375,106.66999816894531,98.97964477539062,25374900
2016-03-15,106.29000091552734,106.75,105.94999694824219,106.62999725341797,98.9425277709961,26524600
2016-03-16,106.37000274658203,107.86000061035156,106.33999633789062,107.58000183105469,99.82403564453125,31693100
2016-03-17,107.2699966430664,107.7699966430664,106.87000274658203,107.5199966430664,99.76835632324219,29623700
2016-03-18,107.45999908447266,107.63999938964844,106.80000305175781,107.37000274658203,99.92472076416016,37682300
2016-03-21,107.18000030517578,107.88999938964844,107.12000274658203,107.79000091552734,100.31561279296875,17288600
2016-03-22,107.18000030517578,108.37000274658203,107.16000366210938,108.12000274658203,100.62271118164062,18840300
2016-03-23,107.91000366210938,107.98999786376953,106.98999786376953,107.2300033569336,99.7944107055664,20912900
2016-03-24,106.70999908447266,107.29000091552734,106.52999877929688,107.26000213623047,99.82237243652344,19017300
2016-03-28,107.55999755859375,107.58000183105469,106.91999816894531,107.11000061035156,99.68276977539062,13892300
2016-03-29,106.91000366210938,108.9000015258789,106.7300033569336,108.83000183105469,101.28349304199219,29963900
2016-03-30,109.4800033569336,110.04000091552734,109.12999725341797,109.36000061035156,101.77674102783203,23807200
2016-03-31,109.27999877929688,109.69000244140625,109.02999877929688,109.19999694824219,101.6278076171875,21447200
2016-04-01,108.54000091552734,110.4000015258789,108.38999938964844,110.36000061035156,102.70738983154297,26389000
2016-04-04,110.36000061035156,110.44000244140625,109.68000030517578,109.94000244140625,102.31653594970703,17163000
2016-04-05,109.08999633789062,109.5,108.73999786376953,108.87999725341797,101.33000946044922,20107900
2016-04-06,108.98999786376953,110.70999908447266,108.98999786376953,110.66999816894531,102.99589538574219,25056000
2016-04-07,110.02999877929688,110.2300033569336,108.61000061035156,109.08000183105469,101.51615905761719,28567200
2016-04-08,109.76000213623047,110.0199966430664,108.62000274658203,109.0,101.44173431396484,22898000
2016-04-11,109.47000122070312,110.0199966430664,108.58999633789062,108.5999984741211,101.06942749023438,25772100
2016-04-12,108.68000030517578,109.72000122070312,108.0199966430664,109.51000213623047,101.91632080078125,28564100
2016-04-13,110.3499984741211,111.08000183105469,110.20999908447266,110.91000366210938,103.2192611694336,25356700
2016-04-14,110.93000030517578,111.33000183105469,110.0,110.91999816894531,103.22857666015625,17199700
2016-04-15,110.83000183105469,111.05999755859375,110.36000061035156,110.63999938964844,102.9679946899414,21353300
2016-04-18,110.31999969482422,111.2699966430664,110.25,111.2300033569336,103.51709747314453,17126100
2016-04-19,111.44000244140625,111.44000244140625,109.87999725341797,110.55000305175781,102.88423919677734,42481400
2016-04-20,110.55000305175781,111.1500015258789,110.16999816894531,110.63999938964844,102.9679946899414,18078300
2016-04-21,110.58000183105469,111.05000305175781,110.1500015258789,110.6500015258789,102.97730255126953,20216000
2016-04-22,109.20999908447266,109.72000122070312,108.12000274658203,108.9800033569336,101.42308807373047,39074000
2016-04-25,108.6500015258789,108.98999786376953,108.44999694824219,108.9800033569336,101.42308807373047,14351900
2016-04-26,109.20999908447266,109.38999938964844,108.12000274658203,108.44999694824219,100.92984771728516,19118300
2016-04-27,107.33999633789062,107.83000183105469,106.69000244140625,107.58000183105469,100.12015533447266,33059800
2016-04-28,107.69999694824219,108.33000183105469,106.06999969482422,106.27999877929688,98.91031646728516,29818200
2016-04-29,106.27999877929688,106.5,104.87999725341797,105.72000122070312,98.38915252685547,67502800
2016-05-02,105.98999786376953,106.87000274658203,105.55000305175781,106.72000122070312,99.31978607177734,24813800
2016-05-03,105.95999908447266,106.44000244140625,105.44999694824219,105.7300033569336,98.39842987060547,38569400
2016-05-04,105.08999633789062,105.4800033569336,104.79000091552734,105.05000305175781,97.76559448242188,27474500
2016-05-05,105.43000030517578,105.66000366210938,104.80999755859375,105.0199966430664,97.73768615722656,20788100
2016-05-06,104.5,105.5999984741211,104.4000015258789,105.58000183105469,98.25887298583984,30758500
2016-05-09,105.58999633789062,106.37000274658203,105.54000091552734,105.87999725341797,98.53805541992188,19289600
2016-05-10,106.26000213623047,107.37999725341797,106.06999969482422,107.33000183105469,99.88750457763672,21178900
2016-05-11,107.16999816894531,107.48999786376953,106.33000183105469,106.36000061035156,98.98477172851562,20966300
2016-05-12,106.61000061035156,106.73999786376953,105.13999938964844,105.88999938964844,98.54735565185547,29196300
2016-05-13,105.80000305175781,106.44999694824219,105.29000091552734,105.5,98.18439483642578,21059300
2016-05-16,105.66000366210938,107.20999908447266,105.55999755859375,106.81999969482422,99.4128646850586,18311900
2016-05-17,106.7300033569336,107.04000091552734,105.19999694824219,105.4800033569336,98.16577911376953,29932700
2016-05-18,105.23999786376953,106.43000030517578,105.04000091552734,105.86000061035156,98.51945495605469,27524400
2016-05-19,105.44999694824219,105.70999908447266,104.54000091552734,105.30999755859375,98.00757598876953,27334600
2016-05-20,105.7300033569336,106.9000015258789,105.66999816894531,106.47000122070312,99.08715057373047,29549600
2016-05-23,106.58999633789062,106.97000122070312,106.2300033569336,106.33000183105469,98.95683288574219,15729800
2016-05-24,106.91999816894531,108.58999633789062,106.88999938964844,108.45999908447266,100.93915557861328,29931300
2016-05-25,108.87000274658203,109.56999969482422,108.68000030517578,109.23999786376953,101.66506958007812,37951700
2016-05-26,109.3499984741211,109.69999694824219,109.08999633789062,109.55999755859375,101.9628677368164,21885900
2016-05-27,109.62999725341797,110.13999938964844,109.61000061035156,110.12999725341797,102.49333953857422,19870000
2016-05-31,110.27999877929688,110.51000213623047,109.77999877929688,110.33999633789062,102.68879699707031,24366100
2016-06-01,110.0,110.5999984741211,109.91000366210938,110.3499984741211,102.69808197021484,19571500
2016-06-02,110.12999725341797,110.58999633789062,109.52999877929688,110.58000183105469,102.91214752197266,15696600
2016-06-03,110.37000274658203,110.41999816894531,109.33999633789062,110.05999755859375,102.42821502685547,20269900
2016-06-06,110.26000213623047,110.75,110.06999969482422,110.45999908447266,102.80049133300781,12502400
2016-06-07,110.5199966430664,110.62999725341797,110.12999725341797,110.18000030517578,102.53990173339844,12184300
2016-06-08,110.37000274658203,110.5999984741211,109.95999908447266,110.37000274658203,102.71672821044922,14568700
2016-06-09,109.91999816894531,110.30999755859375,109.70999908447266,110.19000244140625,102.54917907714844,17571600
2016-06-10,109.19000244140625,109.4000015258789,108.55999755859375,108.94000244140625,101.38584899902344,32965000
2016-06-13,108.31999969482422,108.93000030517578,107.88999938964844,108.02999877929688,100.5389633178711,25154700
2016-06-14,107.73999786376953,108.41999816894531,107.23999786376953,108.02999877929688,100.5389633178711,24588500
2016-06-15,108.29000091552734,108.44000244140625,107.54000091552734,107.72000122070312,100.25044250488281,24605700
2016-06-16,107.19000244140625,108.13999938964844,106.5,108.04000091552734,100.54825592041016,32079900
2016-06-17,107.52999877929688,107.68000030517578,106.23999786376953,106.48999786376953,99.36973571777344,29208800
2016-06-20,107.7300033569336,108.23999786376953,107.08000183105469,107.16000366210938,99.99492645263672,20562800
2016-06-21,107.30000305175781,107.72000122070312,107.0999984741211,107.5,100.31218719482422,22804100
2016-06-22,107.55999755859375,108.19000244140625,107.1500015258789,107.23999786376953,100.06954956054688,22724200
2016-06-23,108.06999969482422,108.79000091552734,107.62000274658203,108.7699966430664,101.49726104736328,18714200
2016-06-24,104.9000015258789,106.5,104.05999755859375,104.29000091552734,97.31682586669922,68012700
2016-06-27,103.5999984741211,103.5999984741211,101.75,102.22000122070312,95.38520050048828,48222600
2016-06-28,103.3499984741211,104.51000213623047,103.30000305175781,104.45999908447266,97.47543334960938,28260600
2016-06-29,105.27999877929688,106.52999877929688,105.2300033569336,106.30999755859375,99.20174407958984,31356700
2016-06-30,106.48999786376953,107.61000061035156,106.12999725341797,107.54000091552734,100.34949493408203,36300800
2016-07-01,107.48999786376953,108.4800033569336,107.44999694824219,108.08000183105469,100.85344696044922,19902800
2016-07-05,107.51000213623047,107.66000366210938,106.83999633789062,107.41999816894531,100.2375259399414,21167900
2016-07-06,106.91000366210938,108.3499984741211,106.56999969482422,108.30000305175781,101.05867767333984,24579300
2016-07-07,108.4000015258789,108.86000061035156,108.11000061035156,108.62000274658203,101.35729217529297,19161700
2016-07-08,109.19999694824219,110.36000061035156,109.0199966430664,110.30000305175781,102.92495727539062,29457900
2016-07-11,110.66999816894531,111.33999633789062,110.66000366210938,110.93000030517578,103.51284790039062,20218500
2016-07-12,111.61000061035156,111.79000091552734,111.33999633789062,111.48999786376953,104.03538513183594,21906100
2016-07-13,111.75,111.81999969482422,111.20999908447266,111.22000122070312,103.78345489501953,21107800
2016-07-14,111.95999908447266,112.19000244140625,111.69999694824219,111.9800033569336,104.49262237548828,20871000
2016-07-15,112.23999786376953,112.30000305175781,111.55000305175781,111.80000305175781,104.32465362548828,17999300
2016-07-18,111.87000274658203,112.73999786376953,111.8499984741211,112.54000091552734,105.01516723632812,20713900
2016-07-19,112.1500015258789,112.4800033569336,111.93000030517578,112.12999725341797,104.63259887695312,18936700
2016-07-20,112.73999786376953,113.6500015258789,112.5999984741211,113.44000244140625,105.8550033569336,24997900
2016-07-21,113.5199966430664,113.73999786376953,112.87000274658203,113.18000030517578,105.6124038696289,18885400
2016-07-22,113.26000213623047,113.77999877929688,112.91000366210938,113.6500015258789,106.05097198486328,20003400
2016-07-25,113.55999755859375,113.69000244140625,113.27999877929688,113.66000366210938,106.06031036376953,12968100
2016-07-26,113.62000274658203,114.19999694824219,113.22000122070312,113.79000091552734,106.1816177368164,21223800
2016-07-27,114.75,114.87999725341797,114.0999984741211,114.58000183105469,106.91880798339844,27646100
2016-07-28,114.76000213623047,115.11000061035156,114.4000015258789,114.9800033569336,107.29203796386719,16939700
2016-07-29,115.23999786376953,115.54000091552734,114.87000274658203,115.2300033569336,107.52530670166016,22385300
2016-08-01,115.30999755859375,116.12999725341797,115.16999816894531,115.83999633789062,108.09455108642578,13990100
2016-08-02,115.66999816894531,115.7699966430664,114.22000122070312,114.95999908447266,107.27340698242188,21278400
2016-08-03,114.87000274658203,115.3499984741211,114.80000305175781,115.33999633789062,107.62797546386719,15011300
2016-08-04,115.30000305175781,115.77999877929688,115.02999877929688,115.66999816894531,107.9359130859375,12835300
2016-08-05,116.26000213623047,117.04000091552734,116.12999725341797,116.77999877929688,108.9717025756836,23196600
2016-08-08,116.83999633789062,116.87000274658203,116.27999877929688,116.6500015258789,108.85035705566406,12358200
2016-08-09,116.73999786376953,117.29000091552734,116.66999816894531,116.91999816894531,109.10230255126953,13276500
2016-08-10,116.98999786376953,117.0199966430664,116.30999755859375,116.62000274658203,108.8223876953125,14688400
2016-08-11,117.0199966430664,117.37000274658203,116.77999877929688,117.12000274658203,109.28897094726562,12969800
2016-08-12,116.91999816894531,117.20999908447266,116.79000091552734,117.19999694824219,109.36359405517578,19379000
2016-08-15,117.3499984741211,117.97000122070312,117.30999755859375,117.69999694824219,109.83019256591797,11777800
2016-08-16,117.4800033569336,117.48999786376953,117.02999877929688,117.05000305175781,109.22364807128906,14161400
2016-08-17,117.08000183105469,117.30000305175781,116.43000030517578,117.26000213623047,109.41959381103516,15980300
2016-08-18,117.1500015258789,117.45999908447266,116.94999694824219,117.29000091552734,109.44759368896484,10036300
2016-08-19,117.08000183105469,117.5199966430664,116.76000213623047,117.26000213623047,109.41959381103516,18743000
2016-08-22,117.08999633789062,117.55000305175781,116.87000274658203,117.3499984741211,109.50357055664062,14500600
2016-08-23,117.80999755859375,118.01000213623047,117.51000213623047,117.55999755859375,109.69953155517578,11997900
2016-08-24,117.4800033569336,117.63999938964844,116.41000366210938,116.80000305175781,108.9903793334961,17728700
2016-08-25,116.5,116.97000122070312,116.36000061035156,116.61000061035156,108.81306457519531,24266300
2016-08-26,116.6500015258789,117.54000091552734,116.08000183105469,116.77999877929688,108.9717025756836,23896000
2016-08-29,116.80999755859375,117.25,116.79000091552734,116.94000244140625,109.1209945678711,11184900
2016-08-30,116.75,117.08999633789062,116.16000366210938,116.55999755859375,108.7663803100586,19843300
2016-08-31,116.37999725341797,116.55999755859375,115.94999694824219,116.44000244140625,108.65443420410156,16169800
2016-09-01,116.4800033569336,116.87999725341797,115.91000366210938,116.73999786376953,108.93436431884766,20944700
2016-09-02,117.31999969482422,117.55999755859375,116.68000030517578,117.12000274658203,109.28897094726562,18088200
2016-09-06,117.31999969482422,117.8499984741211,117.05999755859375,117.8499984741211,109.97016143798828,18525200
2016-09-07,117.95999908447266,118.12000274658203,117.47000122070312,117.91999816894531,110.03546142578125,17546900
2016-09-08,117.56999969482422,117.5999984741211,116.91999816894531,117.2300033569336,109.39163208007812,20125300
2016-09-09,116.25,116.51000213623047,114.26000213623047,114.27999877929688,106.63883972167969,50813300
2016-09-12,113.63999938964844,116.48999786376953,113.62999725341797,116.33000183105469,108.55178833007812,39646000
2016-09-13,115.75,116.08999633789062,114.7300033569336,115.29000091552734,107.58132934570312,45863900
2016-09-14,115.41000366210938,116.47000122070312,115.37999725341797,115.83999633789062,108.09455108642578,28221800
2016-09-15,115.87000274658203,117.81999969482422,115.86000061035156,117.63999938964844,109.7741928100586,38521400
2016-09-16,117.22000122070312,117.41000366210938,116.70999908447266,117.29000091552734,109.72181701660156,27596500
2016-09-19,117.58999633789062,117.94999694824219,116.55000305175781,116.77999877929688,109.24472045898438,16222900
2016-09-20,117.19999694824219,117.4800033569336,116.80000305175781,117.0,109.45052337646484,18078600
2016-09-21,117.5,118.31999969482422,116.80999755859375,118.1500015258789,110.5263442993164,31546800
2016-09-22,118.83999633789062,119.22000122070312,118.72000122070312,119.08999633789062,111.40565490722656,22614400
2016-09-23,119.0,119.0,118.16000366210938,118.33000183105469,110.6946792602539,22213400
2016-09-26,117.66000366210938,117.80000305175781,117.16999816894531,117.33999633789062,109.7685775756836,16403900
2016-09-27,117.26000213623047,118.55999755859375,117.1500015258789,118.5,110.85372924804688,20238400
2016-09-28,118.6500015258789,118.7699966430664,118.08999633789062,118.69999694824219,111.04082489013672,14794300
2016-09-29,118.5,118.72000122070312,117.33000183105469,117.83999633789062,110.23631286621094,27207500
2016-09-30,118.1500015258789,119.06999969482422,118.02999877929688,118.72000122070312,111.05955505371094,25543200
2016-10-03,118.56999969482422,118.69999694824219,118.08999633789062,118.55000305175781,110.90049743652344,19216400
2016-10-04,118.9000015258789,119.16000366210938,117.91999816894531,118.37000274658203,110.73210906982422,21239700
2016-10-05,118.72000122070312,119.16999816894531,118.66999816894531,118.79000091552734,111.12501525878906,14481300
2016-10-06,118.63999938964844,118.9800033569336,118.1500015258789,118.7300033569336,111.06889343261719,11987100
2016-10-07,118.83999633789062,119.01000213623047,117.88999938964844,118.47000122070312,110.8256607055664,19984200
2016-10-10,119.08000183105469,119.4800033569336,119.02999877929688,119.22000122070312,111.52726745605469,19687300
2016-10-11,119.12000274658203,119.13999938964844,117.0,117.5199966430664,109.93695068359375,27774400
2016-10-12,117.62999725341797,117.81999969482422,117.05999755859375,117.41999816894531,109.84341430664062,14267800
2016-10-13,116.62000274658203,117.31999969482422,115.94000244140625,117.0,109.45052337646484,22821000
2016-10-14,117.58000183105469,118.05000305175781,117.06999969482422,117.13999938964844,109.58150482177734,21313300
2016-10-17,117.04000091552734,117.30000305175781,116.66999816894531,116.81999969482422,109.28213500976562,14182700
2016-10-18,118.20999908447266,118.41000366210938,117.80000305175781,117.86000061035156,110.2550277709961,19276700
2016-10-19,117.7699966430664,118.0199966430664,117.63999938964844,117.8499984741211,110.24568176269531,13702900
2016-10-20,117.7300033569336,117.97000122070312,117.02999877929688,117.70999908447266,110.11470794677734,18132200
2016-10-21,117.80000305175781,118.22000122070312,117.41000366210938,118.1500015258789,110.5263442993164,15707800
2016-10-24,118.91000366210938,119.6500015258789,118.88999938964844,119.56999969482422,111.85466766357422,19143000
2016-10-25,119.63999938964844,119.66000366210938,119.01000213623047,119.19000244140625,111.49922180175781,20341800
2016-10-26,118.41999816894531,119.02999877929688,118.02999877929688,118.37999725341797,110.74147033691406,20463700
2016-10-27,118.88999938964844,118.98999786376953,117.66999816894531,117.83999633789062,110.23631286621094,19099800
2016-10-28,117.5,118.11000061035156,116.73999786376953,117.0999984741211,109.54403686523438,35369300
2016-10-31,117.52999877929688,117.52999877929688,116.93000030517578,116.98999786376953,109.4411392211914,18749400
2016-11-01,117.19000244140625,117.20999908447266,115.0999984741211,116.11000061035156,108.6179428100586,23498700
2016-11-02,116.02999877929688,116.30000305175781,114.88999938964844,115.18000030517578,107.74795532226562,26960100
2016-11-03,114.98999786376953,115.37000274658203,113.91999816894531,114.05000305175781,106.69085693359375,36205200
2016-11-04,113.7699966430664,114.54000091552734,113.44999694824219,113.6500015258789,106.31668853759766,26997500
2016-11-07,115.48999786376953,116.47000122070312,115.30000305175781,116.3499984741211,108.84244537353516,26591200
2016-11-08,116.2300033569336,117.63999938964844,115.95999908447266,117.11000061035156,109.55340576171875,20777900
2016-11-09,115.73999786376953,117.83999633789062,115.5999984741211,117.6500015258789,110.0585708618164,70234400
2016-11-10,118.22000122070312,118.37999725341797,114.19999694824219,115.75,108.28117370605469,72825400
2016-11-11,115.25,116.05000305175781,114.83999633789062,115.80000305175781,108.32795715332031,41115200
2016-11-14,115.83000183105469,115.94000244140625,114.02999877929688,114.62999725341797,107.23344421386719,35906000
2016-11-15,115.5,116.62000274658203,115.33000183105469,116.22000122070312,108.72084045410156,31796600
2016-11-16,115.66999816894531,116.98999786376953,115.66999816894531,116.91000366210938,109.36632537841797,16538100
2016-11-17,116.8499984741211,117.77999877929688,116.61000061035156,117.76000213623047,110.16146850585938,20598600
2016-11-18,117.9000015258789,118.0999984741211,117.20999908447266,117.31999969482422,109.74988555908203,16428700
2016-11-21,117.61000061035156,118.6500015258789,117.56999969482422,118.54000091552734,110.89115142822266,20268500
2016-11-22,119.01000213623047,119.19000244140625,118.61000061035156,118.9000015258789,111.22791290283203,18850600
2016-11-23,118.51000213623047,118.63999938964844,117.9000015258789,118.41999816894531,110.77889251708984,22926000
2016-11-25,118.55999755859375,118.8499984741211,118.41999816894531,118.80000305175781,111.13436889648438,7162800
2016-11-28,118.6500015258789,119.08000183105469,118.41000366210938,118.52999877929688,110.88180541992188,13479000
2016-11-29,118.63999938964844,119.51000213623047,118.30000305175781,118.94000244140625,111.26533508300781,18553000
2016-11-30,119.08999633789062,119.12999725341797,117.45999908447266,117.5,109.91825866699219,30405300
2016-12-01,117.45999908447266,117.47000122070312,115.29000091552734,115.47000122070312,108.01924133300781,39796600
2016-12-02,115.54000091552734,116.16000366210938,115.22000122070312,115.69999694824219,108.23438262939453,32876800
2016-12-05,116.30000305175781,117.05999755859375,115.7699966430664,116.5999984741211,109.07633209228516,21419700
2016-12-06,116.93000030517578,117.08000183105469,116.38999938964844,116.87999725341797,109.33824920654297,27293300
2016-12-07,116.63999938964844,118.51000213623047,116.29000091552734,118.36000061035156,110.7227783203125,26622400
2016-12-08,118.41000366210938,118.87000274658203,118.18000030517578,118.56999969482422,110.91921997070312,18578400
2016-12-09,119.01000213623047,119.54000091552734,119.0,119.5,111.78919982910156,21863100
2016-12-12,118.97000122070312,119.20999908447266,118.47000122070312,118.95999908447266,111.28404998779297,23259300
2016-12-13,119.31999969482422,121.11000061035156,119.31999969482422,120.45999908447266,112.68727111816406,54477900
2016-12-14,120.61000061035156,121.0,119.86000061035156,120.20999908447266,112.45337677001953,28746000
2016-12-15,120.37000274658203,121.11000061035156,120.08000183105469,120.4000015258789,112.6311264038086,22762300
2016-12-16,120.33999633789062,120.58000183105469,119.36000061035156,119.5999984741211,112.21363067626953,26283900
2016-12-19,119.72000122070312,120.83000183105469,119.55000305175781,120.08999633789062,112.67333984375,21138700
2016-12-20,120.47000122070312,120.7699966430664,120.33000183105469,120.55000305175781,113.10493469238281,11461800
2016-12-21,120.5999984741211,120.68000030517578,120.19000244140625,120.45999908447266,113.02051544189453,7079300
2016-12-22,120.47000122070312,120.5,119.6500015258789,120.12000274658203,112.70149230957031,16645000
2016-12-23,119.91999816894531,120.25,119.80999755859375,120.19999694824219,112.77655029296875,9007500
2016-12-27,120.45999908447266,121.5199966430664,120.41000366210938,120.81999969482422,113.35826110839844,16110600
2016-12-28,121.08000183105469,121.19000244140625,119.80000305175781,119.87999725341797,112.47630310058594,17975200
2016-12-29,119.8499984741211,120.12999725341797,119.33000183105469,119.70999908447266,112.31684112548828,13267500
2016-12-30,119.94000244140625,119.94999694824219,118.13999938964844,118.4800033569336,111.16280364990234,41749000
2017-01-03,119.2699966430664,119.98999786376953,118.88999938964844,119.54000091552734,112.1573257446289,22307600
2017-01-04,119.66999816894531,120.41000366210938,119.66000366210938,120.19000244140625,112.7671890258789,19749100
2017-01-05,120.0999984741211,120.94999694824219,120.0999984741211,120.87000274658203,113.40518951416016,20644300
2017-01-06,121.0,122.25,120.69000244140625,121.93000030517578,114.39971923828125,24074300
2017-01-09,122.02999877929688,122.55000305175781,121.94999694824219,122.33000183105469,114.7750244140625,18909200
2017-01-10,122.37999725341797,122.97000122070312,122.0999984741211,122.5999984741211,115.0283432006836,16176600
2017-01-11,122.6500015258789,122.93000030517578,122.0199966430664,122.93000030517578,115.33795166015625,20686000
2017-01-12,122.48999786376953,122.81999969482422,121.5999984741211,122.73999786376953,115.15967559814453,19622500
2017-01-13,122.80000305175781,123.37000274658203,122.80000305175781,123.16000366210938,115.55376434326172,16930800
2017-01-17,122.83999633789062,123.02999877929688,122.43000030517578,122.79000091552734,115.20660400390625,14538500
2017-01-18,122.97000122070312,123.16000366210938,122.66000366210938,123.04000091552734,115.441162109375,12499700
2017-01-19,123.22000122070312,123.6500015258789,122.72000122070312,122.9800033569336,115.38485717773438,12710700
2017-01-20,123.5199966430664,123.83000183105469,122.91999816894531,123.25,115.63819122314453,22091000
2017-01-23,123.16999816894531,123.52999877929688,122.56999969482422,123.3499984741211,115.73202514648438,17434200
2017-01-24,123.58999633789062,124.37000274658203,123.37999725341797,124.18000030517578,116.51075744628906,17640900
2017-01-25,124.95999908447266,125.45999908447266,124.8499984741211,125.43000030517578,117.68355560302734,15036200
2017-01-26,125.5999984741211,125.81999969482422,125.33999633789062,125.55999755859375,117.80552673339844,16052200
2017-01-27,125.83000183105469,125.91999816894531,125.38999938964844,125.80000305175781,118.03069305419922,15053000
2017-01-30,125.37999725341797,125.37999725341797,124.12999725341797,124.81999969482422,117.1112289428711,25006700
2017-01-31,124.37999725341797,124.5999984741211,123.8499984741211,124.56999969482422,116.87669372558594,19091100
2017-02-01,125.44999694824219,125.68000030517578,124.86000061035156,125.43000030517578,117.68355560302734,22861900
2017-02-02,125.20999908447266,125.69999694824219,124.86000061035156,125.31999969482422,117.58036041259766,15101400
2017-02-03,125.44999694824219,125.80999755859375,125.33000183105469,125.68000030517578,117.91810607910156,16957200
2017-02-06,125.47000122070312,125.8499984741211,125.3499984741211,125.83000183105469,118.05887603759766,11630100
2017-02-07,126.08999633789062,126.55000305175781,125.97000122070312,126.29000091552734,118.49044799804688,17541100
2017-02-08,126.12000274658203,126.68000030517578,125.87999725341797,126.5,118.68746185302734,12569100
2017-02-09,126.62999725341797,127.23999786376953,126.55999755859375,126.95999908447266,119.11906433105469,17542700
2017-02-10,127.23999786376953,127.55999755859375,127.0199966430664,127.37999725341797,119.51313781738281,13915700
2017-02-13,127.7699966430664,128.25999450683594,127.72000122070312,128.10000610351562,120.18865203857422,19120200
2017-02-14,128.14999389648438,128.5399932861328,127.73999786376953,128.52999877929688,120.59207916259766,16333500
2017-02-15,128.44000244140625,129.35000610351562,128.3699951171875,129.2899932861328,121.3051528930664,17891400
2017-02-16,129.3699951171875,129.6300048828125,128.9199981689453,129.25,121.26763153076172,15098300
2017-02-17,129.05999755859375,129.82000732421875,129.0399932861328,129.80999755859375,121.79302978515625,15563700
2017-02-21,130.05999755859375,130.52999877929688,129.99000549316406,130.4499969482422,122.39351654052734,18479600
2017-02-22,130.3300018310547,130.58999633789062,130.11000061035156,130.5,122.44041442871094,12110900
2017-02-23,130.6999969482422,130.6999969482422,129.49000549316406,130.00999450683594,121.98066711425781,17489000
2017-02-24,129.4199981689453,130.25999450683594,129.3800048828125,130.25999450683594,122.2152328491211,18624500
2017-02-27,130.02000427246094,130.42999267578125,129.8000030517578,130.4199981689453,122.36539459228516,12008700
2017-02-28,130.38999938964844,130.4499969482422,129.66000366210938,130.02000427246094,121.99008178710938,16598600
2017-03-01,130.85000610351562,131.67999267578125,130.60000610351562,131.44000244140625,123.3223648071289,25813800
2017-03-02,131.41000366210938,131.42999267578125,130.6199951171875,130.77999877929688,122.70316314697266,19951400
2017-03-03,130.69000244140625,131.05999755859375,130.33999633789062,131.02000427246094,122.92835998535156,13722700
2017-03-06,130.58999633789062,130.9499969482422,130.2100067138672,130.72999572753906,122.65620422363281,12026200
2017-03-07,130.47000122070312,131.0800018310547,130.27999877929688,130.50999450683594,122.44981384277344,15500900
2017-03-08,130.58999633789062,131.14999389648438,130.4600067138672,130.74000549316406,122.66560363769531,15776000
2017-03-09,130.7100067138672,131.02000427246094,130.13999938964844,130.83999633789062,122.75943756103516,20855300
2017-03-10,131.44000244140625,131.60000610351562,130.82000732421875,131.38999938964844,123.27545928955078,21922600
2017-03-13,131.33999633789062,131.63999938964844,131.27000427246094,131.61000061035156,123.48188781738281,10731600
2017-03-14,131.30999755859375,131.36000061035156,130.75999450683594,131.2899932861328,123.1816635131836,14019700
2017-03-15,131.55999755859375,132.41000366210938,131.13999938964844,132.10000610351562,123.94163513183594,22709100
2017-03-16,132.35000610351562,132.35000610351562,131.7100067138672,132.00999450683594,123.85719299316406,18457300
2017-03-17,131.89999389648438,132.0399932861328,131.6199951171875,131.69000244140625,123.81392669677734,21234500
2017-03-20,131.64999389648438,132.11000061035156,131.4600067138672,131.80999755859375,123.92674255371094,10105200
2017-03-21,132.30999755859375,132.42999267578125,129.72999572753906,129.80999755859375,122.0463638305664,35841900
2017-03-22,129.85000610351562,130.82000732421875,129.67999267578125,130.69000244140625,122.87377166748047,29177900
2017-03-23,130.52000427246094,130.8800048828125,130.13999938964844,130.36000061035156,122.5634765625,20311700
2017-03-24,130.77999877929688,131.2899932861328,130.1300048828125,130.6300048828125,122.8173599243164,22967600
2017-03-27,129.6999969482422,131.07000732421875,129.39999389648438,130.83999633789062,123.01475524902344,18472400
2017-03-28,130.83999633789062,132.02999877929688,130.5500030517578,131.63999938964844,123.76692199707031,23721900
2017-03-29,131.72999572753906,132.3000030517578,131.58999633789062,132.25,124.34043884277344,13710000
2017-03-30,132.1999969482422,132.61000061035156,132.0800018310547,132.47000122070312,124.54727172851562,16092400
2017-03-31,132.27999877929688,132.74000549316406,132.1300048828125,132.3800048828125,124.46267700195312,19841400
2017-04-03,132.49000549316406,132.80999755859375,131.55999755859375,132.3000030517578,124.38744354248047,23700300
2017-04-04,131.9199981689453,132.52999877929688,131.8699951171875,132.50999450683594,124.58489990234375,13400000
2017-04-05,132.6999969482422,133.47999572753906,131.72000122070312,131.97000122070312,124.07721710205078,32011200
2017-04-06,132.10000610351562,132.38999938964844,131.6999969482422,132.0399932861328,124.14297485351562,18832200
2017-04-07,132.0,132.3699951171875,131.5,131.97000122070312,124.07721710205078,16743100
2017-04-10,132.10000610351562,132.57000732421875,131.66000366210938,132.02000427246094,124.12417602539062,15619300
2017-04-11,131.89999389648438,132.10000610351562,130.5,131.4499969482422,123.5882797241211,33778400
2017-04-12,131.42999267578125,131.5399932861328,130.77999877929688,130.9199981689453,123.0899887084961,15955200
2017-04-13,130.74000549316406,131.50999450683594,130.3800048828125,130.39999389648438,122.60104370117188,23683000
2017-04-17,130.77000427246094,131.5,130.72000122070312,131.47999572753906,123.61651611328125,13325500
2017-04-18,131.0399932861328,131.66000366210938,130.9499969482422,131.27999877929688,123.42845153808594,12841100
2017-04-19,131.85000610351562,132.2899932861328,131.30999755859375,131.49000549316406,123.62589263916016,17764800
2017-04-20,132.02000427246094,132.8800048828125,131.82000732421875,132.58999633789062,124.66007232666016,21977900
2017-04-21,132.7100067138672,132.75999450683594,132.22000122070312,132.55999755859375,124.63192749023438,22454900
2017-04-24,134.02999877929688,134.2899932861328,133.8000030517578,134.16000366210938,126.13621520996094,22469900
2017-04-25,134.60000610351562,135.3699951171875,134.47999572753906,135.1300048828125,127.04815673828125,19384400
2017-04-26,135.17999267578125,135.50999450683594,134.86000061035156,134.94000244140625,126.86952209472656,25398500
2017-04-27,135.27000427246094,135.75,135.19000244140625,135.75,127.63111114501953,16136500
2017-04-28,136.2899932861328,136.33999633789062,135.77000427246094,135.99000549316406,127.85675811767578,22771900
2017-05-01,136.44000244140625,137.3800048828125,136.3800048828125,137.1999969482422,128.994384765625,24815500
2017-05-02,137.3699951171875,137.49000549316406,137.02000427246094,137.42999267578125,129.2106170654297,18345100
2017-05-03,137.1199951171875,137.1699981689453,136.6199951171875,136.99000549316406,128.79693603515625,23827600
2017-05-04,136.97000122070312,137.42999267578125,136.55999755859375,137.0399932861328,128.843994140625,14630100
2017-05-05,137.38999938964844,137.5399932861328,136.8800048828125,137.5399932861328,129.3140869140625,19330700
2017-05-08,137.61000061035156,137.83999633789062,137.3300018310547,137.83999633789062,129.59613037109375,13279900
2017-05-09,138.0500030517578,138.6300048828125,137.92999267578125,138.32000732421875,130.04742431640625,28426100
2017-05-10,138.39999389648438,138.4499969482422,137.91000366210938,138.39999389648438,130.12258911132812,20499400
2017-05-11,138.02000427246094,138.3300018310547,137.3800048828125,138.2899932861328,130.01918029785156,27232100
2017-05-12,138.35000610351562,138.6300048828125,138.22999572753906,138.60000610351562,130.31069946289062,19738600
2017-05-15,138.66000366210938,139.1199951171875,138.52999877929688,139.0399932861328,130.72438049316406,20481300
2017-05-16,139.39999389648438,139.63999938964844,138.99000549316406,139.6199951171875,131.26966857910156,21786000
2017-05-17,138.50999450683594,138.77000427246094,136.0500030517578,136.07000732421875,127.93194580078125,55642200
2017-05-18,136.02000427246094,137.72000122070312,135.8699951171875,137.25999450683594,129.0508270263672,41319900
2017-05-19,137.75,138.4199981689453,137.66000366210938,137.83999633789062,129.59613037109375,36730100
2017-05-22,138.14999389648438,139.07000732421875,138.10000610351562,139.0,130.68670654296875,19509700
2017-05-23,139.41000366210938,139.4199981689453,138.77999877929688,139.13999938964844,130.818359375,19687500
2017-05-24,139.55999755859375,139.85000610351562,139.1699981689453,139.77999877929688,131.42007446289062,15891900
2017-05-25,140.30999755859375,141.3300018310547,140.00999450683594,140.97000122070312,132.53892517089844,23928600
2017-05-26,141.0,141.27999877929688,140.80999755859375,141.22000122070312,132.77398681640625,13851600
2017-05-30,141.14999389648438,141.50999450683594,141.05999755859375,141.33999633789062,132.8867645263672,20306400
2017-05-31,141.83999633789062,141.83999633789062,140.57000732421875,141.2899932861328,132.83975219726562,33229400
2017-06-01,141.5800018310547,141.89999389648438,140.97999572753906,141.83999633789062,133.35691833496094,20120700
2017-06-02,142.33999633789062,143.49000549316406,142.11000061035156,143.4600067138672,134.88002014160156,37222900
2017-06-05,143.4499969482422,143.67999267578125,143.22999572753906,143.42999267578125,134.85179138183594,15727500
2017-06-06,143.25999450683594,143.72999572753906,142.64999389648438,142.86000061035156,134.31590270996094,22393000
2017-06-07,143.25999450683594,143.5399932861328,142.60000610351562,143.4199981689453,134.84242248535156,18842400
2017-06-08,143.74000549316406,143.8000030517578,142.7899932861328,143.57000732421875,134.98341369628906,25417400
2017-06-09,143.74000549316406,143.89999389648438,138.11000061035156,139.97999572753906,131.608154296875,109783700
2017-06-12,138.8000030517578,139.47999572753906,137.47000122070312,139.22999572753906,130.90296936035156,104454000
2017-06-13,140.00999450683594,140.55999755859375,139.27999877929688,140.36000061035156,131.96539306640625,51193000
2017-06-14,140.92999267578125,140.92999267578125,138.6199951171875,139.75,131.39186096191406,60093800
2017-06-15,138.33999633789062,139.27999877929688,137.49000549316406,139.1300048828125,130.80899047851562,55145200
2017-06-16,138.67999267578125,138.77999877929688,137.63999938964844,138.14999389648438,130.2413787841797,48087400
2017-06-19,139.49000549316406,140.58999633789062,139.27999877929688,140.4600067138672,132.41921997070312,39626500
2017-06-20,140.32000732421875,140.5,139.30999755859375,139.36000061035156,131.38214111328125,40935100
2017-06-21,139.67999267578125,140.80999755859375,139.58999633789062,140.74000549316406,132.68316650390625,35743400
2017-06-22,140.9600067138672,141.22000122070312,140.33999633789062,140.6999969482422,132.64549255371094,24099100
2017-06-23,140.5399932861328,141.4199981689453,140.14999389648438,141.24000549316406,133.154541015625,21654300
2017-06-26,142.0500030517578,142.2899932861328,140.27000427246094,140.5800018310547,132.53233337402344,34411100
2017-06-27,140.0500030517578,140.22000122070312,138.02000427246094,138.02999877929688,130.1282958984375,65957800
2017-06-28,138.5399932861328,140.13999938964844,137.74000549316406,140.02000427246094,132.00436401367188,57427200
2017-06-29,139.44000244140625,139.44000244140625,136.25,137.58999633789062,129.7134552001953,88769400
2017-06-30,137.97999572753906,138.6699981689453,137.19000244140625,137.63999938964844,129.7606201171875,68898300
2017-07-03,138.27000427246094,138.42999267578125,136.10000610351562,136.19000244140625,128.39361572265625,32797000
2017-07-05,136.6199951171875,137.89999389648438,136.16000366210938,137.52999877929688,129.65689086914062,42116600
2017-07-06,136.47999572753906,137.05999755859375,135.8000030517578,136.2899932861328,128.48788452148438,48430500
2017-07-07,136.75,138.1300048828125,136.74000549316406,137.75999450683594,129.87371826171875,36970400
2017-07-10,137.85000610351562,138.99000549316406,137.5,138.66000366210938,130.7222442626953,24853500
2017-07-11,138.4600067138672,139.22000122070312,137.94000244140625,139.0500030517578,131.0899200439453,31517700
2017-07-12,140.24000549316406,140.86000061035156,139.9600067138672,140.6999969482422,132.64549255371094,36045800
2017-07-13,140.8699951171875,141.35000610351562,140.60000610351562,141.00999450683594,132.93768310546875,31073600
2017-07-14,141.63999938964844,142.3000030517578,141.19000244140625,142.1199951171875,133.9842071533203,34544800
2017-07-17,142.27000427246094,142.69000244140625,141.9199981689453,142.19000244140625,134.05020141601562,25343200
2017-07-18,142.08999633789062,143.1699981689453,141.63999938964844,143.13999938964844,134.94573974609375,25748500
2017-07-19,143.55999755859375,144.19000244140625,143.5,143.97999572753906,135.73765563964844,33752300
2017-07-20,144.35000610351562,144.44000244140625,143.52000427246094,144.1699981689453,135.9167938232422,36139400
2017-07-21,143.63999938964844,144.11000061035156,143.35000610351562,144.11000061035156,135.86024475097656,39697100
2017-07-24,144.08999633789062,144.8699951171875,143.9199981689453,144.77000427246094,136.4824676513672,26712700
2017-07-25,144.2899932861328,144.74000549316406,144.00999450683594,144.39999389648438,136.13360595703125,28120900
2017-07-26,144.75999450683594,144.9499969482422,144.52999877929688,144.8699951171875,136.57675170898438,18610600
2017-07-27,145.82000732421875,145.9600067138672,142.3000030517578,143.9600067138672,135.71885681152344,80665900
2017-07-28,143.10000610351562,144.0800018310547,142.8699951171875,143.83999633789062,135.60574340820312,38013200
2017-07-31,144.25,144.42999267578125,142.9199981689453,143.22999572753906,135.03062438964844,33848600
2017-08-01,143.72000122070312,143.75999450683594,143.1199951171875,143.55999755859375,135.3416748046875,20149400
2017-08-02,144.49000549316406,144.52000427246094,142.61000061035156,143.9499969482422,135.70941162109375,41769700
2017-08-03,144.08999633789062,144.1699981689453,143.1300048828125,143.38999938964844,135.18142700195312,27112800
2017-08-04,143.7100067138672,143.97000122070312,143.05999755859375,143.64999389648438,135.42652893066406,29472900
2017-08-07,143.91000366210938,144.55999755859375,143.7100067138672,144.55999755859375,136.28448486328125,17933900
2017-08-08,144.27999877929688,145.47000122070312,143.89999389648438,144.30999755859375,136.048828125,30810400
2017-08-09,143.1199951171875,144.19000244140625,142.7899932861328,144.1199951171875,135.8696746826172,36169500
2017-08-10,143.3000030517578,143.39999389648438,140.88999938964844,141.02999877929688,132.9565887451172,63331700
2017-08-11,141.22000122070312,142.41000366210938,140.89999389648438,142.10000610351562,133.96531677246094,45862500
2017-08-14,143.22999572753906,144.14999389648438,143.19000244140625,143.92999267578125,135.69052124023438,34161000
2017-08-15,144.2899932861328,144.3000030517578,143.63999938964844,144.02999877929688,135.7848358154297,25509200
2017-08-16,144.38999938964844,144.9600067138672,143.8000030517578,144.27999877929688,136.0205078125,31913000
2017-08-17,143.72000122070312,143.94000244140625,141.3300018310547,141.3300018310547,133.23939514160156,70191000
2017-08-18,141.41000366210938,142.1999969482422,140.64999389648438,141.22999572753906,133.14515686035156,60751900
2017-08-21,141.22000122070312,141.52999877929688,140.17999267578125,141.0500030517578,132.9754638671875,37111500
2017-08-22,141.80999755859375,143.35000610351562,141.75999450683594,143.1999969482422,135.00230407714844,36294200
2017-08-23,142.47999572753906,143.00999450683594,142.3800048828125,142.69000244140625,134.52157592773438,25702300
2017-08-24,143.00999450683594,143.1699981689453,141.47000122070312,142.27000427246094,134.12559509277344,38160800
2017-08-25,142.82000732421875,143.17999267578125,141.77999877929688,141.97000122070312,133.84274291992188,26380400
2017-08-28,142.39999389648438,142.74000549316406,141.9499969482422,142.41000366210938,134.2575225830078,15362100
2017-08-29,141.19000244140625,143.2100067138672,141.05999755859375,142.97000122070312,134.78549194335938,24498300
2017-08-30,143.08999633789062,144.88999938964844,143.0,144.64999389648438,136.36932373046875,33642700
2017-08-31,145.05999755859375,146.2100067138672,144.97999572753906,146.1999969482422,137.8306427001953,38480700
2017-09-01,146.38999938964844,146.58999633789062,145.61000061035156,146.0,137.6420135498047,22293600
2017-09-05,145.57000732421875,145.8800048828125,143.60000610351562,144.69000244140625,136.4070281982422,44794300
2017-09-06,145.05999755859375,145.4600067138672,144.0800018310547,145.1300048828125,136.82186889648438,30722700
2017-09-07,145.39999389648438,145.83999633789062,144.94000244140625,145.47000122070312,137.14239501953125,22721100
2017-09-08,145.27999877929688,145.35000610351562,144.05999755859375,144.2100067138672,135.95457458496094,27890100
2017-09-11,145.33999633789062,146.1199951171875,145.3000030517578,145.8699951171875,137.5194549560547,27126300
2017-09-12,146.27999877929688,146.41000366210938,145.52999877929688,146.22000122070312,137.8494415283203,30256700
2017-09-13,145.97000122070312,146.44000244140625,145.72999572753906,146.4199981689453,138.03802490234375,28450900
2017-09-14,145.85000610351562,146.2899932861328,145.47000122070312,145.55999755859375,137.22726440429688,35296400
2017-09-15,145.52999877929688,146.58999633789062,145.2899932861328,146.05999755859375,137.6986083984375,46422400
2017-09-18,145.91000366210938,146.3699951171875,145.11000061035156,145.5500030517578,137.51815795898438,24858200
2017-09-19,145.80999755859375,146.00999450683594,145.30999755859375,145.8000030517578,137.7543487548828,20871200
2017-09-20,145.75,145.91000366210938,144.22999572753906,145.35000610351562,137.32919311523438,34236200
2017-09-21,145.25,145.25999450683594,143.9499969482422,144.4600067138672,136.48831176757812,28841800
2017-09-22,144.0,144.52999877929688,143.85000610351562,144.32000732421875,136.3560028076172,21702400
2017-09-25,143.75,143.8300018310547,142.10000610351562,142.8000030517578,134.9198760986328,54947700
2017-09-26,143.52999877929688,143.8000030517578,142.6699981689453,143.1699981689453,135.26947021484375,29628800
2017-09-27,143.92999267578125,145.0,143.57000732421875,144.4600067138672,136.48831176757812,33249400
2017-09-28,144.11000061035156,144.55999755859375,143.77999877929688,144.41000366210938,136.44105529785156,24149400
2017-09-29,144.6999969482422,145.55999755859375,144.32000732421875,145.4499969482422,137.42364501953125,43102400
2017-10-02,145.6699981689453,146.1699981689453,144.92999267578125,145.5800018310547,137.54649353027344,27351300
2017-10-03,145.77000427246094,146.05999755859375,145.4499969482422,145.88999938964844,137.83935546875,19715200
2017-10-04,145.61000061035156,146.33999633789062,145.47000122070312,146.02999877929688,137.97166442871094,26381100
2017-10-05,146.55999755859375,147.5399932861328,146.41000366210938,147.4600067138672,139.32276916503906,31562400
2017-10-06,146.9600067138672,147.66000366210938,146.9600067138672,147.66000366210938,139.51168823242188,23561100
2017-10-09,147.85000610351562,148.00999450683594,147.3000030517578,147.49000549316406,139.35110473632812,13704800
2017-10-10,147.99000549316406,148.13999938964844,146.9499969482422,147.60000610351562,139.45497131347656,19223100
2017-10-11,147.52999877929688,148.07000732421875,147.33999633789062,148.0399932861328,139.87074279785156,12439100
2017-10-12,147.82000732421875,148.35000610351562,147.6199951171875,147.77000427246094,139.61561584472656,14513500
2017-10-13,148.3699951171875,148.50999450683594,147.77999877929688,148.33999633789062,140.15420532226562,18409900
2017-10-16,148.7100067138672,148.88999938964844,148.38999938964844,148.85000610351562,140.63609313964844,21809400
2017-10-17,148.8000030517578,149.05999755859375,148.57000732421875,149.0399932861328,140.81556701660156,13138200
2017-10-18,149.19000244140625,149.2100067138672,148.63999938964844,148.86000061035156,140.64549255371094,17218200
2017-10-19,147.99000549316406,148.3300018310547,147.27000427246094,148.30999755859375,140.1258087158203,27680300
2017-10-20,148.91000366210938,149.0399932861328,148.52999877929688,148.7100067138672,140.5037841796875,30173300
2017-10-23,149.02000427246094,149.02999877929688,147.52999877929688,147.74000549316406,139.58724975585938,29297100
2017-10-24,148.02999877929688,148.3000030517578,147.44000244140625,147.99000549316406,139.823486328125,20289500
2017-10-25,147.6999969482422,148.17999267578125,146.3300018310547,147.42999267578125,139.29441833496094,36179100
2017-10-26,147.33999633789062,147.7100067138672,146.9199981689453,146.9600067138672,138.85032653808594,28230200
2017-10-27,149.42999267578125,151.52000427246094,149.1999969482422,151.24000549316406,142.8941650390625,60165100
2017-10-30,151.1300048828125,152.19000244140625,150.99000549316406,151.5800018310547,143.2154083251953,31733400
2017-10-31,152.07000732421875,152.3699951171875,151.6300048828125,152.14999389648438,143.7539825439453,26319300
2017-11-01,152.75999450683594,152.8300018310547,151.5,152.10000610351562,143.70672607421875,29481600
2017-11-02,151.92999267578125,151.99000549316406,150.77000427246094,151.80999755859375,143.4327392578125,31017400
2017-11-03,152.36000061035156,153.2899932861328,151.83999633789062,153.27000427246094,144.81216430664062,26199200
2017-11-06,153.14999389648438,153.85000610351562,153.10000610351562,153.7899932861328,145.3034210205078,28693900
2017-11-07,153.6699981689453,154.0800018310547,153.33999633789062,153.8800048828125,145.3885040283203,21333100
2017-11-08,153.8000030517578,154.5399932861328,153.6199951171875,154.5,145.9742431640625,17373500
2017-11-09,153.22999572753906,153.77000427246094,152.11000061035156,153.69000244140625,145.20899963378906,40594500
2017-11-10,153.3300018310547,153.8000030517578,153.05999755859375,153.67999267578125,145.1995086669922,20150800
2017-11-13,153.10000610351562,154.07000732421875,153.10000610351562,153.8699951171875,145.37901306152344,12522400
2017-11-14,153.3300018310547,153.5,152.57000732421875,153.30999755859375,144.84994506835938,25173800
2017-11-15,152.64999389648438,153.0,151.77999877929688,152.58999633789062,144.16964721679688,24808000
2017-11-16,153.36000061035156,154.88999938964844,153.3300018310547,154.5399932861328,146.01202392578125,34790600
2017-11-17,154.5800018310547,154.69000244140625,153.8000030517578,153.9499969482422,145.45455932617188,28725800
2017-11-20,154.05999755859375,154.1999969482422,153.61000061035156,153.8300018310547,145.3412322998047,21143900
2017-11-21,154.55999755859375,155.57000732421875,154.49000549316406,155.5,146.91908264160156,20147800
2017-11-22,155.63999938964844,155.83999633789062,155.33999633789062,155.69000244140625,147.09860229492188,17299000
2017-11-24,155.85000610351562,156.30999755859375,155.75999450683594,156.25999450683594,147.63714599609375,8280600
2017-11-27,156.2100067138672,156.55999755859375,155.8300018310547,156.19000244140625,147.57101440429688,22653400
2017-11-28,156.5399932861328,156.69000244140625,155.6999969482422,156.58999633789062,147.94891357421875,25227300
2017-11-29,156.41000366210938,156.4499969482422,153.1199951171875,153.86000061035156,145.3695831298828,71986300
2017-11-30,154.50999450683594,155.4499969482422,154.14999389648438,155.14999389648438,146.58840942382812,56595500
2017-12-01,154.1999969482422,155.24000549316406,152.25999450683594,154.49000549316406,145.96485900878906,59015800
2017-12-04,155.4600067138672,155.6300048828125,152.55999755859375,152.7100067138672,144.28305053710938,51319100
2017-12-05,152.67999267578125,154.5500030517578,152.10000610351562,152.80999755859375,144.37753295898438,40604200
2017-12-06,152.24000549316406,153.74000549316406,152.05999755859375,153.5,145.02944946289062,28647800
2017-12-07,153.49000549316406,154.4600067138672,153.3300018310547,154.02000427246094,145.52076721191406,32666200
2017-12-08,155.14999389648438,155.52999877929688,154.4600067138672,154.6999969482422,146.1632537841797,28081700
2017-12-11,154.77000427246094,155.9499969482422,154.75999450683594,155.89999389648438,147.29705810546875,20821500
2017-12-12,155.8300018310547,156.14999389648438,155.36000061035156,155.69000244140625,147.09860229492188,20310300
2017-12-13,156.32000732421875,156.49000549316406,155.75999450683594,155.99000549316406,147.3820343017578,24418500
2017-12-14,156.25999450683594,156.66000366210938,155.7100067138672,155.8800048828125,147.27810668945312,24594700
2017-12-15,156.49000549316406,157.82000732421875,156.22999572753906,157.64999389648438,148.95042419433594,49816200
2017-12-18,158.36000061035156,158.77000427246094,158.07000732421875,158.63999938964844,150.19927978515625,26844500
2017-12-19,158.33999633789062,158.5,157.25999450683594,157.6999969482422,149.3092803955078,31415000
2017-12-20,158.25,158.27999877929688,156.91000366210938,157.52999877929688,149.1483612060547,38972600
2017-12-21,157.75,158.25,157.3699951171875,157.5500030517578,149.16726684570312,18638700
2017-12-22,157.30999755859375,157.42999267578125,156.9499969482422,157.3699951171875,148.996826171875,23330400
2017-12-26,156.49000549316406,156.72000122070312,155.9499969482422,156.52000427246094,148.19203186035156,21918700
2017-12-27,156.52999877929688,156.9600067138672,156.38999938964844,156.5399932861328,148.21096801757812,22388200
2017-12-28,157.0399932861328,157.07000732421875,156.5399932861328,156.72999572753906,148.39093017578125,25393800
2017-12-29,156.8699951171875,156.89999389648438,155.6999969482422,155.75999450683594,147.4725341796875,33186000
2018-01-02,156.55999755859375,158.52999877929688,156.1699981689453,158.49000549316406,150.05723571777344,32573300
2018-01-03,158.63999938964844,160.1699981689453,158.61000061035156,160.02999877929688,151.51528930664062,29383600
2018-01-04,160.5800018310547,160.7899932861328,160.0800018310547,160.30999755859375,151.7804412841797,24776100
2018-01-05,161.07000732421875,162.02999877929688,160.77000427246094,161.9199981689453,153.30477905273438,26992300
2018-01-08,161.9199981689453,162.6300048828125,161.86000061035156,162.5500030517578,153.90118408203125,23159100
2018-01-09,162.8699951171875,163.0399932861328,162.07000732421875,162.55999755859375,153.91070556640625,24782400
2018-01-10,161.83999633789062,162.2100067138672,161.1199951171875,162.17999267578125,153.55093383789062,34004000
2018-01-11,162.4600067138672,163.3000030517578,162.2100067138672,163.2899932861328,154.6018524169922,20473500
2018-01-12,163.14999389648438,164.66000366210938,162.94000244140625,164.49000549316406,155.73797607421875,37762700
2018-01-16,165.5800018310547,166.4199981689453,163.52999877929688,164.02000427246094,155.29299926757812,41231800
2018-01-17,164.8000030517578,166.0399932861328,164.0,165.7899932861328,156.96885681152344,33849900
2018-01-18,165.52999877929688,166.1999969482422,165.13999938964844,165.82000732421875,156.99725341796875,26432200
2018-01-19,166.30999755859375,166.61000061035156,165.5399932861328,166.33999633789062,157.4895477294922,38937600
2018-01-22,166.27999877929688,168.1199951171875,166.08999633789062,168.1199951171875,159.1748504638672,26081400
2018-01-23,168.63999938964844,169.66000366210938,168.55999755859375,169.50999450683594,160.49085998535156,37989700
2018-01-24,169.8699951171875,170.24000549316406,167.44000244140625,168.41000366210938,159.44944763183594,54287400
2018-01-25,169.57000732421875,169.6300048828125,167.80999755859375,168.35000610351562,159.3926239013672,28925000
2018-01-26,169.2899932861328,170.9499969482422,168.9600067138672,170.92999267578125,161.8353271484375,32038200
2018-01-29,170.57000732421875,170.91000366210938,169.74000549316406,170.10000610351562,161.0495147705078,37277800
2018-01-30,168.5500030517578,169.4199981689453,167.82000732421875,168.6999969482422,159.72401428222656,44987700
2018-01-31,169.64999389648438,169.99000549316406,168.33999633789062,169.39999389648438,160.38671875,42449200
2018-02-01,168.10000610351562,169.72999572753906,167.4199981689453,167.9600067138672,159.0233612060547,38037900
2018-02-02,167.3000030517578,167.6999969482422,164.47000122070312,164.61000061035156,155.8516082763672,68478100
2018-02-05,163.07000732421875,165.75,158.0,158.1199951171875,149.70692443847656,105372200
2018-02-06,155.80999755859375,162.50999450683594,155.10000610351562,162.30999755859375,153.6740264892578,118537900
2018-02-07,161.7899932861328,163.5500030517578,160.1999969482422,160.2100067138672,151.68569946289062,91028300
2018-02-08,160.6199951171875,160.8000030517578,153.4499969482422,153.4499969482422,145.2854461669922,94184800
2018-02-09,155.6199951171875,157.24000549316406,150.1300048828125,156.10000610351562,147.79440307617188,113836600
2018-02-12,157.6999969482422,159.9499969482422,156.4600067138672,158.8699951171875,150.41697692871094,63050600
2018-02-13,157.9600067138672,160.00999450683594,157.72000122070312,159.69000244140625,151.19338989257812,31785600
2018-02-14,158.75,162.92999267578125,158.0,162.67999267578125,154.02430725097656,52107400
2018-02-15,164.13999938964844,165.6999969482422,162.44000244140625,165.6999969482422,156.88363647460938,51633900
2018-02-16,165.16000366210938,166.75999450683594,164.67999267578125,164.9600067138672,156.18301391601562,62256300
2018-02-20,164.3800048828125,166.67999267578125,164.30999755859375,165.2899932861328,156.49545288085938,36785600
2018-02-21,166.10000610351562,167.72000122070312,164.72000122070312,164.82000732421875,156.05039978027344,41161800
2018-02-22,165.5399932861328,166.4199981689453,164.3800048828125,164.8000030517578,156.031494140625,37074400
2018-02-23,166.1300048828125,168.1699981689453,165.4499969482422,168.1699981689453,159.22218322753906,50096900
2018-02-26,168.9600067138672,170.39999389648438,168.82000732421875,170.39999389648438,161.33348083496094,39266700
2018-02-27,170.4499969482422,170.72999572753906,168.2100067138672,168.2899932861328,159.33578491210938,42209900
2018-02-28,169.25,169.8000030517578,167.10000610351562,167.2100067138672,158.31332397460938,42936300
2018-03-01,167.3000030517578,168.07000732421875,163.0,164.47999572753906,155.72850036621094,76809900
2018-03-02,162.5,166.27999877929688,161.9600067138672,165.99000549316406,157.15818786621094,57445100
2018-03-05,165.2100067138672,168.25999450683594,164.58999633789062,167.8300018310547,158.90023803710938,38540200
2018-03-06,168.64999389648438,169.11000061035156,167.47999572753906,168.5399932861328,159.572509765625,29480900
2018-03-07,167.25,169.07000732421875,166.9600067138672,168.92999267578125,159.94168090820312,34609400
2018-03-08,169.6300048828125,169.97999572753906,168.9499969482422,169.86000061035156,160.8223114013672,25828400
2018-03-09,171.07000732421875,173.16000366210938,170.82000732421875,173.16000366210938,163.94668579101562,38310500
2018-03-12,173.6699981689453,174.47999572753906,173.27999877929688,174.0800018310547,164.8177490234375,37635000
2018-03-13,174.47999572753906,175.2100067138672,171.27000427246094,171.7100067138672,162.57382202148438,55638900
2018-03-14,172.61000061035156,172.74000549316406,170.92999267578125,171.67999267578125,162.54542541503906,40536400
2018-03-15,171.8000030517578,172.52999877929688,170.89999389648438,171.52999877929688,162.4034423828125,28810400
2018-03-16,171.82000732421875,172.1999969482422,170.94000244140625,171.02000427246094,161.92059326171875,31176700
2018-03-19,169.10000610351562,169.22000122070312,165.63999938964844,167.10000610351562,158.4658203125,71395100
2018-03-20,167.1699981689453,168.0399932861328,166.61000061035156,167.64999389648438,158.98733520507812,34075700
2018-03-21,167.2100067138672,168.75999450683594,166.19000244140625,166.9199981689453,158.29507446289062,43863500
2018-03-22,164.61000061035156,165.77000427246094,162.58999633789062,162.8000030517578,154.38796997070312,66607300
2018-03-23,162.61000061035156,163.3000030517578,158.42999267578125,158.50999450683594,150.3196563720703,80110400
2018-03-26,161.72000122070312,164.60000610351562,159.16000366210938,164.39999389648438,155.9053192138672,57481500
2018-03-27,165.6199951171875,165.6199951171875,157.67999267578125,159.0800018310547,150.8601531982422,78889100
2018-03-28,158.1699981689453,159.77999877929688,156.0399932861328,157.25,149.12472534179688,89369700
2018-03-29,158.10000610351562,161.7100067138672,156.6300048828125,160.1300048828125,151.85597229003906,68692600
2018-04-02,158.99000549316406,159.74000549316406,153.8800048828125,155.50999450683594,147.4746856689453,85549400
2018-04-03,156.8699951171875,157.9199981689453,154.44000244140625,157.25999450683594,149.13421630859375,64090000
2018-04-04,154.22000122070312,160.22999572753906,154.0399932861328,159.74000549316406,151.4861297607422,65768700
2018-04-05,161.3300018310547,161.5800018310547,159.47999572753906,160.64999389648438,152.34910583496094,43054900
2018-04-06,158.8800048828125,160.4600067138672,155.8800048828125,156.6300048828125,148.5367889404297,59870900
2018-04-09,157.97999572753906,160.8800048828125,157.4600067138672,157.72999572753906,149.57994079589844,41810400
2018-04-10,160.2100067138672,161.72999572753906,159.07000732421875,161.2100067138672,152.8801727294922,48296800
2018-04-11,160.1999969482422,162.0,160.10000610351562,160.27999877929688,151.9981689453125,41622100
2018-04-12,161.25,162.77000427246094,161.16000366210938,162.2100067138672,153.82852172851562,30467900
2018-04-13,163.02000427246094,163.25999450683594,160.6699981689453,161.3699951171875,153.03189086914062,44604900
2018-04-16,162.5,163.19000244140625,161.47999572753906,162.60000610351562,154.19833374023438,28180800
2018-04-17,164.24000549316406,166.4600067138672,163.91000366210938,166.10000610351562,157.51748657226562,35536100
2018-04-18,166.10000610351562,167.0,165.30999755859375,166.44000244140625,157.83990478515625,29573900
2018-04-19,165.60000610351562,165.99000549316406,164.33999633789062,164.91000366210938,156.38893127441406,34705700
2018-04-20,164.49000549316406,164.61000061035156,161.72999572753906,162.3000030517578,153.91383361816406,49197100
2018-04-23,163.08999633789062,163.72999572753906,161.02000427246094,161.88999938964844,153.5249786376953,33040600
2018-04-24,162.66000366210938,162.91000366210938,157.38999938964844,158.4600067138672,150.2722625732422,70256800
2018-04-25,158.74000549316406,159.30999755859375,156.47000122070312,158.64999389648438,150.45240783691406,52089300
2018-04-26,160.6999969482422,162.52999877929688,160.17999267578125,161.99000549316406,153.61985778808594,43005500
2018-04-27,164.3699951171875,164.41000366210938,161.1699981689453,162.08999633789062,153.7146453857422,51043400
2018-04-30,162.47000122070312,163.47999572753906,160.5399932861328,160.94000244140625,152.6240692138672,35615300
2018-05-01,160.52000427246094,162.8000030517578,160.13999938964844,162.77999877929688,154.36904907226562,36513500
2018-05-02,163.05999755859375,163.57000732421875,161.6300048828125,161.82000732421875,153.45864868164062,38646800
2018-05-03,161.0,162.39999389648438,159.22000122070312,161.8000030517578,153.43959045410156,60337100
2018-05-04,161.10000610351562,165.25,160.97999572753906,164.8699951171875,156.35101318359375,41543200
2018-05-07,165.63999938964844,166.77999877929688,165.50999450683594,166.24000549316406,157.6502227783203,32500200
2018-05-08,165.88999938964844,166.42999267578125,164.86000061035156,166.07000732421875,157.4890594482422,26040200
2018-05-09,166.3699951171875,168.0,165.77999877929688,167.8800048828125,159.20550537109375,29122700
2018-05-10,168.4199981689453,169.74000549316406,168.2899932861328,169.6199951171875,160.8555908203125,27067600
2018-05-11,169.4199981689453,169.86000061035156,168.72000122070312,169.4600067138672,160.70387268066406,24688800
2018-05-14,169.85000610351562,170.82000732421875,169.47000122070312,169.75,160.97886657714844,21821700
2018-05-15,168.41000366210938,168.5,166.97999572753906,167.8699951171875,159.19601440429688,49361600
2018-05-16,168.08999633789062,169.3699951171875,168.00999450683594,168.97999572753906,160.2486572265625,22941200
2018-05-17,168.38999938964844,169.61000061035156,167.50999450683594,168.3300018310547,159.6322479248047,27480200
2018-05-18,167.67999267578125,168.25999450683594,167.2100067138672,167.4600067138672,158.80718994140625,26217900
2018-05-21,168.75999450683594,169.5,167.67999267578125,168.39999389648438,159.69863891601562,22954600
2018-05-22,169.1699981689453,169.4499969482422,167.8800048828125,168.17999267578125,159.49000549316406,19477700
2018-05-23,166.89999389648438,169.6199951171875,166.8800048828125,169.60000610351562,160.8365936279297,26557800
2018-05-24,169.5500030517578,169.85000610351562,167.83999633789062,169.5500030517578,160.7891845703125,27696500
2018-05-25,169.52999877929688,170.3300018310547,169.2100067138672,169.72000122070312,160.95046997070312,27460500
2018-05-29,168.9499969482422,169.9199981689453,167.9600067138672,168.97000122070312,160.23922729492188,41220500
2018-05-30,169.5800018310547,170.47999572753906,169.22000122070312,170.17999267578125,161.38665771484375,22665800
2018-05-31,170.17999267578125,171.1999969482422,169.6300048828125,170.07000732421875,161.28233337402344,35670900
2018-06-01,170.9199981689453,172.83999633789062,170.8699951171875,172.74000549316406,163.81439208984375,45543300
2018-06-04,173.17999267578125,174.33999633789062,173.07000732421875,174.3000030517578,165.29376220703125,20459600
2018-06-05,174.7100067138672,175.1300048828125,174.07000732421875,174.83999633789062,165.80584716796875,24779300
2018-06-06,175.02000427246094,175.88999938964844,174.13999938964844,175.86000061035156,166.7731475830078,25036600
2018-06-07,175.88999938964844,175.92999267578125,173.5500030517578,174.42999267578125,165.41700744628906,39600300
2018-06-08,173.61000061035156,174.8800048828125,173.17999267578125,174.44000244140625,165.42654418945312,31780300
2018-06-11,174.30999755859375,175.33999633789062,174.27999877929688,174.91000366210938,165.8722686767578,22319700
2018-06-12,175.14999389648438,176.0,174.9600067138672,175.8300018310547,166.7446746826172,22511800
2018-06-13,176.10000610351562,177.13999938964844,175.42999267578125,175.82000732421875,166.7352294921875,37858600
2018-06-14,176.6300048828125,177.88999938964844,176.5,177.60000610351562,168.4232635498047,35916000
2018-06-15,176.92999267578125,177.3300018310547,176.11000061035156,176.97999572753906,167.83529663085938,49615700
2018-06-18,175.49000549316406,176.64999389648438,174.94000244140625,176.5,167.73834228515625,31633200
2018-06-19,174.27000427246094,176.0399932861328,173.7100067138672,176.0,167.26315307617188,38236000
2018-06-20,176.80999755859375,177.97999572753906,176.64999389648438,177.25,168.45115661621094,33038000
2018-06-21,177.6999969482422,177.8800048828125,175.3699951171875,175.7100067138672,166.98753356933594,43469400
2018-06-22,176.3000030517578,176.3699951171875,174.69000244140625,175.32000732421875,166.6168975830078,30073200
2018-06-25,173.72999572753906,173.99000549316406,169.80999755859375,171.3699951171875,162.8629913330078,77799700
2018-06-26,172.0,173.05999755859375,171.3699951171875,172.07000732421875,163.5281982421875,39008100
2018-06-27,172.8000030517578,173.5800018310547,169.61000061035156,169.72999572753906,161.304443359375,52843500
2018-06-28,169.52000427246094,171.77000427246094,169.1699981689453,171.19000244140625,162.6919403076172,46407700
2018-06-29,172.00999450683594,172.9199981689453,171.39999389648438,171.64999389648438,163.12913513183594,36408500
2018-07-02,170.0399932861328,172.85000610351562,169.6699981689453,172.8000030517578,164.22198486328125,31770000
2018-07-03,173.4499969482422,173.4499969482422,170.6300048828125,170.8000030517578,162.32130432128906,25512700
2018-07-05,171.91000366210938,173.05999755859375,171.02999877929688,172.9199981689453,164.33604431152344,31626200
2018-07-06,173.32000732421875,175.74000549316406,173.0,175.61000061035156,166.89251708984375,37005600
2018-07-09,176.52000427246094,177.22999572753906,175.82000732421875,177.19000244140625,168.39410400390625,27362100
2018-07-10,177.52000427246094,177.72000122070312,176.7100067138672,177.32000732421875,168.51766967773438,23902500
2018-07-11,175.92999267578125,177.07000732421875,175.8000030517578,176.4199981689453,167.66229248046875,30280600
2018-07-12,177.1999969482422,179.4600067138672,177.0800018310547,179.4600067138672,170.55140686035156,27930100
2018-07-13,179.4499969482422,179.89999389648438,178.9499969482422,179.61000061035156,170.69398498535156,28049800
2018-07-16,179.64999389648438,179.9499969482422,178.8800048828125,179.17999267578125,170.28533935546875,21405300
2018-07-17,177.27999877929688,180.64999389648438,177.27999877929688,180.27000427246094,171.32125854492188,31034100
2018-07-18,180.2899932861328,180.44000244140625,179.3800048828125,179.92999267578125,170.99807739257812,23220800
2018-07-19,179.27999877929688,179.8800048828125,178.82000732421875,179.02999877929688,170.14280700683594,31094100
2018-07-20,179.57000732421875,180.1699981689453,178.7899932861328,178.99000549316406,170.10475158691406,35897300
2018-07-23,178.4600067138672,179.63999938964844,177.74000549316406,179.55999755859375,170.6464080810547,22184700
2018-07-24,181.41000366210938,182.0500030517578,179.55999755859375,180.3000030517578,171.34971618652344,36900300
2018-07-25,180.3800048828125,182.92999267578125,180.2899932861328,182.82000732421875,173.74465942382812,35026600
2018-07-26,180.33999633789062,180.9199981689453,179.80999755859375,180.0500030517578,171.1121063232422,40873500
2018-07-27,181.19000244140625,181.30999755859375,176.60000610351562,177.6199951171875,168.80274963378906,59456100
2018-07-30,177.6300048828125,177.72999572753906,174.27000427246094,175.11000061035156,166.4173583984375,60193000
2018-07-31,175.8000030517578,177.1300048828125,174.82000732421875,176.4499969482422,167.6907958984375,47285100
2018-08-01,176.86000061035156,177.64999389648438,176.10000610351562,177.1199951171875,168.3275604248047,37101900
2018-08-02,175.8699951171875,179.74000549316406,175.7899932861328,179.52999877929688,170.61798095703125,47178200
2018-08-03,179.8699951171875,180.08999633789062,179.0800018310547,180.0800018310547,171.140625,28934400
2018-08-06,179.9600067138672,181.19000244140625,179.74000549316406,181.13999938964844,172.14794921875,24808800
2018-08-07,181.64999389648438,182.13999938964844,181.25999450683594,181.8000030517578,172.7752685546875,29895700
2018-08-08,181.5500030517578,182.35000610351562,181.05999755859375,182.02000427246094,172.98434448242188,22680700
2018-08-09,181.91000366210938,182.6300048828125,181.63999938964844,181.91000366210938,172.8797607421875,18852900
2018-08-10,180.67999267578125,181.22000122070312,179.83999633789062,180.52000427246094,171.55882263183594,33818500
2018-08-13,180.85000610351562,182.00999450683594,180.24000549316406,180.32000732421875,171.36875915527344,26089200
2018-08-14,181.00999450683594,181.66000366210938,180.0399932861328,181.4499969482422,172.44265747070312,20913000
2018-08-15,180.00999450683594,180.5800018310547,178.1199951171875,179.22999572753906,170.3328094482422,58528000
2018-08-16,180.61000061035156,180.99000549316406,179.47000122070312,179.82000732421875,170.89353942871094,27711800
2018-08-17,179.35000610351562,180.30999755859375,178.27000427246094,179.86000061035156,170.93154907226562,36092600
2018-08-20,180.25999450683594,180.3300018310547,179.0,179.6999969482422,170.77951049804688,24939000
2018-08-21,180.24000549316406,181.44000244140625,180.1300048828125,180.36000061035156,171.40673828125,26258700
2018-08-22,179.97999572753906,181.27000427246094,179.75,181.05999755859375,172.07199096679688,18042400
2018-08-23,180.74000549316406,182.0500030517578,180.5,180.8000030517578,171.8248748779297,25776200
2018-08-24,181.39999389648438,182.6300048828125,181.36000061035156,182.47999572753906,173.4215087890625,23136100
2018-08-27,183.39999389648438,184.33999633789062,183.11000061035156,184.33999633789062,175.18914794921875,29343600
2018-08-28,184.8300018310547,185.02000427246094,184.22000122070312,184.61000061035156,175.44578552246094,20277000
2018-08-29,184.92999267578125,186.83999633789062,184.86000061035156,186.74000549316406,177.4700164794922,29175600
2018-08-30,186.3800048828125,187.52000427246094,185.7899932861328,186.41000366210938,177.1564178466797,29315500
2018-08-31,186.17999267578125,187.17999267578125,185.97999572753906,186.64999389648438,177.3844451904297,28653200
2018-09-04,186.0800018310547,186.39999389648438,184.85000610351562,185.85000610351562,176.62420654296875,29063500
2018-09-05,185.52000427246094,185.5500030517578,182.82000732421875,183.4499969482422,174.3433380126953,42623300
2018-09-06,183.52999877929688,183.75,180.5800018310547,181.80999755859375,172.78475952148438,46091400
2018-09-07,180.5,182.6699981689453,180.44000244140625,181.11000061035156,172.11949157714844,46629500
2018-09-10,182.14999389648438,182.25,180.72999572753906,181.72000122070312,172.69918823242188,26132000
2018-09-11,180.99000549316406,183.4199981689453,180.52000427246094,183.1199951171875,174.02976989746094,30116500
2018-09-12,182.85000610351562,182.97999572753906,181.00999450683594,182.5800018310547,173.51657104492188,36204000
2018-09-13,183.72000122070312,184.8800048828125,183.63999938964844,184.52999877929688,175.36973571777344,31133200
2018-09-14,184.66000366210938,184.9499969482422,183.25999450683594,183.99000549316406,174.8565673828125,31224100
2018-09-17,183.67999267578125,183.80999755859375,181.1699981689453,181.33999633789062,172.33807373046875,33071200
2018-09-18,181.49000549316406,183.72999572753906,181.39999389648438,182.83999633789062,173.76361083984375,31877300
2018-09-19,182.8699951171875,183.3000030517578,181.50999450683594,182.6999969482422,173.6305389404297,31843400
2018-09-20,183.9600067138672,184.97000122070312,183.52000427246094,184.72000122070312,175.55032348632812,33295800
2018-09-21,185.22000122070312,185.47999572753906,183.47999572753906,183.7100067138672,174.59043884277344,38605400
2018-09-24,182.0500030517578,183.9600067138672,181.3000030517578,183.88999938964844,175.0759735107422,34945600
2018-09-25,183.80999755859375,184.27999877929688,183.17999267578125,184.13999938964844,175.31399536132812,25277500
2018-09-26,184.3000030517578,185.99000549316406,183.91000366210938,184.27000427246094,175.43777465820312,36210600
2018-09-27,185.02000427246094,186.49000549316406,184.9199981689453,185.8300018310547,176.92298889160156,33113300
2018-09-28,185.30999755859375,186.27999877929688,184.97000122070312,185.7899932861328,176.88494873046875,28076800
2018-10-01,186.8699951171875,187.52999877929688,185.6999969482422,186.1699981689453,177.2467498779297,27371300
2018-10-02,186.00999450683594,187.17999267578125,185.32000732421875,185.75,176.84683227539062,25618600
2018-10-03,186.52999877929688,186.97000122070312,185.66000366210938,185.9499969482422,177.03724670410156,29128700
2018-10-04,185.1999969482422,185.32000732421875,181.05999755859375,182.3800048828125,173.63836669921875,80557300
2018-10-05,182.36000061035156,182.97000122070312,178.42999267578125,180.14999389648438,171.5152587890625,83325600
2018-10-08,179.52000427246094,180.63999938964844,176.92999267578125,179.0500030517578,170.46795654296875,66864500
2018-10-09,179.17999267578125,181.02000427246094,178.75,179.6300048828125,171.0201873779297,49097900
2018-10-10,178.50999450683594,178.6199951171875,171.5,171.72999572753906,163.4988555908203,114471100
2018-10-11,171.02000427246094,173.39999389648438,167.80999755859375,169.60000610351562,161.47093200683594,143084500
2018-10-12,174.1699981689453,174.86000061035156,170.92999267578125,174.32000732421875,165.9647216796875,102078400
2018-10-15,173.7100067138672,174.0399932861328,171.55999755859375,172.2100067138672,163.9558563232422,64885300
2018-10-16,174.02000427246094,177.64999389648438,173.6999969482422,177.22000122070312,168.72572326660156,71979700
2018-10-17,178.0800018310547,178.25999450683594,175.47000122070312,177.2899932861328,168.7923126220703,66987600
2018-10-18,176.6199951171875,176.67999267578125,172.44000244140625,173.17999267578125,164.87933349609375,82486200
2018-10-19,174.5800018310547,176.07000732421875,172.38999938964844,173.02000427246094,164.7270050048828,82923700
2018-10-22,174.05999755859375,175.25,172.58999633789062,173.91000366210938,165.57432556152344,52909300
2018-10-23,170.63999938964844,174.1300048828125,168.82000732421875,173.27000427246094,164.96502685546875,77567000
2018-10-24,173.07000732421875,173.36000061035156,165.0399932861328,165.33999633789062,157.41517639160156,102997400
2018-10-25,167.91000366210938,172.0800018310547,167.16000366210938,171.05999755859375,162.86093139648438,83481100
2018-10-26,165.1999969482422,169.9600067138672,164.22999572753906,166.66000366210938,158.671875,130970900
2018-10-29,169.2100067138672,169.86000061035156,160.08999633789062,163.22999572753906,155.40626525878906,111871900
2018-10-30,162.75,166.0399932861328,162.00999450683594,165.9199981689453,157.96731567382812,92584000
2018-10-31,168.6199951171875,171.25,168.5399932861328,169.82000732421875,161.68035888671875,73828600
2018-11-01,170.07000732421875,172.24000549316406,168.77999877929688,172.05999755859375,163.81304931640625,52706800
2018-11-02,171.52999877929688,172.5500030517578,168.22000122070312,169.3800048828125,161.261474609375,75966800
2018-11-05,169.60000610351562,169.66000366210938,167.0800018310547,168.9600067138672,160.8616180419922,39573500
2018-11-06,168.97000122070312,171.19000244140625,168.72000122070312,170.24000549316406,162.08023071289062,34410400
2018-11-07,172.27999877929688,175.5800018310547,171.8699951171875,175.5800018310547,167.164306640625,51169600
2018-11-08,174.75999450683594,175.3000030517578,173.6300048828125,174.4600067138672,166.0980224609375,40296500
2018-11-09,172.8300018310547,173.25,170.16000366210938,171.52000427246094,163.29888916015625,50602700
2018-11-12,170.32000732421875,170.63999938964844,166.17999267578125,166.3300018310547,158.35765075683594,62578400
2018-11-13,167.11000061035156,169.47999572753906,166.0,166.47000122070312,158.4909210205078,64128100
2018-11-14,168.1199951171875,168.6999969482422,164.25,165.1999969482422,157.2817840576172,75270700
2018-11-15,164.89999389648438,168.5399932861328,163.4600067138672,168.08999633789062,160.03329467773438,73254300
2018-11-16,166.4499969482422,168.30999755859375,165.77999877929688,167.5,159.47161865234375,65390700
2018-11-19,166.6999969482422,166.89999389648438,161.5399932861328,162.05999755859375,154.2923583984375,67280500
2018-11-20,158.3699951171875,161.3800048828125,157.1300048828125,159.16000366210938,151.53135681152344,102652800
2018-11-21,161.35000610351562,161.97000122070312,159.22999572753906,160.3699951171875,152.68328857421875,42965800
2018-11-23,159.08999633789062,160.83999633789062,159.08999633789062,159.2100067138672,151.57896423339844,23503700
2018-11-26,161.44000244140625,162.97000122070312,160.75999450683594,162.88999938964844,155.08250427246094,42012600
2018-11-27,162.0,163.85000610351562,161.17999267578125,163.44000244140625,155.60617065429688,36608100
2018-11-28,164.6199951171875,168.6999969482422,163.47000122070312,168.6999969482422,160.61407470703125,70141000
2018-11-29,167.99000549316406,169.25999450683594,166.82000732421875,168.14999389648438,160.0904541015625,44885700
2018-11-30,168.3800048828125,169.47000122070312,167.5399932861328,169.3699951171875,161.25196838378906,36722800
2018-12-03,173.11000061035156,173.30999755859375,169.50999450683594,172.3300018310547,164.07003784179688,50771700
2018-12-04,171.42999267578125,171.91000366210938,165.52000427246094,165.72000122070312,157.7769012451172,70594700
2018-12-06,162.3800048828125,166.91000366210938,161.77000427246094,166.88999938964844,158.89080810546875,71715500
2018-12-07,166.16000366210938,167.1199951171875,160.86000061035156,161.3800048828125,153.6449432373047,80432200
2018-12-10,161.0800018310547,163.77999877929688,159.41000366210938,163.07000732421875,155.25392150878906,73960800
2018-12-11,165.72999572753906,165.77000427246094,162.22999572753906,163.61000061035156,155.76808166503906,59058300
2018-12-12,166.0,167.60000610351562,164.9600067138672,165.0500030517578,157.13900756835938,53780000
2018-12-13,166.1300048828125,166.82000732421875,164.02999877929688,165.10000610351562,157.18663024902344,46378500
2018-12-14,163.2100067138672,163.80999755859375,160.6999969482422,161.0800018310547,153.35926818847656,56547400
2018-12-17,160.38999938964844,161.6699981689453,156.1699981689453,157.42999267578125,149.88426208496094,74834100
2018-12-18,158.64999389648438,159.9499969482422,157.0399932861328,158.4199981689453,150.82679748535156,63642100
2018-12-19,158.17999267578125,160.72000122070312,153.33999633789062,154.52999877929688,147.12326049804688,81856500
2018-12-20,154.14999389648438,155.8699951171875,150.38999938964844,152.2899932861328,144.9905548095703,99002100
2018-12-21,153.0500030517578,154.08999633789062,146.72000122070312,147.57000732421875,140.49684143066406,141129400
2018-12-24,146.0800018310547,147.97999572753906,143.4600067138672,143.5,137.0128173828125,56163300
2018-12-26,145.0800018310547,152.5399932861328,144.08999633789062,152.4600067138672,145.56771850585938,98982100
2018-12-27,150.3699951171875,153.17999267578125,147.0800018310547,153.0500030517578,146.13108825683594,85824300
2018-12-28,154.14999389648438,155.58999633789062,151.72000122070312,152.97000122070312,146.05471801757812,77856600
2018-12-31,154.47000122070312,154.97999572753906,152.7100067138672,154.25999450683594,147.286376953125,53015300
2019-01-02,150.99000549316406,155.75,150.8800048828125,154.8800048828125,147.8783416748047,58576700
2019-01-03,152.60000610351562,153.25999450683594,149.49000549316406,149.82000732421875,143.047119140625,74820200
2019-01-04,152.33999633789062,157.0,151.74000549316406,156.22999572753906,149.16726684570312,74709300
2019-01-07,156.6199951171875,158.86000061035156,156.11000061035156,158.08999633789062,150.94322204589844,52059300
2019-01-08,159.5399932861328,160.11000061035156,157.1999969482422,159.52000427246094,152.30856323242188,49388700
2019-01-09,160.13999938964844,161.52000427246094,159.47000122070312,160.82000732421875,153.54986572265625,46491700
2019-01-10,159.60000610351562,161.3699951171875,158.6999969482422,161.27999877929688,153.98904418945312,38943400
2019-01-11,160.3300018310547,160.86000061035156,159.7899932861328,160.69000244140625,153.42567443847656,30176600
2019-01-14,159.3300018310547,159.9600067138672,158.58999633789062,159.27000427246094,152.06991577148438,30710200
2019-01-15,160.0,162.60000610351562,159.91000366210938,162.3800048828125,155.03929138183594,40874200
2019-01-16,162.64999389648438,163.77999877929688,162.2899932861328,162.35000610351562,155.01065063476562,33812200
2019-01-17,161.8300018310547,164.36000061035156,161.57000732421875,163.6300048828125,156.23280334472656,39329000
2019-01-18,164.77999877929688,166.02000427246094,163.82000732421875,165.25,157.77952575683594,57183200
2019-01-22,164.05999755859375,164.13999938964844,160.75999450683594,161.94000244140625,154.61920166015625,56711700
2019-01-23,162.77000427246094,163.50999450683594,160.32000732421875,162.14999389648438,154.8196563720703,38106100
2019-01-24,162.67999267578125,163.44000244140625,162.05999755859375,163.1999969482422,155.82225036621094,32417800
2019-01-25,164.50999450683594,165.64999389648438,163.9499969482422,165.14999389648438,157.68406677246094,36515900
2019-01-28,163.02000427246094,163.1199951171875,161.75,163.11000061035156,155.73626708984375,33491200
2019-01-29,163.1999969482422,163.24000549316406,160.99000549316406,161.57000732421875,154.26593017578125,30784200
2019-01-30,163.39999389648438,166.27999877929688,162.88999938964844,165.67999267578125,158.19012451171875,41346500
2019-01-31,166.6999969482422,168.99000549316406,166.47000122070312,168.16000366210938,160.55799865722656,37258400
2019-02-01,167.3300018310547,168.60000610351562,166.99000549316406,167.4499969482422,159.880126953125,32143700
2019-02-04,167.47999572753906,169.52999877929688,167.3300018310547,169.52999877929688,161.8660430908203,26718800
2019-02-05,169.75999450683594,171.22999572753906,169.69000244140625,171.02999877929688,163.29827880859375,28156400
2019-02-06,171.07000732421875,171.3699951171875,169.75,170.52000427246094,162.81129455566406,27970000
2019-02-07,169.02999877929688,169.4499969482422,166.9499969482422,168.22999572753906,160.62478637695312,42036200
2019-02-08,166.75999450683594,168.58999633789062,166.57000732421875,168.55999755859375,160.93992614746094,29020700
2019-02-11,169.1699981689453,169.5800018310547,167.97999572753906,168.39999389648438,160.78713989257812,21434100
2019-02-12,169.6300048828125,171.13999938964844,169.3300018310547,170.88999938964844,163.16455078125,29722100
2019-02-13,171.64999389648438,172.16000366210938,170.82000732421875,171.00999450683594,163.2791290283203,26094100
2019-02-14,170.39999389648438,171.8300018310547,169.8300018310547,171.22000122070312,163.4796600341797,30326800
2019-02-15,172.52000427246094,172.55999755859375,171.13999938964844,171.94000244140625,164.16712951660156,32521700
2019-02-19,171.41000366210938,172.8000030517578,171.3800048828125,172.27999877929688,164.49176025390625,19487700
2019-02-20,172.39999389648438,173.0800018310547,171.32000732421875,172.25,164.46307373046875,32593000
2019-02-21,171.7899932861328,172.25999450683594,170.7100067138672,171.6199951171875,163.86160278320312,25207400
2019-02-22,171.99000549316406,173.00999450683594,171.89999389648438,172.88999938964844,165.07415771484375,27735400
2019-02-25,174.2100067138672,174.66000366210938,173.39999389648438,173.52000427246094,165.67568969726562,32608800
2019-02-26,173.10000610351562,174.25,172.80999755859375,173.6999969482422,165.84750366210938,21939700
2019-02-27,172.89999389648438,173.8000030517578,171.75999450683594,173.58999633789062,165.7425537109375,25162000
2019-02-28,173.0500030517578,173.80999755859375,172.6999969482422,173.19000244140625,165.36061096191406,25085500
2019-03-01,174.44000244140625,174.64999389648438,173.17999267578125,174.38999938964844,166.50634765625,31431200
2019-03-04,175.5399932861328,175.7899932861328,172.47000122070312,174.4199981689453,166.5349884033203,38063500
2019-03-05,174.5500030517578,175.08999633789062,173.69000244140625,174.5500030517578,166.6591339111328,22319900
2019-03-06,174.72000122070312,174.75,173.27999877929688,173.55999755859375,165.71389770507812,27194600
2019-03-07,173.1199951171875,173.17999267578125,170.7899932861328,171.42999267578125,163.68016052246094,39407400
2019-03-08,169.50999450683594,171.25999450683594,169.33999633789062,171.1699981689453,163.43191528320312,39303200
2019-03-11,171.8800048828125,174.85000610351562,171.85000610351562,174.72999572753906,166.8310089111328,30518400
2019-03-12,175.19000244140625,176.13999938964844,174.77000427246094,175.69000244140625,167.74757385253906,33953500
2019-03-13,176.60000610351562,177.92999267578125,176.35000610351562,177.00999450683594,169.0078887939453,42426100
2019-03-14,177.1300048828125,177.33999633789062,176.66000366210938,176.7100067138672,168.7214813232422,23751500
2019-03-15,177.39999389648438,178.8800048828125,177.27999877929688,178.35000610351562,170.28736877441406,38192000
2019-03-18,177.9499969482422,178.99000549316406,177.58999633789062,178.4499969482422,170.69288635253906,32935100
2019-03-19,179.17999267578125,180.0,178.2899932861328,179.0500030517578,171.2667999267578,36893300
2019-03-20,179.05999755859375,180.86000061035156,178.24000549316406,179.75999450683594,171.94590759277344,50105000
2019-03-21,179.22000122070312,182.8300018310547,179.1999969482422,182.57000732421875,174.63380432128906,42428500
2019-03-22,181.77999877929688,182.27000427246094,178.3699951171875,178.55999755859375,170.79815673828125,70794500
2019-03-25,177.91000366210938,178.83999633789062,176.92999267578125,178.22000122070312,170.472900390625,46336500
2019-03-26,179.60000610351562,180.69000244140625,178.13999938964844,179.0500030517578,171.2667999267578,33248100
2019-03-27,179.32000732421875,179.72000122070312,176.60000610351562,177.89999389648438,170.1668243408203,37096700
2019-03-28,178.36000061035156,178.97999572753906,177.24000549316406,178.30999755859375,170.55902099609375,30368200
2019-03-29,179.69000244140625,179.8300018310547,178.58999633789062,179.66000366210938,171.8502655029297,35205500
2019-04-01,181.50999450683594,182.25999450683594,180.77000427246094,182.0399932861328,174.12681579589844,30969500
2019-04-02,182.24000549316406,182.91000366210938,181.77999877929688,182.72999572753906,174.78680419921875,22645200
2019-04-03,183.75999450683594,184.9199981689453,183.2100067138672,183.77999877929688,175.7911834716797,31633500
2019-04-04,183.8300018310547,184.5,182.64999389648438,183.7100067138672,175.7242431640625,28530800
2019-04-05,184.24000549316406,184.77000427246094,184.02000427246094,184.66000366210938,176.63296508789062,25674700
2019-04-08,184.36000061035156,185.27999877929688,183.6300048828125,185.1300048828125,177.08255004882812,22697500
2019-04-09,184.5,185.11000061035156,184.08999633789062,184.47999572753906,176.46075439453125,25631900
2019-04-10,184.72000122070312,185.52999877929688,184.52000427246094,185.47000122070312,177.4077606201172,24563000
2019-04-11,185.77999877929688,185.77999877929688,184.69000244140625,185.02999877929688,176.9868621826172,20654100
2019-04-12,185.85000610351562,185.9499969482422,185.05999755859375,185.8300018310547,177.75209045410156,24989100
2019-04-15,185.83999633789062,186.07000732421875,184.6199951171875,185.86000061035156,177.78082275390625,21073000
2019-04-16,186.5399932861328,186.91000366210938,185.92999267578125,186.5,178.39300537109375,27195700
2019-04-17,187.75,187.92999267578125,186.60000610351562,187.14999389648438,179.0146942138672,29651600
2019-04-18,187.4600067138672,187.7899932861328,186.2899932861328,187.38999938964844,179.2442626953125,28580900
2019-04-22,186.57000732421875,187.99000549316406,186.42999267578125,187.9199981689453,179.75125122070312,17936000
2019-04-23,188.39999389648438,190.5399932861328,188.1300048828125,190.30999755859375,182.03733825683594,33665600
2019-04-24,190.47000122070312,190.7100067138672,189.64999389648438,189.7100067138672,181.46340942382812,24977100
2019-04-25,191.1300048828125,191.22000122070312,189.4499969482422,190.47999572753906,182.19998168945312,29517500
2019-04-26,190.17999267578125,190.69000244140625,188.58999633789062,190.64999389648438,182.36257934570312,26359500
2019-04-29,190.64999389648438,191.32000732421875,190.33999633789062,191.02000427246094,182.7164764404297,21716200
2019-04-30,189.47999572753906,189.85000610351562,188.2100067138672,189.5399932861328,181.3008270263672,31495300
2019-05-01,190.77999877929688,191.32000732421875,188.8000030517578,188.92999267578125,180.7173614501953,34797100
2019-05-02,188.8699951171875,189.85000610351562,186.8699951171875,188.11000061035156,179.93296813964844,44110100
2019-05-03,189.6699981689453,191.25,189.3300018310547,191.11000061035156,182.80258178710938,30386200
2019-05-06,187.0500030517578,190.1999969482422,186.75999450683594,189.94000244140625,181.68344116210938,38371800
2019-05-07,187.8699951171875,188.6699981689453,184.50999450683594,186.24000549316406,178.14427185058594,58818100
2019-05-08,185.6300048828125,187.1699981689453,184.9600067138672,185.77000427246094,177.69468688964844,37165300
2019-05-09,183.6999969482422,185.41000366210938,182.08999633789062,184.77000427246094,176.73822021484375,55351700
2019-05-10,184.11000061035156,185.88999938964844,181.02999877929688,185.0,176.9581756591797,58526400
2019-05-13,180.2899932861328,181.25999450683594,178.05999755859375,178.5800018310547,170.8172607421875,67185800
2019-05-14,179.52000427246094,181.6300048828125,178.86000061035156,180.5399932861328,172.6920623779297,43360600
2019-05-15,179.35000610351562,183.5500030517578,179.30999755859375,183.08999633789062,175.13124084472656,40944500
2019-05-16,183.1699981689453,186.07000732421875,182.9499969482422,184.92999267578125,176.8911895751953,39281200
2019-05-17,183.10000610351562,185.5800018310547,182.8800048828125,183.0399932861328,175.08338928222656,44702300
2019-05-20,180.49000549316406,181.17999267578125,179.33999633789062,179.9499969482422,172.12770080566406,38608300
2019-05-21,181.5,182.3300018310547,180.9199981689453,181.8300018310547,173.92596435546875,31613800
2019-05-22,180.82000732421875,182.07000732421875,180.75,181.02000427246094,173.1511993408203,24332600
2019-05-23,178.94000244140625,179.02000427246094,177.13999938964844,178.25,170.5015869140625,45351300
2019-05-24,179.2100067138672,179.85000610351562,177.94000244140625,178.16000366210938,170.41551208496094,25903300
2019-05-28,178.66000366210938,179.66000366210938,177.47000122070312,177.49000549316406,169.77464294433594,24763800
2019-05-29,176.38999938964844,177.0,175.08999633789062,176.02999877929688,168.37814331054688,42178800
2019-05-30,176.5,177.27000427246094,175.77000427246094,176.77000427246094,169.0858917236328,30354800
2019-05-31,174.69000244140625,175.2899932861328,173.8699951171875,173.9499969482422,166.38851928710938,45446200
2019-06-03,173.47999572753906,173.9499969482422,169.27000427246094,170.1199951171875,162.7249755859375,75842300
2019-06-04,172.02999877929688,174.97000122070312,171.3699951171875,174.91000366210938,167.30677795410156,47797800
2019-06-05,176.5800018310547,176.61000061035156,174.3800048828125,176.2100067138672,168.55027770996094,34412700
2019-06-06,176.50999450683594,178.0399932861328,175.72999572753906,177.61000061035156,169.88941955566406,29913200
2019-06-07,178.55999755859375,181.77000427246094,178.3300018310547,181.0399932861328,173.1702880859375,45888300
2019-06-10,182.25,184.85000610351562,182.2100067138672,183.14999389648438,175.18858337402344,41385300
2019-06-11,185.05999755859375,185.39999389648438,182.77999877929688,183.39999389648438,175.42770385742188,41260300
2019-06-12,182.89999389648438,183.27999877929688,182.0,182.33999633789062,174.41383361816406,27758100
2019-06-13,183.10000610351562,183.8699951171875,182.74000549316406,183.4199981689453,175.44683837890625,23715800
2019-06-14,182.47999572753906,183.11000061035156,181.94000244140625,182.63999938964844,174.7007293701172,22844100
2019-06-17,183.0399932861328,184.25,182.83999633789062,183.74000549316406,175.7529754638672,20379500
2019-06-18,185.91000366210938,187.72000122070312,185.42999267578125,186.41000366210938,178.30685424804688,48177300
2019-06-19,186.66000366210938,187.52999877929688,185.57000732421875,187.11000061035156,178.97645568847656,31672900
2019-06-20,189.72000122070312,189.75999450683594,187.16000366210938,188.85000610351562,180.6408233642578,40922000
2019-06-21,188.6300048828125,189.77000427246094,188.1699981689453,188.57000732421875,180.3729705810547,39980400
2019-06-24,188.52999877929688,188.72000122070312,188.05999755859375,188.16000366210938,180.37872314453125,19375200
2019-06-25,188.02999877929688,188.13999938964844,184.64999389648438,184.92999267578125,177.2823028564453,33921100
2019-06-26,186.16000366210938,187.3300018310547,185.49000549316406,185.7899932861328,178.10675048828125,22595700
2019-06-27,186.4600067138672,186.94000244140625,185.99000549316406,186.5,178.78736877441406,19709200
2019-06-28,186.9499969482422,187.14999389648438,186.07000732421875,186.74000549316406,179.0175018310547,21179200
2019-07-01,190.32000732421875,190.57000732421875,188.3800048828125,189.25999450683594,181.43321228027344,31025600
2019-07-02,189.1999969482422,190.02999877929688,188.66000366210938,190.00999450683594,182.15225219726562,18035800
2019-07-03,190.49000549316406,191.44000244140625,190.2899932861328,191.44000244140625,183.5230712890625,15792100
2019-07-05,190.1300048828125,191.39999389648438,189.38999938964844,191.0500030517578,183.14927673339844,21415600
2019-07-08,189.80999755859375,189.8699951171875,188.92999267578125,189.7100067138672,181.86463928222656,17598800
2019-07-09,188.80999755859375,190.89999389648438,188.64999389648438,190.66000366210938,182.77536010742188,19193500
2019-07-10,191.82000732421875,193.08999633789062,191.47000122070312,192.55999755859375,184.59677124023438,28374500
2019-07-11,192.85000610351562,193.33999633789062,191.80999755859375,192.4199981689453,184.4626007080078,23736100
2019-07-12,192.6300048828125,193.5399932861328,192.4499969482422,193.52999877929688,185.5266876220703,20211900
2019-07-15,193.97999572753906,194.19000244140625,193.44000244140625,194.14999389648438,186.12098693847656,15606100
2019-07-16,193.91000366210938,194.08999633789062,192.55999755859375,193.14999389648438,185.16236877441406,20190900
2019-07-17,193.14999389648438,193.49000549316406,192.17999267578125,192.1999969482422,184.25169372558594,16765100
2019-07-18,191.2899932861328,192.7899932861328,190.69000244140625,192.4199981689453,184.4626007080078,28877000
2019-07-19,193.74000549316406,193.8300018310547,190.80999755859375,191.00999450683594,183.11090087890625,29387900
2019-07-22,191.44000244140625,192.94000244140625,191.44000244140625,192.52999877929688,184.56797790527344,18954900
2019-07-23,193.5800018310547,193.80999755859375,192.2899932861328,193.7899932861328,185.7759246826172,23786700
2019-07-24,193.0500030517578,195.16000366210938,193.02999877929688,195.14999389648438,187.07969665527344,20422900
2019-07-25,194.49000549316406,194.52000427246094,192.92999267578125,193.3000030517578,185.3061981201172,23434700
2019-07-26,194.52999877929688,195.5500030517578,194.42999267578125,195.2899932861328,187.2138671875,20431200
2019-07-29,195.11000061035156,195.17999267578125,193.38999938964844,194.6199951171875,186.57159423828125,20451700
2019-07-30,193.1300048828125,194.5399932861328,192.99000549316406,193.77999877929688,185.76634216308594,18705000
2019-07-31,194.3000030517578,194.42999267578125,189.32000732421875,191.10000610351562,183.19715881347656,41627500
2019-08-01,191.42999267578125,194.97999572753906,189.22999572753906,190.14999389648438,182.28643798828125,63251600
2019-08-02,188.72000122070312,188.99000549316406,186.2100067138672,187.35000610351562,179.60223388671875,55214000
2019-08-05,183.42999267578125,183.50999450683594,179.1999969482422,180.72999572753906,173.25601196289062,75040000
2019-08-06,182.39999389648438,183.8000030517578,181.07000732421875,183.25999450683594,175.681396484375,41897200
2019-08-07,181.27000427246094,184.50999450683594,179.88999938964844,184.25,176.6304168701172,49990600
2019-08-08,185.0800018310547,188.32000732421875,184.57000732421875,188.25999450683594,180.474609375,38418100
2019-08-09,187.36000061035156,188.0,185.02999877929688,186.49000549316406,178.77780151367188,33608900
2019-08-12,185.33999633789062,185.89999389648438,183.5,184.35000610351562,176.726318359375,24642900
2019-08-13,184.19000244140625,189.67999267578125,184.02000427246094,188.38999938964844,180.59925842285156,40241900
2019-08-14,185.36000061035156,185.9499969482422,182.4199981689453,182.75999450683594,175.2020263671875,51000500
2019-08-15,183.0,183.58999633789062,181.16000366210938,182.5500030517578,175.000732421875,36685000
2019-08-16,184.2100067138672,185.9499969482422,184.10000610351562,185.47999572753906,177.80958557128906,32781400
2019-08-19,188.16000366210938,188.8300018310547,187.5,188.42999267578125,180.6375732421875,22494100
2019-08-20,187.9600067138672,188.63999938964844,186.9199981689453,186.97000122070312,179.23797607421875,19902900
2019-08-21,188.61000061035156,189.22999572753906,187.9600067138672,188.6300048828125,180.82931518554688,20418500
2019-08-22,188.97999572753906,189.4600067138672,186.5399932861328,188.02000427246094,180.24452209472656,24243700
2019-08-23,186.74000549316406,188.4499969482422,181.55999755859375,182.07000732421875,174.54061889648438,55372400
2019-08-26,184.13999938964844,184.8699951171875,183.0800018310547,184.82000732421875,177.1768798828125,27598900
2019-08-27,186.11000061035156,186.4199981689453,183.7100067138672,184.42999267578125,176.80296325683594,28012800
2019-08-28,183.8300018310547,185.39999389648438,182.91000366210938,185.08999633789062,177.43572998046875,21792400
2019-08-29,187.38999938964844,188.4600067138672,186.67999267578125,187.9199981689453,180.14866638183594,25358900
2019-08-30,188.92999267578125,188.97000122070312,186.41000366210938,187.47000122070312,179.71726989746094,26319800
2019-09-03,186.22000122070312,187.17999267578125,185.02999877929688,185.64999389648438,177.97251892089844,27964200
2019-09-04,187.44000244140625,188.49000549316406,186.89999389648438,188.3300018310547,180.5416717529297,21592100
2019-09-05,190.41000366210938,192.3300018310547,190.33999633789062,191.77999877929688,183.84906005859375,33932600
2019-09-06,192.10000610351562,192.1699981689453,191.1699981689453,191.58999633789062,183.66688537597656,19487800
2019-09-09,192.19000244140625,192.27000427246094,190.22000122070312,191.19000244140625,183.28346252441406,24407600
2019-09-10,190.16000366210938,190.74000549316406,188.91000366210938,190.63999938964844,182.75616455078125,23744700
2019-09-11,191.0,192.52999877929688,190.55999755859375,192.42999267578125,184.47215270996094,25063600
2019-09-12,193.61000061035156,194.7100067138672,192.97000122070312,193.22999572753906,185.2390899658203,28689900
2019-09-13,192.9499969482422,193.39999389648438,192.2899932861328,192.5399932861328,184.57762145996094,27669800
2019-09-16,191.3000030517578,192.0800018310547,191.11000061035156,191.67999267578125,183.75318908691406,20319000
2019-09-17,191.6999969482422,192.60000610351562,191.2899932861328,192.60000610351562,184.63511657714844,20953400
2019-09-18,192.1999969482422,192.60000610351562,190.11000061035156,192.52000427246094,184.55841064453125,29781300
2019-09-19,192.86000061035156,194.0399932861328,192.47000122070312,192.83999633789062,184.86520385742188,26039400
2019-09-20,193.11000061035156,193.30999755859375,190.16000366210938,190.8000030517578,182.90957641601562,29086100
2019-09-23,190.36000061035156,191.07000732421875,189.72000122070312,190.5,182.99021911621094,22485900
2019-09-24,191.3699951171875,191.7899932861328,187.14999389648438,187.97000122070312,180.55996704101562,40820700
2019-09-25,187.77999877929688,190.5800018310547,186.2100067138672,190.0800018310547,182.58680725097656,34704900
2019-09-26,189.8300018310547,190.0,187.97999572753906,189.3800048828125,181.9144287109375,26826000
2019-09-27,189.72999572753906,189.8300018310547,185.75,187.02999877929688,179.6570281982422,40773500
2019-09-30,187.7899932861328,189.11000061035156,187.39999389648438,188.80999755859375,181.36692810058594,26307700
2019-10-01,189.5,190.58999633789062,186.9600067138672,187.27000427246094,179.88760375976562,32367600
2019-10-02,186.0,186.02999877929688,183.02000427246094,184.0500030517578,176.7944793701172,48544300
2019-10-03,184.02999877929688,186.2100067138672,181.82000732421875,186.07000732421875,178.7349090576172,39392500
2019-10-04,187.0800018310547,189.0800018310547,186.8800048828125,188.80999755859375,181.36692810058594,31887600
2019-10-07,188.27000427246094,189.74000549316406,187.91000366210938,188.24000549316406,180.81936645507812,21216000
2019-10-08,187.05999755859375,187.86000061035156,185.27000427246094,185.4199981689453,178.11048889160156,32379300
2019-10-09,186.99000549316406,188.0800018310547,186.42999267578125,187.22999572753906,179.84918212890625,20147400
2019-10-10,187.27999877929688,189.42999267578125,187.1199951171875,188.67999267578125,181.24197387695312,25177700
2019-10-11,190.8300018310547,192.6300048828125,190.72000122070312,191.11000061035156,183.57620239257812,40976700
2019-10-14,190.83999633789062,191.6999969482422,190.64999389648438,191.08999633789062,183.5569610595703,14975000
2019-10-15,191.67999267578125,193.97000122070312,191.55999755859375,193.52000427246094,185.89117431640625,23234200
2019-10-16,192.86000061035156,193.52999877929688,192.42999267578125,193.0399932861328,185.43008422851562,20457100
2019-10-17,194.1999969482422,194.5,192.80999755859375,193.5500030517578,185.92001342773438,19045200
2019-10-18,193.1999969482422,193.6699981689453,190.7100067138672,191.69000244140625,184.13333129882812,27700800
2019-10-21,192.7100067138672,193.52000427246094,192.13999938964844,193.38999938964844,185.766357421875,15801200
2019-10-22,194.14999389648438,194.4199981689453,191.7899932861328,191.85000610351562,184.2870330810547,22392300
2019-10-23,191.4600067138672,192.25999450683594,191.14999389648438,192.22000122070312,184.6424560546875,14828400
2019-10-24,193.58999633789062,194.2100067138672,192.74000549316406,194.08999633789062,186.43873596191406,18998500
2019-10-25,193.08999633789062,195.74000549316406,193.0500030517578,195.63999938964844,187.92758178710938,21507100
2019-10-28,196.5500030517578,197.8300018310547,196.5500030517578,197.57000732421875,189.78155517578125,18818700
2019-10-29,197.24000549316406,197.5399932861328,196.00999450683594,196.0399932861328,188.3118133544922,18569700
2019-10-30,196.4199981689453,197.32000732421875,195.2899932861328,196.99000549316406,189.22442626953125,21764300
2019-10-31,197.55999755859375,197.64999389648438,195.94000244140625,197.0800018310547,189.31088256835938,26801800
2019-11-01,197.92999267578125,198.8800048828125,197.6300048828125,198.8699951171875,191.03030395507812,22131900
2019-11-04,200.19000244140625,200.52999877929688,198.8699951171875,200.10000610351562,192.21182250976562,19015900
2019-11-05,200.35000610351562,200.5500030517578,199.5500030517578,200.2100067138672,192.31744384765625,15048900
2019-11-06,199.97999572753906,200.0,198.7899932861328,199.75999450683594,191.8852081298828,19725500
2019-11-07,200.75999450683594,201.72000122070312,199.85000610351562,200.42999267578125,192.52877807617188,17832400
2019-11-08,200.07000732421875,201.25,199.5399932861328,201.22999572753906,193.29722595214844,15258800
2019-11-11,200.2100067138672,201.0399932861328,199.94000244140625,200.9600067138672,193.03793334960938,10147600
2019-11-12,201.1300048828125,202.2100067138672,200.82000732421875,201.5399932861328,193.59506225585938,14778300
2019-11-13,200.83999633789062,201.77999877929688,200.7100067138672,201.58999633789062,193.64306640625,15774600
2019-11-14,200.8300018310547,201.55999755859375,200.22000122070312,201.42999267578125,193.4893798828125,16945400
2019-11-15,202.64999389648438,202.91000366210938,202.0,202.91000366210938,194.91102600097656,18427900
2019-11-18,202.58999633789062,203.38999938964844,201.77000427246094,203.07000732421875,195.06472778320312,18365900
2019-11-19,203.83999633789062,203.83999633789062,202.58999633789062,203.3699951171875,195.35289001464844,16923300
2019-11-20,202.83999633789062,203.4499969482422,200.6199951171875,202.14999389648438,194.18099975585938,36629000
2019-11-21,201.92999267578125,202.07000732421875,201.07000732421875,201.6999969482422,193.7487030029297,17883600
2019-11-22,202.1999969482422,202.32000732421875,200.74000549316406,201.8300018310547,193.8736114501953,17189600
2019-11-25,202.6999969482422,204.25999450683594,202.6699981689453,204.22000122070312,196.16937255859375,17752800
2019-11-26,204.35000610351562,204.8699951171875,204.0500030517578,204.61000061035156,196.5439910888672,14780600
2019-11-27,205.13999938964844,206.0500030517578,204.88999938964844,206.0399932861328,197.91763305664062,16963100
2019-11-29,205.52000427246094,205.8300018310547,205.0,205.10000610351562,197.01470947265625,9854600
2019-12-02,205.11000061035156,205.17999267578125,201.77999877929688,203.0,194.99746704101562,28007000
2019-12-03,200.2100067138672,201.49000549316406,199.22999572753906,201.41000366210938,193.4701385498047,31104100
2019-12-04,202.44000244140625,202.91000366210938,202.13999938964844,202.42999267578125,194.44993591308594,15300100
2019-12-05,203.14999389648438,203.14999389648438,201.83999633789062,202.8300018310547,194.8341827392578,14962300
2019-12-06,204.30999755859375,205.14999389648438,204.14999389648438,205.0,196.91867065429688,16555300
2019-12-09,204.6300048828125,205.58999633789062,203.97999572753906,204.07000732421875,196.0253143310547,13984100
2019-12-10,204.1699981689453,204.8800048828125,203.44000244140625,203.89999389648438,195.8620147705078,21799800
2019-12-11,204.36000061035156,205.19000244140625,204.0399932861328,204.97999572753906,196.89938354492188,18780800
2019-12-12,204.77000427246094,207.32000732421875,204.49000549316406,206.50999450683594,198.36912536621094,32612000
2019-12-13,206.39999389648438,207.91000366210938,205.9600067138672,207.19000244140625,199.02232360839844,32519400
2019-12-16,208.5500030517578,209.52999877929688,208.47999572753906,209.27000427246094,201.0203094482422,21296600
2019-12-17,209.5399932861328,209.7100067138672,209.0399932861328,209.38999938964844,201.13555908203125,15996100
2019-12-18,209.57000732421875,210.1300048828125,209.3300018310547,209.5500030517578,201.2892608642578,15443300
2019-12-19,209.63999938964844,210.92999267578125,209.6199951171875,210.86000061035156,202.54763793945312,17865900
2019-12-20,211.86000061035156,212.52000427246094,211.27000427246094,211.7100067138672,203.3641357421875,27672600
2019-12-23,212.0,212.14999389648438,211.6300048828125,211.80999755859375,203.90130615234375,23774700
2019-12-24,212.0,212.08999633789062,211.44000244140625,211.9199981689453,204.00717163085938,7089000
2019-12-26,212.25999450683594,213.80999755859375,212.22999572753906,213.7899932861328,205.807373046875,17067500
2019-12-27,214.5399932861328,214.55999755859375,213.0399932861328,213.61000061035156,205.63406372070312,18134100
2019-12-30,213.5,213.6300048828125,211.16000366210938,212.2100067138672,204.28640747070312,21815500
2019-12-31,211.52999877929688,212.75999450683594,211.1999969482422,212.61000061035156,204.67144775390625,18170900
2020-01-02,214.39999389648438,216.16000366210938,213.97999572753906,216.16000366210938,208.08889770507812,30969400
2020-01-03,213.3000030517578,215.47000122070312,213.27999877929688,214.17999267578125,206.18275451660156,27518900
2020-01-06,212.5,215.58999633789062,212.24000549316406,215.55999755859375,207.5113067626953,21655300
2020-01-07,215.63999938964844,216.13999938964844,214.85000610351562,215.52999877929688,207.48239135742188,22139300
2020-01-08,215.5,218.13999938964844,215.16000366210938,217.14999389648438,209.0419158935547,26397300
2020-01-09,218.94000244140625,219.41000366210938,217.7100067138672,218.99000549316406,210.81321716308594,23547000
2020-01-10,219.85000610351562,219.8699951171875,218.0399932861328,218.42999267578125,210.2740936279297,21898500
2020-01-13,219.3300018310547,220.97999572753906,218.97999572753906,220.9499969482422,212.6999969482422,22756900
2020-01-14,220.83999633789062,221.2100067138672,219.74000549316406,220.0800018310547,211.86253356933594,24418100
2020-01-15,220.1999969482422,221.1999969482422,219.4499969482422,220.1699981689453,211.9491424560547,25742100
2020-01-16,221.27000427246094,222.32000732421875,220.8000030517578,222.27999877929688,213.98033142089844,18805000
2020-01-17,223.27999877929688,223.55999755859375,222.1199951171875,223.3800048828125,215.039306640625,24325200
2020-01-21,222.75999450683594,223.83999633789062,222.66000366210938,223.27999877929688,214.94302368164062,21146300
2020-01-22,224.41000366210938,225.14999389648438,223.58999633789062,223.8699951171875,215.51097106933594,20736400
2020-01-23,223.74000549316406,224.69000244140625,222.6999969482422,224.58999633789062,216.20407104492188,26496100
2020-01-24,225.63999938964844,225.8800048828125,221.6699981689453,222.6999969482422,214.3846893310547,37436500
2020-01-27,217.6699981689453,219.27999877929688,217.17999267578125,218.10000610351562,209.95645141601562,42264400
2020-01-28,219.63999938964844,221.9600067138672,219.05999755859375,221.4499969482422,213.1813507080078,26731900
2020-01-29,222.67999267578125,222.92999267578125,220.8300018310547,221.80999755859375,213.5278778076172,28924500
2020-01-30,220.3800048828125,222.6999969482422,219.69000244140625,222.60000610351562,214.28842163085938,39568100
2020-01-31,223.52999877929688,223.55999755859375,218.2899932861328,219.07000732421875,210.89022827148438,52015800
2020-02-03,220.13999938964844,222.88999938964844,219.99000549316406,222.3800048828125,214.07664489746094,25408600
2020-02-04,225.4199981689453,227.86000061035156,224.64999389648438,227.47000122070312,218.97654724121094,30691200
2020-02-05,230.2100067138672,230.25,226.85000610351562,228.22000122070312,219.69854736328125,38534800
2020-02-06,228.7899932861328,230.25,227.97999572753906,230.19000244140625,221.594970703125,22467100
2020-02-07,229.16000366210938,230.44000244140625,228.5399932861328,229.1999969482422,220.6419677734375,25884900
2020-02-10,228.44000244140625,231.97999572753906,228.3800048828125,231.97000122070312,223.30856323242188,21478900
2020-02-11,233.25,234.02000427246094,231.39999389648438,232.00999450683594,223.3470001220703,30198000
2020-02-12,233.3800048828125,234.3800048828125,232.8000030517578,234.27000427246094,225.52267456054688,24471300
2020-02-13,232.63999938964844,234.92999267578125,232.36000061035156,233.97000122070312,225.2338409423828,22773200
2020-02-14,234.33999633789062,234.86000061035156,233.5500030517578,234.63999938964844,225.87879943847656,23438500
2020-02-18,233.5,235.1699981689453,233.25,234.72999572753906,225.96546936035156,24394500
2020-02-19,236.1300048828125,237.47000122070312,235.85000610351562,236.97999572753906,228.13153076171875,22230500
2020-02-20,236.4600067138672,236.9499969482422,231.8800048828125,234.77999877929688,226.01364135742188,42604000
2020-02-21,233.61000061035156,234.00999450683594,229.32000732421875,230.27000427246094,221.67205810546875,66017200
2020-02-24,221.67999267578125,224.25,220.25999450683594,221.38999938964844,213.12355041503906,84522600
2020-02-25,223.25,223.99000549316406,214.74000549316406,215.3699951171875,207.32833862304688,97743000
2020-02-26,216.7100067138672,220.27999877929688,214.89999389648438,216.47999572753906,208.3969268798828,79537700
2020-02-27,210.89999389648438,216.4199981689453,205.5,205.63999938964844,197.96163940429688,121822600
2020-02-28,198.63999938964844,207.1699981689453,198.1699981689453,205.8000030517578,198.11570739746094,148173700
2020-03-02,208.8800048828125,216.57000732421875,205.94000244140625,216.4199981689453,208.33917236328125,112933900
2020-03-03,217.11000061035156,219.61000061035156,207.6199951171875,209.47999572753906,201.6582489013672,131953500
2020-03-04,213.32000732421875,218.3300018310547,211.3699951171875,218.22000122070312,210.07196044921875,73086200
2020-03-05,212.69000244140625,216.36000061035156,210.10000610351562,211.58999633789062,203.68951416015625,78705500
2020-03-06,204.6699981689453,209.14999389648438,202.91000366210938,208.02000427246094,200.25282287597656,89828400
2020-03-09,193.47999572753906,201.16000366210938,192.11000061035156,193.57000732421875,186.34237670898438,116424000
2020-03-10,201.11000061035156,204.3000030517578,193.67999267578125,204.11000061035156,196.48880004882812,100599200
2020-03-11,199.35000610351562,200.75,192.72999572753906,195.22000122070312,187.93077087402344,89168800
2020-03-12,182.08999633789062,190.77999877929688,176.94000244140625,177.32000732421875,170.69911193847656,137820700
2020-03-13,187.07000732421875,194.47999572753906,178.1300048828125,192.33999633789062,185.15826416015625,134882000
2020-03-16,174.14999389648438,184.67999267578125,169.16000366210938,169.3000030517578,162.9785614013672,92054400
2020-03-17,175.47000122070312,184.38999938964844,169.77999877929688,182.13999938964844,175.33914184570312,121257100
2020-03-18,171.61000061035156,179.22000122070312,166.8000030517578,176.60000610351562,170.00599670410156,114156300
2020-03-19,175.69000244140625,183.49000549316406,171.6300048828125,177.66000366210938,171.02639770507812,120896500
2020-03-20,181.74000549316406,182.8699951171875,170.10000610351562,170.6999969482422,164.32630920410156,118983900
2020-03-23,170.9199981689453,174.2100067138672,164.92999267578125,170.4600067138672,164.44496154785156,124639800
2020-03-24,179.91000366210938,183.8300018310547,177.9499969482422,183.66000366210938,177.1791229248047,94881800
2020-03-25,184.4199981689453,189.50999450683594,179.97999572753906,182.3000030517578,175.86715698242188,88754900
2020-03-26,183.8699951171875,192.72000122070312,183.61000061035156,191.89999389648438,185.12838745117188,79887600
2020-03-27,186.92999267578125,190.50999450683594,184.66000366210938,185.3000030517578,178.7613067626953,58845000
2020-03-30,187.05999755859375,192.49000549316406,186.33999633789062,192.0399932861328,185.26344299316406,49356900
2020-03-31,191.72000122070312,195.25,189.1999969482422,190.39999389648438,183.68130493164062,62659300
2020-04-01,184.77000427246094,187.66000366210938,180.86000061035156,182.30999755859375,175.8767547607422,53715400
2020-04-02,181.24000549316406,190.10000610351562,180.97000122070312,186.00999450683594,179.4462127685547,56465300
2020-04-03,185.5500030517578,187.07000732421875,181.2899932861328,183.3699951171875,176.8994140625,47487600
2020-04-06,190.47999572753906,197.64999389648438,189.19000244140625,196.47999572753906,189.54676818847656,64763500
2020-04-07,202.3699951171875,202.66000366210938,196.0,196.39999389648438,189.46957397460938,69904500
2020-04-08,198.14999389648438,201.1699981689453,196.1699981689453,200.57000732421875,193.49241638183594,45940400
2020-04-09,202.35000610351562,203.22000122070312,199.02999877929688,200.86000061035156,193.7721710205078,68252600
2020-04-13,200.0,203.4199981689453,198.75,203.02999877929688,195.86558532714844,42853900
2020-04-14,207.22999572753906,212.5,206.4199981689453,211.86000061035156,204.38406372070312,63959600
2020-04-15,208.47999572753906,211.8300018310547,207.1199951171875,209.42999267578125,202.039794921875,47036000
2020-04-16,211.69000244140625,214.3699951171875,209.69000244140625,213.25,205.7250213623047,64657400
2020-04-17,216.1699981689453,216.50999450683594,212.0800018310547,215.2899932861328,207.6929931640625,62863200
2020-04-20,213.36000061035156,215.8800048828125,212.57000732421875,212.74000549316406,205.2330322265625,38249100
2020-04-21,210.60000610351562,211.16000366210938,203.6300048828125,204.88999938964844,197.6599884033203,72932800
2020-04-22,209.10000610351562,212.35000610351562,208.3300018310547,210.97000122070312,203.5254669189453,40089100
2020-04-23,211.7899932861328,214.44000244140625,210.10000610351562,210.52000427246094,203.09133911132812,43278500
2020-04-24,210.97000122070312,214.3000030517578,209.5,213.83999633789062,206.29421997070312,34231900
2020-04-27,216.19000244140625,216.6300048828125,214.5,215.55999755859375,207.95352172851562,36451700
2020-04-28,217.32000732421875,217.32000732421875,211.2100067138672,211.5,204.0367889404297,46862800
2020-04-29,216.19000244140625,219.97000122070312,215.13999938964844,219.0,211.27212524414062,48716400
2020-04-30,219.9499969482422,220.0399932861328,217.35000610351562,218.91000366210938,211.18527221679688,43359500
2020-05-01,214.5,216.6699981689453,211.67999267578125,212.74000549316406,205.2330322265625,48795000
2020-05-04,211.4600067138672,215.4499969482422,211.1199951171875,215.22000122070312,207.62547302246094,32841000
2020-05-05,217.44000244140625,220.13999938964844,216.85000610351562,217.66000366210938,209.97940063476562,37783100
2020-05-06,219.39999389648438,221.0399932861328,218.11000061035156,219.0,211.27212524414062,36455200
2020-05-07,221.82000732421875,222.72999572753906,220.4199981689453,221.82000732421875,213.99258422851562,38624800
2020-05-08,223.5500030517578,225.0,222.47999572753906,224.86000061035156,216.92532348632812,31852300
2020-05-11,223.49000549316406,227.92999267578125,223.25,226.8699951171875,218.8643798828125,35714100
2020-05-12,227.49000549316406,228.10000610351562,222.08999633789062,222.1199951171875,214.281982421875,41054100
2020-05-13,222.66000366210938,224.61000061035156,216.7100067138672,219.33999633789062,211.60012817382812,65521200
2020-05-14,217.97000122070312,221.8699951171875,215.99000549316406,221.8300018310547,214.0022430419922,51549300
2020-05-15,218.77999877929688,223.3300018310547,218.3300018310547,223.27000427246094,215.3914337158203,55747200
2020-05-18,226.27999877929688,228.67999267578125,225.47000122070312,227.42999267578125,219.4046173095703,42398100
2020-05-19,227.6999969482422,229.85000610351562,226.7100067138672,226.86000061035156,218.85475158691406,36237300
2020-05-20,229.5,231.75999450683594,229.47999572753906,231.38999938964844,223.22486877441406,37417000
2020-05-21,231.44000244140625,232.13999938964844,228.33999633789062,228.8699951171875,220.7938232421875,43642900
2020-05-22,228.4499969482422,229.8699951171875,227.5,229.66000366210938,221.5559539794922,28762400
2020-05-26,233.36000061035156,233.57000732421875,228.7899932861328,229.0399932861328,220.95782470703125,33055300
2020-05-27,228.69000244140625,230.41000366210938,223.94000244140625,230.2899932861328,222.1636962890625,55665600
2020-05-28,229.11000061035156,233.47000122070312,229.0500030517578,229.99000549316406,221.87429809570312,42784300
2020-05-29,230.3800048828125,233.60000610351562,228.75999450683594,233.36000061035156,225.12535095214844,50691800
2020-06-01,232.4600067138672,234.4499969482422,232.0,234.05999755859375,225.80068969726562,25776000
2020-06-02,234.5,235.69000244140625,232.00999450683594,235.6300048828125,227.31527709960938,33383400
2020-06-03,236.25999450683594,237.47000122070312,235.35000610351562,236.69000244140625,228.3378448486328,37228700
2020-06-04,236.3300018310547,237.7899932861328,233.67999267578125,235.02999877929688,226.7364501953125,38716100
2020-06-05,236.22000122070312,240.3000030517578,235.6300048828125,239.69000244140625,231.2320098876953,47365600
2020-06-08,239.5399932861328,241.67999267578125,237.91000366210938,241.5500030517578,233.02639770507812,32937300
2020-06-09,240.66000366210938,244.17999267578125,240.47000122070312,243.3000030517578,234.714599609375,35046300
2020-06-10,245.0500030517578,247.82000732421875,244.50999450683594,246.22000122070312,237.53158569335938,58084400
2020-06-11,242.16000366210938,243.58999633789062,233.9600067138672,234.02000427246094,225.7620849609375,72919400
2020-06-12,239.08999633789062,240.39999389648438,231.74000549316406,235.8800048828125,227.55648803710938,72034800
2020-06-15,232.44000244140625,239.4499969482422,231.47000122070312,238.75,230.32518005371094,45307400
2020-06-16,243.77999877929688,244.38999938964844,239.10000610351562,242.85000610351562,234.280517578125,48890100
2020-06-17,244.39999389648438,245.5,242.72999572753906,243.6199951171875,235.02334594726562,34749300
2020-06-18,243.2899932861328,244.52999877929688,242.49000549316406,244.27999877929688,235.6600341796875,30578600
2020-06-19,246.72999572753906,247.0,242.4499969482422,244.24000549316406,235.62142944335938,49422100
2020-06-22,243.67999267578125,246.8699951171875,243.3800048828125,246.74000549316406,238.4471893310547,24068700
2020-06-23,248.38999938964844,251.14999389648438,247.82000732421875,248.83999633789062,240.4765625,32767400
2020-06-24,248.05999755859375,249.3300018310547,242.16000366210938,243.7100067138672,235.51902770996094,46032400
2020-06-25,243.8000030517578,246.33999633789062,241.13999938964844,246.02999877929688,237.7610626220703,36940800
2020-06-26,245.77999877929688,245.9600067138672,239.67999267578125,240.22000122070312,232.14630126953125,52824600
2020-06-29,239.97000122070312,242.85000610351562,237.35000610351562,242.83999633789062,234.6782684326172,34377800
2020-06-30,242.77000427246094,248.16000366210938,242.5800018310547,247.60000610351562,239.27830505371094,38909200
2020-07-01,247.63999938964844,251.52000427246094,247.0800018310547,250.49000549316406,242.0711669921875,34689200
2020-07-02,253.02000427246094,254.27000427246094,251.7100067138672,252.19000244140625,243.7139892578125,31956500
2020-07-06,255.4499969482422,258.92999267578125,255.42999267578125,258.3900146484375,249.70567321777344,34589000
2020-07-07,258.1300048828125,260.8800048828125,256.29998779296875,256.6099853515625,247.98541259765625,36578200
2020-07-08,257.9800109863281,260.0199890136719,256.5,259.989990234375,251.2518310546875,30426300
2020-07-09,261.9700012207031,262.8699951171875,257.6300048828125,262.17999267578125,253.36825561523438,40312900
2020-07-10,262.0299987792969,264.2300109863281,259.260009765625,263.9700012207031,255.09803771972656,32885300
2020-07-13,266.9100036621094,269.7900085449219,257.69000244140625,258.5400085449219,249.8505859375,64108100
2020-07-14,255.92999267578125,260.7900085449219,252.75999450683594,260.3699951171875,251.6190643310547,72230500
2020-07-15,261.8299865722656,262.69000244140625,257.489990234375,260.8999938964844,252.13128662109375,54523900
2020-07-16,258.0199890136719,259.7799987792969,255.6199951171875,259.1199951171875,250.41111755371094,47594100
2020-07-17,259.5899963378906,260.30999755859375,257.1700134277344,259.4200134277344,250.70103454589844,35137900
2020-07-20,260.0799865722656,267.42999267578125,258.7900085449219,266.7799987792969,257.8135986328125,40610100
2020-07-21,268.3999938964844,268.4100036621094,263.1300048828125,264.0,255.12710571289062,43243800
2020-07-22,264.510009765625,265.8900146484375,262.54998779296875,264.92999267578125,256.0257873535156,29865500
2020-07-23,264.510009765625,265.239990234375,256.54998779296875,258.010009765625,249.33840942382812,51363500
2020-07-24,254.0399932861328,256.92999267578125,251.32000732421875,255.55999755859375,246.97073364257812,54054500
2020-07-27,257.260009765625,260.5199890136719,256.45001220703125,260.1199951171875,251.37745666503906,36445700
2020-07-28,259.30999755859375,259.8500061035156,256.510009765625,256.80999755859375,248.17869567871094,31302400
2020-07-29,258.3999938964844,260.6600036621094,257.9100036621094,259.7699890136719,251.03921508789062,27556900
2020-07-30,257.739990234375,261.7099914550781,256.54998779296875,261.1300048828125,252.35360717773438,41774500
2020-07-31,265.9100036621094,265.95001220703125,260.8500061035156,265.7900085449219,256.85693359375,53686300
2020-08-03,268.0,270.1499938964844,267.8699951171875,269.3800048828125,260.3262634277344,32081600
2020-08-04,268.8599853515625,270.4800109863281,268.0899963378906,270.3800048828125,261.2925720214844,24911300
2020-08-05,270.8800048828125,271.5199890136719,269.9599914550781,271.04998779296875,261.9400634765625,21612100
2020-08-06,270.8500061035156,274.9800109863281,270.19000244140625,274.6400146484375,265.4094543457031,28048200
2020-08-07,274.0799865722656,274.8800048828125,269.25,271.4700012207031,262.3460388183594,44969400
2020-08-10,271.7699890136719,271.9800109863281,266.6700134277344,270.30999755859375,261.2249450683594,35088400
2020-08-11,269.1099853515625,270.44000244140625,264.6300048828125,265.19000244140625,256.2770690917969,43104300
2020-08-12,267.4200134277344,272.8399963378906,267.3699951171875,271.8599853515625,262.7229309082031,38773400
2020-08-13,272.6600036621094,274.8299865722656,271.510009765625,272.4800109863281,263.32208251953125,31895700
2020-08-14,273.1199951171875,273.3999938964844,270.7200012207031,272.1600036621094,263.01275634765625,30799500
2020-08-17,273.92999267578125,275.8399963378906,272.20001220703125,275.32000732421875,266.0666198730469,24803000
2020-08-18,276.4200134277344,278.4599914550781,274.9100036621094,277.9700012207031,268.6275939941406,23529500
2020-08-19,277.92999267578125,279.0199890136719,275.57000732421875,276.1000061035156,266.8204040527344,31999400
2020-08-20,275.2799987792969,280.42999267578125,274.8599853515625,279.92999267578125,270.52166748046875,27723400
2020-08-21,280.1300048828125,282.3399963378906,279.4599914550781,281.8699951171875,272.3964538574219,34748900
2020-08-24,285.25,286.0,281.2699890136719,283.6300048828125,274.097412109375,36418500
2020-08-25,282.8299865722656,286.05999755859375,282.3699951171875,285.8599853515625,276.2524108886719,34866600
2020-08-26,287.1499938964844,292.2200012207031,285.8299865722656,291.9599914550781,282.1473083496094,42216700
2020-08-27,292.9700012207031,293.8500061035156,288.7099914550781,291.04998779296875,281.2678527832031,49482700
2020-08-28,292.3299865722656,293.17999267578125,290.92999267578125,292.5299987792969,282.69818115234375,28021000
2020-08-31,293.07000732421875,296.75,292.6199951171875,294.8800048828125,284.9693298339844,36321000
2020-09-01,297.6199951171875,300.0400085449219,295.7900085449219,299.9200134277344,289.8398742675781,36216200
2020-09-02,303.2799987792969,303.5,296.8900146484375,302.760009765625,292.5843811035156,50836800
2020-09-03,298.1000061035156,298.6199951171875,284.4100036621094,287.4100036621094,277.750244140625,110083300
2020-09-04,285.55999755859375,288.92999267578125,271.79998779296875,283.5799865722656,274.0489807128906,123959000
2020-09-08,272.2200012207031,278.2200012207031,269.6600036621094,269.95001220703125,260.8770751953125,99568600
2020-09-09,275.6400146484375,280.04998779296875,273.0,277.8800048828125,268.5405578613281,64837900
2020-09-10,280.94000244140625,282.20001220703125,270.55999755859375,272.3399963378906,263.1867370605469,69667500
2020-09-11,274.1499938964844,275.2200012207031,266.8999938964844,270.45001220703125,261.3602600097656,71809000
2020-09-14,274.3599853515625,277.2200012207031,272.9599914550781,275.1600036621094,265.91192626953125,38525200
2020-09-15,279.0299987792969,280.45001220703125,275.1300048828125,279.05999755859375,269.6808776855469,41849900
2020-09-16,279.8800048828125,280.3599853515625,274.25,274.6099853515625,265.3804626464844,42321000
2020-09-17,267.54998779296875,274.3999938964844,266.67999267578125,270.32000732421875,261.2346496582031,81570800
2020-09-18,271.7900085449219,272.0899963378906,262.6300048828125,266.8699951171875,257.9006042480469,86251100
2020-09-21,262.4700012207031,267.6499938964844,260.1099853515625,267.510009765625,258.51910400390625,57168600
2020-09-22,269.989990234375,273.0799865722656,266.5400085449219,272.4800109863281,263.32208251953125,41128900
2020-09-23,272.1499938964844,272.3399963378906,263.25,264.1600036621094,255.2816619873047,48837300
2020-09-24,261.3900146484375,268.70001220703125,261.2200012207031,265.3900146484375,256.4703674316406,70631700
2020-09-25,265.9100036621094,272.3999938964844,264.29998779296875,271.55999755859375,262.4329833984375,55242400
2020-09-28,276.5799865722656,277.20001220703125,271.6700134277344,277.20001220703125,267.8834228515625,58438300
2020-09-29,276.6199951171875,277.7099914550781,275.3699951171875,275.95001220703125,266.6754150390625,27050000
2020-09-30,276.1499938964844,281.0899963378906,275.8699951171875,277.8399963378906,268.50189208984375,49380800
2020-10-01,281.7900085449219,282.8800048828125,279.8399963378906,282.25,272.763671875,50020200
2020-10-02,276.0199890136719,282.239990234375,273.44000244140625,274.30999755859375,265.090576171875,75497400
2020-10-05,276.3399963378906,280.489990234375,276.2300109863281,280.1600036621094,270.74395751953125,28184600
2020-10-06,279.45001220703125,281.19000244140625,274.25,275.1600036621094,265.91192626953125,49704200
2020-10-07,277.8900146484375,280.739990234375,277.2799987792969,279.9200134277344,270.5120849609375,27539700
2020-10-08,282.3999938964844,282.4700012207031,280.30999755859375,281.4100036621094,271.9519958496094,25443300
2020-10-09,283.1099853515625,285.7900085449219,282.7099914550781,285.7099914550781,276.1073303222656,30201100
2020-10-12,290.54998779296875,297.4599914550781,289.4700012207031,294.5299987792969,284.6310119628906,79370700
2020-10-13,296.3900146484375,297.04998779296875,293.1099853515625,294.5199890136719,284.6213073730469,64240000
2020-10-14,295.3500061035156,296.3500061035156,290.260009765625,292.05999755859375,282.2440185546875,36949100
2020-10-15,287.20001220703125,290.7099914550781,286.5400085449219,290.1000061035156,280.3498840332031,42514200
2020-10-16,291.79998779296875,293.2699890136719,288.1499938964844,288.510009765625,278.8132019042969,40570700
2020-10-19,290.489990234375,291.4800109863281,282.7900085449219,283.79998779296875,274.2616271972656,36756800
2020-10-20,284.55999755859375,287.6199951171875,282.95001220703125,284.4100036621094,274.8511047363281,32195400
2020-10-21,284.6700134277344,287.32000732421875,283.69000244140625,284.19000244140625,274.6385192871094,29306100
2020-10-22,285.04998779296875,285.9800109863281,280.82000732421875,284.17999267578125,274.6288146972656,32196200
2020-10-23,284.7699890136719,284.9100036621094,281.7799987792969,284.739990234375,275.1699523925781,24658500
2020-10-26,282.3800048828125,285.29998779296875,276.760009765625,280.4700012207031,271.0435791015625,38421100
2020-10-27,281.5,283.510009765625,280.20001220703125,282.6600036621094,273.1598815917969,30559100
2020-10-28,278.010009765625,278.6400146484375,271.3800048828125,271.6400146484375,262.51031494140625,53413500
2020-10-29,273.0,279.489990234375,272.5199890136719,276.3900146484375,267.10064697265625,43246300
2020-10-30,274.3399963378906,275.239990234375,267.07000732421875,269.3800048828125,260.3262634277344,65838300
2020-11-02,271.8500061035156,273.5199890136719,266.9700012207031,269.9800109863281,260.9060974121094,39987400
2020-11-03,271.9599914550781,276.82000732421875,270.8399963378906,274.6499938964844,265.41912841796875,43604100
2020-11-04,283.5899963378906,288.7699890136719,281.8699951171875,286.9100036621094,277.2671203613281,75728200
2020-11-05,293.5299987792969,295.3900146484375,292.0,294.3900146484375,284.4957275390625,52054200
2020-11-06,293.7099914550781,295.3599853515625,289.8299865722656,294.6099853515625,284.7082824707031,40959800
2020-11-09,297.6499938964844,299.1400146484375,288.1199951171875,288.5899963378906,278.8905334472656,86537100
2020-11-10,285.1700134277344,286.6600036621094,280.6199951171875,283.4200134277344,273.8943786621094,69024900
2020-11-11,286.0299987792969,290.25,283.3800048828125,289.760009765625,280.021240234375,36102900
2020-11-12,290.760009765625,292.07000732421875,287.25,288.3999938964844,278.7070617675781,34414600
2020-11-13,290.1700134277344,291.57000732421875,287.8699951171875,290.92999267578125,281.1519775390625,24806900
2020-11-16,290.6199951171875,293.510009765625,289.989990234375,293.20001220703125,283.3457336425781,30168400
2020-11-17,293.3999938964844,293.739990234375,291.6099853515625,292.2699890136719,282.4468994140625,21843500
2020-11-18,291.70001220703125,293.3699951171875,290.0199890136719,290.1099853515625,280.35955810546875,28069600
2020-11-19,289.5400085449219,292.70001220703125,288.8500061035156,292.3800048828125,282.5531921386719,22718400
2020-11-20,292.29998779296875,293.07000732421875,290.2900085449219,290.3800048828125,280.62054443359375,25907300
2020-11-23,291.4100036621094,292.75,288.07000732421875,290.3900146484375,280.6300354003906,26875600
2020-11-24,291.489990234375,294.9800109863281,289.6300048828125,294.4700012207031,284.572998046875,24516800
2020-11-25,295.57000732421875,296.94000244140625,294.5899963378906,296.2799987792969,286.3222351074219,23326800
2020-11-27,298.30999755859375,300.1700134277344,297.8999938964844,299.010009765625,288.96038818359375,17163100
2020-11-30,299.3399963378906,299.9700012207031,294.7799987792969,299.6199951171875,289.54986572265625,27836200
2020-12-01,301.9700012207031,305.1400146484375,300.8299865722656,303.4599914550781,293.26080322265625,27521300
2020-12-02,302.25,304.20001220703125,300.3500061035156,303.8500061035156,293.6377258300781,23620000
2020-12-03,304.1700134277344,305.8800048828125,303.5299987792969,304.2799987792969,294.0533142089844,22828700
2020-12-04,304.3299865722656,305.6700134277344,303.6300048828125,305.5199890136719,295.2515869140625,19332100
2020-12-07,305.7099914550781,307.6300048828125,305.5199890136719,307.25,296.9234619140625,20851000
2020-12-08,306.760009765625,308.6000061035156,304.95001220703125,308.2900085449219,297.9285888671875,18341500
2020-12-09,308.07000732421875,308.3599853515625,300.2099914550781,301.30999755859375,291.1831359863281,48839300
2020-12-10,299.2099914550781,303.67999267578125,298.0899963378906,302.5199890136719,292.3524475097656,27519500
2020-12-11,300.80999755859375,301.9800109863281,298.4700012207031,301.8500061035156,291.7049560546875,26760400
2020-12-14,303.0799865722656,306.04998779296875,303.010009765625,304.0400085449219,293.8212890625,28804800
2020-12-15,306.3699951171875,307.2900085449219,304.1099853515625,307.2900085449219,296.96209716796875,25709000
2020-12-16,307.70001220703125,309.7900085449219,306.6199951171875,308.9800109863281,298.5952453613281,25461900
2020-12-17,310.6300048828125,311.239990234375,309.3900146484375,311.0,300.54742431640625,23730500
2020-12-18,311.6600036621094,311.9800109863281,307.6099853515625,310.05999755859375,299.6390380859375,41173400
2020-12-21,306.4599914550781,309.4700012207031,303.6000061035156,308.9200134277344,299.0785217285156,37095500
2020-12-22,309.8500061035156,310.7099914550781,306.8500061035156,309.760009765625,299.89166259765625,26176300
2020-12-23,309.80999755859375,310.17999267578125,308.0400085449219,308.20001220703125,298.38134765625,21201300
2020-12-24,308.4700012207031,310.0199890136719,308.3900146484375,309.55999755859375,299.6979675292969,16785000
2020-12-28,312.25,313.1700134277344,310.3599853515625,312.67999267578125,302.71868896484375,22497700
2020-12-29,314.04998779296875,314.69000244140625,312.0299987792969,312.9599914550781,302.98968505859375,25871900
2020-12-30,314.1600036621094,314.489990234375,312.3299865722656,312.9700012207031,302.99945068359375,18138100
2020-12-31,312.8699951171875,314.239990234375,311.760009765625,313.739990234375,303.7448425292969,21611400
2021-01-04,315.1099853515625,315.2900085449219,305.17999267578125,309.30999755859375,299.45599365234375,45305900
2021-01-05,308.2900085449219,312.1400146484375,308.2900085449219,311.8599853515625,301.9248352050781,29323400
2021-01-06,307.0,311.8800048828125,305.9800109863281,307.5400085449219,297.7424621582031,52809600
2021-01-07,310.2799987792969,315.8399963378906,310.25,314.9800109863281,304.94537353515625,30394800
2021-01-08,317.3399963378906,319.3900146484375,315.0799865722656,319.0299987792969,308.8663635253906,33955800
2021-01-11,315.9800109863281,317.19000244140625,313.75,314.4200134277344,304.4031982421875,32746400
2021-01-12,314.4599914550781,315.5799865722656,311.20001220703125,313.9200134277344,303.919189453125,29266800
2021-01-13,314.19000244140625,316.8599853515625,313.57000732421875,316.0400085449219,305.9716491699219,22898400
2021-01-14,316.5,317.5299987792969,313.8599853515625,314.3500061035156,304.33544921875,23500100
2021-01-15,314.1300048828125,315.1199951171875,310.5799865722656,311.8599853515625,301.9248352050781,35118700
2021-01-19,314.25,316.92999267578125,313.1199951171875,316.4100036621094,306.3298645019531,24537000
2021-01-20,320.1400146484375,324.739990234375,316.510009765625,323.7699890136719,313.45538330078125,30728100
2021-01-21,325.1499938964844,327.1300048828125,323.7300109863281,326.3599853515625,315.9627990722656,25130600
2021-01-22,325.2900085449219,326.4599914550781,324.7099914550781,325.4200134277344,315.05279541015625,21609400
2021-01-25,328.9100036621094,330.32000732421875,321.4100036621094,328.1099853515625,317.6571044921875,39080600
2021-01-26,328.8500061035156,329.760009765625,327.2200012207031,328.5899963378906,318.121826171875,25498100
2021-01-27,326.260009765625,326.2699890136719,317.3599853515625,319.42999267578125,309.25360107421875,55264000
2021-01-28,320.6700134277344,326.4200134277344,320.0299987792969,321.32000732421875,311.08343505859375,42836300
2021-01-29,319.5799865722656,320.7200012207031,312.760009765625,314.55999755859375,304.53887939453125,55259000
2021-02-01,318.1099853515625,323.5400085449219,316.0199890136719,322.4200134277344,312.14849853515625,35646000
2021-02-02,325.4800109863281,328.8699951171875,325.30999755859375,327.67999267578125,317.2407531738281,33930800
2021-02-03,329.82000732421875,330.20001220703125,326.32000732421875,326.3800048828125,315.98223876953125,24824500
2021-02-04,327.82000732421875,330.3299865722656,326.4599914550781,330.239990234375,319.71923828125,22350900
2021-02-05,331.2200012207031,332.3999938964844,329.5299987792969,331.3599853515625,320.8035888671875,22732000
2021-02-08,333.1000061035156,333.739990234375,331.4100036621094,333.5799865722656,322.95281982421875,20462800
2021-02-09,332.6199951171875,334.80999755859375,332.6099853515625,333.510009765625,322.8851013183594,17597500
2021-02-10,334.989990234375,335.4599914550781,329.5,332.75,322.14923095703125,28068700
2021-02-11,334.3299865722656,335.0,332.1199951171875,334.5799865722656,323.9209899902344,22046100
2021-02-12,333.7099914550781,336.6199951171875,332.6300048828125,336.45001220703125,325.7314147949219,20346800
2021-02-16,337.2699890136719,338.19000244140625,334.3399963378906,335.5400085449219,324.8504333496094,27080800
2021-02-17,332.4700012207031,335.6600036621094,330.1700134277344,333.92999267578125,323.2916564941406,31360300
2021-02-18,330.2300109863281,333.8699951171875,328.3599853515625,332.4700012207031,321.8782043457031,32236200
2021-02-19,333.8599853515625,333.989990234375,329.9700012207031,331.0199890136719,320.47442626953125,39157700
2021-02-22,326.5,327.79998779296875,322.2300109863281,322.44000244140625,312.1678161621094,47256900
2021-02-23,317.0,323.20001220703125,311.0,321.4800109863281,311.23828125,97241900
2021-02-24,318.739990234375,324.45001220703125,315.9599914550781,324.1300048828125,313.8039245605469,58206300
2021-02-25,321.3900146484375,324.0299987792969,311.239990234375,312.8299865722656,302.8639221191406,110182600
2021-02-26,315.8500061035156,319.1099853515625,310.8800048828125,314.1400146484375,304.1322021484375,104739800
2021-03-01,319.2699890136719,323.94000244140625,317.94000244140625,323.5899963378906,313.2810974121094,49164500
2021-03-02,324.25,324.3299865722656,318.1400146484375,318.3999938964844,308.2564697265625,48370000
2021-03-03,317.2699890136719,318.239990234375,309.1000061035156,309.1600036621094,299.31085205078125,86301100
2021-03-04,308.7799987792969,312.0400085449219,300.1099853515625,304.1000061035156,294.4120178222656,139131600
2021-03-05,306.79998779296875,309.6099853515625,297.45001220703125,308.67999267578125,298.8460388183594,121523700
2021-03-08,308.1199951171875,310.05999755859375,299.510009765625,299.94000244140625,290.384521484375,88409800
2021-03-09,307.4700012207031,313.7300109863281,306.9200134277344,311.7699890136719,301.837646484375,80391100
2021-03-10,316.1600036621094,316.4700012207031,310.1700134277344,310.8800048828125,300.97601318359375,76798100
2021-03-11,315.7699890136719,319.8599853515625,314.8500061035156,318.0400085449219,307.907958984375,53484800
2021-03-12,313.8599853515625,318.2300109863281,311.3900146484375,315.4599914550781,305.4100341796875,69315600
2021-03-15,315.7900085449219,319.0,314.1000061035156,318.8299865722656,308.6726989746094,42955700
2021-03-16,321.0899963378906,324.20001220703125,319.1000061035156,320.5799865722656,310.36700439453125,54925900
2021-03-17,317.45001220703125,323.8500061035156,315.67999267578125,321.8999938964844,311.6448974609375,78258700
2021-03-18,316.8699951171875,317.8800048828125,311.57000732421875,312.0400085449219,302.09912109375,82718100
2021-03-19,311.8699951171875,314.7300109863281,309.6600036621094,313.1400146484375,303.1640625,78446200
2021-03-22,315.2099914550781,320.739990234375,315.2099914550781,318.6099853515625,308.8493347167969,56194800
2021-03-23,319.7300109863281,321.0899963378906,316.3800048828125,317.2200012207031,307.5019226074219,53455400
2021-03-24,318.6300048828125,318.6700134277344,311.7200012207031,311.8699951171875,302.31585693359375,64803700
2021-03-25,309.9700012207031,312.8900146484375,307.3900146484375,311.3299865722656,301.7923278808594,78729000
2021-03-26,311.1099853515625,316.3299865722656,309.6700134277344,316.0,306.3193664550781,63519600
2021-03-29,315.45001220703125,316.989990234375,312.4700012207031,315.9100036621094,306.2320556640625,54608000
2021-03-30,313.8900146484375,314.9100036621094,311.5400085449219,314.32000732421875,304.69073486328125,44635700
2021-03-31,316.1600036621094,320.739990234375,315.80999755859375,319.1300048828125,309.3533630371094,55032500
2021-04-01,323.07000732421875,324.7099914550781,322.80999755859375,324.57000732421875,314.62677001953125,55685600
2021-04-05,327.1300048828125,331.8399963378906,326.8800048828125,331.04998779296875,320.9082336425781,42172500
2021-04-06,330.7300109863281,332.8299865722656,330.0199890136719,330.82000732421875,320.68536376953125,33537200
2021-04-07,330.3299865722656,332.4800109863281,329.3699951171875,331.6199951171875,321.4608154296875,32046400
2021-04-08,334.55999755859375,335.2699890136719,333.739990234375,335.0799865722656,324.8147277832031,29940800
2021-04-09,333.67999267578125,337.32000732421875,332.9200134277344,337.1099853515625,326.7825012207031,36664900
2021-04-12,336.0400085449219,337.1000061035156,334.7300109863281,336.6700134277344,326.3560791015625,25833000
2021-04-13,338.239990234375,341.0799865722656,338.0199890136719,340.6000061035156,330.1655578613281,30374000
2021-04-14,340.8500061035156,340.9800109863281,335.6700134277344,336.510009765625,326.2010192871094,42564300
2021-04-15,339.4700012207031,342.010009765625,336.2200012207031,341.6099853515625,331.14471435546875,36342800
2021-04-16,342.1499938964844,342.2300109863281,340.0799865722656,342.010009765625,331.532470703125,40860100
2021-04-19,340.3900146484375,341.5799865722656,336.8999938964844,338.8800048828125,328.49835205078125,34533100
2021-04-20,338.20001220703125,339.5199890136719,334.3800048828125,336.4100036621094,326.10406494140625,38081800
2021-04-21,335.0899963378906,339.4800109863281,333.9700012207031,339.2900085449219,328.8957824707031,36598100
2021-04-22,338.8900146484375,339.8999938964844,334.010009765625,335.20001220703125,324.9310302734375,45936100
2021-04-23,335.8500061035156,340.7699890136719,335.8500061035156,339.4200134277344,329.0218200683594,36381900
2021-04-26,339.6700134277344,341.9200134277344,338.8999938964844,341.6300048828125,331.16412353515625,30812000
2021-04-27,341.92999267578125,342.1499938964844,339.1700134277344,340.1499938964844,329.7293701171875,33187200
2021-04-28,339.80999755859375,340.8500061035156,338.3299865722656,339.0,328.6146240234375,33615700
2021-04-29,342.3699951171875,342.79998779296875,336.8999938964844,340.2200012207031,329.79736328125,37708900
2021-04-30,337.70001220703125,340.260009765625,337.04998779296875,337.989990234375,327.63555908203125,38263400
2021-05-03,339.2300109863281,340.0,335.7300109863281,336.19000244140625,325.8907775878906,29729700
2021-05-04,333.55999755859375,333.8900146484375,326.2099914550781,330.1400146484375,320.02606201171875,65147000
2021-05-05,332.25,333.1400146484375,328.2300109863281,329.0299987792969,318.95013427734375,46219300
2021-05-06,328.760009765625,331.6700134277344,326.45001220703125,331.510009765625,321.3541564941406,46814300
2021-05-07,334.3699951171875,336.6499938964844,331.69000244140625,334.20001220703125,323.96173095703125,53324500
2021-05-10,332.7799987792969,332.9599914550781,325.54998779296875,325.760009765625,315.7802734375,60700500
2021-05-11,319.70001220703125,326.1300048828125,319.0199890136719,325.30999755859375,315.3441467285156,71963600
2021-05-12,320.2300109863281,322.6199951171875,316.0,316.8900146484375,307.1820068359375,91164900
2021-05-13,319.9200134277344,322.3999938964844,316.8999938964844,319.3399963378906,309.5569152832031,69877800
2021-05-14,322.6000061035156,327.3299865722656,322.0799865722656,326.3900146484375,316.3909606933594,44370000
2021-05-17,324.6300048828125,326.3699951171875,321.45001220703125,324.4100036621094,314.4716796875,39395000
2021-05-18,325.3900146484375,326.6499938964844,321.94000244140625,322.2200012207031,312.3487854003906,36528500
2021-05-19,316.6600036621094,322.8999938964844,316.29998779296875,322.5899963378906,312.7073059082031,66319100
2021-05-20,324.1199951171875,329.7099914550781,323.8900146484375,328.8299865722656,318.7562255859375,46466100
2021-05-21,330.42999267578125,330.8599853515625,326.6400146484375,327.010009765625,316.9920349121094,50330400
2021-05-24,329.3699951171875,333.6700134277344,326.8999938964844,332.510009765625,322.323486328125,32475800
2021-05-25,334.07000732421875,334.80999755859375,331.760009765625,332.9700012207031,322.7693786621094,31280300
2021-05-26,333.6600036621094,334.6099853515625,332.95001220703125,334.1300048828125,323.89385986328125,25444900
2021-05-27,333.6700134277344,334.5400085449219,332.6700134277344,332.8800048828125,322.68218994140625,27931700
2021-05-28,334.1199951171875,335.57000732421875,333.6000061035156,333.92999267578125,323.699951171875,29927400
2021-06-01,335.29998779296875,335.7900085449219,331.42999267578125,332.82000732421875,322.62396240234375,31145400
2021-06-02,333.25,334.3399963378906,331.70001220703125,333.4700012207031,323.2541198730469,22047900
2021-06-03,330.54998779296875,331.8599853515625,328.2799987792969,330.0,319.8904113769531,37057800
2021-06-04,331.8500061035156,336.05999755859375,331.7799987792969,335.6000061035156,325.31884765625,38736500
2021-06-07,335.04998779296875,336.6600036621094,334.3399963378906,336.6000061035156,326.2882385253906,32611900
2021-06-08,338.3999938964844,339.2900085449219,335.0299987792969,336.760009765625,326.4433288574219,27282800
2021-06-09,338.1700134277344,338.9700012207031,336.6499938964844,336.8399963378906,326.52081298828125,21485300
2021-06-10,337.19000244140625,340.4599914550781,336.7300109863281,340.3500061035156,329.9233093261719,33702100
2021-06-11,340.3599853515625,341.25,339.69000244140625,341.239990234375,330.7860107421875,21222800
2021-06-14,341.67999267578125,344.5199890136719,340.4599914550781,344.510009765625,333.95587158203125,27827700
2021-06-15,344.1499938964844,344.4700012207031,341.5199890136719,342.260009765625,331.7748718261719,35963800
2021-06-16,342.739990234375,343.8399963378906,337.45001220703125,341.010009765625,330.5631408691406,55399500
2021-06-17,339.9700012207031,346.3800048828125,339.9200134277344,345.3399963378906,334.76043701171875,59722700
2021-06-18,343.6300048828125,344.80999755859375,341.8599853515625,342.6300048828125,332.13348388671875,55414900
2021-06-21,342.42999267578125,344.69000244140625,340.1499938964844,344.3599853515625,334.19769287109375,32992600
2021-06-22,344.1499938964844,348.0299987792969,343.8399963378906,347.57000732421875,337.31298828125,28941600
2021-06-23,347.510009765625,348.9200134277344,346.8800048828125,347.739990234375,337.4779357910156,27188500
2021-06-24,349.7300109863281,351.4599914550781,349.1700134277344,349.8900146484375,339.564453125,32581600
2021-06-25,350.4700012207031,350.7200012207031,348.8399963378906,349.4599914550781,339.14715576171875,28682800
2021-06-28,350.7799987792969,353.8500061035156,350.7200012207031,353.7099914550781,343.271728515625,39130300
2021-06-29,353.5299987792969,355.0199890136719,352.6700134277344,354.989990234375,344.5140075683594,29426000
2021-06-30,354.8299865722656,355.2300109863281,353.8299865722656,354.42999267578125,343.97052001953125,32724000
2021-07-01,354.07000732421875,355.0899963378906,352.67999267578125,354.57000732421875,344.10650634765625,29290000
2021-07-02,356.5199890136719,358.9700012207031,356.2799987792969,358.6400146484375,348.0563049316406,32727200
2021-07-06,359.260009765625,360.4800109863281,356.489990234375,360.19000244140625,349.5605773925781,38842400
2021-07-07,362.45001220703125,362.760009765625,358.94000244140625,360.95001220703125,350.2982177734375,35265200
2021-07-08,355.739990234375,359.6499938964844,354.4200134277344,358.7699890136719,348.18243408203125,50890000
2021-07-09,358.1700134277344,361.5,357.57000732421875,361.010009765625,350.3564453125,35184500
2021-07-12,362.45001220703125,362.8900146484375,360.8299865722656,362.4200134277344,351.7247314453125,25717700
2021-07-13,362.0299987792969,365.4700012207031,361.5400085449219,362.4200134277344,351.7247314453125,39723000
2021-07-14,364.8299865722656,365.489990234375,362.2200012207031,363.07000732421875,352.3555908203125,35336400
2021-07-15,362.9800109863281,363.19000244140625,358.4599914550781,360.5199890136719,349.8807678222656,53391600
2021-07-16,361.3999938964844,362.4100036621094,357.239990234375,357.6000061035156,347.0469665527344,47262000
2021-07-19,354.04998779296875,355.17999267578125,352.0400085449219,354.6700134277344,344.20343017578125,64404600
2021-07-20,355.6300048828125,360.2799987792969,353.79998779296875,358.7900085449219,348.2019348144531,42183700
2021-07-21,358.3500061035156,361.55999755859375,358.1199951171875,361.55999755859375,350.8901062011719,30259900
2021-07-22,361.7699890136719,363.9599914550781,361.7699890136719,363.95001220703125,353.20953369140625,30252200
2021-07-23,365.30999755859375,368.489990234375,363.9200134277344,368.20001220703125,357.3341979980469,31960800
2021-07-26,367.489990234375,368.8900146484375,366.6000061035156,368.489990234375,357.61566162109375,28438100
2021-07-27,368.2200012207031,368.2200012207031,360.1600036621094,364.42999267578125,353.67535400390625,57933100
2021-07-28,365.6000061035156,367.45001220703125,363.239990234375,365.8299865722656,355.0340881347656,42066200
2021-07-29,365.25,367.67999267578125,365.25,366.4800109863281,355.6649169921875,25672500
2021-07-30,362.44000244140625,365.1700134277344,362.4100036621094,364.57000732421875,353.8112487792969,36484600
2021-08-02,366.2799987792969,366.8800048828125,363.8699951171875,364.6000061035156,353.8404541015625,27334100
2021-08-03,365.2799987792969,366.92999267578125,362.0,366.80999755859375,355.9851989746094,35558500
2021-08-04,366.7699890136719,368.32000732421875,365.6300048828125,367.3399963378906,356.4994812011719,29602200
2021-08-05,368.17999267578125,369.9100036621094,367.45001220703125,369.6700134277344,358.7607116699219,21443900
2021-08-06,368.3699951171875,369.3699951171875,366.9100036621094,368.04998779296875,357.18865966796875,33332100
2021-08-09,368.5199890136719,369.2699890136719,367.3900146484375,368.7300109863281,357.8486022949219,25960200
2021-08-10,369.260009765625,369.55999755859375,365.6199951171875,366.8399963378906,356.0143127441406,35130800
2021-08-11,368.1400146484375,368.6499938964844,364.8399963378906,366.2099914550781,355.4028015136719,34249800
2021-08-12,365.69000244140625,367.8999938964844,364.29998779296875,367.5299987792969,356.6839294433594,25969200
2021-08-13,367.8900146484375,369.1600036621094,367.3800048828125,368.82000732421875,357.9358825683594,19336200
2021-08-16,367.6700134277344,369.0199890136719,363.70001220703125,368.9800109863281,358.0911865234375,34856900
2021-08-17,366.1499938964844,367.1499938964844,363.2300109863281,365.7300109863281,354.93701171875,44793900
2021-08-18,365.17999267578125,366.6199951171875,361.8699951171875,362.2099914550781,351.5209655761719,38541900
2021-08-19,360.2200012207031,365.67999267578125,359.9599914550781,363.9599914550781,353.2193298339844,48499400
2021-08-20,365.05999755859375,368.1400146484375,364.739990234375,367.7300109863281,356.8780517578125,39486000
2021-08-23,368.79998779296875,373.94000244140625,368.7900085449219,373.2300109863281,362.2157287597656,34034700
2021-08-24,373.8399963378906,374.989990234375,373.3599853515625,374.3699951171875,363.3221130371094,21732900
2021-08-25,374.6300048828125,375.3900146484375,373.8599853515625,374.79998779296875,363.7394104003906,20441900
2021-08-26,373.9200134277344,374.6199951171875,371.9700012207031,372.4200134277344,361.4295654296875,29133300
2021-08-27,373.07000732421875,376.55999755859375,372.57000732421875,376.0400085449219,364.9428405761719,27104700
2021-08-30,376.8500061035156,380.760009765625,376.8299865722656,380.260009765625,369.03826904296875,27295700
2021-08-31,380.510009765625,380.5799865722656,378.3599853515625,379.95001220703125,368.73748779296875,29628200
2021-09-01,381.0400085449219,382.7099914550781,380.3699951171875,380.5799865722656,369.34881591796875,28138300
2021-09-02,381.9700012207031,382.30999755859375,379.1499938964844,380.3999938964844,369.1740417480469,25453400
2021-09-03,379.2200012207031,381.9800109863281,379.20001220703125,381.57000732421875,370.3096618652344,24605400
2021-09-07,381.67999267578125,382.7799987792969,380.489990234375,382.1099853515625,370.8336486816406,23970200
2021-09-08,381.92999267578125,381.92999267578125,378.45001220703125,380.7799987792969,369.5429382324219,32949200
2021-09-09,381.010009765625,382.1499938964844,379.2200012207031,379.4700012207031,368.2715759277344,29399000
2021-09-10,381.2300109863281,381.9700012207031,376.25,376.5899963378906,365.4765319824219,40249400
2021-09-13,378.989990234375,379.42999267578125,374.2200012207031,376.3299865722656,365.22418212890625,48741800
2021-09-14,377.8599853515625,378.6099853515625,374.2799987792969,375.260009765625,364.1858825683594,41826600
2021-09-15,375.7300109863281,378.4100036621094,373.3699951171875,378.04998779296875,366.8934631347656,34097900
2021-09-16,376.67999267578125,378.8999938964844,374.70001220703125,378.30999755859375,367.14581298828125,35193100
2021-09-17,377.82000732421875,377.8699951171875,372.760009765625,373.8299865722656,362.79803466796875,60912300
2021-09-20,367.4599914550781,369.25,360.92999267578125,365.70001220703125,355.3014221191406,76203200
2021-09-21,367.5799865722656,368.80999755859375,364.989990234375,366.1499938964844,355.7386169433594,41927500
2021-09-22,367.0899963378906,371.07000732421875,365.9599914550781,369.57000732421875,359.06134033203125,46972900
2021-09-23,370.760009765625,374.0400085449219,370.1000061035156,372.9800109863281,362.37445068359375,44652000
2021-09-24,370.6499938964844,373.760009765625,370.2699890136719,373.3299865722656,362.71441650390625,36056800
2021-09-27,370.20001220703125,371.25,367.7300109863281,370.3500061035156,359.81915283203125,43338100
2021-09-28,365.6700134277344,370.29998779296875,359.3500061035156,359.8699951171875,349.6371765136719,97701600
2021-09-29,361.1700134277344,363.3699951171875,358.6400146484375,359.2799987792969,349.06396484375,58076600
2021-09-30,360.9700012207031,362.67999267578125,357.1000061035156,357.9599914550781,347.781494140625,61384600
2021-10-01,358.6000061035156,361.25,354.3800048828125,360.17999267578125,349.9383850097656,56375500
2021-10-04,358.5199890136719,358.8599853515625,350.32000732421875,352.6199951171875,342.59332275390625,76766000
2021-10-05,353.7099914550781,359.69000244140625,353.4800109863281,357.3800048828125,347.2179870605469,47232900
2021-10-06,354.0799865722656,359.95001220703125,353.1499938964844,359.6700134277344,349.4428405761719,56806500
2021-10-07,362.79998779296875,365.69000244140625,362.25,362.9700012207031,352.6490478515625,39411200
2021-10-08,364.0799865722656,364.32000732421875,360.6099853515625,361.1600036621094,350.8904724121094,41822300
2021-10-11,359.5799865722656,363.20001220703125,358.29998779296875,358.3900146484375,348.1993103027344,34847200
2021-10-12,359.8800048828125,360.3299865722656,356.4800109863281,357.1400146484375,346.98486328125,43905100
2021-10-13,359.510009765625,360.69000244140625,357.42999267578125,360.0,349.76348876953125,40120800
2021-10-14,363.69000244140625,366.8500061035156,363.010009765625,366.6300048828125,356.20501708984375,43433900
2021-10-15,367.8800048828125,369.05999755859375,366.82000732421875,368.94000244140625,358.4493408203125,40419900
2021-10-18,367.6099853515625,372.8699951171875,366.989990234375,372.6499938964844,362.05377197265625,34513500
2021-10-19,373.75,375.5199890136719,372.70001220703125,375.4700012207031,364.7936706542969,29091000
2021-10-20,375.94000244140625,376.57000732421875,373.4599914550781,374.9800109863281,364.3175964355469,31390300
2021-10-21,374.1600036621094,377.4700012207031,373.8500061035156,377.2699890136719,366.5424499511719,25469300
2021-10-22,375.9800109863281,376.9700012207031,372.3900146484375,374.1000061035156,363.4626770019531,36275800
2021-10-25,375.55999755859375,378.8699951171875,373.55999755859375,377.92999267578125,367.1836242675781,32597800
2021-10-26,380.2300109863281,382.7099914550781,377.9100036621094,379.1199951171875,368.3398132324219,47191300
2021-10-27,379.5799865722656,383.1499938964844,379.30999755859375,380.0,369.1947326660156,45760500
2021-10-28,381.95001220703125,384.4800109863281,381.1600036621094,384.2200012207031,373.29473876953125,38007000
2021-10-29,381.05999755859375,386.2799987792969,380.70001220703125,386.1099853515625,375.1310729980469,37310100
2021-11-01,386.55999755859375,387.55999755859375,384.4200134277344,387.42999267578125,376.4134826660156,30765300
2021-11-02,386.79998779296875,389.5400085449219,386.75,389.04998779296875,377.9874267578125,25135300
2021-11-03,389.54998779296875,393.6099853515625,388.4800109863281,393.17999267578125,382.0000305175781,33748900
2021-11-04,394.4800109863281,399.20001220703125,393.9200134277344,398.2200012207031,386.8966369628906,40265300
2021-11-05,400.0400085449219,400.989990234375,397.1600036621094,398.6000061035156,387.26593017578125,43383800
2021-11-08,398.57000732421875,399.6199951171875,397.3999938964844,398.05999755859375,386.74127197265625,29256300
2021-11-09,399.1600036621094,399.57000732421875,393.9200134277344,395.32000732421875,384.0791931152344,50490700
2021-11-10,392.4700012207031,395.3599853515625,387.5299987792969,389.510009765625,378.4344177246094,54937400
2021-11-11,392.57000732421875,392.75,390.239990234375,390.5899963378906,379.4836120605469,32243000
2021-11-12,391.7699890136719,395.25,390.1300048828125,394.70001220703125,383.4767761230469,34730600
2021-11-15,395.9100036621094,396.239990234375,392.1000061035156,394.6099853515625,383.3893737792969,33716900
2021-11-16,393.8599853515625,397.92999267578125,393.6600036621094,397.4200134277344,386.1194763183594,27872900
2021-11-17,397.75,399.7200012207031,396.6400146484375,397.6300048828125,386.3234558105469,28703300
2021-11-18,399.7300109863281,402.2699890136719,397.45001220703125,401.75,390.3263244628906,45721500
2021-11-19,403.42999267578125,405.29998779296875,402.5799865722656,403.989990234375,392.50262451171875,45191700
2021-11-22,405.57000732421875,408.7099914550781,399.19000244140625,399.29998779296875,387.9460144042969,61715400
2021-11-23,398.1099853515625,400.2300109863281,392.9200134277344,397.4800109863281,386.177734375,70098700
2021-11-24,394.92999267578125,399.04998779296875,392.5400085449219,398.760009765625,387.4214172363281,46954400
2021-11-26,396.1099853515625,397.5400085449219,389.7699890136719,391.20001220703125,380.0763244628906,51533300
2021-11-29,395.8900146484375,400.7300109863281,395.1400146484375,399.69000244140625,388.32489013671875,54447100
2021-11-30,398.7799987792969,401.19000244140625,391.75,393.82000732421875,382.62176513671875,81332700
2021-12-01,398.2799987792969,400.4800109863281,386.6400146484375,387.1199951171875,376.1123352050781,77766500
2021-12-02,385.79998779296875,391.739990234375,384.3399963378906,389.9100036621094,378.822998046875,84416600
2021-12-03,391.30999755859375,392.3399963378906,378.8999938964844,383.1300048828125,372.2358093261719,105349100
2021-12-06,383.6300048828125,387.6000061035156,379.29998779296875,386.20001220703125,375.2185363769531,67588800
2021-12-07,393.0299987792969,398.4599914550781,392.989990234375,397.8299865722656,386.517822265625,56005300
2021-12-08,398.1700134277344,399.82000732421875,396.2200012207031,399.6099853515625,388.2472229003906,39204000
2021-12-09,398.3500061035156,400.20001220703125,393.5299987792969,393.7300109863281,382.5344543457031,49973700
2021-12-10,396.6199951171875,398.2799987792969,393.3599853515625,398.010009765625,386.6927185058594,52545800
2021-12-13,398.0,398.3299865722656,391.8800048828125,392.260009765625,381.1062316894531,50166400
2021-12-14,387.29998779296875,390.0899963378906,383.6300048828125,388.20001220703125,377.1616516113281,75199200
2021-12-15,387.94000244140625,397.4200134277344,383.8800048828125,397.04998779296875,385.7599792480469,73858000
2021-12-16,398.0400085449219,398.4800109863281,385.2099914550781,386.8399963378906,375.84033203125,82591400
2021-12-17,383.3299865722656,389.19000244140625,381.7699890136719,384.9100036621094,373.9652099609375,80492500
2021-12-20,379.57000732421875,381.5,377.4700012207031,380.69000244140625,370.3376159667969,65336800
2021-12-21,384.04998779296875,389.5299987792969,380.20001220703125,389.2099914550781,378.62591552734375,48899500
2021-12-22,388.9100036621094,394.1600036621094,388.2300109863281,393.95001220703125,383.2369689941406,37042200
2021-12-23,394.30999755859375,398.42999267578125,394.1400146484375,396.9200134277344,386.1262512207031,29595500
2021-12-27,398.25,403.4800109863281,398.2200012207031,403.4800109863281,392.50787353515625,32820700
2021-12-28,404.3999938964844,404.5799865722656,400.7099914550781,401.6099853515625,390.6886901855469,33113700
2021-12-29,401.75,403.04998779296875,399.1099853515625,401.54998779296875,390.6302795410156,32248500
2021-12-30,401.3299865722656,403.57000732421875,399.75,400.3500061035156,389.4629821777344,23850100
2021-12-31,399.6600036621094,401.05999755859375,397.3399963378906,397.8500061035156,387.0309143066406,34752900
2022-01-03,399.04998779296875,401.94000244140625,396.8800048828125,401.67999267578125,390.75677490234375,40575900
2022-01-04,402.239990234375,402.2799987792969,393.2900085449219,396.4700012207031,385.6885070800781,58027200
2022-01-05,394.739990234375,395.8900146484375,384.0299987792969,384.2900085449219,373.8397521972656,75739800
2022-01-06,382.4200134277344,387.3500061035156,380.1300048828125,384.0199890136719,373.5769958496094,70814300
2022-01-07,384.0299987792969,385.760009765625,378.0400085449219,379.8599853515625,369.5301208496094,72652300
2022-01-10,374.82000732421875,380.6400146484375,369.30999755859375,380.1099853515625,369.77337646484375,91770500
2022-01-11,379.3599853515625,385.989990234375,377.2200012207031,385.82000732421875,375.3281555175781,68295700
2022-01-12,388.4599914550781,390.20001220703125,385.010009765625,387.3500061035156,376.81646728515625,54576400
2022-01-13,388.7699890136719,389.4700012207031,376.70001220703125,377.6600036621094,367.3899841308594,77994000
2022-01-14,375.07000732421875,380.3500061035156,374.8599853515625,380.010009765625,369.67608642578125,80121200
2022-01-18,374.0400085449219,376.2200012207031,369.7699890136719,370.54998779296875,360.4733581542969,75450900
2022-01-19,372.1499938964844,374.69000244140625,366.2099914550781,366.4800109863281,356.5140380859375,81791500
2022-01-20,369.7900085449219,373.8699951171875,361.1700134277344,361.7200012207031,351.8834533691406,88610700
2022-01-21,359.4700012207031,362.17999267578125,351.3999938964844,351.69000244140625,342.1261901855469,143388900
2022-01-24,345.9100036621094,353.9800109863281,334.1499938964844,353.29998779296875,343.69244384765625,198685800
2022-01-25,346.6700134277344,351.0299987792969,341.67999267578125,345.1099853515625,335.7250671386719,124398400
2022-01-26,352.9100036621094,356.8800048828125,340.7799987792969,344.57000732421875,335.1998596191406,146559500
2022-01-27,349.3999938964844,351.2699890136719,340.04998779296875,341.1000061035156,331.82421875,95255700
2022-01-28,343.0299987792969,352.0199890136719,337.95001220703125,351.79998779296875,342.2331848144531,108167900
2022-01-31,353.20001220703125,363.6499938964844,351.5199890136719,363.04998779296875,353.17730712890625,94326400
2022-02-01,364.42999267578125,366.19000244140625,359.1400146484375,365.5199890136719,355.5801086425781,74433000
2022-02-02,369.760009765625,370.1000061035156,364.2900085449219,368.489990234375,358.4693298339844,78777100
2022-02-03,358.5299987792969,361.92999267578125,352.4599914550781,353.54998779296875,343.93560791015625,95384800
2022-02-04,354.0799865722656,361.3999938964844,351.9700012207031,358.010009765625,348.2744140625,86318300
2022-02-07,358.6199951171875,361.04998779296875,353.8399963378906,355.1300048828125,345.47265625,58198100
2022-02-08,353.9599914550781,360.239990234375,352.79998779296875,359.1199951171875,349.3542175292969,64720900
2022-02-09,363.760009765625,366.80999755859375,362.1199951171875,366.7300109863281,356.7572326660156,55766400
2022-02-10,359.5199890136719,366.489990234375,356.5400085449219,358.42999267578125,348.68292236328125,112468500
2022-02-11,358.42999267578125,360.07000732421875,345.79998779296875,347.05999755859375,337.6221008300781,101569100
2022-02-14,346.489990234375,350.9800109863281,343.8900146484375,347.489990234375,338.0404052734375,80254400
2022-02-15,352.9100036621094,356.3699951171875,351.82000732421875,356.1300048828125,346.4454650878906,55128800
2022-02-16,353.82000732421875,357.0899963378906,350.7099914550781,356.0400085449219,346.35791015625,58947100
2022-02-17,352.739990234375,353.4599914550781,345.0199890136719,345.45001220703125,336.055908203125,61801400
2022-02-18,346.4100036621094,346.80999755859375,339.1400146484375,341.510009765625,332.22296142578125,80001500
2022-02-22,338.489990234375,344.0400085449219,334.3500061035156,338.0799865722656,328.8863220214844,85967100
2022-02-23,341.32000732421875,342.17999267578125,329.1000061035156,329.4200134277344,320.4618225097656,86215400
2022-02-24,318.8399963378906,341.0400085449219,318.260009765625,340.489990234375,331.2307434082031,130614100
2022-02-25,341.30999755859375,345.9800109863281,337.3900146484375,345.7699890136719,336.3671875,78842100
2022-02-28,342.510009765625,348.5400085449219,341.32000732421875,346.79998779296875,337.369140625,77515500
2022-03-01,345.75,348.0799865722656,338.8999938964844,341.489990234375,332.2035217285156,67407000
2022-03-02,343.0799865722656,348.5899963378906,340.239990234375,347.2200012207031,337.7778015136719,70609000
2022-03-03,349.92999267578125,350.0400085449219,340.3500061035156,342.260009765625,332.9527282714844,71089400
2022-03-04,339.8399963378906,341.30999755859375,334.9200134277344,337.29998779296875,328.1275634765625,76936300
2022-03-07,337.2900085449219,338.4800109863281,324.6499938964844,324.8599853515625,316.02581787109375,89933800
2022-03-08,324.04998779296875,333.2099914550781,319.94000244140625,323.3500061035156,314.55682373046875,116153900
2022-03-09,331.75,336.3800048828125,329.0899963378906,334.989990234375,325.8803405761719,64723400
2022-03-10,330.82000732421875,332.510009765625,326.7099914550781,331.2699890136719,322.26153564453125,69362700
2022-03-11,334.32000732421875,334.6400146484375,323.8999938964844,324.3999938964844,315.57830810546875,66228400
2022-03-14,323.1300048828125,326.5899963378906,317.45001220703125,318.1700134277344,309.51776123046875,79802600
2022-03-15,320.8800048828125,328.95001220703125,319.2300109863281,328.1499938964844,319.2262878417969,76471000
2022-03-16,332.1700134277344,340.44000244140625,328.3999938964844,340.32000732421875,331.0653991699219,105243000
2022-03-17,338.3699951171875,344.5,337.0400085449219,344.44000244140625,335.0734558105469,67810000
2022-03-18,342.739990234375,351.7900085449219,341.54998779296875,351.489990234375,341.9316711425781,85446300
2022-03-21,350.20001220703125,352.4800109863281,345.5799865722656,350.0799865722656,340.98101806640625,73799100
2022-03-22,350.5899963378906,357.8500061035156,350.20001220703125,356.9599914550781,347.6822509765625,63345900
2022-03-23,354.010009765625,357.6600036621094,351.7699890136719,351.8299865722656,342.6854553222656,70615500
2022-03-24,353.79998779296875,359.70001220703125,351.5899963378906,359.6499938964844,350.3022766113281,53555300
2022-03-25,359.5899963378906,360.6700134277344,354.94000244140625,359.3500061035156,350.0101318359375,57584200
2022-03-28,359.3399963378906,365.010009765625,358.07000732421875,364.9100036621094,355.4256591796875,56833900
2022-03-29,368.8999938964844,371.8299865722656,366.05999755859375,371.19000244140625,361.5423278808594,68073000
2022-03-30,369.2799987792969,370.9800109863281,365.57000732421875,367.0899963378906,357.5489501953125,68757700
2022-03-31,367.239990234375,367.6000061035156,361.67999267578125,362.5400085449219,353.1172180175781,67011400
2022-04-01,362.80999755859375,363.6099853515625,358.5899963378906,361.8500061035156,352.4451599121094,54527800
2022-04-04,362.7099914550781,369.30999755859375,362.44000244140625,369.29998779296875,359.70147705078125,45950200
2022-04-05,367.80999755859375,368.5400085449219,359.92999267578125,361.1000061035156,351.714599609375,62738700
2022-04-06,355.6499938964844,356.7799987792969,350.55999755859375,353.260009765625,344.07843017578125,90077100
2022-04-07,352.239990234375,356.3500061035156,348.69000244140625,354.1000061035156,344.8965759277344,63777400
2022-04-08,352.32000732421875,353.0899963378906,348.5,349.1499938964844,340.0751953125,61956100
2022-04-11,344.80999755859375,345.75,340.5400085449219,340.8900146484375,332.0298767089844,66107400
2022-04-12,345.760009765625,347.69000244140625,338.0400085449219,339.45001220703125,330.6274108886719,72790200
2022-04-13,339.79998779296875,347.42999267578125,339.05999755859375,346.3500061035156,337.3479309082031,61367800
2022-04-14,346.44000244140625,346.9700012207031,338.2099914550781,338.42999267578125,329.63385009765625,73519400
2022-04-18,337.3500061035156,341.0400085449219,335.7900085449219,338.69000244140625,329.88702392578125,58560600
2022-04-19,338.0299987792969,346.8500061035156,336.9800109863281,346.260009765625,337.2602844238281,56515700
2022-04-20,347.0899963378906,347.55999755859375,339.9599914550781,341.2099914550781,332.341552734375,65500000
2022-04-21,345.19000244140625,347.8699951171875,333.20001220703125,334.1499938964844,325.46502685546875,75801000
2022-04-22,334.30999755859375,335.55999755859375,324.9599914550781,325.3999938964844,316.94244384765625,82562100
2022-04-25,323.7300109863281,329.8999938964844,322.42999267578125,329.5799865722656,321.01385498046875,101755900
2022-04-26,327.4700012207031,327.6600036621094,316.8599853515625,317.1400146484375,308.897216796875,105819600
2022-04-27,317.239990234375,322.8800048828125,315.0,316.760009765625,308.52703857421875,111204200
2022-04-28,321.8500061035156,329.8900146484375,317.5199890136719,328.010009765625,319.484619140625,99450000
2022-04-29,323.70001220703125,327.2300109863281,312.6000061035156,313.25,305.1083068847656,91977900
2022-05-02,312.8299865722656,318.7200012207031,309.6499938964844,318.4800109863281,310.2023620605469,115511800
2022-05-03,318.5,321.1700134277344,315.9800109863281,318.82000732421875,310.53350830078125,78185500
2022-05-04,319.30999755859375,330.2900085449219,313.8900146484375,329.6000061035156,321.0332946777344,116083400
2022-05-05,325.1700134277344,325.25,309.6199951171875,313.0,304.8647766113281,154607400
2022-05-06,310.95001220703125,315.0899963378906,305.1099853515625,309.25,301.2121887207031,139572800
2022-05-09,303.4800109863281,309.3500061035156,295.7200012207031,297.1499938964844,289.4266662597656,113387300
2022-05-10,304.510009765625,305.760009765625,296.57000732421875,300.760009765625,292.94287109375,124124600
2022-05-11,298.44000244140625,304.0899963378906,290.95001220703125,291.8399963378906,284.2547302246094,140326100
2022-05-12,287.45001220703125,295.75,284.94000244140625,291.1499938964844,283.58270263671875,120910900
2022-05-13,295.7200012207031,303.0,294.0799865722656,301.94000244140625,294.0921936035156,83684900
2022-05-16,300.1499938964844,302.260009765625,297.1300048828125,298.44000244140625,290.6832275390625,59190400
2022-05-17,304.45001220703125,306.55999755859375,300.54998779296875,306.1700134277344,298.2123107910156,62715300
2022-05-18,301.5400085449219,302.25,289.8500061035156,291.1400146484375,283.57293701171875,79477100
2022-05-19,289.2900085449219,294.3900146484375,287.5799865722656,289.5799865722656,282.053466796875,79920700
2022-05-20,293.1300048828125,293.79998779296875,280.2099914550781,288.67999267578125,281.1769104003906,91764200
2022-05-23,289.75,293.8699951171875,287.2900085449219,293.4800109863281,285.8521423339844,63648400
2022-05-24,288.1300048828125,288.8599853515625,282.25,287.239990234375,279.7742614746094,73491100
2022-05-25,285.7099914550781,293.3900146484375,285.5,291.260009765625,283.6898498535156,67144500
2022-05-26,290.44000244140625,300.9200134277344,290.1499938964844,299.3299865722656,291.550048828125,59462200
2022-05-27,302.5400085449219,309.25,302.4200134277344,309.1000061035156,301.0661315917969,66985600
2022-05-31,309.07000732421875,311.3299865722656,304.3299865722656,308.2799987792969,300.2674560546875,60968300
2022-06-01,310.4700012207031,312.6499938964844,303.7300109863281,306.0,298.0467224121094,65341700
2022-06-02,304.8500061035156,314.55999755859375,303.3999938964844,314.3800048828125,306.20892333984375,59291300
2022-06-03,309.0299987792969,310.4700012207031,304.9200134277344,306.20001220703125,298.24151611328125,60914700
2022-06-06,310.75,312.3500061035156,305.6199951171875,307.2200012207031,299.2349548339844,51785000
2022-06-07,303.80999755859375,310.6700134277344,302.69000244140625,309.8699951171875,301.816162109375,44900300
2022-06-08,309.04998779296875,311.7200012207031,306.7699890136719,307.6400146484375,299.6441345214844,38342100
2022-06-09,305.9100036621094,309.04998779296875,299.2300109863281,299.3999938964844,291.6183166503906,55900500
2022-06-10,293.6499938964844,294.8699951171875,288.3800048828125,288.8399963378906,281.332763671875,85963500
2022-06-13,279.75,282.3399963378906,274.5299987792969,275.4100036621094,268.25177001953125,94442000
2022-06-14,277.6600036621094,278.6600036621094,273.3399963378906,275.9100036621094,268.73876953125,64697500
2022-06-15,279.4200134277344,286.8299865722656,276.6099853515625,282.79998779296875,275.44970703125,86051400
2022-06-16,275.5899963378906,276.05999755859375,269.2799987792969,271.3900146484375,264.3363037109375,81910300
2022-06-17,272.17999267578125,277.19000244140625,270.510009765625,274.69000244140625,267.5504455566406,82703400
2022-06-21,278.75,283.45001220703125,278.6400146484375,281.0799865722656,274.3006286621094,51633700
2022-06-22,278.5199890136719,285.17999267578125,277.9100036621094,280.6700134277344,273.90057373046875,67472900
2022-06-23,283.2099914550781,285.7200012207031,280.30999755859375,284.8500061035156,277.9797058105469,57457800
2022-06-24,287.739990234375,295.0400085449219,287.5,294.6099853515625,287.5043640136719,58422300
2022-06-27,296.0,296.5799865722656,291.2900085449219,292.45001220703125,285.3963928222656,54151500
2022-06-28,293.0,295.6499938964844,283.3500061035156,283.5400085449219,276.70135498046875,61609800
2022-06-29,283.3999938964844,285.3399963378906,280.8399963378906,283.79998779296875,276.955078125,57302700
2022-06-30,280.75,283.94000244140625,275.7799987792969,280.2799987792969,273.5199279785156,79313600
2022-07-01,278.95001220703125,282.5299987792969,277.0299987792969,282.1300048828125,275.3254089355469,56675100
2022-07-05,278.30999755859375,287.0799865722656,276.75,286.9599914550781,280.038818359375,61829300
2022-07-06,287.3500061035156,290.95001220703125,285.5899963378906,288.79998779296875,281.8344421386719,63194700
2022-07-07,289.6300048828125,295.70001220703125,289.6300048828125,294.9800109863281,287.8654479980469,56620100
2022-07-08,292.0799865722656,296.75,291.1199951171875,295.3500061035156,288.2265319824219,59895500
2022-07-11,292.8800048828125,293.1099853515625,288.1400146484375,289.0400085449219,282.0686950683594,55273900
2022-07-12,290.32000732421875,292.2799987792969,284.6099853515625,286.239990234375,279.336181640625,55797100
2022-07-13,280.6000061035156,288.04998779296875,280.0199890136719,285.6499938964844,278.7604064941406,73939400
2022-07-14,282.989990234375,287.55999755859375,279.79998779296875,286.6700134277344,279.7558288574219,63741800
2022-07-15,289.7300109863281,291.9800109863281,288.0799865722656,291.8699951171875,284.83038330078125,63818100
2022-07-18,294.7200012207031,296.1600036621094,288.20001220703125,289.3999938964844,282.4199523925781,59519600
2022-07-19,293.1099853515625,298.6000061035156,291.4700012207031,298.29998779296875,291.10528564453125,55172600
2022-07-20,298.7300109863281,304.239990234375,297.92999267578125,303.0299987792969,295.7213134765625,67769400
2022-07-21,303.5,307.44000244140625,300.7799987792969,307.3800048828125,299.9664001464844,55049400
2022-07-22,306.42999267578125,308.54998779296875,300.1199951171875,301.989990234375,294.70635986328125,57127700
2022-07-25,302.0199890136719,302.5,298.2200012207031,300.2699890136719,293.0278015136719,40582400
2022-07-26,298.5299987792969,298.7900085449219,293.5400085449219,294.3699951171875,287.2701416015625,50074100
2022-07-27,299.0400085449219,308.5400085449219,298.4599914550781,306.80999755859375,299.41015625,69304400
2022-07-28,306.5899963378906,310.3999938964844,302.75,309.80999755859375,302.33782958984375,55139900
2022-07-29,311.3900146484375,316.3900146484375,309.92999267578125,315.4599914550781,307.8514709472656,57501000
2022-08-01,313.6499938964844,318.80999755859375,312.5299987792969,315.2699890136719,307.6660461425781,46358800
2022-08-02,312.9200134277344,318.54998779296875,311.8399963378906,314.3299865722656,306.7487487792969,48676500
2022-08-03,316.04998779296875,323.7300109863281,315.989990234375,322.8900146484375,315.102294921875,53735700
2022-08-04,322.9700012207031,324.7200012207031,320.7699890136719,324.3999938964844,316.5758361816406,38973700
2022-08-05,319.19000244140625,323.8299865722656,318.3900146484375,321.75,313.98974609375,53894000
2022-08-08,322.69000244140625,326.4700012207031,319.2099914550781,320.7099914550781,312.9748229980469,43878500
2022-08-09,318.7699890136719,319.0299987792969,315.4200134277344,317.0799865722656,309.432373046875,39764200
2022-08-10,324.5899963378906,326.2300109863281,322.05999755859375,325.92999267578125,318.0689392089844,51459600
2022-08-11,328.30999755859375,330.3599853515625,323.3599853515625,324.0799865722656,316.2635803222656,45897700
2022-08-12,326.17999267578125,330.5899963378906,325.1000061035156,330.3900146484375,322.42144775390625,40928400
2022-08-15,329.4200134277344,333.57000732421875,329.3999938964844,333.05999755859375,325.0269775390625,38266600
2022-08-16,332.05999755859375,334.4200134277344,329.1600036621094,332.2799987792969,324.2657775878906,41186900
2022-08-17,329.07000732421875,331.42999267578125,326.3599853515625,328.489990234375,320.5671691894531,47842200
2022-08-18,328.44000244140625,330.489990234375,326.7900085449219,329.2799987792969,321.338134765625,41937200
2022-08-19,326.1700134277344,326.8399963378906,322.0799865722656,322.8599853515625,315.072998046875,51770600
2022-08-22,318.5,318.739990234375,313.5299987792969,314.3599853515625,306.7779541015625,51098900
2022-08-23,314.1199951171875,317.0,313.3299865722656,314.1000061035156,306.5242919921875,39497100
2022-08-24,313.6099853515625,316.8699951171875,312.989990234375,315.010009765625,307.4123229980469,38057100
2022-08-25,316.8299865722656,320.6000061035156,315.760009765625,320.5799865722656,312.8479919433594,38098300
2022-08-26,320.2799987792969,321.510009765625,307.3500061035156,307.44000244140625,300.02490234375,69047700
2022-08-29,304.6199951171875,307.2200012207031,303.2799987792969,304.4100036621094,297.06793212890625,48321900
2022-08-30,306.1000061035156,306.7300109863281,298.44000244140625,301.0199890136719,293.759765625,51184500
2022-08-31,303.989990234375,304.9100036621094,299.1600036621094,299.2699890136719,292.05194091796875,50044000
2022-09-01,296.7200012207031,299.7799987792969,292.95001220703125,299.3999938964844,292.1788024902344,57990700
2022-09-02,302.3399963378906,303.75,293.5199890136719,295.1700134277344,288.05084228515625,64666800
2022-09-06,295.6600036621094,296.6000061035156,290.8699951171875,293.04998779296875,285.98193359375,57005400
2022-09-07,293.5400085449219,299.989990234375,293.2699890136719,298.9700012207031,291.7591857910156,49260400
2022-09-08,296.8500061035156,301.8699951171875,295.45001220703125,300.5199890136719,293.2718200683594,55649800
2022-09-09,302.8299865722656,307.6000061035156,300.5199890136719,307.0899963378906,299.6834411621094,56125200
2022-09-12,308.5,311.0799865722656,308.17999267578125,310.739990234375,303.245361328125,45905700
2022-09-13,301.79998779296875,303.0199890136719,292.7900085449219,293.70001220703125,286.6162414550781,79562200
2022-09-14,294.8699951171875,296.92999267578125,293.05999755859375,296.0299987792969,288.89007568359375,54907200
2022-09-15,294.07000732421875,296.5299987792969,289.4599914550781,291.1000061035156,284.0789794921875,65299400
2022-09-16,287.7200012207031,289.7200012207031,285.6199951171875,289.32000732421875,282.3419189453125,79920400
2022-09-19,286.1000061035156,291.2099914550781,286.0400085449219,291.04998779296875,284.5406188964844,52613800
2022-09-20,288.489990234375,291.07000732421875,286.3800048828125,288.7300109863281,282.2725524902344,51271100
2022-09-21,289.5899963378906,293.95001220703125,283.4200134277344,283.55999755859375,277.2181701660156,82931000
2022-09-22,282.0,283.0299987792969,278.82000732421875,280.07000732421875,273.80615234375,62757100
2022-09-23,277.54998779296875,277.8500061035156,272.0199890136719,275.510009765625,269.34820556640625,74815200
2022-09-26,275.0299987792969,279.489990234375,273.55999755859375,274.3699951171875,268.233642578125,71176700
2022-09-27,277.80999755859375,280.2099914550781,272.1099853515625,274.4800109863281,268.3412170410156,69780100
2022-09-28,274.4599914550781,281.25,272.95001220703125,279.94000244140625,273.67913818359375,79652100
2022-09-29,275.8599853515625,276.25,268.8399963378906,271.8699951171875,265.7895812988281,81216000
2022-09-30,271.0299987792969,275.19000244140625,267.1000061035156,267.260009765625,261.2826843261719,78482400
2022-10-03,269.07000732421875,275.1600036621094,267.5299987792969,273.5299987792969,267.41241455078125,61267400
2022-10-04,278.989990234375,282.8500061035156,278.989990234375,282.1300048828125,275.8201599121094,66696900
2022-10-05,278.2799987792969,283.80999755859375,275.4200134277344,281.9800109863281,275.6734619140625,55766300
2022-10-06,280.9599914550781,284.17999267578125,279.42999267578125,279.760009765625,273.5031433105469,53489400
2022-10-07,275.0199890136719,275.1499938964844,267.739990234375,269.1000061035156,263.08154296875,71354700
2022-10-10,269.29998779296875,269.70001220703125,263.6400146484375,266.4100036621094,260.4517517089844,60393000
2022-10-11,264.70001220703125,267.6300048828125,261.0299987792969,262.75,256.87359619140625,66522500
2022-10-12,263.3999938964844,265.3599853515625,261.95001220703125,262.6600036621094,256.78558349609375,50580200
2022-10-13,255.16000366210938,270.1700134277344,254.25999450683594,268.82000732421875,262.80780029296875,112894100
2022-10-14,271.20001220703125,271.80999755859375,260.1400146484375,260.739990234375,254.9084930419922,77244300
2022-10-17,266.8399963378906,270.239990234375,266.739990234375,269.3500061035156,263.32598876953125,64576500
2022-10-18,276.5299987792969,277.2099914550781,268.739990234375,271.4800109863281,265.4082946777344,69781000
2022-10-19,269.92999267578125,273.67999267578125,268.07000732421875,270.489990234375,264.4404296875,53115400
2022-10-20,269.5799865722656,274.8399963378906,267.9200134277344,269.1099853515625,263.09130859375,60605500
2022-10-21,267.9800109863281,275.9700012207031,266.82000732421875,275.4200134277344,269.26025390625,77897700
2022-10-24,275.69000244140625,279.3999938964844,271.9700012207031,278.45001220703125,272.2224426269531,63963600
2022-10-25,279.4100036621094,284.6000061035156,277.8999938964844,284.2099914550781,277.8536071777344,59014500
2022-10-26,278.4599914550781,283.9800109863281,277.42999267578125,277.92999267578125,271.7141418457031,63492400
2022-10-27,276.7900085449219,278.2799987792969,272.3399963378906,272.8699951171875,266.7672424316406,57760300
2022-10-28,272.2300109863281,281.70001220703125,272.05999755859375,281.2200012207031,274.93048095703125,62651300
2022-10-31,278.9200134277344,279.760009765625,275.989990234375,277.95001220703125,271.733642578125,47742000
2022-11-01,281.5,282.07000732421875,274.739990234375,275.1099853515625,268.95709228515625,45895900
2022-11-02,275.0799865722656,278.2099914550781,265.6099853515625,265.67999267578125,259.7380065917969,79803100
2022-11-03,263.010009765625,264.5,260.1000061035156,260.489990234375,254.66407775878906,70038900
2022-11-04,265.5299987792969,266.6099853515625,259.0799865722656,264.67999267578125,258.7603759765625,78313200
2022-11-07,265.75,268.1400146484375,263.57000732421875,267.5899963378906,261.6053161621094,47333800
2022-11-08,269.1400146484375,272.8500061035156,265.5199890136719,269.5400085449219,263.51171875,63213800
2022-11-09,267.760009765625,268.55999755859375,263.0299987792969,263.32000732421875,257.43084716796875,64862100
2022-11-10,276.010009765625,283.04998779296875,273.8500061035156,282.75,276.42620849609375,99256700
2022-11-11,282.55999755859375,288.6400146484375,281.19000244140625,287.9599914550781,281.5197448730469,66961800
2022-11-14,285.8599853515625,289.2099914550781,284.44000244140625,285.44000244140625,279.0561218261719,55290700
2022-11-15,292.2099914550781,293.260009765625,285.9700012207031,289.3900146484375,282.91778564453125,73985400
2022-11-16,287.3900146484375,289.4800109863281,284.6000061035156,285.44000244140625,279.0561218261719,48859800
2022-11-17,280.8800048828125,286.32000732421875,280.7200012207031,284.80999755859375,278.4402160644531,55462100
2022-11-18,287.8900146484375,287.989990234375,282.32000732421875,284.82000732421875,278.4499816894531,53588600
2022-11-21,283.3999938964844,284.5799865722656,281.0400085449219,281.8900146484375,275.5854797363281,40083500
2022-11-22,282.6400146484375,286.1099853515625,280.4599914550781,285.95001220703125,279.5547180175781,41873400
2022-11-23,285.9700012207031,289.4599914550781,285.7900085449219,288.82000732421875,282.3605651855469,46390000
2022-11-25,287.19000244140625,287.9100036621094,286.4200134277344,286.9200134277344,280.5030517578125,15498800
2022-11-28,284.8999938964844,286.9599914550781,281.760009765625,282.7099914550781,276.38714599609375,38714200
2022-11-29,282.94000244140625,283.3500061035156,279.1700134277344,280.57000732421875,274.2950134277344,35618900
2022-11-30,280.8399963378906,293.4700012207031,279.9700012207031,293.3599853515625,286.7989501953125,74718100
2022-12-01,293.69000244140625,295.75,290.8800048828125,293.7200012207031,287.15087890625,51547300
2022-12-02,288.5400085449219,293.45001220703125,288.3599853515625,292.54998779296875,286.0071105957031,53583200
2022-12-05,290.3800048828125,291.67999267578125,286.1499938964844,287.6400146484375,281.20697021484375,41482100
2022-12-06,287.4800109863281,287.6199951171875,280.260009765625,281.67999267578125,275.3801574707031,53937600
2022-12-07,280.4700012207031,282.57000732421875,278.7799987792969,280.5299987792969,274.255859375,45614300
2022-12-08,281.9100036621094,284.8399963378906,279.7900085449219,283.8500061035156,277.5016784667969,42594900
2022-12-09,282.80999755859375,285.6400146484375,281.5899963378906,282.0400085449219,275.732177734375,47860500
2022-12-12,282.2200012207031,285.6400146484375,281.1600036621094,285.5799865722656,279.1929626464844,35732500
2022-12-13,296.6499938964844,296.8800048828125,285.9100036621094,288.6499938964844,282.19427490234375,80667700
2022-12-14,288.04998779296875,291.4100036621094,283.19000244140625,286.510009765625,280.1022033691406,64984400
2022-12-15,282.3299865722656,283.010009765625,275.6700134277344,276.8900146484375,270.69732666015625,60554100
2022-12-16,276.20001220703125,277.7699890136719,272.6099853515625,274.25,268.11639404296875,68300400
2022-12-19,273.8699951171875,273.9599914550781,268.489990234375,269.75,264.3483581542969,44167900
2022-12-20,268.55999755859375,271.32000732421875,266.95001220703125,269.5400085449219,264.14263916015625,51064200
2022-12-21,270.6000061035156,274.7799987792969,269.739990234375,273.45001220703125,267.9742736816406,46394700
2022-12-22,270.3800048828125,270.510009765625,262.4599914550781,266.760009765625,261.4182434082031,60278400
2022-12-23,265.4700012207031,268.0400085449219,263.5299987792969,267.3599853515625,262.0062255859375,39373600
2022-12-27,266.739990234375,266.8500061035156,263.0299987792969,263.5799865722656,258.3018493652344,38009000
2022-12-28,263.1700134277344,265.4700012207031,259.7300109863281,260.1000061035156,254.89158630371094,47139000
2022-12-29,262.9599914550781,267.3999938964844,262.25,266.44000244140625,261.1046142578125,45893600
2022-12-30,263.6199951171875,266.4100036621094,262.2900085449219,266.2799987792969,260.9478454589844,37858300
2023-01-03,268.6499938964844,270.1499938964844,262.1300048828125,264.4800109863281,259.18389892578125,42335300
2023-01-04,266.6400146484375,267.45001220703125,262.5299987792969,265.739990234375,260.4186096191406,47754900
2023-01-05,264.0400085449219,264.2099914550781,261.260009765625,261.5799865722656,256.3419189453125,45396700
2023-01-06,263.3500061035156,269.94000244140625,260.3399963378906,268.79998779296875,263.4173889160156,54659700
2023-01-09,270.8299865722656,275.2900085449219,269.9200134277344,270.5400085449219,265.1225891113281,45568700
2023-01-10,269.489990234375,272.94000244140625,268.9700012207031,272.8299865722656,267.36663818359375,35247800
2023-01-11,273.9200134277344,277.6600036621094,273.1199951171875,277.54998779296875,271.9921569824219,44077000
2023-01-12,278.1199951171875,280.1000061035156,273.739990234375,279.04998779296875,273.4621276855469,60600000
2023-01-13,276.5,281.2200012207031,276.1600036621094,280.9700012207031,275.34368896484375,44802900
2023-01-17,280.7699890136719,282.8500061035156,279.5799865722656,281.5400085449219,275.90228271484375,36269700
2023-01-18,283.1099853515625,284.69000244140625,277.6700134277344,277.8800048828125,272.3155212402344,47754500
2023-01-19,276.2200012207031,277.3800048828125,273.8900146484375,275.1499938964844,269.6402282714844,44150400
2023-01-20,276.7900085449219,283.0199890136719,275.7099914550781,282.67999267578125,277.0194396972656,60613600
2023-01-23,283.5400085449219,290.2099914550781,282.7300109863281,288.9599914550781,283.1736755371094,52799900
2023-01-24,287.30999755859375,289.54998779296875,286.7799987792969,288.3699951171875,282.5954895019531,44875100
2023-01-25,283.7699890136719,288.3599853515625,281.17999267578125,287.7300109863281,281.9683837890625,50872000
2023-01-26,291.2200012207031,293.5199890136719,288.5199890136719,293.3399963378906,287.4660339355469,51596300
2023-01-27,292.0,298.260009765625,291.8800048828125,296.260009765625,290.3275146484375,56441900
2023-01-30,292.92999267578125,294.3800048828125,289.8900146484375,290.2699890136719,284.4574279785156,49405800
2023-01-31,290.30999755859375,294.7200012207031,290.20001220703125,294.6199951171875,288.7203369140625,46705100
2023-02-01,294.4100036621094,303.42999267578125,292.29998779296875,300.9200134277344,294.89422607421875,67562200
2023-02-02,307.57000732421875,313.67999267578125,306.7300109863281,311.7200012207031,305.4779357910156,83070600
2023-02-03,304.94000244140625,312.3900146484375,304.5400085449219,306.17999267578125,300.0488586425781,76170800
2023-02-06,303.510009765625,305.9100036621094,302.2200012207031,303.5899963378906,297.5107116699219,40802300
2023-02-07,303.4599914550781,311.0299987792969,302.32000732421875,309.8800048828125,303.6747741699219,67584000
2023-02-08,308.5400085449219,309.5,303.6700134277344,304.3699951171875,298.27508544921875,56720900
2023-02-09,308.8399963378906,308.989990234375,300.20001220703125,301.67999267578125,295.6389465332031,49137800
2023-02-10,299.4800109863281,301.57000732421875,297.25,299.70001220703125,293.6986389160156,50050100
2023-02-13,301.1300048828125,305.1000061035156,299.92999267578125,304.5,298.402587890625,39636700
2023-02-14,302.8900146484375,307.7200012207031,300.9100036621094,306.75,300.6074523925781,64079100
2023-02-15,304.8999938964844,309.2699890136719,304.20001220703125,309.1000061035156,302.9103698730469,43100600
2023-02-16,304.3800048828125,308.42999267578125,303.1499938964844,303.29998779296875,297.2265319824219,59498600
2023-02-17,301.07000732421875,301.92999267578125,298.1000061035156,301.1600036621094,295.1293029785156,58230700
2023-02-21,297.260009765625,298.7300109863281,293.8900146484375,294.0299987792969,288.1421203613281,46526700
2023-02-22,294.6199951171875,296.3599853515625,292.55999755859375,294.25,288.3577575683594,51389200
2023-02-23,297.9700012207031,298.1300048828125,292.54998779296875,296.82000732421875,290.87628173828125,69294400
2023-02-24,291.760009765625,292.9700012207031,290.04998779296875,291.8500061035156,286.0058288574219,74332000
2023-02-27,295.07000732421875,296.489990234375,293.3399963378906,293.94000244140625,288.0539855957031,48995000
2023-02-28,293.29998779296875,296.1199951171875,292.9599914550781,293.55999755859375,287.6815490722656,48243100
2023-03-01,293.260009765625,293.92999267578125,290.20001220703125,291.20001220703125,285.3687744140625,58287000
2023-03-02,288.6600036621094,294.42999267578125,288.3699951171875,293.6099853515625,287.7305908203125,53565900
2023-03-03,295.3900146484375,299.9200134277344,294.8699951171875,299.67999267578125,293.6790466308594,60511500
2023-03-06,300.94000244140625,304.0,299.82000732421875,300.0199890136719,294.0121765136719,56736300
2023-03-07,300.07000732421875,301.010009765625,295.7200012207031,296.3399963378906,290.4059143066406,65955800
2023-03-08,296.7699890136719,298.42999267578125,294.8800048828125,297.82000732421875,291.85626220703125,50876300
2023-03-09,298.3299865722656,300.9800109863281,291.8299865722656,292.6600036621094,286.7995910644531,71456700
2023-03-10,292.8299865722656,294.3500061035156,287.3800048828125,288.54998779296875,282.7718811035156,98593600
2023-03-13,286.7300109863281,294.4700012207031,285.19000244140625,290.69000244140625,284.8690490722656,97123600
2023-03-14,294.30999755859375,297.92999267578125,293.45001220703125,297.3699951171875,291.41534423828125,73602500
2023-03-15,294.7099914550781,299.2699890136719,293.239990234375,298.92999267578125,292.94403076171875,83631500
2023-03-16,298.0,307.17999267578125,297.19000244140625,306.80999755859375,300.6662902832031,98198100
2023-03-17,306.7200012207031,309.1499938964844,303.3699951171875,305.3599853515625,299.24530029296875,89923700
2023-03-20,304.260009765625,306.29998779296875,302.010009765625,305.9700012207031,300.30731201171875,56359500
2023-03-21,307.94000244140625,310.79998779296875,306.3999938964844,310.3399963378906,304.5963439941406,49757000
2023-03-22,310.2699890136719,315.25,305.95001220703125,306.1199951171875,300.4544677734375,75791900
2023-03-23,309.9200134277344,314.1499938964844,307.010009765625,309.75,304.017333984375,74576000
2023-03-24,309.32000732421875,310.989990234375,306.95001220703125,310.8900146484375,305.1362609863281,57195200
2023-03-27,311.6000061035156,312.70001220703125,307.8900146484375,308.760009765625,303.045654296875,50287400
2023-03-28,308.1700134277344,308.20001220703125,304.7699890136719,307.1199951171875,301.43597412109375,48585900
2023-03-29,310.8800048828125,313.3500061035156,310.04998779296875,312.7200012207031,306.93231201171875,53274300
2023-03-30,315.239990234375,316.32000732421875,312.80999755859375,315.67999267578125,309.8375549316406,58354800
2023-03-31,315.9100036621094,321.1700134277344,315.6000061035156,320.92999267578125,314.9903564453125,62138100
2023-04-03,318.7699890136719,320.4200134277344,317.4200134277344,320.1499938964844,314.224853515625,47126800
2023-04-04,320.6000061035156,321.6300048828125,317.8299865722656,319.07000732421875,313.1648864746094,45875400
2023-04-05,318.1000061035156,319.05999755859375,314.07000732421875,315.9200134277344,310.0731201171875,62795700
2023-04-06,314.239990234375,318.54998779296875,312.82000732421875,318.04998779296875,312.1636047363281,46916500
2023-04-10,315.07000732421875,317.9200134277344,313.25,317.8699951171875,311.987060546875,45134700
2023-04-11,317.8299865722656,317.8900146484375,315.30999755859375,315.8299865722656,309.98480224609375,40113600
2023-04-12,317.82000732421875,318.4200134277344,312.57000732421875,313.0400085449219,307.2464294433594,62813300
2023-04-13,314.8299865722656,319.6499938964844,313.6300048828125,319.1700134277344,313.2630310058594,54613800
2023-04-14,317.5899963378906,320.3599853515625,315.6099853515625,318.57000732421875,312.6741027832031,56278300
2023-04-17,318.1499938964844,319.20001220703125,316.0400085449219,318.8399963378906,312.9390563964844,43007000
2023-04-18,320.989990234375,321.4200134277344,317.6400146484375,318.8599853515625,312.95867919921875,46746900
2023-04-19,316.4100036621094,319.7900085449219,316.2799987792969,318.7099914550781,312.8115234375,38960100
2023-04-20,315.69000244140625,319.2699890136719,314.9700012207031,316.2799987792969,310.4264831542969,62462100
2023-04-21,315.9100036621094,317.3999938964844,314.1000061035156,316.6099853515625,310.7503662109375,59002300
2023-04-24,316.3800048828125,317.739990234375,313.739990234375,315.95001220703125,310.10260009765625,44043100
2023-04-25,314.2900085449219,314.9700012207031,309.8900146484375,309.989990234375,304.25286865234375,57121600
2023-04-26,313.44000244140625,314.94000244140625,311.3399963378906,311.8699951171875,306.09808349609375,55400500
2023-04-27,315.70001220703125,320.8599853515625,315.04998779296875,320.3500061035156,314.4211730957031,65430400
2023-04-28,320.1099853515625,322.6499938964844,318.9599914550781,322.55999755859375,316.5902099609375,59712600
2023-05-01,322.0899963378906,323.6300048828125,321.0899963378906,322.19000244140625,316.2270202636719,41013400
2023-05-02,322.1199951171875,322.45001220703125,317.6099853515625,319.3800048828125,313.4690246582031,56519400
2023-05-03,319.75,322.4700012207031,317.17999267578125,317.2900085449219,311.4178161621094,59882100
2023-05-04,317.05999755859375,318.2300109863281,315.1199951171875,316.1700134277344,310.3184814453125,50224500
2023-05-05,318.4700012207031,323.760009765625,316.2099914550781,322.8900146484375,316.91412353515625,51806100
2023-05-08,322.4200134277344,324.0400085449219,321.32000732421875,323.69000244140625,317.6993103027344,36465800
2023-05-09,322.0,322.8800048828125,321.32000732421875,321.6400146484375,315.68731689453125,31768800
2023-05-10,324.1199951171875,326.010009765625,321.6000061035156,325.1400146484375,319.12249755859375,60446600
2023-05-11,325.70001220703125,326.75,324.1199951171875,326.20001220703125,320.1629333496094,44278500
2023-05-12,326.739990234375,327.1700134277344,322.94000244140625,325.0299987792969,319.0144958496094,48432800
2023-05-15,325.510009765625,327.0299987792969,323.9599914550781,326.7900085449219,320.7420349121094,33375600
2023-05-16,326.05999755859375,328.8999938964844,326.0199890136719,327.1600036621094,321.1050720214844,40019200
2023-05-17,328.239990234375,331.7099914550781,327.0400085449219,331.1199951171875,324.9918212890625,47486100
2023-05-18,331.5199890136719,337.489990234375,331.5,337.2699890136719,331.0279846191406,64213500
2023-05-19,337.489990234375,338.2099914550781,335.42999267578125,336.510009765625,330.2821044921875,61554900
2023-05-22,336.25,338.6700134277344,336.239990234375,337.6400146484375,331.39111328125,43015900
2023-05-23,335.8900146484375,337.05999755859375,333.0,333.3599853515625,327.1903076171875,48216700
2023-05-24,331.3699951171875,332.9100036621094,329.55999755859375,331.6499938964844,325.51202392578125,62891200
2023-05-25,339.1400146484375,341.010009765625,336.6700134277344,339.7200012207031,333.4326477050781,66862800
2023-05-26,340.760009765625,349.25,340.6600036621094,348.3999938964844,341.9519958496094,63007000
2023-05-30,352.7099914550781,353.92999267578125,348.5299987792969,349.9800109863281,343.50274658203125,72652200
2023-05-31,348.3699951171875,350.6000061035156,346.510009765625,347.989990234375,341.5495910644531,65105400
2023-06-01,347.7300109863281,353.3599853515625,346.6600036621094,352.010009765625,345.4952087402344,50488600
2023-06-02,353.79998779296875,355.8299865722656,352.010009765625,354.6499938964844,348.0863037109375,53372100
2023-06-05,354.42999267578125,357.5,353.8500061035156,354.8999938964844,348.3316650390625,47266200
2023-06-06,354.2799987792969,355.82000732421875,352.92999267578125,354.8399963378906,348.2728271484375,41390400
2023-06-07,355.1300048828125,357.1199951171875,348.17999267578125,348.82000732421875,342.3642883300781,69225900
2023-06-08,349.1199951171875,353.6199951171875,348.8900146484375,353.1499938964844,346.61407470703125,47153900
2023-06-09,354.6300048828125,357.6600036621094,353.0299987792969,354.5,347.9391174316406,53196900
2023-06-12,356.19000244140625,360.5899963378906,355.20001220703125,360.489990234375,353.8182373046875,44606500
2023-06-13,363.2900085449219,364.1099853515625,360.0299987792969,363.260009765625,356.5369873046875,57097800
2023-06-14,363.2699890136719,366.19000244140625,360.4200134277344,365.8999938964844,359.1280822753906,69525600
2023-06-15,364.6099853515625,371.7699890136719,363.9800109863281,370.260009765625,363.4074401855469,71138800
2023-06-16,372.7200012207031,372.8500061035156,367.4800109863281,367.92999267578125,361.1205749511719,80932000
2023-06-20,365.95001220703125,368.32000732421875,363.8900146484375,366.8999938964844,360.60357666015625,49204700
2023-06-21,365.739990234375,366.17999267578125,360.9599914550781,361.8999938964844,355.6893615722656,53378300
2023-06-22,360.6300048828125,366.3299865722656,360.2200012207031,366.1700134277344,359.88616943359375,47603000
2023-06-23,362.2099914550781,364.8800048828125,360.82000732421875,362.5400085449219,356.31842041015625,48922900
2023-06-26,362.0,364.8399963378906,357.5899963378906,357.67999267578125,351.54180908203125,52685500
2023-06-27,359.25,364.57000732421875,358.510009765625,363.8299865722656,357.5862731933594,49428100
2023-06-28,361.9800109863281,366.5199890136719,361.8999938964844,364.5400085449219,358.28411865234375,46498000
2023-06-29,364.239990234375,364.8900146484375,362.1400146484375,363.80999755859375,357.5665588378906,46151000
2023-06-30,367.54998779296875,370.489990234375,367.2300109863281,369.4200134277344,363.0803527832031,58712500
2023-07-03,370.07000732421875,370.92999267578125,368.9700012207031,370.2900085449219,363.9353942871094,19432900
2023-07-05,368.70001220703125,372.010009765625,368.6600036621094,370.2799987792969,363.92559814453125,34460900
2023-07-06,366.510009765625,367.9100036621094,364.5199890136719,367.4599914550781,361.15399169921875,49374700
2023-07-07,367.2300109863281,370.4800109863281,366.010009765625,366.239990234375,359.9549255371094,47133700
2023-07-10,365.9599914550781,367.04998779296875,363.4100036621094,366.3599853515625,360.0728454589844,48498800
2023-07-11,366.7900085449219,368.6300048828125,364.6199951171875,368.1700134277344,361.8517761230469,38214100
2023-07-12,372.3399963378906,374.19000244140625,370.29998779296875,372.82000732421875,366.4219970703125,61975400
2023-07-13,376.04998779296875,379.989990234375,375.4599914550781,379.1499938964844,372.64337158203125,46960000
2023-07-14,379.5899963378906,382.8599853515625,378.17999267578125,379.07000732421875,372.5647277832031,55148500
2023-07-17,379.79998779296875,383.5,379.30999755859375,382.6099853515625,376.0439758300781,40868900
2023-07-18,381.9599914550781,387.1300048828125,380.0,385.739990234375,379.1202087402344,55262000
2023-07-19,386.82000732421875,387.9800109863281,384.29998779296875,385.6499938964844,379.03179931640625,54093000
2023-07-20,382.6099853515625,384.1000061035156,375.7200012207031,376.760009765625,370.2944641113281,71941700
2023-07-21,379.17999267578125,379.9200134277344,375.19000244140625,375.6300048828125,369.1838073730469,60499600
2023-07-24,376.6199951171875,377.5799865722656,374.3399963378906,376.2300109863281,369.7734680175781,40380100
2023-07-25,376.95001220703125,380.4700012207031,376.92999267578125,378.7799987792969,372.27972412109375,38894400
2023-07-26,377.7200012207031,379.239990234375,375.17999267578125,377.5199890136719,371.0413513183594,47075700
2023-07-27,383.07000732421875,384.7099914550781,375.30999755859375,376.6199951171875,370.15673828125,63940200
2023-07-28,380.739990234375,384.5199890136719,380.2200012207031,383.4800109863281,376.8990173339844,56902900
2023-07-31,383.7900085449219,384.8800048828125,382.3399963378906,383.67999267578125,377.0955505371094,44019900
2023-08-01,382.30999755859375,383.55999755859375,380.69000244140625,382.7900085449219,376.2209167480469,41060600
2023-08-02,379.260009765625,379.260009765625,373.1300048828125,374.3900146484375,367.9650573730469,72687100
2023-08-03,371.94000244140625,375.95001220703125,371.7699890136719,373.7900085449219,367.37530517578125,47666400
2023-08-04,375.75,378.1000061035156,371.5299987792969,372.0400085449219,365.6553649902344,61702800
2023-08-07,373.8800048828125,375.2900085449219,371.510009765625,375.19000244140625,368.7513122558594,37230400
2023-08-08,372.6400146484375,372.6600036621094,368.82000732421875,372.0,365.61602783203125,44726500
2023-08-09,372.2900085449219,372.45001220703125,367.1400146484375,367.9100036621094,361.59625244140625,51150900
2023-08-10,370.9700012207031,374.3599853515625,367.0400085449219,368.5899963378906,362.2646484375,72035300
2023-08-11,365.989990234375,368.0,364.69000244140625,366.239990234375,359.9549255371094,48707200
2023-08-14,365.42999267578125,370.4700012207031,364.70001220703125,370.3500061035156,363.9943542480469,42130800
2023-08-15,369.3599853515625,370.1700134277344,365.739990234375,366.4200134277344,360.1318054199219,45539900
2023-08-16,365.8699951171875,367.42999267578125,362.44000244140625,362.5400085449219,356.31842041015625,53190500
2023-08-17,363.9599914550781,364.30999755859375,358.1600036621094,358.5799865722656,352.4263916015625,62604300
2023-08-18,355.260009765625,359.4100036621094,354.7099914550781,358.1300048828125,351.98406982421875,61191400
2023-08-21,359.6199951171875,364.5899963378906,359.1499938964844,363.8999938964844,357.6550598144531,50696500
2023-08-22,366.54998779296875,366.55999755859375,362.67999267578125,363.3800048828125,357.14398193359375,44530200
2023-08-23,364.5799865722656,370.2200012207031,364.3599853515625,369.1099853515625,362.7756652832031,51770600
2023-08-24,372.6400146484375,372.739990234375,361.010009765625,361.2200012207031,355.0210266113281,66842500
2023-08-25,362.07000732421875,365.739990234375,358.5799865722656,364.0199890136719,357.77294921875,69960500
2023-08-28,366.989990234375,367.7099914550781,364.25,366.760009765625,360.4659729003906,40910000
2023-08-29,366.55999755859375,375.1300048828125,366.2300109863281,374.7699890136719,368.3384704589844,58492400
2023-08-30,374.8800048828125,377.45001220703125,373.8599853515625,376.8599853515625,370.3926086425781,41731500
2023-08-31,376.94000244140625,379.7200012207031,376.8699951171875,377.989990234375,371.5032043457031,35730700
2023-09-01,380.3999938964844,380.8299865722656,376.0799865722656,377.5899963378906,371.1100769042969,39801200
2023-09-05,376.7699890136719,379.30999755859375,375.8299865722656,378.07000732421875,371.5819091796875,32344200
2023-09-06,377.2799987792969,377.6300048828125,372.70001220703125,374.739990234375,368.30902099609375,42998700
2023-09-07,370.2099914550781,372.8500061035156,369.1499938964844,372.05999755859375,365.675048828125,52060700
2023-09-08,372.010009765625,374.8500061035156,371.6000061035156,372.5799865722656,366.1861267089844,35800100
2023-09-11,375.6600036621094,377.489990234375,373.6600036621094,376.9700012207031,370.500732421875,39936600
2023-09-12,375.2699890136719,376.95001220703125,372.5,372.7900085449219,366.3925476074219,41391000
2023-09-13,373.0299987792969,375.8399963378906,371.8800048828125,374.2099914550781,367.7880859375,46300700
2023-09-14,375.989990234375,378.2699890136719,373.8900146484375,377.2699890136719,370.79559326171875,48039400
2023-09-15,375.9100036621094,376.32000732421875,369.8599853515625,370.80999755859375,364.44647216796875,69811200
2023-09-18,369.32000732421875,371.7900085449219,369.0299987792969,370.6600036621094,364.8263854980469,36903500
2023-09-19,369.32000732421875,370.67999267578125,366.79998779296875,369.8699951171875,364.048828125,37621700
2023-09-20,370.95001220703125,371.30999755859375,364.4599914550781,364.5400085449219,358.8027648925781,45514200
2023-09-21,360.79998779296875,361.6000061035156,357.69000244140625,357.8599853515625,352.227783203125,69734800
2023-09-22,359.6300048828125,361.79998779296875,357.5899963378906,357.9100036621094,352.2769775390625,51589700
2023-09-25,356.92999267578125,359.70001220703125,355.92999267578125,359.6099853515625,353.9503173828125,39168000
2023-09-26,356.989990234375,357.5400085449219,353.2099914550781,354.2099914550781,348.63525390625,53657700
2023-09-27,355.3800048828125,356.9800109863281,351.3599853515625,355.0400085449219,349.4522705078125,56066000
2023-09-28,354.1099853515625,360.1700134277344,353.239990234375,358.010009765625,352.37554931640625,56453300
2023-09-29,361.5400085449219,362.95001220703125,357.0199890136719,358.2699890136719,352.63140869140625,64829600
2023-10-02,358.5400085449219,362.67999267578125,357.9200134277344,361.260009765625,355.57427978515625,51625100
2023-10-03,358.7799987792969,361.010009765625,353.2799987792969,354.9200134277344,349.33416748046875,60478500
2023-10-04,355.7699890136719,360.6099853515625,355.29998779296875,359.75,354.0881042480469,54786700
2023-10-05,359.739990234375,360.1499938964844,355.1400146484375,358.69000244140625,353.0447998046875,45897400
2023-10-06,355.6499938964844,365.9100036621094,354.8500061035156,364.70001220703125,358.960205078125,75049100
2023-10-09,362.29998779296875,367.1099853515625,360.7799987792969,366.55999755859375,360.7908935546875,45304800
2023-10-10,366.8999938964844,371.2799987792969,366.3900146484375,368.5899963378906,362.7889709472656,46968800
2023-10-11,369.94000244140625,371.4100036621094,368.19000244140625,371.2200012207031,365.3775634765625,38215100
2023-10-12,371.7300109863281,373.739990234375,367.5,369.92999267578125,364.10791015625,49587900
2023-10-13,370.57000732421875,371.1600036621094,363.8599853515625,365.2799987792969,359.5311279296875,52469900
2023-10-16,366.6199951171875,370.4800109863281,366.4700012207031,369.4100036621094,363.5960693359375,44201100
2023-10-17,365.80999755859375,369.9200134277344,363.6600036621094,368.20001220703125,362.4051208496094,50999100
2023-10-18,365.6700134277344,367.9100036621094,362.0199890136719,363.3699951171875,357.651123046875,54280500
2023-10-19,364.80999755859375,366.0199890136719,359.1600036621094,359.9700012207031,354.30462646484375,72274200
2023-10-20,359.4599914550781,360.0400085449219,354.3699951171875,354.6000061035156,349.0191650390625,72559700
2023-10-23,353.260009765625,359.260009765625,351.1199951171875,355.6700134277344,350.0722961425781,60665200
2023-10-24,357.510009765625,359.9100036621094,355.7900085449219,359.1300048828125,353.47784423828125,47082100
2023-10-25,356.70001220703125,356.8800048828125,349.75,350.3399963378906,344.82623291015625,71190500
2023-10-26,349.1199951171875,350.07000732421875,342.3500061035156,343.6600036621094,338.2513732910156,78621400
2023-10-27,346.42999267578125,348.8399963378906,344.0799865722656,345.30999755859375,339.8753967285156,63476700
2023-10-30,347.8299865722656,350.5400085449219,346.45001220703125,349.20001220703125,343.7041320800781,55298500
2023-10-31,349.2300109863281,351.25,346.6199951171875,350.8699951171875,345.34783935546875,47671900
2023-11-01,351.7200012207031,357.5299987792969,351.6199951171875,356.9599914550781,351.342041015625,58992700
2023-11-02,361.5400085449219,363.67999267578125,360.29998779296875,363.44000244140625,357.719970703125,58162400
2023-11-03,364.75,369.0199890136719,364.5199890136719,367.7099914550781,361.9228210449219,53280500
2023-11-06,368.489990234375,369.7799987792969,366.9100036621094,369.2099914550781,363.39923095703125,38848700
2023-11-07,370.2699890136719,373.5799865722656,369.04998779296875,372.70001220703125,366.83428955078125,50777400
2023-11-08,373.0799865722656,373.7900085449219,370.6199951171875,372.94000244140625,367.0705261230469,35663400
2023-11-09,373.6400146484375,374.79998779296875,369.57000732421875,370.07000732421875,364.2456970214844,53859400
2023-11-10,371.82000732421875,378.5400085449219,371.2799987792969,378.3900146484375,372.43475341796875,58309800
2023-11-13,376.7900085449219,378.2799987792969,375.239990234375,377.2099914550781,371.27325439453125,40733500
2023-11-14,383.7099914550781,386.260009765625,383.17999267578125,385.3299865722656,379.2655334472656,67792600
2023-11-15,387.25,387.75,384.239990234375,385.6199951171875,379.5509338378906,54141400
2023-11-16,384.8399963378906,386.19000244140625,383.55999755859375,385.95001220703125,379.8757629394531,45343500
2023-11-17,385.2099914550781,387.07000732421875,384.2900085449219,386.0400085449219,379.96435546875,46571900
2023-11-20,386.04998779296875,391.4100036621094,386.04998779296875,390.739990234375,384.5903625488281,44429600
2023-11-21,389.010009765625,389.2300109863281,386.70001220703125,388.4700012207031,382.3561096191406,43337000
2023-11-22,390.57000732421875,393.07000732421875,389.0400085449219,390.05999755859375,383.9210510253906,44121000
2023-11-24,389.6499938964844,390.25,388.5,389.510009765625,383.3797302246094,15718800
2023-11-27,389.010009765625,391.1499938964844,388.2799987792969,389.1700134277344,383.0451354980469,34139700
2023-11-28,388.4100036621094,390.7799987792969,388.04998779296875,390.19000244140625,384.0489807128906,35491100
2023-11-29,392.69000244140625,394.1400146484375,389.4599914550781,389.80999755859375,383.675048828125,38811700
2023-11-30,390.0799865722656,390.54998779296875,385.82000732421875,388.8299865722656,382.7104187011719,52834400
2023-12-01,387.75,390.5400085449219,386.07000732421875,389.94000244140625,383.80291748046875,40490100
2023-12-04,386.0899963378906,386.6000061035156,382.6600036621094,386.32000732421875,380.2399597167969,51186900
2023-12-05,384.3900146484375,388.5,384.2099914550781,387.2900085449219,381.1946716308594,42933000
2023-12-06,390.2699890136719,390.3699951171875,384.70001220703125,385.04998779296875,378.98992919921875,41994100
2023-12-07,388.07000732421875,391.2699890136719,386.9599914550781,390.42999267578125,384.2853088378906,49593500
2023-12-08,388.6700134277344,392.6199951171875,388.4800109863281,392.1700134277344,385.9978332519531,46687500
2023-12-11,391.739990234375,395.7900085449219,391.5299987792969,395.5199890136719,389.2951354980469,41198000
2023-12-12,395.55999755859375,398.7900085449219,394.4100036621094,398.6700134277344,392.39556884765625,39221200
2023-12-13,399.6199951171875,404.3599853515625,398.8399963378906,403.739990234375,397.38580322265625,55408100
2023-12-14,404.9800109863281,406.29998779296875,400.3399963378906,403.3900146484375,397.0412902832031,55447800
2023-12-15,404.17999267578125,406.5400085449219,403.57000732421875,405.3399963378906,398.9605407714844,62896600
2023-12-18,404.92999267578125,407.989990234375,404.6000061035156,407.0799865722656,401.4735412597656,46610000
2023-12-19,407.5400085449219,409.2799987792969,407.3500061035156,409.1600036621094,403.5249328613281,35711900
2023-12-20,408.3500061035156,410.4700012207031,402.8999938964844,403.0799865722656,397.528564453125,54042400
2023-12-21,407.05999755859375,408.1400146484375,404.4700012207031,407.7699890136719,402.1540222167969,45568900
2023-12-22,409.0,409.9700012207031,406.4800109863281,408.3800048828125,402.755615234375,34314000
2023-12-26,409.25,411.55999755859375,409.1499938964844,410.8800048828125,405.2211608886719,22722500
2023-12-27,410.95001220703125,411.7900085449219,410.0799865722656,411.5,406.0461120605469,31980500
2023-12-28,412.6700134277344,412.9200134277344,410.94000244140625,411.29998779296875,405.8486633300781,27029200
2023-12-29,411.2799987792969,411.6400146484375,407.5799865722656,409.5199890136719,404.0923156738281,42662100
2024-01-02,405.8399963378906,406.0899963378906,400.239990234375,402.5899963378906,397.25421142578125,58026900
2024-01-03,399.92999267578125,401.0,397.8900146484375,398.3299865722656,393.0506591796875,47002800
2024-01-04,396.44000244140625,399.5899963378906,396.05999755859375,396.2799987792969,391.0278015136719,39432800
2024-01-05,396.45001220703125,399.55999755859375,395.3399963378906,396.75,391.4915466308594,44922800
2024-01-08,397.989990234375,405.239990234375,397.8399963378906,404.95001220703125,399.58294677734375,42473800
2024-01-09,401.9100036621094,406.69000244140625,401.7099914550781,405.75,400.372314453125,39132900
2024-01-10,406.07000732421875,409.5199890136719,405.1700134277344,408.5,403.0858459472656,33962800
2024-01-11,409.7900085449219,411.20001220703125,404.239990234375,409.3500061035156,403.9245910644531,54536200
2024-01-12,410.3999938964844,411.25,408.1499938964844,409.55999755859375,404.1318054199219,39595000
2024-01-16,408.30999755859375,411.1199951171875,406.8299865722656,409.5199890136719,404.0923156738281,43903000
2024-01-17,406.1700134277344,407.5899963378906,402.9200134277344,407.2099914550781,401.8129577636719,54386000
2024-01-18,410.5199890136719,413.5799865722656,409.1600036621094,412.989990234375,407.516357421875,59562500
2024-01-19,415.2200012207031,421.3399963378906,414.6300048828125,421.17999267578125,415.59783935546875,70325100
2024-01-22,423.4100036621094,424.7300109863281,421.1199951171875,421.7300109863281,416.1405334472656,44880600
2024-01-23,422.42999267578125,423.70001220703125,420.57000732421875,423.4800109863281,417.8673400878906,33003800
2024-01-24,427.44000244140625,429.8500061035156,425.3299865722656,425.8299865722656,420.1861572265625,46948000
2024-01-25,428.3599853515625,429.0400085449219,423.9800109863281,426.3500061035156,420.6993103027344,44367200
2024-01-26,424.44000244140625,426.2099914550781,423.1499938964844,423.80999755859375,418.1929931640625,37137000
2024-01-29,424.2699890136719,428.3500061035156,423.6099853515625,428.1499938964844,422.4754333496094,38694700
2024-01-30,427.1000061035156,427.67999267578125,424.3800048828125,425.29998779296875,419.6631774902344,36739000
2024-01-31,420.8500061035156,422.8699951171875,416.7900085449219,416.9700012207031,411.4436340332031,64010600
2024-02-01,418.7900085449219,422.3800048828125,417.80999755859375,421.8800048828125,416.2885437011719,51008600
2024-02-02,423.79998779296875,430.239990234375,422.7900085449219,429.010009765625,423.32403564453125,59602400
2024-02-05,429.07000732421875,429.6099853515625,425.0,428.45001220703125,422.7715148925781,39889200
2024-02-06,429.6099853515625,430.2200012207031,425.2200012207031,427.5899963378906,421.9228820800781,35846100
2024-02-07,430.4100036621094,432.8299865722656,429.0899963378906,431.989990234375,426.2645263671875,37712700
2024-02-08,432.1099853515625,433.55999755859375,431.4200134277344,432.7900085449219,427.053955078125,29889900
2024-02-09,433.94000244140625,437.8500061035156,433.1400146484375,437.04998779296875,431.2574768066406,36943900
2024-02-12,436.94000244140625,439.1400146484375,434.6499938964844,435.3399963378906,429.5701599121094,33203300
2024-02-13,427.2799987792969,431.2699890136719,425.3299865722656,428.54998779296875,422.8700866699219,64491700
2024-02-14,431.260009765625,433.6499938964844,428.8800048828125,433.2200012207031,427.4782409667969,45092700
2024-02-15,433.9200134277344,434.9800109863281,431.3299865722656,434.510009765625,428.7511291503906,38796100
2024-02-16,434.8900146484375,434.989990234375,429.8500061035156,430.57000732421875,424.86334228515625,53716500
2024-02-20,428.54998779296875,430.0799865722656,423.5,427.32000732421875,421.6564636230469,53999500
2024-02-21,424.54998779296875,425.70001220703125,421.6300048828125,425.6099853515625,419.96905517578125,49779000
2024-02-22,434.489990234375,439.1199951171875,433.7099914550781,438.07000732421875,432.2639465332031,53887800
2024-02-23,439.6499938964844,440.5899963378906,435.7900085449219,436.7799987792969,430.9910888671875,39853900
2024-02-26,437.6000061035156,438.6000061035156,436.3599853515625,436.54998779296875,430.7640380859375,33043200
2024-02-27,437.6700134277344,437.989990234375,435.0299987792969,437.6000061035156,431.80023193359375,33713200
2024-02-28,435.42999267578125,436.6700134277344,434.29998779296875,435.2699890136719,429.50103759765625,32938800
2024-02-29,438.2300109863281,440.0899963378906,435.0199890136719,439.0,433.1816711425781,42495200
2024-03-01,439.8999938964844,446.5799865722656,439.8399963378906,445.6099853515625,439.7040100097656,43853000
2024-03-04,445.6099853515625,446.0400085449219,443.7699890136719,444.0199890136719,438.1351013183594,34325700
2024-03-05,440.94000244140625,440.95001220703125,433.6499938964844,436.04998779296875,430.27069091796875,57917100
2024-03-06,440.32000732421875,441.989990234375,436.8900146484375,438.7900085449219,432.9743957519531,46234500
2024-03-07,442.4200134277344,446.7200012207031,440.8599853515625,445.45001220703125,439.546142578125,44526700
2024-03-08,445.80999755859375,448.6400146484375,438.3399963378906,439.0199890136719,433.20135498046875,72096000
2024-03-11,437.510009765625,438.6600036621094,435.44000244140625,437.3900146484375,431.593017578125,45860000
2024-03-12,439.7300109863281,444.0199890136719,436.4599914550781,443.6600036621094,437.77984619140625,55300900
2024-03-13,442.6499938964844,442.6700134277344,439.1199951171875,440.25,434.4150390625,37928700
2024-03-14,441.5,442.0299987792969,436.3900146484375,439.1400146484375,433.31982421875,52195200
2024-03-15,436.07000732421875,438.8699951171875,432.739990234375,433.9200134277344,428.1689453125,73069800
2024-03-18,438.7300109863281,441.0400085449219,437.239990234375,437.4800109863281,432.2525939941406,47323800
2024-03-19,435.45001220703125,438.9800109863281,433.3299865722656,438.57000732421875,433.3294982910156,43004100
2024-03-20,439.7799987792969,444.1099853515625,438.05999755859375,443.7699890136719,438.4673767089844,43653500
2024-03-21,448.8800048828125,449.3399963378906,445.6700134277344,445.8699951171875,440.54229736328125,39345700
2024-03-22,445.3500061035156,447.489990234375,444.489990234375,446.3800048828125,441.0462646484375,28253900
2024-03-25,443.54998779296875,446.260009765625,442.5400085449219,444.760009765625,439.4455871582031,27789200
2024-03-26,446.29998779296875,447.2300109863281,443.0899963378906,443.32000732421875,438.0228271484375,34142000
2024-03-27,446.44000244140625,446.5400085449219,441.92999267578125,444.8299865722656,439.51470947265625,41359200
2024-03-28,444.7799987792969,445.6400146484375,443.6499938964844,444.010009765625,438.70452880859375,36839600
2024-04-01,444.9700012207031,447.5299987792969,443.0199890136719,444.95001220703125,439.6332702636719,38729000
2024-04-02,440.0799865722656,441.42999267578125,438.0299987792969,441.1099853515625,435.8392028808594,44259700
2024-04-03,438.9599914550781,444.0,438.95001220703125,442.1000061035156,436.8173522949219,39949800
2024-04-04,446.3299865722656,446.95001220703125,435.1099853515625,435.3399963378906,430.13818359375,57267700
2024-04-05,436.7799987792969,443.1700134277344,435.9599914550781,440.4700012207031,435.20684814453125,54744600
2024-04-08,441.4100036621094,442.5,439.20001220703125,440.6000061035156,435.3352966308594,28144900
2024-04-09,442.9599914550781,443.239990234375,437.44000244140625,442.2300109863281,436.94580078125,39443600
2024-04-10,437.0,439.239990234375,436.2799987792969,438.3699951171875,433.1319580078125,61502200
2024-04-11,440.260009765625,446.3299865722656,437.9599914550781,445.3699951171875,440.04827880859375,45474600
2024-04-12,441.1000061035156,442.239990234375,436.8800048828125,438.2699890136719,433.0331115722656,53665000
2024-04-15,442.05999755859375,442.1499938964844,430.2099914550781,431.05999755859375,425.9092712402344,63453600
2024-04-16,430.8999938964844,433.760009765625,429.70001220703125,431.1000061035156,425.94879150390625,47619000
2024-04-17,433.1000061035156,433.1199951171875,424.8999938964844,425.8399963378906,420.75164794921875,56880500
2024-04-18,426.489990234375,428.239990234375,422.8299865722656,423.4100036621094,418.3507080078125,46549400
2024-04-19,422.2200012207031,422.75,413.07000732421875,414.6499938964844,409.6953430175781,75231000
2024-04-22,417.30999755859375,421.17999267578125,413.94000244140625,418.82000732421875,413.8155822753906,47807700
2024-04-23,420.7699890136719,426.2799987792969,418.8699951171875,425.07000732421875,419.9908447265625,44384700
2024-04-24,428.20001220703125,429.7300109863281,424.20001220703125,426.510009765625,421.4136657714844,48440300
2024-04-25,419.239990234375,425.32000732421875,418.1400146484375,424.45001220703125,419.3783264160156,57392200
2024-04-26,427.6199951171875,432.54998779296875,426.9200134277344,431.0,425.8500061035156,41874900
2024-04-29,433.1300048828125,433.760009765625,429.9800109863281,432.75,427.5790710449219,30022200
2024-04-30,431.1499938964844,432.55999755859375,424.510009765625,424.5899963378906,419.5165710449219,43665900
2024-05-01,423.1499938964844,430.1400146484375,420.6600036621094,421.5199890136719,416.48321533203125,52251700
2024-05-02,425.29998779296875,427.80999755859375,420.6300048828125,426.8999938964844,421.7989807128906,36559000
2024-05-03,434.44000244140625,436.4800109863281,432.6199951171875,435.4800109863281,430.2764892578125,48515300
2024-05-06,437.29998779296875,440.3399963378906,436.5199890136719,440.25,434.9894714355469,30227200
2024-05-07,440.70001220703125,441.9700012207031,439.5799865722656,440.32000732421875,435.0586242675781,30996100
2024-05-08,437.6700134277344,441.4800109863281,437.54998779296875,440.05999755859375,434.8017578125,24896700
2024-05-09,440.3299865722656,441.6000061035156,438.4599914550781,441.0199890136719,435.75030517578125,24580100
2024-05-10,442.5400085449219,444.30999755859375,440.5,442.05999755859375,436.7778625488281,27116600
2024-05-13,443.989990234375,444.0899963378906,441.6499938964844,443.0799865722656,437.7856140136719,22994200
2024-05-14,442.6499938964844,446.4700012207031,442.4599914550781,445.92999267578125,440.6015930175781,34478300
2024-05-15,448.42999267578125,453.1499938964844,446.8999938964844,452.8999938964844,447.4883117675781,41464700
2024-05-16,452.7099914550781,454.69000244140625,451.80999755859375,451.9800109863281,446.5793151855469,34780400
2024-05-17,452.1099853515625,452.7200012207031,449.5400085449219,451.760009765625,446.3619689941406,35803700
2024-05-20,451.9800109863281,455.5799865722656,451.7900085449219,454.9100036621094,449.47430419921875,24474200
2024-05-21,453.0400085449219,455.989990234375,452.8399963378906,455.79998779296875,450.35369873046875,23167700
2024-05-22,456.05999755859375,456.82000732421875,453.0799865722656,455.7099914550781,450.26470947265625,25120000
2024-05-23,460.54998779296875,460.5799865722656,451.8500061035156,453.6600036621094,448.2392578125,40899200
2024-05-24,455.2900085449219,459.2300109863281,453.57000732421875,457.95001220703125,452.4779968261719,29669500
2024-05-28,459.17999267578125,459.739990234375,456.69000244140625,459.67999267578125,454.18731689453125,26216800
2024-05-29,455.4800109863281,458.239990234375,455.3399963378906,456.44000244140625,450.9859924316406,29739200
2024-05-30,455.5,455.6400146484375,450.2099914550781,451.54998779296875,446.15447998046875,30536800
2024-05-31,451.7799987792969,452.4800109863281,443.05999755859375,450.7099914550781,445.3244934082031,55941300
2024-06-03,454.57000732421875,455.5799865722656,447.8999938964844,453.1300048828125,447.7156066894531,32997500
2024-06-04,452.8699951171875,455.5799865722656,451.1300048828125,454.3699951171875,448.94073486328125,23767400
2024-06-05,457.9800109863281,463.6099853515625,454.4100036621094,463.5299987792969,457.9913330078125,33817400
2024-06-06,464.2200012207031,464.5400085449219,462.19000244140625,463.3699951171875,457.833251953125,21966800
2024-06-07,463.0,465.739990234375,461.8399963378906,462.9599914550781,457.4281005859375,25829700
2024-06-10,461.82000732421875,465.19000244140625,461.5299987792969,464.8299865722656,459.2757568359375,20660800
2024-06-11,463.5400085449219,468.1400146484375,462.0299987792969,468.0199890136719,462.42767333984375,22053300
2024-06-12,471.989990234375,476.5,471.2900085449219,474.1499938964844,468.484375,34532600
2024-06-13,477.7200012207031,478.3900146484375,474.4200134277344,476.7200012207031,471.023681640625,25859000
2024-06-14,476.5199890136719,479.260009765625,476.04998779296875,479.19000244140625,473.4642028808594,23372600
2024-06-17,479.4599914550781,486.8599853515625,478.1400146484375,485.05999755859375,479.2640380859375,37054500
2024-06-18,485.010009765625,485.8999938964844,483.42999267578125,485.2099914550781,479.4122314453125,24438600
2024-06-20,486.4200134277344,486.8399963378906,479.6199951171875,481.4700012207031,475.71697998046875,33918700
2024-06-21,481.19000244140625,482.5400085449219,478.6700134277344,480.17999267578125,474.4424133300781,37456800
2024-06-24,478.17999267578125,479.92999267578125,473.82000732421875,473.9599914550781,469.041015625,37751000
2024-06-25,476.07000732421875,479.67999267578125,475.1199951171875,479.3800048828125,474.40472412109375,29014700
2024-06-26,478.54998779296875,480.9200134277344,478.1300048828125,480.3699951171875,475.3844909667969,22737100
2024-06-27,480.1199951171875,483.1000061035156,479.29998779296875,481.6099853515625,476.611572265625,26222100
2024-06-28,482.4100036621094,487.20001220703125,478.4599914550781,479.1099853515625,474.13751220703125,34881600
2024-07-01,480.0400085449219,482.489990234375,476.260009765625,481.9200134277344,476.9184265136719,24898300
2024-07-02,480.4100036621094,487.0400085449219,480.2799987792969,486.9800109863281,481.9258728027344,26723600
2024-07-03,486.2200012207031,491.1700134277344,486.2200012207031,491.0400085449219,485.9437561035156,18064900
2024-07-05,491.8900146484375,496.6000061035156,491.5899963378906,496.1600036621094,491.0106506347656,28495900
2024-07-08,496.5299987792969,497.8999938964844,495.5,497.3399963378906,492.1783447265625,22109400
2024-07-09,498.8699951171875,500.0,496.239990234375,497.7699890136719,492.6038818359375,25614500
2024-07-10,499.7099914550781,503.5199890136719,498.3900146484375,502.9599914550781,497.7400207519531,28046900
2024-07-11,503.07000732421875,503.2799987792969,490.7300109863281,491.92999267578125,486.82452392578125,49966600
2024-07-12,492.510009765625,499.6199951171875,492.0400085449219,494.82000732421875,489.6845397949219,37109400
2024-07-15,496.6099853515625,501.010009765625,494.0899963378906,496.1499938964844,491.00067138671875,31151400
2024-07-16,497.6199951171875,498.44000244140625,493.1499938964844,496.3399963378906,491.1886901855469,25950600
2024-07-17,488.2799987792969,488.79998779296875,481.70001220703125,481.7699890136719,476.7699279785156,56268800
2024-07-18,485.5299987792969,485.7099914550781,476.2699890136719,479.489990234375,474.5135803222656,49347400
2024-07-19,479.1499938964844,481.69000244140625,473.94000244140625,475.239990234375,470.30767822265625,42042900
2024-07-22,481.1600036621094,483.3500061035156,477.7099914550781,482.32000732421875,477.3142395019531,40300000
2024-07-23,481.4100036621094,484.42999267578125,480.1400146484375,480.6199951171875,475.63189697265625,23282500
2024-07-24,473.82000732421875,474.19000244140625,462.510009765625,463.3800048828125,458.57086181640625,58818600
2024-07-25,463.7200012207031,467.94000244140625,455.6300048828125,458.2699890136719,453.51385498046875,59256800
2024-07-26,462.6499938964844,465.92999267578125,459.7699890136719,462.9700012207031,458.16510009765625,39992100
2024-07-29,465.7099914550781,467.9100036621094,461.6199951171875,463.8999938964844,459.0854187011719,28218500
2024-07-30,465.8500061035156,466.55999755859375,454.1499938964844,457.5299987792969,452.781494140625,41317200
2024-07-31,467.8699951171875,472.7900085449219,466.4100036621094,471.07000732421875,466.1809997558594,44552100
2024-08-01,471.760009765625,475.54998779296875,455.9800109863281,459.6600036621094,454.8894348144531,56653900
2024-08-02,450.8900146484375,453.57000732421875,444.4700012207031,448.75,444.0926513671875,66323200
2024-08-05,424.7099914550781,442.2900085449219,423.45001220703125,435.3699951171875,430.8515319824219,87483500
2024-08-06,437.2300109863281,447.07000732421875,434.55999755859375,439.5299987792969,434.9683532714844,63164400
2024-08-07,446.489990234375,449.0,434.3699951171875,434.7699890136719,430.2577209472656,54929200
2024-08-08,441.05999755859375,448.989990234375,437.1499938964844,448.07000732421875,443.4197082519531,47890100
2024-08-09,446.739990234375,452.05999755859375,445.6099853515625,450.4100036621094,445.7354431152344,33574000
2024-08-12,451.3900146484375,454.3699951171875,448.54998779296875,451.3800048828125,446.6953430175781,27795000
2024-08-13,455.82000732421875,462.8500061035156,455.67999267578125,462.5799865722656,457.7790832519531,40084500
2024-08-14,463.510009765625,465.1099853515625,458.3999938964844,462.7300109863281,457.9276123046875,34733700
2024-08-15,468.760009765625,474.82000732421875,468.3800048828125,474.4200134277344,469.4962463378906,38280600
2024-08-16,472.6199951171875,476.4100036621094,471.6499938964844,475.0299987792969,470.099853515625,38383600
2024-08-19,475.1700134277344,481.30999755859375,473.3699951171875,481.2699890136719,476.2751159667969,23737700
2024-08-20,480.3500061035156,482.94000244140625,478.54998779296875,480.260009765625,475.275634765625,29209300
2024-08-21,481.04998779296875,484.3699951171875,479.32000732421875,482.5,477.49237060546875,25658800
2024-08-22,484.8399963378906,485.5400085449219,473.80999755859375,474.8500061035156,469.9217834472656,37739600
2024-08-23,479.239990234375,482.739990234375,475.2799987792969,480.0,475.018310546875,36061500
2024-08-26,479.45001220703125,480.3800048828125,473.239990234375,475.3399963378906,470.40667724609375,27452600
2024-08-27,473.69000244140625,477.8399963378906,471.7099914550781,476.760009765625,471.81195068359375,27510000
2024-08-28,476.2900085449219,477.0199890136719,467.8900146484375,471.3500061035156,466.45806884765625,37372400
2024-08-29,473.2799987792969,477.92999267578125,469.3699951171875,470.6600036621094,465.7752685546875,41081500
2024-08-30,475.0400085449219,476.8999938964844,470.510009765625,476.2699890136719,471.3270263671875,33466500
2024-09-03,473.20001220703125,473.3299865722656,459.4100036621094,461.80999755859375,457.01715087890625,44985200
2024-09-04,458.6700134277344,464.45001220703125,457.7300109863281,460.6099853515625,455.8295593261719,32505100
2024-09-05,458.9700012207031,465.3599853515625,457.94000244140625,461.0400085449219,456.2550964355469,34452400
2024-09-06,460.3299865722656,461.2200012207031,448.19000244140625,448.69000244140625,444.03326416015625,50624400
2024-09-09,453.05999755859375,455.4599914550781,449.82000732421875,454.4599914550781,449.743408203125,32981200
2024-09-10,456.239990234375,459.1700134277344,452.2300109863281,458.6600036621094,453.8997802734375,29680300
2024-09-11,459.9100036621094,469.3699951171875,451.2799987792969,468.6199951171875,463.7564392089844,57843000
2024-09-12,468.6499938964844,474.0400085449219,466.8500061035156,473.2200012207031,468.3087463378906,40067800
2024-09-13,472.4800109863281,476.5299987792969,472.25,475.3399963378906,470.40667724609375,29111800
2024-09-16,473.19000244140625,473.8599853515625,469.8900146484375,473.239990234375,468.3284912109375,22585600
2024-09-17,476.2900085449219,477.6000061035156,470.9700012207031,473.489990234375,468.57586669921875,30084400
2024-09-18,474.70001220703125,478.8299865722656,470.8299865722656,471.44000244140625,466.5471496582031,39909200
2024-09-19,482.6099853515625,486.2300109863281,480.489990234375,483.3599853515625,478.3434753417969,52782500
2024-09-20,482.489990234375,483.69000244140625,478.29998779296875,482.44000244140625,477.4330139160156,34577700
2024-09-23,482.95001220703125,484.1400146484375,481.6000061035156,483.0400085449219,478.69854736328125,24843000
2024-09-24,484.4599914550781,486.3299865722656,480.1700134277344,485.3699951171875,481.0075378417969,25952600
2024-09-25,484.739990234375,487.7900085449219,484.55999755859375,485.82000732421875,481.4535217285156,26549900
2024-09-26,493.3699951171875,493.70001220703125,485.79998779296875,489.4700012207031,485.0706787109375,32020200
2024-09-27,490.5,490.6400146484375,485.55999755859375,486.75,482.37518310546875,22851100
2024-09-30,485.7799987792969,488.4100036621094,482.9200134277344,488.07000732421875,483.683349609375,30281100
2024-10-01,487.70001220703125,488.0,477.3999938964844,481.2699890136719,476.9444274902344,42735400
2024-10-02,480.3599853515625,483.8800048828125,477.7200012207031,481.95001220703125,477.6183166503906,23744000
2024-10-03,479.739990234375,484.54998779296875,478.989990234375,481.5899963378906,477.26153564453125,25337200
2024-10-04,487.45001220703125,487.8800048828125,482.3900146484375,487.32000732421875,482.9400634765625,30686600
2024-10-07,485.3900146484375,486.57000732421875,480.8699951171875,482.1000061035156,477.7669982910156,24975100
2024-10-08,484.6600036621094,489.989990234375,483.8500061035156,489.29998779296875,484.9022216796875,28272000
2024-10-09,489.0,493.7300109863281,487.95001220703125,493.1499938964844,488.7176818847656,24995000
2024-10-10,490.8500061035156,494.4700012207031,489.5299987792969,492.5899963378906,488.16265869140625,25750400
2024-10-11,490.739990234375,494.3900146484375,490.1700134277344,493.3599853515625,488.9257507324219,20644500
2024-10-14,495.7699890136719,498.8299865722656,495.260009765625,497.5,493.028564453125,26060100
2024-10-15,497.8299865722656,498.5,488.67999267578125,490.8500061035156,486.4383239746094,34784500
2024-10-16,491.17999267578125,491.69000244140625,487.57000732421875,490.9100036621094,486.497802734375,22996800
2024-10-17,496.44000244140625,496.489990234375,491.19000244140625,491.25,486.834716796875,27210700
2024-10-18,494.05999755859375,495.57000732421875,493.29998779296875,494.4700012207031,490.0257873535156,25335000
2024-10-21,493.25,496.2300109863281,491.30999755859375,495.4200134277344,490.96728515625,30336500
2024-10-22,492.7300109863281,497.45001220703125,491.9700012207031,495.9599914550781,491.5024108886719,26685800
2024-10-23,493.5899963378906,494.25,485.04998779296875,488.3599853515625,483.9706726074219,39346600
2024-10-24,492.1099853515625,493.0,489.44000244140625,492.32000732421875,487.89508056640625,22024900
2024-10-25,495.1400146484375,500.2799987792969,494.42999267578125,495.32000732421875,490.8681640625,38762100
2024-10-28,498.4599914550781,498.5199890136719,495.1000061035156,495.3999938964844,490.9474182128906,20477800
2024-10-29,495.7200012207031,501.3500061035156,493.8500061035156,500.1600036621094,495.6646423339844,28014100
2024-10-30,499.3900146484375,500.3500061035156,495.8900146484375,496.3800048828125,491.91864013671875,29756000
2024-10-31,492.3800048828125,492.42999267578125,483.75,483.8500061035156,479.50128173828125,41245200
2024-11-01,485.5,490.75,485.20001220703125,487.42999267578125,483.049072265625,33655800
2024-11-04,486.82000732421875,489.3800048828125,484.25,486.010009765625,481.641845703125,23291600
2024-11-05,487.6099853515625,492.8800048828125,487.5199890136719,492.2099914550781,487.7861022949219,24353600
2024-11-06,500.55999755859375,506.4100036621094,499.6000061035156,505.5799865722656,501.0359191894531,43082200
2024-11-07,508.3999938964844,514.3300170898438,508.3399963378906,513.5399780273438,508.92431640625,32853100
2024-11-08,513.0399780273438,514.9199829101562,512.4099731445312,514.1400146484375,509.5190734863281,22924500
2024-11-11,515.3699951171875,515.5800170898438,510.9200134277344,513.8400268554688,509.2217102050781,24167500
2024-11-12,513.77001953125,514.6599731445312,509.8299865722656,512.9099731445312,508.3000793457031,25835300
2024-11-13,512.4000244140625,514.97998046875,509.95001220703125,512.25,507.64599609375,24567400
2024-11-14,511.9100036621094,512.7899780273438,507.7699890136719,508.69000244140625,504.1180114746094,28679500
2024-11-15,502.94000244140625,503.3299865722656,494.489990234375,496.57000732421875,492.10693359375,51461100
2024-11-18,498.1300048828125,502.1400146484375,496.7300109863281,500.0199890136719,495.5259094238281,27080800
2024-11-19,497.4200134277344,503.95001220703125,497.0799865722656,503.4599914550781,498.93499755859375,24523000
2024-11-20,503.1600036621094,503.4800109863281,496.55999755859375,503.1700134277344,498.64764404296875,29565500
2024-11-21,506.239990234375,506.9599914550781,497.55999755859375,504.9800109863281,500.44134521484375,34526700
2024-11-22,504.4200134277344,506.5299987792969,502.7799987792969,505.7900085449219,501.24407958984375,23826600
2024-11-25,509.8999938964844,511.45001220703125,504.260009765625,506.5899963378906,502.0368957519531,26375200
2024-11-26,508.0799865722656,510.1400146484375,507.2300109863281,509.30999755859375,504.732421875,26557100
2024-11-27,508.1700134277344,508.239990234375,501.92999267578125,505.29998779296875,500.7584228515625,24957400
2024-11-29,505.92999267578125,510.3399963378906,505.30999755859375,509.739990234375,505.1585388183594,15334000
2024-12-02,511.010009765625,516.260009765625,510.6199951171875,515.2899780273438,510.6586608886719,25147200
2024-12-03,513.9500122070312,517.1500244140625,513.3699951171875,516.8699951171875,512.2244262695312,18597900
2024-12-04,520.3200073242188,523.52001953125,519.5999755859375,523.260009765625,518.5570068359375,26086200
2024-12-05,523.3099975585938,524.0399780273438,521.4199829101562,521.8099975585938,517.1199951171875,18169600
2024-12-06,522.47998046875,526.719970703125,522.3499755859375,526.47998046875,521.7481689453125,23762600
2024-12-09,525.5499877929688,526.3499755859375,521.219970703125,522.3800048828125,517.6849365234375,20674400
2024-12-10,523.6199951171875,525.3800048828125,519.1599731445312,520.5999755859375,515.9209594726562,24350000
2024-12-11,525.0,530.6099853515625,524.5900268554688,529.9199829101562,525.1571655273438,32168600
2024-12-12,527.6799926757812,528.9600219726562,526.02001953125,526.5,521.767822265625,23577500
2024-12-13,530.4600219726562,533.1699829101562,527.2999877929688,530.530029296875,525.76171875,28780400
2024-12-16,533.0800170898438,539.1500244140625,533.0,538.1699829101562,533.3330688476562,31979900
2024-12-17,536.3599853515625,537.47998046875,534.1300048828125,535.7999877929688,530.9843139648438,28579100
2024-12-18,535.1500244140625,536.8800048828125,515.010009765625,516.469970703125,511.8280029296875,54703200
2024-12-19,521.1900024414062,521.760009765625,513.8300170898438,514.1699829101562,509.5487060546875,46441800
2024-12-20,510.44000244140625,524.8200073242188,509.2900085449219,518.6599731445312,513.9983520507812,60530000
2024-12-23,519.5499877929688,523.25,516.1300048828125,522.8699951171875,519.0060424804688,29672800
2024-12-24,524.8300170898438,530.0499877929688,524.1900024414062,529.9600219726562,526.0437622070312,17558200
2024-12-26,528.3200073242188,531.239990234375,526.3099975585938,529.5999755859375,525.6863403320312,19090500
2024-12-27,526.010009765625,526.4500122070312,517.8599853515625,522.5599975585938,518.6983642578125,33839600
2024-12-30,515.510009765625,519.3599853515625,511.8299865722656,515.6099853515625,511.7997131347656,34584000
2024-12-31,516.9000244140625,517.6599731445312,510.260009765625,511.2300109863281,507.4521179199219,29117000
2025-01-02,514.2999877929688,516.6400146484375,505.7099914550781,510.2300109863281,506.4595031738281,36389800
2025-01-03,513.3499755859375,519.6500244140625,512.530029296875,518.5800170898438,514.7477416992188,29059500
2025-01-06,524.02001953125,527.9199829101562,522.030029296875,524.5399780273438,520.6636962890625,36109700
2025-01-07,525.5900268554688,525.989990234375,513.280029296875,515.1799926757812,511.3728942871094,36690300
2025-01-08,515.0800170898438,516.9199829101562,510.57000732421875,515.27001953125,511.4622497558594,30777800
2025-01-10,511.4800109863281,511.5799865722656,503.9200134277344,507.19000244140625,503.4419860839844,40532500
2025-01-13,501.20001220703125,506.0199890136719,499.70001220703125,505.55999755859375,501.823974609375,31694200
2025-01-14,508.739990234375,510.1600036621094,501.5899963378906,505.0799865722656,501.3475646972656,33737200
2025-01-15,513.030029296875,517.8499755859375,511.4599914550781,516.7000122070312,512.8816528320312,34957600
2025-01-16,518.97998046875,519.0599975585938,512.9500122070312,513.0800170898438,509.2884826660156,28229000
2025-01-17,522.8499755859375,524.0700073242188,513.1099853515625,521.739990234375,517.8844604492188,51837900
2025-01-21,524.47998046875,525.969970703125,520.0599975585938,524.7999877929688,520.921875,23628000
2025-01-22,529.5700073242188,533.8200073242188,529.260009765625,531.510009765625,527.5822143554688,33593000
2025-01-23,529.0399780273438,532.760009765625,528.4500122070312,532.6400146484375,528.703857421875,23096600
2025-01-24,533.02001953125,533.7899780273438,528.1500244140625,529.6300048828125,525.7161865234375,19878300
2025-01-27,511.0,517.989990234375,510.1499938964844,514.2100219726562,510.41009521484375,60771700
2025-01-28,515.219970703125,523.0,511.7799987792969,521.8099975585938,517.953857421875,33194200
2025-01-29,522.4600219726562,522.5900268554688,516.9000244140625,520.8300170898438,516.981201171875,26649000
2025-01-30,523.7100219726562,526.0999755859375,518.2100219726562,523.0499877929688,519.1846923828125,27431300
2025-01-31,526.9199829101562,531.52001953125,521.1900024414062,522.2899780273438,518.4303588867188,38755200
2025-02-03,513.469970703125,520.8499755859375,511.04998779296875,518.1099853515625,514.28125,40580800
2025-02-04,518.6300048828125,525.1099853515625,518.22998046875,524.469970703125,520.5942993164062,26046800
2025-02-05,521.8200073242188,527.010009765625,520.6199951171875,526.8499755859375,522.9566650390625,21134100
2025-02-06,527.3599853515625,529.8099975585938,525.739990234375,529.5999755859375,525.6863403320312,19434500
2025-02-07,530.1400146484375,532.0999755859375,522.1900024414062,522.9199829101562,519.0557250976562,29605500
2025-02-10,527.219970703125,530.3599853515625,526.75,529.25,525.3389892578125,20852800
2025-02-11,525.9600219726562,529.9199829101562,525.8300170898438,527.989990234375,524.0883178710938,19325500
2025-02-12,522.2999877929688,529.1900024414062,521.9500122070312,528.2999877929688,524.3958740234375,25009400
2025-02-13,529.97998046875,536.219970703125,529.1900024414062,535.9000244140625,531.9398193359375,28714800
2025-02-14,536.010009765625,538.8400268554688,535.6699829101562,538.1500244140625,534.1732177734375,17862600
2025-02-18,539.72998046875,540.0,536.0399780273438,539.3699951171875,535.3840942382812,20565000
2025-02-19,538.5700073242188,540.8099975585938,536.4600219726562,539.52001953125,535.5330200195312,19666900
2025-02-20,538.72998046875,539.0999755859375,532.4600219726562,537.22998046875,533.2598266601562,26550800
2025-02-21,538.3800048828125,538.4000244140625,525.7100219726562,526.0800170898438,522.1923828125,47093800
2025-02-24,527.8800048828125,529.0700073242188,519.530029296875,519.8699951171875,516.0282592773438,39268400
2025-02-25,519.239990234375,519.3200073242188,509.44000244140625,513.3200073242188,509.5267028808594,48940000
2025-02-26,515.530029296875,519.6599731445312,511.3699951171875,514.5599975585938,510.757568359375,34457600
2025-02-27,518.1300048828125,519.0700073242188,500.04998779296875,500.2699890136719,496.57305908203125,52448000
2025-02-28,500.1300048828125,508.7799987792969,496.92999267578125,508.1700134277344,504.41473388671875,47654000
2025-03-03,511.5199890136719,513.0399780273438,493.5799865722656,497.04998779296875,493.3768615722656,44587200
2025-03-04,494.17999267578125,503.739990234375,487.739990234375,495.54998779296875,491.8879699707031,67875400
2025-03-05,496.20001220703125,503.6300048828125,491.260009765625,502.010009765625,498.3002624511719,46323700
2025-03-06,493.69000244140625,498.5799865722656,486.20001220703125,488.20001220703125,484.5923156738281,57574300
2025-03-07,487.1600036621094,493.2799987792969,480.5299987792969,491.7900085449219,488.15576171875,54714700
2025-03-10,483.45001220703125,483.9700012207031,468.6600036621094,472.7300109863281,469.2366027832031,76668000
2025-03-11,472.3500061035156,478.80999755859375,467.010009765625,471.6000061035156,468.114990234375,68760800
2025-03-12,479.1600036621094,481.05999755859375,471.7900085449219,476.9200134277344,473.39569091796875,46971100
2025-03-13,476.25,476.2799987792969,466.42999267578125,468.3399963378906,464.87908935546875,46563300
2025-03-14,473.7300109863281,480.55999755859375,473.1199951171875,479.6600036621094,476.1153869628906,43563000
2025-03-17,479.6099853515625,485.8399963378906,477.79998779296875,482.7699890136719,479.2024230957031,41744400
2025-03-18,479.4100036621094,479.6099853515625,472.4100036621094,474.5400085449219,471.03326416015625,39072300
2025-03-19,476.80999755859375,485.3299865722656,474.8699951171875,480.8900146484375,477.33636474609375,40430300
2025-03-20,476.8800048828125,484.54998779296875,476.17999267578125,479.260009765625,475.7183532714844,36780500
2025-03-21,474.0799865722656,481.6099853515625,472.9100036621094,480.8399963378906,477.2867126464844,42234900
2025-03-24,487.739990234375,491.510009765625,484.3999938964844,490.6600036621094,487.7604064941406,34567200
2025-03-25,491.3900146484375,493.6199951171875,490.4200134277344,493.4599914550781,490.54388427734375,26035200
2025-03-26,492.29998779296875,493.1600036621094,482.82000732421875,484.3800048828125,481.51751708984375,34627100
2025-03-27,482.4100036621094,486.5799865722656,480.25,481.6199951171875,478.7738342285156,33469800
2025-03-28,479.80999755859375,480.5199890136719,468.04998779296875,468.94000244140625,466.1687927246094,46363800
2025-03-31,461.9200134277344,469.8599853515625,457.3299865722656,468.9200134277344,466.1488952636719,53000300
2025-04-01,467.29998779296875,473.6300048828125,464.4200134277344,472.70001220703125,469.90655517578125,41156200
2025-04-02,466.1199951171875,479.55999755859375,465.8599853515625,476.1499938964844,473.3361511230469,49894500
2025-04-03,456.44000244140625,460.07000732421875,450.1400146484375,450.6600036621094,447.9967956542969,70456300
2025-04-04,438.1400146484375,440.3699951171875,422.6700134277344,422.6700134277344,420.1722106933594,117088400
2025-04-07,408.6600036621094,443.1400146484375,402.3900146484375,423.69000244140625,421.1861877441406,161557000
2025-04-08,438.1600036621094,443.1400146484375,409.7900085449219,416.05999755859375,413.60125732421875,101248100
2025-04-09,415.57000732421875,467.8299865722656,415.42999267578125,466.0,463.24615478515625,142876900
2025-04-10,453.55999755859375,455.5899963378906,432.6300048828125,446.17999267578125,443.54327392578125,108384100
2025-04-11,444.6499938964844,455.7900085449219,441.3299865722656,454.3999938964844,451.71466064453125,52483800
2025-04-14,464.4599914550781,465.04998779296875,452.6300048828125,457.4800109863281,454.7764892578125,43941200
2025-04-15,458.5400085449219,462.3800048828125,456.1499938964844,457.989990234375,455.2834777832031,35404200
2025-04-16,449.0299987792969,452.6199951171875,437.760009765625,444.17999267578125,441.5550842285156,48980600
2025-04-17,447.1700134277344,447.75,441.3599853515625,444.1000061035156,441.4755554199219,44837000
2025-04-21,438.2300109863281,439.0799865722656,427.92999267578125,433.1099853515625,430.55047607421875,44149300
2025-04-22,438.82000732421875,447.5799865722656,437.6199951171875,444.4800109863281,441.8533630371094,52304400
2025-04-23,458.1700134277344,463.3800048828125,452.8800048828125,454.55999755859375,451.87371826171875,55801100
2025-04-24,456.4800109863281,467.6600036621094,455.8299865722656,467.3500061035156,464.5881652832031,45956100
2025-04-25,466.9700012207031,473.0899963378906,465.3900146484375,472.55999755859375,469.7673645019531,38697100
2025-04-28,473.0299987792969,474.80999755859375,466.0299987792969,472.4100036621094,469.6182556152344,33550800
2025-04-29,470.1700134277344,476.4200134277344,469.5899963378906,475.5299987792969,472.7198486328125,30613100
2025-04-30,467.1300048828125,477.20001220703125,462.42999267578125,475.4700012207031,472.6601867675781,46810600
2025-05-01,483.4100036621094,487.17999267578125,480.739990234375,481.67999267578125,478.8334655761719,43316500
2025-05-02,486.5400085449219,490.9100036621094,484.8299865722656,488.8299865722656,485.94122314453125,39218100
2025-05-05,484.6000061035156,489.0299987792969,484.1000061035156,485.92999267578125,483.0583190917969,28309500
2025-05-06,479.55999755859375,485.04998779296875,478.19000244140625,481.4100036621094,478.5650939941406,32786300
2025-05-07,482.0799865722656,485.79998779296875,476.7799987792969,483.29998779296875,480.44390869140625,38006300
2025-05-08,488.5299987792969,492.70001220703125,484.1700134277344,488.2900085449219,485.4044494628906,39577600
2025-05-09,490.2099914550781,491.5400085449219,486.20001220703125,487.9700012207031,485.0862731933594,27767400
2025-05-12,506.989990234375,507.8900146484375,501.4800109863281,507.8500061035156,504.8488464355469,45090600
2025-05-13,509.1600036621094,517.3900146484375,508.4200134277344,515.5900268554688,512.5431518554688,53269600
2025-05-14,516.77001953125,519.22998046875,515.75,518.6799926757812,515.6148681640625,47014500
2025-05-15,516.52001953125,521.9299926757812,515.1699829101562,519.25,516.181396484375,50153300
2025-05-16,520.6599731445312,521.7000122070312,517.0999755859375,521.510009765625,518.4281005859375,48394600
2025-05-19,514.239990234375,522.530029296875,514.239990234375,522.010009765625,518.9252319335938,52536200
2025-05-20,519.469970703125,520.9299926757812,516.6599731445312,520.27001953125,517.1953735351562,42517600
2025-05-21,516.27001953125,523.0,511.239990234375,513.0399780273438,510.00811767578125,71292800
2025-05-22,513.6599731445312,517.7100219726562,512.2999877929688,514.0,510.9625549316406,55607200
2025-05-23,506.17999267578125,511.8399963378906,505.5799865722656,509.239990234375,506.2305908203125,58368100
2025-05-27,516.1500244140625,521.7100219726562,514.5900268554688,521.219970703125,518.1397705078125,47226300
2025-05-28,522.1799926757812,523.6799926757812,518.3900146484375,518.9099731445312,515.8433837890625,46637200
2025-05-29,526.3300170898438,526.47998046875,517.3200073242188,519.9299926757812,516.857421875,58513300
2025-05-30,519.4400024414062,520.6799926757812,511.92999267578125,519.1099853515625,516.0422973632812,67662800
2025-06-02,517.239990234375,523.4500122070312,515.969970703125,523.2100219726562,520.1180419921875,44762800
2025-06-03,523.5599975585938,528.739990234375,522.6900024414062,527.2999877929688,524.1838989257812,44070300
2025-06-04,528.010009765625,529.8400268554688,525.969970703125,528.77001953125,525.6452026367188,41359300
2025-06-05,530.1799926757812,533.0499877929688,522.6599731445312,524.7899780273438,521.6886596679688,61031200
2025-06-06,530.0,531.7999877929688,528.2100219726562,529.9199829101562,526.7883911132812,42467000
2025-06-09,530.1400146484375,532.3499755859375,529.010009765625,530.7000122070312,527.5638427734375,33688700
2025-06-10,531.1699829101562,534.9000244140625,528.8900146484375,534.2100219726562,531.0530395507812,40664800
2025-06-11,535.6199951171875,536.780029296875,530.1099853515625,532.4099731445312,529.2636108398438,53701000
2025-06-12,531.0900268554688,534.6400146484375,530.8400268554688,533.6599731445312,530.5062255859375,34104900
2025-06-13,527.6799926757812,531.8699951171875,525.72998046875,526.9600219726562,523.845947265625,55814400
2025-06-16,530.5,535.3699951171875,530.4500122070312,534.2899780273438,531.1325073242188,37622100
2025-06-17,531.7100219726562,533.3300170898438,527.9099731445312,529.0800170898438,525.9534301757812,42180900
2025-06-18,530.0999755859375,532.5499877929688,527.4000244140625,528.989990234375,525.8638916015625,43983500
2025-06-20,532.260009765625,533.5599975585938,524.8800048828125,526.8300170898438,523.7166748046875,61643500
2025-06-23,526.8099975585938,532.1699829101562,523.6500244140625,531.6500244140625,529.1017456054688,50666100
2025-06-24,536.8900146484375,540.7000122070312,536.27001953125,539.780029296875,537.1928100585938,45442000
2025-06-25,542.0599975585938,543.3099975585938,539.3800048828125,541.1599731445312,538.5660400390625,44804200
2025-06-26,543.3499755859375,546.6699829101562,541.52001953125,546.219970703125,543.6018676757812,43811400
2025-06-27,547.260009765625,549.989990234375,544.5399780273438,548.0900268554688,545.4629516601562,57577100
2025-06-30,551.260009765625,552.7999877929688,549.010009765625,551.6400146484375,548.9959106445312,45548700
2025-07-01,549.72998046875,550.7100219726562,544.6599731445312,546.989990234375,544.3682250976562,56166700
2025-07-02,546.1599731445312,551.0,546.1199951171875,550.7999877929688,548.159912109375,36538300
2025-07-03,553.1799926757812,557.2000122070312,553.1799926757812,556.219970703125,553.553955078125,26443500
2025-07-07,553.52001953125,554.3400268554688,549.5800170898438,552.030029296875,549.3840942382812,45349300
2025-07-08,553.3800048828125,554.010009765625,551.0999755859375,552.3400268554688,549.6925659179688,36153300
2025-07-09,554.47998046875,557.6300048828125,553.0999755859375,556.25,553.5838012695312,43045500
2025-07-10,556.8900146484375,557.2999877929688,552.75,555.4500122070312,552.7877197265625,34710900
2025-07-11,553.2999877929688,555.7899780273438,552.0499877929688,554.2000122070312,551.5436401367188,39618600
2025-07-14,553.989990234375,556.9500122070312,551.6300048828125,556.2100219726562,553.5440673828125,36453300
2025-07-15,560.25,560.7999877929688,556.6599731445312,556.719970703125,554.051513671875,43277700
2025-07-16,557.280029296875,560.2100219726562,551.5599975585938,557.2899780273438,554.6188354492188,52314700
2025-07-17,558.02001953125,562.3099975585938,557.2100219726562,561.7999877929688,559.1072387695312,40423800
2025-07-18,563.1199951171875,564.72998046875,559.97998046875,561.260009765625,558.56982421875,50484700
2025-07-21,562.0900268554688,566.0599975585938,562.0599975585938,564.1699829101562,561.4658813476562,39595200
2025-07-22,564.2999877929688,564.3499755859375,558.6099853515625,561.25,558.559814453125,43270600
2025-07-23,562.3400268554688,563.8499755859375,559.5800170898438,563.8099975585938,561.1075439453125,40215300
2025-07-24,565.1300048828125,566.239990234375,563.2899780273438,565.010009765625,562.3018188476562,42275500
2025-07-25,564.9299926757812,567.7000122070312,564.27001953125,566.3699951171875,563.6552734375,30630800
2025-07-28,567.739990234375,569.0399780273438,566.8699951171875,568.1400146484375,565.4169311523438,31498700
2025-07-29,570.760009765625,572.1099853515625,566.530029296875,567.260009765625,564.541015625,45463300
2025-07-30,568.1799926757812,570.6199951171875,565.0499877929688,568.02001953125,565.2974243164062,43433800
2025-07-31,574.5399780273438,574.6300048828125,563.8699951171875,565.010009765625,562.3018188476562,64613600
2025-08-01,558.8300170898438,559.02001953125,551.6799926757812,553.8800048828125,551.2252197265625,69400800
2025-08-04,559.0499877929688,564.3200073242188,558.9500122070312,564.0999755859375,561.3961181640625,47669800
2025-08-05,565.3900146484375,566.5599975585938,559.72998046875,560.27001953125,557.5845947265625,48666600
2025-08-06,561.1099853515625,567.760009765625,560.6300048828125,567.3200073242188,564.6007690429688,41823700
2025-08-07,571.6699829101562,573.3200073242188,565.1099853515625,569.239990234375,566.5115356445312,44463000
2025-08-08,570.4500122070312,574.77001953125,570.1500244140625,574.5499877929688,571.7960815429688,35255500
2025-08-11,574.6900024414062,576.7999877929688,571.5700073242188,572.8499755859375,570.104248046875,33112900
2025-08-12,575.1599731445312,580.3499755859375,572.489990234375,580.0499877929688,577.2697143554688,42143300
2025-08-13,582.760009765625,583.3200073242188,578.9400024414062,580.3400268554688,577.5584106445312,41209300
2025-08-14,578.280029296875,581.8800048828125,577.9099731445312,579.8900146484375,577.1105346679688,45425000
2025-08-15,579.7999877929688,579.8400268554688,575.5700073242188,577.3400268554688,574.57275390625,49480200
2025-08-18,576.4400024414062,577.77001953125,575.239990234375,577.1099853515625,574.3438720703125,29831000
2025-08-19,576.3900146484375,576.5599975585938,568.25,569.280029296875,566.5513916015625,53752600
2025-08-20,568.3300170898438,568.4500122070312,558.8400268554688,565.9000244140625,563.1876220703125,76781100
2025-08-21,564.3499755859375,566.489990234375,560.97998046875,563.280029296875,560.5802001953125,46436900
2025-08-22,564.6699829101562,573.989990234375,563.27001953125,571.969970703125,569.2284545898438,51502100
2025-08-25,570.4000244140625,573.2899780273438,569.1599731445312,570.3200073242188,567.5864868164062,34044700
2025-08-26,569.8300170898438,572.9199829101562,568.7999877929688,572.6099853515625,569.8653564453125,34103000
2025-08-27,571.5900268554688,574.4099731445312,570.3699951171875,573.489990234375,570.7412109375,36927100
2025-08-28,574.1099853515625,578.0,572.4600219726562,577.0800170898438,574.3140258789062,46787900
2025-08-29,574.6599731445312,575.030029296875,568.5399780273438,570.4000244140625,567.666015625,56030400
2025-09-02,561.3099975585938,565.969970703125,559.5399780273438,565.6199951171875,562.908935546875,65876800
2025-09-03,569.22998046875,571.7000122070312,566.72998046875,570.0700073242188,567.3375854492188,54230200
2025-09-04,570.739990234375,575.5999755859375,569.030029296875,575.22998046875,572.4728393554688,47526300
2025-09-05,580.489990234375,581.1199951171875,571.530029296875,576.0599975585938,573.298828125,68342500
2025-09-08,578.3699951171875,580.8400268554688,577.77001953125,578.8699951171875,576.0953979492188,46371400
2025-09-09,579.6699829101562,580.9400024414062,577.0399780273438,580.510009765625,577.7275390625,44007600
2025-09-10,583.739990234375,583.77001953125,578.5499877929688,580.7000122070312,577.9166870117188,49308000
2025-09-11,583.239990234375,584.8800048828125,581.6199951171875,584.0800170898438,581.2804565429688,44745800
2025-09-12,585.0399780273438,587.8599853515625,584.0999755859375,586.6599731445312,583.8480224609375,50745900
2025-09-15,588.4400024414062,591.7899780273438,588.2899780273438,591.6799926757812,588.843994140625,44360300
2025-09-16,592.6099853515625,592.8599853515625,590.489990234375,591.1799926757812,588.3463745117188,36942100
2025-09-17,591.0999755859375,591.75,584.3699951171875,590.0,587.1720581054688,69384800
2025-09-18,594.9099731445312,598.1400146484375,592.9600219726562,595.3200073242188,592.466552734375,61069300
2025-09-19,597.3300170898438,600.0499877929688,595.8499755859375,599.3499755859375,596.4772338867188,58196100
2025-09-22,597.739990234375,602.8699951171875,597.719970703125,602.2000122070312,600.0083618164062,57154800
2025-09-23,602.3699951171875,602.5700073242188,596.97998046875,598.2000122070312,596.0228881835938,64635500
2025-09-24,599.5800170898438,599.9000244140625,593.3599853515625,596.0999755859375,593.9305419921875,49850300
2025-09-25,592.2000122070312,595.1199951171875,588.5,593.530029296875,591.3699951171875,70920200
2025-09-26,594.3499755859375,596.2999877929688,591.0599975585938,595.969970703125,593.8009643554688,54337400
2025-09-29,599.1099853515625,602.0499877929688,597.4099731445312,598.72998046875,596.5509643554688,48332900
2025-09-30,598.4299926757812,600.7100219726562,596.0999755859375,600.3699951171875,598.18505859375,46533800
2025-10-01,597.1699829101562,603.7899780273438,596.3400268554688,603.25,601.0545043945312,46899600
2025-10-02,607.0599975585938,607.1599731445312,602.9299926757812,605.72998046875,603.5254516601562,43765400
2025-10-03,606.510009765625,607.3300170898438,601.3900146484375,603.1799926757812,600.9848022460938,46482100
2025-10-06,608.4500122070312,609.3599853515625,605.969970703125,607.7100219726562,605.498291015625,41962100
2025-10-07,609.02001953125,609.7100219726562,603.030029296875,604.510009765625,602.3099365234375,58209500
2025-10-08,605.4099731445312,611.75,605.260009765625,611.4400024414062,609.2147216796875,50629800
2025-10-09,611.47998046875,611.6099853515625,607.47998046875,610.7000122070312,608.4774780273438,45551000
2025-10-10,611.4000244140625,613.1799926757812,589.0499877929688,589.5,587.3545532226562,97614800
2025-10-13,599.6799926757812,602.9500122070312,597.22998046875,602.010009765625,599.8190307617188,65872600
2025-10-14,595.3099975585938,602.6900024414062,590.1300048828125,598.0,595.8236694335938,69203200
2025-10-15,604.010009765625,606.7000122070312,595.9299926757812,602.219970703125,600.0283203125,62805500
2025-10-16,605.1099853515625,608.3099975585938,595.5,599.989990234375,597.8064575195312,70982000
2025-10-17,597.9500122070312,605.510009765625,596.3699951171875,603.9299926757812,601.7320556640625,72024900
2025-10-20,607.1400146484375,612.7999877929688,607.0700073242188,611.5399780273438,609.3143310546875,45761700
2025-10-21,611.6400146484375,612.719970703125,609.3200073242188,611.3800048828125,609.1549682617188,44538200
2025-10-22,610.8200073242188,611.4099731445312,599.739990234375,605.489990234375,603.286376953125,61478800
2025-10-23,604.9099731445312,611.3699951171875,604.52001953125,610.5800170898438,608.3578491210938,42844300
2025-10-24,615.989990234375,618.4199829101562,615.1300048828125,617.0999755859375,614.8540649414062,47632500
2025-10-27,624.52001953125,628.5499877929688,624.030029296875,628.0900268554688,625.80419921875,54098600
2025-10-28,630.3599853515625,634.6799926757812,629.25,632.9199829101562,630.6165161132812,61195700
2025-10-29,635.5900268554688,637.010009765625,630.25,635.77001953125,633.4561767578125,67422800
2025-10-30,632.1699829101562,633.5,625.9400024414062,626.0499877929688,623.7715454101562,61628600
2025-10-31,634.1699829101562,634.2000122070312,626.6900024414062,629.0700073242188,626.7805786132812,66305100
2025-11-03,635.1099853515625,635.8200073242188,629.8499755859375,632.0800170898438,629.7796020507812,37154300
2025-11-04,623.280029296875,626.9500122070312,618.4600219726562,619.25,616.996337890625,63830800
2025-11-05,618.489990234375,626.5999755859375,617.2100219726562,623.280029296875,621.0116577148438,48688500
2025-11-06,621.7899780273438,622.0399780273438,610.2999877929688,611.6699829101562,609.4439086914062,72115100
2025-11-07,608.3099975585938,609.9500122070312,598.6699829101562,609.739990234375,607.5208740234375,81835400
2025-11-10,618.9199829101562,624.3099975585938,616.8900146484375,623.22998046875,620.9617919921875,55919900
2025-11-11,620.5700073242188,622.719970703125,617.52001953125,621.5700073242188,619.307861328125,44868800
2025-11-12,624.8400268554688,624.8599853515625,617.8099975585938,621.0800170898438,618.8196411132812,47444400
2025-11-13,617.5399780273438,618.1199951171875,606.0800170898438,608.4000244140625,606.185791015625,71333600
2025-11-14,599.5499877929688,613.3499755859375,597.1699829101562,608.8599853515625,606.6441040039062,80087300
2025-11-17,606.2999877929688,612.47998046875,599.8699951171875,603.6599731445312,601.4630737304688,63850400
2025-11-18,599.6199951171875,602.3099975585938,591.3400268554688,596.3099975585938,594.1397705078125,83327300
2025-11-19,597.0700073242188,606.1599731445312,594.5900268554688,599.8699951171875,597.6868286132812,73111500
2025-11-20,611.6199951171875,614.030029296875,584.75,585.6699829101562,583.5385131835938,117743200
2025-11-21,587.469970703125,596.97998046875,580.739990234375,590.0700073242188,587.9224853515625,103344200
2025-11-24,595.280029296875,606.6799926757812,595.1599731445312,605.1599731445312,602.9575805664062,60168100
2025-11-25,603.510009765625,610.260009765625,597.3200073242188,608.8900146484375,606.674072265625,57560900
2025-11-26,612.510009765625,616.1900024414062,610.3900146484375,614.27001953125,612.034423828125,42393600
2025-11-28,616.1099853515625,619.3200073242188,615.4199829101562,619.25,616.996337890625,23034400
2025-12-01,613.6300048828125,619.4400024414062,612.52001953125,617.1699829101562,614.923828125,40957600
2025-12-02,619.4600219726562,623.75,617.5900268554688,622.0,619.7362670898438,54541800
2025-12-03,619.6199951171875,624.219970703125,618.030029296875,623.52001953125,621.2507934570312,47841600
2025-12-04,624.9299926757812,624.9400024414062,619.5399780273438,622.9400024414062,620.6728515625,47067800
2025-12-05,624.3800048828125,628.9199829101562,623.7100219726562,625.47998046875,623.2036743164062,53614200
2025-12-08,627.2100219726562,628.8400268554688,621.6900024414062,624.280029296875,622.0079956054688,43462400
2025-12-09,623.010009765625,625.8699951171875,621.0,625.0499877929688,622.775146484375,37156000
2025-12-10,623.8499755859375,629.2100219726562,620.989990234375,627.6099853515625,625.3258666992188,55031400
2025-12-11,623.8200073242188,625.780029296875,617.719970703125,625.5800170898438,623.3033447265625,58272800
2025-12-12,622.0800170898438,623.5399780273438,611.3599853515625,613.6199951171875,611.3867797851562,75158700
2025-12-15,618.3699951171875,618.4199829101562,609.3200073242188,610.5399780273438,608.3179931640625,49538200
2025-12-16,608.260009765625,613.510009765625,606.9099731445312,611.75,609.5235595703125,55152800
2025-12-17,613.0599975585938,613.6500244140625,600.280029296875,600.4099731445312,598.224853515625,70654300
2025-12-18,609.7999877929688,612.9299926757812,606.9199829101562,609.1099853515625,606.8931884765625,78875800
2025-12-19,611.9500122070312,617.6199951171875,611.8699951171875,617.0499877929688,614.8043212890625,60369800
2025-12-22,621.3499755859375,621.6500244140625,617.77001953125,619.2100219726562,617.7513427734375,43703100
2025-12-23,618.2000122070312,622.4099731445312,617.780029296875,622.1099853515625,620.6444702148438,41120400
2025-12-24,621.989990234375,624.280029296875,621.719970703125,623.9299926757812,622.4602661132812,18468700
2025-12-26,624.6599731445312,625.52001953125,623.1400146484375,623.8900146484375,622.4202880859375,28959800
2025-12-29,620.0999755859375,622.780029296875,618.72998046875,620.8699951171875,619.4074096679688,32458300
2025-12-30,619.8400268554688,622.1799926757812,619.219970703125,619.4299926757812,617.9707641601562,31226800
2025-12-31,619.6500244140625,619.9600219726562,614.0499877929688,614.3099975585938,612.8628540039062,40746500
2026-01-02,620.0599975585938,622.8499755859375,610.1500244140625,613.1199951171875,611.6757202148438,61859200
2026-01-05,619.3200073242188,620.8099975585938,616.719970703125,617.989990234375,616.5341796875,46828400
2026-01-06,619.22998046875,624.02001953125,618.5399780273438,623.4199829101562,621.951416015625,43137500
2026-01-07,623.0399780273438,627.9400024414062,622.5599975585938,624.02001953125,622.550048828125,44880300
2026-01-08,623.030029296875,623.4199829101562,617.7999877929688,620.469970703125,619.0083618164062,50435900
2026-01-09,621.4099731445312,627.8900146484375,619.0599975585938,626.6500244140625,625.173828125,49688700
2026-01-12,622.3099975585938,628.8499755859375,622.260009765625,627.1699829101562,625.6925659179688,37388700
2026-01-13,627.27001953125,629.469970703125,623.7000122070312,626.239990234375,624.7647705078125,44481400
2026-01-14,622.239990234375,623.4500122070312,614.5599975585938,619.5499877929688,618.0905151367188,72598700
2026-01-15,626.5999755859375,630.0,620.75,621.780029296875,620.3153076171875,53934900
2026-01-16,625.5,626.0800170898438,618.8800048828125,621.260009765625,619.7965087890625,61058100
2026-01-20,610.530029296875,615.0599975585938,607.0499877929688,608.0599975585938,606.6276245117188,81988900
2026-01-21,609.469970703125,620.4199829101562,607.8599853515625,616.280029296875,614.8282470703125,79837900
2026-01-22,622.3499755859375,622.4600219726562,617.780029296875,620.760009765625,619.2976684570312,42254800
2026-01-23,619.72998046875,625.4000244140625,618.6500244140625,622.719970703125,621.2530517578125,43645800
2026-01-26,623.2100219726562,627.6099853515625,622.1199951171875,625.4600219726562,623.9866333007812,35983000
2026-01-27,628.9099731445312,632.0399780273438,627.3400268554688,631.1300048828125,629.6432495117188,38997200
2026-01-28,635.4600219726562,636.5999755859375,631.8099975585938,633.219970703125,631.7283325195312,50691700
2026-01-29,632.6500244140625,633.6699829101562,618.27001953125,629.4299926757812,627.947265625,79944000
2026-01-30,625.7100219726562,628.260009765625,619.2999877929688,621.8699951171875,620.4050903320312,65650700
2026-02-02,618.7000122070312,628.489990234375,618.6599731445312,626.1400146484375,624.6650390625,49020300
2026-02-03,628.2999877929688,629.97998046875,610.9600219726562,616.52001953125,615.0676879882812,81234000
2026-02-04,615.02001953125,615.0999755859375,600.469970703125,605.75,604.3230590820312,81850700
2026-02-05,600.2100219726562,604.8099975585938,594.760009765625,597.030029296875,595.6236572265625,89354500
2026-02-06,600.1900024414062,611.4099731445312,598.77001953125,609.6500244140625,608.2138671875,78019300
2026-02-09,607.5399780273438,616.4600219726562,605.0700073242188,614.3200073242188,612.8728637695312,56797600
2026-02-10,615.3099975585938,617.02001953125,611.010009765625,611.469970703125,610.029541015625,53938900
2026-02-11,616.3800048828125,617.52001953125,607.6900024414062,613.1099853515625,611.6657104492188,58575100
2026-02-12,614.7100219726562,615.8099975585938,599.5700073242188,600.6400146484375,599.22509765625,81378900
2026-02-13,600.4299926757812,606.47998046875,596.4199829101562,601.9199829101562,600.5020751953125,69237500
2026-02-17,598.3800048828125,603.9500122070312,593.3400268554688,601.2999877929688,599.8834838867188,69013800
2026-02-18,602.1099853515625,609.77001953125,600.719970703125,605.7899780273438,604.3629150390625,64250700
2026-02-19,602.8099975585938,605.8200073242188,600.75,603.469970703125,602.0484008789062,60960800
2026-02-20,600.1199951171875,610.3499755859375,599.22998046875,608.8099975585938,607.3758544921875,74127300
2026-02-23,606.6099853515625,608.010009765625,599.0499877929688,601.4099731445312,599.9932250976562,63859100
2026-02-24,602.4000244140625,608.989990234375,599.72998046875,607.8699951171875,606.4380493164062,55023700
2026-02-25,611.0700073242188,616.8300170898438,611.0,616.6799926757812,615.227294921875,55710700
2026-02-26,615.5900268554688,615.5900268554688,603.97998046875,609.239990234375,607.8048095703125,96178900
2026-02-27,602.97998046875,608.3200073242188,602.1900024414062,607.2899780273438,605.859375,68125200
2026-03-02,598.8599853515625,609.9199829101562,597.989990234375,608.0900268554688,606.6575317382812,75264600
2026-03-03,596.3300170898438,603.9600219726562,591.8699951171875,601.5800170898438,600.1629028320312,97015500
2026-03-04,604.1599731445312,612.8800048828125,603.4299926757812,610.75,609.311279296875,70943900
2026-03-05,607.4000244140625,612.760009765625,602.260009765625,608.9099731445312,607.4755249023438,89602400
2026-03-06,600.3099975585938,606.0,598.3300170898438,599.75,598.337158203125,86302300
2026-03-09,594.22998046875,609.27001953125,591.3300170898438,607.760009765625,606.3283081054688,93068200
2026-03-10,607.780029296875,613.2899780273438,605.4199829101562,607.77001953125,606.3383178710938,64078900
2026-03-11,608.9500122070312,612.4299926757812,605.030029296875,607.6900024414062,606.2584838867188,60114800
2026-03-12,602.760009765625,604.1400146484375,597.0499877929688,597.260009765625,595.8530883789062,71836600
2026-03-13,599.72998046875,603.5999755859375,592.5700073242188,593.719970703125,592.3213500976562,63145500
2026-03-16,600.0399780273438,603.8599853515625,599.1099853515625,600.3800048828125,598.9656982421875,49077200
2026-03-17,603.1400146484375,605.9000244140625,601.8699951171875,603.3099975585938,601.8887939453125,47106600
2026-03-18,601.489990234375,603.1599731445312,594.5599975585938,594.9000244140625,593.4986572265625,56128000
2026-03-19,589.510009765625,595.7999877929688,587.0800170898438,593.02001953125,591.623046875,75597600
2026-03-20,591.0599975585938,591.1699829101562,578.5399780273438,582.0599975585938,580.6888427734375,91964700
2026-03-23,590.52001953125,595.0800170898438,585.9600219726562,588.0,587.3545532226562,89936100
2026-03-24,584.8099975585938,587.9299926757812,581.9299926757812,583.97998046875,583.3389282226562,57750900
2026-03-25,589.1400146484375,591.3699951171875,585.6900024414062,587.8200073242188,587.1747436523438,60475500
2026-03-26,582.5999755859375,584.6300048828125,573.4299926757812,573.7899780273438,573.1600952148438,81492100
2026-03-27,570.8099975585938,571.02001953125,561.5700073242188,562.5800170898438,561.9624633789062,82702200
2026-03-30,567.3800048828125,568.0499877929688,555.5999755859375,558.280029296875,557.6671752929688,70602600
2026-03-31,564.2899780273438,578.6400146484375,564.2100219726562,577.1799926757812,576.54638671875,95878000
2026-04-01,581.47998046875,587.739990234375,580.4199829101562,584.3099975585938,583.6685791015625,79435100
2026-04-02,573.969970703125,586.0499877929688,571.9199829101562,584.97998046875,584.3378295898438,50941700
2026-04-06,586.22998046875,590.6099853515625,584.6900024414062,588.5,587.85400390625,35108500
2026-04-07,585.6400146484375,588.97998046875,578.4000244140625,588.5900268554688,587.9439086914062,49948200
2026-04-08,608.7100219726562,609.9000244140625,602.1199951171875,606.0900268554688,605.4246826171875,63086000
2026-04-09,605.9299926757812,610.5,603.030029296875,610.1900024414062,609.5202026367188,37837500
2026-04-10,611.8400268554688,613.6699829101562,609.5800170898438,611.0700073242188,610.3992309570312,34038500
2026-04-13,609.47998046875,626.739990234375,608.1099853515625,617.3900146484375,616.7122802734375,32972100
2026-04-14,620.219970703125,628.5999755859375,620.0999755859375,628.5999755859375,627.909912109375,49921100
2026-04-15,629.0800170898438,637.8300170898438,628.2000122070312,637.4000244140625,636.7003173828125,50102400
2026-04-16,639.2100219726562,642.1799926757812,635.260009765625,640.469970703125,639.7669067382812,42320600
2026-04-17,645.5900268554688,650.0,644.0700073242188,648.8499755859375,648.1376953125,53488900
2026-04-20,648.0399780273438,648.760009765625,642.52001953125,646.7899780273438,646.0799560546875,37138500
2026-04-21,648.4099731445312,650.2000122070312,642.2100219726562,644.3300170898438,643.6226806640625,39580500
2026-04-22,650.1500244140625,655.3300170898438,648.52001953125,655.1099853515625,654.390869140625,37368400
2026-04-23,653.5499877929688,656.9199829101562,645.52001953125,651.4199829101562,650.7048950195312,40099800
2026-04-24,658.510009765625,664.510009765625,656.530029296875,663.8800048828125,663.1512451171875,45563100
2026-04-27,663.4000244140625,664.4299926757812,660.6900024414062,664.22998046875,663.5008544921875,32717000
2026-04-28,657.4099731445312,659.6400146484375,653.8099975585938,657.5499877929688,656.8281860351562,34147900
2026-04-29,658.6300048828125,661.719970703125,656.5900268554688,661.5700073242188,660.84375,31724900
2026-04-30,665.3499755859375,668.9000244140625,657.5599975585938,667.739990234375,667.0069580078125,40622200
2026-05-01,669.1599731445312,675.969970703125,668.7999877929688,674.1500244140625,673.4099731445312,39172600
2026-05-04,674.6599731445312,676.72998046875,668.9000244140625,672.8800048828125,672.141357421875,34542000
2026-05-05,677.9600219726562,682.77001953125,677.510009765625,681.6099853515625,680.8617553710938,37101100
2026-05-06,687.780029296875,695.9299926757812,686.47998046875,695.77001953125,695.0062255859375,38778500
2026-05-07,696.5800170898438,701.239990234375,691.77001953125,694.9400024414062,694.1771240234375,43779100
2026-05-08,699.9199829101562,711.22998046875,699.5,711.22998046875,710.44921875,44320400
2026-05-11,710.3599853515625,714.5900268554688,708.9099731445312,713.2899780273438,712.5069580078125,36019100
2026-05-12,708.219970703125,710.1799926757812,696.6400146484375,707.239990234375,706.463623046875,45873000
2026-05-13,709.9600219726562,716.6500244140625,704.8300170898438,714.7100219726562,713.9254760742188,40012500
2026-05-14,714.6199951171875,722.030029296875,714.219970703125,719.7899780273438,718.9998168945312,33327500
2026-05-15,710.1400146484375,715.1300048828125,705.5499877929688,708.9299926757812,708.1517944335938,51792700
2026-05-18,711.5399780273438,712.0700073242188,698.8499755859375,705.8800048828125,705.1051025390625,49834500
2026-05-19,699.8099975585938,706.489990234375,695.25,701.530029296875,700.7599487304688,46827500
2026-05-20,705.2899780273438,713.1500244140625,703.7899780273438,713.1500244140625,712.3671875,36779200
2026-05-21,708.989990234375,717.1199951171875,706.77001953125,714.510009765625,713.7256469726562,36415400
2026-05-22,718.0700073242188,722.1199951171875,715.9500122070312,717.5399780273438,716.7523193359375,33118600
2026-05-26,725.9600219726562,731.1699829101562,724.1599731445312,730.280029296875,729.4783935546875,34254700
2026-05-27,732.9600219726562,733.3200073242188,725.4400024414062,729.4500122070312,728.6492919921875,35148700
2026-05-28,729.72998046875,736.5999755859375,726.4099731445312,735.5999755859375,734.79248046875,32840000
2026-05-29,737.8400268554688,741.6300048828125,735.25,738.3099975585938,737.49951171875,37541700
2026-06-01,737.0399780273438,745.6500244140625,735.989990234375,742.739990234375,741.9246826171875,33890600
2026-06-02,742.4000244140625,746.4400024414062,739.22998046875,746.1599731445312,745.3408813476562,30085200
2026-06-03,747.3099975585938,748.6500244140625,741.010009765625,744.2100219726562,743.39306640625,40270200
2026-06-04,735.47998046875,743.5,732.6199951171875,740.6099853515625,739.7969970703125,40782600
2026-06-05,730.0599975585938,731.6900024414062,704.3200073242188,705.0599975585938,704.2860107421875,99606600
2026-06-08,717.8099975585938,723.030029296875,713.0700073242188,716.0700073242188,715.283935546875,47401500
2026-06-09,722.97998046875,725.6599731445312,686.3699951171875,707.8300170898438,707.052978515625,91932200
2026-06-10,701.6599731445312,711.280029296875,692.9299926757812,693.6900024414062,692.9285278320312,65334300
2026-06-11,699.2899780273438,718.3699951171875,695.0,717.1199951171875,716.332763671875,71798900
2026-06-12,717.6099853515625,724.010009765625,711.280029296875,721.3400268554688,720.5481567382812,51168400
2026-06-15,738.0999755859375,744.760009765625,737.3800048828125,744.0,743.1832885742188,46710200
2026-06-16,742.25,744.219970703125,729.6400146484375,729.8599853515625,729.0587768554688,45348700
2026-06-17,735.1900024414062,735.6799926757812,720.8499755859375,722.510009765625,721.7168579101562,51669300
2026-06-18,737.2000122070312,741.8200073242188,732.510009765625,740.6199951171875,739.8070068359375,50154600
2026-06-22,742.02001953125,745.4500122070312,734.3900146484375,737.9500122070312,737.9500122070312,43518600
2026-06-23,715.739990234375,723.6099853515625,712.1099853515625,713.6500244140625,713.6500244140625,53354200
2026-06-24,715.3699951171875,719.9299926757812,704.4500122070312,710.6199951171875,710.6199951171875,52480400
2026-06-25,725.9000244140625,726.8300170898438,705.2999877929688,716.3800048828125,716.3800048828125,49668000
2026-06-26,707.1300048828125,715.5599975585938,702.8099975585938,706.52001953125,706.52001953125,47081800
2026-06-29,713.989990234375,724.5800170898438,705.1699829101562,724.0800170898438,724.0800170898438,44939100
2026-06-30,724.1799926757812,737.6199951171875,723.9099731445312,736.4000244140625,736.4000244140625,42121800
2026-07-01,729.1900024414062,731.9199829101562,724.5999755859375,725.1699829101562,725.1699829101562,40803800
2026-07-02,725.5800170898438,730.8300170898438,707.5599975585938,712.5999755859375,712.5999755859375,50959800
2026-07-06,719.9299926757812,726.0800170898438,718.4500122070312,722.8200073242188,722.8200073242188,30220400
2026-07-07,714.1699829101562,716.3499755859375,704.9000244140625,709.4299926757812,709.4299926757812,42483100
2026-07-08,704.9500122070312,712.260009765625,700.9099731445312,711.4400024414062,711.4400024414062,35603200
2026-07-09,718.3300170898438,724.22998046875,715.1300048828125,723.280029296875,723.280029296875,33654700
2026-07-10,720.7000122070312,726.3900146484375,717.0,725.510009765625,725.510009765625,26415900
2026-07-13,717.719970703125,718.739990234375,710.0800170898438,711.739990234375,711.739990234375,36552400
2026-07-14,720.219970703125,722.2899780273438,714.3400268554688,719.6900024414062,719.6900024414062,29448100
2026-07-15,723.8499755859375,724.3599853515625,710.22998046875,717.739990234375,717.739990234375,32627600
2026-07-16,712.010009765625,713.5999755859375,702.6099853515625,705.9400024414062,705.9400024414062,39402000
2026-07-17,691.6500244140625,702.2999877929688,686.760009765625,695.3300170898438,695.3300170898438,54109300
2026-07-20,702.1599731445312,705.7999877929688,695.510009765625,696.0599975585938,696.0599975585938,29687600
2026-07-21,706.5700073242188,710.0499877929688,702.7999877929688,708.969970703125,708.969970703125,33728300
2026-07-22,703.6199951171875,709.6500244140625,703.6199951171875,705.3499755859375,705.3499755859375,23692200
2026-07-23,694.6699829101562,698.6599731445312,687.7899780273438,691.9600219726562,691.9600219726562,44028600
2026-07-24,690.4099731445312,692.6300048828125,682.47998046875,684.22998046875,684.22998046875,42876700
2026-07-27,691.6799926757812,692.2999877929688,675.9500122070312,682.1199951171875,682.1199951171875,42681500
2026-07-28,676.22998046875,679.4000244140625,667.8800048828125,675.489990234375,675.489990234375,51398700
2026-07-29,675.510009765625,680.0499877929688,661.1400146484375,661.72998046875,661.72998046875,57233300
2026-07-30,674.760009765625,685.1199951171875,673.2999877929688,683.5499877929688,683.5499877929688,66753700
2026-07-31,692.1099853515625,695.77001953125,680.0499877929688,687.989990234375,687.989990234375,50540500
2026-08-03,688.2999877929688,701.5900268554688,685.8200073242188,700.0700073242188,700.0700073242188,44965100
2026-08-04,708.1599731445312,725.6599731445312,707.530029296875,723.8499755859375,723.8499755859375,59778600
2026-08-05,726.25,728.5399780273438,716.9199829101562,717.2999877929688,717.2999877929688,33540200
2026-08-06,710.8200073242188,719.3200073242188,708.5,714.6500244140625,714.6500244140625,33035900
2026-08-07,720.1500244140625,723.6300048828125,716.510009765625,723.030029296875,723.030029296875,31070400
2026-08-10,722.3900146484375,724.6699829101562,720.3300170898438,720.8699951171875,720.8699951171875,26243200
2026-08-11,723.2899780273438,723.3499755859375,715.5,718.4500122070312,718.4500122070312,29286100
2026-08-12,727.0800170898438,727.25,722.9199829101562,723.7000122070312,723.7000122070312,29066000
2026-08-13,725.1500244140625,733.9600219726562,724.030029296875,732.0700073242188,732.0700073242188,31599700
2026-08-14,733.4099731445312,734.3900146484375,728.3200073242188,731.0700073242188,731.0700073242188,23790600
2026-08-17,732.9500122070312,734.5800170898438,729.27001953125,729.8699951171875,729.8699951171875,26452600
2026-08-18,720.2100219726562,722.1300048828125,715.9199829101562,717.510009765625,717.510009765625,48997200
2026-08-19,720.3900146484375,721.5,712.6099853515625,716.0800170898438,716.0800170898438,35801700
2026-08-20,712.0900268554688,714.9400024414062,708.52001953125,710.9299926757812,710.9299926757812,33396400
2026-08-21,715.22998046875,715.6699829101562,709.2000122070312,713.4400024414062,713.4400024414062,33399400
2026-08-24,709.6599731445312,709.7899780273438,702.7000122070312,706.3200073242188,706.3200073242188,37443100
2026-08-25,711.219970703125,714.0399780273438,707.4500122070312,710.719970703125,710.719970703125,23869600
2026-08-26,708.4099731445312,713.02001953125,707.969970703125,711.3699951171875,711.3699951171875,20392400
2026-08-27,716.9299926757812,721.3499755859375,714.530029296875,721.1099853515625,721.1099853515625,28723500
2026-08-28,719.739990234375,724.1300048828125,715.0900268554688,716.4299926757812,716.4299926757812,34105400
2026-08-31,715.1699829101562,717.5800170898438,713.1599731445312,716.760009765625,716.760009765625,32237200
2026-09-01,707.3900146484375,712.2999877929688,704.6599731445312,707.6400146484375,707.6400146484375,35236100
2026-09-02,707.0999755859375,709.7999877929688,705.0999755859375,709.239990234375,709.239990234375,23476200
2026-09-03,710.8499755859375,718.9199829101562,709.6900024414062,717.6699829101562,717.6699829101562,29449800
2026-09-04,719.3499755859375,721.8599853515625,716.5599975585938,718.9600219726562,718.9600219726562,32871100
2026-09-08,720.9099731445312,721.8900146484375,715.5700073242188,718.3599853515625,718.3599853515625,28341400
2026-09-09,716.4000244140625,719.7000122070312,714.02001953125,716.3099975585938,716.3099975585938,26763400
2026-09-10,707.5499877929688,712.0599975585938,706.8599853515625,708.6900024414062,708.6900024414062,31414400
2026-09-11,715.6799926757812,717.6300048828125,713.6300048828125,714.8800048828125,714.8800048828125,26598700
