date,open,high,low,close,adj_close,volume
2006-02-06,16.5,16.5,16.399999618530273,16.416667938232422,15.522414207458496,36600
2006-02-07,16.469999313354492,16.520000457763672,16.366666793823242,16.366666793823242,15.475141525268555,16500
2006-02-08,16.34000015258789,16.360000610351562,16.266666412353516,16.360000610351562,15.468833923339844,1500
2006-02-09,16.549999237060547,16.72333335876465,16.51333236694336,16.51333236694336,15.613808631896973,36300
2006-02-10,16.399999618530273,16.559999465942383,16.329999923706055,16.559999465942383,15.657938003540039,16200
2006-02-13,16.40999984741211,16.40999984741211,16.316667556762695,16.32666778564453,15.437320709228516,118800
2006-02-14,16.459999084472656,16.479999542236328,16.459999084472656,16.479999542236328,15.582301139831543,600
2006-02-15,16.64666748046875,16.989999771118164,16.64666748046875,16.90333366394043,15.98257064819336,19800
2006-02-16,17.123332977294922,17.200000762939453,17.09666633605957,17.200000762939453,16.263076782226562,3600
2006-02-17,17.25,17.25666618347168,17.206666946411133,17.229999542236328,16.29143714904785,76500
2006-02-21,17.233333587646484,17.233333587646484,16.926666259765625,16.956666946411133,16.032997131347656,219300
2006-02-22,17.136667251586914,17.31999969482422,17.126667022705078,17.31999969482422,16.376541137695312,7200
2006-02-23,17.25,17.389999389648438,17.25,17.363332748413086,16.417516708374023,63600
2006-02-24,17.416667938232422,17.69333267211914,17.40999984741211,17.69333267211914,16.729534149169922,172800
2006-02-27,18.0,18.143333435058594,17.889999389648438,18.116666793823242,17.12981605529785,104400
2006-02-28,18.0,18.0,17.700000762939453,17.71666717529297,16.751602172851562,13200
2006-03-01,17.873332977294922,17.963333129882812,17.65999984741211,17.940000534057617,16.962772369384766,54900
2006-03-02,17.933332443237305,17.93666648864746,17.766666412353516,17.93666648864746,16.95961570739746,64200
2006-03-03,17.933332443237305,17.953332901000977,17.80666732788086,17.856666564941406,16.883974075317383,102300
2006-03-06,17.78333282470703,17.836666107177734,17.623332977294922,17.733333587646484,16.767358779907227,215400
2006-03-07,17.496667861938477,17.549999237060547,17.35333251953125,17.383333206176758,16.43642807006836,428100
2006-03-08,17.366666793823242,17.706666946411133,17.22333335876465,17.67333221435547,16.710628509521484,839400
2006-03-09,17.60333251953125,17.60333251953125,17.406667709350586,17.420000076293945,16.471097946166992,14100
2006-03-10,17.30666732788086,17.56333351135254,17.30666732788086,17.373332977294922,16.426971435546875,26100
2006-03-13,17.53333282470703,17.59000015258789,17.333332061767578,17.333332061767578,16.389141082763672,50100
2006-03-14,17.366666793823242,17.366666793823242,17.25,17.316667556762695,16.373395919799805,170700
2006-03-15,17.386667251586914,17.426666259765625,17.366666793823242,17.426666259765625,16.477394104003906,4500
2006-03-16,17.633333206176758,17.636667251586914,17.399999618530273,17.399999618530273,16.45218276977539,43500
2006-03-17,17.316667556762695,17.366666793823242,17.299999237060547,17.356666564941406,16.411211013793945,9600
2006-03-20,17.273332595825195,17.420000076293945,17.226667404174805,17.290000915527344,16.348173141479492,8100
2006-03-21,17.14666748046875,17.260000228881836,16.93666648864746,16.97333335876465,16.04875946044922,134700
2006-03-22,16.766666412353516,16.979999542236328,16.59666633605957,16.97333335876465,16.04875946044922,13200
2006-03-23,17.03333282470703,17.03333282470703,16.809999465942383,16.906667709350586,15.98572826385498,101400
2006-03-24,16.796667098999023,16.796667098999023,16.666667938232422,16.733333587646484,15.821830749511719,300000
2006-03-27,16.719999313354492,16.719999313354492,16.649999618530273,16.676666259765625,15.768247604370117,139200
2006-03-28,16.639999389648438,16.706666946411133,16.56333351135254,16.56333351135254,15.661093711853027,24900
2006-03-29,16.56333351135254,16.74333381652832,16.56333351135254,16.71666717529297,15.806070327758789,62400
2006-03-30,16.733333587646484,16.799999237060547,16.690000534057617,16.746667861938477,15.834443092346191,17100
2006-03-31,16.82666778564453,16.82666778564453,16.690000534057617,16.75666618347168,15.843891143798828,18000
2006-04-03,16.75666618347168,16.75666618347168,16.496667861938477,16.50666618347168,15.607512474060059,87300
2006-04-04,16.46666717529297,16.57666778564453,16.46666717529297,16.516666412353516,15.616964340209961,33600
2006-04-05,16.583332061767578,16.583332061767578,16.42333221435547,16.46666717529297,15.569696426391602,26100
2006-04-06,16.28333282470703,16.293333053588867,16.1299991607666,16.190000534057617,15.30809211730957,14700
2006-04-07,16.260000228881836,16.260000228881836,15.936667442321777,15.970000267028809,15.100080490112305,12300
2006-04-10,15.986666679382324,15.986666679382324,15.876667022705078,15.890000343322754,15.02443790435791,20700
2006-04-11,15.973333358764648,15.973333358764648,15.5600004196167,15.583333015441895,14.734471321105957,71700
2006-04-12,15.649999618530273,15.84000015258789,15.649999618530273,15.800000190734863,14.939338684082031,57300
2006-04-13,15.873332977294922,16.01333236694336,15.873332977294922,16.01333236694336,15.141047477722168,5400
2006-04-17,16.00666618347168,16.040000915527344,15.729999542236328,15.876667022705078,15.011831283569336,37500
2006-04-18,15.880000114440918,16.19333267211914,15.880000114440918,16.176666259765625,15.295483589172363,74400
2006-04-19,16.176666259765625,16.190000534057617,16.073333740234375,16.190000534057617,15.30809211730957,100800
2006-04-20,16.1299991607666,16.21666717529297,16.116666793823242,16.15999984741211,15.279730796813965,64800
2006-04-21,16.06999969482422,16.06999969482422,15.933333396911621,15.9399995803833,15.071711540222168,9900
2006-04-24,15.926667213439941,15.933333396911621,15.793333053588867,15.930000305175781,15.062256813049316,12600
2006-04-25,15.946666717529297,16.02666664123535,15.796667098999023,15.866666793823242,15.002373695373535,88800
2006-04-26,15.933333396911621,15.933333396911621,15.646666526794434,15.716667175292969,14.860543251037598,107700
2006-04-27,15.616666793823242,16.07666778564453,15.616666793823242,15.963333129882812,15.093774795532227,27600
2006-04-28,15.880000114440918,16.046667098999023,15.880000114440918,15.930000305175781,15.062256813049316,11400
2006-05-01,16.003332138061523,16.023332595825195,15.763333320617676,15.763333320617676,14.904666900634766,56100
2006-05-02,15.783332824707031,15.783332824707031,15.479999542236328,15.529999732971191,14.68404769897461,18600
2006-05-03,15.453332901000977,15.489999771118164,15.386667251586914,15.489999771118164,14.646224975585938,15300
2006-05-04,15.516667366027832,15.706666946411133,15.516667366027832,15.699999809265137,14.844785690307617,162900
2006-05-05,15.733332633972168,15.933333396911621,15.733332633972168,15.933333396911621,15.065406799316406,12300
2006-05-08,15.983332633972168,15.983332633972168,15.893333435058594,15.936667442321777,15.068561553955078,10500
2006-05-09,15.869999885559082,15.869999885559082,15.773332595825195,15.796667098999023,14.936186790466309,15600
2006-05-10,15.733332633972168,15.733332633972168,15.59000015258789,15.623332977294922,14.772295951843262,9600
2006-05-11,15.493332862854004,15.493332862854004,15.316666603088379,15.34333324432373,14.507546424865723,14700
2006-05-12,15.183333396911621,15.210000038146973,15.09000015258789,15.203332901000977,14.37517261505127,22200
2006-05-15,15.176667213439941,15.210000038146973,15.126667022705078,15.126667022705078,14.302685737609863,2100
2006-05-16,15.063332557678223,15.063332557678223,14.84000015258789,14.856666564941406,14.047389030456543,21900
2006-05-17,14.8100004196167,14.863332748413086,14.55666732788086,14.55666732788086,13.763733863830566,96000
2006-05-18,14.66333293914795,14.696666717529297,14.313332557678223,14.33666706085205,13.555719375610352,12900
2006-05-19,14.346667289733887,14.430000305175781,14.256667137145996,14.383333206176758,13.599838256835938,15000
2006-05-22,14.383333206176758,14.460000038146973,14.223333358764648,14.329999923706055,13.54941177368164,6300
2006-05-23,14.366666793823242,14.463333129882812,14.176667213439941,14.176667213439941,13.404433250427246,19500
2006-05-24,14.15666675567627,14.316666603088379,13.923333168029785,14.316666603088379,13.536805152893066,5700
2006-05-25,14.446666717529297,14.606666564941406,14.446666717529297,14.606666564941406,13.811006546020508,114300
2006-05-26,14.856666564941406,15.026666641235352,14.823332786560059,15.016667366027832,14.198675155639648,511500
2006-05-30,15.006667137145996,15.006667137145996,14.80666732788086,14.80666732788086,14.000114440917969,298200
2006-05-31,14.896666526794434,14.976667404174805,14.863332748413086,14.976667404174805,14.16085433959961,15900
2006-06-01,15.020000457763672,15.16333293914795,15.020000457763672,15.15999984741211,14.33420181274414,12300
2006-06-02,15.399999618530273,15.399999618530273,15.260000228881836,15.323332786560059,14.488635063171387,19800
2006-06-05,15.239999771118164,15.239999771118164,14.803333282470703,14.803333282470703,13.99696159362793,8100
2006-06-06,14.666666984558105,14.833333015441895,14.666666984558105,14.833333015441895,14.02532958984375,9900
2006-06-07,14.916666984558105,15.136667251586914,14.916666984558105,14.926667213439941,14.113576889038086,12000
2006-06-08,14.816666603088379,14.960000038146973,14.600000381469727,14.946666717529297,14.132487297058105,21600
2006-06-09,14.953332901000977,15.130000114440918,14.789999961853027,14.826666831970215,14.019022941589355,11700
2006-06-12,14.883333206176758,14.883333206176758,14.55666732788086,14.55666732788086,13.763733863830566,6900
2006-06-13,14.353333473205566,14.59333324432373,14.25333309173584,14.273332595825195,13.495832443237305,150600
2006-06-14,14.333333015441895,14.420000076293945,14.25333309173584,14.356666564941406,13.574627876281738,43800
2006-06-15,14.533332824707031,14.793333053588867,14.513333320617676,14.786666870117188,13.981204986572266,6600
2006-06-16,14.766667366027832,14.766667366027832,14.653332710266113,14.69333267211914,13.892953872680664,5100
2006-06-19,14.933333396911621,14.933333396911621,14.366666793823242,14.366666793823242,13.584084510803223,5700
2006-06-20,14.33666706085205,14.426667213439941,14.33666706085205,14.34333324432373,13.56202220916748,246600
2006-06-21,14.58666706085205,14.58666706085205,14.58666706085205,14.58666706085205,13.79210090637207,300
2006-06-22,14.453332901000977,14.453332901000977,14.363332748413086,14.366666793823242,13.584084510803223,2400
2006-06-23,14.536666870117188,14.623332977294922,14.5,14.623332977294922,13.826766967773438,33600
2006-06-26,14.723333358764648,14.723333358764648,14.666666984558105,14.666666984558105,13.867738723754883,2400
2006-06-27,14.666666984558105,14.666666984558105,14.489999771118164,14.489999771118164,13.700698852539062,3300
2006-06-28,14.473333358764648,14.473333358764648,14.40666675567627,14.40666675567627,13.621904373168945,2400
2006-06-29,14.616666793823242,14.773332595825195,14.606666564941406,14.773332595825195,13.968598365783691,6300
2006-06-30,15.186667442321777,15.363332748413086,15.186667442321777,15.289999961853027,14.457117080688477,81900
2006-07-03,15.373332977294922,15.373332977294922,15.25333309173584,15.296667098999023,14.463420867919922,8100
2006-07-05,15.296667098999023,15.296667098999023,15.066666603088379,15.116666793823242,14.29322624206543,164100
2006-07-06,15.263333320617676,15.350000381469727,15.236666679382324,15.30666732788086,14.472880363464355,139800
2006-07-07,15.1899995803833,15.333333015441895,15.140000343322754,15.206666946411133,14.378324508666992,34200
2006-07-10,15.143333435058594,15.243332862854004,14.966667175292969,14.993332862854004,14.176609992980957,23400
2006-07-11,14.926667213439941,15.100000381469727,14.873332977294922,15.100000381469727,14.277470588684082,5400
2006-07-12,15.266667366027832,15.266667366027832,14.979999542236328,15.083333015441895,14.261707305908203,93600
2006-07-13,14.833333015441895,14.846667289733887,14.640000343322754,14.666666984558105,13.867738723754883,13200
2006-07-14,14.65666675567627,14.65666675567627,14.34333324432373,14.44333267211914,13.656573295593262,6300
2006-07-17,14.319999694824219,14.356666564941406,14.203332901000977,14.293333053588867,13.514741897583008,188100
2006-07-18,14.296667098999023,14.3100004196167,14.113332748413086,14.293333053588867,13.514741897583008,37500
2006-07-19,14.770000457763672,14.890000343322754,14.733332633972168,14.826666831970215,14.019022941589355,23700
2006-07-20,14.770000457763672,14.770000457763672,14.536666870117188,14.583333015441895,13.788949966430664,49800
2006-07-21,14.390000343322754,14.393333435058594,14.333333015441895,14.380000114440918,13.596689224243164,1500
2006-07-24,14.666666984558105,14.779999732971191,14.65666675567627,14.779999732971191,13.974902153015137,21900
2006-07-25,14.783332824707031,15.050000190734863,14.783332824707031,15.013333320617676,14.195523262023926,154500
2006-07-26,14.993332862854004,15.25,14.993332862854004,15.220000267028809,14.3909330368042,6300
2006-07-27,15.0,15.016667366027832,14.800000190734863,14.873332977294922,14.063151359558105,5400
2006-07-28,15.039999961853027,15.05666732788086,15.026666641235352,15.026666641235352,14.20812702178955,2400
2006-07-31,14.989999771118164,14.993332862854004,14.853333473205566,14.993332862854004,14.176609992980957,20700
2006-08-01,14.743332862854004,14.74666690826416,14.65666675567627,14.65999984741211,13.86143684387207,60600
2006-08-02,14.84000015258789,14.936667442321777,14.833333015441895,14.833333015441895,14.02532958984375,133200
2006-08-03,14.786666870117188,15.050000190734863,14.710000038146973,15.050000190734863,14.230193138122559,13500
2006-08-04,15.229999542236328,15.229999542236328,14.796667098999023,14.933333396911621,14.119881629943848,23400
2006-08-07,14.823332786560059,14.823332786560059,14.600000381469727,14.600000381469727,13.804706573486328,6600
2006-08-08,14.6899995803833,14.729999542236328,14.44333267211914,14.526666641235352,13.735365867614746,21000
2006-08-09,14.536666870117188,14.633333206176758,14.356666564941406,14.356666564941406,13.574627876281738,4800
2006-08-10,14.143333435058594,14.276666641235352,14.143333435058594,14.256667137145996,13.480073928833008,18600
2006-08-11,14.226667404174805,14.226667404174805,14.116666793823242,14.186667442321777,13.413886070251465,9300
2006-08-14,14.220000267028809,14.380000114440918,14.143333435058594,14.143333435058594,13.372912406921387,6900
2006-08-15,14.329999923706055,14.5,14.3100004196167,14.453332901000977,13.666027069091797,71400
2006-08-16,14.653332710266113,14.816666603088379,14.653332710266113,14.816666603088379,14.00957202911377,11400
2006-08-17,14.826666831970215,15.039999961853027,14.826666831970215,15.013333320617676,14.195523262023926,34800
2006-08-18,14.916666984558105,15.00333309173584,14.869999885559082,15.00333309173584,14.186066627502441,13500
2006-08-21,14.880000114440918,14.973333358764648,14.880000114440918,14.946666717529297,14.132487297058105,17100
2006-08-22,14.9399995803833,15.013333320617676,14.819999694824219,14.91333293914795,14.100967407226562,27900
2006-08-23,14.973333358764648,14.973333358764648,14.83666706085205,14.966667175292969,14.151398658752441,20100
2006-08-24,15.083333015441895,15.083333015441895,14.886667251586914,14.9399995803833,14.12618350982666,15300
2006-08-25,14.983332633972168,15.136667251586914,14.983332633972168,15.063332557678223,14.2427978515625,168000
2006-08-28,15.109999656677246,15.333333015441895,15.109999656677246,15.293333053588867,14.460271835327148,12000
2006-08-29,15.276666641235352,15.493332862854004,15.276666641235352,15.493332862854004,14.649375915527344,4200
2006-08-30,15.5,15.566666603088379,15.486666679382324,15.5,14.655680656433105,173400
2006-08-31,15.566666603088379,15.573332786560059,15.5,15.5,14.655680656433105,39300
2006-09-01,15.5,15.59333324432373,15.5,15.579999923706055,14.731324195861816,3000
2006-09-05,15.583333015441895,15.65999984741211,15.573332786560059,15.613332748413086,14.762839317321777,15000
2006-09-06,15.466667175292969,15.466667175292969,15.196666717529297,15.196666717529297,14.36886978149414,39000
2006-09-07,14.899999618530273,15.033332824707031,14.850000381469727,14.983332633972168,14.167159080505371,6000
2006-09-08,15.0,15.0600004196167,14.963333129882812,15.039999961853027,14.220739364624023,3300
2006-09-11,14.953332901000977,14.970000267028809,14.850000381469727,14.963333129882812,14.14824390411377,4500
2006-09-12,14.899999618530273,15.15999984741211,14.899999618530273,15.09333324432373,14.271166801452637,88200
2006-09-13,15.08666706085205,15.19333267211914,15.083333015441895,15.19333267211914,14.365718841552734,82200
2006-09-14,15.140000343322754,15.213333129882812,15.136667251586914,15.19333267211914,14.365718841552734,3300
2006-09-15,15.210000038146973,15.210000038146973,15.09000015258789,15.19333267211914,14.365718841552734,14100
2006-09-18,15.133333206176758,15.24666690826416,15.133333206176758,15.166666984558105,14.340503692626953,7500
2006-09-19,15.133333206176758,15.133333206176758,14.873332977294922,14.923333168029785,14.110424995422363,22800
2006-09-20,15.15999984741211,15.199999809265137,15.103333473205566,15.116666793823242,14.29322624206543,14400
2006-09-21,15.126667022705078,15.153332710266113,14.926667213439941,14.989999771118164,14.17345905303955,99900
2006-09-22,14.966667175292969,14.966667175292969,14.729999542236328,14.776666641235352,13.971748352050781,84300
2006-09-25,14.776666641235352,14.956666946411133,14.653332710266113,14.896666526794434,14.085211753845215,32700
2006-09-26,14.933333396911621,14.986666679382324,14.853333473205566,14.903332710266113,14.091512680053711,15600
2006-09-27,14.930000305175781,15.109999656677246,14.916666984558105,15.063332557678223,14.2427978515625,9600
2006-09-28,15.083333015441895,15.149999618530273,15.046667098999023,15.076666831970215,14.25540542602539,8700
2006-09-29,15.136667251586914,15.293333053588867,15.133333206176758,15.1899995803833,14.362564086914062,160200
2006-10-02,15.333333015441895,15.576666831970215,15.289999961853027,15.366666793823242,14.529609680175781,20400
2006-10-03,15.313332557678223,15.390000343322754,15.313332557678223,15.333333015441895,14.498092651367188,30000
2006-10-04,15.423333168029785,15.723333358764648,15.423333168029785,15.66333293914795,14.810115814208984,20100
2006-10-05,15.633333206176758,15.869999885559082,15.633333206176758,15.859999656677246,14.996070861816406,10500
2006-10-06,15.933333396911621,16.059999465942383,15.923333168029785,15.979999542236328,15.109532356262207,19500
2006-10-09,16.03333282470703,16.200000762939453,15.99666690826416,16.200000762939453,15.317553520202637,24000
2006-10-10,16.176666259765625,16.213333129882812,16.003332138061523,16.093332290649414,15.216693878173828,90000
2006-10-11,16.066667556762695,16.113332748413086,15.920000076293945,15.960000038146973,15.090621948242188,39000
2006-10-12,16.166667938232422,16.21666717529297,16.09000015258789,16.21666717529297,15.333311080932617,63000
2006-10-13,16.18000030517578,16.280000686645508,16.18000030517578,16.27666664123535,15.390036582946777,8400
2006-10-16,16.260000228881836,16.35333251953125,16.260000228881836,16.343332290649414,15.453070640563965,1500
2006-10-17,16.426666259765625,16.573333740234375,16.399999618530273,16.483333587646484,15.58545207977295,219600
2006-10-18,16.706666946411133,16.706666946411133,16.546667098999023,16.6200008392334,15.714675903320312,36600
2006-10-19,16.60333251953125,16.700000762939453,16.60333251953125,16.700000762939453,15.790311813354492,34800
2006-10-20,16.733333587646484,16.733333587646484,16.5,16.600000381469727,15.695760726928711,56700
2006-10-23,16.456666946411133,16.636667251586914,16.456666946411133,16.626667022705078,15.720976829528809,134100
2006-10-24,16.6299991607666,16.636667251586914,16.43666648864746,16.530000686645508,15.629576683044434,24300
2006-10-25,16.483333587646484,16.496667861938477,16.27666664123535,16.44333267211914,15.547627449035645,71700
2006-10-26,16.583332061767578,16.726667404174805,16.453332901000977,16.71666717529297,15.806070327758789,16500
2006-10-27,16.78333282470703,17.030000686645508,16.780000686645508,16.876667022705078,15.957362174987793,20100
2006-10-30,16.883333206176758,16.883333206176758,16.703332901000977,16.843332290649414,15.925841331481934,30000
2006-10-31,16.883333206176758,16.983333587646484,16.809999465942383,16.899999618530273,15.979416847229004,84300
2006-11-01,16.933332443237305,16.933332443237305,16.643333435058594,16.67333221435547,15.765095710754395,11700
2006-11-02,16.53333282470703,16.593332290649414,16.476667404174805,16.56999969482422,15.667398452758789,43200
2006-11-03,16.613332748413086,16.613332748413086,16.393333435058594,16.566667556762695,15.664246559143066,14100
2006-11-06,16.739999771118164,16.863332748413086,16.666667938232422,16.816667556762695,15.900625228881836,10200
2006-11-07,16.89666748046875,17.09666633605957,16.850000381469727,17.01333236694336,16.086580276489258,86400
2006-11-08,16.89666748046875,17.06999969482422,16.84666633605957,16.976667404174805,16.051910400390625,31800
2006-11-09,16.976667404174805,16.976667404174805,16.60333251953125,16.636667251586914,15.730428695678711,47700
2006-11-10,16.649999618530273,16.850000381469727,16.583332061767578,16.836666107177734,15.919535636901855,47400
2006-11-13,16.850000381469727,16.94333267211914,16.850000381469727,16.94333267211914,16.0203857421875,25200
2006-11-14,16.883333206176758,17.049999237060547,16.780000686645508,17.049999237060547,16.121248245239258,30600
2006-11-15,17.066667556762695,17.219999313354492,17.066667556762695,17.14666748046875,16.212650299072266,12000
2006-11-16,17.229999542236328,17.286666870117188,17.219999313354492,17.26333236694336,16.322959899902344,10200
2006-11-17,17.266666412353516,17.39666748046875,17.239999771118164,17.389999389648438,16.442724227905273,23100
2006-11-20,17.376667022705078,17.376667022705078,17.25666618347168,17.25666618347168,16.3166561126709,12600
2006-11-21,17.233333587646484,17.25666618347168,17.14666748046875,17.149999618530273,16.215797424316406,22500
2006-11-22,17.1200008392334,17.139999389648438,17.073333740234375,17.110000610351562,16.177978515625,9000
2006-11-24,16.989999771118164,17.139999389648438,16.989999771118164,17.139999389648438,16.206342697143555,6900
2006-11-27,17.00666618347168,17.00666618347168,16.733333587646484,16.73666763305664,15.82498550415039,74100
2006-11-28,16.71666717529297,16.719999313354492,16.6200008392334,16.623332977294922,15.717827796936035,11100
2006-11-29,16.833332061767578,16.906667709350586,16.77666664123535,16.866666793823242,15.947900772094727,10500
2006-11-30,16.950000762939453,16.96666717529297,16.81999969482422,16.836666107177734,15.919535636901855,14100
2006-12-01,16.799999237060547,16.799999237060547,16.64666748046875,16.760000228881836,15.847043991088867,6600
2006-12-04,16.799999237060547,17.023332595825195,16.799999237060547,16.969999313354492,16.045602798461914,10800
2006-12-05,17.03333282470703,17.079999923706055,16.94333267211914,17.01333236694336,16.086580276489258,168300
2006-12-06,17.09666633605957,17.100000381469727,17.0,17.046667098999023,16.118099212646484,33300
2006-12-07,17.113332748413086,17.113332748413086,16.953332901000977,16.953332901000977,16.029844284057617,9900
2006-12-08,16.883333206176758,17.123332977294922,16.829999923706055,16.989999771118164,16.064510345458984,23100
2006-12-11,16.46666717529297,16.5,16.393333435058594,16.416667938232422,15.522414207458496,402600
2006-12-12,16.450000762939453,16.450000762939453,16.136667251586914,16.219999313354492,15.336461067199707,126900
2006-12-13,16.183332443237305,16.206666946411133,16.020000457763672,16.043333053588867,15.169419288635254,105600
2006-12-14,16.066667556762695,16.206666946411133,16.066667556762695,16.07666778564453,15.200933456420898,8400
2006-12-15,16.25,16.25,16.126667022705078,16.156667709350586,15.276576042175293,20400
2006-12-18,16.166667938232422,16.229999542236328,15.976667404174805,15.993332862854004,15.122138023376465,89700
2006-12-19,15.933333396911621,16.06333351135254,15.886667251586914,15.973333358764648,15.103233337402344,17700
2006-12-20,15.976667404174805,16.06333351135254,15.976667404174805,15.99666690826416,15.125292778015137,24600
2006-12-21,16.053333282470703,16.053333282470703,15.846667289733887,15.899999618530273,15.033888816833496,136800
2006-12-22,15.833333015441895,15.873332977294922,15.75,15.8100004196167,14.948790550231934,98700
2006-12-26,15.356666564941406,15.466667175292969,15.263333320617676,15.396666526794434,14.557976722717285,18000
2006-12-27,15.5,15.550000190734863,15.396666526794434,15.433333396911621,14.592641830444336,13500
2006-12-28,15.449999809265137,15.456666946411133,15.353333473205566,15.399999618530273,14.561129570007324,33000
2006-12-29,15.350000381469727,15.420000076293945,15.350000381469727,15.380000114440918,14.542219161987305,57000
2007-01-03,15.466667175292969,15.523332595825195,15.043333053588867,15.236666679382324,14.406692504882812,72000
2007-01-04,15.316666603088379,15.566666603088379,15.233332633972168,15.546667098999023,14.69980239868164,34200
2007-01-05,15.44333267211914,15.603333473205566,15.44333267211914,15.539999961853027,14.693501472473145,55800
2007-01-08,15.5,15.59333324432373,15.463333129882812,15.59000015258789,14.740778923034668,56100
2007-01-09,15.583333015441895,15.640000343322754,15.493332862854004,15.633333206176758,14.78174877166748,134400
2007-01-10,15.583333015441895,15.783332824707031,15.566666603088379,15.766667366027832,14.907824516296387,169500
2007-01-11,15.816666603088379,16.046667098999023,15.816666603088379,16.046667098999023,15.172567367553711,70500
2007-01-12,16.100000381469727,16.290000915527344,16.083332061767578,16.290000915527344,15.402647972106934,76200
2007-01-16,16.35333251953125,16.366666793823242,16.286666870117188,16.296667098999023,15.408954620361328,28200
2007-01-17,16.28333282470703,16.383333206176758,16.260000228881836,16.32666778564453,15.437320709228516,191700
2007-01-18,16.333332061767578,16.333332061767578,16.123332977294922,16.15333366394043,15.273426055908203,57900
2007-01-19,16.133333206176758,16.21666717529297,16.093332290649414,16.166667938232422,15.286036491394043,69600
2007-01-22,16.183332443237305,16.18666648864746,16.0,16.0,15.128442764282227,40200
2007-01-23,15.966667175292969,16.02666664123535,15.866666793823242,15.890000343322754,15.02443790435791,356100
2007-01-24,15.923333168029785,16.046667098999023,15.923333168029785,16.043333053588867,15.169419288635254,497700
2007-01-25,16.049999237060547,16.049999237060547,15.803333282470703,15.826666831970215,14.964554786682129,385800
2007-01-26,15.729999542236328,15.8100004196167,15.649999618530273,15.786666870117188,14.926733016967773,108900
2007-01-29,15.776666641235352,15.896666526794434,15.776666641235352,15.863332748413086,14.999223709106445,31500
2007-01-30,15.869999885559082,15.983332633972168,15.869999885559082,15.963333129882812,15.093774795532227,12300
2007-01-31,15.949999809265137,15.986666679382324,15.800000190734863,15.926667213439941,15.059104919433594,42000
2007-02-01,16.066667556762695,16.079999923706055,15.936667442321777,16.023332595825195,15.150506019592285,55200
2007-02-02,16.010000228881836,16.049999237060547,15.933333396911621,15.960000038146973,15.090621948242188,14400
2007-02-05,16.0,16.0,15.84000015258789,15.890000343322754,15.02443790435791,35100
2007-02-06,15.90666675567627,15.90666675567627,15.779999732971191,15.863332748413086,14.999223709106445,45300
2007-02-07,15.90999984741211,16.020000457763672,15.850000381469727,15.986666679382324,15.115837097167969,123300
2007-02-08,15.986666679382324,16.110000610351562,15.986666679382324,16.093332290649414,15.216693878173828,120000
2007-02-09,16.126667022705078,16.126667022705078,15.899999618530273,15.94333267211914,15.07486343383789,86700
2007-02-12,16.100000381469727,16.413333892822266,16.066667556762695,16.350000381469727,15.459378242492676,582300
2007-02-13,16.49333381652832,16.59000015258789,16.453332901000977,16.5,15.601204872131348,186300
2007-02-14,16.549999237060547,16.6299991607666,16.520000457763672,16.52666664123535,15.626418113708496,70500
2007-02-15,16.503332138061523,16.50666618347168,16.373332977294922,16.456666946411133,15.560235023498535,117600
2007-02-16,16.516666412353516,16.606666564941406,16.42333221435547,16.606666564941406,15.702062606811523,29100
2007-02-20,16.56333351135254,16.75666618347168,16.426666259765625,16.75,15.837583541870117,475800
2007-02-21,16.69333267211914,16.713333129882812,16.59666633605957,16.69333267211914,15.784014701843262,171900
2007-02-22,16.746667861938477,16.766666412353516,16.649999618530273,16.75666618347168,15.843891143798828,21900
2007-02-23,16.713333129882812,16.753332138061523,16.610000610351562,16.739999771118164,15.828136444091797,75600
2007-02-26,16.766666412353516,16.78333282470703,16.690000534057617,16.700000762939453,15.790311813354492,54000
2007-02-27,16.440000534057617,16.483333587646484,15.953332901000977,16.03333282470703,15.159960746765137,114300
2007-02-28,16.03333282470703,16.21666717529297,15.916666984558105,16.05666732788086,15.182026863098145,285300
2007-03-01,15.603333473205566,15.880000114440918,15.493332862854004,15.796667098999023,14.936186790466309,57000
2007-03-02,15.729999542236328,15.739999771118164,15.386667251586914,15.40999984741211,14.570581436157227,75000
2007-03-05,15.123332977294922,15.55666732788086,15.123332977294922,15.273332595825195,14.441362380981445,251100
2007-03-06,15.399999618530273,15.489999771118164,15.25,15.460000038146973,14.617859840393066,62400
2007-03-07,15.40999984741211,15.479999542236328,15.373332977294922,15.399999618530273,14.561129570007324,84300
2007-03-08,15.566666603088379,15.603333473205566,15.460000038146973,15.463333129882812,14.621011734008789,69600
2007-03-09,15.616666793823242,15.630000114440918,15.386667251586914,15.486666679382324,14.643073081970215,27900
2007-03-12,15.55666732788086,15.636667251586914,15.546667098999023,15.613332748413086,14.762839317321777,270300
2007-03-13,15.5,15.603333473205566,15.316666603088379,15.316666603088379,14.482331275939941,48300
2007-03-14,15.279999732971191,15.396666526794434,15.09000015258789,15.383333206176758,14.545367240905762,265800
2007-03-15,15.40666675567627,15.44333267211914,15.383333206176758,15.420000076293945,14.580041885375977,13500
2007-03-16,15.333333015441895,15.420000076293945,15.293333053588867,15.329999923706055,14.494939804077148,25800
2007-03-19,15.399999618530273,15.5,15.366666793823242,15.426667213439941,14.586341857910156,18600
2007-03-20,15.456666946411133,15.563332557678223,15.386667251586914,15.543333053588867,14.696654319763184,169200
2007-03-21,15.553333282470703,15.869999885559082,15.553333282470703,15.869999885559082,15.005522727966309,36600
2007-03-22,15.90666675567627,15.953332901000977,15.84000015258789,15.886667251586914,15.021286010742188,24300
2007-03-23,15.983332633972168,15.99666690826416,15.876667022705078,15.956666946411133,15.087472915649414,130500
2007-03-26,16.030000686645508,16.066667556762695,15.876667022705078,15.956666946411133,15.087472915649414,183900
2007-03-27,16.03333282470703,16.049999237060547,15.933333396911621,15.953332901000977,15.084320068359375,11700
2007-03-28,15.91333293914795,15.983332633972168,15.833333015441895,15.933333396911621,15.065406799316406,21000
2007-03-29,16.0,16.003332138061523,15.833333015441895,15.926667213439941,15.059104919433594,62100
2007-03-30,16.166667938232422,16.166667938232422,16.010000228881836,16.083332061767578,15.207234382629395,83700
2007-04-02,16.233333587646484,16.233333587646484,16.09666633605957,16.149999618530273,15.270270347595215,4200
2007-04-03,16.25,16.356666564941406,16.219999313354492,16.309999465942383,15.421555519104004,33900
2007-04-04,16.399999618530273,16.406667709350586,16.32666778564453,16.39666748046875,15.50350570678711,185700
2007-04-05,16.43000030517578,16.666667938232422,16.43000030517578,16.649999618530273,15.743034362792969,59100
2007-04-09,16.67333221435547,16.700000762939453,16.600000381469727,16.696666717529297,15.787162780761719,56400
2007-04-10,16.713333129882812,16.829999923706055,16.643333435058594,16.643333435058594,15.736734390258789,85800
2007-04-11,16.559999465942383,16.559999465942383,16.420000076293945,16.549999237060547,15.648480415344238,22800
2007-04-12,16.626667022705078,16.92333221435547,16.573333740234375,16.92333221435547,16.001482009887695,60300
2007-04-13,16.96666717529297,17.049999237060547,16.913333892822266,17.049999237060547,16.121248245239258,24900
2007-04-16,17.123332977294922,17.203332901000977,17.10333251953125,17.203332901000977,16.2662296295166,81300
2007-04-17,17.203332901000977,17.206666946411133,17.116666793823242,17.15999984741211,16.22525405883789,147300
2007-04-18,17.166667938232422,17.166667938232422,17.1299991607666,17.15999984741211,16.22525405883789,5400
2007-04-19,17.053333282470703,17.253332138061523,17.016666412353516,17.136667251586914,16.20319366455078,128100
2007-04-20,17.333332061767578,17.3700008392334,17.239999771118164,17.31333351135254,16.370241165161133,22500
2007-04-23,17.600000381469727,17.75666618347168,17.566667556762695,17.696666717529297,16.73268699645996,98700
2007-04-24,17.766666412353516,17.766666412353516,17.583332061767578,17.663333892822266,16.701168060302734,49200
2007-04-25,17.71666717529297,17.780000686645508,17.616666793823242,17.753332138061523,16.786272048950195,27600
2007-04-26,17.809999465942383,17.94333267211914,17.71666717529297,17.94333267211914,16.965913772583008,23700
2007-04-27,17.883333206176758,17.883333206176758,17.780000686645508,17.833332061767578,16.86191177368164,44400
2007-04-30,17.850000381469727,17.856666564941406,17.516666412353516,17.516666412353516,16.5624942779541,276600
2007-05-01,17.566667556762695,17.65333366394043,17.350000381469727,17.65333366394043,16.691715240478516,69000
2007-05-02,17.74333381652832,18.010000228881836,17.709999084472656,17.989999771118164,17.01004409790039,3477900
2007-05-03,18.016666412353516,18.016666412353516,17.926666259765625,17.933332443237305,16.95646858215332,63000
2007-05-04,17.963333129882812,17.98666763305664,17.863332748413086,17.93666648864746,16.95961570739746,44700
2007-05-07,17.983333587646484,17.98666763305664,17.916667938232422,17.916667938232422,16.940704345703125,38100
2007-05-08,17.833332061767578,17.893333435058594,17.74333381652832,17.886667251586914,16.91234016418457,339600
2007-05-09,17.799999237060547,17.89666748046875,17.760000228881836,17.89666748046875,16.921798706054688,44400
2007-05-10,17.799999237060547,17.799999237060547,17.49333381652832,17.50666618347168,16.55303955078125,314100
2007-05-11,17.503332138061523,17.829999923706055,17.5,17.829999923706055,16.85875701904297,454500
2007-05-14,17.876667022705078,17.886667251586914,17.72333335876465,17.73666763305664,16.7705135345459,140100
2007-05-15,17.71666717529297,17.916667938232422,17.636667251586914,17.663333892822266,16.701168060302734,152700
2007-05-16,17.666667938232422,17.796667098999023,17.606666564941406,17.770000457763672,16.802032470703125,99000
2007-05-17,17.793333053588867,17.793333053588867,17.610000610351562,17.663333892822266,16.701168060302734,61200
2007-05-18,17.649999618530273,17.82666778564453,17.606666564941406,17.793333053588867,16.824092864990234,150300
2007-05-21,17.773332595825195,18.016666412353516,17.770000457763672,17.906667709350586,16.931255340576172,168300
2007-05-22,17.920000076293945,18.18666648864746,17.920000076293945,18.093332290649414,17.107744216918945,176700
2007-05-23,18.143333435058594,18.26333236694336,18.03333282470703,18.03333282470703,17.0510196685791,38100
2007-05-24,18.09000015258789,18.113332748413086,17.74333381652832,17.790000915527344,16.820940017700195,41400
2007-05-25,17.790000915527344,17.866666793823242,17.753332138061523,17.856666564941406,16.883974075317383,17400
2007-05-29,17.860000610351562,18.01333236694336,17.860000610351562,17.983333587646484,17.003742218017578,27600
2007-05-30,17.93000030517578,17.976667404174805,17.850000381469727,17.976667404174805,16.9974365234375,329700
2007-05-31,18.0,18.0,17.883333206176758,17.916667938232422,16.940704345703125,417900
2007-06-01,17.933332443237305,18.06999969482422,17.933332443237305,18.049999237060547,17.066776275634766,4013400
2007-06-04,18.133333206176758,18.14666748046875,17.940000534057617,18.06333351135254,17.079381942749023,138300
2007-06-05,18.049999237060547,18.06999969482422,17.950000762939453,18.003332138061523,17.022647857666016,327600
2007-06-06,17.93000030517578,17.93000030517578,17.760000228881836,17.760000228881836,16.79257583618164,77400
2007-06-07,17.78333282470703,17.78333282470703,17.266666412353516,17.266666412353516,16.32611083984375,493800
2007-06-08,17.246667861938477,17.446666717529297,17.229999542236328,17.399999618530273,16.45218276977539,89700
2007-06-11,17.393333435058594,17.56333351135254,17.393333435058594,17.44333267211914,16.493146896362305,41700
2007-06-12,17.40333366394043,17.40333366394043,17.166667938232422,17.166667938232422,16.23155403137207,400800
2007-06-13,17.27666664123535,17.446666717529297,17.203332901000977,17.416667938232422,16.467941284179688,230400
2007-06-14,17.52666664123535,17.6200008392334,17.48666763305664,17.549999237060547,16.594013214111328,112800
2007-06-15,17.536666870117188,17.799999237060547,17.536666870117188,17.799999237060547,16.874298095703125,182400
2007-06-18,17.733333587646484,17.733333587646484,17.476667404174805,17.510000228881836,16.59938621520996,169200
2007-06-19,17.5,17.516666412353516,17.416667938232422,17.450000762939453,16.54250717163086,73500
2007-06-20,17.53333282470703,17.53333282470703,17.133333206176758,17.136667251586914,16.245464324951172,249600
2007-06-21,17.166667938232422,17.170000076293945,17.036666870117188,17.133333206176758,16.242311477661133,294000
2007-06-22,17.06999969482422,17.083332061767578,16.81999969482422,16.866666793823242,15.989507675170898,509100
2007-06-25,16.866666793823242,16.950000762939453,16.613332748413086,16.67333221435547,15.806228637695312,485700
2007-06-26,16.77666664123535,16.77666664123535,16.579999923706055,16.60333251953125,15.739869117736816,334800
2007-06-27,16.59000015258789,17.100000381469727,16.56999969482422,17.100000381469727,16.21070671081543,229200
2007-06-28,17.143333435058594,17.21666717529297,17.126667022705078,17.15999984741211,16.26758575439453,676800
2007-06-29,17.15333366394043,17.196666717529297,16.889999389648438,16.956666946411133,16.0748291015625,234300
2007-07-02,17.093332290649414,17.229999542236328,17.083332061767578,17.226667404174805,16.330781936645508,109200
2007-07-03,17.286666870117188,17.323333740234375,17.253332138061523,17.309999465942383,16.40978240966797,51600
2007-07-05,17.27666664123535,17.35333251953125,17.209999084472656,17.34000015258789,16.4382266998291,451500
2007-07-06,17.316667556762695,17.366666793823242,17.196666717529297,17.366666793823242,16.463502883911133,387300
2007-07-09,17.35333251953125,17.46666717529297,17.343332290649414,17.46666717529297,16.558292388916016,137400
2007-07-10,17.316667556762695,17.426666259765625,17.280000686645508,17.366666793823242,16.463502883911133,454800
2007-07-11,17.376667022705078,17.47333335876465,17.270000457763672,17.47333335876465,16.564624786376953,148200
2007-07-12,17.43000030517578,17.610000610351562,17.406667709350586,17.610000610351562,16.694185256958008,415500
2007-07-13,17.540000915527344,17.753332138061523,17.540000915527344,17.753332138061523,16.830062866210938,347400
2007-07-16,17.68666648864746,17.68666648864746,17.469999313354492,17.5,16.58991050720215,432000
2007-07-17,17.573333740234375,17.579999923706055,17.43666648864746,17.47333335876465,16.564624786376953,78300
2007-07-18,17.363332748413086,17.5,17.25,17.5,16.58991050720215,339300
2007-07-19,17.670000076293945,17.683332443237305,17.546667098999023,17.683332443237305,16.76369857788086,244800
2007-07-20,17.586666107177734,17.586666107177734,17.270000457763672,17.34000015258789,16.4382266998291,283800
2007-07-23,17.31999969482422,17.336666107177734,17.233333587646484,17.31333351135254,16.412946701049805,85800
2007-07-24,17.18666648864746,17.40333366394043,17.14666748046875,17.166667938232422,16.273900985717773,305100
2007-07-25,17.383333206176758,17.459999084472656,17.163333892822266,17.433332443237305,16.526702880859375,576000
2007-07-26,17.226667404174805,17.433332443237305,17.143333435058594,17.28333282470703,16.38449478149414,456000
2007-07-27,17.15999984741211,17.309999465942383,16.926666259765625,16.926666259765625,16.046375274658203,286800
2007-07-30,17.02666664123535,17.073333740234375,16.84666633605957,16.96666717529297,16.084306716918945,360900
2007-07-31,17.113332748413086,17.17333221435547,16.770000457763672,16.770000457763672,15.897870063781738,339900
2007-08-01,16.573333740234375,16.799999237060547,16.47333335876465,16.656667709350586,15.790430068969727,650400
2007-08-02,16.953332901000977,17.116666793823242,16.81333351135254,17.116666793823242,16.22650909423828,634200
2007-08-03,17.100000381469727,17.389999389648438,17.003332138061523,17.003332138061523,16.119064331054688,71700
2007-08-06,17.00666618347168,17.420000076293945,16.886667251586914,17.386667251586914,16.482463836669922,590100
2007-08-07,17.323333740234375,17.8700008392334,17.323333740234375,17.823333740234375,16.89642906188965,270900
2007-08-08,18.066667556762695,18.393333435058594,18.00666618347168,18.239999771118164,17.291419982910156,267600
2007-08-09,18.016666412353516,18.426666259765625,18.016666412353516,18.09000015258789,17.14922332763672,253500
2007-08-10,17.636667251586914,17.850000381469727,17.489999771118164,17.610000610351562,16.694185256958008,984900
2007-08-13,17.700000762939453,17.75,17.540000915527344,17.600000381469727,16.684701919555664,84300
2007-08-14,17.666667938232422,17.770000457763672,17.503332138061523,17.600000381469727,16.684701919555664,34200
2007-08-15,17.549999237060547,17.96666717529297,17.5,17.549999237060547,16.637310028076172,102000
2007-08-16,17.316667556762695,17.600000381469727,17.126667022705078,17.600000381469727,16.684701919555664,271800
2007-08-17,17.786666870117188,17.899999618530273,17.51333236694336,17.850000381469727,16.921701431274414,201600
2007-08-20,17.829999923706055,17.996667861938477,17.733333587646484,17.996667861938477,17.060741424560547,72600
2007-08-21,17.950000762939453,18.110000610351562,17.946666717529297,18.106666564941406,17.16502571105957,57900
2007-08-22,18.266666412353516,18.266666412353516,18.023332595825195,18.09666633605957,17.15553855895996,648000
2007-08-23,18.18666648864746,18.226667404174805,18.030000686645508,18.079999923706055,17.139739990234375,193800
2007-08-24,18.1200008392334,18.226667404174805,18.023332595825195,18.22333335876465,17.27562141418457,467700
2007-08-27,18.260000228881836,18.309999465942383,18.149999618530273,18.190000534057617,17.244022369384766,291300
2007-08-28,18.093332290649414,18.106666564941406,17.850000381469727,17.93000030517578,16.99753761291504,191100
2007-08-29,17.899999618530273,18.18000030517578,17.850000381469727,18.166667938232422,17.221900939941406,299400
2007-08-30,18.016666412353516,18.366666793823242,18.016666412353516,18.266666412353516,17.31670379638672,36300
2007-08-31,18.5,18.626667022705078,18.329999923706055,18.559999465942383,17.594778060913086,2995200
2007-09-04,18.566667556762695,19.030000686645508,18.566667556762695,19.003332138061523,18.01505470275879,287400
2007-09-05,18.793333053588867,19.14666748046875,18.793333053588867,19.02666664123535,18.03717613220215,439500
2007-09-06,19.06999969482422,19.343332290649414,19.049999237060547,19.100000381469727,18.10669708251953,395700
2007-09-07,18.773332595825195,18.89666748046875,18.683332443237305,18.89666748046875,17.913936614990234,793800
2007-09-10,18.96666717529297,18.969999313354492,18.59000015258789,18.80666732788086,17.828615188598633,242700
2007-09-11,19.05666732788086,19.079999923706055,18.96666717529297,19.05666732788086,18.06561851501465,198600
2007-09-12,19.00666618347168,19.170000076293945,18.963333129882812,18.98666763305664,17.999256134033203,345300
2007-09-13,19.049999237060547,19.049999237060547,18.82666778564453,18.8799991607666,17.89813804626465,336600
2007-09-14,18.683332443237305,18.84666633605957,18.683332443237305,18.82666778564453,17.84757423400879,272100
2007-09-17,18.833332061767578,18.833332061767578,18.540000915527344,18.633333206176758,17.664297103881836,168000
2007-09-18,18.729999542236328,19.333332061767578,18.68000030517578,19.156667709350586,18.160415649414062,383700
2007-09-19,19.239999771118164,19.280000686645508,19.09666633605957,19.149999618530273,18.154098510742188,584700
2007-09-20,19.166667938232422,19.22333335876465,18.979999542236328,19.040000915527344,18.049816131591797,387300
2007-09-21,19.170000076293945,19.273332595825195,19.1200008392334,19.1200008392334,18.12565040588379,495900
2007-09-24,19.15333366394043,19.253332138061523,19.02666664123535,19.233333587646484,18.23309898376465,295800
2007-09-25,19.190000534057617,19.26333236694336,19.126667022705078,19.23666763305664,18.236257553100586,266700
2007-09-26,19.290000915527344,19.50666618347168,19.290000915527344,19.456666946411133,18.44481658935547,237300
2007-09-27,19.469999313354492,19.479999542236328,19.31333351135254,19.389999389648438,18.381610870361328,91200
2007-09-28,19.389999389648438,19.48666763305664,19.229999542236328,19.350000381469727,18.343698501586914,132000
2007-10-01,19.350000381469727,19.583332061767578,19.350000381469727,19.583332061767578,18.564891815185547,2946000
2007-10-02,19.676666259765625,19.700000762939453,19.516666412353516,19.516666412353516,18.501689910888672,166200
2007-10-03,19.676666259765625,19.93666648864746,19.65999984741211,19.85333251953125,18.820846557617188,71700
2007-10-04,19.81999969482422,19.916667938232422,19.76333236694336,19.77666664123535,18.748170852661133,168000
2007-10-05,19.90999984741211,20.14666748046875,19.799999237060547,20.079999923706055,19.035730361938477,231300
2007-10-08,20.113332748413086,20.113332748413086,19.97333335876465,20.079999923706055,19.035730361938477,63300
2007-10-09,20.133333206176758,20.15999984741211,19.979999542236328,20.06999969482422,19.026256561279297,72300
2007-10-10,20.03333282470703,20.18000030517578,19.96666717529297,20.166667938232422,19.11789321899414,293700
2007-10-11,20.27666664123535,20.350000381469727,19.829999923706055,19.913333892822266,18.877727508544922,94200
2007-10-12,20.049999237060547,20.19333267211914,19.983333587646484,20.03333282470703,18.99148941040039,174600
2007-10-15,20.43666648864746,20.43666648864746,20.0,20.110000610351562,19.064167022705078,317700
2007-10-16,20.116666793823242,20.156667709350586,19.940000534057617,20.02666664123535,18.985166549682617,386400
2007-10-17,20.18666648864746,20.18666648864746,19.833332061767578,20.1299991607666,19.0831298828125,275400
2007-10-18,19.959999084472656,20.17333221435547,19.899999618530273,19.976667404174805,18.937780380249023,702000
2007-10-19,19.933332443237305,19.933332443237305,19.53333282470703,19.559999465942383,18.542776107788086,178800
2007-10-22,19.25,19.683332443237305,19.213333129882812,19.6200008392334,18.599651336669922,185400
2007-10-23,19.71666717529297,19.899999618530273,19.60333251953125,19.89666748046875,18.8619327545166,305700
2007-10-24,19.82666778564453,19.876667022705078,19.479999542236328,19.799999237060547,18.770288467407227,484200
2007-10-25,19.866666793823242,19.906667709350586,19.6200008392334,19.77666664123535,18.748170852661133,372300
2007-10-26,20.149999618530273,20.176666259765625,19.933332443237305,20.1299991607666,19.0831298828125,330000
2007-10-29,20.166667938232422,20.183332443237305,19.96666717529297,20.113332748413086,19.06732749938965,163500
2007-10-30,20.073333740234375,20.110000610351562,19.96666717529297,20.02666664123535,18.985166549682617,177300
2007-10-31,19.969999313354492,20.22333335876465,19.883333206176758,20.200000762939453,19.14949607849121,641700
2007-11-01,20.229999542236328,20.229999542236328,19.950000762939453,19.996667861938477,18.956735610961914,180900
2007-11-02,20.143333435058594,20.363332748413086,19.90999984741211,20.26333236694336,19.20952606201172,223200
2007-11-05,20.25,20.25666618347168,19.93666648864746,20.106666564941406,19.06100845336914,278100
2007-11-06,20.030000686645508,20.219999313354492,19.93666648864746,20.21666717529297,19.1652889251709,352800
2007-11-07,20.14666748046875,20.15999984741211,19.766666412353516,19.866666793823242,18.83348846435547,234000
2007-11-08,19.863332748413086,19.963333129882812,19.446666717529297,19.84000015258789,18.8082218170166,933900
2007-11-09,19.700000762939453,19.760000228881836,19.5,19.50666618347168,18.492210388183594,106500
2007-11-12,19.65999984741211,19.833332061767578,19.440000534057617,19.47333335876465,18.460615158081055,302700
2007-11-13,19.496667861938477,19.843332290649414,19.496667861938477,19.82666778564453,18.795570373535156,106800
2007-11-14,19.90999984741211,19.969999313354492,19.80666732788086,19.823333740234375,18.792402267456055,63900
2007-11-15,19.93000030517578,20.040000915527344,19.583332061767578,19.670000076293945,18.647056579589844,239700
2007-11-16,19.719999313354492,19.803333282470703,19.5,19.729999542236328,18.703929901123047,2847600
2007-11-19,19.94333267211914,19.94333267211914,19.43000030517578,19.52666664123535,18.511171340942383,1317600
2007-11-20,19.583332061767578,19.746667861938477,19.14666748046875,19.469999313354492,18.457456588745117,534000
2007-11-21,19.336666107177734,19.450000762939453,19.09000015258789,19.286666870117188,18.28365135192871,429000
2007-11-23,19.43000030517578,19.60333251953125,19.273332595825195,19.50666618347168,18.492210388183594,21600
2007-11-26,19.656667709350586,19.663333892822266,19.32666778564453,19.32666778564453,18.32158088684082,594900
2007-11-27,19.546667098999023,19.72333335876465,19.356666564941406,19.690000534057617,18.666006088256836,1051200
2007-11-28,19.950000762939453,20.149999618530273,19.873332977294922,20.010000228881836,18.96937370300293,1509600
2007-11-29,20.166667938232422,20.316667556762695,20.15333366394043,20.25,19.196895599365234,419700
2007-11-30,20.333332061767578,20.496667861938477,20.170000076293945,20.239999771118164,19.18741226196289,1881000
2007-12-03,20.046667098999023,20.226667404174805,20.046667098999023,20.049999237060547,19.007287979125977,159600
2007-12-04,20.09000015258789,20.09000015258789,19.829999923706055,19.829999923706055,18.798728942871094,169200
2007-12-05,20.093332290649414,20.233333587646484,19.969999313354492,20.18666648864746,19.1368465423584,468900
2007-12-06,20.25,20.75,20.15333366394043,20.75,19.67089080810547,724500
2007-12-07,20.760000228881836,20.760000228881836,20.55666732788086,20.670000076293945,19.595050811767578,462000
2007-12-10,20.719999313354492,20.793333053588867,20.520000457763672,20.71666717529297,19.6392879486084,355200
2007-12-11,20.726667404174805,20.726667404174805,20.136667251586914,20.15999984741211,19.1115665435791,342300
2007-12-12,20.76333236694336,20.76333236694336,20.05666732788086,20.226667404174805,19.174768447875977,123600
2007-12-13,19.96666717529297,20.206666946411133,19.76333236694336,20.166667938232422,19.11789321899414,909000
2007-12-14,20.100000381469727,20.373332977294922,20.043333053588867,20.06999969482422,19.026256561279297,593100
2007-12-17,19.940000534057617,19.940000534057617,19.606666564941406,19.613332748413086,18.59332847595215,504900
2007-12-18,19.696666717529297,19.809999465942383,19.446666717529297,19.733333587646484,18.707090377807617,656400
2007-12-19,19.786666870117188,19.889999389648438,19.663333892822266,19.866666793823242,18.83348846435547,279600
2007-12-20,19.926666259765625,20.200000762939453,19.73666763305664,20.200000762939453,19.14949607849121,240900
2007-12-21,20.559999465942383,20.559999465942383,20.309999465942383,20.463333129882812,19.405532836914062,909900
2007-12-24,20.65333366394043,20.65333366394043,20.389999389648438,20.543333053588867,19.48139190673828,267000
2007-12-26,20.43000030517578,20.656667709350586,20.43000030517578,20.59000015258789,19.52564811706543,378300
2007-12-27,20.59000015258789,20.59000015258789,20.166667938232422,20.166667938232422,19.124202728271484,183000
2007-12-28,20.239999771118164,20.239999771118164,19.920000076293945,20.049999237060547,19.013566970825195,286800
2007-12-31,19.90999984741211,19.99333381652832,19.773332595825195,19.786666870117188,18.76384735107422,274500
2008-01-02,19.65333366394043,20.02666664123535,19.65333366394043,19.780000686645508,18.757530212402344,290100
2008-01-03,19.823333740234375,19.963333129882812,19.71666717529297,19.84666633605957,18.82074546813965,363000
2008-01-04,19.676666259765625,19.8799991607666,19.520000457763672,19.643333435058594,18.627920150756836,574800
2008-01-07,19.780000686645508,19.816667556762695,19.516666412353516,19.739999771118164,18.719587326049805,286800
2008-01-08,19.940000534057617,20.30666732788086,19.833332061767578,19.84000015258789,18.81442642211914,721800
2008-01-09,19.93666648864746,20.030000686645508,19.696666717529297,19.933332443237305,18.90293312072754,329400
2008-01-10,19.793333053588867,20.476667404174805,19.793333053588867,20.350000381469727,19.298065185546875,849600
2008-01-11,20.31333351135254,20.56999969482422,20.290000915527344,20.433332443237305,19.3770809173584,331500
2008-01-14,20.579999923706055,20.579999923706055,20.323333740234375,20.44333267211914,19.38656997680664,159900
2008-01-15,20.190000534057617,20.270000457763672,19.933332443237305,20.049999237060547,19.013566970825195,302100
2008-01-16,19.96666717529297,20.406667709350586,19.96666717529297,20.200000762939453,19.15581703186035,459900
2008-01-17,20.323333740234375,20.43000030517578,20.100000381469727,20.166667938232422,19.124202728271484,313800
2008-01-18,20.303333282470703,20.303333282470703,19.606666564941406,19.746667861938477,18.725914001464844,1276800
2008-01-22,18.96666717529297,19.623332977294922,15.0,19.27666664123535,18.280202865600586,906300
2008-01-23,18.82666778564453,19.016666412353516,18.116666793823242,18.989999771118164,18.00835609436035,1050900
2008-01-24,19.049999237060547,19.18000030517578,18.726667404174805,18.80666732788086,17.83449935913086,136800
2008-01-25,19.083332061767578,19.083332061767578,18.426666259765625,18.426666259765625,17.474145889282227,321300
2008-01-28,18.453332901000977,18.760000228881836,18.416667938232422,18.74333381652832,17.774446487426758,431400
2008-01-29,18.829999923706055,18.963333129882812,18.696666717529297,18.823333740234375,17.850305557250977,333000
2008-01-30,18.65999984741211,18.90333366394043,18.46666717529297,18.46666717529297,17.512075424194336,295800
2008-01-31,18.416667938232422,18.823333740234375,17.8700008392334,18.68000030517578,17.714380264282227,432000
2008-02-01,18.893333435058594,19.25,18.863332748413086,19.183332443237305,18.191699981689453,1238400
2008-02-04,19.229999542236328,19.27666664123535,19.049999237060547,19.139999389648438,18.150609970092773,332100
2008-02-05,18.913333892822266,19.010000228881836,18.540000915527344,18.600000381469727,17.638519287109375,340800
2008-02-06,18.68000030517578,18.796667098999023,18.35333251953125,18.433332443237305,17.480470657348633,532500
2008-02-07,18.25,18.626667022705078,18.18000030517578,18.483333587646484,17.527881622314453,753300
2008-02-08,18.393333435058594,18.536666870117188,18.290000915527344,18.3700008392334,17.420412063598633,743700
2008-02-11,18.360000610351562,18.48666763305664,18.25,18.393333435058594,17.442533493041992,345900
2008-02-12,18.343332290649414,18.656667709350586,18.343332290649414,18.520000457763672,17.562652587890625,492000
2008-02-13,18.799999237060547,18.799999237060547,18.649999618530273,18.766666412353516,17.796571731567383,363300
2008-02-14,18.8799991607666,18.97333335876465,18.546667098999023,18.56999969482422,17.610069274902344,619500
2008-02-15,18.49333381652832,18.49333381652832,18.166667938232422,18.463333129882812,17.50891876220703,884700
2008-02-19,18.59000015258789,18.613332748413086,18.296667098999023,18.299999237060547,17.35403060913086,155100
2008-02-20,18.24333381652832,18.24333381652832,17.80666732788086,18.049999237060547,17.11695098876953,1437000
2008-02-21,18.1200008392334,18.126667022705078,17.60333251953125,17.780000686645508,16.860902786254883,1603500
2008-02-22,17.733333587646484,17.82666778564453,17.496667861938477,17.676666259765625,16.76291847229004,1358400
2008-02-25,18.00666618347168,18.21666717529297,17.93666648864746,18.126667022705078,17.189651489257812,824700
2008-02-26,18.18000030517578,18.573333740234375,18.14666748046875,18.266666412353516,17.322420120239258,573600
2008-02-27,18.166667938232422,18.376667022705078,18.0,18.27666664123535,17.331905364990234,735300
2008-02-28,18.21666717529297,18.386667251586914,18.14666748046875,18.23666763305664,17.29396629333496,595200
2008-02-29,17.940000534057617,17.979999542236328,17.746667861938477,17.89666748046875,16.971546173095703,1170000
2008-03-03,17.780000686645508,18.073333740234375,17.639999389648438,17.860000610351562,16.936765670776367,351300
2008-03-04,17.59666633605957,17.823333740234375,17.433332443237305,17.77666664123535,16.85774040222168,553200
2008-03-05,17.67333221435547,17.67333221435547,17.406667709350586,17.530000686645508,16.623825073242188,903000
2008-03-06,17.530000686645508,17.553333282470703,17.0,17.046667098999023,16.165481567382812,480000
2008-03-07,16.81333351135254,17.030000686645508,16.6200008392334,16.85333251953125,15.98214054107666,677100
2008-03-10,16.75666618347168,16.76333236694336,15.993332862854004,16.03333282470703,15.204530715942383,547500
2008-03-11,16.31999969482422,16.5,16.040000915527344,16.5,15.647071838378906,691800
2008-03-12,16.51333236694336,16.889999389648438,16.51333236694336,16.606666564941406,15.7482271194458,314400
2008-03-13,16.446666717529297,17.06333351135254,16.393333435058594,17.016666412353516,16.137033462524414,334200
2008-03-14,17.00666618347168,17.00666618347168,16.293333053588867,16.696666717529297,15.833577156066895,1058100
2008-03-17,16.219999313354492,16.540000915527344,15.903332710266113,16.1200008392334,15.286712646484375,644100
2008-03-18,16.31333351135254,16.75,16.139999389648438,16.75,15.884148597717285,488400
2008-03-19,16.656667709350586,16.979999542236328,16.610000610351562,16.739999771118164,15.874664306640625,624000
2008-03-20,16.510000228881836,16.933332443237305,16.200000762939453,16.916667938232422,16.042203903198242,914100
2008-03-24,17.116666793823242,17.76333236694336,16.959999084472656,17.583332061767578,16.674406051635742,419100
2008-03-25,17.579999923706055,17.773332595825195,17.496667861938477,17.72333335876465,16.807174682617188,155100
2008-03-26,17.719999313354492,17.790000915527344,17.479999542236328,17.766666412353516,16.84825897216797,341400
2008-03-27,17.85333251953125,18.0,17.73666763305664,17.739999771118164,16.82297134399414,116400
2008-03-28,17.84666633605957,17.98666763305664,17.40999984741211,17.43000030517578,16.529001235961914,112200
2008-03-31,17.459999084472656,17.956666946411133,17.459999084472656,17.84000015258789,16.917804718017578,271500
2008-04-01,17.90333366394043,18.593332290649414,17.90333366394043,18.479999542236328,17.52472496032715,283800
2008-04-02,18.376667022705078,18.516666412353516,18.286666870117188,18.329999923706055,17.382474899291992,419700
2008-04-03,18.206666946411133,18.42333221435547,18.17333221435547,18.34000015258789,17.391965866088867,905100
2008-04-04,18.433332443237305,18.726667404174805,18.386667251586914,18.510000228881836,17.55316734313965,393600
2008-04-07,18.683332443237305,18.713333129882812,18.53333282470703,18.559999465942383,17.600587844848633,70200
2008-04-08,18.413333892822266,18.553333282470703,18.399999618530273,18.536666870117188,17.578462600708008,673500
2008-04-09,18.51333236694336,18.51333236694336,18.05666732788086,18.15333366394043,17.21493911743164,633600
2008-04-10,18.586666107177734,19.126667022705078,18.586666107177734,18.963333129882812,17.983070373535156,1055100
2008-04-11,18.893333435058594,18.93000030517578,18.709999084472656,18.76333236694336,17.793413162231445,381600
2008-04-14,18.600000381469727,18.729999542236328,18.559999465942383,18.663333892822266,17.698583602905273,83700
2008-04-15,18.68000030517578,18.719999313354492,18.446666717529297,18.616666793823242,17.654321670532227,431100
2008-04-16,18.773332595825195,19.06333351135254,18.69333267211914,19.03333282470703,18.049449920654297,1395000
2008-04-17,18.866666793823242,19.1200008392334,18.78333282470703,18.953332901000977,17.973588943481445,467400
2008-04-18,19.329999923706055,19.329999923706055,18.959999084472656,19.003332138061523,18.021005630493164,279600
2008-04-21,18.979999542236328,19.06333351135254,18.889999389648438,19.0,18.01784324645996,701700
2008-04-22,18.876667022705078,19.030000686645508,18.739999771118164,18.8799991607666,17.9040470123291,638400
2008-04-23,18.82666778564453,19.049999237060547,18.82666778564453,18.996667861938477,18.014690399169922,489300
2008-04-24,18.873332977294922,19.22333335876465,18.780000686645508,19.046667098999023,18.062095642089844,91800
2008-04-25,18.979999542236328,18.979999542236328,18.74333381652832,18.893333435058594,17.91668701171875,139500
2008-04-28,18.92333221435547,19.016666412353516,18.883333206176758,18.913333892822266,17.93565559387207,297300
2008-04-29,18.950000762939453,18.950000762939453,18.649999618530273,18.696666717529297,17.73018455505371,73800
2008-04-30,18.81999969482422,19.036666870117188,18.606666564941406,18.616666793823242,17.654321670532227,140400
2008-05-01,18.64666748046875,19.15999984741211,18.64666748046875,19.14666748046875,18.15692901611328,51900
2008-05-02,19.260000228881836,19.333332061767578,19.09000015258789,19.15999984741211,18.169574737548828,373200
2008-05-05,19.066667556762695,19.200000762939453,19.066667556762695,19.14666748046875,18.15692901611328,244800
2008-05-06,19.126667022705078,19.226667404174805,18.989999771118164,19.123332977294922,18.134798049926758,279900
2008-05-07,19.163333892822266,19.19333267211914,18.829999923706055,18.850000381469727,17.87559700012207,199800
2008-05-08,18.866666793823242,19.049999237060547,18.860000610351562,19.036666870117188,18.052623748779297,114600
2008-05-09,18.84666633605957,19.110000610351562,18.760000228881836,19.073333740234375,18.087385177612305,266700
2008-05-12,19.166667938232422,19.3799991607666,19.113332748413086,19.323333740234375,18.324460983276367,221100
2008-05-13,19.43000030517578,19.43000030517578,19.270000457763672,19.373332977294922,18.371875762939453,213000
2008-05-14,19.43666648864746,19.60333251953125,19.299999237060547,19.363332748413086,18.36239242553711,291300
2008-05-15,19.393333435058594,19.48666763305664,19.260000228881836,19.440000534057617,18.435091018676758,298800
2008-05-16,19.56999969482422,19.56999969482422,19.27666664123535,19.47333335876465,18.466711044311523,97500
2008-05-19,19.40999984741211,19.613332748413086,19.286666870117188,19.39666748046875,18.39400291442871,77700
2008-05-20,19.416667938232422,19.47333335876465,19.14666748046875,19.40333366394043,18.40032958984375,153900
2008-05-21,19.25666618347168,19.336666107177734,18.833332061767578,18.916667938232422,17.93881607055664,631800
2008-05-22,18.926666259765625,19.376667022705078,18.926666259765625,19.239999771118164,18.245437622070312,243300
2008-05-23,19.09000015258789,19.143333435058594,18.953332901000977,19.123332977294922,18.134798049926758,194400
2008-05-27,19.066667556762695,19.343332290649414,19.066667556762695,19.333332061767578,18.333942413330078,33300
2008-05-28,19.34666633605957,19.48666763305664,19.183332443237305,19.3700008392334,18.36872100830078,189600
2008-05-29,19.46666717529297,20.06333351135254,19.46666717529297,20.03333282470703,18.997756958007812,225000
2008-05-30,20.02666664123535,20.03333282470703,19.816667556762695,19.983333587646484,18.950345993041992,220800
2008-06-02,19.946666717529297,19.946666717529297,19.586666107177734,19.77666664123535,18.754362106323242,185400
2008-06-03,19.836666107177734,19.836666107177734,19.536666870117188,19.73666763305664,18.7164306640625,592200
2008-06-04,19.71666717529297,19.996667861938477,19.696666717529297,19.883333206176758,18.855512619018555,85500
2008-06-05,19.96666717529297,20.183332443237305,19.886667251586914,20.15999984741211,19.117877960205078,1706100
2008-06-06,20.046667098999023,20.079999923706055,19.780000686645508,19.78333282470703,18.760677337646484,761100
2008-06-09,19.78333282470703,19.78333282470703,19.280000686645508,19.479999542236328,18.4730281829834,2282100
2008-06-10,19.350000381469727,19.51333236694336,19.309999465942383,19.366666793823242,18.365556716918945,627900
2008-06-11,19.366666793823242,19.366666793823242,18.953332901000977,18.953332901000977,17.973588943481445,290400
2008-06-12,18.926666259765625,19.31999969482422,18.926666259765625,19.023332595825195,18.039966583251953,647400
2008-06-13,19.18000030517578,19.30666732788086,19.1299991607666,19.30666732788086,18.308656692504883,44700
2008-06-16,19.440000534057617,19.559999465942383,19.239999771118164,19.53333282470703,18.52361297607422,97200
2008-06-17,19.6299991607666,19.6299991607666,19.426666259765625,19.47333335876465,18.466711044311523,86100
2008-06-18,19.393333435058594,19.496667861938477,19.219999313354492,19.290000915527344,18.292842864990234,124200
2008-06-19,19.366666793823242,19.670000076293945,19.26333236694336,19.65333366394043,18.637407302856445,882600
2008-06-20,19.31333351135254,19.406667709350586,19.10333251953125,19.309999465942383,18.522615432739258,631200
2008-06-23,19.47333335876465,19.47333335876465,19.083332061767578,19.083332061767578,18.3051815032959,456900
2008-06-24,19.06999969482422,19.18000030517578,18.893333435058594,19.079999923706055,18.301992416381836,169200
2008-06-25,19.166667938232422,19.47333335876465,19.100000381469727,19.303333282470703,18.516223907470703,90300
2008-06-26,19.166667938232422,19.200000762939453,19.02666664123535,19.07666778564453,18.298799514770508,225900
2008-06-27,19.09666633605957,19.356666564941406,19.06999969482422,19.266666412353516,18.48105239868164,51900
2008-06-30,19.166667938232422,19.309999465942383,19.126667022705078,19.203332901000977,18.420303344726562,115200
2008-07-01,19.046667098999023,19.59000015258789,19.003332138061523,19.586666107177734,18.788000106811523,248400
2008-07-02,19.690000534057617,19.860000610351562,19.586666107177734,19.639999389648438,18.839157104492188,666900
2008-07-03,19.713333129882812,19.713333129882812,19.413333892822266,19.59000015258789,18.791196823120117,280800
2008-07-07,19.546667098999023,19.606666564941406,19.143333435058594,19.399999618530273,18.608943939208984,289200
2008-07-08,19.463333129882812,20.219999313354492,19.426666259765625,20.219999313354492,19.395511627197266,1812600
2008-07-09,20.206666946411133,20.469999313354492,19.933332443237305,19.933332443237305,19.120532989501953,864900
2008-07-10,20.06333351135254,20.3700008392334,19.99333381652832,20.260000228881836,19.433879852294922,554100
2008-07-11,20.166667938232422,20.523332595825195,20.040000915527344,20.3799991607666,19.548992156982422,1296000
2008-07-14,20.503332138061523,20.530000686645508,20.133333206176758,20.206666946411133,19.38272476196289,302400
2008-07-15,20.206666946411133,20.913333892822266,20.206666946411133,20.780000686645508,19.932676315307617,751200
2008-07-16,20.796667098999023,21.09666633605957,20.696666717529297,20.976667404174805,20.12132453918457,894900
2008-07-17,21.059999465942383,21.343332290649414,21.016666412353516,21.253332138061523,20.386709213256836,1113600
2008-07-18,21.209999084472656,21.273332595825195,20.893333435058594,20.996667861938477,20.140512466430664,1121100
2008-07-21,21.34666633605957,21.586666107177734,21.343332290649414,21.413333892822266,20.540189743041992,973800
2008-07-22,21.5,22.049999237060547,21.389999389648438,22.049999237060547,21.150888442993164,1403400
2008-07-23,22.003332138061523,22.083332061767578,21.73666763305664,21.796667098999023,20.907882690429688,3537000
2008-07-24,21.873332977294922,21.873332977294922,21.566667556762695,21.566667556762695,20.687265396118164,772800
2008-07-25,21.53333282470703,21.75,21.433332443237305,21.690000534057617,20.805572509765625,888000
2008-07-28,21.94333267211914,22.09666633605957,21.5,21.666667938232422,20.783191680908203,2031300
2008-07-29,21.773332595825195,21.959999084472656,21.72333335876465,21.89666748046875,21.003812789916992,1716600
2008-07-30,22.046667098999023,22.1200008392334,21.566667556762695,21.940000534057617,21.04537582397461,1659000
2008-07-31,22.413333892822266,23.126667022705078,22.28333282470703,23.06333351135254,22.12290382385254,2361000
2008-08-01,22.68666648864746,22.68666648864746,22.40333366394043,22.616666793823242,21.694456100463867,3158700
2008-08-04,22.450000762939453,22.536666870117188,22.233333587646484,22.463333129882812,21.547365188598633,1088100
2008-08-05,22.51333236694336,22.606666564941406,22.416667938232422,22.586666107177734,21.665664672851562,1495200
2008-08-06,22.496667861938477,22.623332977294922,22.19333267211914,22.56333351135254,21.643287658691406,1671000
2008-08-07,22.52666664123535,22.530000686645508,21.729999542236328,21.796667098999023,20.907882690429688,1107000
2008-08-08,21.94333267211914,22.433332443237305,21.876667022705078,22.39666748046875,21.483423233032227,998700
2008-08-11,22.333332061767578,22.899999618530273,22.333332061767578,22.899999618530273,21.966238021850586,1626300
2008-08-12,22.889999389648438,22.889999389648438,22.600000381469727,22.866666793823242,21.93425941467285,1329900
2008-08-13,22.90333366394043,22.90333366394043,22.46666717529297,22.843332290649414,21.911874771118164,1644300
2008-08-14,22.719999313354492,23.166667938232422,22.639999389648438,23.123332977294922,22.180456161499023,1723200
2008-08-15,23.166667938232422,23.28333282470703,22.876667022705078,23.003332138061523,22.065353393554688,773100
2008-08-18,23.110000610351562,23.110000610351562,22.293333053588867,22.456666946411133,21.54097557067871,816900
2008-08-19,22.299999237060547,22.373332977294922,21.969999313354492,22.196666717529297,21.29157829284668,1459800
2008-08-20,22.176666259765625,22.25,21.85333251953125,22.046667098999023,21.147687911987305,1039200
2008-08-21,21.796667098999023,21.89666748046875,21.566667556762695,21.739999771118164,20.853527069091797,734100
2008-08-22,21.913333892822266,22.09000015258789,21.85333251953125,22.016666412353516,21.11890983581543,513300
2008-08-25,22.093332290649414,22.093332290649414,21.583332061767578,21.773332595825195,20.885507583618164,615600
2008-08-26,21.753332138061523,21.976667404174805,21.656667709350586,21.78333282470703,20.895097732543945,450900
2008-08-27,21.67333221435547,21.67333221435547,21.290000915527344,21.389999389648438,20.51780128479004,976800
2008-08-28,21.393333435058594,21.76333236694336,21.393333435058594,21.706666946411133,20.82155418395996,441900
2008-08-29,21.75,21.770000457763672,21.44333267211914,21.44333267211914,20.568965911865234,284100
2008-09-02,21.520000457763672,21.93666648864746,21.233333587646484,21.35333251953125,20.482633590698242,2605200
2008-09-03,21.40999984741211,21.566667556762695,21.299999237060547,21.566667556762695,20.687265396118164,678900
2008-09-04,21.35333251953125,21.35333251953125,20.73666763305664,20.73666763305664,19.891115188598633,967200
2008-09-05,20.713333129882812,20.81333351135254,20.3799991607666,20.67333221435547,19.830352783203125,1153500
2008-09-08,20.76333236694336,21.020000457763672,20.360000610351562,20.586666107177734,19.747234344482422,2101800
2008-09-09,20.67333221435547,20.796667098999023,20.079999923706055,20.079999923706055,19.261215209960938,2004600
2008-09-10,20.393333435058594,20.793333053588867,20.389999389648438,20.706666946411133,19.86232566833496,799200
2008-09-11,20.469999313354492,20.963333129882812,20.32666778564453,20.956666946411133,20.10213279724121,773400
2008-09-12,20.953332901000977,21.0,20.753332138061523,20.863332748413086,20.012609481811523,534300
2008-09-15,20.700000762939453,20.84000015258789,20.32666778564453,20.450000762939453,19.616134643554688,545100
2008-09-16,20.14666748046875,20.799999237060547,20.14666748046875,20.75,19.903905868530273,750300
2008-09-17,20.440000534057617,20.690000534057617,19.729999542236328,19.729999542236328,18.925491333007812,1049700
2008-09-18,19.726667404174805,20.386667251586914,19.226667404174805,20.136667251586914,19.315567016601562,1514700
2008-09-19,20.503332138061523,21.333332061767578,18.68666648864746,20.773332595825195,19.926280975341797,476700
2008-09-22,21.286666870117188,21.286666870117188,20.05666732788086,20.116666793823242,19.29639434814453,436500
2008-09-23,20.136667251586914,20.24333381652832,19.889999389648438,19.906667709350586,19.094955444335938,367500
2008-09-24,20.0,20.386667251586914,19.979999542236328,20.136667251586914,19.315567016601562,672600
2008-09-25,20.183332443237305,20.803333282470703,20.183332443237305,20.623332977294922,19.782394409179688,839700
2008-09-26,20.333332061767578,20.989999771118164,20.260000228881836,20.96666717529297,20.11172866821289,2287500
2008-09-29,20.786666870117188,20.836666107177734,19.916667938232422,19.916667938232422,19.104543685913086,1836300
2008-09-30,20.40333366394043,20.40333366394043,19.71666717529297,20.043333053588867,19.226043701171875,857400
2008-10-01,20.25,20.25,19.950000762939453,20.200000762939453,19.37632942199707,1244700
2008-10-02,20.253332138061523,20.253332138061523,19.479999542236328,19.543333053588867,18.746437072753906,633600
2008-10-03,19.90999984741211,20.02666664123535,19.123332977294922,19.206666946411133,18.423498153686523,853500
2008-10-06,18.866666793823242,18.92333221435547,17.266666412353516,18.163333892822266,17.42270851135254,2629200
2008-10-07,18.253332138061523,18.549999237060547,17.633333206176758,17.633333206176758,16.91431999206543,1197000
2008-10-08,17.00666618347168,18.296667098999023,17.00666618347168,17.833332061767578,17.106164932250977,1468800
2008-10-09,18.003332138061523,18.05666732788086,16.703332901000977,16.876667022705078,16.188505172729492,1174500
2008-10-10,16.260000228881836,16.663333892822266,15.356666564941406,16.03333282470703,15.379560470581055,1419900
2008-10-13,17.083332061767578,18.163333892822266,16.873332977294922,18.15999984741211,17.41950798034668,344100
2008-10-14,18.610000610351562,18.610000610351562,17.623332977294922,17.74333381652832,17.01982879638672,963600
2008-10-15,17.77666664123535,17.77666664123535,16.51333236694336,16.516666412353516,15.843183517456055,1087500
2008-10-16,16.93666648864746,17.31999969482422,16.106666564941406,17.21666717529297,16.514644622802734,1452300
2008-10-17,17.166667938232422,17.953332901000977,17.079999923706055,17.333332061767578,16.62654685974121,1374900
2008-10-20,17.649999618530273,18.020000457763672,17.156667709350586,18.020000457763672,17.28521156311035,1118400
2008-10-21,18.09666633605957,18.213333129882812,17.76333236694336,17.82666778564453,17.09976577758789,684000
2008-10-22,17.803333282470703,17.803333282470703,16.93000030517578,17.229999542236328,16.52742576599121,739200
2008-10-23,17.213333129882812,17.463333129882812,16.15333366394043,16.979999542236328,16.28761863708496,1863000
2008-10-24,16.0,16.733333587646484,16.0,16.46666717529297,15.79522705078125,974700
2008-10-27,16.110000610351562,16.336666107177734,15.600000381469727,15.600000381469727,14.963898658752441,1117500
2008-10-28,15.83666706085205,16.386667251586914,15.356666564941406,16.386667251586914,15.718485832214355,1354500
2008-10-29,16.23666763305664,17.260000228881836,16.23666763305664,16.78333282470703,16.09897804260254,1235100
2008-10-30,16.950000762939453,17.450000762939453,16.950000762939453,17.383333206176758,16.67451286315918,725400
2008-10-31,17.446666717529297,17.97333335876465,17.25666618347168,17.829999923706055,17.10296630859375,606600
2008-11-03,17.850000381469727,18.40333366394043,17.850000381469727,18.31333351135254,17.56658935546875,984300
2008-11-04,18.663333892822266,18.683332443237305,18.09666633605957,18.476667404174805,17.723262786865234,667500
2008-11-05,18.463333129882812,18.463333129882812,17.833332061767578,17.863332748413086,17.134937286376953,712500
2008-11-06,17.886667251586914,17.916667938232422,17.49333381652832,17.583332061767578,16.866355895996094,301500
2008-11-07,17.8700008392334,18.086666107177734,17.6299991607666,17.89666748046875,17.166915893554688,537000
2008-11-10,18.666667938232422,18.666667938232422,17.89666748046875,18.07666778564453,17.33957862854004,486600
2008-11-11,17.983333587646484,18.083332061767578,17.729999542236328,17.75666618347168,17.03261947631836,540900
2008-11-12,17.540000915527344,17.690000534057617,17.0,17.059999465942383,16.364360809326172,1092000
2008-11-13,16.78333282470703,18.200000762939453,16.600000381469727,18.200000762939453,17.45787811279297,1244700
2008-11-14,18.106666564941406,18.106666564941406,17.413333892822266,17.416667938232422,16.70648765563965,508200
2008-11-17,17.166667938232422,17.463333129882812,17.020000457763672,17.09000015258789,16.393142700195312,434400
2008-11-18,17.053333282470703,17.246667861938477,16.49333381652832,16.906667709350586,16.217275619506836,612600
2008-11-19,16.623332977294922,17.113332748413086,16.040000915527344,16.040000915527344,15.385957717895508,419100
2008-11-20,15.856666564941406,15.963333129882812,15.09000015258789,15.296667098999023,14.672929763793945,951900
2008-11-21,15.436667442321777,15.506667137145996,14.34333324432373,14.91333293914795,14.305230140686035,2631600
2008-11-24,15.416666984558105,15.886667251586914,15.24666690826416,15.813332557678223,15.168529510498047,1351800
2008-11-25,15.933333396911621,15.953332901000977,15.606666564941406,15.896666526794434,15.248464584350586,558000
2008-11-26,15.600000381469727,16.303333282470703,15.543333053588867,16.303333282470703,15.638550758361816,517800
2008-11-28,16.953332901000977,16.953332901000977,16.043333053588867,16.360000610351562,15.692903518676758,213600
2008-12-01,15.899999618530273,16.049999237060547,15.026666641235352,15.053333282470703,14.439523696899414,463800
2008-12-02,15.303333282470703,15.50333309173584,15.073332786560059,15.50333309173584,14.871171951293945,453300
2008-12-03,15.15666675567627,15.923333168029785,15.15666675567627,15.903332710266113,15.254858016967773,359400
2008-12-04,15.676667213439941,16.206666946411133,15.58666706085205,15.796667098999023,15.152542114257812,215400
2008-12-05,15.739999771118164,16.416667938232422,15.300000190734863,16.376667022705078,15.708891868591309,333000
2008-12-08,16.69333267211914,17.133333206176758,16.613332748413086,17.023332595825195,16.329191207885742,577200
2008-12-09,16.760000228881836,17.043333053588867,16.363332748413086,16.496667861938477,15.824003219604492,616800
2008-12-10,16.713333129882812,16.876667022705078,16.523332595825195,16.663333892822266,15.983866691589355,240000
2008-12-11,16.65333366394043,16.956666946411133,16.40333366394043,16.463333129882812,15.792025566101074,672000
2008-12-12,16.0,16.803333282470703,16.0,16.780000686645508,16.095781326293945,335100
2008-12-15,16.71666717529297,16.866666793823242,16.296667098999023,16.426666259765625,15.756851196289062,350100
2008-12-16,17.373332977294922,17.373332977294922,16.59000015258789,17.373332977294922,16.6649227142334,667800
2008-12-17,17.09000015258789,17.74333381652832,17.09000015258789,17.559999465942383,16.843976974487305,263700
2008-12-18,17.65999984741211,18.0,17.46666717529297,17.643333435058594,16.923912048339844,400200
2008-12-19,17.633333206176758,18.239999771118164,17.623332977294922,17.703332901000977,16.983715057373047,776700
2008-12-22,17.93666648864746,17.93666648864746,17.21666717529297,17.520000457763672,16.807830810546875,465300
2008-12-23,17.600000381469727,17.739999771118164,17.200000762939453,17.440000534057617,16.731081008911133,129000
2008-12-24,17.196666717529297,17.463333129882812,17.196666717529297,17.383333206176758,16.676713943481445,160200
2008-12-26,17.536666870117188,17.573333740234375,17.3799991607666,17.573333740234375,16.858993530273438,338400
2008-12-29,17.53333282470703,17.56999969482422,17.03333282470703,17.176666259765625,16.478452682495117,225900
2008-12-30,17.376667022705078,17.600000381469727,17.233333587646484,17.600000381469727,16.88457489013672,235800
2008-12-31,17.72333335876465,17.913333892822266,17.573333740234375,17.873332977294922,17.146793365478516,290100
2009-01-02,17.760000228881836,18.1299991607666,17.600000381469727,18.086666107177734,17.351459503173828,206100
2009-01-05,18.110000610351562,18.350000381469727,17.833332061767578,18.333332061767578,17.588102340698242,565200
2009-01-06,18.510000228881836,18.510000228881836,18.07666778564453,18.156667709350586,17.418621063232422,977700
2009-01-07,18.10333251953125,18.10333251953125,17.666667938232422,17.8799991607666,17.1531925201416,369300
2009-01-08,17.77666664123535,17.989999771118164,17.64666748046875,17.983333587646484,17.252321243286133,831000
2009-01-09,18.046667098999023,18.046667098999023,17.426666259765625,17.579999923706055,16.865388870239258,906300
2009-01-12,17.453332901000977,17.583332061767578,17.113332748413086,17.290000915527344,16.587177276611328,469500
2009-01-13,17.203332901000977,17.793333053588867,17.203332901000977,17.626667022705078,16.910152435302734,1271400
2009-01-14,17.610000610351562,17.613332748413086,17.18000030517578,17.266666412353516,16.564790725708008,876600
2009-01-15,17.100000381469727,17.59666633605957,16.816667556762695,17.593332290649414,16.87818145751953,721200
2009-01-16,17.883333206176758,17.883333206176758,17.48666763305664,17.760000228881836,17.038074493408203,574500
2009-01-20,17.883333206176758,17.886667251586914,16.916667938232422,16.916667938232422,16.229015350341797,540900
2009-01-21,17.156667709350586,17.68000030517578,16.979999542236328,17.6299991607666,16.913358688354492,503100
2009-01-22,17.600000381469727,17.600000381469727,17.143333435058594,17.32666778564453,16.622356414794922,879600
2009-01-23,16.99333381652832,17.413333892822266,16.93666648864746,17.246667861938477,16.545608520507812,471900
2009-01-26,17.166667938232422,17.586666107177734,17.166667938232422,17.290000915527344,16.587177276611328,704700
2009-01-27,17.389999389648438,17.566667556762695,17.329999923706055,17.3700008392334,16.663930892944336,827700
2009-01-28,17.633333206176758,17.913333892822266,17.579999923706055,17.780000686645508,17.05725860595703,839400
2009-01-29,17.476667404174805,17.893333435058594,17.476667404174805,17.610000610351562,16.89417266845703,498600
2009-01-30,17.81999969482422,17.85333251953125,17.530000686645508,17.59000015258789,16.874980926513672,465300
2009-02-02,17.549999237060547,17.793333053588867,17.456666946411133,17.683332443237305,16.964519500732422,1109400
2009-02-03,17.969999313354492,18.329999923706055,17.799999237060547,18.28333282470703,17.54013442993164,1466400
2009-02-04,18.363332748413086,18.676666259765625,18.200000762939453,18.296667098999023,17.552927017211914,1294200
2009-02-05,18.239999771118164,18.670000076293945,18.093332290649414,18.553333282470703,17.79916000366211,1158300
2009-02-06,18.72333335876465,18.85333251953125,18.583332061767578,18.726667404174805,17.96544647216797,1509300
2009-02-09,18.856666564941406,18.856666564941406,18.440000534057617,18.600000381469727,17.843923568725586,809700
2009-02-10,18.47333335876465,18.559999465942383,17.94333267211914,18.049999237060547,17.316282272338867,1127400
2009-02-11,18.053333282470703,18.21666717529297,17.856666564941406,18.049999237060547,17.316282272338867,728400
2009-02-12,17.893333435058594,18.47333335876465,17.833332061767578,18.47333335876465,17.7224063873291,1641300
2009-02-13,18.453332901000977,18.516666412353516,18.24333381652832,18.329999923706055,17.584901809692383,716700
2009-02-17,17.933332443237305,18.206666946411133,17.75,17.866666793823242,17.140405654907227,643500
2009-02-18,18.00666618347168,18.016666412353516,17.626667022705078,17.709999084472656,16.990102767944336,668100
2009-02-19,17.643333435058594,17.72333335876465,17.253332138061523,17.293333053588867,16.590373992919922,1168500
2009-02-20,17.133333206176758,17.290000915527344,16.873332977294922,17.043333053588867,16.350534439086914,1361100
2009-02-23,17.183332443237305,17.183332443237305,16.68000030517578,16.709999084472656,16.0307559967041,765900
2009-02-24,16.770000457763672,17.239999771118164,16.729999542236328,17.176666259765625,16.478452682495117,609600
2009-02-25,17.18666648864746,17.386667251586914,16.996667861938477,17.116666793823242,16.420896530151367,405600
2009-02-26,17.25666618347168,17.25666618347168,16.290000915527344,16.290000915527344,15.627830505371094,1214700
2009-02-27,16.049999237060547,16.06999969482422,15.426667213439941,15.426667213439941,14.799585342407227,2031300
2009-03-02,15.199999809265137,15.296667098999023,14.696666717529297,14.696666717529297,14.09925651550293,1910400
2009-03-03,14.993332862854004,15.109999656677246,14.619999885559082,14.876667022705078,14.271946907043457,1562100
2009-03-04,15.050000190734863,15.376667022705078,14.893333435058594,15.15999984741211,14.543753623962402,820200
2009-03-05,14.986666679382324,14.986666679382324,14.383333206176758,14.430000305175781,13.843429565429688,1002000
2009-03-06,14.529999732971191,14.699999809265137,14.353333473205566,14.66333293914795,14.067280769348145,1364700
2009-03-09,14.380000114440918,14.966667175292969,14.380000114440918,14.626667022705078,14.032105445861816,647700
2009-03-10,14.703332901000977,15.19333267211914,14.703332901000977,15.15666675567627,14.54056167602539,652200
2009-03-11,15.296667098999023,15.449999809265137,14.760000228881836,14.766667366027832,14.166414260864258,2077800
2009-03-12,14.65666675567627,15.75333309173584,14.65666675567627,15.706666946411133,15.068206787109375,723300
2009-03-13,15.75333309173584,16.18666648864746,15.75333309173584,16.106666564941406,15.451947212219238,854700
2009-03-16,16.166667938232422,16.18666648864746,15.653332710266113,15.696666717529297,15.058613777160645,686100
2009-03-17,15.766667366027832,16.226667404174805,15.713333129882812,16.226667404174805,15.56706714630127,531300
2009-03-18,16.229999542236328,16.666667938232422,16.123332977294922,16.323333740234375,15.659804344177246,941100
2009-03-19,16.420000076293945,16.573333740234375,16.030000686645508,16.079999923706055,15.426361083984375,818700
2009-03-20,16.05666732788086,16.190000534057617,15.583333015441895,15.583333015441895,14.996515274047852,604500
2009-03-23,15.966667175292969,16.206666946411133,15.646666526794434,16.18000030517578,15.570713996887207,793800
2009-03-24,16.149999618530273,16.190000534057617,15.816666603088379,15.816666603088379,15.221061706542969,422100
2009-03-25,15.866666793823242,16.34000015258789,15.66333293914795,16.09000015258789,15.484101295471191,932100
2009-03-26,16.133333206176758,16.866666793823242,16.133333206176758,16.866666793823242,16.231521606445312,1212900
2009-03-27,16.636667251586914,16.793333053588867,16.336666107177734,16.383333206176758,15.766390800476074,437700
2009-03-30,16.09000015258789,16.190000534057617,15.826666831970215,16.093332290649414,15.487311363220215,859200
2009-03-31,16.200000762939453,16.303333282470703,15.989999771118164,16.0,15.397492408752441,870300
2009-04-01,15.90666675567627,15.90666675567627,15.383333206176758,15.716667175292969,15.124829292297363,1315500
2009-04-02,16.00666618347168,16.00666618347168,15.683333396911621,15.739999771118164,15.147281646728516,686700
2009-04-03,15.703332901000977,15.756667137145996,15.350000381469727,15.573332786560059,14.986891746520996,950700
2009-04-06,15.416666984558105,15.449999809265137,15.136667251586914,15.300000190734863,14.723851203918457,1014300
2009-04-07,15.130000114440918,15.293333053588867,14.94333267211914,15.0,14.435150146484375,1567500
2009-04-08,15.08666706085205,15.25,14.963333129882812,15.206666946411133,14.63403034210205,961800
2009-04-09,15.529999732971191,15.666666984558105,15.34333324432373,15.463333129882812,14.881033897399902,977700
2009-04-13,15.423333168029785,15.606666564941406,15.40999984741211,15.523332595825195,14.93877124786377,600300
2009-04-14,15.513333320617676,15.513333320617676,15.066666603088379,15.15666675567627,14.585918426513672,948300
2009-04-15,15.066666603088379,15.19333267211914,14.826666831970215,15.050000190734863,14.483264923095703,909900
2009-04-16,15.206666946411133,15.256667137145996,14.893333435058594,15.116666793823242,14.5474214553833,1019100
2009-04-17,15.069999694824219,15.213333129882812,14.94333267211914,15.079999923706055,14.512131690979004,818400
2009-04-20,14.893333435058594,14.936667442321777,14.583333015441895,14.683333396911621,14.130409240722656,864300
2009-04-21,14.613332748413086,14.829999923706055,14.583333015441895,14.75,14.194563865661621,862200
2009-04-22,14.680000305175781,14.930000305175781,14.600000381469727,14.606666564941406,14.05662727355957,1242900
2009-04-23,14.543333053588867,14.770000457763672,14.386667251586914,14.646666526794434,14.09511661529541,942900
2009-04-24,14.69333267211914,14.99666690826416,14.69333267211914,14.873332977294922,14.313250541687012,1141800
2009-04-27,14.916666984558105,15.109999656677246,14.846667289733887,14.993332862854004,14.428729057312012,738000
2009-04-28,14.869999885559082,15.266667366027832,14.84333324432373,15.079999923706055,14.512131690979004,983700
2009-04-29,15.136667251586914,15.529999732971191,15.126667022705078,15.383333206176758,14.804045677185059,1641600
2009-04-30,15.553333282470703,15.600000381469727,15.08666706085205,15.09000015258789,14.52176284790039,708600
2009-05-01,15.033332824707031,15.199999809265137,14.916666984558105,15.0,14.435150146484375,741600
2009-05-04,14.986666679382324,15.24666690826416,14.973333358764648,15.183333396911621,14.611580848693848,861900
2009-05-05,15.15999984741211,15.313332557678223,15.066666603088379,15.273332595825195,14.698190689086914,694800
2009-05-06,15.33666706085205,15.546667098999023,14.956666946411133,15.153332710266113,14.582707405090332,1638000
2009-05-07,15.316666603088379,15.566666603088379,15.283332824707031,15.326666831970215,14.749515533447266,1097700
2009-05-08,15.4399995803833,15.729999542236328,15.386667251586914,15.613332748413086,15.025385856628418,1003500
2009-05-11,15.513333320617676,15.883333206176758,15.40666675567627,15.80666732788086,15.21143913269043,1262100
2009-05-12,15.763333320617676,15.916666984558105,15.536666870117188,15.69333267211914,15.102373123168945,1173600
2009-05-13,15.550000190734863,15.640000343322754,15.173333168029785,15.256667137145996,14.682151794433594,959100
2009-05-14,15.3100004196167,15.483332633972168,15.233332633972168,15.283332824707031,14.707813262939453,573900
2009-05-15,15.220000267028809,15.233332633972168,15.020000457763672,15.020000457763672,14.454398155212402,989400
2009-05-18,15.153332710266113,15.346667289733887,14.993332862854004,15.286666870117188,14.71102237701416,1248300
2009-05-19,15.276666641235352,15.399999618530273,15.166666984558105,15.329999923706055,14.75271987915039,815400
2009-05-20,15.363332748413086,15.633333206176758,15.329999923706055,15.373332977294922,14.794422149658203,1281900
2009-05-21,15.15666675567627,15.289999961853027,14.930000305175781,15.166666984558105,14.595540046691895,849900
2009-05-22,15.176667213439941,15.25333309173584,15.033332824707031,15.079999923706055,14.512131690979004,725700
2009-05-26,14.993332862854004,15.566666603088379,14.970000267028809,15.523332595825195,14.93877124786377,581700
2009-05-27,15.446666717529297,15.739999771118164,15.393333435058594,15.486666679382324,14.90349006652832,932400
2009-05-28,15.563332557678223,15.69333267211914,15.316666603088379,15.49666690826416,14.913114547729492,789000
2009-05-29,15.5,15.649999618530273,15.286666870117188,15.649999618530273,15.060670852661133,1360500
2009-06-01,15.826666831970215,15.890000343322754,15.643333435058594,15.716667175292969,15.124829292297363,1022100
2009-06-02,15.670000076293945,16.15333366394043,15.623332977294922,16.030000686645508,15.426362991333008,1428000
2009-06-03,15.960000038146973,16.416667938232422,15.956666946411133,16.32666778564453,15.711862564086914,2088600
2009-06-04,16.420000076293945,16.43000030517578,16.143333435058594,16.209999084472656,15.599579811096191,688800
2009-06-05,16.3700008392334,16.3700008392334,15.986666679382324,16.139999389648438,15.532217025756836,842400
2009-06-08,16.079999923706055,16.176666259765625,15.876667022705078,15.979999542236328,15.378244400024414,538200
2009-06-09,16.083332061767578,16.14666748046875,16.003332138061523,16.059999465942383,15.455233573913574,401400
2009-06-10,16.22333335876465,16.25,15.783332824707031,15.970000267028809,15.368623733520508,339300
2009-06-11,16.0,16.389999389648438,15.973333358764648,16.183332443237305,15.573919296264648,425700
2009-06-12,16.10333251953125,16.333332061767578,16.059999465942383,16.309999465942383,15.695813179016113,467400
2009-06-15,16.116666793823242,16.19333267211914,15.803333282470703,15.869999885559082,15.272385597229004,438900
2009-06-16,15.983332633972168,15.983332633972168,15.699999809265137,15.866666793823242,15.269180297851562,1002600
2009-06-17,15.760000228881836,16.316667556762695,15.760000228881836,16.28333282470703,15.67015552520752,1327800
2009-06-18,16.25,16.420000076293945,16.116666793823242,16.420000076293945,15.801675796508789,477000
2009-06-19,16.56999969482422,16.739999771118164,16.413333892822266,16.516666412353516,15.894700050354004,607200
2009-06-22,16.446666717529297,16.543333053588867,16.18000030517578,16.18000030517578,15.570713996887207,810300
2009-06-23,16.239999771118164,16.25,16.003332138061523,16.116666793823242,15.509765625,364800
2009-06-24,16.226667404174805,16.43666648864746,16.100000381469727,16.3700008392334,15.753561019897461,669000
2009-06-25,16.239999771118164,16.856666564941406,16.17333221435547,16.84666633605957,16.2122745513916,533400
2009-06-26,16.780000686645508,17.05666732788086,16.703332901000977,16.956666946411133,16.318130493164062,297900
2009-06-29,16.96666717529297,16.99333381652832,16.59000015258789,16.946666717529297,16.30851173400879,578700
2009-06-30,17.143333435058594,17.143333435058594,16.78333282470703,16.883333206176758,16.247556686401367,407400
2009-07-01,16.833332061767578,16.85333251953125,16.606666564941406,16.666667938232422,16.0390567779541,660300
2009-07-02,16.59666633605957,16.59666633605957,16.139999389648438,16.176666259765625,15.567505836486816,425400
2009-07-06,16.053333282470703,16.136667251586914,15.91333293914795,16.116666793823242,15.509765625,472500
2009-07-07,16.083332061767578,16.106666564941406,15.800000190734863,15.823332786560059,15.2274751663208,359700
2009-07-08,16.03333282470703,16.123332977294922,15.666666984558105,15.770000457763672,15.176154136657715,315600
2009-07-09,15.813332557678223,15.863332748413086,15.666666984558105,15.813332557678223,15.217853546142578,344100
2009-07-10,15.779999732971191,15.886667251586914,15.666666984558105,15.796667098999023,15.201817512512207,354600
2009-07-13,15.84333324432373,15.979999542236328,15.550000190734863,15.979999542236328,15.378244400024414,431100
2009-07-14,15.989999771118164,16.066667556762695,15.930000305175781,15.973333358764648,15.371830940246582,543300
2009-07-15,16.239999771118164,16.290000915527344,16.030000686645508,16.21666717529297,15.605998992919922,477000
2009-07-16,16.170000076293945,16.293333053588867,16.15333366394043,16.24333381652832,15.631665229797363,520500
2009-07-17,16.299999237060547,16.35333251953125,16.209999084472656,16.22333335876465,15.612414360046387,273900
2009-07-20,16.30666732788086,16.459999084472656,16.219999313354492,16.386667251586914,15.769600868225098,400200
2009-07-21,16.5,16.523332595825195,16.27666664123535,16.5,15.878664016723633,267900
2009-07-22,16.52666664123535,16.74333381652832,16.52666664123535,16.583332061767578,15.958860397338867,261000
2009-07-23,16.866666793823242,17.93666648864746,16.866666793823242,17.920000076293945,17.245189666748047,1800600
2009-07-24,17.833332061767578,18.290000915527344,17.833332061767578,18.25,17.562768936157227,494400
2009-07-27,18.25666618347168,18.389999389648438,18.15333366394043,18.35333251953125,17.662200927734375,1002900
2009-07-28,18.226667404174805,18.540000915527344,18.226667404174805,18.53333282470703,17.83542251586914,611700
2009-07-29,18.453332901000977,18.476667404174805,18.32666778564453,18.420000076293945,17.72635841369629,550200
2009-07-30,18.613332748413086,18.666667938232422,18.43000030517578,18.540000915527344,17.841846466064453,534000
2009-07-31,18.5,18.67333221435547,18.389999389648438,18.413333892822266,17.71994400024414,427200
2009-08-03,18.530000686645508,18.530000686645508,18.280000686645508,18.463333129882812,17.76806640625,921300
2009-08-04,18.0,18.649999618530273,18.0,18.616666793823242,17.91562271118164,502200
2009-08-05,18.6299991607666,18.6299991607666,18.229999542236328,18.293333053588867,17.604463577270508,233100
2009-08-06,18.333332061767578,18.333332061767578,17.78333282470703,17.833332061767578,17.161785125732422,484200
2009-08-07,18.040000915527344,18.05666732788086,17.739999771118164,17.886667251586914,17.213119506835938,408900
2009-08-10,17.956666946411133,17.956666946411133,17.71666717529297,17.8700008392334,17.197072982788086,411300
2009-08-11,17.843332290649414,17.933332443237305,17.606666564941406,17.703332901000977,17.03668785095215,952800
2009-08-12,17.663333892822266,17.946666717529297,17.636667251586914,17.82666778564453,17.155372619628906,270300
2009-08-13,17.926666259765625,17.926666259765625,17.643333435058594,17.733333587646484,17.0655517578125,1110900
2009-08-14,17.676666259765625,17.746667861938477,17.376667022705078,17.579999923706055,16.917991638183594,243000
2009-08-17,17.333332061767578,17.333332061767578,17.200000762939453,17.28333282470703,16.63249397277832,366300
2009-08-18,17.32666778564453,17.5,17.22333335876465,17.386667251586914,16.7319393157959,742200
2009-08-19,17.25666618347168,17.75666618347168,17.233333587646484,17.739999771118164,17.07196807861328,504900
2009-08-20,17.610000610351562,18.046667098999023,17.469999313354492,17.876667022705078,17.20348358154297,477600
2009-08-21,18.073333740234375,18.163333892822266,17.96666717529297,18.053333282470703,17.373502731323242,507900
2009-08-24,18.123332977294922,18.123332977294922,17.920000076293945,17.979999542236328,17.302927017211914,313500
2009-08-25,18.0,18.183332443237305,18.0,18.073333740234375,17.392749786376953,345000
2009-08-26,18.143333435058594,18.389999389648438,18.10333251953125,18.35333251953125,17.662200927734375,474600
2009-08-27,18.299999237060547,18.31333351135254,17.90999984741211,18.273332595825195,17.585222244262695,561000
2009-08-28,18.40333366394043,18.40333366394043,17.97333335876465,18.10333251953125,17.421621322631836,348900
2009-08-31,17.899999618530273,18.073333740234375,17.8700008392334,18.023332595825195,17.344633102416992,295500
2009-09-01,17.89666748046875,18.34000015258789,17.709999084472656,17.75666618347168,17.088010787963867,1053300
2009-09-02,17.74333381652832,17.856666564941406,17.670000076293945,17.706666946411133,17.039892196655273,750900
2009-09-03,17.793333053588867,18.016666412353516,17.55666732788086,17.719999313354492,17.052717208862305,557700
2009-09-04,17.703332901000977,18.05666732788086,17.703332901000977,18.05666732788086,17.376708984375,358200
2009-09-08,18.14666748046875,18.209999084472656,17.953332901000977,18.030000686645508,17.351049423217773,268500
2009-09-09,18.040000915527344,18.27666664123535,18.036666870117188,18.183332443237305,17.498607635498047,231900
2009-09-10,18.270000457763672,18.399999618530273,18.183332443237305,18.366666793823242,17.67503547668457,183900
2009-09-11,18.360000610351562,18.479999542236328,18.333332061767578,18.469999313354492,17.77448272705078,103500
2009-09-14,18.413333892822266,18.663333892822266,18.303333282470703,18.663333892822266,17.96053123474121,218100
2009-09-15,18.649999618530273,18.796667098999023,18.536666870117188,18.65333366394043,17.95090675354004,189600
2009-09-16,18.739999771118164,18.809999465942383,18.639999389648438,18.796667098999023,18.088844299316406,254700
2009-09-17,18.770000457763672,18.959999084472656,18.696666717529297,18.89666748046875,18.185075759887695,290700
2009-09-18,18.97333335876465,18.97333335876465,18.649999618530273,18.649999618530273,17.94770050048828,261900
2009-09-21,18.53333282470703,18.833332061767578,18.333332061767578,18.773332595825195,18.066389083862305,336300
2009-09-22,18.843332290649414,18.843332290649414,18.433332443237305,18.446666717529297,17.75202751159668,366000
2009-09-23,18.540000915527344,18.543333053588867,18.15333366394043,18.15333366394043,17.469736099243164,832800
2009-09-24,18.166667938232422,18.219999313354492,17.73666763305664,17.843332290649414,17.17140769958496,358800
2009-09-25,17.733333587646484,17.940000534057617,17.709999084472656,17.823333740234375,17.152164459228516,184800
2009-09-28,17.963333129882812,18.253332138061523,17.92333221435547,18.156667709350586,17.472951889038086,314700
2009-09-29,18.17333221435547,18.28333282470703,18.00666618347168,18.079999923706055,17.399166107177734,193800
2009-09-30,18.046667098999023,18.07666778564453,17.666667938232422,17.886667251586914,17.213119506835938,246900
2009-10-01,17.860000610351562,17.883333206176758,17.266666412353516,17.266666412353516,16.616458892822266,350700
2009-10-02,17.113332748413086,17.25,17.093332290649414,17.15333366394043,16.507396697998047,553500
2009-10-05,17.15333366394043,17.200000762939453,16.950000762939453,17.03333282470703,16.39191436767578,903900
2009-10-06,17.10333251953125,17.30666732788086,16.976667404174805,17.203332901000977,16.555513381958008,301800
2009-10-07,17.086666107177734,17.163333892822266,16.93000030517578,17.1200008392334,16.475318908691406,975900
2009-10-08,17.176666259765625,17.203332901000977,16.816667556762695,16.886667251586914,16.250762939453125,372600
2009-10-09,16.843332290649414,17.0,16.81999969482422,16.933332443237305,16.295673370361328,338700
2009-10-12,17.079999923706055,17.170000076293945,16.93000030517578,16.976667404174805,16.337383270263672,167400
2009-10-13,16.979999542236328,17.053333282470703,16.753332138061523,16.84666633605957,16.2122745513916,325800
2009-10-14,17.03333282470703,17.100000381469727,16.803333282470703,17.053333282470703,16.411163330078125,1134000
2009-10-15,17.133333206176758,17.476667404174805,17.06999969482422,17.440000534057617,16.78326988220215,838500
2009-10-16,17.293333053588867,17.376667022705078,17.170000076293945,17.28333282470703,16.63249397277832,289500
2009-10-19,17.293333053588867,17.343332290649414,17.10333251953125,17.19333267211914,16.545888900756836,864000
2009-10-20,17.22333335876465,17.22333335876465,16.71666717529297,16.73666763305664,16.10641860961914,418500
2009-10-21,16.67333221435547,16.906667709350586,16.503332138061523,16.52666664123535,15.904325485229492,792300
2009-10-22,16.55666732788086,16.84000015258789,16.456666946411133,16.74333381652832,16.11283302307129,337800
2009-10-23,16.76333236694336,16.796667098999023,16.463333129882812,16.479999542236328,15.859423637390137,435900
2009-10-26,16.566667556762695,16.6299991607666,16.10333251953125,16.15999984741211,15.551471710205078,930900
2009-10-27,16.143333435058594,16.31999969482422,16.0,16.113332748413086,15.506555557250977,455400
2009-10-28,16.100000381469727,16.100000381469727,15.510000228881836,15.536666870117188,14.951603889465332,1020900
2009-10-29,15.763333320617676,15.970000267028809,15.739999771118164,15.880000114440918,15.282013893127441,1550700
2009-10-30,15.8100004196167,15.876667022705078,15.526666641235352,15.55666732788086,14.970855712890625,963600
2009-11-02,15.9399995803833,16.209999084472656,15.696666717529297,15.850000381469727,15.253138542175293,1526400
2009-11-03,15.713333129882812,16.32666778564453,15.699999809265137,16.316667556762695,15.702232360839844,815400
2009-11-04,16.399999618530273,16.43000030517578,16.0,16.02666664123535,15.423151969909668,1073700
2009-11-05,16.209999084472656,16.56333351135254,16.166667938232422,16.49333381652832,15.872247695922852,384600
2009-11-06,16.373332977294922,16.666667938232422,16.323333740234375,16.606666564941406,15.981313705444336,452700
2009-11-09,16.72333335876465,16.770000457763672,16.59000015258789,16.683332443237305,16.055091857910156,357900
2009-11-10,16.606666564941406,16.816667556762695,16.56999969482422,16.729999542236328,16.100004196166992,333000
2009-11-11,16.916667938232422,17.100000381469727,16.876667022705078,17.059999465942383,16.41757583618164,488700
2009-11-12,17.02666664123535,17.143333435058594,16.860000610351562,16.899999618530273,16.263601303100586,255300
2009-11-13,16.940000534057617,16.976667404174805,16.676666259765625,16.770000457763672,16.138500213623047,301200
2009-11-16,16.829999923706055,17.156667709350586,16.829999923706055,17.10333251953125,16.459280014038086,557100
2009-11-17,17.093332290649414,17.22333335876465,16.969999313354492,17.15999984741211,16.513811111450195,294300
2009-11-18,17.149999618530273,17.15333366394043,16.920000076293945,17.016666412353516,16.375871658325195,516900
2009-11-19,16.82666778564453,16.906667709350586,16.6299991607666,16.739999771118164,16.109622955322266,356700
2009-11-20,16.666667938232422,16.780000686645508,16.583332061767578,16.72333335876465,16.09359359741211,299700
2009-11-23,16.78333282470703,16.916667938232422,16.60333251953125,16.68000030517578,16.051889419555664,252300
2009-11-24,16.713333129882812,16.770000457763672,16.549999237060547,16.746667861938477,16.116044998168945,442200
2009-11-25,16.80666732788086,16.956666946411133,16.773332595825195,16.92333221435547,16.286056518554688,447900
2009-11-27,16.366666793823242,16.863332748413086,16.30666732788086,16.68666648864746,16.058300018310547,1019700
2009-11-30,16.613332748413086,16.73666763305664,16.593332290649414,16.72333335876465,16.09359359741211,223800
2009-12-01,16.696666717529297,17.05666732788086,16.696666717529297,17.003332138061523,16.3630428314209,416700
2009-12-02,17.06999969482422,17.23666763305664,16.989999771118164,17.113332748413086,16.468900680541992,826500
2009-12-03,17.093332290649414,17.31999969482422,16.96666717529297,16.969999313354492,16.330961227416992,272100
2009-12-04,17.100000381469727,17.296667098999023,16.90333366394043,17.06333351135254,16.420787811279297,482100
2009-12-07,17.02666664123535,17.17333221435547,16.92333221435547,17.02666664123535,16.385498046875,321300
2009-12-08,16.893333435058594,16.97333335876465,16.739999771118164,16.860000610351562,16.2251033782959,388200
2009-12-09,16.80666732788086,16.883333206176758,16.626667022705078,16.81333351135254,16.180198669433594,237900
2009-12-10,16.836666107177734,16.969999313354492,16.75,16.78333282470703,16.151323318481445,247200
2009-12-11,16.850000381469727,16.889999389648438,16.696666717529297,16.82666778564453,16.193037033081055,199200
2009-12-14,16.90333366394043,17.059999465942383,16.85333251953125,17.053333282470703,16.411163330078125,244800
2009-12-15,17.043333053588867,17.046667098999023,16.93666648864746,17.030000686645508,16.388708114624023,332400
2009-12-16,17.073333740234375,17.183332443237305,17.010000228881836,17.059999465942383,16.41757583618164,231300
2009-12-17,16.950000762939453,17.00666618347168,16.82666778564453,16.85333251953125,16.218690872192383,157800
2009-12-18,16.899999618530273,17.229999542236328,16.780000686645508,17.126667022705078,16.482385635375977,968700
2009-12-21,17.24333381652832,17.51333236694336,17.24333381652832,17.47333335876465,16.816011428833008,542400
2009-12-22,17.469999313354492,17.850000381469727,17.469999313354492,17.829999923706055,17.159259796142578,275100
2009-12-23,17.773332595825195,17.97333335876465,17.773332595825195,17.913333892822266,17.239458084106445,290100
2009-12-24,17.913333892822266,17.99333381652832,17.85333251953125,17.99333381652832,17.316448211669922,69900
2009-12-28,17.996667861938477,18.09666633605957,17.836666107177734,18.083332061767578,17.403060913085938,171900
2009-12-29,18.136667251586914,18.136667251586914,17.98666763305664,18.040000915527344,17.361364364624023,215400
2009-12-30,17.989999771118164,18.086666107177734,17.940000534057617,18.073333740234375,17.39344024658203,427500
2009-12-31,18.066667556762695,18.086666107177734,17.8799991607666,17.8799991607666,17.207378387451172,294900
2010-01-04,18.100000381469727,18.166667938232422,17.996667861938477,18.166667938232422,17.483257293701172,272400
2010-01-05,18.170000076293945,18.336666107177734,18.1200008392334,18.23666763305664,17.550628662109375,591000
2010-01-06,18.233333587646484,18.5,18.233333587646484,18.479999542236328,17.784807205200195,548400
2010-01-07,18.50666618347168,18.593332290649414,18.34666633605957,18.479999542236328,17.784807205200195,256800
2010-01-08,18.46666717529297,18.56333351135254,18.329999923706055,18.56333351135254,17.865005493164062,589500
2010-01-11,18.670000076293945,18.71666717529297,18.48666763305664,18.663333892822266,17.96124267578125,559500
2010-01-12,18.356666564941406,18.59000015258789,18.303333282470703,18.426666259765625,17.733478546142578,750000
2010-01-13,18.479999542236328,18.73666763305664,18.399999618530273,18.696666717529297,17.99332046508789,476400
2010-01-14,18.666667938232422,18.770000457763672,18.613332748413086,18.709999084472656,18.006149291992188,1649100
2010-01-15,18.683332443237305,18.709999084472656,18.303333282470703,18.383333206176758,17.6917781829834,858600
2010-01-19,18.416667938232422,18.799999237060547,18.40333366394043,18.799999237060547,18.092769622802734,634200
2010-01-20,18.73666763305664,18.833332061767578,18.389999389648438,18.696666717529297,17.99332046508789,642900
2010-01-21,18.68666648864746,18.75,18.296667098999023,18.389999389648438,17.69818878173828,1025100
2010-01-22,18.366666793823242,18.566667556762695,18.239999771118164,18.356666564941406,17.666107177734375,1026000
2010-01-25,18.426666259765625,18.49333381652832,18.156667709350586,18.280000686645508,17.592330932617188,460800
2010-01-26,18.34000015258789,18.573333740234375,18.25666618347168,18.406667709350586,17.7142333984375,833400
2010-01-27,18.376667022705078,18.663333892822266,18.323333740234375,18.65999984741211,17.95803451538086,883500
2010-01-28,18.623332977294922,18.639999389648438,18.30666732788086,18.393333435058594,17.701404571533203,537000
2010-01-29,18.453332901000977,18.64666748046875,18.42333221435547,18.426666259765625,17.733478546142578,721200
2010-02-01,18.46666717529297,18.639999389648438,18.420000076293945,18.6200008392334,17.919540405273438,473100
2010-02-02,18.766666412353516,19.14666748046875,18.593332290649414,19.14666748046875,18.4263916015625,1623900
2010-02-03,19.17333221435547,19.22333335876465,18.950000762939453,19.209999084472656,18.48734474182129,1722600
2010-02-04,18.99333381652832,19.066667556762695,18.27666664123535,18.32666778564453,17.637248992919922,1146300
2010-02-05,18.383333206176758,18.616666793823242,17.81333351135254,18.30666732788086,17.61799430847168,1239000
2010-02-08,18.273332595825195,18.343332290649414,18.083332061767578,18.15999984741211,17.476839065551758,429600
2010-02-09,18.34000015258789,18.57666778564453,18.21666717529297,18.383333206176758,17.6917781829834,346200
2010-02-10,18.24333381652832,18.43000030517578,18.06999969482422,18.333332061767578,17.643657684326172,468900
2010-02-11,18.280000686645508,18.709999084472656,18.05666732788086,18.636667251586914,17.935585021972656,1296000
2010-02-12,18.540000915527344,18.89666748046875,18.496667861938477,18.89666748046875,18.185794830322266,1101000
2010-02-16,19.053333282470703,19.086666107177734,18.726667404174805,18.963333129882812,18.249956130981445,409800
2010-02-17,19.059999465942383,19.31999969482422,18.963333129882812,19.303333282470703,18.577167510986328,972600
2010-02-18,19.31999969482422,19.333332061767578,19.016666412353516,19.05666732788086,18.339780807495117,809100
2010-02-19,19.0,19.149999618530273,18.893333435058594,19.066667556762695,18.349407196044922,344400
2010-02-22,19.133333206176758,19.149999618530273,18.876667022705078,18.933332443237305,18.221080780029297,253500
2010-02-23,18.913333892822266,18.983333587646484,18.57666778564453,18.593332290649414,17.893871307373047,741300
2010-02-24,18.68000030517578,18.80666732788086,18.606666564941406,18.670000076293945,17.96766471862793,324900
2010-02-25,18.5,18.64666748046875,18.39666748046875,18.636667251586914,17.935585021972656,947700
2010-02-26,18.670000076293945,18.833332061767578,18.549999237060547,18.770000457763672,18.06389808654785,273300
2010-03-01,19.17333221435547,19.76333236694336,19.163333892822266,19.75666618347168,19.013444900512695,1111800
2010-03-02,19.793333053588867,19.983333587646484,19.690000534057617,19.906667709350586,19.157806396484375,488400
2010-03-03,19.566667556762695,19.610000610351562,19.413333892822266,19.459999084472656,18.727941513061523,878100
2010-03-04,19.476667404174805,19.483333587646484,19.25,19.329999923706055,18.60283088684082,269400
2010-03-05,19.426666259765625,19.683332443237305,19.42333221435547,19.68000030517578,18.93966293334961,1598700
2010-03-08,19.703332901000977,19.766666412353516,19.623332977294922,19.726667404174805,18.984573364257812,620100
2010-03-09,19.72333335876465,20.00666618347168,19.700000762939453,19.883333206176758,19.135351181030273,901800
2010-03-10,19.916667938232422,20.209999084472656,19.916667938232422,20.116666793823242,19.359905242919922,1581600
2010-03-11,20.083332061767578,20.303333282470703,19.920000076293945,20.299999237060547,19.53634262084961,1161900
2010-03-12,20.476667404174805,20.476667404174805,19.950000762939453,20.14666748046875,19.388778686523438,1421700
2010-03-15,20.39666748046875,20.47333335876465,20.200000762939453,20.43000030517578,19.66144371032715,1177200
2010-03-16,20.520000457763672,20.520000457763672,20.383333206176758,20.496667861938477,19.725608825683594,522900
2010-03-17,20.510000228881836,20.536666870117188,20.376667022705078,20.416667938232422,19.648618698120117,442500
2010-03-18,20.3799991607666,20.44333267211914,20.273332595825195,20.360000610351562,19.594083786010742,397800
2010-03-19,20.25666618347168,20.46666717529297,20.24333381652832,20.25666618347168,19.49463653564453,1092300
2010-03-22,20.093332290649414,20.48666763305664,20.043333053588867,20.386667251586914,19.619749069213867,1034400
2010-03-23,20.42333221435547,20.703332901000977,20.366666793823242,20.683332443237305,19.905250549316406,777300
2010-03-24,20.633333206176758,20.696666717529297,20.44333267211914,20.459999084472656,19.690322875976562,843600
2010-03-25,20.559999465942383,20.690000534057617,20.270000457763672,20.286666870117188,19.52351188659668,899400
2010-03-26,20.31333351135254,20.42333221435547,20.023332595825195,20.126667022705078,19.36952781677246,667500
2010-03-29,20.239999771118164,20.270000457763672,20.170000076293945,20.22333335876465,19.462554931640625,577200
2010-03-30,20.233333587646484,20.233333587646484,20.020000457763672,20.113332748413086,19.356700897216797,456300
2010-03-31,20.086666107177734,20.25,19.953332901000977,19.983333587646484,19.231586456298828,764100
2010-04-01,20.100000381469727,20.293333053588867,20.020000457763672,20.149999618530273,19.39198875427246,1036800
2010-04-05,20.226667404174805,20.406667709350586,20.149999618530273,20.363332748413086,19.597288131713867,368100
2010-04-06,20.34000015258789,20.456666946411133,20.333332061767578,20.35333251953125,19.587661743164062,335400
2010-04-07,20.360000610351562,20.413333892822266,20.116666793823242,20.25,19.488224029541016,793200
2010-04-08,20.18000030517578,20.440000534057617,20.043333053588867,20.383333206176758,19.616540908813477,217200
2010-04-09,20.3700008392334,20.389999389648438,20.183332443237305,20.343332290649414,19.578041076660156,950100
2010-04-12,20.393333435058594,20.393333435058594,20.206666946411133,20.303333282470703,19.53955078125,786900
2010-04-13,20.273332595825195,20.40333366394043,20.22333335876465,20.299999237060547,19.53634262084961,861300
2010-04-14,20.336666107177734,20.530000686645508,20.296667098999023,20.530000686645508,19.757680892944336,607200
2010-04-15,20.520000457763672,20.583332061767578,20.399999618530273,20.476667404174805,19.706363677978516,315600
2010-04-16,20.453332901000977,20.483333587646484,20.100000381469727,20.303333282470703,19.53955078125,1087200
2010-04-19,20.25,20.40333366394043,19.953332901000977,20.1299991607666,19.37273597717285,600000
2010-04-20,20.123332977294922,20.190000534057617,19.953332901000977,20.190000534057617,19.43047523498535,332100
2010-04-21,20.246667861938477,20.246667861938477,19.74333381652832,19.850000381469727,19.1032657623291,827100
2010-04-22,19.613332748413086,19.746667861938477,19.35333251953125,19.696666717529297,18.955705642700195,494400
2010-04-23,19.72333335876465,20.059999465942383,19.706666946411133,20.03333282470703,19.279705047607422,464100
2010-04-26,20.01333236694336,20.209999084472656,19.886667251586914,19.886667251586914,19.138553619384766,695700
2010-04-27,19.803333282470703,20.110000610351562,19.606666564941406,19.636667251586914,18.8979549407959,720600
2010-04-28,19.67333221435547,19.790000915527344,19.610000610351562,19.703332901000977,18.962121963500977,682200
2010-04-29,19.823333740234375,20.663333892822266,19.823333740234375,20.28333282470703,19.520299911499023,2505000
2010-04-30,20.18666648864746,20.530000686645508,20.116666793823242,20.116666793823242,19.359905242919922,831000
2010-05-03,20.163333892822266,20.5,20.106666564941406,20.446666717529297,19.677486419677734,594900
2010-05-04,20.156667709350586,20.163333892822266,19.760000228881836,19.866666793823242,19.119306564331055,1065000
2010-05-05,19.649999618530273,19.649999618530273,18.94333267211914,19.416667938232422,18.686237335205078,1266600
2010-05-06,19.27666664123535,19.360000610351562,15.670000076293945,18.610000610351562,17.9099178314209,2456700
2010-05-07,18.420000076293945,18.739999771118164,17.516666412353516,17.84000015258789,17.168882369995117,2981100
2010-05-10,18.17333221435547,18.89666748046875,18.17333221435547,18.523332595825195,17.826513290405273,2140500
2010-05-11,18.299999237060547,19.02666664123535,18.25,18.766666412353516,18.06068992614746,1343100
2010-05-12,18.799999237060547,19.233333587646484,18.793333053588867,19.209999084472656,18.48734474182129,838200
2010-05-13,19.226667404174805,19.34666633605957,19.053333282470703,19.116666793823242,18.397525787353516,756600
2010-05-14,18.92333221435547,19.0,18.479999542236328,18.713333129882812,18.009357452392578,990600
2010-05-17,18.80666732788086,18.893333435058594,18.350000381469727,18.77666664123535,18.0703182220459,1103400
2010-05-18,18.89666748046875,19.00666618347168,18.55666732788086,18.6200008392334,17.919540405273438,1551300
2010-05-19,18.56333351135254,18.76333236694336,18.266666412353516,18.503332138061523,17.807266235351562,979200
2010-05-20,18.07666778564453,18.18666648864746,17.733333587646484,17.739999771118164,17.072647094726562,1120800
2010-05-21,17.459999084472656,18.170000076293945,17.446666717529297,17.799999237060547,17.130390167236328,912000
2010-05-24,17.75,18.02666664123535,17.670000076293945,17.726667404174805,17.059812545776367,808800
2010-05-25,17.393333435058594,17.713333129882812,17.01333236694336,17.69333267211914,17.027740478515625,1768800
2010-05-26,17.760000228881836,18.116666793823242,17.606666564941406,17.64666748046875,16.982818603515625,786900
2010-05-27,17.979999542236328,18.113332748413086,17.860000610351562,18.093332290649414,17.412687301635742,609300
2010-05-28,18.066667556762695,18.30666732788086,17.946666717529297,18.043333053588867,17.36457061767578,705900
2010-06-01,17.99333381652832,18.266666412353516,17.773332595825195,17.80666732788086,17.136802673339844,864000
2010-06-02,17.856666564941406,18.56333351135254,17.856666564941406,18.559999465942383,17.86180877685547,726300
2010-06-03,18.68000030517578,18.753332138061523,18.469999313354492,18.74333381652832,18.038240432739258,880500
2010-06-04,18.40999984741211,18.5,17.873332977294922,17.946666717529297,17.271533966064453,1103700
2010-06-07,18.170000076293945,18.26333236694336,17.56333351135254,17.579999923706055,16.91866683959961,1095900
2010-06-08,17.56333351135254,17.753332138061523,17.083332061767578,17.32666778564453,16.674861907958984,1147800
2010-06-09,17.40333366394043,17.59666633605957,17.166667938232422,17.219999313354492,16.57221031188965,862500
2010-06-10,17.523332595825195,17.823333740234375,17.373332977294922,17.81999969482422,17.149629592895508,732300
2010-06-11,17.690000534057617,18.143333435058594,17.656667709350586,18.139999389648438,17.457592010498047,466200
2010-06-14,18.113332748413086,18.49333381652832,18.016666412353516,18.213333129882812,17.528169631958008,612600
2010-06-15,18.21666717529297,18.639999389648438,18.19333267211914,18.59000015258789,17.890668869018555,390900
2010-06-16,18.626667022705078,18.626667022705078,18.39666748046875,18.43000030517578,17.736692428588867,333000
2010-06-17,18.540000915527344,18.540000915527344,18.18666648864746,18.366666793823242,17.67573356628418,629700
2010-06-18,18.389999389648438,18.700000762939453,18.389999389648438,18.643333435058594,17.941999435424805,1711800
2010-06-21,18.823333740234375,18.883333206176758,18.393333435058594,18.483333587646484,17.78801727294922,350700
2010-06-22,18.59666633605957,18.626667022705078,18.123332977294922,18.143333435058594,17.460805892944336,213300
2010-06-23,18.093332290649414,18.336666107177734,17.99333381652832,18.203332901000977,17.518550872802734,684300
2010-06-24,18.14666748046875,18.209999084472656,17.93000030517578,18.01333236694336,17.335693359375,466500
2010-06-25,18.02666664123535,18.503332138061523,17.899999618530273,18.383333206176758,17.6917781829834,196200
2010-06-28,18.343332290649414,18.540000915527344,18.21666717529297,18.24333381652832,17.557043075561523,288600
2010-06-29,17.92333221435547,17.969999313354492,17.479999542236328,17.59000015258789,16.92829132080078,566400
2010-06-30,17.50666618347168,17.67333221435547,17.229999542236328,17.25666618347168,16.607494354248047,417600
2010-07-01,17.213333129882812,17.213333129882812,16.48666763305664,16.85333251953125,16.219327926635742,903900
2010-07-02,16.85333251953125,17.239999771118164,16.836666107177734,16.97333335876465,16.334821701049805,606900
2010-07-06,17.166667938232422,17.239999771118164,16.530000686645508,16.64666748046875,16.02044105529785,1060200
2010-07-07,16.649999618530273,17.049999237060547,16.516666412353516,17.023332595825195,16.382938385009766,495600
2010-07-08,17.14666748046875,17.3799991607666,16.893333435058594,17.366666793823242,16.713359832763672,260700
2010-07-09,17.386667251586914,17.69333267211914,17.373332977294922,17.69333267211914,17.027740478515625,254700
2010-07-12,17.663333892822266,17.77666664123535,17.413333892822266,17.469999313354492,16.812801361083984,381900
2010-07-13,17.666667938232422,17.940000534057617,17.649999618530273,17.893333435058594,17.220216751098633,345300
2010-07-14,17.889999389648438,17.916667938232422,17.746667861938477,17.8799991607666,17.207378387451172,480300
2010-07-15,17.860000610351562,17.950000762939453,17.683332443237305,17.823333740234375,17.15283966064453,333600
2010-07-16,17.71666717529297,17.796667098999023,17.21666717529297,17.266666412353516,16.61711883544922,611700
2010-07-19,17.34666633605957,17.399999618530273,17.083332061767578,17.280000686645508,16.62994384765625,182400
2010-07-20,17.046667098999023,17.413333892822266,17.0,17.406667709350586,16.751853942871094,245400
2010-07-21,17.389999389648438,17.59666633605957,17.206666946411133,17.25666618347168,16.607494354248047,328500
2010-07-22,17.406667709350586,17.71666717529297,17.333332061767578,17.6299991607666,16.96678352355957,465900
2010-07-23,17.469999313354492,18.09666633605957,17.450000762939453,18.066667556762695,17.387020111083984,1098600
2010-07-26,18.163333892822266,18.873332977294922,18.163333892822266,18.809999465942383,18.10239601135254,531900
2010-07-27,18.920000076293945,18.950000762939453,18.523332595825195,18.643333435058594,17.941999435424805,633000
2010-07-28,18.593332290649414,18.700000762939453,18.106666564941406,18.106666564941406,17.425519943237305,459600
2010-07-29,18.386667251586914,18.399999618530273,17.780000686645508,18.06333351135254,17.383813858032227,582900
2010-07-30,17.833332061767578,18.389999389648438,17.78333282470703,18.293333053588867,17.605161666870117,412800
2010-08-02,18.440000534057617,18.713333129882812,18.426666259765625,18.643333435058594,17.941999435424805,288900
2010-08-03,18.666667938232422,18.836666107177734,18.510000228881836,18.676666259765625,17.974077224731445,151500
2010-08-04,18.969999313354492,19.083332061767578,18.72333335876465,19.030000686645508,18.31412124633789,152400
2010-08-05,18.926666259765625,19.00666618347168,18.809999465942383,18.82666778564453,18.118432998657227,355800
2010-08-06,18.683332443237305,19.036666870117188,18.530000686645508,19.036666870117188,18.32053565979004,824100
2010-08-09,19.043333053588867,19.143333435058594,18.93666648864746,19.116666793823242,18.397525787353516,335700
2010-08-10,18.946666717529297,19.049999237060547,18.68666648864746,18.883333206176758,18.172962188720703,463200
2010-08-11,18.666667938232422,18.666667938232422,18.266666412353516,18.343332290649414,17.653284072875977,275100
2010-08-12,17.953332901000977,18.566667556762695,17.953332901000977,18.479999542236328,17.784807205200195,220800
2010-08-13,18.3700008392334,18.49333381652832,18.253332138061523,18.253332138061523,17.566659927368164,202800
2010-08-16,18.1299991607666,18.440000534057617,18.040000915527344,18.26333236694336,17.576290130615234,4005600
2010-08-17,18.40333366394043,18.67333221435547,18.30666732788086,18.553333282470703,17.855382919311523,749700
2010-08-18,18.549999237060547,18.67333221435547,18.3700008392334,18.483333587646484,17.78801727294922,140400
2010-08-19,18.420000076293945,18.42333221435547,17.99333381652832,18.066667556762695,17.387020111083984,189600
2010-08-20,17.969999313354492,18.110000610351562,17.866666793823242,18.03333282470703,17.354951858520508,633600
2010-08-23,18.1200008392334,18.239999771118164,17.8799991607666,17.906667709350586,17.23304557800293,211500
2010-08-24,17.670000076293945,17.75666618347168,17.516666412353516,17.610000610351562,16.94753646850586,142200
2010-08-25,17.459999084472656,17.94333267211914,17.416667938232422,17.933332443237305,17.25870704650879,157500
2010-08-26,17.956666946411133,17.956666946411133,17.546667098999023,17.583332061767578,16.921871185302734,418200
2010-08-27,17.636667251586914,17.796667098999023,17.246667861938477,17.75666618347168,17.088687896728516,604800
2010-08-30,17.670000076293945,17.793333053588867,17.510000228881836,17.549999237060547,16.88979148864746,363300
2010-08-31,17.483333587646484,17.696666717529297,17.3700008392334,17.483333587646484,16.825632095336914,1271700
2010-09-01,17.683332443237305,17.976667404174805,17.67333221435547,17.93666648864746,17.26191520690918,808800
2010-09-02,17.90999984741211,18.23666763305664,17.90999984741211,18.229999542236328,17.54421043395996,253200
2010-09-03,18.389999389648438,18.51333236694336,18.260000228881836,18.43666648864746,17.74310302734375,382200
2010-09-07,18.286666870117188,18.393333435058594,18.18000030517578,18.24333381652832,17.557043075561523,318300
2010-09-08,18.273332595825195,18.516666412353516,18.273332595825195,18.489999771118164,17.79442596435547,486300
2010-09-09,18.59000015258789,18.773332595825195,18.48666763305664,18.586666107177734,17.887460708618164,334500
2010-09-10,18.60333251953125,18.84666633605957,18.586666107177734,18.84666633605957,18.137683868408203,239100
2010-09-13,18.963333129882812,18.963333129882812,18.790000915527344,18.866666793823242,18.15692901611328,200400
2010-09-14,18.793333053588867,18.863332748413086,18.709999084472656,18.80666732788086,18.09918212890625,615600
2010-09-15,18.76333236694336,19.18000030517578,18.76333236694336,19.176666259765625,18.45526695251465,228900
2010-09-16,19.09666633605957,19.1299991607666,18.959999084472656,19.00666618347168,18.291658401489258,417000
2010-09-17,19.15999984741211,19.30666732788086,19.073333740234375,19.22333335876465,18.50017738342285,354000
2010-09-20,19.239999771118164,19.559999465942383,19.206666946411133,19.5,18.766437530517578,171600
2010-09-21,19.540000915527344,19.540000915527344,19.34000015258789,19.43000030517578,18.69906997680664,401400
2010-09-22,19.336666107177734,19.55666732788086,19.23666763305664,19.3700008392334,18.64133071899414,201300
2010-09-23,19.19333267211914,19.56999969482422,19.149999618530273,19.393333435058594,18.66378402709961,107700
2010-09-24,19.586666107177734,19.690000534057617,19.553333282470703,19.676666259765625,18.93646240234375,200400
2010-09-27,19.719999313354492,19.816667556762695,19.593332290649414,19.626667022705078,18.888336181640625,165000
2010-09-28,19.69333267211914,19.766666412353516,19.399999618530273,19.76333236694336,19.019866943359375,215700
2010-09-29,19.703332901000977,19.75,19.579999923706055,19.690000534057617,18.949289321899414,263700
2010-09-30,19.793333053588867,19.876667022705078,19.65999984741211,19.790000915527344,19.045528411865234,243300
2010-10-01,19.920000076293945,19.920000076293945,19.60333251953125,19.770000457763672,19.02628517150879,158700
2010-10-04,19.71666717529297,19.816667556762695,19.60333251953125,19.76333236694336,19.019866943359375,424200
2010-10-05,19.886667251586914,20.219999313354492,19.863332748413086,20.170000076293945,19.411235809326172,206100
2010-10-06,20.18000030517578,20.18666648864746,19.863332748413086,19.94333267211914,19.193098068237305,219000
2010-10-07,20.010000228881836,20.09000015258789,19.866666793823242,20.059999465942383,19.305376052856445,266700
2010-10-08,20.06999969482422,20.360000610351562,20.003332138061523,20.290000915527344,19.526723861694336,152100
2010-10-11,20.303333282470703,20.383333206176758,20.229999542236328,20.26333236694336,19.50105857849121,127800
2010-10-12,20.183332443237305,20.39666748046875,20.036666870117188,20.3799991607666,19.613332748413086,89100
2010-10-13,20.469999313354492,20.536666870117188,20.3700008392334,20.373332977294922,19.606914520263672,445800
2010-10-14,20.373332977294922,20.440000534057617,20.239999771118164,20.343332290649414,19.578041076660156,322500
2010-10-15,20.510000228881836,20.510000228881836,20.28333282470703,20.453332901000977,19.683900833129883,275400
2010-10-18,20.456666946411133,20.56333351135254,20.426666259765625,20.56333351135254,19.789777755737305,113400
2010-10-19,20.336666107177734,20.426666259765625,20.010000228881836,20.126667022705078,19.36952781677246,425100
2010-10-20,19.82666778564453,19.873332977294922,19.559999465942383,19.68666648864746,18.946075439453125,1627500
2010-10-21,19.803333282470703,19.933332443237305,19.553333282470703,19.733333587646484,18.990989685058594,892800
2010-10-22,19.753332138061523,19.886667251586914,19.71666717529297,19.850000381469727,19.1032657623291,338100
2010-10-25,19.92333221435547,20.110000610351562,19.530000686645508,19.536666870117188,18.801734924316406,2067000
2010-10-26,19.520000457763672,19.606666564941406,19.323333740234375,19.453332901000977,18.72152328491211,1766400
2010-10-27,19.323333740234375,19.68666648864746,19.293333053588867,19.68666648864746,18.946075439453125,695700
2010-10-28,19.76333236694336,19.933332443237305,19.670000076293945,19.780000686645508,19.03590202331543,193800
2010-10-29,19.729999542236328,19.893333435058594,19.729999542236328,19.84666633605957,19.100065231323242,360600
2010-11-01,19.809999465942383,19.926666259765625,19.610000610351562,19.69333267211914,18.95249366760254,171000
2010-11-02,19.836666107177734,19.836666107177734,19.600000381469727,19.733333587646484,18.990989685058594,594000
2010-11-03,19.799999237060547,19.816667556762695,19.583332061767578,19.760000228881836,19.01666259765625,570600
2010-11-04,19.98666763305664,20.086666107177734,19.84000015258789,19.883333206176758,19.135351181030273,308100
2010-11-05,19.863332748413086,19.913333892822266,19.703332901000977,19.836666107177734,19.090435028076172,292200
2010-11-08,19.76333236694336,19.866666793823242,19.65999984741211,19.786666870117188,19.042320251464844,189900
2010-11-09,19.856666564941406,19.856666564941406,19.546667098999023,19.60333251953125,18.865882873535156,69000
2010-11-10,19.6200008392334,19.75666618347168,19.46666717529297,19.746667861938477,19.003833770751953,121800
2010-11-11,19.53333282470703,19.873332977294922,19.53333282470703,19.803333282470703,19.058353424072266,293100
2010-11-12,19.60333251953125,19.73666763305664,19.44333267211914,19.543333053588867,18.808147430419922,136500
2010-11-15,19.60333251953125,19.780000686645508,19.60333251953125,19.68000030517578,18.93966293334961,132000
2010-11-16,19.523332595825195,19.69333267211914,19.35333251953125,19.46666717529297,18.734355926513672,638700
2010-11-17,19.416667938232422,19.59666633605957,19.39666748046875,19.48666763305664,18.753604888916016,323100
2010-11-18,19.610000610351562,19.886667251586914,19.610000610351562,19.73666763305664,18.99419403076172,327300
2010-11-19,19.67333221435547,19.850000381469727,19.633333206176758,19.82666778564453,19.080810546875,325500
2010-11-22,19.793333053588867,20.05666732788086,19.753332138061523,19.953332901000977,19.202713012695312,492900
2010-11-23,19.73666763305664,19.836666107177734,19.656667709350586,19.75,19.00702667236328,141900
2010-11-24,19.860000610351562,20.09000015258789,19.860000610351562,20.09000015258789,19.334239959716797,61500
2010-11-26,19.940000534057617,20.066667556762695,19.90333366394043,20.023332595825195,19.27008056640625,27300
2010-11-29,19.933332443237305,20.023332595825195,19.726667404174805,20.003332138061523,19.250829696655273,327900
2010-11-30,19.72333335876465,19.899999618530273,19.72333335876465,19.760000228881836,19.01666259765625,217200
2010-12-01,20.00666618347168,20.18666648864746,20.00666618347168,20.02666664123535,19.27328872680664,298200
2010-12-02,20.079999923706055,20.233333587646484,20.003332138061523,20.22333335876465,19.462554931640625,585600
2010-12-03,20.25,20.386667251586914,20.21666717529297,20.360000610351562,19.594083786010742,291000
2010-12-06,20.373332977294922,20.373332977294922,20.196666717529297,20.309999465942383,19.545969009399414,284400
2010-12-07,20.553333282470703,20.616666793823242,20.43666648864746,20.459999084472656,19.690322875976562,243900
2010-12-08,20.52666664123535,20.616666793823242,20.43000030517578,20.440000534057617,19.67107391357422,110400
2010-12-09,20.433332443237305,20.433332443237305,20.31999969482422,20.31999969482422,19.555585861206055,332700
2010-12-10,20.336666107177734,20.606666564941406,20.336666107177734,20.56999969482422,19.79618263244629,1530900
2010-12-13,20.57666778564453,20.643333435058594,20.406667709350586,20.416667938232422,19.648618698120117,813000
2010-12-14,20.456666946411133,20.623332977294922,20.343332290649414,20.56999969482422,19.79618263244629,84300
2010-12-15,20.543333053588867,20.84666633605957,20.53333282470703,20.633333206176758,19.857133865356445,90600
2010-12-16,20.626667022705078,20.889999389648438,20.59000015258789,20.889999389648438,20.104137420654297,255600
2010-12-17,20.926666259765625,21.07666778564453,20.746667861938477,20.959999084472656,20.171512603759766,177000
2010-12-20,21.083332061767578,21.083332061767578,20.84666633605957,20.96666717529297,20.17793083190918,386100
2010-12-21,21.206666946411133,21.469999313354492,21.206666946411133,21.450000762939453,20.643081665039062,220500
2010-12-22,21.450000762939453,21.53333282470703,21.446666717529297,21.463333129882812,20.65591049194336,567000
2010-12-23,21.476667404174805,21.476667404174805,21.389999389648438,21.463333129882812,20.65591049194336,70200
2010-12-27,21.43000030517578,21.52666664123535,21.333332061767578,21.46666717529297,20.659120559692383,76800
2010-12-28,21.483333587646484,21.483333587646484,21.31333351135254,21.336666107177734,20.53400230407715,1022700
2010-12-29,21.316667556762695,21.376667022705078,21.27666664123535,21.27666664123535,20.47626495361328,162000
2010-12-30,21.293333053588867,21.296667098999023,21.183332443237305,21.196666717529297,20.399276733398438,145800
2010-12-31,21.17333221435547,21.176666259765625,21.01333236694336,21.02666664123535,20.235668182373047,93600
2011-01-03,21.18000030517578,21.426666259765625,21.18000030517578,21.299999237060547,20.49872589111328,197700
2011-01-04,21.309999465942383,21.309999465942383,21.049999237060547,21.139999389648438,20.344738006591797,130200
2011-01-05,21.0,21.383333206176758,21.0,21.366666793823242,20.562883377075195,210000
2011-01-06,21.416667938232422,21.416667938232422,21.229999542236328,21.293333053588867,20.492305755615234,213600
2011-01-07,21.296667098999023,21.296667098999023,21.10333251953125,21.24333381652832,20.444189071655273,51300
2011-01-10,21.19333267211914,21.280000686645508,21.073333740234375,21.23666763305664,20.437772750854492,275700
2011-01-11,21.296667098999023,21.43666648864746,21.286666870117188,21.413333892822266,20.60779571533203,119100
2011-01-12,21.549999237060547,21.549999237060547,21.286666870117188,21.44333267211914,20.63666534423828,220200
2011-01-13,21.59666633605957,21.59666633605957,21.366666793823242,21.426666259765625,20.620622634887695,335700
2011-01-14,21.416667938232422,21.51333236694336,21.383333206176758,21.463333129882812,20.65591049194336,214800
2011-01-18,21.40333366394043,21.626667022705078,21.40333366394043,21.613332748413086,20.800275802612305,118200
2011-01-19,21.56333351135254,21.613332748413086,20.969999313354492,21.043333053588867,20.251710891723633,550800
2011-01-20,20.963333129882812,21.083332061767578,20.786666870117188,21.020000457763672,20.2292537689209,856800
2011-01-21,21.09666633605957,21.09666633605957,20.72333335876465,20.729999542236328,19.95016098022461,531300
2011-01-24,20.75666618347168,20.979999542236328,20.733333587646484,20.863332748413086,20.078479766845703,485400
2011-01-25,20.829999923706055,20.85333251953125,20.733333587646484,20.85333251953125,20.068862915039062,79500
2011-01-26,20.979999542236328,21.229999542236328,20.886667251586914,21.19333267211914,20.396072387695312,159600
2011-01-27,21.203332901000977,21.309999465942383,21.100000381469727,21.149999618530273,20.354368209838867,76800
2011-01-28,21.149999618530273,21.149999618530273,20.453332901000977,20.459999084472656,19.690322875976562,430500
2011-01-31,20.520000457763672,20.729999542236328,20.43000030517578,20.60333251953125,19.828262329101562,223200
2011-02-01,20.99333381652832,20.99333381652832,20.68000030517578,20.706666946411133,19.927711486816406,210000
2011-02-02,20.6299991607666,20.850000381469727,20.6299991607666,20.790000915527344,20.007915496826172,246600
2011-02-03,20.753332138061523,20.836666107177734,20.583332061767578,20.746667861938477,19.96620750427246,164400
2011-02-04,20.75666618347168,20.959999084472656,20.75666618347168,20.899999618530273,20.113771438598633,201600
2011-02-07,20.940000534057617,21.09666633605957,20.836666107177734,20.84666633605957,20.06244659423828,135300
2011-02-08,20.84000015258789,20.916667938232422,20.75,20.90333366394043,20.11698341369629,408000
2011-02-09,20.850000381469727,20.850000381469727,20.623332977294922,20.696666717529297,19.918088912963867,149700
2011-02-10,20.586666107177734,20.856666564941406,20.55666732788086,20.836666107177734,20.052820205688477,79500
2011-02-11,20.78333282470703,20.84000015258789,20.606666564941406,20.80666732788086,20.02394676208496,680700
2011-02-14,20.706666946411133,20.983333587646484,20.706666946411133,20.96666717529297,20.17793083190918,96300
2011-02-15,20.926666259765625,21.030000686645508,20.90333366394043,20.969999313354492,20.18113899230957,43200
2011-02-16,21.020000457763672,21.139999389648438,21.003332138061523,21.086666107177734,20.293411254882812,132000
2011-02-17,21.083332061767578,21.18666648864746,21.030000686645508,21.14666748046875,20.351163864135742,129000
2011-02-18,21.1299991607666,21.14666748046875,20.940000534057617,21.073333740234375,20.28058624267578,496800
2011-02-22,20.836666107177734,20.963333129882812,20.53333282470703,20.55666732788086,19.783353805541992,79200
2011-02-23,20.696666717529297,20.72333335876465,20.383333206176758,20.399999618530273,19.632577896118164,153000
2011-02-24,20.43000030517578,20.613332748413086,20.323333740234375,20.516666412353516,19.744857788085938,144900
2011-02-25,20.606666564941406,20.829999923706055,20.573333740234375,20.823333740234375,20.039987564086914,78300
2011-02-28,20.84000015258789,21.040000915527344,20.77666664123535,20.856666564941406,20.07206916809082,133500
2011-03-01,20.816667556762695,20.963333129882812,20.666667938232422,20.726667404174805,19.94695472717285,131400
2011-03-02,20.676666259765625,21.049999237060547,20.666667938232422,20.97333335876465,20.184345245361328,158700
2011-03-03,20.766666412353516,20.963333129882812,20.766666412353516,20.946666717529297,20.158679962158203,381900
2011-03-04,20.89666748046875,20.97333335876465,20.796667098999023,20.906667709350586,20.120187759399414,151800
2011-03-07,20.78333282470703,21.02666664123535,20.65999984741211,20.883333206176758,20.097726821899414,74700
2011-03-08,20.866666793823242,21.209999084472656,20.75,21.163333892822266,20.367191314697266,120600
2011-03-09,21.15333366394043,21.333332061767578,21.09000015258789,21.219999313354492,20.42173194885254,222000
2011-03-10,21.219999313354492,21.219999313354492,20.850000381469727,20.93666648864746,20.14905548095703,99600
2011-03-11,20.71666717529297,21.1299991607666,20.71666717529297,21.05666732788086,20.264549255371094,111000
2011-03-14,20.90333366394043,21.14666748046875,20.876667022705078,20.97333335876465,20.184345245361328,110400
2011-03-15,20.43000030517578,20.873332977294922,20.43000030517578,20.793333053588867,20.011117935180664,270300
2011-03-16,20.696666717529297,20.886667251586914,20.55666732788086,20.593332290649414,19.818632125854492,303000
2011-03-17,20.886667251586914,20.886667251586914,20.600000381469727,20.610000610351562,19.83469009399414,211200
2011-03-18,20.719999313354492,20.81333351135254,20.643333435058594,20.703332901000977,19.924495697021484,250200
2011-03-21,20.950000762939453,20.969999313354492,20.793333053588867,20.829999923706055,20.046401977539062,238800
2011-03-22,20.866666793823242,20.866666793823242,20.636667251586914,20.703332901000977,19.924495697021484,169200
2011-03-23,20.636667251586914,20.73666763305664,20.476667404174805,20.696666717529297,19.918088912963867,1927800
2011-03-24,20.833332061767578,21.133333206176758,20.77666664123535,21.07666778564453,20.28379249572754,145200
2011-03-25,21.203332901000977,21.356666564941406,21.093332290649414,21.136667251586914,20.341533660888672,92100
2011-03-28,21.139999389648438,21.239999771118164,21.10333251953125,21.116666793823242,20.322284698486328,66600
2011-03-29,21.066667556762695,21.503332138061523,21.066667556762695,21.489999771118164,20.68157196044922,192600
2011-03-30,21.74333381652832,22.040000915527344,21.69333267211914,22.010000228881836,21.182016372680664,1817700
2011-03-31,22.053333282470703,22.26333236694336,22.049999237060547,22.25666618347168,21.419403076171875,269400
2011-04-01,22.39666748046875,22.40999984741211,22.280000686645508,22.406667709350586,21.56376075744629,1046400
2011-04-04,22.50666618347168,22.52666664123535,22.39666748046875,22.426666259765625,21.583005905151367,257400
2011-04-05,22.496667861938477,22.8799991607666,22.49333381652832,22.770000457763672,21.913421630859375,501600
2011-04-06,22.866666793823242,22.979999542236328,22.703332901000977,22.803333282470703,21.945497512817383,1543200
2011-04-07,22.963333129882812,22.963333129882812,22.670000076293945,22.729999542236328,21.874929428100586,374100
2011-04-08,22.959999084472656,22.959999084472656,22.643333435058594,22.74333381652832,21.887758255004883,492300
2011-04-11,22.866666793823242,22.866666793823242,22.59666633605957,22.75,21.89417266845703,320400
2011-04-12,22.670000076293945,22.73666763305664,22.59666633605957,22.719999313354492,21.865299224853516,179400
2011-04-13,22.886667251586914,22.956666946411133,22.726667404174805,22.899999618530273,22.03853416442871,453000
2011-04-14,22.780000686645508,23.290000915527344,22.71666717529297,23.286666870117188,22.41065788269043,354300
2011-04-15,23.333332061767578,23.786666870117188,23.26333236694336,23.786666870117188,22.891843795776367,397800
2011-04-18,23.68000030517578,23.68000030517578,23.270000457763672,23.549999237060547,22.664081573486328,860400
2011-04-19,23.666667938232422,23.666667938232422,23.233333587646484,23.35333251953125,22.474807739257812,487200
2011-04-20,23.71666717529297,23.816667556762695,23.583332061767578,23.809999465942383,22.914302825927734,939000
2011-04-21,23.996667861938477,24.03333282470703,23.796667098999023,24.0,23.09715461730957,526800
2011-04-25,24.06999969482422,24.073333740234375,23.656667709350586,23.866666793823242,22.96883773803711,902700
2011-04-26,23.93666648864746,24.286666870117188,23.883333206176758,24.18000030517578,23.2703800201416,261900
2011-04-27,24.273332595825195,24.85333251953125,24.246667861938477,24.843332290649414,23.908763885498047,654600
2011-04-28,24.90333366394043,25.0,24.64666748046875,24.90999984741211,23.972917556762695,459300
2011-04-29,24.873332977294922,25.03333282470703,24.59666633605957,24.59666633605957,23.671375274658203,3370800
2011-05-02,24.836666107177734,25.05666732788086,24.663333892822266,24.69333267211914,23.764402389526367,882000
2011-05-03,24.663333892822266,24.786666870117188,24.270000457763672,24.469999313354492,23.549470901489258,1871700
2011-05-04,24.40333366394043,24.610000610351562,24.030000686645508,24.136667251586914,23.22867774963379,603000
2011-05-05,24.040000915527344,24.123332977294922,23.656667709350586,23.676666259765625,22.78598403930664,780600
2011-05-06,23.893333435058594,24.296667098999023,23.893333435058594,24.09666633605957,23.1901798248291,705900
2011-05-09,24.176666259765625,24.579999923706055,24.113332748413086,24.546667098999023,23.623258590698242,786600
2011-05-10,24.709999084472656,24.73666763305664,24.46666717529297,24.69333267211914,23.764402389526367,483600
2011-05-11,24.709999084472656,24.709999084472656,24.266666412353516,24.426666259765625,23.507770538330078,629100
2011-05-12,24.26333236694336,24.780000686645508,24.1299991607666,24.770000457763672,23.838184356689453,552900
2011-05-13,24.829999923706055,24.913333892822266,24.523332595825195,24.626667022705078,23.70024299621582,621900
2011-05-16,24.559999465942383,24.6299991607666,24.253332138061523,24.286666870117188,23.373031616210938,1246500
2011-05-17,24.200000762939453,24.360000610351562,24.040000915527344,24.31999969482422,23.405115127563477,323100
2011-05-18,24.3799991607666,24.690000534057617,24.333332061767578,24.67333221435547,23.745153427124023,343500
2011-05-19,24.746667861938477,24.796667098999023,24.253332138061523,24.536666870117188,23.613632202148438,891300
2011-05-20,24.57666778564453,24.780000686645508,24.43666648864746,24.643333435058594,23.71628761291504,618300
2011-05-23,24.213333129882812,24.42333221435547,24.110000610351562,24.376667022705078,23.45964813232422,603600
2011-05-24,24.49333381652832,24.49333381652832,24.116666793823242,24.123332977294922,23.215843200683594,420000
2011-05-25,24.00666618347168,24.52666664123535,24.00666618347168,24.496667861938477,23.575138092041016,530400
2011-05-26,24.426666259765625,24.713333129882812,24.426666259765625,24.709999084472656,23.780447006225586,238500
2011-05-27,24.823333740234375,24.899999618530273,24.71666717529297,24.89666748046875,23.960086822509766,295200
2011-05-31,25.046667098999023,25.133333206176758,24.729999542236328,25.079999923706055,24.136520385742188,712500
2011-06-01,25.083332061767578,25.286666870117188,24.420000076293945,24.450000762939453,23.53022003173828,1037700
2011-06-02,24.413333892822266,24.703332901000977,24.35333251953125,24.64666748046875,23.719493865966797,1215000
2011-06-03,24.523332595825195,24.60333251953125,24.260000228881836,24.299999237060547,23.385868072509766,628800
2011-06-06,24.286666870117188,24.286666870117188,23.729999542236328,23.786666870117188,22.891843795776367,948900
2011-06-07,23.996667861938477,24.280000686645508,23.899999618530273,24.123332977294922,23.215843200683594,316200
2011-06-08,24.14666748046875,24.286666870117188,23.969999313354492,24.126667022705078,23.219057083129883,1990200
2011-06-09,24.093332290649414,24.309999465942383,23.833332061767578,24.10333251953125,23.19659996032715,950700
2011-06-10,24.1200008392334,24.1200008392334,23.57666778564453,23.606666564941406,22.71861457824707,571200
2011-06-13,23.623332977294922,23.81999969482422,23.343332290649414,23.47333335876465,22.59029769897461,645600
2011-06-14,23.65333366394043,23.766666412353516,23.553333282470703,23.649999618530273,22.760316848754883,319200
2011-06-15,23.48666763305664,23.90999984741211,23.389999389648438,23.406667709350586,22.52614402770996,385200
2011-06-16,23.42333221435547,23.606666564941406,23.083332061767578,23.373332977294922,22.49405860900879,472500
2011-06-17,23.636667251586914,23.643333435058594,23.100000381469727,23.14666748046875,22.275920867919922,1202400
2011-06-20,23.03333282470703,23.450000762939453,23.023332595825195,23.303333282470703,22.426681518554688,2117700
2011-06-21,23.453332901000977,23.746667861938477,23.389999389648438,23.696666717529297,22.805219650268555,444900
2011-06-22,23.636667251586914,23.823333740234375,23.55666732788086,23.55666732788086,22.670495986938477,374700
2011-06-23,23.31333351135254,23.739999771118164,23.093332290649414,23.71666717529297,22.824480056762695,537000
2011-06-24,23.82666778564453,23.82666778564453,23.383333206176758,23.566667556762695,22.680126190185547,464400
2011-06-27,23.489999771118164,23.81333351135254,23.42333221435547,23.773332595825195,22.87901496887207,249600
2011-06-28,23.913333892822266,24.3799991607666,23.81333351135254,24.329999923706055,23.414731979370117,621000
2011-06-29,24.459999084472656,24.49333381652832,24.14666748046875,24.43000030517578,23.510976791381836,552000
2011-06-30,24.523332595825195,24.60333251953125,24.333332061767578,24.3700008392334,23.453235626220703,375300
2011-07-01,24.40333366394043,24.666667938232422,24.253332138061523,24.65333366394043,23.72591209411621,535200
2011-07-05,24.713333129882812,24.75666618347168,24.503332138061523,24.68000030517578,23.751569747924805,930900
2011-07-06,24.683332443237305,24.860000610351562,24.626667022705078,24.82666778564453,23.892719268798828,367200
2011-07-07,25.020000457763672,25.1200008392334,24.81333351135254,25.06999969482422,24.12689781188965,491400
2011-07-08,24.8700008392334,25.14666748046875,24.8700008392334,25.139999389648438,24.19426727294922,230700
2011-07-11,24.770000457763672,24.989999771118164,24.523332595825195,24.59666633605957,23.671375274658203,493800
2011-07-12,24.516666412353516,24.82666778564453,24.356666564941406,24.57666778564453,23.652130126953125,153600
2011-07-13,24.719999313354492,25.079999923706055,24.706666946411133,24.82666778564453,23.892719268798828,619800
2011-07-14,24.946666717529297,25.25666618347168,24.64666748046875,24.733333587646484,23.802898406982422,513300
2011-07-15,24.80666732788086,24.80666732788086,24.553333282470703,24.75,23.818944931030273,408000
2011-07-18,24.68666648864746,24.729999542236328,24.14666748046875,24.389999389648438,23.47248077392578,311700
2011-07-19,24.53333282470703,24.883333206176758,24.53333282470703,24.85333251953125,23.91838264465332,614100
2011-07-20,24.916667938232422,24.969999313354492,24.393333435058594,24.47333335876465,23.55268096923828,448800
2011-07-21,24.610000610351562,25.016666412353516,24.566667556762695,24.883333206176758,23.947254180908203,846000
2011-07-22,24.94333267211914,25.206666946411133,24.916667938232422,25.183332443237305,24.235971450805664,696000
2011-07-25,24.979999542236328,24.979999542236328,24.52666664123535,24.540000915527344,23.616838455200195,437400
2011-07-26,24.53333282470703,24.53333282470703,24.19333267211914,24.25,23.337753295898438,479700
2011-07-27,24.083332061767578,24.149999618530273,23.47333335876465,23.530000686645508,22.644834518432617,791400
2011-07-28,23.49333381652832,24.086666107177734,23.49333381652832,23.559999465942383,22.673702239990234,570900
2011-07-29,23.323333740234375,23.856666564941406,23.05666732788086,23.71666717529297,22.824480056762695,768300
2011-08-01,24.079999923706055,24.17333221435547,23.176666259765625,23.406667709350586,22.52614402770996,543300
2011-08-02,23.270000457763672,23.636667251586914,22.51333236694336,22.530000686645508,21.68245506286621,1419900
2011-08-03,22.510000228881836,22.676666259765625,21.55666732788086,22.406667709350586,21.56376075744629,1963500
2011-08-04,21.863332748413086,21.863332748413086,20.143333435058594,20.143333435058594,19.38557243347168,3365100
2011-08-05,20.219999313354492,20.549999237060547,19.23666763305664,19.906667709350586,19.157806396484375,1576500
2011-08-08,19.040000915527344,19.459999084472656,18.23666763305664,18.453332901000977,17.759140014648438,2074200
2011-08-09,18.733333587646484,19.75666618347168,18.356666564941406,19.75666618347168,19.013444900512695,2955300
2011-08-10,19.583332061767578,19.593332290649414,18.68666648864746,18.793333053588867,18.086349487304688,1677000
2011-08-11,18.876667022705078,19.786666870117188,18.663333892822266,19.520000457763672,18.785682678222656,1977600
2011-08-12,19.643333435058594,20.196666717529297,19.52666664123535,19.969999313354492,19.218759536743164,698400
2011-08-15,20.22333335876465,20.796667098999023,20.22333335876465,20.770000457763672,19.988656997680664,1389300
2011-08-16,20.593332290649414,20.790000915527344,20.363332748413086,20.600000381469727,19.825054168701172,1833900
2011-08-17,20.536666870117188,20.92333221435547,20.206666946411133,20.46666717529297,19.696733474731445,920700
2011-08-18,19.96666717529297,19.96666717529297,19.22333335876465,19.426666259765625,18.69586753845215,1367100
2011-08-19,19.136667251586914,19.770000457763672,19.06999969482422,19.440000534057617,18.70868682861328,859800
2011-08-22,19.8799991607666,19.96666717529297,19.059999465942383,19.156667709350586,18.436017990112305,882300
2011-08-23,19.316667556762695,20.049999237060547,19.053333282470703,20.030000686645508,19.276498794555664,701700
2011-08-24,19.946666717529297,20.113332748413086,19.583332061767578,20.049999237060547,19.295745849609375,1173300
2011-08-25,20.116666793823242,20.273332595825195,19.510000228881836,19.549999237060547,18.81455421447754,737400
2011-08-26,19.43666648864746,20.083332061767578,19.09000015258789,20.049999237060547,19.295745849609375,687600
2011-08-29,20.30666732788086,20.84666633605957,20.303333282470703,20.823333740234375,20.039987564086914,622800
2011-08-30,20.59000015258789,21.22333335876465,20.57666778564453,21.110000610351562,20.31587028503418,800400
2011-08-31,21.030000686645508,21.463333129882812,20.860000610351562,21.049999237060547,20.25812530517578,634500
2011-09-01,20.996667861938477,21.293333053588867,20.56333351135254,20.600000381469727,19.825054168701172,897900
2011-09-02,20.206666946411133,20.74333381652832,20.066667556762695,20.163333892822266,19.404817581176758,1211400
2011-09-06,19.663333892822266,20.463333129882812,19.663333892822266,20.446666717529297,19.677486419677734,848100
2011-09-07,20.74333381652832,21.253332138061523,20.613332748413086,21.253332138061523,20.45380973815918,800100
2011-09-08,21.1200008392334,21.40999984741211,20.976667404174805,21.170000076293945,20.373611450195312,599100
2011-09-09,20.89666748046875,20.963333129882812,20.25666618347168,20.446666717529297,19.677486419677734,629100
2011-09-12,20.15333366394043,20.573333740234375,20.053333282470703,20.549999237060547,19.776935577392578,642900
2011-09-13,20.469999313354492,20.956666946411133,20.469999313354492,20.8799991607666,20.094528198242188,534600
2011-09-14,20.989999771118164,21.3799991607666,20.733333587646484,21.123332977294922,20.328699111938477,414600
2011-09-15,21.376667022705078,21.376667022705078,20.97333335876465,21.336666107177734,20.53400230407715,371100
2011-09-16,21.34000015258789,21.453332901000977,21.110000610351562,21.25666618347168,20.4570255279541,1297200
2011-09-19,20.98666763305664,21.273332595825195,20.82666778564453,21.066667556762695,20.2741641998291,1048500
2011-09-20,21.176666259765625,21.53333282470703,21.023332595825195,21.113332748413086,20.319076538085938,391200
2011-09-21,21.079999923706055,21.520000457763672,20.68000030517578,20.703332901000977,19.924495697021484,776100
2011-09-22,20.07666778564453,20.489999771118164,19.81333351135254,20.166667938232422,19.40802001953125,1024500
2011-09-23,19.97333335876465,20.57666778564453,19.97333335876465,20.50666618347168,19.735227584838867,1161000
2011-09-26,20.633333206176758,20.816667556762695,20.126667022705078,20.636667251586914,19.860347747802734,1514100
2011-09-27,20.92333221435547,21.270000457763672,20.799999237060547,20.89666748046875,20.110565185546875,790500
2011-09-28,21.02666664123535,21.083332061767578,20.156667709350586,20.156667709350586,19.398406982421875,2352900
2011-09-29,20.586666107177734,20.636667251586914,19.573333740234375,20.166667938232422,19.40802001953125,1116300
2011-09-30,19.889999389648438,20.31333351135254,19.809999465942383,19.836666107177734,19.090435028076172,1129200
2011-10-03,19.666667938232422,20.00666618347168,18.886667251586914,18.89666748046875,18.185794830322266,1037700
2011-10-04,18.68000030517578,19.706666946411133,18.65999984741211,19.683332443237305,18.942869186401367,1317000
2011-10-05,19.790000915527344,20.343332290649414,19.51333236694336,20.239999771118164,19.478599548339844,1241400
2011-10-06,20.09666633605957,20.81999969482422,20.079999923706055,20.799999237060547,20.017528533935547,946500
2011-10-07,20.866666793823242,20.866666793823242,20.416667938232422,20.420000076293945,19.651823043823242,763800
2011-10-10,20.706666946411133,21.046667098999023,20.600000381469727,20.90333366394043,20.11698341369629,936000
2011-10-11,20.773332595825195,21.110000610351562,20.75666618347168,20.889999389648438,20.104137420654297,450900
2011-10-12,21.086666107177734,21.19333267211914,20.790000915527344,20.856666564941406,20.07206916809082,543300
2011-10-13,20.726667404174805,21.299999237060547,20.71666717529297,21.239999771118164,20.44097137451172,496800
2011-10-14,21.479999542236328,21.479999542236328,21.083332061767578,21.433332443237305,20.627038955688477,1044000
2011-10-17,21.27666664123535,21.363332748413086,20.706666946411133,20.760000228881836,19.97903060913086,448500
2011-10-18,20.829999923706055,21.31333351135254,20.496667861938477,21.156667709350586,20.360780715942383,924000
2011-10-19,21.143333435058594,21.496667861938477,20.866666793823242,20.93666648864746,20.14905548095703,771000
2011-10-20,21.023332595825195,21.233333587646484,20.719999313354492,21.213333129882812,20.415315628051758,258300
2011-10-21,21.43000030517578,21.65999984741211,21.26333236694336,21.613332748413086,20.800275802612305,236400
2011-10-24,21.5,22.203332901000977,21.5,22.176666259765625,21.342405319213867,618000
2011-10-25,22.003332138061523,22.003332138061523,21.453332901000977,21.47333335876465,20.665536880493164,419100
2011-10-26,21.84000015258789,21.8799991607666,21.059999465942383,21.626667022705078,20.81309700012207,364200
2011-10-27,22.273332595825195,22.656667709350586,21.953332901000977,22.47333335876465,21.62792205810547,2093400
2011-10-28,22.183332443237305,22.68000030517578,22.183332443237305,22.579999923706055,21.73056983947754,377100
2011-10-31,22.39666748046875,22.39666748046875,22.036666870117188,22.036666870117188,21.20767593383789,485700
2011-11-01,21.35333251953125,21.573333740234375,21.100000381469727,21.25666618347168,20.4570255279541,1201500
2011-11-02,21.606666564941406,21.606666564941406,20.96666717529297,21.363332748413086,20.55966567993164,290100
2011-11-03,21.816667556762695,21.816667556762695,21.229999542236328,21.68000030517578,20.86442756652832,672600
2011-11-04,21.383333206176758,21.616666793823242,21.299999237060547,21.420000076293945,20.614206314086914,1106700
2011-11-07,21.383333206176758,21.48666763305664,20.793333053588867,21.19333267211914,20.396072387695312,975000
2011-11-08,21.18666648864746,21.18666648864746,20.636667251586914,21.010000228881836,20.21963119506836,723600
2011-11-09,20.623332977294922,20.81333351135254,20.333332061767578,20.336666107177734,19.57162857055664,697200
2011-11-10,20.593332290649414,20.649999618530273,20.040000915527344,20.233333587646484,19.472179412841797,572400
2011-11-11,20.413333892822266,20.719999313354492,20.376667022705078,20.67333221435547,19.895631790161133,442800
2011-11-14,20.459999084472656,20.733333587646484,20.459999084472656,20.623332977294922,19.847511291503906,276300
2011-11-15,20.52666664123535,20.726667404174805,20.366666793823242,20.633333206176758,19.857133865356445,272700
2011-11-16,20.40999984741211,20.773332595825195,20.31333351135254,20.366666793823242,19.60049819946289,553800
2011-11-17,20.280000686645508,20.489999771118164,19.99333381652832,20.05666732788086,19.302165985107422,361200
2011-11-18,20.133333206176758,20.133333206176758,19.833332061767578,19.883333206176758,19.135351181030273,538200
2011-11-21,20.023332595825195,20.48666763305664,19.996667861938477,20.39666748046875,19.629364013671875,1845000
2011-11-22,20.309999465942383,20.760000228881836,20.309999465942383,20.65999984741211,19.882795333862305,611400
2011-11-23,20.420000076293945,20.496667861938477,20.1299991607666,20.1299991607666,19.37273597717285,761100
2011-11-25,20.01333236694336,20.233333587646484,19.926666259765625,19.926666259765625,19.177047729492188,132900
2011-11-28,20.546667098999023,20.953332901000977,20.40333366394043,20.953332901000977,20.165096282958984,1027200
2011-11-29,20.979999542236328,21.05666732788086,20.78333282470703,20.8700008392334,20.084896087646484,329700
2011-11-30,21.559999465942383,21.78333282470703,21.336666107177734,21.753332138061523,20.934999465942383,633300
2011-12-01,21.633333206176758,21.98666763305664,21.600000381469727,21.893333435058594,21.069738388061523,310800
2011-12-02,22.093332290649414,22.093332290649414,21.729999542236328,21.766666412353516,20.947834014892578,387300
2011-12-05,22.113332748413086,22.113332748413086,21.71666717529297,21.81999969482422,20.999160766601562,336900
2011-12-06,21.863332748413086,21.863332748413086,21.55666732788086,21.68666648864746,20.870849609375,1141200
2011-12-07,21.59000015258789,21.623332977294922,21.26333236694336,21.510000228881836,20.70081901550293,283800
2011-12-08,21.413333892822266,21.479999542236328,21.06999969482422,21.093332290649414,20.299829483032227,288900
2011-12-09,21.116666793823242,21.516666412353516,20.950000762939453,21.420000076293945,20.614206314086914,222300
2011-12-12,21.10333251953125,21.200000762939453,20.97333335876465,21.163333892822266,20.367191314697266,461100
2011-12-13,21.420000076293945,21.426666259765625,20.809999465942383,20.906667709350586,20.120187759399414,567600
2011-12-14,20.73666763305664,20.926666259765625,20.613332748413086,20.65999984741211,19.882795333862305,312600
2011-12-15,20.873332977294922,20.89666748046875,20.65333366394043,20.733333587646484,19.9533748626709,201000
2011-12-16,20.829999923706055,21.036666870117188,20.77666664123535,20.933332443237305,20.145849227905273,371700
2011-12-19,21.053333282470703,21.30666732788086,20.816667556762695,20.856666564941406,20.07206916809082,385800
2011-12-20,21.209999084472656,21.57666778564453,21.209999084472656,21.57666778564453,20.764982223510742,403500
2011-12-21,21.43000030517578,21.68666648864746,21.270000457763672,21.666667938232422,20.85159683227539,438600
2011-12-22,21.753332138061523,21.920000076293945,21.670000076293945,21.836666107177734,21.015193939208984,251400
2011-12-23,21.916667938232422,21.926666259765625,21.75,21.873332977294922,21.050487518310547,245100
2011-12-27,21.760000228881836,22.226667404174805,21.74333381652832,22.15999984741211,21.32636833190918,275400
2011-12-28,22.183332443237305,22.183332443237305,21.82666778564453,21.850000381469727,21.028034210205078,142200
2011-12-29,21.836666107177734,22.110000610351562,21.809999465942383,22.07666778564453,21.246173858642578,253500
2011-12-30,22.209999084472656,22.25666618347168,21.90999984741211,22.133333206176758,21.30070686340332,904500
2012-01-03,22.51333236694336,22.593332290649414,22.066667556762695,22.09000015258789,21.259002685546875,287400
2012-01-04,22.01333236694336,22.170000076293945,21.94333267211914,22.010000228881836,21.182016372680664,145200
2012-01-05,22.05666732788086,23.020000457763672,22.05666732788086,22.780000686645508,21.92304039001465,829200
2012-01-06,22.82666778564453,23.31999969482422,22.82666778564453,23.19333267211914,22.320829391479492,722100
2012-01-09,23.52666664123535,23.753332138061523,23.333332061767578,23.676666259765625,22.78598403930664,1847700
2012-01-10,24.15333366394043,24.15333366394043,23.856666564941406,24.07666778564453,23.170940399169922,1596600
2012-01-11,24.003332138061523,24.59666633605957,23.886667251586914,24.57666778564453,23.652130126953125,1037100
2012-01-12,24.5,24.81333351135254,24.226667404174805,24.59666633605957,23.671375274658203,934800
2012-01-13,24.356666564941406,24.636667251586914,24.25,24.600000381469727,23.67458152770996,408900
2012-01-17,24.860000610351562,24.8700008392334,24.553333282470703,24.676666259765625,23.748363494873047,768300
2012-01-18,24.606666564941406,24.8799991607666,24.59666633605957,24.8700008392334,23.93442153930664,308700
2012-01-19,24.969999313354492,25.053333282470703,24.68000030517578,24.69333267211914,23.764402389526367,602700
2012-01-20,24.656667709350586,24.75666618347168,24.363332748413086,24.459999084472656,23.53985023498535,741900
2012-01-23,24.626667022705078,24.65333366394043,24.126667022705078,24.21666717529297,23.305667877197266,431400
2012-01-24,24.116666793823242,24.60333251953125,24.049999237060547,24.536666870117188,23.613632202148438,807300
2012-01-25,24.68666648864746,25.213333129882812,24.626667022705078,25.156667709350586,24.210302352905273,816900
2012-01-26,25.17333221435547,25.446666717529297,24.670000076293945,24.883333206176758,23.947254180908203,1507500
2012-01-27,24.893333435058594,25.94333267211914,24.893333435058594,25.90333366394043,24.92888641357422,780900
2012-01-30,25.530000686645508,25.59666633605957,25.299999237060547,25.510000228881836,24.55034828186035,2197500
2012-01-31,25.626667022705078,25.676666259765625,25.386667251586914,25.536666870117188,24.576007843017578,609000
2012-02-01,25.959999084472656,26.376667022705078,25.81999969482422,26.293333053588867,25.304214477539062,1686300
2012-02-02,26.366666793823242,26.75666618347168,26.266666412353516,26.633333206176758,25.63142204284668,765000
2012-02-03,27.079999923706055,27.190000534057617,26.696666717529297,26.926666259765625,25.913728713989258,580200
2012-02-06,26.81999969482422,27.5,26.656667709350586,27.44333267211914,26.410953521728516,949800
2012-02-07,27.56333351135254,27.56333351135254,26.90999984741211,27.016666412353516,26.000337600708008,1159200
2012-02-08,27.03333282470703,27.100000381469727,26.296667098999023,26.56999969482422,25.570472717285156,1079100
2012-02-09,26.676666259765625,26.68000030517578,26.209999084472656,26.406667709350586,25.41328239440918,727200
2012-02-10,26.183332443237305,26.233333587646484,26.003332138061523,26.19333267211914,25.207977294921875,768300
2012-02-13,26.53333282470703,27.036666870117188,26.53333282470703,27.0,25.984294891357422,647700
2012-02-14,26.760000228881836,26.856666564941406,26.469999313354492,26.573333740234375,25.57368278503418,523800
2012-02-15,26.733333587646484,26.886667251586914,26.299999237060547,26.49333381652832,25.496688842773438,340800
2012-02-16,26.5,26.969999313354492,26.5,26.866666793823242,25.855976104736328,367200
2012-02-17,26.866666793823242,26.866666793823242,26.209999084472656,26.21666717529297,25.230436325073242,800400
2012-02-21,26.239999771118164,26.333332061767578,25.559999465942383,25.616666793823242,24.653003692626953,1045200
2012-02-22,25.649999618530273,25.649999618530273,25.266666412353516,25.510000228881836,24.55034828186035,840900
2012-02-23,25.683332443237305,26.190000534057617,25.610000610351562,26.126667022705078,25.143815994262695,774300
2012-02-24,26.18000030517578,26.299999237060547,25.946666717529297,26.170000076293945,25.185522079467773,1266000
2012-02-27,25.89666748046875,26.110000610351562,25.656667709350586,26.01333236694336,25.03474235534668,624300
2012-02-28,25.989999771118164,25.989999771118164,25.71666717529297,25.860000610351562,24.887187957763672,455100
2012-02-29,25.920000076293945,26.09666633605957,25.6200008392334,25.6200008392334,24.65620994567871,348000
2012-03-01,25.706666946411133,25.98666763305664,25.48666763305664,25.8799991607666,24.90642738342285,522900
2012-03-02,25.84000015258789,25.976667404174805,25.510000228881836,25.67333221435547,24.707530975341797,456900
2012-03-05,25.68666648864746,25.68666648864746,25.23666763305664,25.39666748046875,24.441272735595703,1119600
2012-03-06,25.1299991607666,25.163333892822266,24.606666564941406,24.799999237060547,23.867050170898438,978300
2012-03-07,24.863332748413086,25.053333282470703,24.843332290649414,24.963333129882812,24.024242401123047,681900
2012-03-08,25.10333251953125,25.586666107177734,25.003332138061523,25.48666763305664,24.527889251708984,868200
2012-03-09,25.43000030517578,25.733333587646484,25.43000030517578,25.68000030517578,24.713956832885742,356400
2012-03-12,25.636667251586914,25.746667861938477,25.496667861938477,25.549999237060547,24.588838577270508,210300
2012-03-13,25.649999618530273,25.950000762939453,25.583332061767578,25.950000762939453,24.973796844482422,840000
2012-03-14,25.93000030517578,26.0,25.666667938232422,25.80666732788086,24.835853576660156,534300
2012-03-15,25.8799991607666,26.149999618530273,25.816667556762695,26.123332977294922,25.140605926513672,457800
2012-03-16,26.270000457763672,26.270000457763672,26.01333236694336,26.15999984741211,25.1759033203125,257100
2012-03-19,26.1299991607666,26.566667556762695,26.073333740234375,26.386667251586914,25.39403533935547,1015200
2012-03-20,26.253332138061523,26.260000228881836,25.8700008392334,25.926666259765625,24.951339721679688,888000
2012-03-21,25.92333221435547,26.246667861938477,25.899999618530273,26.1299991607666,25.14702606201172,191400
2012-03-22,25.92333221435547,26.043333053588867,25.71666717529297,26.023332595825195,25.04436683654785,391800
2012-03-23,25.99333381652832,26.170000076293945,25.920000076293945,26.15333366394043,25.169483184814453,163500
2012-03-26,26.360000610351562,26.82666778564453,26.18000030517578,26.793333053588867,25.7854061126709,833700
2012-03-27,26.780000686645508,26.899999618530273,26.546667098999023,26.553333282470703,25.554431915283203,276900
2012-03-28,26.983333587646484,27.296667098999023,26.40999984741211,26.77666664123535,25.76936149597168,548100
2012-03-29,26.59666633605957,26.803333282470703,26.446666717529297,26.706666946411133,25.702001571655273,463200
2012-03-30,26.85333251953125,27.01333236694336,26.683332443237305,26.81999969482422,25.81106948852539,313800
2012-04-02,26.726667404174805,27.10333251953125,26.583332061767578,27.093332290649414,26.07411766052246,475500
2012-04-03,27.086666107177734,27.366666793823242,27.016666412353516,27.27666664123535,26.250551223754883,231900
2012-04-04,27.040000915527344,27.040000915527344,26.476667404174805,26.706666946411133,25.702001571655273,1011000
2012-04-05,26.520000457763672,26.989999771118164,26.516666412353516,26.899999618530273,25.8880615234375,170400
2012-04-09,26.50666618347168,26.50666618347168,26.059999465942383,26.136667251586914,25.153440475463867,407100
2012-04-10,26.066667556762695,26.093332290649414,25.083332061767578,25.110000610351562,24.165390014648438,1182600
2012-04-11,25.44333267211914,25.639999389648438,25.299999237060547,25.3799991607666,24.42523956298828,610800
2012-04-12,25.47333335876465,25.600000381469727,25.366666793823242,25.450000762939453,24.49260711669922,1156500
2012-04-13,25.3700008392334,25.3700008392334,24.81999969482422,24.876667022705078,23.940841674804688,754500
2012-04-16,24.94333267211914,24.98666763305664,24.28333282470703,24.633333206176758,23.706661224365234,993600
2012-04-17,24.809999465942383,25.333332061767578,24.799999237060547,25.1299991607666,24.184646606445312,192000
2012-04-18,25.040000915527344,25.106666564941406,24.84666633605957,24.926666259765625,23.98895263671875,386400
2012-04-19,25.67333221435547,26.30666732788086,25.670000076293945,25.92333221435547,24.94812774658203,1383600
2012-04-20,26.059999465942383,26.43000030517578,25.946666717529297,26.290000915527344,25.301002502441406,322800
2012-04-23,26.030000686645508,26.383333206176758,25.913333892822266,26.360000610351562,25.36837387084961,428400
2012-04-24,26.3700008392334,26.510000228881836,26.200000762939453,26.3700008392334,25.37799835205078,313800
2012-04-25,26.56333351135254,27.079999923706055,26.453332901000977,27.05666732788086,26.038829803466797,994800
2012-04-26,27.126667022705078,27.299999237060547,27.059999465942383,27.166667938232422,26.14469337463379,829200
2012-04-27,27.28333282470703,27.483333587646484,26.833332061767578,27.376667022705078,26.34678840637207,596100
2012-04-30,27.456666946411133,27.496667861938477,27.030000686645508,27.113332748413086,26.09336280822754,866700
2012-05-01,27.059999465942383,27.440000534057617,26.90999984741211,27.05666732788086,26.038829803466797,351000
2012-05-02,26.84000015258789,27.43666648864746,26.84000015258789,27.363332748413086,26.33396339416504,171300
2012-05-03,27.31999969482422,27.489999771118164,26.73666763305664,26.84000015258789,25.83031463623047,532200
2012-05-04,26.739999771118164,26.739999771118164,26.25,26.266666412353516,25.278553009033203,607200
2012-05-07,26.329999923706055,27.053333282470703,26.329999923706055,26.84666633605957,25.83673095703125,323700
2012-05-08,26.549999237060547,26.96666717529297,26.229999542236328,26.96666717529297,25.952220916748047,527700
2012-05-09,26.55666732788086,26.799999237060547,26.3700008392334,26.726667404174805,25.721250534057617,528000
2012-05-10,26.89666748046875,27.143333435058594,26.753332138061523,27.053333282470703,26.03562355041504,827700
2012-05-11,26.90999984741211,27.656667709350586,26.90999984741211,27.52666664123535,26.491147994995117,2354100
2012-05-14,27.333332061767578,27.616666793823242,27.203332901000977,27.43666648864746,26.404531478881836,830100
2012-05-15,27.40999984741211,27.726667404174805,27.393333435058594,27.549999237060547,26.513607025146484,1563900
2012-05-16,27.6200008392334,27.790000915527344,27.48666763305664,27.586666107177734,26.548891067504883,822300
2012-05-17,27.666667938232422,27.74333381652832,26.6200008392334,26.649999618530273,25.647464752197266,1549500
2012-05-18,26.649999618530273,26.649999618530273,25.333332061767578,26.229999542236328,25.243263244628906,1332000
2012-05-21,26.363332748413086,27.15333366394043,26.299999237060547,27.1200008392334,26.099777221679688,1487700
2012-05-22,27.1200008392334,27.483333587646484,26.920000076293945,27.036666870117188,26.01957893371582,653400
2012-05-23,26.75666618347168,27.07666778564453,26.49333381652832,27.03333282470703,26.016372680664062,682800
2012-05-24,26.956666946411133,27.34000015258789,26.916667938232422,27.34000015258789,26.311511993408203,476100
2012-05-25,27.386667251586914,27.416667938232422,27.143333435058594,27.40999984741211,26.378868103027344,280200
2012-05-29,27.40333366394043,27.57666778564453,27.133333206176758,27.469999313354492,26.436614990234375,807300
2012-05-30,27.356666564941406,27.356666564941406,26.99333381652832,27.156667709350586,26.13506507873535,135900
2012-05-31,27.09666633605957,27.09666633605957,26.53333282470703,26.81333351135254,25.80465316772461,409500
2012-06-01,26.463333129882812,26.48666763305664,25.93666648864746,26.100000381469727,25.118146896362305,784200
2012-06-04,26.093332290649414,26.50666618347168,25.666667938232422,26.156667709350586,25.172687530517578,874200
2012-06-05,26.06999969482422,26.74333381652832,26.053333282470703,26.65333366394043,25.650672912597656,474600
2012-06-06,26.899999618530273,27.133333206176758,26.81999969482422,27.07666778564453,26.058076858520508,376500
2012-06-07,27.49333381652832,27.49333381652832,26.77666664123535,26.77666664123535,25.76936149597168,576000
2012-06-08,26.6200008392334,27.316667556762695,26.536666870117188,27.233333587646484,26.208852767944336,489300
2012-06-11,27.503332138061523,27.503332138061523,26.6299991607666,26.65333366394043,25.650672912597656,567600
2012-06-12,26.76333236694336,27.09666633605957,26.610000610351562,27.079999923706055,26.0612850189209,609600
2012-06-13,27.036666870117188,27.329999923706055,26.816667556762695,26.90333366394043,25.891271591186523,767700
2012-06-14,26.979999542236328,27.56999969482422,26.860000610351562,27.53333282470703,26.497568130493164,647100
2012-06-15,27.549999237060547,27.92333221435547,27.43000030517578,27.876667022705078,26.82798957824707,816000
2012-06-18,27.75666618347168,28.246667861938477,27.696666717529297,28.093332290649414,27.036497116088867,685800
2012-06-19,28.296667098999023,28.64666748046875,28.273332595825195,28.42333221435547,27.35408592224121,928500
2012-06-20,28.68000030517578,28.866666793823242,28.489999771118164,28.676666259765625,27.59788703918457,434700
2012-06-21,29.0,29.126667022705078,28.610000610351562,28.75,27.6684627532959,1001400
2012-06-22,28.899999618530273,29.226667404174805,28.47333335876465,29.17333221435547,28.075870513916016,651000
2012-06-25,28.753332138061523,28.899999618530273,28.57666778564453,28.753332138061523,27.671672821044922,512400
2012-06-26,28.84666633605957,29.053333282470703,28.663333892822266,28.84666633605957,27.76148796081543,282900
2012-06-27,29.01333236694336,29.996667861938477,28.856666564941406,29.553333282470703,28.44158172607422,1646400
2012-06-28,29.246667861938477,29.47333335876465,28.309999465942383,28.75,27.6684627532959,1851900
2012-06-29,29.50666618347168,29.530000686645508,29.10333251953125,29.489999771118164,28.38062858581543,794100
2012-07-02,29.566667556762695,30.690000534057617,29.566667556762695,30.670000076293945,29.5162296295166,1969800
2012-07-03,30.73666763305664,30.913333892822266,30.540000915527344,30.893333435058594,29.73116111755371,835800
2012-07-05,30.916667938232422,31.15999984741211,30.73666763305664,31.083332061767578,29.91402244567871,1569300
2012-07-06,30.989999771118164,31.06333351135254,30.623332977294922,30.75,29.593223571777344,596400
2012-07-09,30.726667404174805,30.933332443237305,30.593332290649414,30.816667556762695,29.65738868713379,369600
2012-07-10,31.049999237060547,31.066667556762695,30.406667709350586,30.463333129882812,29.317344665527344,425100
2012-07-11,30.469999313354492,30.469999313354492,29.626667022705078,29.883333206176758,28.75916290283203,2128800
2012-07-12,29.633333206176758,30.25,29.303333282470703,30.136667251586914,29.002971649169922,907200
2012-07-13,30.31333351135254,30.50666618347168,30.149999618530273,30.40999984741211,29.266019821166992,305400
2012-07-16,30.42333221435547,30.856666564941406,30.309999465942383,30.733333587646484,29.57718849182129,890700
2012-07-17,30.77666664123535,31.1299991607666,30.600000381469727,31.040000915527344,29.872318267822266,501900
2012-07-18,30.98666763305664,31.32666778564453,30.913333892822266,31.106666564941406,29.936481475830078,895800
2012-07-19,31.229999542236328,31.229999542236328,30.746667861938477,30.843332290649414,29.683046340942383,939000
2012-07-20,30.69333267211914,30.85333251953125,30.420000076293945,30.543333053588867,29.394332885742188,987300
2012-07-23,30.200000762939453,30.200000762939453,29.56333351135254,30.043333053588867,28.913145065307617,1631400
2012-07-24,30.183332443237305,30.24333381652832,29.546667098999023,29.676666259765625,28.56027603149414,668400
2012-07-25,30.1299991607666,30.213333129882812,29.790000915527344,29.969999313354492,28.842567443847656,795300
2012-07-26,30.55666732788086,30.59666633605957,30.260000228881836,30.49333381652832,29.346210479736328,671400
2012-07-27,30.69333267211914,31.416667938232422,30.69333267211914,31.203332901000977,30.029508590698242,1768500
2012-07-30,31.25666618347168,31.373332977294922,30.76333236694336,30.799999237060547,29.641342163085938,846600
2012-07-31,30.666667938232422,30.833332061767578,29.959999084472656,29.959999084472656,28.83294105529785,737700
2012-08-01,30.156667709350586,30.253332138061523,29.02666664123535,29.079999923706055,27.986047744750977,1373700
2012-08-02,28.690000534057617,28.843332290649414,28.113332748413086,28.503332138061523,27.43107032775879,1806000
2012-08-03,28.899999618530273,29.200000762939453,28.670000076293945,28.69333267211914,27.61393165588379,1181100
2012-08-06,28.700000762939453,28.913333892822266,28.663333892822266,28.746667861938477,27.665252685546875,2471100
2012-08-07,28.883333206176758,29.079999923706055,28.770000457763672,28.926666259765625,27.83847999572754,676500
2012-08-08,28.873332977294922,28.926666259765625,28.463333129882812,28.546667098999023,27.472780227661133,748800
2012-08-09,28.46666717529297,28.68666648864746,28.40999984741211,28.523332595825195,27.45032501220703,376800
2012-08-10,28.420000076293945,28.600000381469727,28.35333251953125,28.426666259765625,27.3572940826416,162600
2012-08-13,28.293333053588867,28.559999465942383,28.14666748046875,28.559999465942383,27.485607147216797,296700
2012-08-14,28.6299991607666,28.926666259765625,28.606666564941406,28.866666793823242,27.780742645263672,520500
2012-08-15,28.84000015258789,29.299999237060547,28.803333282470703,29.233333587646484,28.13361358642578,315300
2012-08-16,29.219999313354492,29.219999313354492,28.703332901000977,28.833332061767578,27.748653411865234,858000
2012-08-17,28.80666732788086,28.913333892822266,28.593332290649414,28.873332977294922,27.78716468811035,197700
2012-08-20,28.75,28.893333435058594,28.626667022705078,28.866666793823242,27.780742645263672,293100
2012-08-21,29.030000686645508,29.239999771118164,28.746667861938477,28.883333206176758,27.796775817871094,409800
2012-08-22,28.876667022705078,29.303333282470703,28.75,29.213333129882812,28.114364624023438,172500
2012-08-23,29.1299991607666,29.239999771118164,28.933332443237305,29.156667709350586,28.05983543395996,204300
2012-08-24,29.10333251953125,29.579999923706055,29.09666633605957,29.476667404174805,28.367795944213867,261300
2012-08-27,29.6200008392334,29.67333221435547,29.30666732788086,29.549999237060547,28.43836784362793,153000
2012-08-28,29.573333740234375,29.68000030517578,29.426666259765625,29.649999618530273,28.534603118896484,209400
2012-08-29,29.733333587646484,29.823333740234375,29.600000381469727,29.65999984741211,28.544227600097656,179100
2012-08-30,29.57666778564453,29.57666778564453,29.30666732788086,29.413333892822266,28.30684471130371,285000
2012-08-31,29.649999618530273,29.649999618530273,29.226667404174805,29.510000228881836,28.399879455566406,141900
2012-09-04,29.606666564941406,30.286666870117188,29.536666870117188,30.209999084472656,29.073532104492188,549900
2012-09-05,30.200000762939453,30.24333381652832,29.956666946411133,30.079999923706055,28.94842529296875,336300
2012-09-06,30.273332595825195,30.770000457763672,30.270000457763672,30.67333221435547,29.519445419311523,568200
2012-09-07,30.76333236694336,30.786666870117188,30.34666633605957,30.530000686645508,29.381500244140625,216900
2012-09-10,30.516666412353516,30.546667098999023,30.206666946411133,30.24333381652832,29.10561752319336,357000
2012-09-11,30.31999969482422,30.3700008392334,30.21666717529297,30.303333282470703,29.163362503051758,553200
2012-09-12,30.40999984741211,30.57666778564453,30.316667556762695,30.469999313354492,29.323759078979492,299700
2012-09-13,30.476667404174805,30.953332901000977,30.34000015258789,30.74333381652832,29.586814880371094,604800
2012-09-14,30.866666793823242,31.213333129882812,30.799999237060547,30.976667404174805,29.811368942260742,421500
2012-09-17,31.086666107177734,31.32666778564453,30.72333335876465,31.303333282470703,30.125736236572266,298800
2012-09-18,31.333332061767578,31.600000381469727,31.309999465942383,31.59666633605957,30.40804100036621,853800
2012-09-19,31.729999542236328,31.8799991607666,31.610000610351562,31.76333236694336,30.568439483642578,299400
2012-09-20,31.726667404174805,31.77666664123535,31.546667098999023,31.75666618347168,30.56201934814453,423000
2012-09-21,32.043331146240234,32.223331451416016,31.969999313354492,32.08333206176758,30.87640380859375,374400
2012-09-24,31.983333587646484,31.983333587646484,31.543333053588867,31.59666633605957,30.40804100036621,1021800
2012-09-25,31.883333206176758,32.03666687011719,31.229999542236328,31.25,30.074413299560547,398400
2012-09-26,31.53333282470703,31.53333282470703,30.700000762939453,30.803333282470703,29.644554138183594,496500
2012-09-27,30.97333335876465,31.363332748413086,30.770000457763672,31.196666717529297,30.02309226989746,529200
2012-09-28,31.15333366394043,31.360000610351562,30.89666748046875,31.136667251586914,29.965351104736328,529200
2012-10-01,31.336666107177734,31.636667251586914,31.079999923706055,31.239999771118164,30.06478500366211,1065000
2012-10-02,31.366666793823242,31.57666778564453,31.30666732788086,31.55666732788086,30.369548797607422,317400
2012-10-03,31.703332901000977,31.80666732788086,31.42333221435547,31.626667022705078,30.43691635131836,199200
2012-10-04,31.80666732788086,31.906667709350586,31.5,31.709999084472656,30.51711654663086,134400
2012-10-05,31.84666633605957,32.16666793823242,31.69333267211914,31.85333251953125,30.655052185058594,323700
2012-10-08,31.866666793823242,31.866666793823242,31.479999542236328,31.503332138061523,30.318214416503906,356700
2012-10-09,31.520000457763672,31.60333251953125,30.850000381469727,30.856666564941406,29.695871353149414,297000
2012-10-10,30.856666564941406,30.926666259765625,30.489999771118164,30.726667404174805,29.570764541625977,861000
2012-10-11,30.92333221435547,31.226667404174805,30.766666412353516,30.863332748413086,29.70229721069336,180600
2012-10-12,30.969999313354492,31.093332290649414,30.706666946411133,30.780000686645508,29.622098922729492,427200
2012-10-15,30.84000015258789,30.94333267211914,30.666667938232422,30.833332061767578,29.673423767089844,346200
2012-10-16,31.113332748413086,31.18000030517578,30.833332061767578,31.123332977294922,29.9525146484375,881100
2012-10-17,31.166667938232422,31.726667404174805,31.09666633605957,31.600000381469727,30.41124725341797,637800
2012-10-18,31.543333053588867,31.543333053588867,31.200000762939453,31.200000762939453,30.02630043029785,189300
2012-10-19,31.139999389648438,31.149999618530273,29.746667861938477,30.016666412353516,28.887479782104492,1818600
2012-10-22,30.09000015258789,30.09000015258789,29.549999237060547,29.766666412353516,28.646883010864258,2263500
2012-10-23,29.5,29.59000015258789,28.76333236694336,29.23666763305664,28.136821746826172,1148400
2012-10-24,29.5,29.649999618530273,29.07666778564453,29.09666633605957,28.002086639404297,1088700
2012-10-25,29.27666664123535,29.51333236694336,29.0,29.093332290649414,27.99888038635254,256200
2012-10-26,29.10333251953125,29.170000076293945,28.420000076293945,28.540000915527344,27.466360092163086,1266600
2012-10-31,28.610000610351562,28.676666259765625,27.833332061767578,27.940000534057617,26.888935089111328,834900
2012-11-01,28.18666648864746,28.69333267211914,27.98666763305664,28.450000762939453,27.37974739074707,748200
2012-11-02,28.489999771118164,29.143333435058594,27.833332061767578,27.843332290649414,26.7958984375,424500
2012-11-05,27.913333892822266,28.546667098999023,27.90999984741211,28.489999771118164,27.418243408203125,495600
2012-11-06,28.549999237060547,28.706666946411133,28.39666748046875,28.48666763305664,27.415040969848633,392700
2012-11-07,28.123332977294922,28.229999542236328,27.57666778564453,27.77666664123535,26.73174476623535,769800
2012-11-08,27.836666107177734,27.850000381469727,27.386667251586914,27.546667098999023,26.510406494140625,750000
2012-11-09,27.30666732788086,28.343332290649414,27.25,28.149999618530273,27.091033935546875,743400
2012-11-12,28.55666732788086,28.786666870117188,28.433332443237305,28.579999923706055,27.504863739013672,625800
2012-11-13,28.51333236694336,28.876667022705078,28.406667709350586,28.713333129882812,27.633174896240234,399300
2012-11-14,28.75,28.84666633605957,27.860000610351562,27.953332901000977,26.901763916015625,489300
2012-11-15,27.953332901000977,27.956666946411133,27.116666793823242,27.239999771118164,26.215272903442383,2065500
2012-11-16,27.48666763305664,28.19333267211914,27.34000015258789,28.100000381469727,27.042919158935547,939900
2012-11-19,28.516666412353516,28.78333282470703,28.14666748046875,28.549999237060547,27.475982666015625,851700
2012-11-20,28.48666763305664,29.09000015258789,28.48666763305664,29.07666778564453,27.98284339904785,636600
2012-11-21,29.136667251586914,29.22333335876465,28.969999313354492,29.166667938232422,28.0694637298584,394800
2012-11-23,29.24333381652832,29.536666870117188,29.233333587646484,29.536666870117188,28.425539016723633,286800
2012-11-26,29.530000686645508,29.530000686645508,29.106666564941406,29.376667022705078,28.271556854248047,560100
2012-11-27,29.393333435058594,29.57666778564453,29.196666717529297,29.233333587646484,28.13361358642578,872400
2012-11-28,29.209999084472656,29.406667709350586,28.649999618530273,29.389999389648438,28.284387588500977,680700
2012-11-29,29.540000915527344,29.816667556762695,29.51333236694336,29.799999237060547,28.678966522216797,439200
2012-11-30,29.90333366394043,29.90333366394043,29.426666259765625,29.623332977294922,28.508941650390625,607500
2012-12-03,29.876667022705078,29.876667022705078,29.28333282470703,29.376667022705078,28.271556854248047,550200
2012-12-04,29.549999237060547,29.549999237060547,29.1299991607666,29.32666778564453,28.22343635559082,363300
2012-12-05,29.416667938232422,29.416667938232422,28.953332901000977,29.273332595825195,28.172107696533203,699000
2012-12-06,29.200000762939453,29.479999542236328,29.136667251586914,29.21666717529297,28.11757469177246,219600
2012-12-07,29.363332748413086,29.363332748413086,29.049999237060547,29.093332290649414,27.99888038635254,658800
2012-12-10,29.229999542236328,29.709999084472656,29.229999542236328,29.59666633605957,28.483280181884766,463500
2012-12-11,29.709999084472656,30.253332138061523,29.709999084472656,30.17333221435547,29.038244247436523,355200
2012-12-12,30.196666717529297,30.28333282470703,29.996667861938477,30.09000015258789,28.958053588867188,429600
2012-12-13,30.020000457763672,30.126667022705078,29.65999984741211,29.753332138061523,28.63405990600586,322200
2012-12-14,29.68666648864746,29.913333892822266,29.459999084472656,29.52666664123535,28.415908813476562,406200
2012-12-17,29.553333282470703,29.803333282470703,29.530000686645508,29.803333282470703,28.682170867919922,335700
2012-12-18,29.920000076293945,30.219999313354492,29.829999923706055,30.219999313354492,29.083162307739258,350700
2012-12-19,30.219999313354492,30.219999313354492,29.74333381652832,29.829999923706055,28.70783805847168,169500
2012-12-20,29.90333366394043,29.953332901000977,29.666667938232422,29.746667861938477,28.627639770507812,402000
2012-12-21,29.266666412353516,29.643333435058594,29.133333206176758,29.503332138061523,28.45627784729004,205200
2012-12-24,29.40999984741211,29.446666717529297,29.270000457763672,29.433332443237305,28.38875389099121,144000
2012-12-26,29.48666763305664,29.51333236694336,29.100000381469727,29.206666946411133,28.170141220092773,411900
2012-12-27,29.316667556762695,29.610000610351562,28.72333335876465,29.18000030517578,28.14442253112793,419400
2012-12-28,29.09666633605957,29.196666717529297,28.793333053588867,28.793333053588867,27.77147102355957,182400
2012-12-31,28.786666870117188,29.366666793823242,28.65333366394043,29.303333282470703,28.263385772705078,366600
2013-01-02,30.079999923706055,30.420000076293945,29.979999542236328,30.413333892822266,29.333980560302734,725400
2013-01-03,30.290000915527344,30.726667404174805,30.156667709350586,30.536666870117188,29.45293617248535,354000
2013-01-04,30.536666870117188,31.036666870117188,30.456666946411133,30.836666107177734,29.74228858947754,801000
2013-01-07,30.899999618530273,31.136667251586914,30.663333892822266,31.136667251586914,30.03164291381836,285300
2013-01-08,31.023332595825195,31.40333366394043,31.023332595825195,31.40333366394043,30.28884506225586,274200
2013-01-09,31.546667098999023,31.860000610351562,31.389999389648438,31.82666778564453,30.69715690612793,690000
2013-01-10,32.0,32.15999984741211,31.5,31.85333251953125,30.722871780395508,1836900
2013-01-11,31.953332901000977,32.043331146240234,31.549999237060547,31.836666107177734,30.70679473876953,335100
2013-01-14,31.93000030517578,32.13999938964844,31.796667098999023,32.08333206176758,30.944713592529297,1015500
2013-01-15,31.94333267211914,32.42333221435547,31.81999969482422,32.32666778564453,31.179407119750977,845400
2013-01-16,32.32666778564453,32.39666748046875,31.933332443237305,31.940000534057617,30.806468963623047,719700
2013-01-17,32.12333297729492,32.150001525878906,31.76333236694336,31.893333435058594,30.761455535888672,242700
2013-01-18,31.99333381652832,31.99333381652832,31.666667938232422,31.906667709350586,30.774320602416992,266400
2013-01-22,31.80666732788086,32.016666412353516,31.663333892822266,31.956666946411133,30.822538375854492,515100
2013-01-23,31.98666763305664,31.98666763305664,31.579999923706055,31.613332748413086,30.49139404296875,489300
2013-01-24,31.546667098999023,32.06999969482422,31.50666618347168,31.709999084472656,30.584627151489258,893400
2013-01-25,31.860000610351562,32.143333435058594,31.713333129882812,32.119998931884766,30.980083465576172,285600
2013-01-28,32.22666549682617,32.26333236694336,31.913333892822266,31.946666717529297,30.812898635864258,768000
2013-01-29,32.016666412353516,32.029998779296875,31.670000076293945,31.963333129882812,30.828962326049805,165300
2013-01-30,31.956666946411133,32.06666564941406,31.376667022705078,31.483333587646484,30.36600112915039,286200
2013-01-31,31.593332290649414,31.81333351135254,31.393333435058594,31.696666717529297,30.57176971435547,890100
2013-02-01,31.90333366394043,32.143333435058594,31.696666717529297,32.016666412353516,30.880414962768555,731700
2013-02-04,31.866666793823242,32.003334045410156,31.6299991607666,31.713333129882812,30.58784294128418,562200
2013-02-05,31.873332977294922,32.21666717529297,31.81333351135254,32.17333221435547,31.03152084350586,640800
2013-02-06,32.176666259765625,32.32666778564453,31.856666564941406,32.106666564941406,30.96721649169922,433800
2013-02-07,32.21333312988281,32.253334045410156,31.530000686645508,31.760000228881836,30.632854461669922,681300
2013-02-08,31.866666793823242,32.143333435058594,31.78333282470703,31.98666763305664,30.851472854614258,572400
2013-02-11,32.04999923706055,32.266666412353516,31.753332138061523,31.773332595825195,30.645709991455078,844500
2013-02-12,31.876667022705078,31.926666259765625,31.606666564941406,31.623332977294922,30.501035690307617,579300
2013-02-13,31.739999771118164,31.963333129882812,31.6200008392334,31.78333282470703,30.655359268188477,515100
2013-02-14,31.696666717529297,31.84666633605957,31.503332138061523,31.709999084472656,30.584627151489258,1083000
2013-02-15,31.803333282470703,31.926666259765625,31.656667709350586,31.81999969482422,30.690725326538086,667800
2013-02-19,31.833332061767578,32.11333465576172,31.739999771118164,32.09000015258789,30.951139450073242,525900
2013-02-20,32.099998474121094,32.279998779296875,31.803333282470703,31.816667556762695,30.68750762939453,303900
2013-02-21,31.74333381652832,31.766666412353516,31.209999084472656,31.413333892822266,30.298490524291992,570000
2013-02-22,31.51333236694336,31.866666793823242,31.51333236694336,31.85333251953125,30.722871780395508,181200
2013-02-25,31.433332443237305,31.433332443237305,30.64666748046875,30.670000076293945,29.581531524658203,659100
2013-02-26,30.799999237060547,30.906667709350586,30.383333206176758,30.65333366394043,29.565462112426758,402000
2013-02-27,30.663333892822266,31.273332595825195,30.65333366394043,31.086666107177734,29.983417510986328,607500
2013-02-28,31.046667098999023,31.463333129882812,31.046667098999023,31.316667556762695,30.20525550842285,229200
2013-03-01,31.196666717529297,31.739999771118164,30.963333129882812,31.676666259765625,30.55247688293457,487200
2013-03-04,31.56333351135254,32.24333190917969,31.56333351135254,32.24333190917969,31.09903335571289,602100
2013-03-05,32.380001068115234,32.83333206176758,32.37333297729492,32.63999938964844,31.48162078857422,1196400
2013-03-06,32.74333190917969,32.98666763305664,32.733333587646484,32.93000030517578,31.761337280273438,957000
2013-03-07,32.9466667175293,33.16666793823242,32.82666778564453,33.15666580200195,31.979951858520508,2123100
2013-03-08,33.279998779296875,33.44333267211914,32.810001373291016,33.383331298828125,32.198577880859375,1849500
2013-03-11,33.206668853759766,33.44333267211914,33.206668853759766,33.426666259765625,32.24036407470703,605700
2013-03-12,33.42333221435547,33.54999923706055,33.2400016784668,33.54999923706055,32.35933303833008,681000
2013-03-13,33.22666549682617,33.30666732788086,33.0099983215332,33.119998931884766,31.944583892822266,972600
2013-03-14,33.279998779296875,33.5099983215332,33.13999938964844,33.5099983215332,32.320735931396484,204300
2013-03-15,33.53333282470703,33.57666778564453,33.20333480834961,33.3033332824707,32.13548278808594,691200
2013-03-18,32.836666107177734,33.22666549682617,32.65999984741211,32.996665954589844,31.839563369750977,297000
2013-03-19,33.206668853759766,33.31999969482422,32.52333450317383,32.766666412353516,31.617630004882812,533100
2013-03-20,32.913333892822266,33.1533317565918,32.913333892822266,32.96666717529297,31.810625076293945,266700
2013-03-21,32.93333435058594,33.05666732788086,32.5099983215332,32.62666702270508,31.4825382232666,325200
2013-03-22,32.79666519165039,32.90666580200195,32.58333206176758,32.880001068115234,31.72698211669922,476100
2013-03-25,33.086666107177734,33.09333419799805,32.41666793823242,32.66999816894531,31.52435302734375,566400
2013-03-26,32.66666793823242,32.77333450317383,32.37333297729492,32.563331604003906,31.42142677307129,491400
2013-03-27,32.57666778564453,32.959999084472656,32.16666793823242,32.9466667175293,31.79132080078125,351600
2013-03-28,33.11333465576172,33.470001220703125,33.09000015258789,33.293331146240234,32.125831604003906,361800
2013-04-01,33.42333221435547,33.46333312988281,32.663333892822266,32.84000015258789,31.688392639160156,333900
2013-04-02,32.90666580200195,33.43000030517578,32.90666580200195,33.220001220703125,32.055076599121094,494100
2013-04-03,33.44333267211914,33.44333267211914,32.14666748046875,32.38999938964844,31.254167556762695,1113300
2013-04-04,32.61000061035156,32.6966667175293,32.21333312988281,32.630001068115234,31.48576545715332,1080300
2013-04-05,32.15666580200195,32.663333892822266,32.0099983215332,32.633331298828125,31.48897361755371,518700
2013-04-08,32.71666717529297,32.753334045410156,32.290000915527344,32.706668853759766,31.559734344482422,362100
2013-04-09,32.80666732788086,33.18333435058594,32.62666702270508,32.970001220703125,31.813831329345703,130500
2013-04-10,33.0,33.80666732788086,33.0,33.753334045410156,32.56969451904297,1310700
2013-04-11,33.766666412353516,34.3466682434082,33.766666412353516,34.133331298828125,32.93635559082031,805500
2013-04-12,33.973331451416016,34.29999923706055,33.883331298828125,34.29999923706055,33.09720230102539,924600
2013-04-15,34.22666549682617,34.27000045776367,33.220001220703125,33.36333465576172,32.19337844848633,790200
2013-04-16,33.66999816894531,33.959999084472656,33.16999816894531,33.93000030517578,32.74017333984375,1405200
2013-04-17,33.87333297729492,34.163333892822266,33.19333267211914,34.060001373291016,32.86560821533203,1604700
2013-04-18,34.16666793823242,34.220001220703125,33.369998931884766,33.7400016784668,32.55683517456055,812700
2013-04-19,34.27000045776367,35.313331604003906,34.253334045410156,35.293331146240234,34.055702209472656,946500
2013-04-22,35.53333282470703,35.606666564941406,35.12666702270508,35.50666809082031,34.26155471801758,712800
2013-04-23,35.663333892822266,36.1966667175293,35.369998931884766,35.74333190917969,34.48992156982422,1280400
2013-04-24,35.51333236694336,35.59000015258789,34.82666778564453,34.856666564941406,33.634342193603516,1322400
2013-04-25,35.23666763305664,35.4900016784668,34.970001220703125,35.369998931884766,34.12967300415039,900600
2013-04-26,35.41666793823242,35.68000030517578,35.133331298828125,35.380001068115234,34.13932418823242,311400
2013-04-29,35.54999923706055,35.75666809082031,35.400001525878906,35.573333740234375,34.32587814331055,534300
2013-04-30,35.57666778564453,35.58000183105469,35.01333236694336,35.27000045776367,34.0331916809082,922500
2013-05-01,35.22666549682617,35.27000045776367,34.37666702270508,34.37666702270508,33.171180725097656,843300
2013-05-02,34.633331298828125,35.08333206176758,34.606666564941406,34.87666702270508,33.65364456176758,633600
2013-05-03,35.22999954223633,35.7400016784668,34.9900016784668,34.99333190917969,33.766204833984375,630300
2013-05-06,35.09000015258789,35.119998931884766,34.66999816894531,35.040000915527344,33.81125259399414,480600
2013-05-07,35.233333587646484,35.31666564941406,34.676666259765625,34.746665954589844,33.52820587158203,315000
2013-05-08,34.90999984741211,34.96666717529297,34.5,34.779998779296875,33.56036376953125,639300
2013-05-09,34.883331298828125,35.05666732788086,34.619998931884766,34.67333221435547,33.45743179321289,349500
2013-05-10,34.76333236694336,35.71333312988281,34.67333221435547,35.69333267211914,34.441688537597656,766500
2013-05-13,35.78666687011719,36.61333465576172,35.73666763305664,36.54666519165039,35.26508712768555,533100
2013-05-14,36.64666748046875,37.266666412353516,36.630001068115234,37.26333236694336,35.95661926269531,550800
2013-05-15,37.27000045776367,37.36333465576172,36.470001220703125,36.70333480834961,35.41624450683594,294900
2013-05-16,36.77333450317383,36.78666687011719,35.779998779296875,36.31999969482422,35.046356201171875,546000
2013-05-17,36.619998931884766,36.676666259765625,36.20000076293945,36.676666259765625,35.39052200317383,319500
2013-05-20,36.686668395996094,36.849998474121094,36.189998626708984,36.22999954223633,34.959529876708984,314100
2013-05-21,36.290000915527344,36.7400016784668,36.18333435058594,36.586666107177734,35.303672790527344,423600
2013-05-22,36.8033332824707,37.563331604003906,36.0099983215332,36.34000015258789,35.065650939941406,627300
2013-05-23,35.880001068115234,36.87333297729492,35.2400016784668,36.790000915527344,35.49988555908203,1027500
2013-05-24,36.66999816894531,36.779998779296875,36.33333206176758,36.73666763305664,35.448421478271484,219300
2013-05-28,37.13999938964844,37.650001525878906,37.02333450317383,37.43000030517578,36.11743927001953,681000
2013-05-29,37.28666687011719,37.41999816894531,36.793331146240234,37.150001525878906,35.84726333618164,696000
2013-05-30,37.26333236694336,37.793331146240234,37.19333267211914,37.65999984741211,36.33937072753906,457200
2013-05-31,37.686668395996094,37.84333419799805,37.02000045776367,37.02000045776367,35.72181701660156,716700
2013-06-03,37.1966667175293,37.22999954223633,35.48666763305664,36.560001373291016,35.2779541015625,1721400
2013-06-04,36.619998931884766,36.82666778564453,35.61000061035156,35.84000015258789,34.583194732666016,968100
2013-06-05,35.746665954589844,36.266666412353516,34.793331146240234,35.06999969482422,33.8401985168457,1715100
2013-06-06,35.106666564941406,35.96333312988281,34.936668395996094,35.96333312988281,34.70220184326172,973200
2013-06-07,36.266666412353516,36.856666564941406,36.25,36.810001373291016,35.51918029785156,558600
2013-06-10,37.0,37.016666412353516,36.186668395996094,36.48666763305664,35.20717239379883,1006800
2013-06-11,36.383331298828125,36.823333740234375,35.75666809082031,36.380001068115234,35.10426330566406,502800
2013-06-12,36.65999984741211,36.81666564941406,35.58333206176758,35.59000015258789,34.34197235107422,1262700
2013-06-13,35.4466667175293,35.983333587646484,35.17333221435547,35.77333450317383,34.51887130737305,967500
2013-06-14,35.79999923706055,35.79999923706055,35.22666549682617,35.34333419799805,34.103939056396484,456300
2013-06-17,35.33333206176758,35.650001525878906,34.77333450317383,34.900001525878906,33.67616271972656,738900
2013-06-18,35.11000061035156,35.56999969482422,34.81666564941406,35.37333297729492,34.13289260864258,709200
2013-06-19,35.54999923706055,35.6533317565918,34.88666534423828,34.90999984741211,33.6858024597168,1096200
2013-06-20,34.560001373291016,34.563331604003906,33.54666519165039,33.76333236694336,32.5793571472168,2616900
2013-06-21,33.76333236694336,34.34333419799805,33.30666732788086,34.0533332824707,32.876060485839844,2428500
2013-06-24,33.686668395996094,34.266666412353516,33.04666519165039,33.9466667175293,32.773075103759766,678000
2013-06-25,34.483333587646484,34.483333587646484,33.41999816894531,33.733333587646484,32.567115783691406,849300
2013-06-26,34.029998779296875,34.71666717529297,33.996665954589844,34.563331604003906,33.3684196472168,1063800
2013-06-27,34.9033317565918,35.116668701171875,34.586666107177734,34.880001068115234,33.674129486083984,1059300
2013-06-28,34.959999084472656,35.06666564941406,34.643333435058594,34.753334045410156,33.55186462402344,1494300
2013-07-01,35.866668701171875,36.82666778564453,35.369998931884766,36.24333190917969,34.990333557128906,4411800
2013-07-02,36.2599983215332,36.5533332824707,36.14666748046875,36.369998931884766,35.112632751464844,2242800
2013-07-03,36.31666564941406,36.46333312988281,36.043331146240234,36.32666778564453,35.07081604003906,245400
2013-07-05,36.619998931884766,37.20000076293945,36.540000915527344,37.189998626708984,35.90428924560547,531600
2013-07-08,37.41666793823242,37.526668548583984,36.99333190917969,37.206668853759766,35.92036819458008,460800
2013-07-09,37.37333297729492,37.44333267211914,36.88999938964844,37.253334045410156,35.965431213378906,633900
2013-07-10,37.15666580200195,37.87666702270508,37.15666580200195,37.83333206176758,36.52537155151367,638100
2013-07-11,38.45000076293945,38.689998626708984,38.28333282470703,38.68000030517578,37.342777252197266,856500
2013-07-12,38.77000045776367,40.01333236694336,38.65666580200195,39.84333419799805,38.46588897705078,2232600
2013-07-15,40.0,40.206668853759766,39.5,40.143333435058594,38.755516052246094,695700
2013-07-16,40.2400016784668,40.24333190917969,39.37333297729492,39.473331451416016,38.10866928100586,798900
2013-07-17,39.56666564941406,39.92333221435547,39.5,39.753334045410156,38.37899398803711,332400
2013-07-18,39.93000030517578,39.93000030517578,39.53333282470703,39.606666564941406,38.237403869628906,368700
2013-07-19,39.650001525878906,40.369998931884766,39.543331146240234,40.1966667175293,38.80701446533203,1142700
2013-07-22,40.323333740234375,40.439998626708984,40.0,40.279998779296875,38.88745880126953,449100
2013-07-23,40.496665954589844,40.516666412353516,39.616668701171875,39.68000030517578,38.30819320678711,327000
2013-07-24,39.85333251953125,39.95000076293945,39.13999938964844,39.28666687011719,37.92845916748047,640500
2013-07-25,39.38666534423828,40.223331451416016,38.866668701171875,40.206668853759766,38.8166618347168,729300
2013-07-26,40.040000915527344,40.31999969482422,39.63999938964844,40.253334045410156,38.861717224121094,687600
2013-07-29,40.209999084472656,40.33333206176758,39.61333465576172,39.74333190917969,38.369346618652344,428400
2013-07-30,40.04999923706055,40.39666748046875,39.86333465576172,40.293331146240234,38.90033721923828,681000
2013-07-31,40.483333587646484,41.0966682434082,40.483333587646484,40.856666564941406,39.444190979003906,367500
2013-08-01,41.223331451416016,41.526668548583984,40.89666748046875,41.483333587646484,40.0491943359375,1179300
2013-08-02,41.49333190917969,41.746665954589844,41.33333206176758,41.586666107177734,40.14895248413086,597600
2013-08-05,41.58333206176758,41.81666564941406,41.503334045410156,41.69333267211914,40.251930236816406,450900
2013-08-06,41.65666580200195,41.65666580200195,40.560001373291016,40.686668395996094,39.28007507324219,578400
2013-08-07,40.650001525878906,40.65666580200195,39.849998474121094,40.25,38.85850143432617,935700
2013-08-08,40.48666763305664,40.66666793823242,39.913333892822266,40.0,38.61714172363281,1211100
2013-08-09,39.93333435058594,40.33000183105469,39.70333480834961,39.9466667175293,38.56564712524414,234300
2013-08-12,39.9033317565918,39.9033317565918,39.53333282470703,39.79666519165039,38.420841217041016,714000
2013-08-13,39.983333587646484,39.983333587646484,39.4033317565918,39.689998626708984,38.31785583496094,428700
2013-08-14,39.71666717529297,40.12666702270508,39.71666717529297,39.71666717529297,38.343597412109375,297600
2013-08-15,39.38666534423828,39.38666534423828,38.53666687011719,38.64666748046875,37.31058883666992,1047000
2013-08-16,38.58333206176758,38.883331298828125,38.36000061035156,38.37666702270508,37.049922943115234,1214100
2013-08-19,38.33333206176758,38.720001220703125,38.23666763305664,38.26333236694336,36.94051742553711,896400
2013-08-20,38.27333450317383,39.13666534423828,38.27333450317383,38.92333221435547,37.577693939208984,458100
2013-08-21,39.00666809082031,40.0099983215332,39.00666809082031,39.470001220703125,38.10546112060547,1420800
2013-08-22,39.74333190917969,40.0099983215332,39.63666534423828,39.9466667175293,38.56564712524414,248100
2013-08-23,40.03333282470703,40.073333740234375,39.50666809082031,39.87666702270508,38.49807357788086,163200
2013-08-26,39.973331451416016,41.0533332824707,39.9466667175293,40.77000045776367,39.36051940917969,1087200
2013-08-27,40.25,40.37333297729492,39.16666793823242,39.206668853759766,37.85123825073242,986400
2013-08-28,39.32666778564453,39.866668701171875,39.22666549682617,39.790000915527344,38.414398193359375,2103300
2013-08-29,39.87333297729492,40.599998474121094,39.793331146240234,40.246665954589844,38.855262756347656,710100
2013-08-30,40.22666549682617,40.23666763305664,39.563331604003906,39.753334045410156,38.37899398803711,496800
2013-09-03,40.599998474121094,40.72666549682617,40.150001525878906,40.706668853759766,39.29937744140625,533100
2013-09-04,40.91666793823242,41.79999923706055,40.599998474121094,41.746665954589844,40.30341720581055,541500
2013-09-05,42.040000915527344,42.23666763305664,41.75666809082031,42.00666809082031,40.55442810058594,308400
2013-09-06,42.106666564941406,42.366668701171875,41.13666534423828,42.0966682434082,40.64133071899414,381900
2013-09-09,42.246665954589844,43.31666564941406,42.246665954589844,43.31666564941406,41.81913757324219,821400
2013-09-10,43.66666793823242,43.66666793823242,42.913333892822266,43.266666412353516,41.770877838134766,1179300
2013-09-11,43.28333282470703,43.28333282470703,42.426666259765625,42.7400016784668,41.26240921020508,998100
2013-09-12,42.82666778564453,43.0966682434082,42.496665954589844,42.67333221435547,41.19805145263672,826500
2013-09-13,42.71666717529297,42.810001373291016,42.3033332824707,42.810001373291016,41.329994201660156,863700
2013-09-16,43.17333221435547,43.313331604003906,42.61000061035156,42.75666809082031,41.27849578857422,691500
2013-09-17,42.823333740234375,43.28333282470703,42.573333740234375,43.223331451416016,41.729034423828125,603300
2013-09-18,43.33000183105469,43.72666549682617,42.836666107177734,43.5099983215332,42.00579833984375,471300
2013-09-19,43.73666763305664,43.82666778564453,43.33333206176758,43.7400016784668,42.227840423583984,561000
2013-09-20,43.790000915527344,43.90666580200195,43.279998779296875,43.456668853759766,41.98215103149414,624300
2013-09-23,43.49333190917969,43.49333190917969,42.66666793823242,43.1966667175293,41.730953216552734,406500
2013-09-24,43.2400016784668,43.630001068115234,42.94333267211914,43.276668548583984,41.8082389831543,285900
2013-09-25,43.31999969482422,43.41999816894531,42.883331298828125,42.9033317565918,41.44757843017578,488700
2013-09-26,42.91666793823242,43.85333251953125,42.91666793823242,43.68333435058594,42.201114654541016,544200
2013-09-27,43.54666519165039,44.13999938964844,43.34333419799805,43.72999954223633,42.246192932128906,575700
2013-09-30,43.0099983215332,43.3466682434082,42.393333435058594,43.0533332824707,41.59247589111328,741000
2013-10-01,43.313331604003906,43.94333267211914,43.119998931884766,43.94333267211914,42.45229721069336,720900
2013-10-02,43.856666564941406,44.11333465576172,43.66666793823242,43.9466667175293,42.45551681518555,476100
2013-10-03,43.9466667175293,44.11000061035156,43.00666809082031,43.4900016784668,42.01434326171875,666300
2013-10-04,43.5966682434082,44.04999923706055,43.563331604003906,43.709999084472656,42.226871490478516,662100
2013-10-07,43.516666412353516,43.52333450317383,42.650001525878906,42.66666793823242,41.21894073486328,1156500
2013-10-08,42.83000183105469,42.83000183105469,40.20000076293945,40.279998779296875,38.913246154785156,2238000
2013-10-09,40.03666687011719,40.060001373291016,37.7400016784668,38.496665954589844,37.19043731689453,4215600
2013-10-10,39.48666763305664,40.223331451416016,39.30666732788086,40.10333251953125,38.742591857910156,1318500
2013-10-11,39.869998931884766,40.02000045776367,39.220001220703125,39.66666793823242,38.32073974609375,1055100
2013-10-14,39.19333267211914,40.003334045410156,38.91666793823242,39.926666259765625,38.57190704345703,1782600
2013-10-15,39.849998474121094,40.31666564941406,39.4900016784668,39.61000061035156,38.265987396240234,939000
2013-10-16,40.0,41.349998474121094,40.0,41.29999923706055,39.89864730834961,1350900
2013-10-17,41.38999938964844,41.81999969482422,40.89666748046875,41.753334045410156,40.33659744262695,999900
2013-10-18,41.91999816894531,42.09000015258789,40.616668701171875,41.02000045776367,39.628143310546875,1099500
2013-10-21,40.973331451416016,41.163333892822266,39.866668701171875,40.05666732788086,38.697505950927734,2054700
2013-10-22,40.33333206176758,40.7599983215332,39.619998931884766,40.61333465576172,39.23528289794922,1590000
2013-10-23,40.49333190917969,40.9466667175293,40.14666748046875,40.90666580200195,39.51865768432617,424800
2013-10-24,41.176666259765625,41.72666549682617,41.03333282470703,41.526668548583984,40.11762619018555,462600
2013-10-25,42.040000915527344,42.040000915527344,41.12666702270508,41.50666809082031,40.098304748535156,822300
2013-10-28,41.90999984741211,41.973331451416016,41.130001068115234,41.439998626708984,40.03388977050781,525900
2013-10-29,41.71666717529297,41.71666717529297,41.01333236694336,41.560001373291016,40.14982223510742,317100
2013-10-30,41.676666259765625,41.76333236694336,39.883331298828125,40.116668701171875,38.755470275878906,1509300
2013-10-31,40.08333206176758,40.28666687011719,39.1533317565918,39.663333892822266,38.317508697509766,1378500
2013-11-01,39.94333267211914,40.16666793823242,39.44333267211914,39.87333297729492,38.520389556884766,716400
2013-11-04,40.04999923706055,40.369998931884766,39.95000076293945,40.2400016784668,38.87461471557617,631800
2013-11-05,40.45000076293945,40.45000076293945,39.63999938964844,40.3033332824707,38.93581008911133,504000
2013-11-06,40.43333435058594,40.516666412353516,38.723331451416016,38.8033332824707,37.486690521240234,2025900
2013-11-07,38.88666534423828,39.53666687011719,38.040000915527344,38.07666778564453,36.784690856933594,1356300
2013-11-08,38.41999816894531,39.98666763305664,38.41999816894531,39.63999938964844,38.29497528076172,1725000
2013-11-11,39.73666763305664,40.17333221435547,39.46666717529297,40.119998931884766,38.758697509765625,327000
2013-11-12,39.59333419799805,39.686668395996094,38.91999816894531,39.6533317565918,38.307861328125,1514400
2013-11-13,39.30666732788086,40.02333450317383,39.18000030517578,40.00666809082031,38.64919662475586,648300
2013-11-14,40.17333221435547,40.220001220703125,39.68333435058594,39.97999954223633,38.623443603515625,855000
2013-11-15,39.97999954223633,40.70333480834961,39.96333312988281,40.68333435058594,39.302894592285156,382200
2013-11-18,40.84333419799805,41.01333236694336,39.573333740234375,39.68333435058594,38.33684158325195,1028700
2013-11-19,39.66999816894531,40.15999984741211,39.26333236694336,39.77333450317383,38.423789978027344,1063800
2013-11-20,40.026668548583984,40.633331298828125,39.71666717529297,40.143333435058594,38.781227111816406,725100
2013-11-21,40.3033332824707,41.133331298828125,40.3033332824707,41.01333236694336,39.6217155456543,723300
2013-11-22,41.66666793823242,42.0533332824707,41.400001525878906,41.95333480834961,40.529823303222656,833700
2013-11-25,42.209999084472656,42.706668853759766,41.82666778564453,42.34333419799805,40.90656661987305,497700
2013-11-26,42.529998779296875,42.983333587646484,42.383331298828125,42.8466682434082,41.39284133911133,698700
2013-11-27,43.08333206176758,43.186668395996094,42.63999938964844,43.106666564941406,41.644020080566406,1290900
2013-11-29,43.3033332824707,43.776668548583984,43.25,43.496665954589844,42.02077865600586,838200
2013-12-02,43.573333740234375,43.810001373291016,43.20333480834961,43.72666549682617,42.24296569824219,2586600
2013-12-03,43.65666580200195,43.65666580200195,42.883331298828125,43.186668395996094,41.7213020324707,1720200
2013-12-04,42.973331451416016,43.380001068115234,42.73666763305664,43.16999816894531,41.705196380615234,714900
2013-12-05,43.12333297729492,43.33333206176758,42.58333206176758,42.63666534423828,41.18996047973633,321600
2013-12-06,43.16999816894531,43.17333221435547,42.119998931884766,42.72666549682617,41.27690505981445,388200
2013-12-09,42.85333251953125,43.09000015258789,42.086666107177734,42.41666793823242,40.9774284362793,508800
2013-12-10,42.4033317565918,42.516666412353516,41.71333312988281,42.11333465576172,40.684383392333984,663000
2013-12-11,42.08333206176758,42.08333206176758,40.456668853759766,40.573333740234375,39.19663619995117,1099800
2013-12-12,40.43333435058594,41.36333465576172,40.43333435058594,41.19333267211914,39.79559326171875,1095600
2013-12-13,41.369998931884766,41.41666793823242,40.66999816894531,41.03333282470703,39.64103317260742,539100
2013-12-16,41.18333435058594,41.793331146240234,41.026668548583984,41.12666702270508,39.73119354248047,480900
2013-12-17,41.0966682434082,41.0966682434082,40.323333740234375,40.560001373291016,39.18375778198242,2024700
2013-12-18,40.70333480834961,41.616668701171875,40.426666259765625,41.563331604003906,40.15304946899414,809700
2013-12-19,41.563331604003906,41.90999984741211,41.336666107177734,41.59000015258789,40.17881393432617,486300
2013-12-20,41.720001220703125,42.58000183105469,41.66666793823242,42.496665954589844,41.067222595214844,943800
2013-12-23,42.66999816894531,43.35333251953125,42.66999816894531,43.290000915527344,41.833858489990234,485700
2013-12-24,43.616668701171875,43.616668701171875,43.10333251953125,43.4033317565918,41.94337844848633,331200
2013-12-26,43.62666702270508,44.0533332824707,43.543331146240234,43.686668395996094,42.21718978881836,438600
2013-12-27,43.90666580200195,43.90666580200195,43.189998626708984,43.279998779296875,41.82419967651367,279000
2013-12-30,43.016666412353516,43.49333190917969,42.733333587646484,43.40999984741211,41.949825286865234,1388700
2013-12-31,43.5533332824707,43.779998779296875,43.293331146240234,43.400001525878906,41.940162658691406,1333500
2014-01-02,43.400001525878906,43.75,42.883331298828125,43.61333465576172,42.146324157714844,1539000
2014-01-03,43.72999954223633,43.9466667175293,43.45000076293945,43.473331451416016,42.01103210449219,1657200
2014-01-06,43.599998474121094,43.709999084472656,42.70000076293945,42.973331451416016,41.5278434753418,1041900
2014-01-07,43.496665954589844,44.04666519165039,43.496665954589844,44.00666809082031,42.526424407958984,2718300
2014-01-08,43.883331298828125,45.19333267211914,43.776668548583984,45.150001525878906,43.63129806518555,1823100
2014-01-09,47.33333206176758,48.54666519165039,47.19333267211914,48.543331146240234,46.91049575805664,3359700
2014-01-10,49.540000915527344,51.25,49.456668853759766,51.20333480834961,49.481014251708984,2862900
2014-01-13,51.07666778564453,52.04999923706055,49.5966682434082,50.220001220703125,48.5307731628418,1679700
2014-01-14,50.69333267211914,50.9033317565918,49.650001525878906,50.5099983215332,48.811012268066406,978000
2014-01-15,50.996665954589844,51.0,49.95000076293945,50.793331146240234,49.08481979370117,568500
2014-01-16,51.0,51.84000015258789,50.723331451416016,51.83000183105469,50.08660888671875,1155900
2014-01-17,52.06666564941406,52.81999969482422,51.87666702270508,52.220001220703125,50.46350860595703,757800
2014-01-21,52.959999084472656,53.383331298828125,51.883331298828125,53.34000015258789,51.54581832885742,1690500
2014-01-22,53.849998474121094,53.849998474121094,52.91666793823242,53.16666793823242,51.378326416015625,862200
2014-01-23,53.043331146240234,53.310001373291016,52.40999984741211,53.150001525878906,51.36221694946289,741000
2014-01-24,52.66666793823242,52.71666717529297,51.23666763305664,51.36333465576172,49.63563537597656,1974900
2014-01-27,51.37333297729492,51.37333297729492,47.983333587646484,49.206668853759766,47.55152893066406,2457600
2014-01-28,49.51333236694336,50.94333267211914,49.51333236694336,50.686668395996094,48.98173141479492,2335500
2014-01-29,50.36333465576172,51.189998626708984,49.58333206176758,50.08333206176758,48.39868927001953,1248900
2014-01-30,50.8466682434082,51.939998626708984,50.56999969482422,51.246665954589844,49.52289581298828,853800
2014-01-31,50.526668548583984,50.91999816894531,49.9900016784668,50.06999969482422,48.38581848144531,549900
2014-02-03,49.996665954589844,49.996665954589844,47.456668853759766,47.779998779296875,46.1728401184082,1489200
2014-02-04,48.04999923706055,48.94333267211914,47.9466667175293,48.45333480834961,46.823524475097656,917400
2014-02-05,48.50666809082031,48.59333419799805,46.369998931884766,47.5099983215332,45.91191864013672,996300
2014-02-06,47.836666107177734,47.84000015258789,47.0,47.20000076293945,45.61235046386719,717000
2014-02-07,47.57666778564453,49.996665954589844,47.48666763305664,49.866668701171875,48.189308166503906,1056000
2014-02-10,50.10333251953125,51.37333297729492,50.10333251953125,51.28333282470703,49.558319091796875,1150800
2014-02-11,51.689998626708984,52.20000076293945,51.09333419799805,52.00666809082031,50.257328033447266,1240800
2014-02-12,52.336666107177734,52.65666580200195,51.936668395996094,52.130001068115234,50.37651062011719,837000
2014-02-13,51.66666793823242,52.753334045410156,51.41666793823242,52.72666549682617,50.9531135559082,799800
2014-02-14,52.89666748046875,53.189998626708984,51.676666259765625,51.81999969482422,50.07693862915039,2177700
2014-02-18,52.33000183105469,53.19333267211914,52.133331298828125,53.16666793823242,51.378326416015625,1015800
2014-02-19,53.31666564941406,53.36000061035156,52.20000076293945,52.290000915527344,50.531131744384766,1110000
2014-02-20,52.439998626708984,53.83000183105469,52.08000183105469,53.68333435058594,51.877601623535156,1117500
2014-02-21,54.130001068115234,55.31666564941406,53.88999938964844,54.79666519165039,52.9534797668457,2054400
2014-02-24,55.349998474121094,55.973331451416016,55.03333282470703,55.503334045410156,53.636383056640625,1392000
2014-02-25,56.62333297729492,57.290000915527344,56.01333236694336,56.83333206176758,54.921653747558594,1433700
2014-02-26,57.07666778564453,57.50666809082031,56.290000915527344,56.66999816894531,54.763797760009766,1379100
2014-02-27,56.616668701171875,57.099998474121094,55.70000076293945,56.88666534423828,54.97318649291992,748200
2014-02-28,57.0,57.106666564941406,53.563331604003906,54.573333740234375,52.73766326904297,3849600
2014-03-03,53.6966667175293,54.59333419799805,53.15999984741211,54.436668395996094,52.605587005615234,2191500
2014-03-04,55.45000076293945,56.16666793823242,55.45000076293945,55.81666564941406,53.939178466796875,1319400
2014-03-05,56.02000045776367,56.02000045776367,55.393333435058594,55.616668701171875,53.74590301513672,1470000
2014-03-06,56.143333435058594,56.143333435058594,53.733333587646484,53.869998931884766,52.057987213134766,2127600
2014-03-07,54.38999938964844,54.40666580200195,52.36333465576172,53.616668701171875,51.81317138671875,3948900
2014-03-10,53.62333297729492,53.88666534423828,52.56999969482422,53.81666564941406,52.00644302368164,1911900
2014-03-11,53.9033317565918,54.78666687011719,53.02333450317383,53.27333450317383,51.48139190673828,1300800
2014-03-12,52.563331604003906,53.77333450317383,52.29999923706055,53.54999923706055,51.748748779296875,1334100
2014-03-13,53.89666748046875,54.1966667175293,51.973331451416016,52.540000915527344,50.77272415161133,1922100
2014-03-14,52.543331146240234,53.18333435058594,51.91666793823242,52.753334045410156,50.9788818359375,2934600
2014-03-17,53.37666702270508,53.67333221435547,52.21666717529297,52.41999816894531,50.656768798828125,1354500
2014-03-18,52.720001220703125,54.33333206176758,52.47999954223633,54.28333282470703,52.45741653442383,1212600
2014-03-19,54.516666412353516,54.75,53.599998474121094,54.0533332824707,52.23515701293945,1137600
2014-03-20,53.8033332824707,54.18000030517578,53.21333312988281,53.38999938964844,51.59413528442383,1185600
2014-03-21,53.663333892822266,53.82666778564453,50.79666519165039,51.04999923706055,49.435611724853516,4662300
2014-03-24,51.05666732788086,51.29999923706055,47.543331146240234,49.0,47.4504508972168,4770900
2014-03-25,49.4033317565918,50.22999954223633,47.686668395996094,48.7599983215332,47.218040466308594,3633600
2014-03-26,48.82666778564453,49.459999084472656,47.13666534423828,47.20000076293945,45.70737838745117,3606900
2014-03-27,47.150001525878906,47.959999084472656,45.74333190917969,47.62666702270508,46.12055587768555,3633300
2014-03-28,47.86333465576172,48.04999923706055,45.4900016784668,45.9033317565918,44.45170974731445,3957000
2014-03-31,46.15999984741211,47.53666687011719,46.02000045776367,47.49333190917969,45.991432189941406,2469000
2014-04-01,47.92333221435547,49.060001373291016,47.61000061035156,48.4900016784668,46.956581115722656,2774700
2014-04-02,49.10333251953125,49.33000183105469,47.61000061035156,48.13666534423828,46.61442184448242,3362100
2014-04-03,48.26333236694336,48.313331604003906,45.86333465576172,46.393333435058594,44.92621994018555,2855700
2014-04-04,46.66666793823242,46.83000183105469,43.61333465576172,44.48666763305664,43.07985305786133,6806700
2014-04-07,43.87333297729492,45.5,43.253334045410156,44.40666580200195,43.002376556396484,4504200
2014-04-08,44.723331451416016,45.220001220703125,43.41666793823242,44.540000915527344,43.131492614746094,3524400
2014-04-09,45.02333450317383,46.310001373291016,44.70333480834961,46.25,44.787418365478516,2118900
2014-04-10,46.223331451416016,46.40666580200195,42.793331146240234,43.26333236694336,41.89519500732422,4599000
2014-04-11,42.66999816894531,44.0,41.28333282470703,41.53333282470703,40.21990203857422,4132200
2014-04-14,42.186668395996094,42.619998931884766,39.686668395996094,40.823333740234375,39.53235626220703,4196100
2014-04-15,41.03333282470703,41.7599983215332,38.436668395996094,40.89666748046875,39.603370666503906,5630700
2014-04-16,41.503334045410156,42.266666412353516,40.79999923706055,42.08000183105469,40.74928665161133,3564600
2014-04-17,42.0,42.936668395996094,41.2599983215332,41.79666519165039,40.47491455078125,2577000
2014-04-21,42.043331146240234,42.893333435058594,41.56999969482422,42.823333740234375,41.46910858154297,2842200
2014-04-22,43.25,45.03666687011719,43.17333221435547,44.6966667175293,43.28321075439453,2900100
2014-04-23,44.78333282470703,44.78333282470703,43.20000076293945,43.456668853759766,42.082427978515625,2367900
2014-04-24,43.88666534423828,43.98666763305664,41.776668548583984,43.14666748046875,41.7822265625,2796300
2014-04-25,42.563331604003906,42.900001525878906,41.2400016784668,41.456668853759766,40.14567184448242,3074100
2014-04-28,41.63666534423828,42.456668853759766,39.753334045410156,41.18333435058594,39.88097381591797,3975600
2014-04-29,41.473331451416016,43.13999938964844,41.19333267211914,42.75,41.398101806640625,3399000
2014-04-30,42.57666778564453,42.956668853759766,41.55666732788086,42.90999984741211,41.55303955078125,2162700
2014-05-01,43.16666793823242,44.163333892822266,42.176666259765625,43.45333480834961,42.079193115234375,2637300
2014-05-02,43.436668395996094,43.436668395996094,42.313331604003906,42.650001525878906,41.3012580871582,1741500
2014-05-05,42.20333480834961,43.473331451416016,41.790000915527344,43.45000076293945,42.07596969604492,882000
2014-05-06,43.29666519165039,43.56666564941406,42.233333587646484,42.310001373291016,40.972015380859375,849000
2014-05-07,42.313331604003906,42.40999984741211,40.54666519165039,41.733333587646484,40.413578033447266,1582800
2014-05-08,41.45333480834961,42.33000183105469,40.130001068115234,40.266666412353516,38.9932975769043,3832200
2014-05-09,40.266666412353516,41.439998626708984,39.66666793823242,41.393333435058594,40.08433151245117,2706300
2014-05-12,41.893333435058594,43.01333236694336,41.68333435058594,42.82666778564453,41.47234344482422,1806600
2014-05-13,43.03333282470703,43.470001220703125,42.413333892822266,42.41666793823242,41.07530975341797,1376400
2014-05-14,42.15666580200195,43.223331451416016,41.8466682434082,42.470001220703125,41.126953125,1430400
2014-05-15,42.16666793823242,42.49333190917969,40.9900016784668,41.866668701171875,40.54270553588867,2235000
2014-05-16,41.900001525878906,41.93000030517578,40.83000183105469,41.57666778564453,40.261871337890625,1353000
2014-05-19,41.436668395996094,42.52000045776367,41.33333206176758,42.483333587646484,41.139869689941406,1496700
2014-05-20,42.34000015258789,42.46333312988281,41.32666778564453,41.5966682434082,40.28126525878906,1075200
2014-05-21,41.676666259765625,42.37666702270508,41.246665954589844,41.560001373291016,40.245731353759766,949800
2014-05-22,41.63666534423828,43.06999969482422,41.63666534423828,42.563331604003906,41.21733093261719,1032000
2014-05-23,42.959999084472656,43.20333480834961,42.459999084472656,42.92333221435547,41.565940856933594,1441200
2014-05-27,43.380001068115234,44.483333587646484,43.380001068115234,44.439998626708984,43.0346565246582,1594800
2014-05-28,44.473331451416016,44.71666717529297,44.0966682434082,44.29666519165039,42.8958625793457,1433100
2014-05-29,44.483333587646484,44.86000061035156,44.43333435058594,44.56999969482422,43.160545349121094,602100
2014-05-30,44.459999084472656,44.913333892822266,43.7400016784668,44.099998474121094,42.705406188964844,3247800
2014-06-02,44.28666687011719,44.42333221435547,43.063331604003906,43.54666519165039,42.169559478759766,1882500
2014-06-03,43.349998474121094,43.67333221435547,42.83333206176758,43.643333435058594,42.26318359375,1365300
2014-06-04,43.68333435058594,44.573333740234375,43.2599983215332,44.50666809082031,43.09921646118164,758400
2014-06-05,44.6966667175293,45.82666778564453,44.47999954223633,45.439998626708984,44.00303268432617,1458000
2014-06-06,45.56999969482422,45.936668395996094,45.20333480834961,45.92333221435547,44.4710807800293,1252800
2014-06-09,47.63999938964844,49.18000030517578,47.5966682434082,48.753334045410156,47.211585998535156,2965500
2014-06-10,49.14666748046875,50.00666809082031,48.866668701171875,49.99333190917969,48.412384033203125,2581500
2014-06-11,49.63999938964844,50.25666809082031,49.14666748046875,49.606666564941406,48.037925720214844,1633800
2014-06-12,49.72999954223633,50.16666793823242,49.20000076293945,49.599998474121094,48.03147888183594,1017000
2014-06-13,49.676666259765625,49.676666259765625,48.57666778564453,49.40666580200195,47.84426498413086,1822500
2014-06-16,49.56999969482422,50.42333221435547,49.56999969482422,50.33000183105469,48.738407135009766,1024200
2014-06-17,50.323333740234375,50.69333267211914,49.779998779296875,50.43333435058594,48.838462829589844,1487100
2014-06-18,50.67333221435547,51.063331604003906,50.220001220703125,51.0099983215332,49.39688491821289,1245300
2014-06-19,51.106666564941406,51.266666412353516,50.45333480834961,51.106666564941406,49.49049377441406,852900
2014-06-20,50.96333312988281,51.220001220703125,50.529998779296875,51.13999938964844,49.72255325317383,1234800
2014-06-23,51.22666549682617,51.560001373291016,50.643333435058594,50.82666778564453,49.417911529541016,2410800
2014-06-24,51.150001525878906,51.92333221435547,50.30666732788086,50.68000030517578,49.27530288696289,2632200
2014-06-25,50.4033317565918,51.133331298828125,50.130001068115234,50.8033332824707,49.39521026611328,1282500
2014-06-26,50.866668701171875,50.956668853759766,50.08333206176758,50.776668548583984,49.369293212890625,1742100
2014-06-27,50.619998931884766,51.16666793823242,50.310001373291016,51.15666580200195,49.73875045776367,994500
2014-06-30,51.133331298828125,51.746665954589844,50.98666763305664,51.33000183105469,49.90729522705078,862800
2014-07-01,51.400001525878906,52.36333465576172,51.400001525878906,52.22666549682617,50.779090881347656,2066400
2014-07-02,52.4466667175293,52.72999954223633,52.143333435058594,52.25,50.801780700683594,1118400
2014-07-03,52.42333221435547,52.55666732788086,51.76333236694336,52.29666519165039,50.847164154052734,287700
2014-07-07,52.290000915527344,52.290000915527344,50.456668853759766,50.58000183105469,49.178070068359375,1817100
2014-07-08,50.439998626708984,50.57666778564453,48.15666580200195,48.67333221435547,47.324249267578125,2877000
2014-07-09,48.83000183105469,49.4033317565918,47.81999969482422,49.11000061035156,47.748817443847656,1428900
2014-07-10,48.00666809082031,49.16666793823242,47.459999084472656,48.5533332824707,47.20756530761719,1314600
2014-07-11,48.54666519165039,49.266666412353516,48.313331604003906,49.026668548583984,47.66780090332031,907500
2014-07-14,49.62333297729492,49.70000076293945,48.87666702270508,49.150001525878906,47.7877082824707,493800
2014-07-15,49.276668548583984,49.356666564941406,47.003334045410156,47.253334045410156,45.9436149597168,3846600
2014-07-16,47.52000045776367,47.70333480834961,46.439998626708984,46.55666732788086,45.2662467956543,1926600
2014-07-17,46.33333206176758,46.78333282470703,44.650001525878906,44.87333297729492,43.629573822021484,3788100
2014-07-18,45.143333435058594,46.5,44.88666534423828,46.36333465576172,45.07827377319336,2064300
2014-07-21,46.413333892822266,46.74333190917969,45.66666793823242,46.5533332824707,45.263023376464844,1267800
2014-07-22,46.80666732788086,47.436668395996094,46.68333435058594,46.87333297729492,45.57413864135742,1057500
2014-07-23,49.400001525878906,50.33000183105469,49.21333312988281,50.09000015258789,48.701656341552734,2868900
2014-07-24,50.380001068115234,50.380001068115234,49.19333267211914,49.529998779296875,48.15718078613281,1509000
2014-07-25,49.163333892822266,49.27000045776367,48.40666580200195,48.84000015258789,47.486297607421875,558300
2014-07-28,48.84000015258789,48.84000015258789,47.4900016784668,48.04999923706055,46.718204498291016,1157400
2014-07-29,48.11333465576172,49.71333312988281,48.11333465576172,49.62666702270508,48.25115203857422,1035900
2014-07-30,50.16666793823242,50.9900016784668,49.97666549682617,50.34333419799805,48.94797134399414,981600
2014-07-31,49.746665954589844,49.7599983215332,48.456668853759766,48.733333587646484,47.38259506225586,933000
2014-08-01,48.71666717529297,49.349998474121094,47.56666564941406,48.349998474121094,47.009883880615234,1470300
2014-08-04,48.24333190917969,49.06999969482422,48.03666687011719,48.880001068115234,47.52519226074219,1454100
2014-08-05,48.686668395996094,49.606666564941406,48.16666793823242,49.22666549682617,47.862239837646484,678300
2014-08-06,48.959999084472656,49.84000015258789,48.723331451416016,49.35333251953125,47.98539352416992,539100
2014-08-07,49.61333465576172,49.78666687011719,48.43000030517578,48.6533317565918,47.304805755615234,525600
2014-08-08,48.6533317565918,49.866668701171875,48.543331146240234,49.75666809082031,48.377567291259766,762000
2014-08-11,50.223331451416016,51.01333236694336,49.89666748046875,50.616668701171875,49.213722229003906,677400
2014-08-12,50.7599983215332,50.7599983215332,49.97999954223633,50.12333297729492,48.73406219482422,1103400
2014-08-13,50.383331298828125,51.32666778564453,50.14666748046875,51.233333587646484,49.81330108642578,988800
2014-08-14,51.233333587646484,51.83000183105469,51.13666534423828,51.733333587646484,50.299434661865234,658500
2014-08-15,52.15666580200195,52.253334045410156,51.04666519165039,51.78333282470703,50.348052978515625,619800
2014-08-18,52.37666702270508,52.650001525878906,52.03333282470703,52.33333206176758,50.88280487060547,933000
2014-08-19,52.56999969482422,52.68333435058594,51.746665954589844,52.17333221435547,50.72724533081055,629400
2014-08-20,51.973331451416016,52.21666717529297,51.36333465576172,51.689998626708984,50.25730514526367,864000
2014-08-21,51.79666519165039,51.8033332824707,50.59333419799805,50.723331451416016,49.31743240356445,593100
2014-08-22,50.663333892822266,51.33333206176758,50.36000061035156,51.209999084472656,49.79060745239258,345900
2014-08-25,52.003334045410156,53.2599983215332,51.91666793823242,52.87333297729492,51.4078369140625,1012200
2014-08-26,53.0,54.41666793823242,52.970001220703125,54.29666519165039,52.791717529296875,1402800
2014-08-27,54.38999938964844,54.65666580200195,53.82666778564453,54.05666732788086,52.55838394165039,944100
2014-08-28,53.71666717529297,54.33333206176758,53.23666763305664,53.279998779296875,51.80324172973633,726600
2014-08-29,53.35333251953125,54.040000915527344,53.34000015258789,53.983333587646484,52.48706817626953,344400
2014-09-02,54.176666259765625,54.336666107177734,53.28666687011719,53.53333282470703,52.049556732177734,830400
2014-09-03,54.16666793823242,54.380001068115234,53.630001068115234,53.766666412353516,52.27642059326172,730800
2014-09-04,53.81666564941406,54.119998931884766,52.790000915527344,53.00666809082031,51.53748321533203,738300
2014-09-05,53.01333236694336,53.03333282470703,51.706668853759766,52.61000061035156,51.15180969238281,987000
2014-09-08,52.44333267211914,53.34000015258789,52.33333206176758,53.31666564941406,51.83888626098633,502800
2014-09-09,53.26333236694336,53.29999923706055,52.23666763305664,52.37666702270508,50.92494583129883,709200
2014-09-10,52.40999984741211,54.086666107177734,52.37333297729492,54.086666107177734,52.58755111694336,1011600
2014-09-11,53.723331451416016,54.246665954589844,53.233333587646484,54.24333190917969,52.739871978759766,588600
2014-09-12,54.15666580200195,54.29999923706055,53.1533317565918,53.51333236694336,52.03009796142578,708900
2014-09-15,53.47999954223633,53.47999954223633,51.619998931884766,52.3033332824707,50.853641510009766,1786800
2014-09-16,51.973331451416016,52.62666702270508,51.66666793823242,52.586666107177734,51.129119873046875,1010700
2014-09-17,52.79999923706055,53.720001220703125,52.793331146240234,53.26333236694336,51.78702926635742,1140300
2014-09-18,53.586666107177734,53.586666107177734,52.93000030517578,53.313331604003906,51.835636138916016,582000
2014-09-19,53.366668701171875,53.543331146240234,52.10333251953125,52.75666809082031,51.47559356689453,1425600
2014-09-22,52.516666412353516,52.66666793823242,51.08000183105469,51.7599983215332,50.50313949584961,1811700
2014-09-23,51.47666549682617,52.25,51.41666793823242,51.41999816894531,50.17138671875,941400
2014-09-24,51.80666732788086,53.19333267211914,51.80666732788086,53.133331298828125,51.843135833740234,1182600
2014-09-25,52.913333892822266,53.336666107177734,51.62333297729492,52.15666580200195,50.890167236328125,908400
2014-09-26,52.400001525878906,52.94333267211914,52.026668548583984,52.88666534423828,51.60245132446289,618900
2014-09-29,52.33333206176758,53.823333740234375,52.099998474121094,53.2599983215332,51.966712951660156,933300
2014-09-30,53.26333236694336,53.266666412353516,51.95333480834961,51.9900016784668,50.727577209472656,757500
2014-10-01,52.20333480834961,52.20333480834961,50.78666687011719,51.310001373291016,50.064056396484375,1320300
2014-10-02,51.21333312988281,52.220001220703125,50.30666732788086,51.94333267211914,50.68202590942383,1035600
2014-10-03,52.53333282470703,53.016666412353516,52.13666534423828,52.776668548583984,51.49513244628906,633900
2014-10-06,53.18333435058594,53.18333435058594,51.336666107177734,51.663333892822266,50.40883255004883,1644900
2014-10-07,51.323333740234375,51.66666793823242,50.366668701171875,50.42333221435547,49.198936462402344,2174400
2014-10-08,50.26333236694336,51.63666534423828,49.290000915527344,51.560001373291016,50.30800247192383,2159700
2014-10-09,51.40666580200195,51.55666732788086,49.70000076293945,50.00666809082031,48.792388916015625,2145000
2014-10-10,49.72666549682617,51.0,48.75,48.79666519165039,47.611759185791016,2762700
2014-10-13,48.959999084472656,49.8466682434082,47.28333282470703,48.47999954223633,47.30278396606445,3461700
2014-10-14,49.12666702270508,50.119998931884766,47.706668853759766,49.02333450317383,47.83293151855469,2045100
2014-10-15,48.25666809082031,50.96666717529297,48.0099983215332,50.7400016784668,49.507911682128906,2402700
2014-10-16,50.0,52.753334045410156,49.529998779296875,52.1966667175293,50.9292106628418,2635500
2014-10-17,53.496665954589844,53.61333465576172,51.723331451416016,52.026668548583984,50.7633171081543,1812600
2014-10-20,52.15666580200195,53.41666793823242,51.900001525878906,52.97999954223633,51.69350814819336,852000
2014-10-21,53.72999954223633,53.72999954223633,52.93333435058594,53.54999923706055,52.24967575073242,1059900
2014-10-22,53.66666793823242,54.0,52.936668395996094,53.09000015258789,51.80083465576172,789300
2014-10-23,53.8033332824707,55.40666580200195,53.55666732788086,55.10333251953125,53.76528549194336,1755000
2014-10-24,55.106666564941406,55.83333206176758,54.866668701171875,55.74333190917969,54.38974380493164,1552200
2014-10-27,55.37333297729492,55.78333282470703,54.36333465576172,55.73666763305664,54.38324737548828,1735800
2014-10-28,55.96333312988281,57.40999984741211,55.96333312988281,57.16999816894531,55.78176498413086,1773300
2014-10-29,57.25,57.25666809082031,56.016666412353516,56.540000915527344,55.16706085205078,1254900
2014-10-30,56.209999084472656,58.06999969482422,56.209999084472656,57.790000915527344,56.38673782348633,913200
2014-10-31,58.573333740234375,59.15999984741211,57.0,57.130001068115234,55.74275207519531,2010900
2014-11-03,57.37666702270508,57.900001525878906,56.813331604003906,57.176666259765625,55.78826904296875,937500
2014-11-04,56.663333892822266,57.246665954589844,56.27000045776367,56.69333267211914,55.316673278808594,923400
2014-11-05,57.40999984741211,57.40999984741211,54.939998626708984,55.209999084472656,53.86936950683594,1288800
2014-11-06,55.43333435058594,56.369998931884766,55.08000183105469,56.33333206176758,54.965423583984375,2548500
2014-11-07,56.18333435058594,56.54999923706055,54.93000030517578,55.90666580200195,54.549110412597656,1086600
2014-11-10,56.15666580200195,57.41666793823242,55.8466682434082,57.383331298828125,55.98991394042969,1062600
2014-11-11,57.36333465576172,58.04666519165039,56.88999938964844,57.43333435058594,56.038719177246094,1521000
2014-11-12,57.16666793823242,57.9900016784668,56.753334045410156,57.893333435058594,56.4875373840332,464400
2014-11-13,57.956668853759766,58.58333206176758,56.869998931884766,57.11333465576172,55.72648239135742,845100
2014-11-14,57.3466682434082,57.3466682434082,55.630001068115234,55.973331451416016,54.61416244506836,1201800
2014-11-17,56.106666564941406,57.03333282470703,55.91999816894531,56.12666702270508,54.76377868652344,547500
2014-11-18,56.41999816894531,57.65999984741211,56.279998779296875,57.12666702270508,55.739501953125,843300
2014-11-19,57.106666564941406,57.53666687011719,56.503334045410156,56.6533317565918,55.277645111083984,722400
2014-11-20,56.61333465576172,57.529998779296875,56.39666748046875,57.52333450317383,56.126529693603516,564600
2014-11-21,58.33333206176758,58.58333206176758,57.66999816894531,58.01333236694336,56.60462188720703,962400
2014-11-24,58.33000183105469,59.40999984741211,58.33000183105469,59.4033317565918,57.960872650146484,1020300
2014-11-25,59.66666793823242,59.823333740234375,58.63666534423828,59.233333587646484,57.79500198364258,852600
2014-11-26,59.246665954589844,60.21666717529297,59.150001525878906,60.16999816894531,58.708919525146484,649500
2014-11-28,60.310001373291016,61.38666534423828,59.75,59.936668395996094,58.48126220703125,751200
2014-12-01,59.996665954589844,59.996665954589844,58.086666107177734,58.233333587646484,56.81928253173828,1339500
2014-12-02,59.16666793823242,59.983333587646484,58.45000076293945,59.77000045776367,58.31864547729492,1257000
2014-12-03,59.83333206176758,59.99333190917969,59.0,59.82666778564453,58.37391662597656,845700
2014-12-04,60.099998474121094,60.099998474121094,59.186668395996094,59.369998931884766,57.92835235595703,1034400
2014-12-05,59.59333419799805,60.4466667175293,59.560001373291016,60.426666259765625,58.9593620300293,833400
2014-12-08,61.0,61.973331451416016,60.663333892822266,60.78666687011719,59.31062698364258,2731500
2014-12-09,60.4466667175293,62.709999084472656,59.793331146240234,62.543331146240234,61.02462387084961,1653300
2014-12-10,62.41999816894531,62.676666259765625,61.08333206176758,61.20000076293945,59.71392059326172,1788600
2014-12-11,61.619998931884766,62.733333587646484,61.04999923706055,61.3466682434082,59.857017517089844,1376400
2014-12-12,60.866668701171875,62.13666534423828,60.33333206176758,61.24333190917969,59.756195068359375,1311000
2014-12-15,61.856666564941406,61.99333190917969,58.526668548583984,58.630001068115234,57.206329345703125,3408600
2014-12-16,58.33333206176758,60.22666549682617,57.53666687011719,58.290000915527344,56.87458038330078,3179400
2014-12-17,58.61000061035156,61.130001068115234,58.349998474121094,61.06999969482422,59.587074279785156,2666400
2014-12-18,62.233333587646484,63.06999969482422,61.7599983215332,63.026668548583984,61.49623489379883,2005800
2014-12-19,62.723331451416016,63.90666580200195,62.063331604003906,63.4466667175293,62.06719970703125,2239200
2014-12-22,62.56999969482422,63.73666763305664,62.0533332824707,62.973331451416016,61.60416030883789,2209200
2014-12-23,63.483333587646484,63.483333587646484,59.2400016784668,59.72666549682617,58.42807388305664,3492000
2014-12-24,59.633331298828125,61.4033317565918,59.633331298828125,60.87333297729492,59.54982376098633,1284300
2014-12-26,61.4033317565918,62.34333419799805,61.04666519165039,62.276668548583984,60.92264175415039,667200
2014-12-29,62.38666534423828,63.06999969482422,61.973331451416016,62.503334045410156,61.14438247680664,826200
2014-12-30,62.4033317565918,62.69333267211914,61.78333282470703,61.8466682434082,60.50198745727539,867300
2014-12-31,62.02000045776367,63.246665954589844,62.02000045776367,62.1533317565918,60.80198287963867,966600
2015-01-02,62.650001525878906,63.31666564941406,61.686668395996094,62.8033332824707,61.437862396240234,1122900
2015-01-05,62.56666564941406,64.16000366210938,62.21333312988281,63.0,61.6302604675293,1667100
2015-01-06,63.32666778564453,63.746665954589844,60.66666793823242,61.43333435058594,60.09764862060547,2195400
2015-01-07,62.33333206176758,63.94333267211914,62.31999969482422,63.88999938964844,62.50090026855469,1780200
2015-01-08,65.0,65.36666870117188,64.30999755859375,65.3066635131836,63.88676071166992,1860000
2015-01-09,65.66666412353516,65.87666320800781,64.36666870117188,65.3566665649414,63.935672760009766,2271300
2015-01-12,66.76333618164062,67.16000366210938,65.41000366210938,65.97666931152344,64.54219818115234,2964000
2015-01-13,66.836669921875,67.23666381835938,64.50666809082031,65.48999786376953,64.06610107421875,3024300
2015-01-14,64.9433364868164,66.63333129882812,64.6066665649414,66.50666809082031,65.0606918334961,1759800
2015-01-15,66.69999694824219,66.77666473388672,63.93333435058594,64.03666687011719,62.64438247680664,3539100
2015-01-16,64.0999984741211,66.08000183105469,63.766666412353516,65.98332977294922,64.54869842529297,2229900
2015-01-20,66.46666717529297,66.8933334350586,64.50333404541016,66.71333312988281,65.26285552978516,2372700
2015-01-21,66.1500015258789,66.62666320800781,64.53333282470703,64.7933349609375,63.38459777832031,1976700
2015-01-22,65.43000030517578,65.52333068847656,62.98666763305664,65.49333190917969,64.0693588256836,2531700
2015-01-23,65.55999755859375,66.41666412353516,65.3133316040039,66.19667053222656,64.75743865966797,1658400
2015-01-26,66.23332977294922,68.06999969482422,65.77333068847656,68.06999969482422,66.59004211425781,1733400
2015-01-27,67.11333465576172,68.90666961669922,66.73666381835938,68.22333526611328,66.74000549316406,1905900
2015-01-28,68.67333221435547,68.88333129882812,66.0999984741211,66.39666748046875,64.95304870605469,2707200
2015-01-29,66.59333038330078,67.336669921875,65.25333404541016,67.336669921875,65.87262725830078,1230000
2015-01-30,67.38999938964844,68.37999725341797,66.48999786376953,66.55000305175781,65.10307312011719,1694700
2015-02-02,66.94667053222656,67.1866683959961,64.65333557128906,65.5,64.07591247558594,4084200
2015-02-03,65.83333587646484,66.08999633789062,63.28666687011719,65.3066635131836,63.88676071166992,3184200
2015-02-04,63.73666763305664,64.37333679199219,62.483333587646484,63.97999954223633,62.58894348144531,3386100
2015-02-05,64.29666900634766,66.03333282470703,64.21333312988281,65.83999633789062,64.40850067138672,2512200
2015-02-06,65.83333587646484,66.73666381835938,64.62333679199219,64.99666595458984,63.5835075378418,2001000
2015-02-09,64.6866683959961,65.88333129882812,64.44000244140625,64.66999816894531,63.26390838623047,1662000
2015-02-10,65.31999969482422,66.3566665649414,64.85333251953125,66.13666534423828,64.6987075805664,931500
2015-02-11,65.93000030517578,67.54000091552734,65.33333587646484,65.94000244140625,64.50631713867188,1807500
2015-02-12,66.27333068847656,67.34666442871094,65.7933349609375,67.34666442871094,65.88240051269531,2126400
2015-02-13,67.40666961669922,67.8066635131836,66.5,67.80000305175781,66.32589721679688,1305300
2015-02-17,67.84666442871094,69.34666442871094,67.84666442871094,69.07666778564453,67.57479095458984,2356200
2015-02-18,69.40333557128906,70.01000213623047,68.4800033569336,69.96666717529297,68.44544982910156,1467300
2015-02-19,69.82666778564453,70.8499984741211,69.68000030517578,70.56666564941406,69.03237915039062,1794900
2015-02-20,70.45999908447266,71.37000274658203,70.336669921875,71.12000274658203,69.57367706298828,1656000
2015-02-23,71.22333526611328,73.03666687011719,71.06666564941406,71.71333312988281,70.1541519165039,2325000
2015-02-24,71.9366683959961,72.22000122070312,69.41666412353516,70.32666778564453,68.7976303100586,2718600
2015-02-25,70.3066635131836,72.413330078125,69.70333099365234,72.12333679199219,70.55522918701172,3243900
2015-02-26,72.1066665649414,72.67666625976562,70.52666473388672,72.62999725341797,71.0508804321289,3132900
2015-02-27,72.29666900634766,72.5433349609375,70.96666717529297,71.5433349609375,69.98783874511719,2748300
2015-03-02,71.61000061035156,72.66000366210938,71.36333465576172,72.49666595458984,70.9204330444336,1012200
2015-03-03,72.66666412353516,72.82666778564453,71.30000305175781,72.5999984741211,71.02153778076172,2218800
2015-03-04,72.49333190917969,74.5199966430664,71.71333312988281,74.0199966430664,72.41065216064453,3034200
2015-03-05,75.26000213623047,76.3933334350586,75.0,75.8566665649414,74.2073745727539,3111900
2015-03-06,75.83333587646484,75.83333587646484,74.13666534423828,74.90666961669922,73.27804565429688,2928900
2015-03-09,75.30000305175781,75.31666564941406,73.5433349609375,74.86333465576172,73.23564910888672,1538100
2015-03-10,73.93333435058594,76.2300033569336,73.27333068847656,75.13333129882812,73.4997787475586,2208000
2015-03-11,75.37999725341797,75.86666870117188,74.26333618164062,75.50333404541016,73.86172485351562,1113600
2015-03-12,75.80000305175781,75.99666595458984,74.61666870117188,75.56999969482422,73.92693328857422,1155900
2015-03-13,75.66000366210938,76.84666442871094,75.16999816894531,76.1433334350586,74.48780822753906,1860600
2015-03-16,76.61666870117188,77.50333404541016,76.33333587646484,77.27666473388672,75.59650421142578,1701300
2015-03-17,77.47000122070312,77.83333587646484,76.64666748046875,77.70999908447266,76.02042388916016,1675500
2015-03-18,77.6500015258789,77.90333557128906,76.26000213623047,77.2066650390625,75.52803039550781,2926200
2015-03-19,77.79666900634766,79.75,77.48332977294922,79.32666778564453,77.60191345214844,2775600
2015-03-20,81.34666442871094,81.66000366210938,77.56999969482422,77.95333099365234,76.33704376220703,5638800
2015-03-23,76.78333282470703,77.65666961669922,75.56666564941406,76.39666748046875,74.81265258789062,2940300
2015-03-24,76.76667022705078,77.99666595458984,75.73332977294922,75.82666778564453,74.25448608398438,3532800
2015-03-25,76.02999877929688,76.66666412353516,71.4566650390625,71.74333190917969,70.25579833984375,6060300
2015-03-26,70.66999816894531,72.83000183105469,69.25,71.45333099365234,69.97180938720703,6812400
2015-03-27,71.88999938964844,73.48999786376953,71.836669921875,73.13666534423828,71.62024688720703,2381700
2015-03-30,74.66666412353516,75.16666412353516,73.50333404541016,74.79000091552734,73.23929595947266,2713200
2015-03-31,74.55000305175781,78.0,73.3933334350586,75.16666412353516,73.60818481445312,2984700
2015-04-01,73.94667053222656,74.08000183105469,71.58000183105469,73.59666442871094,72.07069396972656,4550400
2015-04-02,73.46666717529297,74.0,72.60333251953125,73.40333557128906,71.88139343261719,1572000
2015-04-06,72.67666625976562,74.00666809082031,72.62666320800781,73.1933364868164,71.6757583618164,1908000
2015-04-07,73.24333190917969,75.09333038330078,73.24333190917969,73.55000305175781,72.02503967285156,2274900
2015-04-08,74.02999877929688,76.01333618164062,73.71333312988281,75.67666625976562,74.10757446289062,2041500
2015-04-09,75.913330078125,76.76000213623047,74.17333221435547,75.4000015258789,73.83666229248047,2312100
2015-04-10,75.62000274658203,76.87999725341797,75.5,76.45999908447266,74.87467956542969,1463400
2015-04-13,76.73666381835938,78.15666961669922,76.66666412353516,77.36333465576172,75.75926208496094,2419800
2015-04-14,77.4800033569336,78.0,76.5633316040039,77.30000305175781,75.6972885131836,1499700
2015-04-15,77.95333099365234,78.22000122070312,76.82333374023438,77.70333099365234,76.09223175048828,2165100
2015-04-16,77.71666717529297,78.74666595458984,77.57666778564453,78.27333068847656,76.6504135131836,1469100
2015-04-17,77.53333282470703,78.0199966430664,76.09333038330078,76.92666625976562,75.33165740966797,2465100
2015-04-20,77.62000274658203,77.83999633789062,75.95999908447266,77.08333587646484,75.48509216308594,2143500
2015-04-21,77.8499984741211,78.22666931152344,77.25,77.6500015258789,76.04000091552734,2144700
2015-04-22,78.17333221435547,78.51000213623047,76.836669921875,77.5433349609375,75.9355697631836,2022600
2015-04-23,77.76667022705078,79.0566635131836,77.12666320800781,78.90666961669922,77.2706527709961,1691400
2015-04-24,78.76667022705078,79.19999694824219,77.94667053222656,77.95333099365234,76.33704376220703,1713300
2015-04-27,78.33333587646484,78.66000366210938,73.336669921875,73.64666748046875,72.11968231201172,6715500
2015-04-28,74.06999969482422,74.82666778564453,70.45333099365234,72.38666534423828,70.88578033447266,8532300
2015-04-29,71.81999969482422,73.49666595458984,70.93333435058594,71.91999816894531,70.42880249023438,5104200
2015-04-30,71.25333404541016,72.12999725341797,67.86666870117188,68.77666473388672,67.35067749023438,9881700
2015-05-01,70.05000305175781,71.34666442871094,69.49666595458984,71.0566635131836,69.5833740234375,5328600
2015-05-04,71.40666961669922,73.4433364868164,71.33333587646484,72.01667022705078,70.52348327636719,3967800
2015-05-05,72.0633316040039,72.13999938964844,69.56666564941406,69.97666931152344,68.5257568359375,3707400
2015-05-06,71.79666900634766,72.16666412353516,70.58000183105469,71.62666320800781,70.14157104492188,5539200
2015-05-07,71.67333221435547,72.66666412353516,70.69999694824219,72.46666717529297,70.96415710449219,3346800
2015-05-08,73.7933349609375,75.10333251953125,73.28333282470703,74.61333465576172,73.0663070678711,3321600
2015-05-11,74.66666412353516,75.836669921875,74.48666381835938,75.163330078125,73.60491180419922,2326800
2015-05-12,74.33333587646484,75.75666809082031,73.49666595458984,75.32333374023438,73.76158905029297,3285000
2015-05-13,75.79666900634766,75.9000015258789,74.24666595458984,74.8133316040039,73.26216125488281,3144900
2015-05-14,75.2300033569336,75.87333679199219,73.33333587646484,75.40666961669922,73.84319305419922,2967900
2015-05-15,75.41000366210938,75.62000274658203,74.5633316040039,75.43333435058594,73.86930847167969,1752300
2015-05-18,75.33333587646484,77.22333526611328,74.9800033569336,76.91666412353516,75.32186126708984,2409300
2015-05-19,76.73666381835938,77.43333435058594,76.33333587646484,77.03333282470703,75.43611907958984,2039100
2015-05-20,77.27333068847656,78.87333679199219,76.36333465576172,78.24666595458984,76.62432098388672,2813100
2015-05-21,78.89666748046875,78.89666748046875,77.12333679199219,77.8133316040039,76.199951171875,2577600
2015-05-22,77.46333312988281,78.31666564941406,77.12000274658203,78.03333282470703,76.41539001464844,1672200
2015-05-26,77.87000274658203,78.0566635131836,76.79666900634766,77.66999816894531,76.05960083007812,2482800
2015-05-27,77.77666473388672,78.96666717529297,77.38666534423828,78.95999908447266,77.32286071777344,2337900
2015-05-28,78.41666412353516,78.97666931152344,77.36000061035156,78.83333587646484,77.19882202148438,2197200
2015-05-29,78.50333404541016,80.12999725341797,78.48666381835938,79.38999938964844,77.74394989013672,4107600
2015-06-01,80.18333435058594,80.66666412353516,78.4566650390625,79.68000030517578,78.02790832519531,4824600
2015-06-02,79.07666778564453,80.23999786376953,78.4433364868164,79.57333374023438,77.92346954345703,1702500
2015-06-03,80.16666412353516,80.76000213623047,79.23666381835938,80.47000122070312,78.80154418945312,2520000
2015-06-04,80.0633316040039,80.87000274658203,78.83999633789062,79.8933334350586,78.23682403564453,2823000
2015-06-05,79.72666931152344,81.42333221435547,78.9800033569336,81.25333404541016,79.5686264038086,2314500
2015-06-08,81.2933349609375,81.96666717529297,80.66666412353516,81.32333374023438,79.63716888427734,3066000
2015-06-09,81.0633316040039,81.33333587646484,79.14666748046875,80.11333465576172,78.4522705078125,3196800
2015-06-10,79.663330078125,80.82333374023438,79.25666809082031,80.7066650390625,79.03327941894531,2056800
2015-06-11,80.8066635131836,81.30332946777344,80.23666381835938,81.30332946777344,79.61759948730469,2580300
2015-06-12,80.89666748046875,80.97000122070312,79.73666381835938,80.00333404541016,78.34455108642578,2806500
2015-06-15,79.25666809082031,80.37666320800781,78.57333374023438,80.30000305175781,78.63507843017578,2300100
2015-06-16,80.00333404541016,81.08333587646484,79.87000274658203,80.48666381835938,78.81786346435547,2007300
2015-06-17,81.0,81.9000015258789,80.81999969482422,81.46333312988281,79.77427673339844,3002700
2015-06-18,81.90333557128906,84.26667022705078,81.82333374023438,83.76667022705078,82.02983856201172,6821400
2015-06-19,83.70999908447266,84.30000305175781,83.05000305175781,84.15666961669922,82.55567169189453,4454700
2015-06-22,85.0,86.62000274658203,84.62666320800781,86.56999969482422,84.9230728149414,5310900
2015-06-23,86.91666412353516,87.19999694824219,85.41999816894531,86.44999694824219,84.80537414550781,2920800
2015-06-24,86.31999969482422,86.48999786376953,84.19000244140625,84.57666778564453,82.9676513671875,3716400
2015-06-25,85.02333068847656,85.3566665649414,82.9000015258789,83.86333465576172,82.26790618896484,4126500
2015-06-26,84.11333465576172,84.53666687011719,81.97333526611328,83.32666778564453,81.741455078125,4632600
2015-06-29,82.0999984741211,83.26667022705078,80.43333435058594,80.5433349609375,79.01106262207031,4475400
2015-06-30,82.33000183105469,84.36000061035156,81.67666625976562,84.08000183105469,82.48046112060547,7275900
2015-07-01,85.3133316040039,85.57333374023438,82.24333190917969,83.07333374023438,81.4929428100586,4040100
2015-07-02,83.7066650390625,83.7066650390625,81.81999969482422,82.3133316040039,80.74738311767578,1897200
2015-07-06,81.71666717529297,84.26333618164062,81.0999984741211,83.44000244140625,81.85263061523438,3362400
2015-07-07,83.66666412353516,83.7933349609375,81.27999877929688,83.71666717529297,82.1240463256836,4005000
2015-07-08,82.37000274658203,83.01667022705078,80.37333679199219,80.62999725341797,79.0960922241211,5975400
2015-07-09,82.09666442871094,82.70333099365234,81.63333129882812,82.31666564941406,80.75066375732422,3030600
2015-07-10,83.49666595458984,84.27333068847656,82.5,84.19000244140625,82.58838653564453,3123000
2015-07-13,85.23999786376953,86.69999694824219,85.0,86.38999938964844,84.74652099609375,3381300
2015-07-14,86.6500015258789,88.5,86.1066665649414,88.2300033569336,86.55152130126953,3768900
2015-07-15,89.33333587646484,90.11666870117188,87.69999694824219,88.30332946777344,86.62342071533203,4665900
2015-07-16,89.20999908447266,89.95333099365234,88.3499984741211,89.76000213623047,88.0523910522461,3189600
2015-07-17,90.08000183105469,90.37666320800781,88.76333618164062,90.3566665649414,88.63770294189453,3754800
2015-07-20,91.0,91.11000061035156,89.37000274658203,90.30999755859375,88.59191131591797,4473000
2015-07-21,89.91999816894531,90.12333679199219,87.5199966430664,88.78333282470703,87.09429931640625,4190400
2015-07-22,86.95333099365234,89.41000366210938,86.69999694824219,89.18000030517578,87.4834213256836,2101200
2015-07-23,89.27999877929688,90.1433334350586,88.14666748046875,88.33999633789062,86.65940856933594,2484000
2015-07-24,87.22666931152344,88.65333557128906,84.58999633789062,85.12666320800781,83.50718688964844,5264100
2015-07-27,84.63999938964844,84.63999938964844,82.59333038330078,83.92666625976562,82.33001708984375,5343600
2015-07-28,84.83000183105469,86.58000183105469,83.33000183105469,86.3133316040039,84.67130279541016,3555000
2015-07-29,87.15333557128906,87.15333557128906,83.44000244140625,84.413330078125,82.80743408203125,3736800
2015-07-30,84.19999694824219,84.61666870117188,81.96666717529297,84.15333557128906,82.55238342285156,2779800
2015-07-31,84.3066635131836,86.27333068847656,83.76667022705078,85.14666748046875,83.52681732177734,2888700
2015-08-03,85.33000183105469,86.3566665649414,84.20999908447266,84.91999816894531,83.30447387695312,2337300
2015-08-04,85.413330078125,86.0,84.71333312988281,85.02999877929688,83.41240692138672,2028600
2015-08-05,85.73332977294922,86.62333679199219,85.12666320800781,85.42666625976562,83.80150604248047,2139300
2015-08-06,85.61333465576172,85.61333465576172,80.53333282470703,81.09333038330078,79.55059814453125,7750200
2015-08-07,80.94999694824219,80.9800033569336,77.16666412353516,79.0633316040039,77.5592269897461,9928800
2015-08-10,80.51333618164062,81.18000030517578,79.43333435058594,79.84333038330078,78.32437133789062,3305700
2015-08-11,78.50333404541016,80.7300033569336,77.07333374023438,78.13333129882812,76.64691925048828,5460000
2015-08-12,77.16999816894531,79.26667022705078,75.16666412353516,78.70999908447266,77.21260833740234,10242300
2015-08-13,78.836669921875,79.72666931152344,77.2066650390625,77.40666961669922,75.93407440185547,2506800
2015-08-14,77.27666473388672,77.74333190917969,74.85333251953125,76.26000213623047,74.80921173095703,4277700
2015-08-17,75.61666870117188,79.52333068847656,75.4800033569336,79.41000366210938,77.89929962158203,4499400
2015-08-18,79.02333068847656,79.36666870117188,77.34666442871094,77.45999908447266,75.98637390136719,3197700
2015-08-19,76.97666931152344,77.48332977294922,75.28666687011719,76.37666320800781,74.92365264892578,4635300
2015-08-20,75.33999633789062,76.33333587646484,72.1866683959961,72.24666595458984,70.87224578857422,8011800
2015-08-21,70.80332946777344,74.58333587646484,70.16666412353516,72.41000366210938,71.03247833251953,10778700
2015-08-24,63.33333206176758,72.70333099365234,59.85333251953125,68.55000305175781,67.24590301513672,11430600
2015-08-25,72.81666564941406,72.88666534423828,69.23332977294922,69.40333557128906,68.0830078125,7882500
2015-08-26,71.51667022705078,72.99666595458984,68.43333435058594,72.99666595458984,71.60795593261719,6701400
2015-08-27,74.52333068847656,75.26667022705078,73.08333587646484,74.85333251953125,73.42929077148438,7937400
2015-08-28,74.72333526611328,76.41000366210938,74.0999984741211,76.34666442871094,74.89422607421875,3279000
2015-08-31,75.96666717529297,77.19667053222656,73.66666412353516,74.02999877929688,72.62165069580078,5967900
2015-09-01,71.70999908447266,73.77666473388672,71.57333374023438,71.836669921875,70.47004699707031,6450000
2015-09-02,73.26667022705078,75.03333282470703,71.78333282470703,74.93000030517578,73.50452423095703,5374800
2015-09-03,75.42666625976562,75.95999908447266,72.55000305175781,72.71333312988281,71.33000946044922,4782600
2015-09-04,71.66666412353516,74.01000213623047,71.34333038330078,72.88999938964844,71.5033187866211,4902900
2015-09-08,74.97333526611328,76.3499984741211,73.75,76.26667022705078,74.81576538085938,3542400
2015-09-09,77.0,77.30999755859375,74.03666687011719,74.24666595458984,72.83419036865234,4826100
2015-09-10,73.913330078125,76.43333435058594,73.88666534423828,76.22333526611328,74.77325439453125,4103700
2015-09-11,76.08999633789062,77.51000213623047,75.30999755859375,77.5,76.02561950683594,2861000
2015-09-14,77.63999938964844,77.83000183105469,76.04000091552734,77.25,75.78038024902344,1513700
2015-09-15,77.45999908447266,78.4000015258789,76.86000061035156,78.0199966430664,76.53572082519531,1910000
2015-09-16,78.5,78.87000274658203,76.26000213623047,77.2699966430664,75.79999542236328,2953300
2015-09-17,77.47000122070312,80.63999938964844,76.69999694824219,79.76000213623047,78.24264526367188,5115600
2015-09-18,78.37000274658203,79.81999969482422,78.11000061035156,79.44000244140625,77.97758483886719,4462300
2015-09-21,80.29000091552734,80.33999633789062,74.22000122070312,75.16000366210938,73.7763900756836,8846000
2015-09-22,73.94999694824219,74.73999786376953,72.05000305175781,73.44000244140625,72.08804321289062,6446700
2015-09-23,73.69000244140625,74.8499984741211,72.16999816894531,73.36000061035156,72.009521484375,3191200
2015-09-24,72.73999786376953,72.9800033569336,70.1500015258789,72.45999908447266,71.12611389160156,4298200
2015-09-25,73.70999908447266,73.91999816894531,65.9800033569336,67.5,66.25740051269531,12671600
2015-09-28,66.9000015258789,67.05999755859375,61.279998779296875,62.650001525878906,61.4966926574707,14613300
2015-09-29,62.70000076293945,64.55999755859375,59.15999984741211,60.02000045776367,58.91511154174805,10659300
2015-09-30,61.79999923706055,63.150001525878906,60.22999954223633,62.25,61.10404586791992,9742000
2015-10-01,62.0,62.599998474121094,60.27000045776367,62.43000030517578,61.280731201171875,6982300
2015-10-02,60.900001525878906,65.75,60.45000076293945,65.4800033569336,64.27459716796875,9092000
2015-10-05,66.79000091552734,68.0199966430664,64.36000061035156,66.0,64.78500366210938,6515300
2015-10-06,65.38999938964844,65.83000183105469,60.59000015258789,63.220001220703125,62.05619430541992,10207900
2015-10-07,63.25,65.45999908447266,61.4900016784668,64.30000305175781,63.11631774902344,6363700
2015-10-08,64.01000213623047,64.25,61.380001068115234,63.650001525878906,62.478275299072266,6393100
2015-10-09,63.61000061035156,65.5,62.70000076293945,64.76000213623047,63.56784439086914,4746500
2015-10-12,64.9800033569336,65.55999755859375,63.630001068115234,63.97999954223633,62.80220413208008,2426700
2015-10-13,63.34000015258789,65.19999694824219,61.15999984741211,61.15999984741211,60.034114837646484,4997300
2015-10-14,62.209999084472656,63.41999816894531,60.689998626708984,61.81999969482422,60.681968688964844,6144900
2015-10-15,61.290000915527344,66.33000183105469,61.18000030517578,66.30999755859375,65.08930206298828,7339800
2015-10-16,66.36000061035156,67.54000091552734,64.91999816894531,66.05000305175781,64.8341064453125,6974900
2015-10-19,65.83000183105469,68.41000366210938,64.2699966430664,66.55999755859375,65.334716796875,7920700
2015-10-20,66.79000091552734,66.79000091552734,63.959999084472656,64.30999755859375,63.12613296508789,5178400
2015-10-21,65.30999755859375,65.66999816894531,62.209999084472656,64.33000183105469,63.14577102661133,10347800
2015-10-22,64.55999755859375,65.4000015258789,62.58000183105469,64.19000244140625,63.00834274291992,8076700
2015-10-23,65.12000274658203,66.05999755859375,64.44000244140625,65.66999816894531,64.4610824584961,4823900
2015-10-26,65.5,67.30000305175781,64.68000030517578,65.88999938964844,64.67704772949219,4077600
2015-10-27,66.30999755859375,67.3499984741211,65.69999694824219,67.33000183105469,66.09053802490234,4614600
2015-10-28,67.0199966430664,69.05999755859375,65.58999633789062,69.05999755859375,67.78868865966797,5574900
2015-10-29,69.2300033569336,70.12000274658203,67.06999969482422,67.30999755859375,66.0708999633789,4889000
2015-10-30,67.45999908447266,67.68000030517578,66.0199966430664,66.62999725341797,65.40340423583984,2688900
2015-11-02,67.2699966430664,71.11000061035156,66.62999725341797,70.9800033569336,69.67335510253906,5361600
2015-11-03,70.69999694824219,72.52999877929688,69.54000091552734,71.62000274658203,70.30158996582031,3882100
2015-11-04,72.13999938964844,72.44999694824219,70.56999969482422,72.02999877929688,70.70398712158203,3342000
2015-11-05,71.55999755859375,71.69000244140625,69.81999969482422,70.73999786376953,69.43775939941406,3056700
2015-11-06,70.76000213623047,71.16999816894531,68.58999633789062,70.69999694824219,69.39851379394531,4137000
2015-11-09,70.51000213623047,71.76000213623047,70.11000061035156,71.33000183105469,70.01690673828125,2448100
2015-11-10,70.93000030517578,71.20999908447266,69.6500015258789,71.08000183105469,69.77149200439453,2566900
2015-11-11,71.22000122070312,71.41000366210938,69.80999755859375,69.81999969482422,68.53469848632812,3140300
2015-11-12,69.16000366210938,70.0,68.1500015258789,68.31999969482422,67.06230163574219,3331100
2015-11-13,67.98999786376953,69.83000183105469,67.37999725341797,68.2699966430664,67.01322937011719,3285100
2015-11-16,67.69999694824219,68.80000305175781,66.44000244140625,68.1500015258789,66.89543914794922,4393600
2015-11-17,68.31999969482422,69.81999969482422,67.25,68.6500015258789,67.3862533569336,2935500
2015-11-18,68.94999694824219,70.80999755859375,68.47000122070312,70.68000030517578,69.37887573242188,2815100
2015-11-19,70.76000213623047,71.16999816894531,69.01000213623047,69.41000366210938,68.13223266601562,3180100
2015-11-20,69.70999908447266,70.29000091552734,69.25,69.58000183105469,68.29911804199219,2996800
2015-11-23,69.56999969482422,71.29000091552734,69.55999755859375,70.72000122070312,69.41812896728516,2880000
2015-11-24,70.5,71.11000061035156,69.87000274658203,71.0,69.69300079345703,1707400
2015-11-25,71.16999816894531,72.69000244140625,71.0,72.44999694824219,71.11627960205078,2179800
2015-11-27,72.47000122070312,73.47000122070312,72.33000183105469,72.62000274658203,71.28317260742188,1541000
2015-11-30,73.41000366210938,73.80000305175781,71.3499984741211,72.29000091552734,70.95922088623047,3331800
2015-12-01,72.86000061035156,72.86000061035156,70.88999938964844,72.11000061035156,70.78252410888672,2944900
2015-12-02,72.0,73.38999938964844,71.55999755859375,71.69999694824219,70.38008880615234,2774400
2015-12-03,72.19999694824219,72.2300033569336,68.38999938964844,68.91000366210938,67.64144897460938,5450700
2015-12-04,69.18000030517578,70.30999755859375,68.1500015258789,70.29000091552734,68.99603271484375,3025800
2015-12-07,69.93000030517578,69.9800033569336,67.43000030517578,67.61000061035156,66.36539459228516,4106400
2015-12-08,66.80999755859375,69.25,66.55999755859375,69.05999755859375,67.78868865966797,3936800
2015-12-09,68.5,68.81999969482422,66.76000213623047,67.43000030517578,66.18868255615234,4617100
2015-12-10,67.38999938964844,68.5,67.04000091552734,68.1500015258789,66.89543914794922,2273500
2015-12-11,67.37000274658203,67.86000061035156,65.5199966430664,65.7300033569336,64.52001190185547,3824400
2015-12-14,65.5199966430664,66.56999969482422,63.95000076293945,64.94999694824219,63.754337310791016,4675800
2015-12-15,65.69999694824219,67.25,65.63999938964844,66.80999755859375,65.5801010131836,2602100
2015-12-16,67.62999725341797,69.81999969482422,67.31999969482422,69.73999786376953,68.45616149902344,5306300
2015-12-17,70.22000122070312,70.4000015258789,68.20999908447266,68.97000122070312,67.7003402709961,2772500
2015-12-18,68.51000213623047,70.19000244140625,68.27999877929688,69.19999694824219,68.07317352294922,4201100
2015-12-21,69.66000366210938,70.0,68.5,70.0,68.86014556884766,1744800
2015-12-22,70.30000305175781,70.5,68.80000305175781,69.5999984741211,68.4666748046875,2575000
2015-12-23,70.04000091552734,70.86000061035156,69.83999633789062,70.7300033569336,69.57827758789062,2352200
2015-12-24,70.76000213623047,71.12000274658203,70.55999755859375,70.87999725341797,69.72579956054688,748400
2015-12-28,69.86000061035156,70.37999725341797,69.22000122070312,69.72000122070312,68.58470153808594,2537400
2015-12-29,70.37999725341797,71.55999755859375,70.2699966430664,71.54000091552734,70.37505340576172,2113100
2015-12-30,71.16999816894531,71.87000274658203,70.62999725341797,70.86000061035156,69.70614624023438,1469400
2015-12-31,70.45999908447266,70.95999908447266,69.98999786376953,70.19999694824219,69.05687713623047,1302300
2016-01-04,68.54000091552734,69.11000061035156,67.22000122070312,67.83000183105469,66.72549438476562,6030700
2016-01-05,67.87000274658203,68.5,66.7699966430664,67.22000122070312,66.12541198730469,4635200
2016-01-06,65.83999633789062,66.11000061035156,63.540000915527344,64.3499984741211,63.302146911621094,9160400
2016-01-07,62.529998779296875,63.349998474121094,61.33000183105469,61.81999969482422,60.813350677490234,11642300
2016-01-08,62.959999084472656,63.38999938964844,60.33000183105469,60.5099983215332,59.52467346191406,8929200
2016-01-11,60.83000183105469,61.2400016784668,55.5099983215332,57.13999938964844,56.20955276489258,14617900
2016-01-12,58.04999923706055,60.27000045776367,56.119998931884766,58.81999969482422,57.8621940612793,9577600
2016-01-13,59.540000915527344,59.599998474121094,54.560001373291016,54.7400016784668,53.848628997802734,10365500
2016-01-14,55.119998931884766,57.619998931884766,52.22999954223633,56.86000061035156,55.93411636352539,10932300
2016-01-15,53.869998931884766,55.15999984741211,52.75,55.099998474121094,54.20276641845703,10503400
2016-01-19,55.95000076293945,56.33000183105469,51.81999969482422,52.86000061035156,51.999244689941406,8268600
2016-01-20,51.279998779296875,56.060001373291016,50.400001525878906,55.13999938964844,54.24212646484375,12702500
2016-01-21,55.29999923706055,56.56999969482422,53.66999816894531,53.72999954223633,52.85506820678711,10694600
2016-01-22,55.349998474121094,55.91999816894531,54.119998931884766,55.310001373291016,54.40935134887695,4818400
2016-01-25,54.689998626708984,56.650001525878906,54.439998626708984,54.4900016784668,53.60270690917969,4845100
2016-01-26,54.83000183105469,55.0099983215332,52.43000030517578,54.11000061035156,53.228885650634766,8928000
2016-01-27,54.5,54.720001220703125,51.22999954223633,51.650001525878906,50.8089485168457,9045700
2016-01-28,52.130001068115234,52.34000015258789,48.900001525878906,49.709999084472656,48.90053939819336,12529600
2016-01-29,49.63999938964844,51.130001068115234,48.779998779296875,50.54999923706055,49.72685623168945,10837400
2016-02-01,50.04999923706055,51.459999084472656,49.099998474121094,50.959999084472656,50.130184173583984,11004600
2016-02-02,50.099998474121094,50.41999816894531,48.650001525878906,49.13999938964844,48.33982467651367,8765800
2016-02-03,49.29999923706055,49.93000030517578,46.86000061035156,49.369998931884766,48.56608200073242,11905000
2016-02-04,48.939998626708984,51.9900016784668,48.68000030517578,50.380001068115234,49.55963134765625,10081200
2016-02-05,50.189998626708984,50.560001373291016,47.83000183105469,48.4900016784668,47.70040512084961,8678600
2016-02-08,47.18000030517578,47.34000015258789,45.08000183105469,45.810001373291016,45.06404113769531,8296600
2016-02-09,44.38999938964844,47.540000915527344,44.15999984741211,45.880001068115234,45.13290786743164,7856900
2016-02-10,46.540000915527344,48.13999938964844,45.880001068115234,46.04999923706055,45.30013656616211,7641500
2016-02-11,45.13999938964844,46.18000030517578,44.369998931884766,45.72999954223633,44.98534393310547,7192300
2016-02-12,46.36000061035156,47.189998626708984,44.880001068115234,47.04999923706055,46.283843994140625,6210700
2016-02-16,48.09000015258789,49.04999923706055,48.029998779296875,48.970001220703125,48.17258834838867,5844700
2016-02-17,49.79999923706055,51.15999984741211,49.119998931884766,50.95000076293945,50.12035369873047,7738500
2016-02-18,51.459999084472656,51.5,49.060001373291016,49.16999816894531,48.36933135986328,6891600
2016-02-19,48.86000061035156,50.13999938964844,48.209999084472656,50.119998931884766,49.30385971069336,5451400
2016-02-22,50.900001525878906,51.47999954223633,50.27000045776367,50.65999984741211,49.83505630493164,4467800
2016-02-23,50.02000045776367,50.36000061035156,48.2400016784668,48.2400016784668,47.4544792175293,4775100
2016-02-24,47.75,48.97999954223633,46.4900016784668,48.7599983215332,47.966007232666016,6820500
2016-02-25,48.959999084472656,49.72999954223633,47.95000076293945,48.54999923706055,47.759429931640625,6902000
2016-02-26,48.95000076293945,49.81999969482422,48.380001068115234,49.400001525878906,48.5955924987793,3944300
2016-02-29,49.43000030517578,49.790000915527344,47.900001525878906,47.900001525878906,47.120018005371094,4259500
2016-03-01,48.619998931884766,50.34000015258789,47.779998779296875,50.209999084472656,49.39238739013672,4833500
2016-03-02,50.25,52.40999984741211,50.0,52.29999923706055,51.4483642578125,8346900
2016-03-03,52.369998931884766,52.650001525878906,51.290000915527344,51.720001220703125,50.877803802490234,5167800
2016-03-04,51.84000015258789,53.400001525878906,51.209999084472656,51.939998626708984,51.09423065185547,8595300
2016-03-07,51.599998474121094,54.709999084472656,51.18000030517578,53.79999923706055,52.92394256591797,10621500
2016-03-08,53.93000030517578,53.93000030517578,50.75,50.9900016784668,50.15969467163086,6589000
2016-03-09,51.45000076293945,51.7400016784668,49.43000030517578,50.52000045776367,49.69736099243164,7364300
2016-03-10,50.90999984741211,51.79999923706055,48.86000061035156,49.650001525878906,48.84150695800781,7901600
2016-03-11,50.310001373291016,51.380001068115234,49.7599983215332,51.310001373291016,50.47447967529297,4076200
2016-03-14,51.36000061035156,52.41999816894531,51.130001068115234,51.900001525878906,51.05487823486328,5493800
2016-03-15,51.0,51.220001220703125,48.70000076293945,48.900001525878906,48.103729248046875,7225900
2016-03-16,48.79999923706055,49.619998931884766,47.27000045776367,48.310001373291016,47.52333450317383,7827400
2016-03-17,48.20000076293945,49.119998931884766,46.65999984741211,48.459999084472656,47.67088317871094,9059900
2016-03-18,48.63999938964844,50.2400016784668,47.709999084472656,49.650001525878906,48.90003967285156,9232100
2016-03-21,49.540000915527344,51.45000076293945,49.38999938964844,50.83000183105469,50.06222152709961,5902300
2016-03-22,50.459999084472656,52.90999984741211,50.459999084472656,52.5,51.70698928833008,7514400
2016-03-23,52.470001220703125,53.08000183105469,49.7400016784668,49.869998931884766,49.11671829223633,6003000
2016-03-24,49.0,51.099998474121094,48.290000915527344,50.04999923706055,49.29399871826172,6416600
2016-03-28,50.47999954223633,50.709999084472656,49.13999938964844,49.400001525878906,48.6538200378418,4347900
2016-03-29,49.09000015258789,50.65999984741211,47.880001068115234,50.58000183105469,49.816001892089844,8301400
2016-03-30,51.25,52.2400016784668,49.790000915527344,50.16999816894531,49.41218566894531,7390600
2016-03-31,50.36000061035156,52.5,50.2400016784668,51.65999984741211,50.87968826293945,9537800
2016-04-01,51.369998931884766,53.349998474121094,50.810001373291016,53.15999984741211,52.35704040527344,9868600
2016-04-04,53.54999923706055,55.09000015258789,53.290000915527344,53.869998931884766,53.05630874633789,9239600
2016-04-05,53.34000015258789,54.849998474121094,53.0,53.810001373291016,52.99720764160156,9147100
2016-04-06,54.16999816894531,57.65999984741211,54.119998931884766,57.59000015258789,56.72011184692383,14072500
2016-04-07,57.119998931884766,58.380001068115234,56.0099983215332,56.810001373291016,55.95188903808594,14045800
2016-04-08,57.65999984741211,57.75,55.099998474121094,55.84000015258789,54.996543884277344,7601700
2016-04-11,56.209999084472656,56.34000015258789,54.209999084472656,54.459999084472656,53.63737869262695,6677200
2016-04-12,54.45000076293945,55.25,53.41999816894531,54.9900016784668,54.159393310546875,8842600
2016-04-13,55.56999969482422,56.459999084472656,54.88999938964844,56.31999969482422,55.46928787231445,7923700
2016-04-14,56.599998474121094,57.040000915527344,55.83000183105469,56.65999984741211,55.804161071777344,6592500
2016-04-15,56.529998779296875,56.79999923706055,55.77000045776367,56.58000183105469,55.725364685058594,5086200
2016-04-18,56.279998779296875,57.77000045776367,56.029998779296875,57.369998931884766,56.5034294128418,6682600
2016-04-19,57.5,57.61000061035156,55.849998474121094,56.27000045776367,55.4200553894043,7946400
2016-04-20,56.650001525878906,57.0,55.7400016784668,56.31999969482422,55.46928787231445,6742400
2016-04-21,56.029998779296875,57.529998779296875,55.79999923706055,57.400001525878906,56.532981872558594,8121200
2016-04-22,57.400001525878906,57.880001068115234,56.279998779296875,57.86000061035156,56.98603439331055,6967700
2016-04-25,57.720001220703125,58.310001373291016,57.34000015258789,57.599998474121094,56.729957580566406,5890700
2016-04-26,57.22999954223633,57.36000061035156,55.20000076293945,56.04999923706055,55.20337677001953,6505300
2016-04-27,55.68000030517578,55.9900016784668,54.7599983215332,55.439998626708984,54.60258865356445,3858000
2016-04-28,55.220001220703125,56.779998779296875,54.63999938964844,55.15999984741211,54.32680892944336,8225400
2016-04-29,54.9900016784668,55.349998474121094,53.59000015258789,53.93000030517578,53.115394592285156,9612100
2016-05-02,54.08000183105469,55.04999923706055,53.189998626708984,55.0,54.16923141479492,4682300
2016-05-03,54.36000061035156,54.59000015258789,52.869998931884766,52.939998626708984,52.140350341796875,8075100
2016-05-04,52.4900016784668,52.66999816894531,50.65999984741211,50.7400016784668,49.97357940673828,9234100
2016-05-05,51.04999923706055,51.2400016784668,49.86000061035156,50.459999084472656,49.697811126708984,6760300
2016-05-06,49.970001220703125,51.029998779296875,49.43000030517578,50.36000061035156,49.59932327270508,6195200
2016-05-09,50.40999984741211,52.7599983215332,50.40999984741211,52.220001220703125,51.431236267089844,5456800
2016-05-10,52.650001525878906,52.70000076293945,51.2599983215332,52.41999816894531,51.628196716308594,4770800
2016-05-11,52.220001220703125,52.58000183105469,50.52000045776367,50.61000061035156,49.84553909301758,4411700
2016-05-12,51.04999923706055,51.16999816894531,48.97999954223633,49.54999923706055,48.801551818847656,6313600
2016-05-13,49.34000015258789,50.97999954223633,49.34000015258789,50.439998626708984,49.67811584472656,5016100
2016-05-16,51.06999969482422,52.72999954223633,50.97999954223633,52.709999084472656,51.9138298034668,7317800
2016-05-17,52.33000183105469,53.25,51.939998626708984,52.29999923706055,51.510013580322266,5176300
2016-05-18,51.93000030517578,53.63999938964844,51.900001525878906,53.2400016784668,52.435813903808594,6244100
2016-05-19,53.16999816894531,54.0,52.09000015258789,52.68000030517578,51.884273529052734,6780100
2016-05-20,53.04999923706055,54.119998931884766,52.83000183105469,54.08000183105469,53.26314163208008,6033200
2016-05-23,54.119998931884766,55.43000030517578,54.08000183105469,54.810001373291016,53.98210906982422,7059000
2016-05-24,55.459999084472656,56.040000915527344,55.119998931884766,55.880001068115234,55.03593826293945,7289900
2016-05-25,56.4900016784668,57.09000015258789,56.15999984741211,56.790000915527344,55.93220520019531,7566800
2016-05-26,56.790000915527344,56.849998474121094,55.95000076293945,56.220001220703125,55.37079620361328,4777000
2016-05-27,56.2599983215332,56.869998931884766,55.709999084472656,56.84000015258789,55.981449127197266,4238200
2016-05-31,57.369998931884766,58.4900016784668,57.310001373291016,58.04999923706055,57.17315673828125,6916400
2016-06-01,57.84000015258789,58.59000015258789,57.4900016784668,58.16999816894531,57.29133987426758,8330100
2016-06-02,58.11000061035156,59.869998931884766,58.11000061035156,59.84000015258789,58.936126708984375,10383000
2016-06-03,59.63999938964844,59.79999923706055,57.4900016784668,58.099998474121094,57.222412109375,9717100
2016-06-06,58.27000045776367,59.75,56.970001220703125,59.66999816894531,58.76869201660156,8953400
2016-06-07,58.900001525878906,59.290000915527344,58.2400016784668,58.619998931884766,57.73455810546875,7600700
2016-06-08,58.779998779296875,58.939998626708984,58.0099983215332,58.689998626708984,57.80350112915039,5678900
2016-06-09,58.119998931884766,58.880001068115234,56.91999816894531,56.970001220703125,56.10947799682617,7372900
2016-06-10,55.95000076293945,56.34000015258789,55.2599983215332,55.66999816894531,54.8291130065918,8070700
2016-06-13,55.119998931884766,56.18000030517578,54.59000015258789,54.7400016784668,53.91315841674805,7350900
2016-06-14,54.63999938964844,55.31999969482422,53.61000061035156,54.5,53.67678451538086,8217700
2016-06-15,54.970001220703125,55.439998626708984,54.59000015258789,54.7400016784668,53.91315841674805,6963700
2016-06-16,54.29999923706055,54.869998931884766,53.75,54.86000061035156,54.031341552734375,8054100
2016-06-17,55.06999969482422,55.06999969482422,53.209999084472656,53.369998931884766,52.60795974731445,8443500
2016-06-20,54.27000045776367,54.77000045776367,53.66999816894531,54.15999984741211,53.386695861816406,8323000
2016-06-21,54.380001068115234,54.380001068115234,52.599998474121094,53.189998626708984,52.4305305480957,9994300
2016-06-22,53.189998626708984,54.59000015258789,52.54999923706055,53.29999923706055,52.538963317871094,10889300
2016-06-23,53.88999938964844,54.63999938964844,53.310001373291016,54.52000045776367,53.74154281616211,5481800
2016-06-24,52.380001068115234,53.38999938964844,51.849998474121094,51.880001068115234,51.13923645019531,11673600
2016-06-27,51.31999969482422,52.040000915527344,49.5099983215332,49.68000030517578,48.97065353393555,13702700
2016-06-28,50.790000915527344,52.13999938964844,50.599998474121094,52.0,51.257530212402344,6876700
2016-06-29,53.22999954223633,54.2599983215332,52.83000183105469,54.060001373291016,53.288116455078125,7892200
2016-06-30,53.88999938964844,54.47999954223633,53.02000045776367,54.08000183105469,53.30782699584961,7521400
2016-07-01,53.83000183105469,55.880001068115234,53.79999923706055,55.810001373291016,55.01313400268555,9345900
2016-07-05,55.27000045776367,55.59000015258789,54.68000030517578,55.11000061035156,54.32312774658203,6118500
2016-07-06,54.75,56.63999938964844,54.52000045776367,56.58000183105469,55.772132873535156,8432900
2016-07-07,57.0,57.400001525878906,56.2599983215332,57.06999969482422,56.25513458251953,6225200
2016-07-08,57.060001373291016,57.970001220703125,56.630001068115234,57.59000015258789,56.7677116394043,6056300
2016-07-11,58.029998779296875,58.22999954223633,57.349998474121094,57.369998931884766,56.55085372924805,5682200
2016-07-12,58.150001525878906,58.47999954223633,57.7599983215332,57.93000030517578,57.10285568237305,6605100
2016-07-13,58.400001525878906,58.5099983215332,56.130001068115234,56.22999954223633,55.427127838134766,7649200
2016-07-14,56.720001220703125,56.779998779296875,55.869998931884766,56.16999816894531,55.36799621582031,4876200
2016-07-15,56.220001220703125,57.2599983215332,55.900001525878906,57.130001068115234,56.31427764892578,4916200
2016-07-18,57.220001220703125,57.66999816894531,56.81999969482422,57.5099983215332,56.68885803222656,3605700
2016-07-19,57.400001525878906,57.790000915527344,56.209999084472656,56.43000030517578,55.6242790222168,3254800
2016-07-20,56.58000183105469,58.400001525878906,56.58000183105469,58.33000183105469,57.49713897705078,8378000
2016-07-21,59.040000915527344,59.68000030517578,58.2400016784668,58.900001525878906,58.05900573730469,8958900
2016-07-22,59.130001068115234,59.68000030517578,58.599998474121094,59.29999923706055,58.45330810546875,4262400
2016-07-25,59.540000915527344,59.65999984741211,58.650001525878906,59.5,58.65044021606445,4972100
2016-07-26,59.2400016784668,60.06999969482422,58.959999084472656,59.880001068115234,59.02501678466797,8028800
2016-07-27,60.119998931884766,61.79999923706055,60.060001373291016,61.619998931884766,60.74016189575195,8942600
2016-07-28,61.650001525878906,62.04999923706055,60.599998474121094,61.31999969482422,60.44445037841797,8982300
2016-07-29,60.91999816894531,62.13999938964844,60.720001220703125,62.06999969482422,61.18374252319336,7543700
2016-08-01,62.59000015258789,64.43000030517578,62.47999954223633,63.56999969482422,62.662322998046875,10303100
2016-08-02,63.58000183105469,64.02999877929688,61.68000030517578,63.0,62.10047149658203,13027000
2016-08-03,62.709999084472656,64.38999938964844,62.619998931884766,64.37999725341797,63.46076202392578,7802200
2016-08-04,64.58999633789062,64.94999694824219,63.38999938964844,63.5,62.593326568603516,6416500
2016-08-05,63.52000045776367,64.4000015258789,63.33000183105469,64.19000244140625,63.27348327636719,5892500
2016-08-08,64.33000183105469,64.4800033569336,62.650001525878906,62.97999954223633,62.08075714111328,6531000
2016-08-09,63.220001220703125,63.220001220703125,62.38999938964844,62.91999816894531,62.02159881591797,5465100
2016-08-10,62.720001220703125,62.77000045776367,60.849998474121094,60.959999084472656,60.089595794677734,6959100
2016-08-11,61.279998779296875,62.18000030517578,60.630001068115234,61.959999084472656,61.075313568115234,4891400
2016-08-12,61.66999816894531,62.650001525878906,61.4900016784668,62.52000045776367,61.627315521240234,5051000
2016-08-15,62.849998474121094,63.7599983215332,62.720001220703125,63.349998474121094,62.44547653198242,5211700
2016-08-16,63.15999984741211,63.2400016784668,62.209999084472656,62.290000915527344,61.40060043334961,4996700
2016-08-17,62.119998931884766,62.400001525878906,61.47999954223633,61.959999084472656,61.075313568115234,5999600
2016-08-18,61.86000061035156,62.52000045776367,61.439998626708984,62.209999084472656,61.32174301147461,3469700
2016-08-19,61.849998474121094,62.189998626708984,61.439998626708984,61.849998474121094,60.966880798339844,4512100
2016-08-22,62.38999938964844,63.56999969482422,62.029998779296875,63.5,62.593326568603516,6648500
2016-08-23,64.02999877929688,64.16999816894531,63.43000030517578,63.779998779296875,62.869327545166016,4446600
2016-08-24,63.70000076293945,64.88999938964844,60.72999954223633,61.040000915527344,60.168453216552734,14715900
2016-08-25,61.209999084472656,61.970001220703125,59.130001068115234,60.38999938964844,59.52772903442383,12677000
2016-08-26,60.529998779296875,61.7599983215332,60.16999816894531,61.099998474121094,60.227603912353516,10098300
2016-08-29,61.45000076293945,61.529998779296875,60.43000030517578,61.040000915527344,60.168453216552734,5092700
2016-08-30,61.0099983215332,61.720001220703125,60.52000045776367,60.86000061035156,59.99102783203125,4394900
2016-08-31,60.72999954223633,60.939998626708984,59.790000915527344,60.09000015258789,59.23200988769531,5649900
2016-09-01,60.119998931884766,60.59000015258789,59.54999923706055,60.34000015258789,59.47844314575195,3715800
2016-09-02,60.41999816894531,60.849998474121094,59.790000915527344,60.150001525878906,59.29116439819336,3536000
2016-09-06,60.7400016784668,62.02000045776367,60.68000030517578,61.72999954223633,60.84859848022461,3469500
2016-09-07,61.83000183105469,63.0099983215332,61.83000183105469,62.709999084472656,61.81460952758789,5093500
2016-09-08,62.810001373291016,63.70000076293945,62.150001525878906,63.540000915527344,62.63275146484375,3345800
2016-09-09,62.45000076293945,63.209999084472656,61.20000076293945,61.25,60.375450134277344,6013100
2016-09-12,60.849998474121094,63.459999084472656,60.810001373291016,63.459999084472656,62.553890228271484,5038400
2016-09-13,62.75,63.02000045776367,61.439998626708984,62.369998931884766,61.47946548461914,4345600
2016-09-14,62.88999938964844,64.54000091552734,62.650001525878906,63.900001525878906,62.98762130737305,5087500
2016-09-15,64.19000244140625,65.0999984741211,63.400001525878906,64.93000030517578,64.0029067993164,5371700
2016-09-16,64.25,64.8499984741211,63.70000076293945,64.70999908447266,63.816497802734375,5198000
2016-09-19,65.37000274658203,67.4800033569336,64.52999877929688,65.88999938964844,64.98023223876953,7956500
2016-09-20,66.6500015258789,67.88999938964844,66.6500015258789,67.51000213623047,66.5778579711914,6733800
2016-09-21,67.93000030517578,68.51000213623047,66.19000244140625,68.27999877929688,67.33723449707031,10710600
2016-09-22,68.87000274658203,69.02999877929688,67.81999969482422,68.83000183105469,67.87962341308594,4947600
2016-09-23,68.61000061035156,69.20999908447266,68.11000061035156,68.13999938964844,67.19915008544922,4662700
2016-09-26,67.80999755859375,68.19000244140625,67.48999786376953,67.7699966430664,66.8342514038086,4064000
2016-09-27,67.75,68.94000244140625,67.58000183105469,68.75,67.80074310302734,4999000
2016-09-28,68.9800033569336,69.08000183105469,67.12000274658203,67.80000305175781,66.86384582519531,6329300
2016-09-29,67.55000305175781,67.80000305175781,65.26000213623047,65.5199966430664,64.61531829833984,8225100
2016-09-30,65.66999816894531,66.62999725341797,64.70999908447266,66.29000091552734,65.37470245361328,5667500
2016-10-03,65.80999755859375,66.19000244140625,65.06999969482422,66.18000030517578,65.26622772216797,4470900
2016-10-04,66.16000366210938,66.75,65.33000183105469,65.66000366210938,64.75343322753906,4377600
2016-10-05,65.9000015258789,67.30000305175781,65.70999908447266,66.72000122070312,65.79875183105469,4982100
2016-10-06,65.69999694824219,65.9000015258789,64.4800033569336,64.66000366210938,63.76719665527344,6177700
2016-10-07,64.6500015258789,64.88999938964844,63.459999084472656,64.1500015258789,63.264251708984375,5312700
2016-10-10,64.9000015258789,65.77999877929688,64.80000305175781,65.5199966430664,64.61531829833984,5639100
2016-10-11,64.87000274658203,65.56999969482422,62.849998474121094,63.439998626708984,62.56406021118164,6294000
2016-10-12,63.36000061035156,63.7599983215332,61.20000076293945,61.27000045776367,60.42401123046875,7624900
2016-10-13,60.54999923706055,61.970001220703125,60.5,61.34000015258789,60.493038177490234,6953600
2016-10-14,61.95000076293945,62.130001068115234,59.470001220703125,59.560001373291016,58.73762512207031,7623700
2016-10-17,59.619998931884766,59.84000015258789,58.400001525878906,59.06999969482422,58.25438690185547,7685300
2016-10-18,59.9900016784668,60.529998779296875,59.66999816894531,59.88999938964844,59.063072204589844,4194900
2016-10-19,59.970001220703125,60.13999938964844,58.7599983215332,58.81999969482422,58.00785446166992,6122500
2016-10-20,58.7400016784668,60.130001068115234,58.689998626708984,59.88999938964844,59.063072204589844,5927600
2016-10-21,59.75,60.4900016784668,59.310001373291016,59.72999954223633,58.90529251098633,4468900
2016-10-24,60.08000183105469,60.18000030517578,59.08000183105469,59.150001525878906,58.333290100097656,4052000
2016-10-25,59.11000061035156,59.560001373291016,58.40999984741211,58.66999816894531,57.85990524291992,4495300
2016-10-26,58.65999984741211,59.13999938964844,57.61000061035156,57.9900016784668,57.189308166503906,6392300
2016-10-27,58.630001068115234,58.9900016784668,57.06999969482422,57.130001068115234,56.34117889404297,6246300
2016-10-28,56.84000015258789,57.72999954223633,55.79999923706055,56.84000015258789,56.05517578125,10289300
2016-10-31,56.90999984741211,57.04999923706055,56.04999923706055,56.150001525878906,55.374717712402344,5399800
2016-11-01,56.22999954223633,56.959999084472656,55.40999984741211,56.84000015258789,56.05517578125,6603300
2016-11-02,56.54999923706055,56.650001525878906,55.40999984741211,55.41999816894531,54.65478515625,5815900
2016-11-03,55.619998931884766,55.959999084472656,53.150001525878906,53.310001373291016,52.57392883300781,13385700
2016-11-04,53.459999084472656,55.310001373291016,53.45000076293945,54.869998931884766,54.11238479614258,9173700
2016-11-07,56.290000915527344,57.540000915527344,55.849998474121094,57.34000015258789,56.548274993896484,8215000
2016-11-08,56.79999923706055,58.560001373291016,56.61000061035156,57.790000915527344,56.99207305908203,7256100
2016-11-09,62.349998474121094,64.5199966430664,61.279998779296875,63.779998779296875,62.89937210083008,28441500
2016-11-10,65.68000030517578,66.91000366210938,63.959999084472656,65.79000091552734,64.88160705566406,15286800
2016-11-11,65.04000091552734,66.44999694824219,64.52999877929688,66.20999908447266,65.29579162597656,9867200
2016-11-14,66.5,68.16000366210938,65.37999725341797,68.12999725341797,67.18927001953125,11557100
2016-11-15,67.66000366210938,67.93000030517578,66.5,67.70999908447266,66.77509307861328,6843300
2016-11-16,67.13999938964844,67.79000091552734,65.4000015258789,65.51000213623047,64.60546112060547,7137800
2016-11-17,65.68000030517578,66.75,64.88999938964844,66.4800033569336,65.56209564208984,7737800
2016-11-18,66.69999694824219,67.05000305175781,65.37000274658203,65.9800033569336,65.06900024414062,5125700
2016-11-21,66.05999755859375,66.45999908447266,65.55000305175781,66.36000061035156,65.44374084472656,3405700
2016-11-22,66.58999633789062,66.66000366210938,64.30999755859375,64.62999725341797,63.73760986328125,7439000
2016-11-23,62.380001068115234,65.83999633789062,62.310001373291016,65.73999786376953,64.83229064941406,9309600
2016-11-25,66.01000213623047,66.4800033569336,64.94999694824219,66.4000015258789,65.4831771850586,2860600
2016-11-28,66.04000091552734,66.19999694824219,64.23999786376953,64.3499984741211,63.46149826049805,7314900
2016-11-29,64.30999755859375,65.27999877929688,63.68000030517578,64.56999969482422,63.67844009399414,4018300
2016-11-30,64.94000244140625,64.94000244140625,62.63999938964844,62.66999816894531,61.804691314697266,4796700
2016-12-01,63.099998474121094,63.349998474121094,61.060001373291016,61.13999938964844,60.295814514160156,7385000
2016-12-02,61.11000061035156,62.66999816894531,60.599998474121094,61.810001373291016,60.9565544128418,8985800
2016-12-05,62.45000076293945,63.7400016784668,61.939998626708984,63.209999084472656,62.33723449707031,6662400
2016-12-06,63.439998626708984,64.47000122070312,62.68000030517578,64.37999725341797,63.4910774230957,4635700
2016-12-07,62.849998474121094,63.380001068115234,60.65999984741211,61.790000915527344,60.936832427978516,13167500
2016-12-08,61.380001068115234,62.189998626708984,60.40999984741211,62.099998474121094,61.2425537109375,7818500
2016-12-09,62.75,63.77000045776367,61.83000183105469,61.900001525878906,61.045318603515625,6275600
2016-12-12,61.16999816894531,61.40999984741211,60.439998626708984,60.97999954223633,60.13801956176758,5082600
2016-12-13,61.279998779296875,61.619998931884766,60.790000915527344,60.90999984741211,60.0689811706543,3838800
2016-12-14,60.68000030517578,61.45000076293945,60.130001068115234,60.900001525878906,60.05912780761719,6348000
2016-12-15,61.2400016784668,61.959999084472656,60.75,61.939998626708984,61.08476638793945,4662600
2016-12-16,61.88999938964844,62.70000076293945,61.689998626708984,61.95000076293945,61.11239242553711,5398500
2016-12-19,61.83000183105469,62.650001525878906,60.900001525878906,61.0099983215332,60.18509292602539,5211600
2016-12-20,61.459999084472656,61.970001220703125,61.279998779296875,61.72999954223633,60.8953742980957,2839000
2016-12-21,61.689998626708984,61.880001068115234,60.43000030517578,60.459999084472656,59.64253616333008,3347800
2016-12-22,60.63999938964844,60.650001525878906,59.04999923706055,59.470001220703125,58.665916442871094,4866900
2016-12-23,59.5,61.70000076293945,59.209999084472656,61.529998779296875,60.69807052612305,4692200
2016-12-27,61.75,62.349998474121094,60.91999816894531,60.95000076293945,60.125919342041016,3813000
2016-12-28,61.040000915527344,61.130001068115234,60.029998779296875,60.130001068115234,59.317012786865234,3728000
2016-12-29,60.18000030517578,60.47999954223633,59.34000015258789,59.65999984741211,58.85335159301758,3773000
2016-12-30,59.709999084472656,60.0099983215332,58.869998931884766,59.189998626708984,58.389705657958984,4429900
2017-01-03,59.93000030517578,60.34000015258789,58.65999984741211,59.59000015258789,58.78429412841797,7084600
2017-01-04,59.65999984741211,62.5099983215332,59.650001525878906,62.34000015258789,61.497127532958984,10308600
2017-01-05,62.54999923706055,62.970001220703125,61.650001525878906,62.470001220703125,61.6253547668457,4448500
2017-01-06,62.689998626708984,63.880001068115234,62.689998626708984,63.349998474121094,62.49346160888672,7476400
2017-01-09,65.12999725341797,65.68000030517578,64.11000061035156,65.36000061035156,64.47627258300781,8760000
2017-01-10,65.80999755859375,65.87000274658203,63.959999084472656,65.75,64.86102294921875,7156500
2017-01-11,65.48999786376953,65.94999694824219,62.77000045776367,63.4900016784668,62.631561279296875,15706600
2017-01-12,62.63999938964844,64.88999938964844,62.5099983215332,64.4800033569336,63.60818099975586,6506700
2017-01-13,64.36000061035156,65.79000091552734,64.36000061035156,65.0,64.12114715576172,6715500
2017-01-17,64.4800033569336,64.48999786376953,63.15999984741211,63.43000030517578,62.57236862182617,5812400
2017-01-18,63.66999816894531,64.31999969482422,63.43000030517578,64.23999786376953,63.37141799926758,3734300
2017-01-19,64.12999725341797,64.33000183105469,63.279998779296875,63.619998931884766,62.75980758666992,2330300
2017-01-20,63.70000076293945,64.01000213623047,62.97999954223633,63.150001525878906,62.29616165161133,4228000
2017-01-23,63.08000183105469,63.43000030517578,61.970001220703125,62.36000061035156,61.516845703125,3978100
2017-01-24,62.459999084472656,62.689998626708984,61.13999938964844,62.439998626708984,61.59574890136719,4865200
2017-01-25,62.93000030517578,63.18000030517578,62.27000045776367,62.779998779296875,61.93116760253906,3874900
2017-01-26,62.900001525878906,63.52000045776367,62.22999954223633,62.630001068115234,61.78319549560547,4307700
2017-01-27,62.720001220703125,63.459999084472656,62.560001373291016,63.41999816894531,62.5625114440918,2817000
2017-01-30,62.91999816894531,63.04999923706055,61.68000030517578,62.31999969482422,61.477386474609375,4074600
2017-01-31,61.790000915527344,64.98999786376953,61.439998626708984,64.9000015258789,64.02251434326172,11590700
2017-02-01,65.18000030517578,65.2699966430664,64.33999633789062,64.95999908447266,64.08169555664062,5150000
2017-02-02,64.73999786376953,65.33000183105469,64.30000305175781,65.11000061035156,64.22966003417969,4447900
2017-02-03,65.48999786376953,66.02999877929688,64.70999908447266,65.9800033569336,65.0879135131836,5933000
2017-02-06,65.87000274658203,66.12999725341797,65.33999633789062,65.87000274658203,64.9793930053711,2197100
2017-02-07,65.98999786376953,66.12999725341797,64.97000122070312,65.31999969482422,64.43682098388672,4370800
2017-02-08,64.88999938964844,66.1500015258789,64.56999969482422,65.88999938964844,64.9991226196289,5193300
2017-02-09,65.88999938964844,67.19000244140625,65.8499984741211,67.06999969482422,66.16319274902344,5173200
2017-02-10,67.19000244140625,67.37999725341797,66.62000274658203,66.75,65.84748840332031,3014100
2017-02-13,67.13999938964844,67.51000213623047,66.7300033569336,66.9800033569336,66.07439422607422,3346400
2017-02-14,66.9000015258789,68.08000183105469,66.63999938964844,67.98999786376953,67.07073211669922,5346500
2017-02-15,67.91000366210938,69.20999908447266,67.7300033569336,69.11000061035156,68.17559051513672,4628800
2017-02-16,69.16999816894531,69.8499984741211,67.80000305175781,68.69000244140625,67.76126098632812,5559900
2017-02-17,68.30999755859375,69.51000213623047,68.08999633789062,69.44999694824219,68.510986328125,3790200
2017-02-21,69.80000305175781,69.91999816894531,68.83000183105469,69.01000213623047,68.0769271850586,3554600
2017-02-22,68.61000061035156,69.11000061035156,67.70999908447266,67.79000091552734,66.87342071533203,2553900
2017-02-23,67.95999908447266,67.95999908447266,66.26000213623047,67.13999938964844,66.23220825195312,3894800
2017-02-24,66.43000030517578,67.41999816894531,66.30000305175781,67.23999786376953,66.33085632324219,4834600
2017-02-27,67.2699966430664,70.61000061035156,67.12999725341797,70.4800033569336,69.52706146240234,7748400
2017-02-28,70.26000213623047,71.33999633789062,69.51000213623047,70.20999908447266,69.26070404052734,8570600
2017-03-01,71.19999694824219,71.80999755859375,70.33999633789062,71.47000122070312,70.50367736816406,6849000
2017-03-02,71.1500015258789,72.43000030517578,70.5,70.5999984741211,69.64542388916016,5821000
2017-03-03,70.62000274658203,71.4800033569336,70.55999755859375,71.3499984741211,70.38529968261719,3583200
2017-03-06,71.0199966430664,71.13999938964844,70.08999633789062,70.7300033569336,69.77366638183594,2477700
2017-03-07,69.80999755859375,70.48999786376953,69.19000244140625,69.58999633789062,68.64908599853516,3888300
2017-03-08,69.87000274658203,71.5199966430664,69.69999694824219,70.61000061035156,69.65531158447266,4427700
2017-03-09,70.79000091552734,71.55999755859375,70.12000274658203,70.95999908447266,70.00056457519531,4146900
2017-03-10,71.58999633789062,71.58999633789062,70.23999786376953,71.5,70.53326416015625,4173900
2017-03-13,71.54000091552734,71.76000213623047,70.76000213623047,71.62999725341797,70.66150665283203,3128800
2017-03-14,71.33999633789062,71.41000366210938,70.44999694824219,70.83999633789062,69.8822021484375,3288800
2017-03-15,70.94999694824219,72.58000183105469,70.80999755859375,72.31999969482422,71.3421859741211,3775700
2017-03-16,72.23999786376953,72.3499984741211,71.19000244140625,71.45999908447266,70.49380493164062,3820100
2017-03-17,70.83999633789062,71.58999633789062,70.55000305175781,71.0199966430664,70.0793685913086,5319000
2017-03-20,70.83000183105469,71.36000061035156,70.47000122070312,71.13999938964844,70.1977767944336,3434100
2017-03-21,71.44999694824219,71.52999877929688,67.62000274658203,67.76000213623047,66.8625717163086,10267100
2017-03-22,67.75,68.69000244140625,67.41000366210938,68.41999816894531,67.51378631591797,6780100
2017-03-23,68.45999908447266,69.19999694824219,67.93000030517578,68.16000366210938,67.25724029541016,5993100
2017-03-24,68.38999938964844,69.05000305175781,68.11000061035156,68.72000122070312,67.80984497070312,2658300
2017-03-27,67.97000122070312,70.0,67.73999786376953,69.75,68.82618713378906,3880900
2017-03-28,69.79000091552734,70.4000015258789,68.97000122070312,69.30999755859375,68.39202117919922,3490900
2017-03-29,69.58000183105469,70.5199966430664,69.41999816894531,69.7300033569336,68.80644989013672,3825300
2017-03-30,69.73999786376953,69.83000183105469,68.63999938964844,69.25,68.33281707763672,4088300
2017-03-31,69.26000213623047,69.63999938964844,68.80999755859375,69.33999633789062,68.42160034179688,3113100
2017-04-03,69.48999786376953,70.0,68.29000091552734,68.30999755859375,67.40524291992188,5563200
2017-04-04,68.20999908447266,68.94999694824219,68.04000091552734,68.33999633789062,67.43486022949219,2107600
2017-04-05,68.58999633789062,69.0199966430664,66.56999969482422,66.93000030517578,66.04354095458984,7902000
2017-04-06,67.08000183105469,67.19999694824219,66.0,66.83999633789062,65.9547348022461,4814300
2017-04-07,66.66000366210938,67.44000244140625,66.4000015258789,67.31999969482422,66.42835235595703,3590800
2017-04-10,67.45999908447266,68.26000213623047,67.22000122070312,67.30999755859375,66.41852569580078,2621000
2017-04-11,67.16000366210938,67.5999984741211,66.2699966430664,67.12000274658203,66.23104095458984,4038700
2017-04-12,67.3499984741211,67.93000030517578,67.12000274658203,67.44000244140625,66.54678344726562,3012100
2017-04-13,67.3499984741211,68.88999938964844,67.29000091552734,68.47000122070312,67.56314849853516,3057800
2017-04-17,68.5,69.0,68.0199966430664,68.80999755859375,67.89864349365234,2649200
2017-04-18,68.62999725341797,68.68000030517578,67.45999908447266,67.8499984741211,66.95135498046875,2893500
2017-04-19,68.05999755859375,68.91000366210938,67.72000122070312,68.08999633789062,67.18814849853516,3416400
2017-04-20,68.33000183105469,68.80999755859375,67.94000244140625,68.5999984741211,67.6914291381836,4106200
2017-04-21,68.55999755859375,68.75,67.69000244140625,67.9800033569336,67.07962036132812,3736600
2017-04-24,68.69999694824219,69.36000061035156,68.38999938964844,69.16000366210938,68.2440185546875,2942700
2017-04-25,69.75,71.04000091552734,69.58000183105469,70.58000183105469,69.64520263671875,6572700
2017-04-26,70.76000213623047,70.9800033569336,70.29000091552734,70.55000305175781,69.61558532714844,5046400
2017-04-27,70.87000274658203,71.63999938964844,70.5199966430664,71.19000244140625,70.24711608886719,3017700
2017-04-28,71.2699966430664,71.7300033569336,70.83000183105469,71.44000244140625,70.49382781982422,2924800
2017-05-01,71.6500015258789,72.19999694824219,71.47000122070312,72.12999725341797,71.17466735839844,2139200
2017-05-02,72.30000305175781,72.37999725341797,70.3499984741211,70.9000015258789,69.96096801757812,3200200
2017-05-03,70.69000244140625,70.95999908447266,70.06999969482422,70.4800033569336,69.5465316772461,2366000
2017-05-04,70.73999786376953,71.0199966430664,70.01000213623047,70.72000122070312,69.78335571289062,2466800
2017-05-05,70.6500015258789,70.6500015258789,69.4000015258789,70.1500015258789,69.22087860107422,2585000
2017-05-08,69.80000305175781,69.95999908447266,68.01000213623047,68.25,67.34606170654297,4995900
2017-05-09,68.44999694824219,69.45999908447266,68.30000305175781,69.3499984741211,68.43148803710938,6185100
2017-05-10,69.18000030517578,69.45999908447266,68.41000366210938,69.19000244140625,68.27362060546875,2747100
2017-05-11,69.0199966430664,69.41999816894531,68.18000030517578,69.08999633789062,68.17494201660156,3615200
2017-05-12,69.02999877929688,70.26000213623047,68.7699966430664,70.02999877929688,69.10248565673828,2879100
2017-05-15,70.33999633789062,70.66999816894531,70.01000213623047,70.2300033569336,69.2998275756836,2362500
2017-05-16,70.33000183105469,70.77999877929688,69.98999786376953,70.68000030517578,69.7438735961914,2265800
2017-05-17,69.79000091552734,69.91999816894531,68.44999694824219,68.56999969482422,67.66181945800781,4692700
2017-05-18,68.55999755859375,70.2699966430664,68.43000030517578,70.0,69.0728759765625,3605900
2017-05-19,70.23999786376953,70.77999877929688,68.94000244140625,69.13999938964844,68.22428131103516,4174600
2017-05-22,69.41000366210938,70.02999877929688,68.7699966430664,69.61000061035156,68.68804931640625,3089500
2017-05-23,69.75,69.91000366210938,69.06999969482422,69.6500015258789,68.7275161743164,2587000
2017-05-24,69.62000274658203,70.48999786376953,68.98999786376953,70.0999984741211,69.17155456542969,5860500
2017-05-25,70.55999755859375,70.55999755859375,69.56999969482422,69.76000213623047,68.83604431152344,7165400
2017-05-26,69.52999877929688,69.83000183105469,68.55000305175781,68.72000122070312,67.80984497070312,3614400
2017-05-30,68.58999633789062,68.80999755859375,67.23999786376953,67.45999908447266,66.56652069091797,4628700
2017-05-31,67.81999969482422,67.9800033569336,66.66000366210938,67.70999908447266,66.81320190429688,4938900
2017-06-01,67.95999908447266,69.83999633789062,67.8499984741211,69.58000183105469,68.658447265625,5014300
2017-06-02,69.83999633789062,71.30000305175781,69.62000274658203,71.0999984741211,70.15830993652344,4411700
2017-06-05,71.66000366210938,71.75,70.05000305175781,70.66000366210938,69.72415161132812,4242000
2017-06-06,70.5999984741211,71.44000244140625,70.25,70.66000366210938,69.72415161132812,2983600
2017-06-07,70.8499984741211,71.2300033569336,70.33000183105469,70.83000183105469,69.89189147949219,2530200
2017-06-08,70.9000015258789,71.73999786376953,70.73999786376953,71.62000274658203,70.67142486572266,2409900
2017-06-09,71.5999984741211,72.75,70.70999908447266,71.3499984741211,70.4050064086914,4931100
2017-06-12,71.19999694824219,71.55000305175781,69.87999725341797,71.26000213623047,70.31617736816406,3852300
2017-06-13,71.48999786376953,72.08000183105469,71.08999633789062,72.06999969482422,71.1154556274414,2897800
2017-06-14,72.0999984741211,73.08000183105469,71.8499984741211,72.54000091552734,71.5792236328125,4681700
2017-06-15,72.01000213623047,72.43000030517578,70.88999938964844,71.55000305175781,70.60235595703125,5293100
2017-06-16,71.29000091552734,71.66999816894531,70.70999908447266,71.5999984741211,70.76046752929688,2637700
2017-06-19,72.30000305175781,74.55000305175781,72.2699966430664,74.16000366210938,73.29045104980469,4489200
2017-06-20,74.33000183105469,76.5999984741211,74.08999633789062,74.9800033569336,74.10084533691406,7399100
2017-06-21,75.87000274658203,78.55000305175781,75.48999786376953,78.51000213623047,77.58943176269531,8974200
2017-06-22,79.16000366210938,80.25,78.2300033569336,79.19999694824219,78.2713623046875,9662800
2017-06-23,78.86000061035156,80.4800033569336,78.11000061035156,80.30999755859375,79.36835479736328,7133000
2017-06-26,80.7300033569336,80.88999938964844,79.18000030517578,80.0999984741211,79.16081237792969,4360700
2017-06-27,79.8499984741211,80.20999908447266,77.19999694824219,77.2699966430664,76.3639907836914,5598300
2017-06-28,77.98999786376953,79.52999877929688,76.97000122070312,79.23999786376953,78.31086730957031,6997900
2017-06-29,79.30000305175781,79.37000274658203,77.30000305175781,78.22000122070312,77.3028564453125,4975500
2017-06-30,78.08999633789062,78.0999984741211,76.87000274658203,77.18000030517578,76.27503967285156,3724600
2017-07-03,77.4000015258789,78.31999969482422,77.1500015258789,77.91000366210938,76.99647521972656,2106600
2017-07-05,77.95999908447266,79.62000274658203,77.80000305175781,79.4000015258789,78.4690170288086,6625800
2017-07-06,78.91999816894531,79.2699966430664,77.55000305175781,77.95999908447266,77.04591369628906,4197900
2017-07-07,78.45999908447266,78.66000366210938,77.87000274658203,78.26000213623047,77.34239959716797,2260600
2017-07-10,78.25,78.43000030517578,76.87000274658203,77.08999633789062,76.18610382080078,2633100
2017-07-11,77.38999938964844,78.18000030517578,77.19000244140625,77.83999633789062,76.92729949951172,2566500
2017-07-12,78.51000213623047,78.73999786376953,77.87000274658203,78.58000183105469,77.65863800048828,5345200
2017-07-13,78.81999969482422,79.7699966430664,77.16000366210938,79.18000030517578,78.25159454345703,8983500
2017-07-14,79.19999694824219,79.81999969482422,78.86000061035156,79.06999969482422,78.14290618896484,3198900
2017-07-17,79.1500015258789,79.76000213623047,78.26000213623047,78.30999755859375,77.39178466796875,2911200
2017-07-18,78.31999969482422,78.55999755859375,77.68000030517578,78.22000122070312,77.3028564453125,2119700
2017-07-19,79.30000305175781,79.95999908447266,78.68000030517578,79.11000061035156,78.18241882324219,2886300
2017-07-20,79.45999908447266,80.87999725341797,79.30999755859375,80.13999938964844,79.20033264160156,7049900
2017-07-21,80.11000061035156,81.08000183105469,80.0,80.7699966430664,79.82295989990234,3225400
2017-07-24,80.76000213623047,81.79000091552734,80.27999877929688,81.75,80.79146575927734,3319400
2017-07-25,82.33999633789062,82.37999725341797,80.1500015258789,80.61000061035156,79.66482543945312,6371300
2017-07-26,80.76000213623047,81.36000061035156,80.55000305175781,80.79000091552734,79.84272003173828,3013900
2017-07-27,81.4000015258789,81.41000366210938,78.04000091552734,78.73999786376953,77.81674194335938,5363600
2017-07-28,78.2699966430664,79.94000244140625,78.1500015258789,79.73999786376953,78.8050308227539,2539700
2017-07-31,79.63999938964844,79.80999755859375,78.08000183105469,78.16999816894531,77.2534408569336,2606900
2017-08-01,78.37999725341797,78.68000030517578,76.4000015258789,77.08999633789062,76.18610382080078,5328500
2017-08-02,77.11000061035156,77.66999816894531,75.69999694824219,77.18000030517578,76.27503967285156,4471500
2017-08-03,77.18000030517578,77.37999725341797,76.30000305175781,76.83000183105469,75.92915344238281,2937900
2017-08-04,77.1500015258789,78.26000213623047,76.83000183105469,78.2300033569336,77.3127670288086,2709500
2017-08-07,78.25,78.5999984741211,77.66999816894531,78.55000305175781,77.62899017333984,3641200
2017-08-08,78.55000305175781,79.05999755859375,77.36000061035156,77.66999816894531,76.75926971435547,2187500
2017-08-09,77.08000183105469,78.2300033569336,76.9800033569336,77.26000213623047,76.3541030883789,2692300
2017-08-10,76.70999908447266,76.80000305175781,74.25,74.47000122070312,73.59683990478516,5846800
2017-08-11,74.54000091552734,75.81999969482422,74.3499984741211,75.7699966430664,74.88158416748047,5417200
2017-08-14,76.18000030517578,76.8499984741211,76.04000091552734,76.44000244140625,75.54371643066406,2930500
2017-08-15,76.75,76.94999694824219,76.08000183105469,76.47000122070312,75.57335662841797,2241600
2017-08-16,76.68000030517578,77.26000213623047,76.31999969482422,76.48999786376953,75.59313201904297,2430600
2017-08-17,76.30000305175781,76.97000122070312,74.94999694824219,75.02999877929688,74.15026092529297,4776000
2017-08-18,74.79000091552734,75.58000183105469,74.37000274658203,74.94999694824219,74.07119750976562,4771600
2017-08-21,74.91000366210938,75.5199966430664,74.44000244140625,75.37000274658203,74.48628234863281,2185100
2017-08-22,75.69999694824219,77.31999969482422,75.69000244140625,77.16999816894531,76.2651596069336,2591000
2017-08-23,76.68000030517578,77.70999908447266,76.44000244140625,76.97000122070312,76.06749725341797,2132000
2017-08-24,77.25,78.75,76.83000183105469,78.55000305175781,77.62899017333984,5499600
2017-08-25,78.94000244140625,78.97000122070312,77.55999755859375,77.80999755859375,76.89765167236328,2399500
2017-08-28,79.0999984741211,80.30000305175781,79.0199966430664,80.2300033569336,79.28929138183594,5818200
2017-08-29,79.2699966430664,81.0199966430664,79.08999633789062,80.58999633789062,79.64508056640625,3037300
2017-08-30,80.7300033569336,82.0999984741211,80.44000244140625,81.55999755859375,80.60367584228516,3617500
2017-08-31,81.97000122070312,84.20999908447266,81.80999755859375,83.83000183105469,82.84707641601562,7138700
2017-09-01,84.08000183105469,84.9000015258789,83.30999755859375,84.62000274658203,83.62779998779297,4941200
2017-09-05,84.68000030517578,84.75,82.77999877929688,83.9800033569336,82.99531555175781,3397700
2017-09-06,84.55000305175781,84.77999877929688,83.2699966430664,84.22000122070312,83.23251342773438,3633000
2017-09-07,84.30000305175781,84.55000305175781,83.3499984741211,84.3499984741211,83.36096954345703,2464300
2017-09-08,84.2300033569336,84.6500015258789,83.62999725341797,83.81999969482422,82.83720397949219,2460700
2017-09-11,84.56999969482422,84.56999969482422,83.25,83.87999725341797,82.896484375,2477300
2017-09-12,83.68000030517578,83.9000015258789,82.8499984741211,83.5199966430664,82.54071044921875,2733400
2017-09-13,83.5,83.97000122070312,83.27999877929688,83.52999877929688,82.55058288574219,1428200
2017-09-14,83.37999725341797,83.91000366210938,82.70999908447266,83.19000244140625,82.21459197998047,2984000
2017-09-15,83.31999969482422,83.91000366210938,82.80000305175781,83.66000366210938,82.7158432006836,2599600
2017-09-18,83.87000274658203,84.70999908447266,83.66999816894531,84.02999877929688,83.08169555664062,2984200
2017-09-19,84.30999755859375,84.30999755859375,83.30000305175781,83.69000244140625,82.74552154541016,2262800
2017-09-20,84.02999877929688,85.2300033569336,83.86000061035156,85.16999816894531,84.20882415771484,4086900
2017-09-21,85.2300033569336,85.68000030517578,84.48999786376953,84.58999633789062,83.6353530883789,3080700
2017-09-22,84.0999984741211,84.18000030517578,83.55000305175781,83.91000366210938,82.9630355834961,2778800
2017-09-25,83.7699966430664,84.91999816894531,83.33999633789062,84.25,83.2991943359375,5373700
2017-09-26,84.3499984741211,84.54000091552734,82.95999908447266,83.25,82.31047821044922,3256900
2017-09-27,83.58999633789062,84.79000091552734,83.44999694824219,84.47000122070312,83.5167236328125,2868800
2017-09-28,84.56999969482422,86.3499984741211,84.20999908447266,85.87999725341797,84.9107894897461,4882700
2017-09-29,86.0,86.69000244140625,85.58000183105469,86.56999969482422,85.593017578125,3392600
2017-10-02,86.9800033569336,88.12999725341797,86.70999908447266,87.97000122070312,86.97721862792969,4749300
2017-10-03,88.45999908447266,88.45999908447266,87.0,87.77999877929688,86.78936767578125,2941400
2017-10-04,87.73999786376953,88.4800033569336,87.19999694824219,88.23999786376953,87.2441635131836,2996400
2017-10-05,88.55999755859375,88.7699966430664,87.86000061035156,88.51000213623047,87.51113891601562,2702700
2017-10-06,88.22000122070312,88.9800033569336,87.88999938964844,88.31999969482422,87.32327270507812,2343400
2017-10-09,88.5,88.5999984741211,87.51000213623047,87.7300033569336,86.73993682861328,1367400
2017-10-10,88.12000274658203,88.12999725341797,86.93000030517578,87.62999725341797,86.64106750488281,1830200
2017-10-11,87.6500015258789,87.77999877929688,87.13999938964844,87.37000274658203,86.38398742675781,1763800
2017-10-12,87.37000274658203,87.52999877929688,86.86000061035156,87.29000091552734,86.30488586425781,2224500
2017-10-13,87.36000061035156,87.44999694824219,86.58000183105469,86.66000366210938,85.6820068359375,2867100
2017-10-16,87.06999969482422,88.55000305175781,86.33999633789062,86.91999816894531,85.93905639648438,5096800
2017-10-17,86.88999938964844,87.44999694824219,86.56999969482422,86.73999786376953,85.76107788085938,2113300
2017-10-18,87.19999694824219,87.5199966430664,86.02999877929688,86.2300033569336,85.2568588256836,3460000
2017-10-19,85.79000091552734,86.13999938964844,84.81999969482422,85.70999908447266,84.74272155761719,3499000
2017-10-20,85.66000366210938,85.94000244140625,84.72000122070312,85.62000274658203,84.65374755859375,5151700
2017-10-23,85.7300033569336,85.77999877929688,84.31999969482422,84.45999908447266,83.50682067871094,3883300
2017-10-24,84.62000274658203,84.80999755859375,83.16000366210938,83.58000183105469,82.63675689697266,4068500
2017-10-25,83.69999694824219,84.0,82.18000030517578,82.87000274658203,81.9347915649414,4888200
2017-10-26,82.04000091552734,82.91000366210938,81.30000305175781,81.80999755859375,80.88674926757812,5573900
2017-10-27,82.02999877929688,84.0199966430664,81.86000061035156,83.80000305175781,82.85428619384766,5225400
2017-10-30,82.02999877929688,84.0199966430664,82.02999877929688,84.01000213623047,83.06189727783203,4783500
2017-10-31,84.2699966430664,85.25,83.41999816894531,83.63999938964844,82.69608306884766,2887400
2017-11-01,84.41999816894531,84.75,82.04000091552734,82.47000122070312,81.53929901123047,4277600
2017-11-02,82.76000213623047,84.22000122070312,82.19000244140625,83.9000015258789,82.95313262939453,3834800
2017-11-03,83.98999786376953,85.80999755859375,83.70999908447266,85.5999984741211,84.63396453857422,6058400
2017-11-06,85.80999755859375,86.05999755859375,84.93000030517578,85.02999877929688,84.07040405273438,2804000
2017-11-07,84.91000366210938,85.06999969482422,83.75,84.13999938964844,83.19044494628906,2701300
2017-11-08,84.04000091552734,84.41000366210938,82.88999938964844,83.20999908447266,82.27093505859375,3320100
2017-11-09,82.98999786376953,83.30999755859375,81.87000274658203,82.91999816894531,81.98420715332031,3253000
2017-11-10,82.66000366210938,83.04000091552734,81.9000015258789,82.7699966430664,81.83589172363281,4296300
2017-11-13,82.4800033569336,82.55000305175781,81.3499984741211,81.68000030517578,80.75820922851562,3542600
2017-11-14,81.37999725341797,81.55000305175781,78.58999633789062,80.05999755859375,79.156494140625,8123700
2017-11-15,79.0999984741211,80.7300033569336,78.45999908447266,80.05000305175781,79.1466064453125,4987800
2017-11-16,80.4800033569336,81.93000030517578,80.44999694824219,81.43000030517578,80.51103210449219,3854700
2017-11-17,81.33999633789062,81.69000244140625,80.66999816894531,81.43000030517578,80.51103210449219,3457300
2017-11-20,81.41999816894531,81.58999633789062,80.47000122070312,80.87000274658203,79.95735168457031,4345400
2017-11-21,81.16999816894531,81.63999938964844,81.0,81.27999877929688,80.36271667480469,3584900
2017-11-22,81.38999938964844,81.87999725341797,81.04000091552734,81.70999908447266,80.7878646850586,2376600
2017-11-24,81.98999786376953,82.36000061035156,81.61000061035156,81.95999908447266,81.0350570678711,1374900
2017-11-27,82.25,82.54000091552734,81.12000274658203,81.22000122070312,80.30340576171875,4144200
2017-11-28,81.5,81.5999984741211,80.18000030517578,81.38999938964844,80.47146606445312,3633400
2017-11-29,81.62000274658203,82.37000274658203,80.3499984741211,81.0,80.08586883544922,3862100
2017-11-30,81.33999633789062,83.38999938964844,81.30000305175781,83.19000244140625,82.25115966796875,6180000
2017-12-01,83.29000091552734,84.13999938964844,80.7699966430664,83.41999816894531,82.47856903076172,5693300
2017-12-04,84.18000030517578,85.11000061035156,81.30000305175781,81.43000030517578,80.51103210449219,5107400
2017-12-05,81.4000015258789,82.68000030517578,80.13999938964844,80.3499984741211,79.44322204589844,3513300
2017-12-06,80.20999908447266,80.61000061035156,78.69000244140625,79.94999694824219,79.04773712158203,5205700
2017-12-07,80.44999694824219,82.47000122070312,80.16000366210938,82.27999877929688,81.35143280029297,4808100
2017-12-08,83.02999877929688,84.44000244140625,82.7699966430664,83.93000030517578,82.9828109741211,6452700
2017-12-11,84.98999786376953,84.98999786376953,82.93000030517578,83.06999969482422,82.13250732421875,5385800
2017-12-12,83.2699966430664,83.31999969482422,81.33000183105469,81.69000244140625,80.7680892944336,4911600
2017-12-13,81.62999725341797,83.44000244140625,81.47000122070312,82.91999816894531,81.98420715332031,3717400
2017-12-14,83.16999816894531,83.30000305175781,80.97000122070312,81.31999969482422,80.40225982666016,3845800
2017-12-15,81.11000061035156,81.87000274658203,80.79000091552734,81.81999969482422,80.93146514892578,3441000
2017-12-18,82.29000091552734,82.47000122070312,81.56999969482422,81.81999969482422,80.93146514892578,2402500
2017-12-19,81.75,82.54000091552734,81.13999938964844,81.55999755859375,80.67427062988281,2883800
2017-12-20,81.91999816894531,82.3499984741211,81.55000305175781,82.13999938964844,81.24798583984375,2765300
2017-12-21,82.19000244140625,83.38999938964844,82.05000305175781,83.08000183105469,82.17778015136719,2512200
2017-12-22,83.55999755859375,84.75,83.33999633789062,84.58999633789062,83.6713638305664,5851600
2017-12-26,84.58999633789062,85.41999816894531,84.30000305175781,85.16999816894531,84.24508666992188,2894300
2017-12-27,85.33999633789062,86.02999877929688,84.93000030517578,85.87999725341797,84.94735717773438,3536700
2017-12-28,86.12000274658203,86.30999755859375,85.41999816894531,86.19999694824219,85.26387786865234,2640400
2017-12-29,86.51000213623047,86.7699966430664,84.83999633789062,84.87000274658203,83.9483413696289,3222300
2018-01-02,85.2699966430664,87.23999786376953,84.30000305175781,87.20999908447266,86.26292419433594,6036900
2018-01-03,87.41999816894531,88.81999969482422,87.05000305175781,88.37000274658203,87.41033172607422,5644400
2018-01-04,88.72000122070312,88.80000305175781,86.72000122070312,87.3499984741211,86.4013900756836,4280900
2018-01-05,87.75,87.75,86.45999908447266,87.04000091552734,86.09475708007812,3366800
2018-01-08,87.05999755859375,87.19999694824219,84.44999694824219,85.30999755859375,84.38355255126953,5894600
2018-01-09,85.62999725341797,87.7300033569336,85.62000274658203,87.48999786376953,86.53987884521484,7066900
2018-01-10,87.0,88.73999786376953,86.0,88.58999633789062,87.62793731689453,6202600
2018-01-11,88.75,89.3499984741211,87.97000122070312,89.13999938964844,88.17196655273438,3320600
2018-01-12,89.1500015258789,89.94999694824219,88.81999969482422,89.62000274658203,88.6467514038086,6230700
2018-01-16,90.0,90.33000183105469,86.5999984741211,86.83999633789062,85.89694213867188,6937200
2018-01-17,88.0,88.33000183105469,87.05000305175781,88.0199966430664,87.06412506103516,6473700
2018-01-18,87.69000244140625,88.47000122070312,86.91000366210938,87.88999938964844,86.93553924560547,4906600
2018-01-19,88.12000274658203,89.0199966430664,87.7300033569336,88.91999816894531,87.95433807373047,2645700
2018-01-22,90.70999908447266,94.01000213623047,90.54000091552734,93.88999938964844,92.87037658691406,8730100
2018-01-23,94.01000213623047,96.2300033569336,93.94999694824219,95.81999969482422,94.77941131591797,5499600
2018-01-24,95.97000122070312,96.06999969482422,93.04000091552734,94.33999633789062,93.31549072265625,7287500
2018-01-25,95.18000030517578,95.69999694824219,93.94000244140625,95.41000366210938,94.37387084960938,4096800
2018-01-26,95.80000305175781,96.8499984741211,95.44000244140625,96.19000244140625,95.1454086303711,3468100
2018-01-29,96.02999877929688,97.9800033569336,96.0,97.02999877929688,95.97628021240234,5281400
2018-01-30,95.6500015258789,96.27999877929688,94.16000366210938,95.02999877929688,93.99799346923828,5803900
2018-01-31,95.55999755859375,95.93000030517578,92.87999725341797,93.37000274658203,92.35603332519531,4008900
2018-02-01,93.20999908447266,94.44999694824219,92.55000305175781,93.61000061035156,92.59341430664062,4821700
2018-02-02,92.75,93.44000244140625,91.63999938964844,91.88999938964844,90.89208984375,5817600
2018-02-05,90.73999786376953,93.04000091552734,88.2300033569336,88.33999633789062,87.38066864013672,7776000
2018-02-06,86.9000015258789,91.20999908447266,86.31999969482422,91.05000305175781,90.06121063232422,8289200
2018-02-07,90.75,92.29000091552734,90.62000274658203,91.41999816894531,90.42720031738281,4956900
2018-02-08,91.5,92.0,86.80000305175781,86.81999969482422,85.87715911865234,8369700
2018-02-09,87.66000366210938,88.05999755859375,82.37999725341797,87.0199966430664,86.07498931884766,12004000
2018-02-12,87.72000122070312,89.83000183105469,86.7300033569336,88.79000091552734,87.82576751708984,5511100
2018-02-13,88.44000244140625,89.5999984741211,87.63999938964844,89.30999755859375,88.34011840820312,2286800
2018-02-14,88.3499984741211,92.08000183105469,88.18000030517578,91.6500015258789,90.65470886230469,5176300
2018-02-15,92.55999755859375,92.94999694824219,90.93000030517578,92.7300033569336,91.72298431396484,3558900
2018-02-16,92.48999786376953,93.55999755859375,91.97000122070312,92.47000122070312,91.46580505371094,3871000
2018-02-20,91.43000030517578,93.12000274658203,90.4800033569336,90.83000183105469,89.84361267089844,3403700
2018-02-21,90.70999908447266,93.37000274658203,90.70999908447266,91.05000305175781,90.06121063232422,3288800
2018-02-22,91.91999816894531,93.11000061035156,90.9800033569336,91.16999816894531,90.17992401123047,3792300
2018-02-23,91.77999877929688,92.58000183105469,90.12999725341797,92.54000091552734,91.53504180908203,4628900
2018-02-26,93.0,93.55999755859375,92.08000183105469,93.19000244140625,92.1780014038086,2050800
2018-02-27,93.05000305175781,93.62000274658203,92.05000305175781,92.08999633789062,91.08991241455078,2010700
2018-02-28,92.05000305175781,92.55000305175781,90.33000183105469,90.36000061035156,89.37870025634766,4414000
2018-03-01,90.16999816894531,90.56999969482422,88.19999694824219,89.5199966430664,88.5478286743164,5720300
2018-03-02,88.54000091552734,92.12999725341797,88.19000244140625,91.95999908447266,90.9613265991211,5819500
2018-03-05,91.83000183105469,93.77999877929688,91.72000122070312,93.37999725341797,92.36592102050781,3416900
2018-03-06,93.83000183105469,94.0,92.26000213623047,93.6500015258789,92.63300323486328,2861900
2018-03-07,92.93000030517578,94.97000122070312,92.6500015258789,94.83000183105469,93.80017852783203,3678900
2018-03-08,95.16000366210938,95.62000274658203,94.01000213623047,94.98999786376953,93.95845031738281,3700100
2018-03-09,95.56999969482422,96.86000061035156,95.04000091552734,96.44999694824219,95.40258026123047,4399200
2018-03-12,96.87000274658203,97.29000091552734,95.80000305175781,96.9800033569336,95.92683410644531,2753700
2018-03-13,97.22000122070312,97.87000274658203,95.55000305175781,95.94000244140625,94.89813995361328,4507800
2018-03-14,96.23999786376953,96.45999908447266,94.9000015258789,95.5199966430664,94.48268127441406,3006300
2018-03-15,95.8499984741211,95.88999938964844,93.58000183105469,94.02999877929688,93.00885772705078,3954300
2018-03-16,94.04000091552734,94.4000015258789,93.44999694824219,93.56999969482422,92.61197662353516,3463800
2018-03-19,93.33999633789062,93.88999938964844,90.70999908447266,91.88999938964844,90.94916534423828,5936200
2018-03-20,92.1500015258789,92.91000366210938,91.45999908447266,92.11000061035156,91.16691589355469,3608900
2018-03-21,92.18000030517578,93.51000213623047,91.8499984741211,93.04000091552734,92.08738708496094,3083600
2018-03-22,91.93000030517578,93.08000183105469,90.25,90.26000213623047,89.33586883544922,4631100
2018-03-23,90.52999877929688,91.2300033569336,88.4800033569336,88.5999984741211,87.69286346435547,4709800
2018-03-26,90.22000122070312,91.22000122070312,88.16999816894531,91.05000305175781,90.11775970458984,7589200
2018-03-27,91.48999786376953,91.72000122070312,86.87000274658203,87.16000366210938,86.26759338378906,5824100
2018-03-28,87.25,87.75,84.94999694824219,87.01000213623047,86.11913299560547,6650800
2018-03-29,87.70999908447266,89.08000183105469,86.44999694824219,87.7300033569336,86.83177185058594,5242800
2018-04-02,87.33999633789062,87.43000030517578,83.19000244140625,83.8499984741211,82.99146270751953,7398400
2018-04-03,84.5,85.25,82.76000213623047,84.3499984741211,83.48636627197266,5277100
2018-04-04,83.05000305175781,87.5999984741211,82.80000305175781,87.22000122070312,86.32697296142578,5207500
2018-04-05,87.83999633789062,87.83999633789062,85.12000274658203,85.47000122070312,84.59490203857422,4631900
2018-04-06,84.37000274658203,85.18000030517578,82.36000061035156,82.9000015258789,82.05120849609375,6428800
2018-04-09,84.80000305175781,86.56999969482422,84.66999816894531,85.11000061035156,84.23858642578125,8271500
2018-04-10,86.55000305175781,88.87999725341797,85.95999908447266,88.47000122070312,87.56419372558594,7132800
2018-04-11,87.97000122070312,90.18000030517578,87.73999786376953,89.1500015258789,88.23723602294922,4054000
2018-04-12,89.62999725341797,91.08000183105469,89.38999938964844,90.44999694824219,89.52389526367188,4145800
2018-04-13,90.8499984741211,90.9800033569336,88.87000274658203,89.58000183105469,88.66281127929688,6260500
2018-04-16,90.23999786376953,90.43000030517578,88.41999816894531,88.9000015258789,87.98978424072266,3542400
2018-04-17,89.58000183105469,91.48999786376953,89.33000183105469,91.12000274658203,90.18704986572266,4657200
2018-04-18,91.44999694824219,91.9000015258789,90.55999755859375,90.73999786376953,89.8109359741211,3858300
2018-04-19,90.51000213623047,91.12000274658203,88.93000030517578,89.20999908447266,88.29660034179688,5723700
2018-04-20,89.1500015258789,89.68000030517578,88.47000122070312,88.93000030517578,88.01947784423828,6748400
2018-04-23,88.7699966430664,89.05999755859375,87.20999908447266,88.05999755859375,87.15838623046875,5387600
2018-04-24,88.30000305175781,88.56999969482422,85.83999633789062,86.44999694824219,85.56487274169922,4776400
2018-04-25,86.73999786376953,87.2300033569336,85.06999969482422,86.3499984741211,85.46591186523438,4587600
2018-04-26,86.68000030517578,88.25,86.44000244140625,87.83999633789062,86.94061279296875,3501600
2018-04-27,88.16999816894531,89.0,87.70999908447266,88.41999816894531,87.51470184326172,2967900
2018-04-30,88.87999725341797,89.16000366210938,86.91999816894531,86.9800033569336,86.0894546508789,3757000
2018-05-01,87.11000061035156,88.01000213623047,86.38999938964844,87.91000366210938,87.00991821289062,2447800
2018-05-02,87.31999969482422,88.6500015258789,87.04000091552734,87.44999694824219,86.55461120605469,3583200
2018-05-03,86.97000122070312,88.08000183105469,85.30999755859375,85.91999816894531,85.04027557373047,5123800
2018-05-04,85.94000244140625,88.08000183105469,85.88999938964844,87.37000274658203,86.4754409790039,4023900
2018-05-07,87.77999877929688,89.0,87.6500015258789,88.5,87.59387969970703,2981300
2018-05-08,88.2300033569336,88.27999877929688,87.52999877929688,88.06999969482422,87.16828155517578,2378000
2018-05-09,88.31999969482422,90.33999633789062,87.80000305175781,89.80000305175781,88.88056182861328,3107800
2018-05-10,90.0,91.02999877929688,88.91999816894531,89.04000091552734,88.12834930419922,4017400
2018-05-11,88.9000015258789,91.73999786376953,88.9000015258789,91.6500015258789,90.71163177490234,7209400
2018-05-14,92.02999877929688,93.11000061035156,91.61000061035156,92.81999969482422,91.86962890625,5546600
2018-05-15,92.37999725341797,92.5199966430664,91.63999938964844,92.27999877929688,91.33516693115234,2491900
2018-05-16,92.52999877929688,93.86000061035156,92.22000122070312,93.45999908447266,92.50309753417969,3300700
2018-05-17,93.55999755859375,94.08000183105469,92.9000015258789,93.77999877929688,92.81983184814453,2669700
2018-05-18,94.0,94.31999969482422,92.77999877929688,93.56999969482422,92.61197662353516,6227500
2018-05-21,94.16999816894531,94.41999816894531,91.3499984741211,91.77999877929688,90.84027099609375,3772500
2018-05-22,92.08999633789062,92.9800033569336,91.27999877929688,92.20999908447266,91.26589965820312,3542500
2018-05-23,91.70999908447266,93.2300033569336,91.69999694824219,92.44000244140625,91.49353790283203,4240500
2018-05-24,92.55000305175781,93.05999755859375,92.0,92.7300033569336,91.78057098388672,1502100
2018-05-25,92.86000061035156,93.41000366210938,92.36000061035156,93.0,92.04780578613281,2728300
2018-05-29,92.55000305175781,93.37999725341797,91.2300033569336,92.47000122070312,91.52322387695312,4433200
2018-05-30,92.95999908447266,94.45999908447266,92.80000305175781,94.16000366210938,93.19591522216797,4181000
2018-05-31,94.5199966430664,96.04000091552734,94.37999725341797,94.66999816894531,93.70069885253906,7147800
2018-06-01,96.08999633789062,97.01000213623047,95.79000091552734,96.6500015258789,95.6604232788086,5011100
2018-06-04,97.3499984741211,97.62999725341797,94.66000366210938,96.44000244140625,95.45259094238281,6083600
2018-06-05,96.41000366210938,97.48999786376953,96.31999969482422,97.16999816894531,96.17510986328125,4409900
2018-06-06,97.52999877929688,98.22000122070312,97.12000274658203,97.7699966430664,96.76895904541016,3934200
2018-06-07,97.76000213623047,97.80000305175781,95.47000122070312,96.55000305175781,95.56145477294922,5644300
2018-06-08,95.94999694824219,96.7699966430664,95.7699966430664,96.30000305175781,95.31401824951172,2225600
2018-06-11,96.48999786376953,96.69000244140625,95.38999938964844,95.91999816894531,94.93791198730469,6946100
2018-06-12,96.08000183105469,97.43000030517578,95.94999694824219,96.93000030517578,95.93755340576172,2940400
2018-06-13,97.05999755859375,97.98999786376953,96.55999755859375,97.18000030517578,96.18498992919922,6890600
2018-06-14,97.43000030517578,97.80999755859375,96.9800033569336,97.58999633789062,96.59080505371094,5051100
2018-06-15,97.11000061035156,97.72000122070312,96.73999786376953,97.18000030517578,96.2422103881836,3383300
2018-06-18,96.79000091552734,97.70999908447266,96.19999694824219,97.44999694824219,96.50961303710938,5335300
2018-06-19,97.0,99.08000183105469,96.97000122070312,98.8499984741211,97.89608001708984,7591500
2018-06-20,99.52999877929688,101.18000030517578,99.3499984741211,101.1500015258789,100.17390441894531,6074700
2018-06-21,101.29000091552734,101.55000305175781,98.87000274658203,99.05999755859375,98.10404205322266,4374500
2018-06-22,99.37000274658203,99.54000091552734,98.0999984741211,99.08000183105469,98.1238784790039,3768800
2018-06-25,98.56999969482422,98.68000030517578,95.86000061035156,96.4000015258789,95.4697036743164,4359800
2018-06-26,96.80999755859375,97.3499984741211,95.18000030517578,96.7300033569336,95.79654693603516,5765500
2018-06-27,96.79000091552734,97.08999633789062,93.5,93.62000274658203,92.71658325195312,6646800
2018-06-28,93.86000061035156,94.45999908447266,91.91000366210938,94.16999816894531,93.26123809814453,6308300
2018-06-29,94.62999725341797,96.44999694824219,94.5999984741211,95.19000244140625,94.27141571044922,3454300
2018-07-02,94.41999816894531,96.33000183105469,94.01000213623047,96.29000091552734,95.36078643798828,2503400
2018-07-03,96.62999725341797,97.5999984741211,95.9000015258789,97.01000213623047,96.0738296508789,2118300
2018-07-05,97.5999984741211,98.08000183105469,96.55000305175781,97.48999786376953,96.54920196533203,2953700
2018-07-06,98.12000274658203,100.33000183105469,97.7699966430664,100.25,99.28258514404297,4876900
2018-07-09,100.76000213623047,101.16999816894531,99.12000274658203,100.08999633789062,99.12411499023438,4764300
2018-07-10,100.33999633789062,100.62999725341797,99.12999725341797,99.63999938964844,98.67847442626953,5253600
2018-07-11,98.94000244140625,100.0999984741211,98.7300033569336,99.7300033569336,98.76758575439453,2716700
2018-07-12,100.29000091552734,100.95999908447266,99.76000213623047,100.83999633789062,99.86685943603516,7197900
2018-07-13,100.83000183105469,101.05000305175781,100.18000030517578,100.55999755859375,99.5895767211914,1880000
2018-07-16,100.45999908447266,100.63999938964844,98.45999908447266,98.91999816894531,97.96540832519531,2530500
2018-07-17,98.70999908447266,100.44000244140625,98.51000213623047,100.3499984741211,99.38162994384766,2425600
2018-07-18,100.12000274658203,100.25,99.04000091552734,100.12999725341797,99.16374969482422,2771000
2018-07-19,99.81999969482422,100.7300033569336,99.06999969482422,100.4000015258789,99.43113708496094,2515100
2018-07-20,100.36000061035156,101.05999755859375,100.05999755859375,100.12999725341797,99.16374969482422,3243700
2018-07-23,100.0,100.44999694824219,99.41999816894531,99.80999755859375,98.84680938720703,2767600
2018-07-24,100.43000030517578,100.83999633789062,97.31999969482422,97.75,96.80670166015625,4716200
2018-07-25,97.5,98.87999725341797,97.19000244140625,97.72000122070312,96.7770004272461,4483600
2018-07-26,97.38999938964844,98.55999755859375,96.55000305175781,97.63999938964844,96.69776916503906,4092400
2018-07-27,97.69999694824219,97.81999969482422,93.98999786376953,94.97000122070312,94.05353546142578,8537000
2018-07-30,94.80000305175781,95.05999755859375,92.81999969482422,93.41999816894531,92.51848602294922,6209400
2018-07-31,93.70999908447266,95.6500015258789,93.41999816894531,95.29000091552734,94.37044525146484,4575600
2018-08-01,95.12999725341797,96.26000213623047,94.66999816894531,95.37000274658203,94.44966125488281,4198600
2018-08-02,94.75,96.13999938964844,94.66999816894531,95.9800033569336,95.05378723144531,2407700
2018-08-03,96.25,96.31999969482422,94.31999969482422,94.70999908447266,93.7960205078125,3200300
2018-08-06,94.5,95.37999725341797,93.87999725341797,94.88999938964844,93.97429656982422,3179900
2018-08-07,95.30999755859375,96.05999755859375,94.95999908447266,95.94999694824219,95.02406311035156,3239900
2018-08-08,95.9000015258789,96.4000015258789,94.91999816894531,95.41000366210938,94.48928833007812,3350400
2018-08-09,95.2699966430664,97.0199966430664,95.05000305175781,95.25,94.33084106445312,2709900
2018-08-10,95.0999984741211,96.23999786376953,94.79000091552734,94.94999694824219,94.03373718261719,4737600
2018-08-13,94.97000122070312,95.25,93.63999938964844,94.5,93.58806610107422,11851100
2018-08-14,94.76000213623047,95.66000366210938,94.4800033569336,94.88999938964844,93.97429656982422,2342800
2018-08-15,94.37000274658203,94.61000061035156,92.51000213623047,93.08000183105469,92.18175506591797,5783000
2018-08-16,93.55000305175781,94.30000305175781,92.58000183105469,93.91999816894531,93.0136489868164,3040600
2018-08-17,93.75,94.16999816894531,92.91999816894531,93.98999786376953,93.0829849243164,2566900
2018-08-20,94.05000305175781,94.33999633789062,93.12999725341797,93.30000305175781,92.39965057373047,2968000
2018-08-21,93.43000030517578,95.4000015258789,93.41000366210938,95.12999725341797,94.21198272705078,3459200
2018-08-22,95.08000183105469,96.9000015258789,95.08000183105469,96.69999694824219,95.76683807373047,5059600
2018-08-23,96.75,97.06999969482422,95.3499984741211,96.02999877929688,95.10330200195312,2473100
2018-08-24,96.30000305175781,96.95999908447266,95.62000274658203,96.4000015258789,95.4697036743164,1918700
2018-08-27,96.75,98.41000366210938,96.6500015258789,98.0,97.05430603027344,6810900
2018-08-28,98.02999877929688,98.69000244140625,97.66000366210938,98.66000366210938,97.70793151855469,4673200
2018-08-29,98.8499984741211,99.81999969482422,98.37999725341797,99.55000305175781,98.58934783935547,3046800
2018-08-30,99.37000274658203,100.69999694824219,99.37000274658203,99.93000030517578,98.96566009521484,5944900
2018-08-31,99.83000183105469,100.56999969482422,99.37999725341797,100.13999938964844,99.17363739013672,3288100
2018-09-04,100.13999938964844,100.30999755859375,98.5999984741211,100.01000213623047,99.04489135742188,2767400
2018-09-05,99.83000183105469,99.83999633789062,98.31999969482422,99.23999786376953,98.28231048583984,1904600
2018-09-06,99.19999694824219,99.62000274658203,96.43000030517578,96.69000244140625,95.75691986083984,3579500
2018-09-07,96.25,97.7699966430664,95.18000030517578,96.41000366210938,95.47962951660156,3892700
2018-09-10,96.87999725341797,97.16999816894531,95.95999908447266,96.55999755859375,95.62818145751953,1526500
2018-09-11,96.45999908447266,96.91999816894531,95.6500015258789,96.54000091552734,95.60838317871094,2232300
2018-09-12,96.58000183105469,96.95999908447266,95.02999877929688,96.2300033569336,95.30138397216797,2123900
2018-09-13,96.6500015258789,96.87000274658203,95.52999877929688,95.9000015258789,94.97454833984375,2250700
2018-09-14,96.1500015258789,96.91999816894531,95.51000213623047,95.83000183105469,94.90522766113281,2969500
2018-09-17,95.51000213623047,96.12000274658203,94.05000305175781,94.30000305175781,93.3899917602539,4198600
2018-09-18,94.62000274658203,95.66999816894531,94.19999694824219,95.44999694824219,94.52889251708984,2930900
2018-09-19,95.30000305175781,96.37000274658203,95.19999694824219,95.56999969482422,94.6477279663086,2228000
2018-09-20,96.19000244140625,97.18000030517578,95.88999938964844,97.16000366210938,96.222412109375,3405900
2018-09-21,97.20999908447266,97.41000366210938,95.30999755859375,95.54000091552734,94.68917083740234,3924900
2018-09-24,95.54000091552734,96.80000305175781,95.1500015258789,96.62000274658203,95.75955963134766,2307800
2018-09-25,97.01000213623047,97.4000015258789,96.5199966430664,96.9000015258789,96.03704833984375,2651200
2018-09-26,97.37999725341797,97.5999984741211,96.05000305175781,96.12000274658203,95.2640151977539,2092400
2018-09-27,96.0,96.5,95.3499984741211,95.98999786376953,95.13516235351562,2645900
2018-09-28,95.5999984741211,96.54000091552734,95.48999786376953,95.87000274658203,95.01625061035156,1536400
2018-10-01,96.37000274658203,96.5,94.3499984741211,94.58999633789062,93.74761962890625,2450900
2018-10-02,94.69000244140625,94.87000274658203,92.62000274658203,93.19999694824219,92.37000274658203,5691100
2018-10-03,93.62000274658203,95.33999633789062,92.66999816894531,94.9000015258789,94.05486297607422,3111700
2018-10-04,94.68000030517578,94.69999694824219,91.38999938964844,91.83999633789062,91.02210235595703,6006500
2018-10-05,91.7300033569336,92.87000274658203,88.56999969482422,90.44999694824219,89.64449310302734,9487200
2018-10-08,90.0,91.08999633789062,88.0,89.5,88.70296478271484,6874900
2018-10-09,88.93000030517578,90.37999725341797,88.16999816894531,88.41000366210938,87.6226806640625,6452000
2018-10-10,88.16000366210938,88.70999908447266,85.2699966430664,85.44000244140625,84.67911529541016,6614700
2018-10-11,85.2699966430664,86.68000030517578,83.97000122070312,84.41000366210938,83.65829467773438,8544200
2018-10-12,86.19999694824219,86.72000122070312,84.55000305175781,86.0999984741211,85.33322143554688,4627600
2018-10-15,85.62999725341797,86.13999938964844,84.22000122070312,84.94000244140625,84.18357849121094,4272200
2018-10-16,85.80000305175781,89.73999786376953,85.47000122070312,89.44999694824219,88.65340423583984,6328900
2018-10-17,89.08999633789062,89.37999725341797,87.43000030517578,89.30000305175781,88.50474548339844,3669100
2018-10-18,88.95999908447266,89.30000305175781,86.62000274658203,87.54000091552734,86.76041412353516,5300600
2018-10-19,87.6500015258789,88.91000366210938,85.05999755859375,85.41999816894531,84.65930938720703,5546700
2018-10-22,85.44000244140625,85.6500015258789,82.12999725341797,83.48999786376953,82.74649047851562,9374800
2018-10-23,81.81999969482422,85.06999969482422,80.41000366210938,83.41999816894531,82.6771011352539,10172800
2018-10-24,83.58999633789062,83.88999938964844,77.08000183105469,77.27999877929688,76.59176635742188,17081600
2018-10-25,78.05000305175781,81.75,77.69000244140625,80.44000244140625,79.72364807128906,16150600
2018-10-26,79.75,81.4800033569336,78.05000305175781,80.41999816894531,79.70381164550781,11181300
2018-10-29,81.73999786376953,82.12999725341797,76.37000274658203,77.91999816894531,77.22608184814453,7574900
2018-10-30,77.66999816894531,79.55000305175781,76.80000305175781,78.36000061035156,77.66214752197266,8318400
2018-10-31,79.5999984741211,80.61000061035156,78.79000091552734,79.11000061035156,78.40548706054688,6747300
2018-11-01,79.7300033569336,83.9800033569336,79.70999908447266,83.73999786376953,82.9942398071289,6425900
2018-11-02,84.5,85.98999786376953,82.55000305175781,83.95999908447266,83.21229553222656,5460900
2018-11-05,84.02999877929688,84.37999725341797,81.62999725341797,83.51000213623047,82.76629638671875,3539400
2018-11-06,83.19999694824219,84.56999969482422,82.69000244140625,83.23999786376953,82.49871826171875,4899900
2018-11-07,83.9800033569336,85.69000244140625,83.73999786376953,85.33999633789062,84.58000183105469,7022000
2018-11-08,85.0,85.87000274658203,84.05000305175781,84.20999908447266,83.4600601196289,4228700
2018-11-09,83.30000305175781,83.44999694824219,80.30999755859375,80.77999877929688,80.06060791015625,5992100
2018-11-12,80.5199966430664,80.77999877929688,77.3499984741211,77.66000366210938,76.96841430664062,7900200
2018-11-13,78.19000244140625,79.54000091552734,77.19999694824219,77.27999877929688,76.59176635742188,4882700
2018-11-14,78.13999938964844,78.5199966430664,73.97000122070312,74.93000030517578,74.2626953125,12084200
2018-11-15,74.7699966430664,78.05000305175781,74.7699966430664,77.55000305175781,76.85939025878906,6509500
2018-11-16,76.97000122070312,80.06999969482422,76.69000244140625,79.5199966430664,78.81182098388672,8365500
2018-11-19,79.1500015258789,79.44000244140625,76.02999877929688,76.91000366210938,76.2250747680664,6339300
2018-11-20,75.2300033569336,77.54000091552734,74.5199966430664,76.44999694824219,75.7691650390625,7103100
2018-11-21,77.27999877929688,78.29000091552734,76.30000305175781,77.87000274658203,77.17655181884766,4793300
2018-11-23,77.12999725341797,79.62999725341797,77.0199966430664,78.08999633789062,77.39456939697266,3714400
2018-11-26,79.25,80.33000183105469,78.76000213623047,79.88999938964844,79.17854309082031,7466200
2018-11-27,79.41999816894531,79.43000030517578,77.66000366210938,77.97000122070312,77.275634765625,5664300
2018-11-28,78.81999969482422,81.08999633789062,77.7300033569336,80.93000030517578,80.20928955078125,6559800
2018-11-29,80.55999755859375,81.62000274658203,79.83999633789062,80.44999694824219,79.73355102539062,3416300
2018-11-30,80.33999633789062,81.6500015258789,79.9800033569336,81.6500015258789,80.92285919189453,3838900
2018-12-03,84.69000244140625,84.95999908447266,83.51000213623047,84.62999725341797,83.87632751464844,6837400
2018-12-04,84.2300033569336,85.33000183105469,80.18000030517578,80.45999908447266,79.74346160888672,9105500
2018-12-06,79.1500015258789,80.91999816894531,78.29000091552734,80.69999694824219,79.9813232421875,6703500
2018-12-07,80.48999786376953,81.43000030517578,77.69000244140625,78.19000244140625,77.49368286132812,5388700
2018-12-10,78.04000091552734,79.5,76.61000061035156,79.12999725341797,78.42530822753906,4498800
2018-12-11,79.61000061035156,80.44999694824219,78.05999755859375,78.87000274658203,78.16763305664062,6645300
2018-12-12,79.72000122070312,80.95999908447266,79.54000091552734,80.08000183105469,79.36685180664062,4438700
2018-12-13,80.2699966430664,80.61000061035156,77.69999694824219,77.87000274658203,77.17655181884766,6048100
2018-12-14,77.16000366210938,78.13999938964844,76.44000244140625,76.79000091552734,76.10615539550781,4533000
2018-12-17,76.27999877929688,77.91999816894531,74.58999633789062,75.05000305175781,74.38163757324219,6768600
2018-12-18,75.91000366210938,75.94999694824219,72.41999816894531,73.6500015258789,72.9941177368164,10155200
2018-12-19,73.55999755859375,75.26000213623047,70.12999725341797,71.16000366210938,70.52628326416016,10753400
2018-12-20,70.63999938964844,71.16000366210938,67.69999694824219,68.66000366210938,68.04854583740234,12858800
2018-12-21,68.9800033569336,69.04000091552734,65.4000015258789,65.73999786376953,65.16593933105469,12850000
2018-12-24,64.98999786376953,66.87000274658203,64.37999725341797,65.41999816894531,64.8487319946289,5566500
2018-12-26,66.2300033569336,70.38999938964844,66.05999755859375,70.26000213623047,69.6464614868164,10301200
2018-12-27,69.0,70.08000183105469,66.86000061035156,69.58000183105469,68.972412109375,6835700
2018-12-28,69.70999908447266,71.62000274658203,68.9800033569336,70.08999633789062,69.47795104980469,7207600
2018-12-31,71.04000091552734,71.98999786376953,70.3499984741211,71.75,71.12345886230469,8428900
2019-01-02,70.4800033569336,72.91999816894531,70.19999694824219,72.86000061035156,72.2237777709961,5874700
2019-01-03,73.33999633789062,73.55000305175781,71.06999969482422,71.20999908447266,70.58816528320312,8779700
2019-01-04,72.41999816894531,75.23999786376953,72.1500015258789,75.0199966430664,74.36489868164062,8019500
2019-01-07,76.86000061035156,79.87000274658203,76.83999633789062,79.5,78.80577850341797,8534400
2019-01-08,80.56999969482422,80.9800033569336,78.13999938964844,80.4800033569336,79.7772216796875,6091600
2019-01-09,80.88999938964844,81.58999633789062,80.30999755859375,80.81999969482422,80.11426544189453,4813300
2019-01-10,80.13999938964844,82.2699966430664,79.08000183105469,82.16000366210938,81.44255065917969,5995300
2019-01-11,81.72000122070312,82.37000274658203,81.22000122070312,82.0,81.28396606445312,5933900
2019-01-14,81.19999694824219,81.6500015258789,80.05000305175781,80.12000274658203,79.42037963867188,4252100
2019-01-15,80.4000015258789,82.19999694824219,80.18000030517578,82.19999694824219,81.48219299316406,3801200
2019-01-16,82.19999694824219,83.97000122070312,81.66000366210938,81.91000366210938,81.19475555419922,4700800
2019-01-17,81.36000061035156,83.1500015258789,81.36000061035156,82.4000015258789,81.68045806884766,2201100
2019-01-18,82.95999908447266,83.41999816894531,81.58000183105469,83.37999725341797,82.65190124511719,5026100
2019-01-22,82.56999969482422,82.79000091552734,80.30000305175781,80.86000061035156,80.1539077758789,6900100
2019-01-23,81.33999633789062,81.7699966430664,78.5999984741211,79.77999877929688,79.08333587646484,6002800
2019-01-24,79.77999877929688,80.58999633789062,79.41000366210938,80.55000305175781,79.84663391113281,5136000
2019-01-25,81.08999633789062,82.47000122070312,80.31999969482422,82.37000274658203,81.65072631835938,3517300
2019-01-28,81.06999969482422,81.30999755859375,79.83000183105469,80.02999877929688,79.3311538696289,4597300
2019-01-29,80.31999969482422,80.44999694824219,79.33999633789062,80.06999969482422,79.37079620361328,4255600
2019-01-30,80.5999984741211,82.36000061035156,79.77999877929688,82.29000091552734,81.57141876220703,3057000
2019-01-31,81.97000122070312,83.75,81.93000030517578,83.5999984741211,82.8699722290039,4788600
2019-02-01,83.55000305175781,84.30999755859375,82.80999755859375,83.98999786376953,83.2565689086914,3175700
2019-02-04,84.06999969482422,84.41999816894531,83.29000091552734,84.33999633789062,83.60352325439453,1980200
2019-02-05,84.44000244140625,85.7300033569336,83.27999877929688,83.80000305175781,83.06822967529297,5170400
2019-02-06,84.0999984741211,84.81999969482422,82.9800033569336,84.27999877929688,83.54402923583984,2774400
2019-02-07,83.62999725341797,84.08999633789062,81.4000015258789,81.98999786376953,81.2740478515625,4456900
2019-02-08,81.4000015258789,82.87000274658203,81.30999755859375,82.68000030517578,81.95802307128906,2909100
2019-02-11,83.08999633789062,83.33000183105469,82.23999786376953,83.08000183105469,82.35454559326172,2416000
2019-02-12,83.80000305175781,84.52999877929688,83.58000183105469,84.41999816894531,83.68281555175781,3271400
2019-02-13,84.87000274658203,85.30000305175781,84.31999969482422,84.43000030517578,83.69273376464844,2727100
2019-02-14,84.05000305175781,85.0199966430664,83.80999755859375,84.77999877929688,84.03968048095703,2955200
2019-02-15,85.0999984741211,86.5999984741211,84.81999969482422,86.58999633789062,85.83386993408203,3959200
2019-02-19,86.9000015258789,87.33999633789062,85.54000091552734,85.63999938964844,84.89216613769531,3705400
2019-02-20,85.69999694824219,86.26000213623047,83.95999908447266,85.30000305175781,84.55516052246094,5983500
2019-02-21,85.12999725341797,85.2699966430664,83.52999877929688,84.08999633789062,83.35569763183594,4110400
2019-02-22,84.5,85.87999725341797,83.98999786376953,85.73999786376953,84.99130249023438,3407900
2019-02-25,88.5,89.77999877929688,88.41000366210938,89.52999877929688,88.74819946289062,7556900
2019-02-26,88.91999816894531,89.70999908447266,88.5199966430664,88.83000183105469,88.05432891845703,3579000
2019-02-27,88.61000061035156,90.58999633789062,88.61000061035156,90.27999877929688,89.49165344238281,4268700
2019-02-28,90.20999908447266,90.41999816894531,88.4800033569336,89.13999938964844,88.36160278320312,3105400
2019-03-01,90.08999633789062,91.83999633789062,89.55999755859375,91.80999755859375,91.00829315185547,4802500
2019-03-04,92.98999786376953,92.98999786376953,89.22000122070312,90.9000015258789,90.10624694824219,5625100
2019-03-05,90.83000183105469,92.05000305175781,90.05999755859375,90.22000122070312,89.43217468261719,8034200
2019-03-06,90.16000366210938,90.22000122070312,86.43000030517578,86.52999877929688,85.77438354492188,10444100
2019-03-07,86.5,87.48999786376953,85.18000030517578,86.55999755859375,85.80413055419922,6693100
2019-03-08,85.26000213623047,86.80999755859375,85.05000305175781,86.45999908447266,85.70499420166016,5399900
2019-03-11,86.91999816894531,89.0999984741211,86.44000244140625,89.04000091552734,88.2624740600586,3369600
2019-03-12,89.05999755859375,90.75,88.88999938964844,89.97000122070312,89.18436431884766,4503200
2019-03-13,90.36000061035156,91.70999908447266,89.91999816894531,91.69000244140625,90.88934326171875,3317200
2019-03-14,91.5199966430664,92.0999984741211,90.43000030517578,90.56999969482422,89.77910614013672,3565300
2019-03-15,90.98999786376953,91.62000274658203,90.8499984741211,91.2699966430664,90.47299194335938,3493800
2019-03-18,91.44999694824219,92.91000366210938,90.73999786376953,91.55999755859375,90.76046752929688,5606600
2019-03-19,91.87000274658203,91.91999816894531,90.81999969482422,91.23999786376953,90.44325256347656,3218900
2019-03-20,91.18000030517578,91.5999984741211,89.41999816894531,90.33000183105469,89.54121398925781,6753100
2019-03-21,89.47000122070312,92.05999755859375,89.27999877929688,91.91999816894531,91.1173324584961,6215800
2019-03-22,91.30000305175781,91.58000183105469,87.77999877929688,87.86000061035156,87.09278106689453,5391500
2019-03-25,87.69999694824219,88.4800033569336,86.37000274658203,87.98999786376953,87.22164916992188,6190200
2019-03-26,88.91000366210938,89.79000091552734,88.62999725341797,89.72000122070312,88.9365463256836,3594800
2019-03-27,89.63999938964844,89.77999877929688,86.83000183105469,87.76000213623047,86.9936752319336,4817300
2019-03-28,87.86000061035156,88.97000122070312,87.66000366210938,88.88999938964844,88.1137924194336,3729600
2019-03-29,89.56999969482422,90.80000305175781,89.4000015258789,90.54000091552734,89.74938201904297,5220500
2019-04-01,91.44000244140625,91.75,90.19000244140625,90.43000030517578,89.64033508300781,4788200
2019-04-02,90.58999633789062,91.98999786376953,90.4800033569336,91.7300033569336,90.92898559570312,4696000
2019-04-03,92.43000030517578,92.9800033569336,91.7300033569336,92.68000030517578,91.87071228027344,4664800
2019-04-04,92.6500015258789,92.88999938964844,90.94999694824219,91.91000366210938,91.10741424560547,3632000
2019-04-05,92.2300033569336,93.87000274658203,92.19999694824219,93.80000305175781,92.98091125488281,5512700
2019-04-08,93.52999877929688,93.68000030517578,92.16000366210938,93.16999816894531,92.35640716552734,3534400
2019-04-09,92.66999816894531,93.16000366210938,91.25,91.44999694824219,90.65144348144531,3883400
2019-04-10,91.91000366210938,93.0,91.7699966430664,92.80000305175781,91.9896469116211,3226800
2019-04-11,93.05999755859375,93.13999938964844,90.66000366210938,90.8499984741211,90.05667877197266,5245700
2019-04-12,91.66000366210938,91.94999694824219,89.45999908447266,89.9000015258789,89.11495971679688,5593200
2019-04-15,90.01000213623047,90.41000366210938,88.04000091552734,89.0999984741211,88.32194519042969,3829600
2019-04-16,89.80000305175781,90.0,88.5999984741211,88.98999786376953,88.21292114257812,2751300
2019-04-17,89.4000015258789,89.47000122070312,84.16999816894531,84.83000183105469,84.08924865722656,13211400
2019-04-18,84.91999816894531,85.63999938964844,82.43000030517578,84.62999725341797,83.89097595214844,9949000
2019-04-22,84.19999694824219,85.38999938964844,83.69000244140625,84.5199966430664,83.78194427490234,6500000
2019-04-23,84.68000030517578,87.43000030517578,84.37000274658203,86.91999816894531,86.16097259521484,6694800
2019-04-24,87.11000061035156,87.25,85.31999969482422,85.86000061035156,85.11023712158203,4931600
2019-04-25,85.48999786376953,86.5,84.75,86.25,85.49684143066406,5109500
2019-04-26,86.18000030517578,87.33999633789062,85.66000366210938,87.23999786376953,86.47817993164062,3279800
2019-04-29,87.4000015258789,87.70999908447266,86.44999694824219,86.68000030517578,85.923095703125,4066800
2019-04-30,86.55000305175781,86.86000061035156,84.16000366210938,85.19999694824219,84.45600891113281,6897100
2019-05-01,85.33999633789062,85.44999694824219,83.5,83.63999938964844,82.90963745117188,5444400
2019-05-02,83.43000030517578,84.75,82.80000305175781,84.58000183105469,83.84141540527344,4643500
2019-05-03,84.68000030517578,86.31999969482422,84.38999938964844,86.20999908447266,85.45718383789062,4601800
2019-05-06,84.19999694824219,87.87000274658203,84.0199966430664,87.66000366210938,86.89454650878906,5935100
2019-05-07,87.0,87.56999969482422,83.97000122070312,84.7699966430664,84.02975463867188,5891200
2019-05-08,84.0999984741211,85.58000183105469,83.3499984741211,84.48999786376953,83.75218963623047,4488700
2019-05-09,83.5999984741211,85.12000274658203,82.30000305175781,84.31999969482422,83.58370208740234,6381100
2019-05-10,83.61000061035156,84.30999755859375,82.19000244140625,83.91999816894531,83.18718719482422,5987000
2019-05-13,82.1500015258789,82.55999755859375,80.16999816894531,80.41000366210938,79.70783996582031,7233400
2019-05-14,80.91000366210938,82.5,80.37999725341797,81.7699966430664,81.05596160888672,6825200
2019-05-15,80.97000122070312,82.5999984741211,80.83000183105469,82.45999908447266,81.73992919921875,4681000
2019-05-16,83.0199966430664,84.83999633789062,82.87999725341797,83.48999786376953,82.76094055175781,7873900
2019-05-17,82.83000183105469,83.88999938964844,82.22000122070312,82.55999755859375,81.83905029296875,5338700
2019-05-20,81.87999725341797,82.04000091552734,80.70999908447266,80.7699966430664,80.064697265625,4389000
2019-05-21,81.33999633789062,83.37999725341797,81.16999816894531,83.2699966430664,82.5428695678711,4212600
2019-05-22,82.88999938964844,83.37000274658203,81.77999877929688,82.68000030517578,81.95802307128906,4334700
2019-05-23,81.7300033569336,82.08000183105469,80.72000122070312,81.8499984741211,81.13526153564453,5599400
2019-05-24,82.37999725341797,83.41999816894531,82.25,82.91000366210938,82.1860122680664,4199200
2019-05-28,83.26000213623047,83.7699966430664,82.02999877929688,82.02999877929688,81.3136978149414,4996500
2019-05-29,81.30000305175781,82.05999755859375,80.58000183105469,81.2699966430664,80.5603256225586,5351900
2019-05-30,81.7300033569336,82.0199966430664,80.37000274658203,80.83000183105469,80.12418365478516,3829600
2019-05-31,79.91000366210938,80.58999633789062,79.30999755859375,79.44000244140625,78.7463150024414,5181500
2019-06-03,79.79000091552734,81.31999969482422,79.7300033569336,80.36000061035156,79.65827941894531,4923000
2019-06-04,81.47000122070312,82.7300033569336,80.69999694824219,82.54000091552734,81.81925201416016,4815100
2019-06-05,82.95999908447266,83.18000030517578,81.97000122070312,82.62000274658203,81.89852905273438,3710500
2019-06-06,82.5999984741211,82.91999816894531,80.98999786376953,81.36000061035156,80.64955139160156,3429800
2019-06-07,81.62999725341797,83.16999816894531,80.91999816894531,82.83999633789062,82.11661529541016,3959800
2019-06-10,83.6500015258789,83.87000274658203,82.0199966430664,82.08999633789062,81.37315368652344,3049400
2019-06-11,82.81999969482422,83.01000213623047,80.80999755859375,81.18000030517578,80.47112274169922,3867700
2019-06-12,81.0999984741211,81.94000244140625,80.6500015258789,81.72000122070312,81.00638580322266,2063600
2019-06-13,82.37000274658203,83.0999984741211,81.54000091552734,83.0199966430664,82.29503631591797,2427600
2019-06-14,83.11000061035156,83.11000061035156,81.44999694824219,81.48999786376953,80.77840423583984,3080500
2019-06-17,83.04000091552734,85.48999786376953,82.87000274658203,85.3499984741211,84.6047134399414,7742500
2019-06-18,86.31999969482422,87.45999908447266,85.9800033569336,86.95999908447266,86.20065307617188,7604200
2019-06-19,86.93000030517578,87.37000274658203,86.48999786376953,86.98999786376953,86.23037719726562,3092500
2019-06-20,88.05000305175781,88.7699966430664,86.69999694824219,86.97000122070312,86.21054077148438,4497600
2019-06-21,86.51000213623047,87.26000213623047,85.3499984741211,87.26000213623047,86.49801635742188,3211000
2019-06-24,87.12999725341797,87.22000122070312,84.62000274658203,84.7300033569336,83.99011993408203,3888400
2019-06-25,85.45999908447266,85.87999725341797,84.20999908447266,84.41000366210938,83.67291259765625,4530500
2019-06-26,84.87999725341797,85.0999984741211,83.33000183105469,83.80000305175781,83.06822967529297,3687500
2019-06-27,83.9800033569336,86.12000274658203,83.9800033569336,85.94999694824219,85.199462890625,4157200
2019-06-28,86.12999725341797,87.94000244140625,86.12999725341797,87.70999908447266,86.944091796875,4825600
2019-07-01,89.27999877929688,89.30000305175781,87.77999877929688,88.25,87.4793701171875,3659300
2019-07-02,88.27999877929688,88.29000091552734,86.9800033569336,87.62000274658203,86.8548812866211,3270300
2019-07-03,88.0,88.91000366210938,87.44999694824219,88.88999938964844,88.1137924194336,1478800
2019-07-05,88.33999633789062,88.86000061035156,87.0,87.20999908447266,86.44845581054688,3979800
2019-07-08,86.91999816894531,86.91999816894531,84.97000122070312,85.76000213623047,85.01112365722656,4084200
2019-07-09,85.2300033569336,87.08000183105469,85.0,86.9800033569336,86.22046661376953,2718100
2019-07-10,87.56999969482422,88.06999969482422,85.7699966430664,87.13999938964844,86.37905883789062,6341800
2019-07-11,87.31999969482422,87.31999969482422,85.11000061035156,85.94000244140625,85.18954467773438,4442900
2019-07-12,86.0,86.33000183105469,85.05999755859375,85.81999969482422,85.07061004638672,3681600
2019-07-15,86.06999969482422,86.51000213623047,85.47000122070312,86.18000030517578,85.42745208740234,2240600
2019-07-16,86.30000305175781,86.30000305175781,85.18000030517578,85.45999908447266,84.7137451171875,2369700
2019-07-17,85.41000366210938,86.06999969482422,84.66000366210938,85.54000091552734,84.79304504394531,3434700
2019-07-18,85.31999969482422,86.91999816894531,85.30000305175781,86.79000091552734,86.03211975097656,3147700
2019-07-19,86.9800033569336,87.1500015258789,85.41999816894531,85.61000061035156,84.8624267578125,4497500
2019-07-22,85.58000183105469,86.48999786376953,85.36000061035156,85.9000015258789,85.14990234375,2988900
2019-07-23,85.94999694824219,86.19000244140625,85.0,85.30999755859375,84.5650405883789,4081400
2019-07-24,85.16999816894531,86.12999725341797,84.33000183105469,86.08000183105469,85.32832336425781,3492500
2019-07-25,85.94000244140625,85.94999694824219,84.02999877929688,84.12999725341797,83.3953628540039,3993400
2019-07-26,84.33999633789062,85.7300033569336,84.33999633789062,85.6500015258789,84.90209197998047,2903300
2019-07-29,85.63999938964844,85.94999694824219,84.06999969482422,85.45999908447266,84.7137451171875,6812400
2019-07-30,85.0,86.79000091552734,84.62000274658203,86.75,85.99246978759766,3030900
2019-07-31,86.7699966430664,87.69999694824219,85.08000183105469,85.68000030517578,84.93182373046875,3955300
2019-08-01,86.0199966430664,87.5999984741211,85.31999969482422,85.91000366210938,85.15980529785156,4601300
2019-08-02,85.9000015258789,85.9000015258789,83.33000183105469,84.0199966430664,83.28631591796875,4278300
2019-08-05,82.37999725341797,82.58000183105469,80.44999694824219,81.29000091552734,80.58015441894531,5651300
2019-08-06,82.19999694824219,83.23999786376953,80.91000366210938,83.08000183105469,82.35454559326172,4534100
2019-08-07,82.19999694824219,83.80000305175781,81.51000213623047,83.33000183105469,82.60235595703125,3551400
2019-08-08,83.5999984741211,85.01000213623047,83.4000015258789,84.80000305175781,84.05952453613281,3453800
2019-08-09,84.4000015258789,85.05000305175781,83.12999725341797,84.02999877929688,83.29621887207031,3004100
2019-08-12,83.29000091552734,83.83999633789062,82.0999984741211,82.47000122070312,81.74986267089844,3665400
2019-08-13,82.19000244140625,84.62999725341797,82.11000061035156,83.61000061035156,82.87989807128906,3142800
2019-08-14,82.1500015258789,82.62999725341797,81.1500015258789,81.25,80.54051971435547,10764800
2019-08-15,81.5999984741211,81.72000122070312,80.16999816894531,80.33000183105469,79.62853240966797,4594500
2019-08-16,81.05000305175781,82.55000305175781,80.80000305175781,82.45999908447266,81.73992919921875,3477200
2019-08-19,83.44999694824219,83.73999786376953,82.6500015258789,83.38999938964844,82.66181945800781,3447000
2019-08-20,83.05999755859375,83.54000091552734,82.19999694824219,82.47000122070312,81.74986267089844,4792600
2019-08-21,83.0,83.58999633789062,82.61000061035156,83.26000213623047,82.53296661376953,2619000
2019-08-22,83.33999633789062,83.3499984741211,81.08000183105469,81.62000274658203,80.90727996826172,3593300
2019-08-23,81.30000305175781,82.44000244140625,79.05000305175781,79.44000244140625,78.7463150024414,6031600
2019-08-26,80.13999938964844,80.51000213623047,79.38999938964844,80.19999694824219,79.49967193603516,3984400
2019-08-27,80.73999786376953,81.2300033569336,78.30999755859375,78.91999816894531,78.23085021972656,5086900
2019-08-28,78.56999969482422,80.76000213623047,78.37000274658203,80.05999755859375,79.36088562011719,4141400
2019-08-29,80.93000030517578,81.37999725341797,80.19000244140625,81.11000061035156,80.40174102783203,2865700
2019-08-30,81.47000122070312,81.5199966430664,79.80000305175781,80.37000274658203,79.66818237304688,2328500
2019-09-03,79.87999725341797,80.8499984741211,78.2699966430664,78.66000366210938,77.97313690185547,4962300
2019-09-04,79.26000213623047,79.43000030517578,77.87000274658203,79.16999816894531,78.47866821289062,3803400
2019-09-05,79.93000030517578,80.86000061035156,79.12999725341797,80.33999633789062,79.6384506225586,4679700
2019-09-06,80.4800033569336,80.87999725341797,79.3499984741211,79.47000122070312,78.77605438232422,3127100
2019-09-09,80.30000305175781,80.31999969482422,78.7699966430664,79.31999969482422,78.62734985351562,3870500
2019-09-10,78.87999725341797,81.79000091552734,78.41999816894531,81.7300033569336,81.01631164550781,5507700
2019-09-11,81.69999694824219,83.55999755859375,81.58999633789062,83.37999725341797,82.65190124511719,5035200
2019-09-12,83.5999984741211,83.66999816894531,81.87999725341797,82.62999725341797,81.90845489501953,3463400
2019-09-13,82.73999786376953,83.56999969482422,82.20999908447266,82.41999816894531,81.70027923583984,3601500
2019-09-16,82.1500015258789,84.12000274658203,81.80999755859375,83.86000061035156,83.12771606445312,2791900
2019-09-17,83.52999877929688,83.94000244140625,82.51000213623047,83.56999969482422,82.8402328491211,2816700
2019-09-18,83.4000015258789,83.55000305175781,81.7300033569336,82.79000091552734,82.06706237792969,4404400
2019-09-19,82.77999877929688,83.72000122070312,82.45999908447266,82.6500015258789,81.92829132080078,4179200
2019-09-20,82.7300033569336,83.33999633789062,81.9000015258789,82.70999908447266,81.99072265625,3530600
2019-09-23,82.4000015258789,83.23999786376953,81.63999938964844,81.70999908447266,80.99942779541016,2850000
2019-09-24,81.9000015258789,82.08000183105469,79.12999725341797,79.77999877929688,79.08621215820312,8880700
2019-09-25,79.6500015258789,80.33999633789062,78.91999816894531,79.27999877929688,78.59056091308594,6882900
2019-09-26,79.29000091552734,79.4000015258789,76.83000183105469,77.04000091552734,76.37004089355469,7202700
2019-09-27,77.31999969482422,78.62000274658203,75.9000015258789,76.44999694824219,75.7851791381836,9175600
2019-09-30,76.5,77.12999725341797,75.62000274658203,76.25,75.5869140625,7451200
2019-10-01,76.43000030517578,77.63999938964844,74.3499984741211,74.6500015258789,74.00082397460938,7478000
2019-10-02,74.27999877929688,75.73999786376953,72.97000122070312,75.16000366210938,74.50639343261719,8616000
2019-10-03,75.3499984741211,76.81999969482422,74.31999969482422,76.66000366210938,75.99335479736328,6058800
2019-10-04,76.88999938964844,77.7699966430664,75.44000244140625,76.81999969482422,76.1519546508789,5659300
2019-10-07,76.58999633789062,77.5199966430664,76.38999938964844,76.62999725341797,75.96359252929688,4222200
2019-10-08,75.75,76.31999969482422,74.6500015258789,75.05000305175781,74.39734649658203,6400000
2019-10-09,75.61000061035156,75.9000015258789,74.55000305175781,74.72000122070312,74.07022094726562,3628000
2019-10-10,75.29000091552734,76.23999786376953,75.16000366210938,76.05000305175781,75.3886489868164,6131900
2019-10-11,76.69999694824219,77.80999755859375,76.66999816894531,77.12000274658203,76.44935607910156,6525600
2019-10-14,77.05999755859375,78.05000305175781,76.41000366210938,76.94000244140625,76.27091217041016,4108400
2019-10-15,77.31999969482422,79.08000183105469,77.16999816894531,78.86000061035156,78.1742172241211,5513900
2019-10-16,78.80000305175781,79.12000274658203,78.43000030517578,78.7300033569336,78.04533386230469,5163200
2019-10-17,79.05999755859375,79.86000061035156,78.91999816894531,79.61000061035156,78.9177017211914,5131300
2019-10-18,79.52999877929688,79.93000030517578,77.83999633789062,78.6500015258789,77.96603393554688,7183500
2019-10-21,79.4800033569336,80.3499984741211,78.58000183105469,80.08999633789062,79.39351654052734,4389000
2019-10-22,81.61000061035156,81.93000030517578,80.44000244140625,80.73999786376953,80.03784942626953,5447100
2019-10-23,80.66000366210938,81.55000305175781,80.29000091552734,80.43000030517578,79.73056030273438,3463600
2019-10-24,80.72000122070312,80.72000122070312,79.70999908447266,80.1500015258789,79.45298767089844,3150300
2019-10-25,79.94000244140625,81.66999816894531,79.77999877929688,81.3499984741211,80.64257049560547,3356100
2019-10-28,81.5999984741211,82.73999786376953,81.33999633789062,82.4800033569336,81.76273345947266,3536300
2019-10-29,82.80000305175781,82.80000305175781,81.95999908447266,82.22000122070312,81.50499725341797,2687800
2019-10-30,82.33000183105469,82.3499984741211,81.2699966430664,81.80000305175781,81.08865356445312,2715500
2019-10-31,81.48999786376953,81.95999908447266,80.68000030517578,81.62999725341797,80.92012786865234,2960700
2019-11-01,82.08000183105469,83.68000030517578,81.62999725341797,83.66000366210938,82.9324722290039,4754900
2019-11-04,84.38999938964844,84.55000305175781,83.05000305175781,83.13999938964844,82.4169921875,3201600
2019-11-05,82.9000015258789,83.52999877929688,82.37000274658203,83.13999938964844,82.4169921875,2470800
2019-11-06,83.01000213623047,83.08999633789062,81.51000213623047,81.72000122070312,81.00934600830078,4734600
2019-11-07,82.19000244140625,82.88999938964844,81.77999877929688,81.93000030517578,81.21749877929688,3449200
2019-11-08,81.54000091552734,84.13999938964844,81.0,83.95999908447266,83.22987365722656,5247100
2019-11-11,83.75,83.94999694824219,83.0999984741211,83.69000244140625,82.96221923828125,2569800
2019-11-12,83.80000305175781,84.56999969482422,83.31999969482422,83.97000122070312,83.23976135253906,2761200
2019-11-13,83.51000213623047,84.93000030517578,83.0199966430664,84.23999786376953,83.5074234008789,4087300
2019-11-14,84.04000091552734,84.37999725341797,83.0999984741211,83.66999816894531,82.94239044189453,2899300
2019-11-15,84.04000091552734,84.80999755859375,83.7300033569336,84.79000091552734,84.05265045166016,3675500
2019-11-18,84.79000091552734,85.20999908447266,84.12999725341797,85.02999877929688,84.2905502319336,3552400
2019-11-19,85.62999725341797,87.66999816894531,85.62999725341797,87.20999908447266,86.45159149169922,7527700
2019-11-20,86.7699966430664,88.02999877929688,86.13999938964844,87.48999786376953,86.72915649414062,6320800
2019-11-21,87.76000213623047,87.76000213623047,86.68000030517578,87.62999725341797,86.8679428100586,5573800
2019-11-22,87.95999908447266,88.30999755859375,86.9800033569336,88.13999938964844,87.3735122680664,4416100
2019-11-25,89.48999786376953,92.05000305175781,89.4000015258789,91.88999938964844,91.09090423583984,9154400
2019-11-26,92.27999877929688,92.51000213623047,91.43000030517578,92.02999877929688,91.22967529296875,6168100
2019-11-27,92.4000015258789,93.6500015258789,92.0999984741211,93.41999816894531,92.60758209228516,7735400
2019-11-29,93.4000015258789,93.9800033569336,93.08000183105469,93.6500015258789,92.83560180664062,3555700
2019-12-02,93.7699966430664,94.12000274658203,91.68000030517578,92.31999969482422,91.51716613769531,10365300
2019-12-03,92.30000305175781,93.87000274658203,91.94999694824219,93.68000030517578,92.86534118652344,6579500
2019-12-04,93.98999786376953,94.94999694824219,92.9800033569336,94.83999633789062,94.0152359008789,4748200
2019-12-05,94.45999908447266,94.5199966430664,92.79000091552734,93.27999877929688,92.46880340576172,6370100
2019-12-06,93.94999694824219,94.55000305175781,93.58999633789062,94.43000030517578,93.60881805419922,3398800
2019-12-09,95.91999816894531,96.43000030517578,94.47000122070312,94.52999877929688,93.70792388916016,7002400
2019-12-10,94.4800033569336,95.70999908447266,94.08999633789062,95.52999877929688,94.6992416381836,4309100
2019-12-11,95.48999786376953,96.1500015258789,94.08000183105469,94.2699966430664,93.45020294189453,8035700
2019-12-12,94.2699966430664,95.75,94.12000274658203,94.81999969482422,93.99541473388672,4751400
2019-12-13,95.30000305175781,96.61000061035156,94.75,95.36000061035156,94.53072357177734,4165400
2019-12-16,96.16000366210938,96.9000015258789,95.51000213623047,96.55000305175781,95.71038055419922,3453300
2019-12-17,96.94999694824219,97.0,95.91999816894531,96.48999786376953,95.65088653564453,4589500
2019-12-18,96.66000366210938,96.76000213623047,95.01000213623047,95.93000030517578,95.09576416015625,5584300
2019-12-19,96.12000274658203,96.54000091552734,95.51000213623047,96.43000030517578,95.59142303466797,3133000
2019-12-20,96.5999984741211,96.75,95.94000244140625,96.69999694824219,95.86006164550781,3632800
2019-12-23,96.83000183105469,97.81999969482422,96.0199966430664,97.70999908447266,96.86129760742188,4060300
2019-12-24,97.73999786376953,98.7699966430664,97.33000183105469,98.45999908447266,97.60477447509766,1153000
2019-12-26,98.79000091552734,98.79000091552734,97.4800033569336,97.61000061035156,96.76216888427734,2765000
2019-12-27,97.9800033569336,98.08000183105469,95.86000061035156,96.23999786376953,95.404052734375,4973200
2019-12-30,96.05000305175781,96.45999908447266,94.2300033569336,94.76000213623047,93.93692016601562,3368700
2019-12-31,94.55999755859375,95.52999877929688,94.06999969482422,95.11000061035156,94.28387451171875,3164700
2020-01-02,95.81999969482422,96.02999877929688,93.7300033569336,94.68000030517578,93.85762786865234,3588600
2020-01-03,93.20999908447266,94.18000030517578,92.69999694824219,93.36000061035156,92.54907989501953,5110600
2020-01-06,92.76000213623047,94.20999908447266,91.83000183105469,94.16999816894531,93.3520278930664,3364500
2020-01-07,94.48999786376953,94.7300033569336,92.9800033569336,94.31999969482422,93.50074005126953,3954800
2020-01-08,94.2300033569336,95.98999786376953,93.88999938964844,95.61000061035156,94.77954864501953,3088200
2020-01-09,96.27999877929688,96.72000122070312,95.41999816894531,95.81999969482422,94.98771667480469,6520300
2020-01-10,96.04000091552734,96.80000305175781,94.79000091552734,94.83000183105469,94.00629425048828,11780300
2020-01-13,94.1500015258789,94.55999755859375,92.08000183105469,92.91999816894531,92.1129150390625,10419000
2020-01-14,92.62999725341797,95.88999938964844,92.13999938964844,95.6500015258789,94.8191909790039,7717700
2020-01-15,95.69000244140625,97.2699966430664,95.54000091552734,96.3499984741211,95.51310729980469,6557900
2020-01-16,97.20999908447266,97.52999877929688,96.27999877929688,97.08000183105469,96.23676300048828,3768000
2020-01-17,97.63999938964844,97.63999938964844,95.83999633789062,96.2699966430664,95.43380737304688,5673200
2020-01-21,96.06999969482422,96.31999969482422,94.5,94.70999908447266,93.88735961914062,6122900
2020-01-22,95.1500015258789,95.62000274658203,94.30999755859375,94.48999786376953,93.66926574707031,3554100
2020-01-23,94.08000183105469,94.22000122070312,92.3499984741211,93.26000213623047,92.44994354248047,6133700
2020-01-24,93.7300033569336,93.7699966430664,90.08000183105469,90.75,89.96175384521484,7624600
2020-01-27,89.12999725341797,90.83999633789062,88.56999969482422,90.11000061035156,89.32730865478516,3689700
2020-01-28,91.19000244140625,92.13999938964844,90.75,91.77999877929688,90.9827880859375,3850700
2020-01-29,91.86000061035156,92.25,91.48999786376953,91.56999969482422,90.77462768554688,2936500
2020-01-30,91.0,91.45999908447266,89.47000122070312,90.38999938964844,89.60487365722656,4160900
2020-01-31,90.27999877929688,90.27999877929688,88.05000305175781,89.12000274658203,88.34589385986328,5762900
2020-02-03,89.91000366210938,91.25,89.69999694824219,91.12000274658203,90.32854461669922,4089600
2020-02-04,92.55000305175781,94.0,92.38999938964844,93.72000122070312,92.90593719482422,5239600
2020-02-05,94.93000030517578,97.05000305175781,94.75,96.05000305175781,95.21570587158203,6868500
2020-02-06,96.5999984741211,96.66999816894531,95.2699966430664,96.1500015258789,95.3148422241211,3795800
2020-02-07,95.75,96.13999938964844,94.91999816894531,95.31999969482422,94.49205780029297,2958500
2020-02-10,95.45999908447266,96.91000366210938,95.02999877929688,96.87999725341797,96.03849029541016,2494700
2020-02-11,97.4000015258789,97.86000061035156,96.5,96.76000213623047,95.91954803466797,2399600
2020-02-12,97.19999694824219,98.02999877929688,96.69000244140625,98.01000213623047,97.15869903564453,4269700
2020-02-13,97.33000183105469,97.9000015258789,96.83999633789062,96.91999816894531,96.07815551757812,3666200
2020-02-14,97.12000274658203,97.54000091552734,95.98999786376953,97.08999633789062,96.24667358398438,2051700
2020-02-18,96.83999633789062,97.62999725341797,96.2300033569336,97.61000061035156,96.76216888427734,2752700
2020-02-19,97.87999725341797,98.76000213623047,97.66999816894531,98.3499984741211,97.49573516845703,2440800
2020-02-20,98.0,98.3499984741211,95.93000030517578,97.80999755859375,96.9604263305664,3690700
2020-02-21,97.68000030517578,97.83000183105469,96.55999755859375,97.26000213623047,96.41519927978516,4399600
2020-02-24,94.33000183105469,94.69000244140625,92.63999938964844,93.91999816894531,93.10420989990234,8813700
2020-02-25,94.45999908447266,94.68000030517578,90.5,91.06999969482422,90.27898406982422,7990100
2020-02-26,91.76000213623047,93.12999725341797,90.45999908447266,91.52999877929688,90.73497009277344,6452300
2020-02-27,90.05000305175781,91.6500015258789,87.5,87.56999969482422,86.80935668945312,10562900
2020-02-28,84.75,89.54000091552734,84.75,89.18000030517578,88.40538024902344,10764400
2020-03-02,90.01000213623047,92.80999755859375,88.27999877929688,92.69999694824219,91.89481353759766,8288200
2020-03-03,92.25,94.04000091552734,88.80999755859375,90.06999969482422,89.28764343261719,8460800
2020-03-04,92.5,94.44000244140625,91.0199966430664,94.30000305175781,93.48089599609375,10439600
2020-03-05,92.11000061035156,94.69000244140625,91.7300033569336,92.5999984741211,91.79568481445312,5802000
2020-03-06,90.3499984741211,91.81999969482422,88.44000244140625,90.0999984741211,89.31736755371094,9473500
2020-03-09,83.36000061035156,87.30999755859375,82.62999725341797,82.83999633789062,82.12044525146484,11665800
2020-03-10,85.6500015258789,85.72000122070312,79.81999969482422,85.0999984741211,84.36082458496094,9086500
2020-03-11,82.51000213623047,84.47000122070312,78.63999938964844,79.23999786376953,78.55172729492188,10895800
2020-03-12,73.12999725341797,75.73999786376953,70.61000061035156,70.77999877929688,70.16519165039062,20729300
2020-03-13,74.94000244140625,75.55999755859375,67.44999694824219,75.23999786376953,74.58646392822266,16599800
2020-03-16,68.08999633789062,71.51000213623047,65.19000244140625,65.94999694824219,65.37715911865234,13169700
2020-03-17,67.06999969482422,70.22000122070312,63.650001525878906,68.33000183105469,67.73649597167969,18449100
2020-03-18,64.41000366210938,69.56999969482422,62.939998626708984,66.31999969482422,65.74395751953125,16231900
2020-03-19,65.7300033569336,71.08000183105469,65.23999786376953,70.13999938964844,69.53076171875,13377900
2020-03-20,71.45999908447266,73.5999984741211,68.97000122070312,69.12000274658203,68.51963806152344,12810200
2020-03-23,69.30000305175781,70.3499984741211,66.08000183105469,68.56999969482422,67.97441101074219,10676100
2020-03-24,72.19000244140625,74.44000244140625,70.9000015258789,74.2300033569336,73.58524322509766,5766000
2020-03-25,74.83999633789062,77.4000015258789,73.43000030517578,75.23999786376953,74.58646392822266,12100600
2020-03-26,76.2300033569336,79.26000213623047,75.69999694824219,78.2300033569336,77.55049133300781,9423100
2020-03-27,76.37000274658203,78.36000061035156,75.55999755859375,75.95999908447266,75.30022430419922,4772700
2020-03-30,77.05000305175781,78.11000061035156,75.22000122070312,78.02999877929688,77.35223388671875,4056300
2020-03-31,78.62000274658203,78.88999938964844,75.95999908447266,77.44000244140625,76.76734924316406,5374500
2020-04-01,74.69999694824219,76.55000305175781,72.97000122070312,73.26000213623047,72.62366485595703,7690100
2020-04-02,72.69000244140625,76.08000183105469,72.37999725341797,75.93000030517578,75.27047729492188,8651300
2020-04-03,75.69000244140625,76.62999725341797,74.0,74.86000061035156,74.20975494384766,7802500
2020-04-06,78.0,80.5,77.79000091552734,80.4000015258789,79.70165252685547,7359500
2020-04-07,82.23999786376953,83.16000366210938,78.79000091552734,78.79000091552734,78.10563659667969,8867200
2020-04-08,80.22000122070312,81.95999908447266,79.19000244140625,81.88999938964844,81.17870330810547,6088700
2020-04-09,83.0,84.19000244140625,81.9800033569336,83.43000030517578,82.70533752441406,7880300
2020-04-13,83.33999633789062,83.58999633789062,81.87000274658203,83.30000305175781,82.57646179199219,7342500
2020-04-14,84.8499984741211,86.94000244140625,84.80000305175781,86.62999725341797,85.8775405883789,6761900
2020-04-15,84.51000213623047,85.80000305175781,83.77999877929688,84.48999786376953,83.7561264038086,5906300
2020-04-16,84.87999725341797,86.81999969482422,84.47000122070312,86.7699966430664,86.01631164550781,5719700
2020-04-17,89.80999755859375,91.5999984741211,89.05999755859375,91.55000305175781,90.75479888916016,8942800
2020-04-20,90.9000015258789,96.83000183105469,90.77999877929688,94.95999908447266,94.13518524169922,11300700
2020-04-21,93.69999694824219,94.66999816894531,90.88999938964844,92.06999969482422,91.27027130126953,6690100
2020-04-22,93.56999969482422,94.5,92.13999938964844,93.83000183105469,93.01498413085938,5414100
2020-04-23,94.8499984741211,96.62999725341797,93.43000030517578,93.77999877929688,92.9654312133789,5753200
2020-04-24,94.58000183105469,97.2699966430664,93.77999877929688,97.01000213623047,96.16737365722656,4682200
2020-04-27,98.87000274658203,99.4000015258789,97.30000305175781,98.30999755859375,97.4560775756836,5642500
2020-04-28,99.62999725341797,99.79000091552734,95.01000213623047,95.2699966430664,94.4424819946289,7041800
2020-04-29,97.37999725341797,97.37999725341797,94.8499984741211,95.80000305175781,94.96788787841797,10012100
2020-04-30,94.83000183105469,95.70999908447266,93.36000061035156,93.38999938964844,92.57881164550781,6361900
2020-05-01,91.5,92.4000015258789,89.44999694824219,90.83000183105469,90.04104614257812,6057200
2020-05-04,90.63999938964844,95.48999786376953,90.5,95.43000030517578,94.60108947753906,8885900
2020-05-05,97.1500015258789,98.83999633789062,96.80999755859375,97.5,96.65310668945312,6932100
2020-05-06,97.80000305175781,99.48999786376953,97.22000122070312,97.98999786376953,97.13885498046875,4843000
2020-05-07,99.37999725341797,99.56999969482422,97.61000061035156,98.13999938964844,97.28756713867188,5836000
2020-05-08,99.12999725341797,100.27999877929688,98.04000091552734,99.56999969482422,98.70513153076172,6717700
2020-05-11,99.12999725341797,104.75,99.0,104.31999969482422,103.41387176513672,6847700
2020-05-12,105.66999816894531,107.05999755859375,102.05999755859375,102.06999969482422,101.18341064453125,9060100
2020-05-13,102.69999694824219,103.87000274658203,97.20999908447266,100.04000091552734,99.17105865478516,10773500
2020-05-14,98.62999725341797,100.05999755859375,97.18000030517578,99.12000274658203,98.2590560913086,7412200
2020-05-15,98.8499984741211,102.86000061035156,98.05000305175781,102.66999816894531,101.7781982421875,7314400
2020-05-18,106.62000274658203,107.29000091552734,105.06999969482422,105.66000366210938,104.74223327636719,8197700
2020-05-19,105.27999877929688,106.16000366210938,102.51000213623047,102.6500015258789,101.75838470458984,5407000
2020-05-20,104.16000366210938,105.62000274658203,103.23999786376953,105.62000274658203,104.70258331298828,4285700
2020-05-21,105.5999984741211,105.73999786376953,103.16999816894531,104.79000091552734,103.87980651855469,6872400
2020-05-22,104.6500015258789,106.18000030517578,103.93000030517578,106.05000305175781,105.12883758544922,4501500
2020-05-26,108.01000213623047,108.05000305175781,103.33000183105469,103.55000305175781,102.65058135986328,9348900
2020-05-27,103.0,103.66999816894531,98.87000274658203,103.58000183105469,102.68031311035156,8723600
2020-05-28,103.30000305175781,105.01000213623047,102.2699966430664,102.54000091552734,101.64933776855469,5713400
2020-05-29,102.62999725341797,103.80000305175781,100.0,103.55999755859375,102.66047668457031,10936700
2020-06-01,103.25,104.75,102.80999755859375,104.11000061035156,103.2057113647461,5972200
2020-06-02,103.87999725341797,105.72000122070312,102.37000274658203,105.55000305175781,104.63319396972656,5332500
2020-06-03,105.70999908447266,106.11000061035156,103.93000030517578,103.94000244140625,103.03717803955078,5343300
2020-06-04,103.58000183105469,104.93000030517578,101.56999969482422,102.08000183105469,101.1933364868164,7333400
2020-06-05,103.04000091552734,104.43000030517578,101.23999786376953,102.91000366210938,102.01614379882812,5777800
2020-06-08,103.47000122070312,104.98999786376953,102.2699966430664,104.80999755859375,103.89962005615234,4876700
2020-06-09,104.20999908447266,106.05000305175781,104.0999984741211,104.62999725341797,103.72118377685547,3990400
2020-06-10,105.25,106.08000183105469,104.11000061035156,104.76000213623047,103.85005950927734,5125000
2020-06-11,102.87999725341797,103.27999877929688,98.87000274658203,98.97000122070312,98.11034393310547,13420600
2020-06-12,101.1500015258789,101.98999786376953,97.1500015258789,100.2300033569336,99.35941314697266,9701100
2020-06-15,99.05000305175781,103.38999938964844,98.47000122070312,103.05999755859375,102.16481018066406,7261600
2020-06-16,105.2699966430664,105.44999694824219,102.0,104.6500015258789,103.74102020263672,9488200
2020-06-17,105.16000366210938,105.9800033569336,104.38999938964844,104.7300033569336,103.82032012939453,8146600
2020-06-18,104.16000366210938,106.54000091552734,104.06999969482422,105.8499984741211,104.93058776855469,3280700
2020-06-19,106.6500015258789,108.87999725341797,105.87000274658203,108.8499984741211,107.9045181274414,6571700
2020-06-22,109.33999633789062,112.18000030517578,107.69999694824219,112.02999877929688,111.07424926757812,12754700
2020-06-23,113.1500015258789,115.7699966430664,113.08999633789062,113.75,112.77957916259766,8875200
2020-06-24,113.06999969482422,115.2699966430664,109.8499984741211,111.41999816894531,110.4694595336914,7459700
2020-06-25,111.08999633789062,114.58999633789062,110.72000122070312,114.16999816894531,113.19599151611328,10177500
2020-06-26,113.75,114.1500015258789,109.91000366210938,110.41999816894531,109.47798919677734,8764200
2020-06-29,110.93000030517578,111.9800033569336,108.43000030517578,110.4000015258789,109.4581527709961,4978100
2020-06-30,110.02999877929688,112.20999908447266,109.31999969482422,111.94999694824219,110.99493408203125,7650700
2020-07-01,112.31999969482422,113.36000061035156,111.12000274658203,112.47000122070312,111.51050567626953,6695900
2020-07-02,113.81999969482422,114.27999877929688,111.94999694824219,112.88999938964844,111.92691802978516,5050200
2020-07-06,114.52999877929688,114.52999877929688,112.77999877929688,112.91999816894531,111.9566650390625,3689100
2020-07-07,113.05999755859375,116.94000244140625,112.87999725341797,115.04000091552734,114.0585708618164,5239600
2020-07-08,115.8499984741211,116.91000366210938,114.62000274658203,116.7699966430664,115.77381134033203,4587800
2020-07-09,117.18000030517578,117.86000061035156,114.26000213623047,116.0999984741211,115.10952758789062,3510300
2020-07-10,116.0,116.93000030517578,114.4000015258789,114.91999816894531,113.93959045410156,3112700
2020-07-13,115.5999984741211,118.36000061035156,111.69999694824219,111.94999694824219,110.99493408203125,7351800
2020-07-14,112.16000366210938,114.83000183105469,109.79000091552734,114.80000305175781,113.82063293457031,6686200
2020-07-15,116.79000091552734,117.97000122070312,115.22000122070312,117.23999786376953,116.23979949951172,8256000
2020-07-16,116.52999877929688,116.76000213623047,114.55999755859375,116.30000305175781,115.30781555175781,5013400
2020-07-17,116.3499984741211,119.58999633789062,116.18000030517578,118.73999786376953,117.72701263427734,9421000
2020-07-20,119.95999908447266,120.97000122070312,118.26000213623047,120.36000061035156,119.33319091796875,5399600
2020-07-21,121.0,121.05999755859375,117.44999694824219,117.86000061035156,116.85452270507812,4847300
2020-07-22,117.69000244140625,118.02999877929688,116.27999877929688,117.29000091552734,116.28938293457031,4937000
2020-07-23,117.1500015258789,118.45999908447266,113.80000305175781,114.91999816894531,113.93959045410156,5053100
2020-07-24,113.75,114.0,110.98999786376953,112.2300033569336,111.27255249023438,6956800
2020-07-27,112.93000030517578,115.41999816894531,112.44000244140625,115.13999938964844,114.15772247314453,4355200
2020-07-28,115.05000305175781,115.45999908447266,112.08000183105469,112.19999694824219,111.24280548095703,3047200
2020-07-29,112.75,113.26000213623047,110.06999969482422,110.37999725341797,109.43833923339844,6363100
2020-07-30,109.41999816894531,112.73999786376953,109.27999877929688,111.95999908447266,111.00485229492188,3750700
2020-07-31,112.3499984741211,112.4000015258789,107.69000244140625,109.33000183105469,108.39729309082031,5882200
2020-08-03,110.0,114.08999633789062,109.83999633789062,113.91999816894531,112.94811248779297,5693600
2020-08-04,113.5999984741211,114.05999755859375,111.91000366210938,113.56999969482422,112.60112762451172,3366600
2020-08-05,114.95999908447266,115.51000213623047,113.2699966430664,114.38999938964844,113.41410827636719,3760900
2020-08-06,114.69000244140625,115.4800033569336,112.93000030517578,113.80999755859375,112.83908081054688,2930700
2020-08-07,113.54000091552734,115.54000091552734,113.08999633789062,113.91999816894531,112.94811248779297,3643900
2020-08-10,114.6500015258789,114.6500015258789,112.94000244140625,113.91000366210938,112.93822479248047,2948300
2020-08-11,113.76000213623047,113.87000274658203,109.05000305175781,109.37999725341797,108.44685363769531,6042700
2020-08-12,109.70999908447266,110.22000122070312,108.19000244140625,109.7300033569336,108.79386901855469,5261600
2020-08-13,109.80999755859375,111.86000061035156,109.80000305175781,111.23999786376953,110.2909927368164,3047000
2020-08-14,111.41999816894531,111.62000274658203,109.5999984741211,110.19999694824219,109.25987243652344,2390600
2020-08-17,110.41999816894531,114.30000305175781,110.04000091552734,114.05999755859375,113.08692169189453,5189800
2020-08-18,114.37999725341797,114.58999633789062,111.70999908447266,113.05999755859375,112.09546661376953,3482300
2020-08-19,113.30000305175781,114.19000244140625,112.37999725341797,112.87000274658203,111.90708923339844,3664400
2020-08-20,112.19000244140625,113.05999755859375,111.80000305175781,112.8499984741211,111.88725280761719,4427700
2020-08-21,112.30999755859375,112.87000274658203,110.5,111.45999908447266,110.50911712646484,3613600
2020-08-24,112.05000305175781,112.05999755859375,108.19000244140625,108.80000305175781,107.87181854248047,6701200
2020-08-25,108.55999755859375,110.58000183105469,107.02999877929688,110.11000061035156,109.1706314086914,4599300
2020-08-26,110.0,110.48999786376953,108.52999877929688,108.75,107.82223510742188,2921200
2020-08-27,108.88999938964844,109.1500015258789,106.7699966430664,107.87000274658203,106.94974517822266,4445800
2020-08-28,108.12000274658203,109.41000366210938,107.33999633789062,108.79000091552734,107.86190032958984,4078300
2020-08-31,110.12000274658203,112.3499984741211,109.6500015258789,111.80999755859375,110.85612487792969,5551000
2020-09-01,111.30999755859375,111.94999694824219,109.2699966430664,109.55999755859375,108.62533569335938,4828100
2020-09-02,109.79000091552734,110.77999877929688,108.05000305175781,110.62999725341797,109.68620300292969,3314400
2020-09-03,110.31999969482422,110.45999908447266,106.04000091552734,106.5,105.59143829345703,6603500
2020-09-04,106.18000030517578,106.8499984741211,100.63999938964844,105.29000091552734,104.39176177978516,8924000
2020-09-08,102.91999816894531,106.29000091552734,102.16000366210938,103.87000274658203,102.9838638305664,4916400
2020-09-09,104.56999969482422,106.7300033569336,104.55999755859375,106.16999816894531,105.26425170898438,3952700
2020-09-10,106.19000244140625,108.04000091552734,104.37000274658203,104.51000213623047,103.618408203125,5425700
2020-09-11,105.01000213623047,106.44000244140625,103.19999694824219,104.44000244140625,103.54901123046875,5115700
2020-09-14,108.25,111.83000183105469,108.01000213623047,111.63999938964844,110.68758392333984,9279700
2020-09-15,112.75,113.76000213623047,112.1500015258789,112.69000244140625,111.72863006591797,6260300
2020-09-16,113.38999938964844,116.63999938964844,113.11000061035156,115.16000366210938,114.17755889892578,6758400
2020-09-17,113.69000244140625,115.80999755859375,113.29000091552734,114.9800033569336,113.99908447265625,3658300
2020-09-18,115.5999984741211,116.33000183105469,113.16000366210938,116.23999786376953,115.24834442138672,5984200
2020-09-21,114.55999755859375,114.56999969482422,110.94000244140625,112.02999877929688,111.15936279296875,7177300
2020-09-22,112.20999908447266,112.83999633789062,109.4000015258789,112.72000122070312,111.84400939941406,4779400
2020-09-23,112.72000122070312,113.05000305175781,108.97000122070312,109.1500015258789,108.30176544189453,6110500
2020-09-24,108.06999969482422,109.45999908447266,105.88999938964844,108.06999969482422,107.2301254272461,6436800
2020-09-25,108.04000091552734,111.0199966430664,107.72000122070312,110.80999755859375,109.94886016845703,4578800
2020-09-28,111.75,111.8499984741211,109.87000274658203,110.94000244140625,110.07783508300781,3085500
2020-09-29,110.7699966430664,112.33999633789062,110.0999984741211,111.69000244140625,110.82201385498047,2619800
2020-09-30,111.72000122070312,113.2300033569336,110.45999908447266,111.43000030517578,110.56403350830078,3153800
2020-10-01,111.95999908447266,112.94000244140625,111.0999984741211,112.83000183105469,111.95316314697266,3821900
2020-10-02,111.08000183105469,113.05999755859375,109.81999969482422,110.36000061035156,109.50234985351562,3798600
2020-10-05,111.91000366210938,116.0199966430664,111.91000366210938,115.80999755859375,114.90998077392578,4433200
2020-10-06,116.0199966430664,117.31999969482422,114.44000244140625,114.88999938964844,113.99714660644531,3270600
2020-10-07,116.05000305175781,119.11000061035156,115.7699966430664,118.56999969482422,117.6485366821289,3759900
2020-10-08,119.94999694824219,119.94999694824219,118.16999816894531,119.1500015258789,118.22403717041016,2733800
2020-10-09,119.5999984741211,120.51000213623047,118.87000274658203,120.25,119.31548309326172,2551500
2020-10-12,121.30999755859375,121.41000366210938,119.80000305175781,120.55000305175781,119.6131591796875,1997400
2020-10-13,119.79000091552734,122.81999969482422,119.79000091552734,122.19999694824219,121.25032806396484,2131900
2020-10-14,122.44999694824219,122.77999877929688,119.75,119.94000244140625,119.00788879394531,2947400
2020-10-15,118.5199966430664,120.48999786376953,117.58999633789062,120.16999816894531,119.23611450195312,3477300
2020-10-16,120.7300033569336,122.31999969482422,120.16000366210938,120.62000274658203,119.6826171875,5106800
2020-10-19,121.44000244140625,121.68000030517578,117.87000274658203,118.29000091552734,117.3707275390625,3700000
2020-10-20,119.05999755859375,119.20999908447266,116.22000122070312,116.72000122070312,115.81291961669922,4163900
2020-10-21,116.55000305175781,117.25,113.83999633789062,113.94999694824219,113.06443786621094,4274800
2020-10-22,114.30000305175781,117.31999969482422,114.30000305175781,117.04000091552734,116.13044738769531,4510900
2020-10-23,117.55000305175781,117.83000183105469,116.0999984741211,117.62999725341797,116.7158432006836,2831600
2020-10-26,116.33999633789062,117.87000274658203,114.22000122070312,116.05000305175781,115.14813232421875,3460700
2020-10-27,116.23999786376953,117.9800033569336,115.36000061035156,117.43000030517578,116.51739501953125,3019900
2020-10-28,115.43000030517578,115.58999633789062,113.44999694824219,114.19999694824219,113.31249237060547,4113800
2020-10-29,114.06999969482422,116.02999877929688,112.69999694824219,115.20999908447266,114.31465148925781,4365200
2020-10-30,114.29000091552734,115.22000122070312,111.54000091552734,112.7699966430664,111.89361572265625,5482400
2020-11-02,113.5199966430664,113.75,110.06999969482422,112.76000213623047,111.88368225097656,4524200
2020-11-03,113.45999908447266,116.80000305175781,112.91999816894531,115.81999969482422,114.91991424560547,7874800
2020-11-04,118.66999816894531,124.22000122070312,117.63999938964844,122.94999694824219,121.99449920654297,12303000
2020-11-05,123.97000122070312,126.0,121.04000091552734,122.83999633789062,121.88534545898438,6461900
2020-11-06,121.94999694824219,121.94999694824219,119.08999633789062,119.87000274658203,118.93844604492188,5013000
2020-11-09,124.06999969482422,124.4800033569336,119.98999786376953,120.37000274658203,119.43455505371094,5662500
2020-11-10,120.37000274658203,122.41999816894531,118.86000061035156,121.95999908447266,121.01219177246094,7954600
2020-11-11,122.91999816894531,123.66000366210938,121.55999755859375,123.66000366210938,122.6989974975586,3051700
2020-11-12,123.70999908447266,125.5199966430664,122.5999984741211,123.7300033569336,122.76844024658203,4938300
2020-11-13,124.41999816894531,125.66999816894531,124.02999877929688,125.04000091552734,124.06826782226562,3755900
2020-11-16,126.5199966430664,126.75,124.43000030517578,125.63999938964844,124.66358947753906,6735400
2020-11-17,125.37999725341797,126.73999786376953,123.4800033569336,126.73999786376953,125.75505065917969,3989800
2020-11-18,126.91999816894531,127.80999755859375,124.06999969482422,124.33999633789062,123.37370300292969,7321000
2020-11-19,124.83000183105469,125.87999725341797,124.25,125.06999969482422,124.09801483154297,3159700
2020-11-20,124.62000274658203,126.58999633789062,123.66000366210938,126.04000091552734,125.06049346923828,6205600
2020-11-23,127.33999633789062,127.4000015258789,125.26000213623047,126.48999786376953,125.50699615478516,3767100
2020-11-24,126.94999694824219,127.68000030517578,125.63999938964844,126.05999755859375,125.080322265625,2166600
2020-11-25,126.05999755859375,127.44000244140625,126.01000213623047,126.81999969482422,125.83443450927734,1934400
2020-11-27,127.7300033569336,131.5399932861328,127.4800033569336,131.4600067138672,130.4384002685547,2367300
2020-11-30,132.5399932861328,133.6300048828125,129.75999450683594,133.1999969482422,132.16488647460938,4532400
2020-12-01,134.8800048828125,136.0399932861328,132.74000549316406,132.94000244140625,131.9068603515625,6194100
2020-12-02,132.27999877929688,133.1999969482422,130.83999633789062,132.82000732421875,131.7877960205078,3763500
2020-12-03,133.1300048828125,134.42999267578125,132.5,133.72000122070312,132.68080139160156,5053900
2020-12-04,134.50999450683594,136.52999877929688,133.88999938964844,136.1999969482422,135.1415252685547,3602100
2020-12-07,137.58999633789062,139.75999450683594,136.7100067138672,137.47000122070312,136.4016571044922,4162000
2020-12-08,137.24000549316406,140.33999633789062,136.86000061035156,140.1199951171875,139.0310516357422,2086700
2020-12-09,141.02000427246094,142.0,135.27999877929688,137.27999877929688,136.21316528320312,5363700
2020-12-10,136.88999938964844,142.61000061035156,136.86000061035156,142.35000610351562,141.24374389648438,5253000
2020-12-11,141.8699951171875,143.99000549316406,140.5399932861328,142.27000427246094,141.1643524169922,2842200
2020-12-14,144.92999267578125,149.9199981689453,144.72999572753906,146.0500030517578,144.9149627685547,6209400
2020-12-15,148.10000610351562,148.22000122070312,143.52000427246094,146.32000732421875,145.18289184570312,3336400
2020-12-16,146.39999389648438,146.47999572753906,143.30999755859375,144.52000427246094,143.39688110351562,3572300
2020-12-17,145.00999450683594,146.8000030517578,144.1999969482422,146.64999389648438,145.5103302001953,2822400
2020-12-18,147.52999877929688,148.4499969482422,145.97000122070312,147.5500030517578,146.4033203125,5224900
2020-12-21,145.5800018310547,150.27999877929688,145.1999969482422,149.85000610351562,148.863037109375,6078700
2020-12-22,151.16000366210938,152.6999969482422,149.64999389648438,151.1300048828125,150.1345672607422,6020400
2020-12-23,152.08999633789062,152.08999633789062,148.25999450683594,151.13999938964844,150.14450073242188,4707000
2020-12-24,151.63999938964844,152.63999938964844,149.5399932861328,150.00999450683594,149.02195739746094,1881200
2020-12-28,151.10000610351562,151.55999755859375,146.3699951171875,146.4600067138672,145.495361328125,4285300
2020-12-29,147.0,147.08999633789062,140.82000732421875,142.1699981689453,141.2335662841797,12806100
2020-12-30,142.7100067138672,145.63999938964844,142.7100067138672,144.0800018310547,143.1310272216797,5547400
2020-12-31,144.0800018310547,144.5399932861328,140.22999572753906,140.77999877929688,139.85272216796875,5538000
2021-01-04,141.63999938964844,142.52000427246094,138.91000366210938,140.9499969482422,140.0216522216797,7149300
2021-01-05,140.1999969482422,141.22999572753906,139.44000244140625,140.4499969482422,139.52493286132812,4499400
2021-01-06,139.83999633789062,145.25,139.4499969482422,143.32000732421875,142.37606811523438,6561500
2021-01-07,144.9199981689453,149.3699951171875,144.22000122070312,149.2100067138672,148.22726440429688,4321300
2021-01-08,149.14999389648438,152.1199951171875,146.50999450683594,149.5399932861328,148.55503845214844,4230700
2021-01-11,148.57000732421875,149.5,145.75,148.05999755859375,147.08477783203125,3263600
2021-01-12,148.69000244140625,150.27999877929688,147.66000366210938,149.35000610351562,148.3663330078125,3798100
2021-01-13,149.5500030517578,150.83999633789062,148.3000030517578,148.57000732421875,147.5914306640625,2706800
2021-01-14,149.24000549316406,153.58999633789062,149.19000244140625,153.42999267578125,152.41941833496094,6157200
2021-01-15,153.02999877929688,155.8300018310547,150.6199951171875,151.72999572753906,150.7306365966797,4133500
2021-01-19,153.5500030517578,155.05999755859375,153.13999938964844,154.22000122070312,153.20423889160156,7030800
2021-01-20,155.10000610351562,156.6699981689453,153.72000122070312,154.1300048828125,153.1148223876953,4200300
2021-01-21,154.77000427246094,155.22999572753906,150.02999877929688,150.77999877929688,149.7869110107422,3794400
2021-01-22,149.9600067138672,153.3000030517578,148.80999755859375,152.55999755859375,151.55516052246094,5285900
2021-01-25,153.3800048828125,157.16000366210938,151.38999938964844,157.13999938964844,156.10501098632812,5189800
2021-01-26,158.1999969482422,158.85000610351562,153.7100067138672,154.3800048828125,153.36318969726562,5527400
2021-01-27,152.30999755859375,159.02999877929688,148.8800048828125,152.3000030517578,151.29689025878906,8656500
2021-01-28,153.38999938964844,155.6999969482422,150.60000610351562,151.63999938964844,150.6412353515625,5291400
2021-01-29,153.6199951171875,157.0399932861328,150.27000427246094,152.8800048828125,151.873046875,5690800
2021-02-01,156.32000732421875,160.07000732421875,154.77000427246094,159.6199951171875,158.56866455078125,7303100
2021-02-02,161.72999572753906,163.5,158.14999389648438,163.24000549316406,162.1648406982422,8511000
2021-02-03,162.6699981689453,164.50999450683594,160.55999755859375,161.07000732421875,160.00912475585938,5313900
2021-02-04,161.99000549316406,163.8800048828125,160.58999633789062,162.77000427246094,161.69790649414062,2492400
2021-02-05,163.9600067138672,167.50999450683594,162.77000427246094,166.77999877929688,165.6815185546875,4879600
2021-02-08,168.60000610351562,174.05999755859375,167.30999755859375,173.99000549316406,172.84402465820312,5060300
2021-02-09,174.1999969482422,174.7899932861328,171.3300018310547,171.86000061035156,170.72804260253906,3633100
2021-02-10,173.14999389648438,174.49000549316406,165.52000427246094,168.00999450683594,166.90341186523438,4936100
2021-02-11,169.61000061035156,169.61000061035156,164.0399932861328,165.8300018310547,164.73776245117188,4500900
2021-02-12,165.3000030517578,166.3800048828125,163.19000244140625,164.32000732421875,163.2377166748047,4419200
2021-02-16,165.42999267578125,165.49000549316406,159.41000366210938,160.16000366210938,159.10511779785156,6552300
2021-02-17,159.39999389648438,161.02999877929688,156.5,160.72000122070312,159.6614227294922,6923000
2021-02-18,158.8000030517578,159.14999389648438,155.30999755859375,156.5399932861328,155.50894165039062,6692800
2021-02-19,157.75,161.5,157.4199981689453,159.07000732421875,158.0222930908203,5577000
2021-02-22,158.8699951171875,159.35000610351562,153.97999572753906,154.2899932861328,153.2737579345703,5990700
2021-02-23,151.5500030517578,152.97000122070312,144.58999633789062,150.8300018310547,149.83657836914062,12531900
2021-02-24,150.75,154.75999450683594,149.8300018310547,153.10000610351562,152.09161376953125,6813600
2021-02-25,152.99000549316406,154.8000030517578,146.17999267578125,146.8800048828125,145.91259765625,7834200
2021-02-26,147.69000244140625,150.44000244140625,143.50999450683594,148.0,147.02520751953125,6634900
2021-03-01,150.1699981689453,152.27999877929688,149.82000732421875,151.60000610351562,150.6015167236328,3966700
2021-03-02,151.27000427246094,151.36000061035156,146.50999450683594,146.85000610351562,145.8828125,3777600
2021-03-03,145.6999969482422,146.8300018310547,139.85000610351562,139.94000244140625,139.018310546875,9597000
2021-03-04,139.67999267578125,141.47000122070312,133.07000732421875,135.42999267578125,134.53799438476562,15444700
2021-03-05,137.30999755859375,138.85000610351562,128.44000244140625,138.77000427246094,137.8560028076172,13041300
2021-03-08,139.8000030517578,141.6699981689453,134.30999755859375,134.92999267578125,134.04124450683594,8519500
2021-03-09,137.22000122070312,142.8800048828125,137.17999267578125,141.1999969482422,140.2699737548828,8820300
2021-03-10,143.80999755859375,146.24000549316406,140.66000366210938,141.47999572753906,140.54812622070312,6405200
2021-03-11,144.49000549316406,147.22000122070312,143.80999755859375,146.9499969482422,145.9821014404297,7855800
2021-03-12,145.91000366210938,146.69000244140625,143.52999877929688,146.50999450683594,145.54501342773438,4345100
2021-03-15,146.88999938964844,148.52000427246094,145.5800018310547,148.22000122070312,147.24374389648438,3337600
2021-03-16,148.75999450683594,149.24000549316406,143.22999572753906,145.88999938964844,144.92909240722656,5395500
2021-03-17,143.75999450683594,148.50999450683594,142.4499969482422,147.52999877929688,146.55828857421875,6603400
2021-03-18,145.27999877929688,146.7100067138672,140.17999267578125,140.49000549316406,139.56468200683594,7479200
2021-03-19,141.05999755859375,145.2100067138672,141.0,145.07000732421875,144.11451721191406,10790500
2021-03-22,145.6999969482422,148.38999938964844,145.0500030517578,147.1199951171875,146.19129943847656,6175100
2021-03-23,145.7899932861328,145.97999572753906,137.7100067138672,138.5399932861328,137.6654510498047,9517200
2021-03-24,140.1300048828125,140.1300048828125,131.22999572753906,131.4199981689453,130.5904083251953,11067500
2021-03-25,129.57000732421875,135.39999389648438,128.67999267578125,135.2100067138672,134.35647583007812,12227600
2021-03-26,135.3800048828125,135.85000610351562,129.6300048828125,133.05999755859375,132.2200469970703,10116300
2021-03-29,132.6300048828125,133.07000732421875,128.9600067138672,129.36000061035156,128.54339599609375,7739400
2021-03-30,128.5,131.8300018310547,126.26000213623047,130.11000061035156,129.2886962890625,7355300
2021-03-31,131.5500030517578,136.50999450683594,131.17999267578125,135.64999389648438,134.79368591308594,10260200
2021-04-01,137.36000061035156,139.80999755859375,135.9600067138672,137.02999877929688,136.16502380371094,6998200
2021-04-05,138.89999389648438,139.36000061035156,136.91000366210938,138.6300048828125,137.75491333007812,5051500
2021-04-06,138.4199981689453,139.10000610351562,134.66000366210938,135.0,134.14779663085938,4215500
2021-04-07,135.25999450683594,135.4199981689453,131.47000122070312,131.75,130.91830444335938,4229000
2021-04-08,132.83999633789062,134.50999450683594,131.6999969482422,132.57000732421875,131.733154296875,6434900
2021-04-09,132.92999267578125,132.92999267578125,129.19000244140625,129.6300048828125,128.8117218017578,7845700
2021-04-12,129.92999267578125,129.9600067138672,126.08999633789062,127.05000305175781,126.24800872802734,8415000
2021-04-13,127.95999908447266,129.02000427246094,126.0999984741211,128.91000366210938,128.0962371826172,6589900
2021-04-14,129.67999267578125,134.5500030517578,129.2100067138672,132.32000732421875,131.4847412109375,7195400
2021-04-15,133.72000122070312,135.4199981689453,133.08999633789062,133.47999572753906,132.63742065429688,7921600
2021-04-16,134.5500030517578,134.55999755859375,130.02000427246094,131.5500030517578,130.7196044921875,7098800
2021-04-19,130.42999267578125,132.13999938964844,127.61000061035156,128.72000122070312,127.90744018554688,5700100
2021-04-20,128.5,130.13999938964844,125.9000015258789,128.2899932861328,127.48015594482422,7161800
2021-04-21,128.19000244140625,132.91000366210938,127.05999755859375,132.77000427246094,131.931884765625,5653700
2021-04-22,132.42999267578125,137.07000732421875,130.80999755859375,134.5399932861328,133.69070434570312,12501900
2021-04-23,134.82000732421875,135.89999389648438,133.80999755859375,134.3000030517578,133.45223999023438,5155400
2021-04-26,134.3000030517578,139.4600067138672,134.2100067138672,138.9600067138672,138.0828094482422,9385000
2021-04-27,139.92999267578125,140.75999450683594,138.2100067138672,139.35000610351562,138.47036743164062,7631200
2021-04-28,138.75,140.8800048828125,137.25999450683594,139.69000244140625,138.80824279785156,6214000
2021-04-29,140.72000122070312,140.75999450683594,136.4499969482422,138.05999755859375,137.18850708007812,6163600
2021-04-30,136.8000030517578,139.27999877929688,136.22000122070312,136.6199951171875,135.75759887695312,5559000
2021-05-03,137.92999267578125,138.1999969482422,134.85000610351562,134.99000549316406,134.13787841796875,4938900
2021-05-04,134.2100067138672,134.24000549316406,129.14999389648438,129.80999755859375,128.99058532714844,10383900
2021-05-05,130.77000427246094,131.02999877929688,126.75,127.62000274658203,126.81439971923828,5414400
2021-05-06,126.94000244140625,127.05000305175781,122.88999938964844,125.69000244140625,124.8965835571289,14733900
2021-05-07,127.12999725341797,129.16000366210938,126.62000274658203,127.73999786376953,126.93364715576172,7463500
2021-05-10,127.31999969482422,127.33999633789062,122.9000015258789,123.08999633789062,122.31298065185547,7508300
2021-05-11,119.06999969482422,126.48999786376953,118.2300033569336,125.0999984741211,124.31031036376953,10469400
2021-05-12,123.54000091552734,127.47000122070312,123.02999877929688,124.12000274658203,123.33648681640625,9739500
2021-05-13,125.37000274658203,126.11000061035156,119.9800033569336,122.4800033569336,121.70685577392578,9109100
2021-05-14,123.4000015258789,128.8800048828125,122.83999633789062,126.91999816894531,126.11882019042969,8261900
2021-05-17,126.44999694824219,127.88999938964844,125.2300033569336,126.62999725341797,125.83065032958984,7835800
2021-05-18,127.2699966430664,130.32000732421875,126.44000244140625,127.18000030517578,126.37716674804688,6302600
2021-05-19,125.0,126.62000274658203,123.83000183105469,124.94999694824219,124.1612548828125,6247300
2021-05-20,125.7699966430664,128.47999572753906,124.63999938964844,127.56999969482422,126.76472473144531,4918500
2021-05-21,128.75,129.0500030517578,126.62999725341797,126.66999816894531,125.87040710449219,5244400
2021-05-24,127.54000091552734,127.9800033569336,125.08999633789062,125.83999633789062,125.0456314086914,4975100
2021-05-25,126.26000213623047,127.08999633789062,124.18000030517578,124.26000213623047,123.47560119628906,5403400
2021-05-26,124.63999938964844,127.0999984741211,124.37999725341797,126.95999908447266,126.1585693359375,4465200
2021-05-27,127.73999786376953,128.69000244140625,126.31999969482422,128.58999633789062,127.77826690673828,4102700
2021-05-28,128.97999572753906,131.3000030517578,127.69999694824219,128.10000610351562,127.2913589477539,6459400
2021-06-01,128.72000122070312,128.72000122070312,125.95999908447266,126.44999694824219,125.65177917480469,5179000
2021-06-02,127.22000122070312,127.94999694824219,125.48999786376953,127.23999786376953,126.43680572509766,5226100
2021-06-03,126.75,127.4800033569336,125.08000183105469,126.76000213623047,125.95983123779297,4886000
2021-06-04,127.11000061035156,128.16000366210938,126.41999816894531,126.76000213623047,125.95983123779297,4303800
2021-06-07,127.26000213623047,133.9600067138672,126.87999725341797,132.61000061035156,131.7729034423828,15591000
2021-06-08,133.67999267578125,134.72000122070312,129.82000732421875,133.4600067138672,132.61756896972656,7540600
2021-06-09,134.0,136.2100067138672,133.67999267578125,134.7100067138672,133.85964965820312,7129900
2021-06-10,134.5500030517578,136.42999267578125,133.35000610351562,136.08999633789062,135.23092651367188,5077400
2021-06-11,136.36000061035156,136.4499969482422,134.33999633789062,135.8300018310547,134.97254943847656,4139000
2021-06-14,136.10000610351562,137.72000122070312,135.88999938964844,136.67999267578125,135.81719970703125,3745000
2021-06-15,136.77999877929688,136.77999877929688,132.60000610351562,133.42999267578125,132.5877227783203,4379500
2021-06-16,133.08999633789062,134.47999572753906,130.4600067138672,133.58999633789062,132.74667358398438,7164300
2021-06-17,133.02000427246094,135.33999633789062,132.33999633789062,134.3800048828125,133.5317840576172,4056400
2021-06-18,132.9199981689453,134.1300048828125,131.74000549316406,133.5800018310547,132.73675537109375,5837100
2021-06-21,133.92999267578125,135.27999877929688,132.19000244140625,134.7899932861328,133.93914794921875,5111700
2021-06-22,134.6300048828125,134.88999938964844,131.88999938964844,133.67999267578125,132.83612060546875,4485000
2021-06-23,133.27999877929688,135.05999755859375,132.5800018310547,134.30999755859375,133.46218872070312,4142400
2021-06-24,135.2100067138672,137.42999267578125,135.1199951171875,137.2899932861328,136.42335510253906,5967900
2021-06-25,137.69000244140625,138.77999877929688,136.50999450683594,138.67999267578125,137.80458068847656,8477600
2021-06-28,140.67999267578125,141.5,137.52000427246094,137.85000610351562,136.9798126220703,6027300
2021-06-29,137.91000366210938,138.4600067138672,135.5500030517578,135.74000549316406,134.88314819335938,5204100
2021-06-30,135.47000122070312,137.24000549316406,133.5,135.39999389648438,134.54527282714844,5367700
2021-07-01,135.94000244140625,138.5,135.0,138.49000549316406,137.61578369140625,5590200
2021-07-02,138.44000244140625,138.60000610351562,135.74000549316406,136.52999877929688,135.66815185546875,3533600
2021-07-06,136.63999938964844,137.1699981689453,133.33999633789062,133.58999633789062,132.74667358398438,6243800
2021-07-07,133.8000030517578,134.2899932861328,129.72000122070312,131.35000610351562,130.52085876464844,6551800
2021-07-08,128.4600067138672,132.60000610351562,128.24000549316406,131.91000366210938,131.0773162841797,6172600
2021-07-09,132.52999877929688,134.02999877929688,131.19000244140625,133.8000030517578,132.9553985595703,3781800
2021-07-12,133.89999389648438,134.63999938964844,131.64999389648438,131.8300018310547,130.99783325195312,3210300
2021-07-13,131.3300018310547,131.74000549316406,129.4499969482422,129.6300048828125,128.8117218017578,5558600
2021-07-14,130.07000732421875,130.1699981689453,125.81999969482422,125.94999694824219,125.15494537353516,8016200
2021-07-15,125.79000091552734,126.7300033569336,123.66999816894531,125.94000244140625,125.1449966430664,5935700
2021-07-16,126.5,127.80000305175781,124.9800033569336,125.94000244140625,125.1449966430664,4536400
2021-07-19,124.3499984741211,127.91999816894531,123.94000244140625,126.13999938964844,125.34374237060547,4617900
2021-07-20,126.1500015258789,129.0800018310547,125.54000091552734,129.05999755859375,128.2453155517578,4268600
2021-07-21,129.05999755859375,130.5,127.33999633789062,130.25,129.4278106689453,3951000
2021-07-22,129.52999877929688,130.24000549316406,127.73999786376953,127.97000122070312,127.16219329833984,4268600
2021-07-23,128.14999389648438,128.57000732421875,125.47000122070312,126.51000213623047,125.71141052246094,4194600
2021-07-26,126.37000274658203,127.47000122070312,124.1500015258789,124.22000122070312,123.43585205078125,5054300
2021-07-27,124.0,124.48999786376953,120.62000274658203,122.9800033569336,122.20369720458984,8602400
2021-07-28,123.30000305175781,127.83999633789062,123.30000305175781,127.27999877929688,126.47654724121094,6516600
2021-07-29,127.9000015258789,128.57000732421875,125.04000091552734,125.16999816894531,124.37986755371094,4917000
2021-07-30,124.20999908447266,125.80000305175781,123.05999755859375,123.41000366210938,122.6309814453125,4390600
2021-08-02,124.2300033569336,125.38999938964844,123.66999816894531,123.93000030517578,123.147705078125,4167800
2021-08-03,124.55999755859375,124.81999969482422,122.4000015258789,124.81999969482422,124.0320816040039,3767900
2021-08-04,124.19999694824219,127.30999755859375,124.16000366210938,124.80000305175781,124.01220703125,5945600
2021-08-05,125.0,129.66000366210938,124.38999938964844,129.5399932861328,128.72227478027344,5619200
2021-08-06,129.1300048828125,129.1300048828125,126.37999725341797,127.29000091552734,126.48648071289062,4674100
2021-08-09,127.0999984741211,128.92999267578125,126.54000091552734,127.52999877929688,126.72496032714844,4894400
2021-08-10,128.36000061035156,128.6999969482422,125.69999694824219,126.4800033569336,125.68160247802734,4159300
2021-08-11,126.3499984741211,126.62999725341797,124.29000091552734,125.66000366210938,124.86676788330078,4663900
2021-08-12,125.47000122070312,127.26000213623047,125.01000213623047,126.79000091552734,125.9896469116211,4011900
2021-08-13,126.91000366210938,127.41999816894531,124.58000183105469,124.62000274658203,123.83334350585938,3932800
2021-08-16,124.22000122070312,124.37999725341797,121.44999694824219,121.79000091552734,121.02120208740234,5176500
2021-08-17,120.83000183105469,123.81999969482422,119.83000183105469,123.69999694824219,122.91913604736328,5030300
2021-08-18,123.7300033569336,124.41999816894531,121.58000183105469,121.61000061035156,120.84233093261719,3637600
2021-08-19,120.58000183105469,121.54000091552734,118.48999786376953,118.69000244140625,117.94078063964844,5558600
2021-08-20,119.13999938964844,122.87999725341797,118.5,122.12999725341797,121.35904693603516,5939000
2021-08-23,123.87000274658203,127.8499984741211,123.6500015258789,127.73999786376953,126.93364715576172,8385700
2021-08-24,127.83999633789062,127.87000274658203,125.8499984741211,127.75,126.9435806274414,4274300
2021-08-25,127.36000061035156,129.88999938964844,126.44999694824219,129.16000366210938,128.34469604492188,5395700
2021-08-26,128.89999389648438,131.0500030517578,128.0,128.5800018310547,127.76834869384766,5666100
2021-08-27,129.02999877929688,132.99000549316406,128.47000122070312,132.02999877929688,131.19656372070312,6466600
2021-08-30,132.64999389648438,133.60000610351562,131.08999633789062,131.6300048828125,130.79908752441406,4893700
2021-08-31,131.5,133.58999633789062,131.5,132.83999633789062,132.00143432617188,3680100
2021-09-01,133.1199951171875,135.27999877929688,132.77000427246094,135.0800018310547,134.22731018066406,3888100
2021-09-02,135.3300018310547,136.61000061035156,134.91000366210938,136.52999877929688,135.66815185546875,3158500
2021-09-03,136.0,136.0,133.2100067138672,134.19000244140625,133.3429412841797,5092000
2021-09-07,134.24000549316406,135.82000732421875,132.5399932861328,133.47000122070312,132.6274871826172,4519900
2021-09-08,133.67999267578125,133.86000061035156,131.0,132.30999755859375,131.47479248046875,4325800
2021-09-09,131.8800048828125,134.75,131.55999755859375,132.82000732421875,131.9815673828125,5367800
2021-09-10,133.2899932861328,133.42999267578125,131.08999633789062,131.72000122070312,130.88851928710938,3750000
2021-09-13,132.00999450683594,133.27000427246094,129.2100067138672,131.0800018310547,130.25257873535156,4970200
2021-09-14,131.4499969482422,132.2899932861328,128.77000427246094,128.99000549316406,128.17578125,3720800
2021-09-15,129.22000122070312,131.1999969482422,128.72999572753906,130.42999267578125,129.60665893554688,3543300
2021-09-16,130.42999267578125,131.19000244140625,128.6999969482422,131.0,130.1730499267578,2794700
2021-09-17,131.11000061035156,133.38999938964844,129.55999755859375,132.8800048828125,132.0412139892578,6551100
2021-09-20,130.35000610351562,131.74000549316406,127.12999725341797,128.75999450683594,127.94719696044922,7072700
2021-09-21,129.02000427246094,131.5,129.0,130.25,129.4278106689453,4340700
2021-09-22,130.88999938964844,131.83999633789062,129.4600067138672,130.6199951171875,129.7954559326172,2688500
2021-09-23,130.97999572753906,133.19000244140625,130.47999572753906,133.07000732421875,132.22998046875,3148900
2021-09-24,131.92999267578125,132.5,130.16000366210938,130.3699951171875,129.5470428466797,4252900
2021-09-27,130.3800048828125,132.75,129.61000061035156,131.91000366210938,131.0773162841797,4715500
2021-09-28,130.7100067138672,130.88999938964844,127.6500015258789,127.73999786376953,126.93364715576172,4959400
2021-09-29,128.5,129.0399932861328,125.30000305175781,125.62999725341797,124.83695983886719,4540300
2021-09-30,126.18000030517578,127.44000244140625,125.6500015258789,125.70999908447266,124.91645812988281,4949400
2021-10-01,126.16000366210938,126.58000183105469,122.5,126.16999816894531,125.37356567382812,8160600
2021-10-04,125.20999908447266,125.44000244140625,122.80000305175781,123.22000122070312,122.44216918945312,4099300
2021-10-05,123.8499984741211,125.30999755859375,122.72000122070312,123.5999984741211,122.81977081298828,3987600
2021-10-06,122.55999755859375,123.62000274658203,121.76000213623047,122.29000091552734,121.51805114746094,4261000
2021-10-07,122.88999938964844,125.23999786376953,122.31999969482422,123.91000366210938,123.1278305053711,4035100
2021-10-08,124.58999633789062,125.06999969482422,122.7699966430664,123.44000244140625,122.66078186035156,2860100
2021-10-11,123.20999908447266,125.51000213623047,122.88999938964844,124.06999969482422,123.28681945800781,3349200
2021-10-12,124.33999633789062,125.7300033569336,124.27999877929688,124.61000061035156,123.82341003417969,3440600
2021-10-13,125.0,125.94999694824219,123.98999786376953,125.01000213623047,124.22086334228516,3201400
2021-10-14,126.36000061035156,128.05999755859375,125.83000183105469,127.0999984741211,126.29769134521484,4004100
2021-10-15,128.25,128.27999877929688,124.9000015258789,125.08000183105469,124.29045104980469,4530600
2021-10-18,124.12000274658203,124.48999786376953,122.23999786376953,122.47000122070312,121.6969223022461,6325300
2021-10-19,123.19999694824219,125.02999877929688,122.87999725341797,123.68000030517578,122.89927673339844,4899500
2021-10-20,123.86000061035156,125.01000213623047,122.95999908447266,123.26000213623047,122.48193359375,2900600
2021-10-21,123.2300033569336,124.91000366210938,123.2300033569336,123.83999633789062,123.05823516845703,2678000
2021-10-22,123.66999816894531,124.26000213623047,121.95999908447266,124.18000030517578,123.39612579345703,6441700
2021-10-25,124.08000183105469,125.06999969482422,123.2699966430664,124.38999938964844,123.60479736328125,4376400
2021-10-26,125.13999938964844,126.25,123.87999725341797,124.01000213623047,123.2271957397461,4662100
2021-10-27,123.72000122070312,124.33000183105469,122.05999755859375,122.22000122070312,121.44847869873047,5205900
2021-10-28,122.62999725341797,126.2300033569336,122.22000122070312,126.16999816894531,125.37356567382812,8976800
2021-10-29,125.72000122070312,126.80999755859375,124.55999755859375,124.80999755859375,124.02214813232422,5094800
2021-11-01,125.19000244140625,129.64999389648438,124.95999908447266,129.58999633789062,128.77195739746094,7144500
2021-11-02,129.6199951171875,131.4199981689453,127.70999908447266,131.25999450683594,130.43141174316406,6563100
2021-11-03,131.05999755859375,134.42999267578125,130.2100067138672,134.14999389648438,133.3031463623047,7042900
2021-11-04,133.6199951171875,134.7899932861328,131.91000366210938,133.2100067138672,132.3690948486328,6299700
2021-11-05,132.24000549316406,133.3300018310547,129.8000030517578,131.32000732421875,130.49105834960938,8646700
2021-11-08,131.6300048828125,132.47000122070312,130.02999877929688,130.50999450683594,129.68614196777344,4292500
2021-11-09,130.1199951171875,130.39999389648438,128.00999450683594,128.6300048828125,127.81803131103516,6167500
2021-11-10,127.94999694824219,130.1699981689453,125.80000305175781,126.19000244140625,125.3934326171875,7136200
2021-11-11,126.5999984741211,127.62000274658203,125.88999938964844,126.30999755859375,125.5126724243164,3792900
2021-11-12,126.9000015258789,127.16000366210938,125.25,126.54000091552734,125.74121856689453,4247400
2021-11-15,126.94000244140625,127.13999938964844,123.56999969482422,123.88999938964844,123.10794830322266,6208500
2021-11-16,123.83000183105469,124.79000091552734,122.73999786376953,124.51000213623047,123.72402954101562,5473400
2021-11-17,124.33000183105469,124.75,122.77999877929688,122.93000030517578,122.15400695800781,5894400
2021-11-18,124.31999969482422,124.70999908447266,121.8499984741211,122.22000122070312,121.44847869873047,9026300
2021-11-19,122.02999877929688,123.20999908447266,121.38999938964844,121.91999816894531,121.15038299560547,6297300
2021-11-22,122.66000366210938,122.66000366210938,119.11000061035156,119.27999877929688,118.52704620361328,6991900
2021-11-23,119.05999755859375,119.5999984741211,115.4000015258789,119.37999725341797,118.62640380859375,12926800
2021-11-24,118.5,120.5,117.27999877929688,120.05000305175781,119.29219055175781,5775700
2021-11-26,119.30000305175781,120.52999877929688,115.01000213623047,116.77999877929688,116.0428237915039,7779400
2021-11-29,118.8499984741211,119.44999694824219,114.83999633789062,115.05000305175781,114.3237533569336,7826100
2021-11-30,114.41999816894531,116.66999816894531,112.61000061035156,116.2699966430664,115.53604888916016,12705700
2021-12-01,117.01000213623047,118.26000213623047,112.0199966430664,112.12999725341797,111.42217254638672,9952200
2021-12-02,112.0,114.94999694824219,111.1500015258789,114.56999969482422,113.8467788696289,8127400
2021-12-03,115.19999694824219,115.19999694824219,108.70999908447266,109.52999877929688,108.83859252929688,14164100
2021-12-06,109.19000244140625,110.5199966430664,106.91999816894531,109.58000183105469,108.8882827758789,10917500
2021-12-07,111.69999694824219,116.88999938964844,111.69999694824219,115.04000091552734,114.31380462646484,12772900
2021-12-08,115.5,117.13999938964844,113.7300033569336,116.69000244140625,115.9533920288086,9950100
2021-12-09,116.05999755859375,116.7699966430664,111.55000305175781,111.77999877929688,111.07440185546875,8398700
2021-12-10,112.44000244140625,113.31999969482422,109.51000213623047,109.91000366210938,109.21620178222656,7918000
2021-12-13,110.5,112.3499984741211,108.41000366210938,110.80000305175781,110.10057830810547,9148900
2021-12-14,109.2699966430664,110.62999725341797,107.58000183105469,108.7699966430664,108.08338928222656,11527600
2021-12-15,109.08000183105469,113.66000366210938,106.87999725341797,113.38999938964844,112.67422485351562,16049400
2021-12-16,114.20999908447266,114.4800033569336,109.47000122070312,110.33999633789062,109.64347839355469,16622800
2021-12-17,109.4000015258789,116.55999755859375,109.04000091552734,115.61000061035156,114.88021087646484,17272000
2021-12-20,114.5199966430664,117.11000061035156,112.1500015258789,115.79000091552734,115.05908966064453,17397400
2021-12-21,116.05999755859375,116.6500015258789,114.38999938964844,116.58000183105469,115.84407806396484,10794500
2021-12-22,115.44000244140625,117.16000366210938,113.94000244140625,116.5199966430664,115.78446960449219,11493100
2021-12-23,116.43000030517578,119.20999908447266,115.63999938964844,118.22000122070312,117.47373962402344,10137500
2021-12-27,117.37999725341797,117.56999969482422,114.94999694824219,115.16999816894531,114.44297790527344,7124600
2021-12-28,114.88999938964844,117.51000213623047,113.02999877929688,113.20999908447266,112.49535369873047,7311000
2021-12-29,112.80999755859375,113.5199966430664,111.61000061035156,112.73999786376953,112.02833557128906,8392500
2021-12-30,112.54000091552734,115.77999877929688,112.1500015258789,113.23999786376953,112.52517700195312,10186600
2021-12-31,113.36000061035156,114.93000030517578,111.79000091552734,111.95999908447266,111.25325012207031,7066400
2022-01-03,112.5999984741211,115.55999755859375,110.3499984741211,115.44000244140625,114.7112808227539,8180600
2022-01-04,115.12999725341797,115.63999938964844,110.23999786376953,111.36000061035156,110.65704345703125,12518100
2022-01-05,111.1500015258789,112.29000091552734,105.08000183105469,105.2300033569336,104.56574249267578,17299100
2022-01-06,105.45999908447266,107.18000030517578,102.45999908447266,105.19999694824219,104.53591918945312,11808500
2022-01-07,105.18000030517578,107.4000015258789,102.77999877929688,102.98999786376953,102.33987426757812,11708400
2022-01-10,102.02999877929688,103.19999694824219,100.05000305175781,103.13999938964844,102.48892211914062,19260500
2022-01-11,102.88999938964844,105.05000305175781,101.63999938964844,103.88999938964844,103.23419189453125,11792500
2022-01-12,104.38999938964844,104.69999694824219,100.47000122070312,100.5999984741211,99.96495819091797,11990200
2022-01-13,100.69000244140625,101.69999694824219,97.73999786376953,98.0999984741211,97.4807357788086,14518800
2022-01-14,96.91000366210938,100.69000244140625,95.7699966430664,100.48999786376953,99.85565185546875,18307300
2022-01-18,98.80000305175781,98.97000122070312,94.20999908447266,94.5199966430664,93.92333984375,19901000
2022-01-19,95.02999877929688,96.9800033569336,93.37000274658203,93.5,92.90978240966797,16458400
2022-01-20,94.66999816894531,96.93000030517578,91.66000366210938,91.97000122070312,91.38944244384766,15863800
2022-01-21,91.19000244140625,93.26000213623047,89.87000274658203,90.02999877929688,89.46168518066406,21247000
2022-01-24,88.0,92.5999984741211,85.30999755859375,92.11000061035156,91.52857208251953,24123000
2022-01-25,90.69999694824219,93.11000061035156,88.88999938964844,91.37999725341797,90.80316925048828,18764500
2022-01-26,92.81999969482422,95.62000274658203,89.16999816894531,89.58999633789062,89.02445983886719,19190600
2022-01-27,90.88999938964844,91.66999816894531,85.4000015258789,85.51000213623047,84.97022247314453,15297200
2022-01-28,85.55999755859375,88.73999786376953,83.88999938964844,88.58000183105469,88.02084350585938,15047300
2022-01-31,88.83999633789062,93.61000061035156,88.68000030517578,93.43000030517578,92.84021759033203,12783600
2022-02-01,94.0199966430664,95.5999984741211,91.87999725341797,94.94000244140625,94.34069061279297,13146800
2022-02-02,94.91000366210938,94.98999786376953,91.37000274658203,91.8499984741211,91.27019500732422,11750300
2022-02-03,90.25,92.08999633789062,89.16999816894531,89.44000244140625,88.87541198730469,13122200
2022-02-04,89.12000274658203,91.6500015258789,88.43000030517578,90.79000091552734,90.21688842773438,11088100
2022-02-07,90.83000183105469,94.18000030517578,90.83000183105469,93.25,92.6613540649414,14329300
2022-02-08,92.9800033569336,93.44000244140625,90.87000274658203,92.94000244140625,92.35332489013672,11722300
2022-02-09,94.08000183105469,97.44999694824219,93.80999755859375,97.26000213623047,96.64604949951172,16571600
2022-02-10,94.88999938964844,99.16000366210938,93.11000061035156,94.36000061035156,93.76435089111328,21113000
2022-02-11,94.80000305175781,96.83000183105469,92.36000061035156,93.3499984741211,92.76073455810547,18381900
2022-02-14,93.3499984741211,94.08999633789062,91.45999908447266,91.80999755859375,91.23043823242188,12490900
2022-02-15,93.31999969482422,95.97000122070312,93.19999694824219,95.63999938964844,95.0362777709961,11219600
2022-02-16,94.62999725341797,95.30999755859375,93.0199966430664,94.6500015258789,94.05252838134766,12218900
2022-02-17,93.58000183105469,94.04000091552734,90.20999908447266,90.61000061035156,90.03803253173828,12283000
2022-02-18,90.13999938964844,91.66999816894531,88.62000274658203,89.38999938964844,88.82572937011719,11517800
2022-02-22,88.22000122070312,90.68000030517578,87.95999908447266,88.68000030517578,88.1202163696289,12712000
2022-02-23,88.86000061035156,89.30000305175781,85.0,85.0999984741211,84.56281280517578,13611600
2022-02-24,81.70999908447266,89.16999816894531,81.70999908447266,89.0,88.43817901611328,21651200
2022-02-25,89.05999755859375,89.80000305175781,86.97000122070312,89.80000305175781,89.23314666748047,13228400
2022-02-28,88.80999755859375,91.33999633789062,88.4000015258789,89.83000183105469,89.26295471191406,14049000
2022-03-01,89.76000213623047,91.36000061035156,88.3499984741211,89.08999633789062,88.52761840820312,13447200
2022-03-02,89.20999908447266,90.16999816894531,88.05999755859375,89.31999969482422,88.75615692138672,8616100
2022-03-03,89.72000122070312,89.97000122070312,85.77999877929688,86.6500015258789,86.10302734375,13351400
2022-03-04,85.63999938964844,87.16999816894531,83.58000183105469,83.9000015258789,83.37037658691406,14854800
2022-03-07,83.86000061035156,85.48999786376953,83.41999816894531,83.76000213623047,83.23126983642578,13242300
2022-03-08,83.5,87.05000305175781,81.94000244140625,84.31999969482422,83.78772735595703,14786800
2022-03-09,86.0,88.94000244140625,85.76000213623047,88.44000244140625,87.88172912597656,12568500
2022-03-10,87.30999755859375,88.0999984741211,86.22000122070312,87.9800033569336,87.42463684082031,9797200
2022-03-11,88.4800033569336,89.02999877929688,84.4800033569336,84.61000061035156,84.07588958740234,10773900
2022-03-14,84.66999816894531,85.29000091552734,80.33999633789062,81.06999969482422,80.5582504272461,17167200
2022-03-15,81.37000274658203,82.41000366210938,80.5199966430664,82.26000213623047,81.74072265625,11277200
2022-03-16,83.58000183105469,86.29000091552734,82.37000274658203,86.19000244140625,85.64592742919922,11811400
2022-03-17,85.7300033569336,89.70999908447266,85.11000061035156,89.55999755859375,88.9946517944336,11201200
2022-03-18,89.31999969482422,92.77999877929688,89.05999755859375,92.16000366210938,91.5782470703125,14491300
2022-03-21,91.69000244140625,91.8499984741211,88.45999908447266,89.0199966430664,88.45806121826172,12897100
2022-03-22,89.19999694824219,92.4800033569336,88.87000274658203,92.20999908447266,91.62792205810547,10096600
2022-03-23,91.36000061035156,93.08999633789062,89.86000061035156,89.86000061035156,89.29277038574219,10564200
2022-03-24,90.51000213623047,91.94000244140625,89.01000213623047,91.7699966430664,91.1906967163086,9739100
2022-03-25,91.7699966430664,91.81999969482422,89.3499984741211,89.62000274658203,89.05428314208984,8676300
2022-03-28,89.52999877929688,91.2300033569336,87.77999877929688,89.70999908447266,89.14370727539062,10342800
2022-03-29,90.94999694824219,93.91000366210938,90.76000213623047,93.55000305175781,92.95946502685547,13391200
2022-03-30,93.4000015258789,94.55999755859375,90.33999633789062,90.68000030517578,90.10758209228516,12124100
2022-03-31,91.05999755859375,92.04000091552734,89.87000274658203,89.87999725341797,89.31263732910156,8287400
2022-04-01,90.37999725341797,93.45999908447266,90.19999694824219,93.26000213623047,92.67130279541016,10971000
2022-04-04,93.63999938964844,96.29000091552734,93.33999633789062,96.08999633789062,95.48342895507812,12653600
2022-04-05,96.05999755859375,97.19000244140625,92.94999694824219,93.25,92.6613540649414,15294600
2022-04-06,91.93000030517578,94.36000061035156,91.27999877929688,93.33000183105469,92.74085998535156,13644000
2022-04-07,93.0199966430664,94.19000244140625,91.0199966430664,92.43000030517578,91.84654235839844,10320300
2022-04-08,91.7699966430664,92.62999725341797,90.06999969482422,90.33999633789062,89.76972198486328,13225600
2022-04-11,89.13999938964844,89.68000030517578,86.95999908447266,87.31999969482422,86.76878356933594,12835200
2022-04-12,88.19999694824219,89.91000366210938,86.2300033569336,87.1500015258789,86.59986114501953,13785100
2022-04-13,87.47000122070312,90.91999816894531,87.38999938964844,90.41000366210938,89.83928680419922,17147300
2022-04-14,89.8499984741211,90.1500015258789,87.58000183105469,87.7699966430664,87.21595764160156,10950700
2022-04-18,87.37000274658203,87.45999908447266,83.25,83.58999633789062,83.06233215332031,17419900
2022-04-19,83.6500015258789,85.86000061035156,82.81999969482422,84.5999984741211,84.06596374511719,11876000
2022-04-20,84.94999694824219,85.62000274658203,83.08999633789062,84.79000091552734,84.25475311279297,9212900
2022-04-21,85.44000244140625,86.22000122070312,80.94000244140625,81.16000366210938,80.6476821899414,15371100
2022-04-22,80.75,82.04000091552734,79.66000366210938,79.83999633789062,79.33599853515625,13859300
2022-04-25,79.33000183105469,81.80000305175781,79.16000366210938,81.56999969482422,81.05509185791016,13657700
2022-04-26,80.66999816894531,81.47000122070312,76.56999969482422,76.69000244140625,76.20590209960938,19188100
2022-04-27,76.76000213623047,78.0999984741211,75.62999725341797,75.91999816894531,75.44075775146484,21570300
2022-04-28,77.05999755859375,77.25,72.58000183105469,76.19000244140625,75.70904541015625,20320900
2022-04-29,75.73999786376953,77.91999816894531,73.63999938964844,73.83000183105469,73.36396026611328,13947700
2022-05-02,73.54000091552734,76.94999694824219,73.4800033569336,76.77999877929688,76.29532623291016,15625900
2022-05-03,76.77999877929688,78.12000274658203,75.79000091552734,76.8499984741211,76.36488342285156,10767900
2022-05-04,77.0,78.94999694824219,73.51000213623047,78.58000183105469,78.08396911621094,19159300
2022-05-05,77.66000366210938,77.91999816894531,72.51000213623047,73.8499984741211,73.3838119506836,18579200
2022-05-06,72.91000366210938,73.13999938964844,69.62999725341797,70.12999725341797,69.68729400634766,22560500
2022-05-09,68.9800033569336,69.61000061035156,64.05999755859375,64.37000274658203,63.96366882324219,27086300
2022-05-10,67.55000305175781,69.19000244140625,65.0999984741211,67.69999694824219,67.27263641357422,28347900
2022-05-11,66.79000091552734,68.0,62.52000045776367,62.810001373291016,62.41351318359375,28143200
2022-05-12,62.060001373291016,66.0999984741211,61.779998779296875,64.91000366210938,64.50027465820312,25991000
2022-05-13,66.47000122070312,69.47000122070312,65.98999786376953,68.5999984741211,68.1669692993164,18755300
2022-05-16,68.2699966430664,70.51000213623047,67.3499984741211,68.45999908447266,68.02784729003906,14149900
2022-05-17,70.0,71.51000213623047,69.20999908447266,71.45999908447266,71.0089111328125,14807400
2022-05-18,69.55999755859375,70.41000366210938,67.22000122070312,67.87000274658203,67.44157409667969,15242500
2022-05-19,67.80000305175781,70.08000183105469,67.44000244140625,69.4000015258789,68.96192169189453,14974700
2022-05-20,70.3499984741211,70.88999938964844,66.95999908447266,70.33000183105469,69.88604736328125,13521900
2022-05-23,71.23999786376953,71.56999969482422,69.62999725341797,70.13999938964844,69.6972427368164,11879700
2022-05-24,69.12999725341797,69.47000122070312,66.94000244140625,67.4000015258789,66.97454833984375,12688300
2022-05-25,67.25,68.45999908447266,66.06999969482422,67.7300033569336,67.30243682861328,12392800
2022-05-26,67.9000015258789,69.41000366210938,67.47000122070312,68.47000122070312,68.03779602050781,12254800
2022-05-27,68.18000030517578,71.11000061035156,67.11000061035156,71.08999633789062,70.6412353515625,15010900
2022-05-31,70.79000091552734,71.37999725341797,67.76000213623047,68.77999877929688,68.34583282470703,10648300
2022-06-01,69.23999786376953,70.16000366210938,66.33999633789062,67.52999877929688,67.10372161865234,12979200
2022-06-02,67.30000305175781,69.05999755859375,66.41000366210938,68.7699966430664,68.33589172363281,9380400
2022-06-03,69.37999725341797,71.52999877929688,69.0199966430664,71.20999908447266,70.76049041748047,15058100
2022-06-06,72.18000030517578,72.76000213623047,68.72000122070312,69.18000030517578,68.7433090209961,12268600
2022-06-07,68.5199966430664,72.69000244140625,68.44999694824219,72.5999984741211,72.14170837402344,10797200
2022-06-08,72.0199966430664,74.66999816894531,72.0199966430664,73.20999908447266,72.74786376953125,11029300
2022-06-09,72.83000183105469,73.05999755859375,70.2300033569336,70.26000213623047,69.81647491455078,10305900
2022-06-10,69.0199966430664,69.23999786376953,66.55000305175781,67.02999877929688,66.60687255859375,12884600
2022-06-13,64.97000122070312,65.47000122070312,62.630001068115234,63.31999969482422,62.920291900634766,16753000
2022-06-14,63.779998779296875,64.12000274658203,62.130001068115234,63.41999816894531,63.01966094970703,13769400
2022-06-15,64.04000091552734,66.36000061035156,63.4900016784668,65.68000030517578,65.26538848876953,14007800
2022-06-16,63.630001068115234,64.26000213623047,62.15999984741211,63.970001220703125,63.56618881225586,10351500
2022-06-17,64.44000244140625,68.91999816894531,64.41000366210938,67.61000061035156,67.18321990966797,26512800
2022-06-21,68.66000366210938,71.7699966430664,68.66000366210938,70.02999877929688,69.58793640136719,16491200
2022-06-22,68.95999908447266,73.06999969482422,68.6500015258789,71.79000091552734,71.33682250976562,15564600
2022-06-23,72.20999908447266,76.33999633789062,71.97000122070312,76.2300033569336,75.7488021850586,16820600
2022-06-24,77.22000122070312,77.6500015258789,74.29000091552734,77.05999755859375,76.57356262207031,18564200
2022-06-27,77.0199966430664,77.66000366210938,75.20999908447266,76.80000305175781,76.31520080566406,13735100
2022-06-28,76.87000274658203,77.27999877929688,73.41999816894531,74.05999755859375,73.59249114990234,13455500
2022-06-29,73.95999908447266,75.3499984741211,72.77999877929688,74.80000305175781,74.32783508300781,9562100
2022-06-30,73.58000183105469,75.26000213623047,72.55000305175781,74.2699966430664,73.80116271972656,11339100
2022-07-01,74.37000274658203,76.69999694824219,73.69999694824219,76.54000091552734,76.05684661865234,13420300
2022-07-05,75.70999908447266,81.04000091552734,75.19000244140625,80.98999786376953,80.478759765625,15288200
2022-07-06,81.01000213623047,83.16999816894531,80.22000122070312,81.01000213623047,80.49864196777344,17502100
2022-07-07,81.3499984741211,84.30000305175781,80.8499984741211,83.45999908447266,82.93315887451172,13858600
2022-07-08,82.5999984741211,84.62999725341797,82.08999633789062,84.43000030517578,83.89704132080078,12031900
2022-07-11,83.69999694824219,84.25,80.48999786376953,80.69000244140625,80.18065643310547,9835900
2022-07-12,80.70999908447266,82.47000122070312,78.08999633789062,81.87000274658203,81.35320281982422,15157600
2022-07-13,79.95999908447266,84.04000091552734,79.68000030517578,83.23999786376953,82.71454620361328,13154100
2022-07-14,82.33000183105469,82.91999816894531,80.62999725341797,81.31999969482422,80.80667114257812,11131000
2022-07-15,82.37000274658203,82.61000061035156,79.73999786376953,82.37000274658203,81.85003662109375,9674500
2022-07-18,83.30999755859375,84.62000274658203,79.29000091552734,79.73999786376953,79.23664093017578,11163300
2022-07-19,81.0199966430664,83.45999908447266,80.05999755859375,83.33999633789062,82.81392669677734,12016900
2022-07-20,83.44999694824219,86.41000366210938,82.95999908447266,84.5199966430664,83.98645782470703,14969100
2022-07-21,84.43000030517578,85.1500015258789,83.33999633789062,84.19999694824219,83.66849517822266,7802900
2022-07-22,84.66999816894531,84.9000015258789,80.55000305175781,80.68000030517578,80.17070007324219,10633300
2022-07-25,80.80000305175781,81.22000122070312,79.41000366210938,80.94000244140625,80.4290771484375,8097500
2022-07-26,80.98999786376953,83.0,79.6500015258789,81.30000305175781,80.78678894042969,9194200
2022-07-27,81.88999938964844,83.68000030517578,80.7300033569336,83.4000015258789,82.87352752685547,10237800
2022-07-28,83.5,83.93000030517578,80.41000366210938,82.5,81.97921752929688,11298400
2022-07-29,82.12000274658203,82.30000305175781,80.0,81.12999725341797,80.61786651611328,9467700
2022-08-01,80.33999633789062,81.83000183105469,78.98999786376953,79.47000122070312,78.96835327148438,11546100
2022-08-02,78.91999816894531,81.87999725341797,78.72000122070312,80.9800033569336,80.46881866455078,9963500
2022-08-03,82.98999786376953,85.5,82.80000305175781,84.05999755859375,83.52937316894531,14260700
2022-08-04,86.12000274658203,88.87000274658203,85.5,88.70999908447266,88.1500244140625,15934500
2022-08-05,87.30000305175781,92.30999755859375,86.12999725341797,92.30000305175781,91.71736907958984,19812500
2022-08-08,93.36000061035156,95.0999984741211,91.91999816894531,93.88999938964844,93.29731750488281,19237400
2022-08-09,92.05000305175781,93.30000305175781,89.13999938964844,90.75,90.1771469116211,14747800
2022-08-10,92.79000091552734,93.87000274658203,91.4000015258789,93.75,93.158203125,8989600
2022-08-11,93.79000091552734,95.18000030517578,90.13999938964844,90.77999877929688,90.20694732666016,12314800
2022-08-12,91.62000274658203,94.11000061035156,91.3499984741211,93.77999877929688,93.1880111694336,9744000
2022-08-15,93.0,95.13999938964844,92.62000274658203,94.9000015258789,94.30094909667969,7253200
2022-08-16,94.55999755859375,94.72000122070312,91.75,92.38999938964844,91.80680084228516,9355200
2022-08-17,90.9000015258789,92.04000091552734,89.0999984741211,89.56999969482422,89.00458526611328,10681100
2022-08-18,89.48999786376953,89.66999816894531,87.30999755859375,88.87000274658203,88.30901336669922,8030600
2022-08-19,87.69000244140625,88.5999984741211,86.73999786376953,87.2699966430664,86.71910858154297,7734600
2022-08-22,86.33000183105469,87.79000091552734,85.2300033569336,85.93000030517578,85.3875732421875,9359600
2022-08-23,86.45999908447266,88.54000091552734,85.44999694824219,87.77999877929688,87.22588348388672,9315800
2022-08-24,87.8499984741211,90.33000183105469,86.91000366210938,89.62999725341797,89.06422424316406,8727500
2022-08-25,90.5,91.05000305175781,88.41000366210938,89.37000274658203,88.80586242675781,6417600
2022-08-26,89.3499984741211,89.36000061035156,84.70999908447266,85.04000091552734,84.50318145751953,12074700
2022-08-29,83.7300033569336,85.8499984741211,83.4800033569336,83.95999908447266,83.43000793457031,13047200
2022-08-30,84.7699966430664,85.16999816894531,81.97000122070312,83.0999984741211,82.57543182373047,10608200
2022-08-31,84.05000305175781,84.8499984741211,83.16999816894531,83.69999694824219,83.17164611816406,9687600
2022-09-01,83.05000305175781,85.6500015258789,82.06999969482422,85.5199966430664,84.98015594482422,11499700
2022-09-02,86.7699966430664,86.7699966430664,83.25,83.7300033569336,83.20145416259766,11508800
2022-09-06,83.87999725341797,84.1500015258789,81.16000366210938,81.33999633789062,80.8265380859375,11303800
2022-09-07,81.23999786376953,84.95999908447266,81.08999633789062,84.79000091552734,84.25475311279297,11022100
2022-09-08,84.05999755859375,87.48999786376953,84.05999755859375,87.41999816894531,86.86815643310547,13108600
2022-09-09,87.86000061035156,88.83000183105469,87.19999694824219,88.01000213623047,87.45445251464844,9010600
2022-09-12,88.19000244140625,88.76000213623047,86.93000030517578,88.68000030517578,88.1202163696289,9544400
2022-09-13,86.16000366210938,86.86000061035156,83.63999938964844,84.13999938964844,83.6088638305664,14698700
2022-09-14,84.16000366210938,85.4800033569336,83.12999725341797,85.08999633789062,84.55287170410156,8738900
2022-09-15,84.68000030517578,86.9800033569336,84.38999938964844,86.19999694824219,85.6558609008789,9008200
2022-09-16,84.9000015258789,85.16999816894531,82.29000091552734,83.2699966430664,82.7443618774414,15649800
2022-09-19,82.37999725341797,82.80999755859375,80.3499984741211,82.2300033569336,81.7109146118164,15561800
2022-09-20,81.4000015258789,82.81999969482422,80.94999694824219,81.98999786376953,81.4724349975586,8090500
2022-09-21,82.43000030517578,82.79000091552734,79.01000213623047,79.12999725341797,78.63048553466797,12765100
2022-09-22,78.41999816894531,78.80000305175781,76.94000244140625,78.08999633789062,77.59706115722656,11197400
2022-09-23,77.25,77.5199966430664,75.05999755859375,76.6500015258789,76.1661376953125,11898900
2022-09-26,76.29000091552734,78.43000030517578,74.97000122070312,75.05999755859375,74.586181640625,11763200
2022-09-27,76.44000244140625,78.01000213623047,76.0,77.22000122070312,76.73255920410156,14256100
2022-09-28,79.05000305175781,81.75,78.9000015258789,81.19999694824219,80.68741607666016,19367800
2022-09-29,80.31999969482422,80.62000274658203,77.54000091552734,78.86000061035156,78.3622055053711,10324100
2022-09-30,78.80000305175781,82.1500015258789,78.6500015258789,79.31999969482422,78.81929016113281,13485500
2022-10-03,80.73999786376953,81.48999786376953,78.7699966430664,79.9800033569336,79.47512817382812,10681600
2022-10-04,81.47000122070312,83.05999755859375,81.30999755859375,83.0,82.47606658935547,11933100
2022-10-05,81.94000244140625,83.23999786376953,80.30000305175781,82.66999816894531,82.14814758300781,8983400
2022-10-06,82.19000244140625,83.51000213623047,81.66000366210938,82.66999816894531,82.14814758300781,8021700
2022-10-07,81.66999816894531,81.79000091552734,78.94999694824219,79.0999984741211,78.60069274902344,9281500
2022-10-10,78.94999694824219,79.05999755859375,77.08000183105469,77.6500015258789,77.15983581542969,10523300
2022-10-11,77.44000244140625,80.20999908447266,76.26000213623047,78.2699966430664,77.77590942382812,11871200
2022-10-12,78.5,79.0999984741211,76.83000183105469,78.69999694824219,78.20320129394531,7620200
2022-10-13,76.61000061035156,80.38999938964844,76.33000183105469,80.06999969482422,79.56455993652344,12423600
2022-10-14,81.05000305175781,81.95999908447266,77.72000122070312,77.81999969482422,77.32876586914062,9679500
2022-10-17,79.44000244140625,81.0999984741211,78.68000030517578,80.69999694824219,80.19058227539062,9481800
2022-10-18,82.52999877929688,82.95999908447266,80.3499984741211,81.08000183105469,80.56819152832031,11298500
2022-10-19,80.1500015258789,80.5,76.54000091552734,77.11000061035156,76.62325286865234,13573300
2022-10-20,77.05000305175781,78.95999908447266,76.41000366210938,76.72000122070312,76.23570251464844,9272300
2022-10-21,77.2300033569336,78.98999786376953,76.06999969482422,78.83999633789062,78.34232330322266,9275400
2022-10-24,79.2300033569336,79.4800033569336,76.66000366210938,78.4800033569336,77.9845962524414,7864200
2022-10-25,78.77999877929688,81.33000183105469,78.7699966430664,80.58000183105469,80.07133483886719,10365000
2022-10-26,80.87000274658203,84.23999786376953,80.5999984741211,81.91999816894531,81.40288543701172,12482000
2022-10-27,82.83999633789062,83.31999969482422,80.58000183105469,80.91000366210938,80.39925384521484,8451900
2022-10-28,81.33999633789062,83.91999816894531,80.47000122070312,83.76000213623047,83.23126983642578,10388600
2022-10-31,83.36000061035156,83.87999725341797,81.8499984741211,82.1500015258789,81.63143920898438,10764700
2022-11-01,83.0,84.16000366210938,82.47000122070312,82.81999969482422,82.29721069335938,9908500
2022-11-02,82.76000213623047,85.08000183105469,81.11000061035156,81.18000030517578,80.66754913330078,12934500
2022-11-03,80.13999938964844,82.33000183105469,79.45999908447266,80.62999725341797,80.12101745605469,10138700
2022-11-04,81.75,82.0,78.04000091552734,79.95999908447266,79.45525360107422,13883800
2022-11-07,80.08999633789062,80.61000061035156,78.80000305175781,79.12000274658203,78.62056732177734,9308100
2022-11-08,79.73999786376953,81.2699966430664,78.87999725341797,79.86000061035156,79.35588073730469,10745500
2022-11-09,79.3499984741211,79.70999908447266,77.11000061035156,77.19999694824219,76.71267700195312,11783600
2022-11-10,80.7699966430664,83.5199966430664,80.08000183105469,83.12000274658203,82.5953140258789,21049000
2022-11-11,83.05000305175781,85.66999816894531,82.48999786376953,84.76000213623047,84.22494506835938,14700300
2022-11-14,84.5199966430664,86.04000091552734,83.86000061035156,84.06999969482422,83.53931427001953,11365900
2022-11-15,85.91999816894531,86.5,82.7699966430664,83.8499984741211,83.32069396972656,13946800
2022-11-16,83.66000366210938,84.13999938964844,81.33000183105469,81.48999786376953,80.97559356689453,10411700
2022-11-17,80.37000274658203,81.19000244140625,79.41999816894531,80.54000091552734,80.03160095214844,10604700
2022-11-18,81.7300033569336,82.05000305175781,80.43000030517578,81.01000213623047,80.49864196777344,7246400
2022-11-21,80.7300033569336,81.0,79.54000091552734,79.87000274658203,79.3658218383789,5159800
2022-11-22,80.5199966430664,81.0999984741211,78.66000366210938,80.97000122070312,80.4588851928711,7885500
2022-11-23,81.0,82.12000274658203,80.37999725341797,81.0,80.48870086669922,7289500
2022-11-25,80.98999786376953,81.37999725341797,80.02999877929688,81.05999755859375,80.54830169677734,2701200
2022-11-28,80.72000122070312,81.8499984741211,79.2699966430664,79.6500015258789,79.14720916748047,7277000
2022-11-29,79.8499984741211,80.80999755859375,79.36000061035156,79.9800033569336,79.47512817382812,6806700
2022-11-30,81.01000213623047,83.77999877929688,80.30999755859375,83.62000274658203,83.0921401977539,12840800
2022-12-01,83.54000091552734,84.06999969482422,82.3499984741211,83.08999633789062,82.56549835205078,9124800
2022-12-02,82.0,85.83999633789062,81.91999816894531,85.66000366210938,85.11927795410156,10969100
2022-12-05,85.38999938964844,85.5,81.98999786376953,82.87999725341797,82.3568115234375,9022600
2022-12-06,82.08000183105469,82.37999725341797,80.18000030517578,80.58999633789062,80.0812759399414,9204500
2022-12-07,81.05000305175781,81.77999877929688,80.38999938964844,81.08999633789062,80.57811737060547,7224400
2022-12-08,81.7699966430664,82.30999755859375,80.19000244140625,81.58000183105469,81.06502532958984,6416700
2022-12-09,81.12999725341797,81.36000061035156,79.52999877929688,79.52999877929688,79.0279769897461,7940800
2022-12-12,79.36000061035156,81.66000366210938,78.8499984741211,81.52999877929688,81.01534271240234,7911800
2022-12-13,83.62000274658203,84.0,81.2300033569336,82.81999969482422,82.29721069335938,9379400
2022-12-14,82.77999877929688,84.18000030517578,81.95999908447266,83.08999633789062,82.56549835205078,9443900
2022-12-15,82.02999877929688,82.55000305175781,80.43000030517578,80.69000244140625,80.18065643310547,7662000
2022-12-16,80.12999725341797,81.30000305175781,79.31999969482422,80.95999908447266,80.44893646240234,9165000
2022-12-19,82.02999877929688,82.25,78.80999755859375,79.30000305175781,78.79942321777344,9267100
2022-12-20,78.91999816894531,81.12999725341797,78.76000213623047,80.77999877929688,80.27007293701172,6843600
2022-12-21,81.2300033569336,83.4000015258789,80.4000015258789,82.58000183105469,82.0587158203125,10908300
2022-12-22,81.81999969482422,82.86000061035156,80.79000091552734,82.81999969482422,82.29721069335938,6886300
2022-12-23,82.69999694824219,83.0199966430664,80.27999877929688,80.87999725341797,80.36945343017578,6954700
2022-12-27,80.63999938964844,80.9800033569336,78.44999694824219,78.54000091552734,78.04421997070312,8818800
2022-12-28,78.61000061035156,79.86000061035156,78.11000061035156,78.83000183105469,78.3323974609375,10239900
2022-12-29,79.37999725341797,83.20999908447266,78.97000122070312,82.2699966430664,81.75066375732422,12613900
2022-12-30,81.55999755859375,83.12999725341797,80.87999725341797,83.0,82.47606658935547,10351500
2023-01-03,83.93000030517578,84.08999633789062,81.0199966430664,81.52999877929688,81.01534271240234,9332300
2023-01-04,82.18000030517578,83.58000183105469,81.8499984741211,83.23999786376953,82.71454620361328,9338000
2023-01-05,82.8499984741211,83.0,81.76000213623047,82.5199966430664,81.99908447265625,6577500
2023-01-06,82.76000213623047,83.98999786376953,81.1500015258789,83.16000366210938,82.63504791259766,9968000
2023-01-09,83.72000122070312,83.80999755859375,81.11000061035156,81.2699966430664,80.75698852539062,12849200
2023-01-10,81.1500015258789,83.58000183105469,81.0999984741211,83.58000183105469,83.05239868164062,8036900
2023-01-11,84.05999755859375,84.52999877929688,82.2300033569336,84.37999725341797,83.84735107421875,8987700
2023-01-12,84.72000122070312,87.97000122070312,83.33999633789062,87.91999816894531,87.36500549316406,13978900
2023-01-13,87.01000213623047,89.62999725341797,86.33999633789062,87.87999725341797,87.32524871826172,18809400
2023-01-17,87.79000091552734,87.93000030517578,86.29000091552734,86.86000061035156,86.31169891357422,12748100
2023-01-18,87.4800033569336,88.9000015258789,85.69000244140625,85.77999877929688,85.238525390625,14982700
2023-01-19,85.47000122070312,85.83000183105469,84.16000366210938,84.88999938964844,84.3541259765625,8904000
2023-01-20,85.7699966430664,87.1500015258789,84.98999786376953,86.98999786376953,86.44087219238281,9741900
2023-01-23,87.0199966430664,87.94999694824219,86.19000244140625,87.16000366210938,86.60980224609375,9306200
2023-01-24,87.13999938964844,89.30000305175781,86.26000213623047,88.81999969482422,88.25932312011719,10480200
2023-01-25,88.05000305175781,88.91000366210938,86.9800033569336,88.9000015258789,88.33882904052734,7401600
2023-01-26,89.5999984741211,90.0,87.68000030517578,88.58999633789062,88.03076934814453,6976000
2023-01-27,88.55999755859375,90.01000213623047,88.38999938964844,89.38999938964844,88.82572937011719,7826500
2023-01-30,88.70999908447266,89.0,86.54000091552734,87.0999984741211,86.55018615722656,7239000
2023-01-31,87.4000015258789,89.11000061035156,87.4000015258789,88.9000015258789,88.33882904052734,6684700
2023-02-01,88.91999816894531,90.66999816894531,87.62000274658203,89.73999786376953,89.17350769042969,10961500
2023-02-02,90.52999877929688,92.5999984741211,89.95999908447266,91.97000122070312,91.38944244384766,13400100
2023-02-03,90.68000030517578,91.9800033569336,89.94000244140625,90.38999938964844,89.81940460205078,7437100
2023-02-06,89.79000091552734,90.77999877929688,89.02999877929688,89.69999694824219,89.1337661743164,6568400
2023-02-07,89.68000030517578,90.48999786376953,88.16000366210938,90.31999969482422,89.74986267089844,7517500
2023-02-08,90.12000274658203,90.16999816894531,87.0999984741211,87.19000244140625,86.63961029052734,9722300
2023-02-09,87.86000061035156,88.41000366210938,85.7699966430664,86.08999633789062,85.54655456542969,8771200
2023-02-10,85.62999725341797,86.18000030517578,84.63999938964844,85.62000274658203,85.07952880859375,7801700
2023-02-13,85.37999725341797,86.33999633789062,84.2300033569336,85.55999755859375,85.01991271972656,6890900
2023-02-14,85.19999694824219,86.79000091552734,84.44000244140625,85.87999725341797,85.33788299560547,8631800
2023-02-15,85.2699966430664,86.12000274658203,84.7699966430664,86.05999755859375,85.51673889160156,5765300
2023-02-16,85.51000213623047,86.05999755859375,84.52999877929688,84.7699966430664,84.2348861694336,10302400
2023-02-17,84.77999877929688,87.0199966430664,84.22000122070312,86.80000305175781,86.2520751953125,8704300
2023-02-21,85.83000183105469,86.08999633789062,82.75,82.7699966430664,82.24750518798828,9188000
2023-02-22,82.88999938964844,83.97000122070312,82.72000122070312,83.62999725341797,83.10208129882812,6949700
2023-02-23,84.16000366210938,84.33000183105469,82.27999877929688,83.47000122070312,82.9430923461914,8283100
2023-02-24,82.41000366210938,82.61000061035156,81.37999725341797,81.47000122070312,80.95571899414062,8666500
2023-02-27,82.5999984741211,83.08999633789062,81.86000061035156,82.12999725341797,81.61155700683594,8233500
2023-02-28,82.01000213623047,83.30999755859375,81.91999816894531,82.8499984741211,82.3270263671875,7071500
2023-03-01,82.81999969482422,83.75,82.47000122070312,83.0999984741211,82.57543182373047,7193700
2023-03-02,82.27999877929688,82.83000183105469,81.75,82.41999816894531,81.89971923828125,6494500
2023-03-03,82.69999694824219,84.29000091552734,82.06999969482422,83.58999633789062,83.06233215332031,6070800
2023-03-06,84.01000213623047,84.06999969482422,81.56999969482422,82.16999816894531,81.65130615234375,7358600
2023-03-07,82.0999984741211,83.19000244140625,81.70999908447266,82.06999969482422,81.55193328857422,6256700
2023-03-08,81.94000244140625,82.06999969482422,80.61000061035156,81.2300033569336,80.71723937988281,7125500
2023-03-09,81.54000091552734,81.79000091552734,78.16999816894531,78.7300033569336,78.23302459716797,11851600
2023-03-10,78.43000030517578,78.58000183105469,73.87000274658203,75.66000366210938,75.18240356445312,24423500
2023-03-13,74.98999786376953,78.70999908447266,74.98999786376953,77.86000061035156,77.36851501464844,20813600
2023-03-14,79.36000061035156,79.93000030517578,77.9000015258789,79.02999877929688,78.5311279296875,9655200
2023-03-15,77.86000061035156,78.69999694824219,77.04000091552734,78.05000305175781,77.55731201171875,9601300
2023-03-16,77.61000061035156,78.9800033569336,76.0199966430664,78.2300033569336,77.7361831665039,9459100
2023-03-17,77.16000366210938,77.54000091552734,75.73999786376953,76.5,76.01708984375,11341500
2023-03-20,76.9000015258789,77.0999984741211,75.69999694824219,76.77999877929688,76.29532623291016,7987800
2023-03-21,77.31999969482422,77.38999938964844,75.83999633789062,76.0199966430664,75.54013061523438,7662100
2023-03-22,76.02999877929688,76.12000274658203,73.05999755859375,73.12999725341797,72.6683578491211,10854300
2023-03-23,74.04000091552734,74.9800033569336,72.61000061035156,73.72000122070312,73.25463104248047,12002600
2023-03-24,73.43000030517578,74.51000213623047,72.44000244140625,74.19000244140625,73.7216796875,8176200
2023-03-27,74.69000244140625,75.5999984741211,74.22000122070312,74.94999694824219,74.47687530517578,6279700
2023-03-28,75.01000213623047,75.55999755859375,74.37999725341797,74.44999694824219,73.98004913330078,5125800
2023-03-29,75.22000122070312,76.37000274658203,74.52999877929688,76.31999969482422,75.83824157714844,6896900
2023-03-30,76.63999938964844,76.72000122070312,74.0999984741211,74.66999816894531,74.19865417480469,8545600
2023-03-31,75.19999694824219,76.52999877929688,74.9000015258789,76.20999908447266,75.72891998291016,7645200
2023-04-03,76.11000061035156,77.55000305175781,76.02999877929688,77.05999755859375,76.57356262207031,7563900
2023-04-04,77.18000030517578,77.3499984741211,74.75,75.56999969482422,75.09295654296875,8889500
2023-04-05,75.1500015258789,76.23999786376953,74.88999938964844,75.37999725341797,74.90416717529297,8013100
2023-04-06,75.2699966430664,77.02999877929688,74.91000366210938,76.87000274658203,76.384765625,8640300
2023-04-10,76.73999786376953,76.73999786376953,75.55999755859375,76.1500015258789,75.66930389404297,7567000
2023-04-11,76.2699966430664,77.3499984741211,76.25,76.87999725341797,76.39469909667969,7462700
2023-04-12,77.7300033569336,77.88999938964844,75.91000366210938,76.05000305175781,75.5699462890625,7329200
2023-04-13,76.31999969482422,80.0,76.0999984741211,79.43000030517578,78.9285888671875,14018600
2023-04-14,79.41999816894531,79.44000244140625,77.31999969482422,78.19000244140625,77.6964340209961,7304100
2023-04-17,79.44999694824219,82.12999725341797,79.1500015258789,81.83000183105469,81.31344604492188,12173000
2023-04-18,82.37999725341797,82.5,80.55999755859375,81.33000183105469,80.81660461425781,11116300
2023-04-19,80.66000366210938,82.80000305175781,80.55999755859375,82.3499984741211,81.83016967773438,6871700
2023-04-20,81.55999755859375,81.62999725341797,80.38999938964844,80.62000274658203,80.11109161376953,7835400
2023-04-21,80.66999816894531,82.45999908447266,80.58000183105469,82.2699966430664,81.75066375732422,8059200
2023-04-24,82.19000244140625,82.30000305175781,80.33999633789062,81.22000122070312,80.70730590820312,5920100
2023-04-25,81.2699966430664,82.0,79.51000213623047,80.01000213623047,79.50495147705078,5793900
2023-04-26,79.75,80.44000244140625,78.5999984741211,79.3499984741211,78.8490982055664,6016500
2023-04-27,79.37999725341797,79.5,78.19999694824219,78.80000305175781,78.30257415771484,6321900
2023-04-28,78.72000122070312,80.93000030517578,77.97000122070312,80.19999694824219,79.69374084472656,6369800
2023-05-01,80.30000305175781,82.66999816894531,79.93000030517578,82.06999969482422,81.55193328857422,9141700
2023-05-02,81.66000366210938,82.06999969482422,79.47000122070312,79.7300033569336,79.2267074584961,10490100
2023-05-03,81.08000183105469,84.44999694824219,80.9000015258789,83.20999908447266,82.68473052978516,14800700
2023-05-04,83.12999725341797,84.44999694824219,82.05000305175781,83.9800033569336,83.44987487792969,8997200
2023-05-05,84.91999816894531,86.06999969482422,84.55999755859375,85.37999725341797,84.8410415649414,8658100
2023-05-08,85.5999984741211,85.5999984741211,84.12999725341797,85.0,84.46344757080078,6058400
2023-05-09,84.37000274658203,86.61000061035156,83.94000244140625,85.91000366210938,85.3676986694336,7112100
2023-05-10,87.58000183105469,87.97000122070312,86.36000061035156,87.27999877929688,86.72905731201172,9594900
2023-05-11,87.0,87.41999816894531,85.62000274658203,86.01000213623047,85.4670639038086,7088600
2023-05-12,86.37999725341797,86.51000213623047,84.69000244140625,85.43000030517578,84.8907241821289,5848900
2023-05-15,85.72000122070312,88.52999877929688,85.56999969482422,87.55000305175781,86.99734497070312,8743200
2023-05-16,85.76000213623047,85.9000015258789,84.37000274658203,85.02999877929688,84.49324798583984,13491000
2023-05-17,85.2300033569336,85.77999877929688,83.66999816894531,85.73999786376953,85.19876098632812,7569600
2023-05-18,85.41000366210938,85.4800033569336,83.19999694824219,84.7300033569336,84.19514465332031,11373100
2023-05-19,85.37999725341797,86.16999816894531,84.95999908447266,85.37000274658203,84.83112335205078,7618300
2023-05-22,85.88999938964844,87.9000015258789,85.8499984741211,87.47000122070312,86.9178466796875,6478600
2023-05-23,87.55999755859375,89.83000183105469,87.37000274658203,87.48999786376953,86.9377212524414,9984100
2023-05-24,86.75,86.9000015258789,85.05000305175781,85.79000091552734,85.24844360351562,7244700
2023-05-25,85.61000061035156,85.66999816894531,82.61000061035156,83.55000305175781,83.02259826660156,9143200
2023-05-26,83.68000030517578,84.47000122070312,83.06999969482422,84.30999755859375,83.77779388427734,4570000
2023-05-30,84.61000061035156,85.58999633789062,82.6500015258789,83.13999938964844,82.61518096923828,6058600
2023-05-31,83.19000244140625,85.5,82.94000244140625,83.91999816894531,83.39025115966797,6271500
2023-06-01,84.30000305175781,85.5,83.12000274658203,85.08000183105469,84.54293060302734,7106300
2023-06-02,85.87000274658203,86.43000030517578,84.7300033569336,86.43000030517578,85.88440704345703,5284200
2023-06-05,86.0,87.27999877929688,85.93000030517578,86.70999908447266,86.16265869140625,5653700
2023-06-06,86.9800033569336,88.27999877929688,86.27999877929688,88.12000274658203,87.56375122070312,5971200
2023-06-07,88.1500015258789,88.88999938964844,87.01000213623047,88.20999908447266,87.65316772460938,6099700
2023-06-08,88.11000061035156,88.66999816894531,87.29000091552734,88.12000274658203,87.56375122070312,4840700
2023-06-09,88.63999938964844,88.83000183105469,87.20999908447266,87.66000366210938,87.10664367675781,7334300
2023-06-12,88.44000244140625,90.18000030517578,87.73999786376953,88.61000061035156,88.05064392089844,7391100
2023-06-13,88.97000122070312,90.91000366210938,88.91999816894531,90.2300033569336,89.66043090820312,8260600
2023-06-14,90.51000213623047,90.8499984741211,87.83000183105469,88.88999938964844,88.3288803100586,7813000
2023-06-15,88.37000274658203,89.54000091552734,87.91000366210938,89.19000244140625,88.62698364257812,6896000
2023-06-16,89.8499984741211,90.08999633789062,87.5,87.66999816894531,87.1165771484375,7856700
2023-06-20,87.33999633789062,88.16999816894531,86.37999725341797,87.63999938964844,87.08975219726562,7364800
2023-06-21,87.25,87.80000305175781,85.87999725341797,87.16000366210938,86.61276245117188,6781700
2023-06-22,87.0199966430664,87.48999786376953,86.29000091552734,86.58999633789062,86.04634857177734,4725300
2023-06-23,86.01000213623047,86.06999969482422,84.95999908447266,85.12000274658203,84.58557891845703,7666600
2023-06-26,84.69000244140625,84.87999725341797,82.9800033569336,83.16999816894531,82.64781188964844,7183300
2023-06-27,83.22000122070312,83.37000274658203,82.02999877929688,82.91999816894531,82.39937591552734,7836500
2023-06-28,82.91999816894531,83.98999786376953,82.36000061035156,83.9800033569336,83.45272827148438,5504300
2023-06-29,83.69000244140625,83.94999694824219,82.4800033569336,82.62000274658203,82.10127258300781,6458100
2023-06-30,83.2300033569336,83.93000030517578,82.69000244140625,83.19999694824219,82.67761993408203,5054100
2023-07-03,83.1500015258789,83.5199966430664,82.5,82.94000244140625,82.41925811767578,3696400
2023-07-05,82.87999725341797,83.48999786376953,82.36000061035156,83.01000213623047,82.48881530761719,4866300
2023-07-06,82.26000213623047,82.43000030517578,80.83000183105469,81.72000122070312,81.20692443847656,6326400
2023-07-07,81.87000274658203,82.8499984741211,81.55000305175781,81.77999877929688,81.26655578613281,4560600
2023-07-10,81.75,84.41000366210938,81.52999877929688,84.2300033569336,83.70116424560547,7450600
2023-07-11,83.91000366210938,84.13999938964844,83.16000366210938,83.83000183105469,83.30366516113281,6084700
2023-07-12,85.19000244140625,85.29000091552734,84.12000274658203,84.77999877929688,84.24771118164062,5869700
2023-07-13,85.0,85.41000366210938,84.52999877929688,84.68000030517578,84.14835357666016,4414600
2023-07-14,85.06999969482422,85.06999969482422,83.33000183105469,84.41999816894531,83.88997650146484,5012000
2023-07-17,85.16000366210938,86.83000183105469,84.79000091552734,85.76000213623047,85.22154998779297,8746300
2023-07-18,85.80999755859375,86.69999694824219,85.44000244140625,85.58000183105469,85.04267883300781,5447000
2023-07-19,86.01000213623047,86.77999877929688,85.63999938964844,85.76000213623047,85.22154998779297,5443900
2023-07-20,85.44000244140625,85.70999908447266,84.12000274658203,84.33000183105469,83.800537109375,6492500
2023-07-21,84.9000015258789,85.68000030517578,84.16000366210938,84.97000122070312,84.43651580810547,5811200
2023-07-24,85.08000183105469,85.3499984741211,83.04000091552734,83.41999816894531,82.89624786376953,6626300
2023-07-25,83.37999725341797,83.94000244140625,83.0199966430664,83.16000366210938,82.63787841796875,4973500
2023-07-26,83.05000305175781,83.33999633789062,82.62000274658203,83.05000305175781,82.528564453125,4680900
2023-07-27,83.55999755859375,83.55999755859375,81.41000366210938,81.7699966430664,81.25659942626953,7208500
2023-07-28,82.5,84.05000305175781,82.3499984741211,83.80999755859375,83.2837905883789,8988400
2023-07-31,83.95999908447266,84.44000244140625,83.5199966430664,84.29000091552734,83.76078033447266,4838100
2023-08-01,83.63999938964844,83.7300033569336,82.6500015258789,83.30000305175781,82.7770004272461,6814700
2023-08-02,82.63999938964844,83.0999984741211,81.55000305175781,82.05999755859375,81.54479217529297,5613800
2023-08-03,81.66999816894531,82.37999725341797,81.2300033569336,81.2699966430664,80.75975036621094,5236300
2023-08-04,81.76000213623047,82.29000091552734,81.12999725341797,81.22000122070312,80.71006774902344,5883800
2023-08-07,81.0,81.0999984741211,78.54000091552734,78.69000244140625,78.1959457397461,9728800
2023-08-08,78.69000244140625,79.62000274658203,78.30000305175781,79.33000183105469,78.83192443847656,8215600
2023-08-09,79.66000366210938,80.26000213623047,78.75,79.26000213623047,78.76238250732422,6415400
2023-08-10,79.38999938964844,80.97000122070312,79.2300033569336,79.94000244140625,79.43810272216797,7304100
2023-08-11,79.69999694824219,80.5199966430664,79.4000015258789,79.87000274658203,79.36853790283203,4316300
2023-08-14,79.2300033569336,80.25,78.27999877929688,80.02999877929688,79.52752685546875,6561500
2023-08-15,79.94000244140625,80.29000091552734,79.05999755859375,79.81999969482422,79.31885528564453,5217600
2023-08-16,79.44999694824219,79.72000122070312,77.83000183105469,78.08000183105469,77.58978271484375,7103600
2023-08-17,78.2699966430664,78.2699966430664,76.91000366210938,76.94999694824219,76.46688079833984,6465300
2023-08-18,76.16999816894531,78.04000091552734,75.91000366210938,77.52999877929688,77.04322814941406,6872600
2023-08-21,77.47000122070312,78.97000122070312,76.83000183105469,78.38999938964844,77.89783477783203,5762600
2023-08-22,78.61000061035156,79.08000183105469,77.69000244140625,78.37000274658203,77.8779525756836,5176000
2023-08-23,78.95999908447266,79.8499984741211,78.7699966430664,78.86000061035156,78.36488342285156,4803700
2023-08-24,78.83999633789062,78.94000244140625,77.56999969482422,77.81999969482422,77.33141326904297,5394700
2023-08-25,78.05999755859375,79.18000030517578,77.29000091552734,78.69000244140625,78.1959457397461,6600700
2023-08-28,79.16999816894531,79.80999755859375,78.45999908447266,78.93000030517578,78.43444061279297,4429300
2023-08-29,78.86000061035156,79.69999694824219,78.33000183105469,79.29000091552734,78.79219055175781,5864100
2023-08-30,79.33999633789062,79.86000061035156,79.01000213623047,79.68000030517578,79.17973327636719,5459800
2023-08-31,79.86000061035156,80.1500015258789,79.13999938964844,79.19999694824219,78.7027359008789,5015900
2023-09-01,79.73999786376953,81.22000122070312,79.73999786376953,81.12999725341797,80.6206283569336,7991900
2023-09-05,80.8499984741211,81.29000091552734,79.51000213623047,79.6500015258789,79.14991760253906,6794900
2023-09-06,79.76000213623047,80.23999786376953,78.87999725341797,79.88999938964844,79.38839721679688,5194800
2023-09-07,79.22000122070312,79.44000244140625,78.37000274658203,78.76000213623047,78.26551055908203,5004600
2023-09-08,78.73999786376953,79.2300033569336,78.22000122070312,78.6500015258789,78.15620422363281,4977800
2023-09-11,79.0,79.20999908447266,78.41999816894531,78.83000183105469,78.33507537841797,5223000
2023-09-12,78.76000213623047,79.86000061035156,78.61000061035156,79.12999725341797,78.63317108154297,6200100
2023-09-13,79.30999755859375,80.31999969482422,78.23999786376953,78.29000091552734,77.79845428466797,6953400
2023-09-14,78.58999633789062,78.80999755859375,77.76000213623047,78.20999908447266,77.71894836425781,5145600
2023-09-15,78.12000274658203,78.31999969482422,76.7300033569336,77.11000061035156,76.6258773803711,8027900
2023-09-18,76.98999786376953,77.44000244140625,75.58999633789062,75.94999694824219,75.47314453125,7252800
2023-09-19,76.02999877929688,76.20999908447266,75.5,75.98999786376953,75.51290130615234,7411300
2023-09-20,76.19999694824219,76.22000122070312,74.27999877929688,74.33999633789062,73.87326049804688,9377400
2023-09-21,73.61000061035156,74.01000213623047,72.81999969482422,73.69999694824219,73.2372817993164,10706000
2023-09-22,73.94999694824219,74.22000122070312,72.80999755859375,72.95999908447266,72.50192260742188,10313000
2023-09-25,72.5,72.55000305175781,71.58999633789062,71.87999725341797,71.42869567871094,7223200
2023-09-26,72.62999725341797,74.5,72.56999969482422,73.20999908447266,72.75035095214844,12772500
2023-09-27,73.80000305175781,74.76000213623047,73.11000061035156,73.98999786376953,73.52545928955078,9762600
2023-09-28,74.01000213623047,74.01000213623047,72.58999633789062,73.7699966430664,73.30683135986328,10428800
2023-09-29,74.4000015258789,74.68000030517578,72.80999755859375,73.0199966430664,72.5615463256836,10415700
2023-10-02,72.9800033569336,72.9800033569336,70.3499984741211,70.6500015258789,70.2064208984375,11773900
2023-10-03,70.30999755859375,70.86000061035156,69.69000244140625,70.55000305175781,70.10704803466797,11448800
2023-10-04,70.4000015258789,70.5999984741211,69.08999633789062,69.87999725341797,69.44125366210938,12868500
2023-10-05,69.62999725341797,72.37999725341797,69.54000091552734,72.1500015258789,71.6969985961914,13608900
2023-10-06,71.58999633789062,72.68000030517578,71.19000244140625,72.2300033569336,71.77650451660156,9677800
2023-10-09,71.62000274658203,71.8499984741211,70.44999694824219,71.66000366210938,71.2100830078125,9387400
2023-10-10,71.13999938964844,72.48999786376953,70.95999908447266,72.0999984741211,71.64732360839844,9503300
2023-10-11,72.25,72.95999908447266,70.66999816894531,71.31999969482422,70.8722152709961,9061100
2023-10-12,71.22000122070312,71.33000183105469,68.4800033569336,68.72000122070312,68.28853607177734,12711400
2023-10-13,68.94999694824219,69.75,68.30999755859375,69.5999984741211,69.16300201416016,12892000
2023-10-16,69.61000061035156,70.87999725341797,68.70999908447266,70.20999908447266,69.76919555664062,9651200
2023-10-17,69.69999694824219,71.47000122070312,69.58999633789062,70.30000305175781,69.8586196899414,9660100
2023-10-18,69.94000244140625,69.97000122070312,68.23999786376953,68.48999786376953,68.05998992919922,9369300
2023-10-19,68.52999877929688,68.6500015258789,66.91000366210938,67.08999633789062,66.66876983642578,12490800
2023-10-20,67.13999938964844,67.9000015258789,66.58000183105469,66.91999816894531,66.4998550415039,9210200
2023-10-23,66.22000122070312,66.54000091552734,65.37999725341797,65.45999908447266,65.04901123046875,10621800
2023-10-24,66.05000305175781,67.33000183105469,66.05000305175781,67.08999633789062,66.66876983642578,8836600
2023-10-25,66.30000305175781,66.56999969482422,65.45999908447266,65.5,65.08875274658203,7727800
2023-10-26,65.58999633789062,66.63999938964844,65.20999908447266,66.18000030517578,65.76449584960938,10562700
2023-10-27,66.4000015258789,66.4000015258789,64.05000305175781,64.12000274658203,63.71743392944336,14361300
2023-10-30,64.7300033569336,65.75,64.5999984741211,65.19000244140625,64.78071594238281,9575600
2023-10-31,64.44999694824219,66.37999725341797,63.79999923706055,66.2300033569336,65.81417846679688,16209700
2023-11-01,66.47000122070312,67.6500015258789,66.11000061035156,67.5999984741211,67.17557525634766,13408500
2023-11-02,68.37000274658203,68.76000213623047,67.93000030517578,68.26000213623047,67.83142852783203,12267900
2023-11-03,69.45999908447266,72.08000183105469,69.3499984741211,71.45999908447266,71.01133728027344,21082600
2023-11-06,71.7699966430664,71.9800033569336,69.70999908447266,69.87999725341797,69.44125366210938,11110600
2023-11-07,70.12000274658203,71.62000274658203,69.61000061035156,71.5199966430664,71.07095336914062,12723200
2023-11-08,71.4800033569336,71.68000030517578,69.13999938964844,69.43000030517578,68.99409484863281,11677800
2023-11-09,70.04000091552734,70.08000183105469,66.38999938964844,66.58999633789062,66.17190551757812,12529200
2023-11-10,66.98999786376953,67.18000030517578,65.5,66.94999694824219,66.52964782714844,10564700
2023-11-13,66.36000061035156,67.27999877929688,64.98999786376953,67.27999877929688,66.85758209228516,11836700
2023-11-14,69.69000244140625,70.97000122070312,69.62999725341797,70.91000366210938,70.46479797363281,18577900
2023-11-15,70.86000061035156,73.31999969482422,70.61000061035156,71.0999984741211,70.65359497070312,15130200
2023-11-16,71.30999755859375,71.48999786376953,69.31999969482422,70.12999725341797,69.68968200683594,11621000
2023-11-17,70.75,72.87999725341797,70.45999908447266,72.66000366210938,72.20380401611328,13854700
2023-11-20,72.80000305175781,74.51000213623047,72.44000244140625,73.48999786376953,73.02859497070312,10967900
2023-11-21,72.83999633789062,73.43000030517578,71.9800033569336,72.0,71.5479507446289,9993900
2023-11-22,72.91000366210938,73.4000015258789,72.05999755859375,72.80000305175781,72.34293365478516,7312600
2023-11-24,72.77999877929688,74.52999877929688,72.77999877929688,73.66000366210938,73.19752502441406,4723000
2023-11-27,73.41999816894531,73.5,71.98999786376953,73.2300033569336,72.77023315429688,7398700
2023-11-28,72.94999694824219,73.16999816894531,72.0999984741211,73.02999877929688,72.57147979736328,8702600
2023-11-29,73.63999938964844,75.37999725341797,73.44999694824219,73.8499984741211,73.38632202148438,10526700
2023-11-30,75.62000274658203,77.19000244140625,75.19999694824219,75.5199966430664,75.04585266113281,13445600
2023-12-01,75.54000091552734,77.83999633789062,74.19999694824219,77.83000183105469,77.34134674072266,12766900
2023-12-04,77.63999938964844,79.37999725341797,77.20999908447266,79.19000244140625,78.69281005859375,12907000
2023-12-05,78.41000366210938,79.44000244140625,77.9000015258789,78.80000305175781,78.30525207519531,10916000
2023-12-06,79.33000183105469,80.6500015258789,78.58999633789062,79.54000091552734,79.04061889648438,11062900
2023-12-07,79.97000122070312,80.80000305175781,79.55999755859375,80.5199966430664,80.01445007324219,10164700
2023-12-08,80.20999908447266,81.12999725341797,79.22000122070312,79.31999969482422,78.82198333740234,9324800
2023-12-11,79.19000244140625,79.25,77.51000213623047,78.86000061035156,78.36488342285156,9709000
2023-12-12,78.91000366210938,80.23999786376953,77.77999877929688,80.08000183105469,79.57721710205078,8504800
2023-12-13,80.0999984741211,84.02999877929688,79.9800033569336,83.94999694824219,83.42291259765625,15700900
2023-12-14,85.2699966430664,85.81999969482422,84.06999969482422,85.4800033569336,84.94331359863281,17650000
2023-12-15,85.86000061035156,86.79000091552734,84.66999816894531,85.72000122070312,85.18180847167969,10971400
2023-12-18,85.30999755859375,85.68000030517578,83.91999816894531,84.36000061035156,83.84403228759766,8192600
2023-12-19,85.16999816894531,86.70999908447266,85.01000213623047,86.5,85.970947265625,9867400
2023-12-20,86.0999984741211,86.30000305175781,82.58000183105469,82.66000366210938,82.15443420410156,12235300
2023-12-21,84.11000061035156,85.16999816894531,83.75,84.66999816894531,84.15214538574219,9554800
2023-12-22,86.19999694824219,88.2300033569336,86.0,87.62000274658203,87.0841064453125,13208600
2023-12-26,88.80000305175781,89.87999725341797,88.13999938964844,89.45999908447266,88.91283416748047,10117500
2023-12-27,90.36000061035156,91.0,89.55999755859375,90.83000183105469,90.27445983886719,10041600
2023-12-28,91.0,92.0199966430664,90.02999877929688,90.86000061035156,90.30427551269531,10621300
2023-12-29,90.72000122070312,90.73999786376953,89.26000213623047,89.29000091552734,88.74388885498047,9038400
2024-01-02,88.43000030517578,91.7300033569336,87.91999816894531,90.2300033569336,89.67814636230469,11785600
2024-01-03,89.56999969482422,89.7699966430664,87.61000061035156,88.19999694824219,87.66055297851562,11249900
2024-01-04,88.56999969482422,90.0999984741211,88.12000274658203,89.44999694824219,88.90291595458984,9405400
2024-01-05,88.4800033569336,89.52999877929688,86.95999908447266,89.30000305175781,88.75382995605469,11413500
2024-01-08,88.44999694824219,93.5,87.5199966430664,93.41999816894531,92.84861755371094,21270500
2024-01-09,92.4800033569336,94.31999969482422,92.0,93.5999984741211,93.02752685546875,12928500
2024-01-10,93.73999786376953,94.27999877929688,91.54000091552734,92.52999877929688,91.96406555175781,13334500
2024-01-11,91.5,91.68000030517578,89.29000091552734,90.47000122070312,89.91667175292969,16280100
2024-01-12,91.12999725341797,92.62999725341797,90.19000244140625,90.41999816894531,89.8669662475586,10300800
2024-01-16,89.58999633789062,89.63999938964844,88.23999786376953,89.05999755859375,88.51529693603516,10901000
2024-01-17,88.01000213623047,88.4800033569336,87.12000274658203,88.33999633789062,87.79969024658203,9087000
2024-01-18,88.77999877929688,88.77999877929688,86.11000061035156,87.05999755859375,86.52752685546875,11942200
2024-01-19,87.30999755859375,87.56999969482422,86.0,87.05000305175781,86.51758575439453,13253000
2024-01-22,87.69000244140625,89.20999908447266,87.33000183105469,89.01000213623047,88.46559143066406,10794700
2024-01-23,89.9000015258789,90.3499984741211,87.75,89.2300033569336,88.68425750732422,9311300
2024-01-24,90.26000213623047,90.41000366210938,87.68000030517578,87.72000122070312,87.1834945678711,11295900
2024-01-25,88.63999938964844,89.52999877929688,88.05999755859375,88.5,87.95870971679688,10104700
2024-01-26,88.94000244140625,89.7300033569336,87.95999908447266,88.23999786376953,87.70030975341797,8264800
2024-01-29,88.16999816894531,90.94000244140625,87.2699966430664,90.80000305175781,90.2446517944336,11009000
2024-01-30,90.37999725341797,90.4000015258789,88.19000244140625,88.7699966430664,88.22705841064453,10848600
2024-01-31,88.58000183105469,90.19000244140625,87.43000030517578,87.43000030517578,86.89527130126953,15669600
2024-02-01,88.08000183105469,89.63999938964844,87.23999786376953,88.97000122070312,88.42584991455078,11745700
2024-02-02,88.11000061035156,88.37999725341797,86.7300033569336,87.97000122070312,87.43196105957031,15486500
2024-02-05,87.18000030517578,88.7699966430664,86.38999938964844,88.41000366210938,87.86927032470703,11164600
2024-02-06,87.91000366210938,89.87999725341797,87.29000091552734,89.76000213623047,89.21102142333984,9819300
2024-02-07,89.55000305175781,89.6500015258789,88.0,88.06999969482422,87.53134155273438,10885800
2024-02-08,88.33000183105469,89.75,88.01000213623047,89.22000122070312,88.67431640625,8545600
2024-02-09,89.95999908447266,91.31999969482422,89.4000015258789,91.04000091552734,90.48318481445312,8492000
2024-02-12,91.18000030517578,93.22000122070312,90.70999908447266,93.0999984741211,92.53058624267578,9732500
2024-02-13,90.1500015258789,90.41000366210938,87.88999938964844,88.72000122070312,88.17737579345703,17368600
2024-02-14,90.08999633789062,91.44000244140625,89.38999938964844,91.13999938964844,90.58256530761719,9983900
2024-02-15,92.08000183105469,93.68000030517578,91.66000366210938,93.2699966430664,92.69953918457031,10686000
2024-02-16,92.54000091552734,94.19000244140625,92.08000183105469,93.1500015258789,92.58027648925781,11007300
2024-02-20,92.75,93.83999633789062,91.63999938964844,92.37999725341797,91.81497955322266,8947500
2024-02-21,91.95999908447266,92.88999938964844,91.30999755859375,92.47000122070312,91.90443420410156,6704900
2024-02-22,92.7699966430664,94.9800033569336,92.20999908447266,94.1500015258789,93.57416534423828,10809600
2024-02-23,94.41999816894531,95.5,94.0,94.75,94.17049407958984,8854700
2024-02-26,94.6500015258789,97.52999877929688,94.45999908447266,97.33999633789062,96.74465942382812,12172200
2024-02-27,99.83999633789062,103.22000122070312,98.87999725341797,102.88999938964844,102.2607192993164,23103300
2024-02-28,102.26000213623047,103.5199966430664,101.12999725341797,101.52999877929688,100.90902709960938,16741400
2024-02-29,102.69000244140625,103.16000366210938,98.37000274658203,98.41999816894531,97.81805419921875,20721700
2024-03-01,99.44000244140625,102.81999969482422,99.11000061035156,101.52999877929688,100.90902709960938,16319200
2024-03-04,103.44999694824219,103.45999908447266,100.01000213623047,100.7300033569336,100.1139144897461,13935200
2024-03-05,100.19999694824219,101.5,98.72000122070312,99.45999908447266,98.8516845703125,13539400
2024-03-06,100.62000274658203,100.94000244140625,99.33000183105469,100.12000274658203,99.5076675415039,9390300
2024-03-07,100.30000305175781,100.55999755859375,98.75,98.79000091552734,98.18578338623047,7479800
2024-03-08,100.06999969482422,101.47000122070312,97.91999816894531,98.94999694824219,98.34481811523438,11121000
2024-03-11,98.69000244140625,99.63999938964844,96.4800033569336,96.83000183105469,96.2377700805664,9126400
2024-03-12,96.6500015258789,96.93000030517578,95.41000366210938,96.19999694824219,95.61161804199219,10485600
2024-03-13,96.26000213623047,97.48999786376953,95.87999725341797,97.0999984741211,96.50611877441406,6543900
2024-03-14,96.55000305175781,97.01000213623047,92.94999694824219,94.44999694824219,93.872314453125,16208200
2024-03-15,94.0,95.77999877929688,93.77999877929688,94.70999908447266,94.1307373046875,12508200
2024-03-18,94.56999969482422,95.25,92.83999633789062,92.94999694824219,92.3814926147461,11472200
2024-03-19,92.63999938964844,94.62000274658203,92.1500015258789,93.8499984741211,93.27599334716797,10926800
2024-03-20,93.5,95.5999984741211,92.5199966430664,95.16000366210938,94.57798767089844,13234500
2024-03-21,96.5,97.48999786376953,95.16000366210938,95.19999694824219,94.61774444580078,9802000
2024-03-22,95.22000122070312,95.37999725341797,93.5,93.55999755859375,92.9877700805664,10423100
2024-03-25,93.37000274658203,94.47000122070312,92.5,92.66999816894531,92.10322570800781,8751000
2024-03-26,93.87999725341797,94.45999908447266,92.66000366210938,92.69000244140625,92.12309265136719,10801400
2024-03-27,93.55000305175781,94.91999816894531,92.44999694824219,94.91000366210938,94.32951354980469,12279400
2024-03-28,95.19999694824219,95.88999938964844,94.05999755859375,94.88999938964844,94.30963897705078,10295300
2024-04-01,94.33999633789062,94.54000091552734,92.41000366210938,93.8499984741211,93.27599334716797,11690600
2024-04-02,92.0999984741211,92.18000030517578,90.37000274658203,90.68000030517578,90.1253890991211,14841800
2024-04-03,90.11000061035156,91.41000366210938,89.62000274658203,91.04000091552734,90.48318481445312,9102300
2024-04-04,91.7699966430664,92.5,89.29000091552734,89.48999786376953,88.94266510009766,10070300
2024-04-05,88.95999908447266,91.12999725341797,87.93000030517578,90.18000030517578,89.6284408569336,10380300
2024-04-08,90.47000122070312,90.61000061035156,89.55000305175781,90.4000015258789,89.84709167480469,7237000
2024-04-09,90.66999816894531,91.7699966430664,90.36000061035156,91.63999938964844,91.07951354980469,8593500
2024-04-10,88.9800033569336,90.05000305175781,88.61000061035156,89.94999694824219,89.39984893798828,17369900
2024-04-11,91.13999938964844,91.61000061035156,89.87999725341797,91.27999877929688,90.7217025756836,9971700
2024-04-12,91.02999877929688,91.02999877929688,87.31999969482422,88.1500015258789,87.6108627319336,14306200
2024-04-15,88.19000244140625,88.4800033569336,85.70999908447266,86.3499984741211,85.82186126708984,12332200
2024-04-16,85.68000030517578,86.48999786376953,85.12999725341797,85.61000061035156,85.08639526367188,11287900
2024-04-17,86.19000244140625,86.30000305175781,84.55000305175781,84.6500015258789,84.13227081298828,11923600
2024-04-18,84.4000015258789,84.94000244140625,83.37999725341797,83.4800033569336,82.96942138671875,11417300
2024-04-19,83.04000091552734,84.37999725341797,81.26000213623047,82.83000183105469,82.32340240478516,13784300
2024-04-22,83.5,84.77999877929688,82.4800033569336,83.75,83.2377700805664,10695400
2024-04-23,84.37999725341797,86.30999755859375,84.20999908447266,84.69000244140625,84.17202758789062,12939300
2024-04-24,85.2699966430664,85.41999816894531,83.69999694824219,83.94000244140625,83.42662048339844,8788900
2024-04-25,82.44999694824219,82.73999786376953,81.13999938964844,82.22000122070312,81.71712493896484,14389600
2024-04-26,82.58000183105469,83.87000274658203,81.62999725341797,83.48999786376953,82.97935485839844,10452800
2024-04-29,84.45999908447266,86.4000015258789,84.3499984741211,85.5199966430664,84.99694061279297,10494600
2024-04-30,84.70999908447266,85.79000091552734,84.22000122070312,84.62000274658203,84.10244750976562,7508600
2024-05-01,84.81999969482422,89.58999633789062,84.69999694824219,87.33000183105469,86.79586791992188,17126900
2024-05-02,88.43000030517578,88.9800033569336,86.91000366210938,88.33999633789062,87.79969024658203,10230200
2024-05-03,90.9800033569336,91.69999694824219,89.77999877929688,89.9800033569336,89.42967224121094,11242700
2024-05-06,90.58999633789062,91.0,89.62000274658203,90.58000183105469,90.0260009765625,8622200
2024-05-07,91.0,91.01000213623047,89.55000305175781,90.43000030517578,89.87691497802734,7631900
2024-05-08,89.66000366210938,89.9000015258789,88.31999969482422,89.11000061035156,88.56499481201172,12044900
2024-05-09,89.18000030517578,89.5999984741211,88.27999877929688,88.9800033569336,88.435791015625,7548500
2024-05-10,90.12000274658203,90.48999786376953,87.68000030517578,88.13999938964844,87.60092163085938,8808400
2024-05-13,89.05999755859375,90.76000213623047,89.0,89.87999725341797,89.33027648925781,11000300
2024-05-14,90.87999725341797,92.29000091552734,90.23999786376953,90.77999877929688,90.22477722167969,10806600
2024-05-15,92.70999908447266,93.8499984741211,92.27999877929688,92.61000061035156,92.0435791015625,12054000
2024-05-16,92.62000274658203,92.80000305175781,91.41000366210938,92.58999633789062,92.02371215820312,7735900
2024-05-17,92.5199966430664,93.05000305175781,90.8499984741211,91.18000030517578,90.62232971191406,7394300
2024-05-20,91.37999725341797,92.44000244140625,90.9000015258789,92.2699966430664,91.70565032958984,5595900
2024-05-21,91.86000061035156,92.69000244140625,90.87999725341797,91.56999969482422,91.00994110107422,6266200
2024-05-22,91.41999816894531,93.16000366210938,91.30000305175781,92.16999816894531,91.60626983642578,7861700
2024-05-23,92.19000244140625,92.4000015258789,88.66000366210938,89.31999969482422,88.7737045288086,9692200
2024-05-24,89.47000122070312,90.16999816894531,88.66000366210938,88.83000183105469,88.28670501708984,6723000
2024-05-28,90.68000030517578,90.94000244140625,88.19999694824219,89.12999725341797,88.58486938476562,9057800
2024-05-29,87.76000213623047,87.94999694824219,86.9800033569336,87.4800033569336,86.9449691772461,9561900
2024-05-30,88.01000213623047,89.13999938964844,87.61000061035156,88.95999908447266,88.4158935546875,9141600
2024-05-31,89.26000213623047,90.45999908447266,88.5,89.12999725341797,88.58486938476562,9718900
2024-06-03,89.88999938964844,92.9800033569336,89.25,91.41999816894531,90.8608627319336,13040200
2024-06-04,91.44000244140625,92.30000305175781,90.5999984741211,91.16999816894531,90.61238098144531,7963300
2024-06-05,91.5,94.33000183105469,90.81999969482422,94.12000274658203,93.54435729980469,10287800
2024-06-06,94.58999633789062,94.58999633789062,92.73999786376953,92.81999969482422,92.2522964477539,7032800
2024-06-07,91.48999786376953,92.48999786376953,90.91999816894531,91.38999938964844,90.8310317993164,8582700
2024-06-10,90.41000366210938,92.05000305175781,89.37999725341797,91.98999786376953,91.4273681640625,8423600
2024-06-11,91.20999908447266,92.80000305175781,90.83000183105469,92.45999908447266,91.89449310302734,5864300
2024-06-12,95.0,95.4000015258789,93.19000244140625,93.81999969482422,93.24617767333984,11437900
2024-06-13,93.62999725341797,94.5999984741211,93.08000183105469,93.81999969482422,93.24617767333984,5595200
2024-06-14,92.6500015258789,93.12999725341797,91.25,91.75,91.1888427734375,9218500
2024-06-17,91.23999786376953,91.51000213623047,90.08000183105469,90.58999633789062,90.03592681884766,6692400
2024-06-18,90.62999725341797,90.75,89.27999877929688,89.69999694824219,89.15138244628906,6722900
2024-06-20,89.38999938964844,90.62000274658203,88.69000244140625,89.88999938964844,89.3402099609375,6797300
2024-06-21,90.87999725341797,92.6500015258789,90.62999725341797,92.37999725341797,91.81497955322266,12826400
2024-06-24,93.30000305175781,94.55999755859375,93.04000091552734,93.73999786376953,93.28279113769531,9090200
2024-06-25,93.69999694824219,94.16000366210938,93.0,93.08000183105469,92.62601470947266,5509600
2024-06-26,92.91999816894531,92.91999816894531,91.66000366210938,92.19000244140625,91.7403564453125,7102100
2024-06-27,92.38999938964844,93.08000183105469,91.4000015258789,92.86000061035156,92.4070816040039,6570900
2024-06-28,93.33999633789062,93.33999633789062,91.81999969482422,92.70999908447266,92.25782012939453,7872600
2024-07-01,92.63999938964844,94.44000244140625,92.44000244140625,93.04000091552734,92.5862045288086,7437200
2024-07-02,92.41999816894531,92.69999694824219,91.04000091552734,91.36000061035156,90.9144058227539,6498600
2024-07-03,91.6500015258789,92.18000030517578,90.54000091552734,90.87000274658203,90.42679595947266,4682000
2024-07-05,90.86000061035156,91.91999816894531,90.27999877929688,91.70999908447266,91.26268768310547,5557900
2024-07-08,92.86000061035156,93.68000030517578,92.44000244140625,93.2300033569336,92.7752914428711,9007600
2024-07-09,93.38999938964844,94.54000091552734,92.8499984741211,94.37000274658203,93.90972900390625,7651400
2024-07-10,94.7699966430664,95.4800033569336,94.2699966430664,95.4800033569336,95.0143051147461,5002800
2024-07-11,96.83000183105469,98.77999877929688,96.6500015258789,97.95999908447266,97.48220825195312,14609800
2024-07-12,98.87999725341797,99.98999786376953,98.30000305175781,98.95999908447266,98.47733306884766,9005900
2024-07-15,99.0999984741211,100.41000366210938,98.66000366210938,99.9000015258789,99.4127426147461,9186400
2024-07-16,100.69000244140625,102.37999725341797,100.51000213623047,101.8499984741211,101.35323333740234,8840000
2024-07-17,100.47000122070312,102.01000213623047,99.02999877929688,99.80000305175781,99.313232421875,9853200
2024-07-18,99.72000122070312,100.83999633789062,97.01000213623047,97.54000091552734,97.06425476074219,12775900
2024-07-19,97.72000122070312,98.12000274658203,97.05999755859375,97.51000213623047,97.0344009399414,5348400
2024-07-22,98.20999908447266,99.0199966430664,97.2699966430664,98.88999938964844,98.40766143798828,5848300
2024-07-23,98.55999755859375,100.25,98.26000213623047,99.76000213623047,99.27342987060547,6722200
2024-07-24,98.9800033569336,100.16999816894531,98.77999877929688,99.04000091552734,98.55694580078125,6088100
2024-07-25,99.70999908447266,102.55000305175781,99.31999969482422,100.9800033569336,100.48748016357422,12543100
2024-07-26,102.0,103.08000183105469,100.95999908447266,101.54000091552734,101.04475402832031,8299100
2024-07-29,101.5,101.9000015258789,99.54000091552734,100.2699966430664,99.78093719482422,7364400
2024-07-30,100.5,101.06999969482422,98.30999755859375,98.98999786376953,98.50718688964844,6956000
2024-07-31,99.37000274658203,101.2300033569336,98.18000030517578,99.05999755859375,98.57685089111328,9550400
2024-08-01,99.52999877929688,100.37000274658203,98.20999908447266,98.66999816894531,98.1887435913086,8222800
2024-08-02,96.08000183105469,96.86000061035156,94.62000274658203,96.47000122070312,95.99946594238281,15611200
2024-08-05,91.0,94.5999984741211,91.0,93.43000030517578,92.97430419921875,15788200
2024-08-06,94.20999908447266,96.16000366210938,92.95999908447266,94.44000244140625,93.97937774658203,9591600
2024-08-07,96.06999969482422,96.06999969482422,92.12000274658203,92.36000061035156,91.9095230102539,10704300
2024-08-08,92.95999908447266,95.12000274658203,92.47000122070312,95.0,94.53665161132812,7419000
2024-08-09,95.38999938964844,96.05999755859375,94.80000305175781,95.54000091552734,95.07402038574219,4384400
2024-08-12,95.63999938964844,96.37000274658203,94.51000213623047,95.80999755859375,95.34269714355469,4766600
2024-08-13,96.12999725341797,97.19000244140625,95.8499984741211,96.94999694824219,96.47714233398438,7230600
2024-08-14,97.19999694824219,97.20999908447266,95.61000061035156,96.08999633789062,95.62132263183594,4798600
2024-08-15,97.31999969482422,98.23999786376953,96.70999908447266,97.70999908447266,97.23343658447266,6346800
2024-08-16,97.69999694824219,98.0999984741211,96.76000213623047,97.7699966430664,97.29312133789062,4717900
2024-08-19,97.68000030517578,100.87999725341797,97.45999908447266,100.8499984741211,100.35810852050781,6426300
2024-08-20,100.61000061035156,101.11000061035156,99.63999938964844,100.83000183105469,100.33821105957031,5546100
2024-08-21,101.0999984741211,102.36000061035156,100.79000091552734,101.81999969482422,101.32337951660156,6482400
2024-08-22,102.08000183105469,102.12000274658203,99.94000244140625,100.13999938964844,99.65157318115234,7016500
2024-08-23,100.62999725341797,102.01000213623047,100.0999984741211,101.51000213623047,101.014892578125,7626600
2024-08-26,102.04000091552734,102.23999786376953,101.27999877929688,101.69999694824219,101.20397186279297,5653000
2024-08-27,101.41000366210938,101.88999938964844,99.87000274658203,101.06999969482422,100.57704162597656,5293600
2024-08-28,100.62000274658203,101.2300033569336,99.98999786376953,100.54000091552734,100.04962158203125,5093000
2024-08-29,101.0,102.4000015258789,100.55000305175781,100.91000366210938,100.41783142089844,5732700
2024-08-30,101.2699966430664,101.86000061035156,99.8499984741211,101.26000213623047,100.76611328125,5282100
2024-09-03,101.0999984741211,102.73999786376953,98.4800033569336,98.66000366210938,98.17880249023438,9086700
2024-09-04,98.29000091552734,99.58000183105469,97.6500015258789,98.5199966430664,98.03947448730469,6944700
2024-09-05,98.68000030517578,98.88999938964844,97.44000244140625,98.08000183105469,97.60161590576172,5735500
2024-09-06,98.37000274658203,98.91000366210938,95.43000030517578,96.5199966430664,96.04923248291016,8019300
2024-09-09,97.02999877929688,98.63999938964844,96.81999969482422,97.88999938964844,97.41255950927734,5876800
2024-09-10,97.87999725341797,98.25,96.66999816894531,98.0999984741211,97.62152862548828,4635900
2024-09-11,97.87000274658203,99.12999725341797,96.95999908447266,98.9000015258789,98.4176254272461,5267400
2024-09-12,98.87999725341797,99.69999694824219,97.95999908447266,99.05999755859375,98.57685089111328,5702200
2024-09-13,99.4000015258789,101.4000015258789,99.2699966430664,101.20999908447266,100.71636199951172,6389100
2024-09-16,101.55999755859375,101.94999694824219,100.51000213623047,101.27999877929688,100.7860107421875,7126900
2024-09-17,101.41999816894531,102.44999694824219,100.37999725341797,100.94999694824219,100.45762634277344,9199300
2024-09-18,101.01000213623047,102.97000122070312,100.33000183105469,100.80999755859375,100.31831359863281,11433200
2024-09-19,102.69000244140625,103.5199966430664,101.8499984741211,102.43000030517578,101.93041229248047,13107200
2024-09-20,102.20999908447266,102.36000061035156,100.98999786376953,101.61000061035156,101.11441040039062,7655300
2024-09-23,101.75,102.12999725341797,99.06999969482422,99.19000244140625,98.72079467773438,9997200
2024-09-24,99.27999877929688,99.44999694824219,97.7699966430664,98.70999908447266,98.24304962158203,7906800
2024-09-25,98.9000015258789,99.19999694824219,97.66000366210938,97.75,97.28760528564453,8469500
2024-09-26,98.62000274658203,99.11000061035156,97.41999816894531,98.19000244140625,97.72550964355469,6764900
2024-09-27,98.80000305175781,99.3499984741211,98.25,98.43000030517578,97.96437072753906,6116200
2024-09-30,98.0999984741211,99.6500015258789,97.7699966430664,98.80000305175781,98.33263397216797,6828900
2024-10-01,98.61000061035156,98.79000091552734,96.6500015258789,97.97000122070312,97.50656127929688,11106900
2024-10-02,97.36000061035156,98.26000213623047,96.52999877929688,98.08999633789062,97.62598419189453,8488100
2024-10-03,97.5199966430664,98.08999633789062,96.5199966430664,96.63999938964844,96.18285369873047,5961100
2024-10-04,97.61000061035156,98.02999877929688,96.66999816894531,97.51000213623047,97.04873657226562,5972400
2024-10-07,97.87000274658203,97.93000030517578,95.91999816894531,96.33000183105469,95.87431335449219,5678800
2024-10-08,96.69999694824219,97.76000213623047,96.0999984741211,97.0999984741211,96.64067077636719,5414700
2024-10-09,97.05999755859375,97.1500015258789,95.9800033569336,96.30999755859375,95.85440063476562,6049400
2024-10-10,95.5199966430664,96.2300033569336,95.08000183105469,96.22000122070312,95.76483917236328,6752900
2024-10-11,96.22000122070312,98.79000091552734,95.81999969482422,98.68000030517578,98.21319580078125,7486100
2024-10-14,98.27999877929688,99.22000122070312,98.0,99.06999969482422,98.60135650634766,5538500
2024-10-15,99.02999877929688,99.94999694824219,98.2699966430664,99.30999755859375,98.84022521972656,7379400
2024-10-16,99.44999694824219,100.55999755859375,99.05000305175781,100.25,99.77577209472656,6478800
2024-10-17,100.2300033569336,100.54000091552734,99.2699966430664,99.30000305175781,98.83027648925781,8155300
2024-10-18,99.5199966430664,100.16999816894531,99.13999938964844,99.83000183105469,99.35775756835938,4477200
2024-10-21,99.41999816894531,99.70999908447266,97.6500015258789,98.1500015258789,97.68570709228516,6895300
2024-10-22,97.69000244140625,98.4000015258789,97.45999908447266,98.2699966430664,97.80513763427734,5222200
2024-10-23,97.87000274658203,98.2699966430664,96.11000061035156,96.66999816894531,96.21271514892578,8293600
2024-10-24,97.13999938964844,98.23999786376953,96.87999725341797,97.25,96.78996276855469,4408300
2024-10-25,97.62999725341797,98.8499984741211,97.12000274658203,97.1500015258789,96.69043731689453,6256100
2024-10-28,98.08000183105469,99.51000213623047,97.87000274658203,98.48999786376953,98.02409362792969,6178200
2024-10-29,98.4000015258789,98.70999908447266,97.63999938964844,98.55999755859375,98.09376525878906,6183700
2024-10-30,98.25,99.45999908447266,97.9800033569336,98.41999816894531,97.95442962646484,4733100
2024-10-31,97.93000030517578,98.12000274658203,96.83999633789062,97.02999877929688,96.57099914550781,8177800
2024-11-01,97.58999633789062,99.30000305175781,97.3499984741211,99.2699966430664,98.80040740966797,6877500
2024-11-04,98.83999633789062,100.06999969482422,97.88999938964844,99.22000122070312,98.75065612792969,6426700
2024-11-05,98.70999908447266,100.62999725341797,98.19999694824219,100.62000274658203,100.14402770996094,7170600
2024-11-06,103.27999877929688,103.30999755859375,100.75,102.44000244140625,101.95541381835938,17003400
2024-11-07,103.0,103.88999938964844,102.54000091552734,103.01000213623047,102.52272033691406,8157100
2024-11-08,102.87999725341797,104.2300033569336,102.55999755859375,104.18000030517578,103.68717956542969,9431100
2024-11-11,104.79000091552734,105.47000122070312,103.3499984741211,103.52999877929688,103.04025268554688,10158900
2024-11-12,102.44000244140625,103.16999816894531,100.38999938964844,100.51000213623047,100.03453826904297,9782700
2024-11-13,101.47000122070312,102.43000030517578,100.0,100.01000213623047,99.53691101074219,8092400
2024-11-14,99.7699966430664,100.16999816894531,96.87000274658203,96.95999908447266,96.5013427734375,15029400
2024-11-15,96.91000366210938,96.91000366210938,91.63999938964844,91.83000183105469,91.3956069946289,30310200
2024-11-18,92.13999938964844,92.73999786376953,91.08000183105469,91.95999908447266,91.52498626708984,12508300
2024-11-19,91.23999786376953,93.20999908447266,90.66999816894531,93.16999816894531,92.72925567626953,12751900
2024-11-20,93.37999725341797,94.16999816894531,92.4000015258789,94.01000213623047,93.56529998779297,10534700
2024-11-21,94.11000061035156,95.44000244140625,92.73999786376953,94.30000305175781,93.85391998291016,11717000
2024-11-22,94.77999877929688,96.61000061035156,94.16000366210938,96.23999786376953,95.78473663330078,9684700
2024-11-25,97.62999725341797,99.02999877929688,97.52999877929688,97.62999725341797,97.16815948486328,13456000
2024-11-26,97.80000305175781,98.91999816894531,96.94000244140625,98.8499984741211,98.38239288330078,8258500
2024-11-27,99.08000183105469,100.19999694824219,98.69999694824219,100.0,99.52696228027344,7695300
2024-11-29,99.77999877929688,100.23999786376953,99.23999786376953,99.62000274658203,99.14875793457031,4062400
2024-12-02,99.29000091552734,99.63999938964844,98.54000091552734,99.30999755859375,98.84022521972656,13563200
2024-12-03,99.04000091552734,99.33000183105469,97.56999969482422,97.69000244140625,97.2278823852539,6550000
2024-12-04,97.69000244140625,99.58999633789062,97.30999755859375,98.79000091552734,98.32267761230469,7246400
2024-12-05,98.08000183105469,98.70999908447266,97.0,97.33000183105469,96.86958312988281,8467600
2024-12-06,97.81999969482422,99.7300033569336,97.62999725341797,99.13999938964844,98.67101287841797,6493000
2024-12-09,99.22000122070312,99.91000366210938,98.04000091552734,98.23999786376953,97.77528381347656,6341100
2024-12-10,98.41000366210938,98.61000061035156,97.0999984741211,97.41999816894531,96.95916748046875,5465700
2024-12-11,97.66999816894531,97.97000122070312,96.41000366210938,96.97000122070312,96.51128387451172,5788300
2024-12-12,96.18000030517578,96.70999908447266,94.1500015258789,94.19999694824219,93.75438690185547,9518000
2024-12-13,93.97000122070312,94.47000122070312,92.63999938964844,93.4000015258789,92.95818328857422,12305400
2024-12-16,93.4000015258789,95.5199966430664,92.94000244140625,94.76000213623047,94.3117446899414,8476200
2024-12-17,93.9800033569336,95.30000305175781,93.94999694824219,94.58999633789062,94.14253234863281,5638800
2024-12-18,94.54000091552734,94.69999694824219,89.01000213623047,89.93000030517578,89.50458526611328,16072700
2024-12-19,90.02999877929688,90.45999908447266,88.62999725341797,89.80999755859375,89.3851547241211,11752200
2024-12-20,89.37000274658203,91.97000122070312,89.33999633789062,91.27999877929688,90.84819793701172,10338000
2024-12-23,91.27999877929688,91.94999694824219,90.36000061035156,91.88999938964844,91.45832061767578,7620200
2024-12-24,91.94000244140625,92.0999984741211,90.9000015258789,91.9800033569336,91.54789733886719,3540600
2024-12-26,91.30999755859375,92.8499984741211,91.0199966430664,92.6500015258789,92.21475982666016,5601100
2024-12-27,91.94999694824219,92.8499984741211,90.55999755859375,91.3499984741211,90.92086029052734,8741800
2024-12-30,90.43000030517578,90.61000061035156,89.37999725341797,89.88999938964844,89.46771240234375,6641000
2024-12-31,90.38999938964844,91.06999969482422,89.37000274658203,90.05999755859375,89.63691711425781,6817100
2025-01-02,90.94999694824219,92.5,90.5999984741211,91.52999877929688,91.10000610351562,8207900
2025-01-03,91.69000244140625,92.80999755859375,91.63999938964844,92.41000366210938,91.97589111328125,5857000
2025-01-06,92.5999984741211,93.2300033569336,92.01000213623047,92.20999908447266,91.77681732177734,5169300
2025-01-07,92.55000305175781,94.4000015258789,92.41999816894531,92.87000274658203,92.43372344970703,9850200
2025-01-08,93.0,93.1500015258789,91.58000183105469,92.30999755859375,91.87635040283203,7529900
2025-01-10,90.41999816894531,90.58999633789062,88.83999633789062,89.44000244140625,89.01983642578125,12953300
2025-01-13,88.5,89.19000244140625,86.70999908447266,89.12999725341797,88.7112808227539,13193300
2025-01-14,89.91999816894531,89.91999816894531,86.4000015258789,86.66000366210938,86.25289154052734,13113500
2025-01-15,88.69999694824219,89.61000061035156,87.58999633789062,88.55000305175781,88.13402557373047,13214800
2025-01-16,88.7300033569336,88.83999633789062,87.33000183105469,87.88999938964844,87.47711944580078,6917100
2025-01-17,88.6500015258789,88.86000061035156,87.8499984741211,87.97000122070312,87.55673217773438,7383900
2025-01-21,88.68000030517578,90.6500015258789,88.68000030517578,90.51000213623047,90.0848159790039,8509700
2025-01-22,90.5199966430664,91.5999984741211,90.27999877929688,91.20999908447266,90.7815170288086,8844900
2025-01-23,90.87000274658203,93.2300033569336,89.91999816894531,92.9800033569336,92.54319763183594,9747100
2025-01-24,92.8499984741211,93.58999633789062,91.75,92.45999908447266,92.02564239501953,9262800
2025-01-27,92.02999877929688,94.43000030517578,92.01000213623047,92.61000061035156,92.17493438720703,10946600
2025-01-28,92.76000213623047,93.62000274658203,92.05000305175781,93.18000030517578,92.74226379394531,9152700
2025-01-29,92.69000244140625,93.80000305175781,91.87999725341797,92.58000183105469,92.14508056640625,9893700
2025-01-30,93.18000030517578,94.3499984741211,92.56999969482422,93.54000091552734,93.10057067871094,8348000
2025-01-31,93.87000274658203,94.79000091552734,92.36000061035156,92.66999816894531,92.23465728759766,7842300
2025-02-03,90.58000183105469,92.54000091552734,90.45999908447266,91.41999816894531,90.99052429199219,9024300
2025-02-04,91.19999694824219,93.19000244140625,91.06999969482422,92.56999969482422,92.1351318359375,8870600
2025-02-05,92.94999694824219,94.9000015258789,92.87999725341797,94.69999694824219,94.25511932373047,8222900
2025-02-06,94.58999633789062,94.68000030517578,93.27999877929688,93.37000274658203,92.93138122558594,6611300
2025-02-07,92.93000030517578,93.5999984741211,90.95999908447266,91.23999786376953,90.8113784790039,11884700
2025-02-10,91.83999633789062,91.83999633789062,90.11000061035156,90.33999633789062,89.91560363769531,8979600
2025-02-11,89.43000030517578,89.66000366210938,88.55000305175781,89.05000305175781,88.63166046142578,8781400
2025-02-12,88.05999755859375,90.0199966430664,87.9000015258789,89.97000122070312,89.5473403930664,10824600
2025-02-13,90.29000091552734,90.9000015258789,89.19000244140625,90.7699966430664,90.34358215332031,7275300
2025-02-14,91.23999786376953,92.62000274658203,90.66999816894531,91.41000366210938,90.98058319091797,10421300
2025-02-18,91.83999633789062,93.12000274658203,90.97000122070312,91.33000183105469,90.90095520019531,9041200
2025-02-19,91.0999984741211,92.72000122070312,91.02999877929688,92.52999877929688,92.0953140258789,8159900
2025-02-20,92.51000213623047,92.88999938964844,91.4800033569336,92.72000122070312,92.284423828125,6885800
2025-02-21,93.5,93.86000061035156,91.54000091552734,91.69999694824219,91.26921081542969,8783400
2025-02-24,91.44000244140625,91.63999938964844,89.73999786376953,90.11000061035156,89.68667602539062,8647800
2025-02-25,89.9800033569336,90.13999938964844,87.68000030517578,88.69000244140625,88.27336120605469,10912700
2025-02-26,88.94000244140625,89.83000183105469,87.83999633789062,88.25,87.83541870117188,7271500
2025-02-27,88.30999755859375,89.73999786376953,87.04000091552734,87.0999984741211,86.69082641601562,8172700
2025-02-28,86.5,88.91000366210938,86.22000122070312,88.70999908447266,88.29326629638672,7942700
2025-03-03,88.73999786376953,89.37000274658203,85.12999725341797,85.5999984741211,85.19786071777344,9620900
2025-03-04,84.77999877929688,87.0,84.06999969482422,86.12999725341797,85.72537994384766,14202800
2025-03-05,86.3499984741211,87.88999938964844,85.81999969482422,87.81999969482422,87.4074478149414,10911900
2025-03-06,86.45999908447266,88.2699966430664,86.2699966430664,87.05999755859375,86.65100860595703,9153000
2025-03-07,86.77999877929688,88.44000244140625,86.05999755859375,87.30000305175781,86.88988494873047,9490700
2025-03-10,86.2300033569336,87.5,85.48999786376953,86.23999786376953,85.8348617553711,10803100
2025-03-11,85.81999969482422,86.95999908447266,84.19000244140625,86.16999816894531,85.76519012451172,10649500
2025-03-12,86.77999877929688,87.7300033569336,86.3499984741211,87.1500015258789,86.74058532714844,7704900
2025-03-13,87.05000305175781,88.20999908447266,85.44000244140625,85.97000122070312,85.56613159179688,6373000
2025-03-14,86.69000244140625,87.62000274658203,86.48999786376953,87.12999725341797,86.72067260742188,6390100
2025-03-17,86.7699966430664,88.86000061035156,86.38999938964844,88.29000091552734,87.87522888183594,6338900
2025-03-18,87.2699966430664,87.30999755859375,85.76000213623047,86.16999816894531,85.76519012451172,7291700
2025-03-19,85.98999786376953,87.75,85.88999938964844,87.45999908447266,87.04914093017578,5806300
2025-03-20,86.6500015258789,88.12999725341797,86.54000091552734,86.58999633789062,86.18321990966797,6743300
2025-03-21,86.19000244140625,87.51000213623047,85.75,87.12000274658203,86.71073150634766,6513900
2025-03-24,87.77999877929688,88.97000122070312,87.66999816894531,88.81999969482422,88.40782165527344,5032300
2025-03-25,88.83000183105469,88.91999816894531,86.33999633789062,87.08000183105469,86.6759033203125,7040000
2025-03-26,86.9800033569336,87.08000183105469,84.75,85.08000183105469,84.68517303466797,8225500
2025-03-27,85.33999633789062,86.18000030517578,85.08999633789062,85.52999877929688,85.1330795288086,6493600
2025-03-28,85.4000015258789,85.51000213623047,83.97000122070312,84.4000015258789,84.00833892822266,7003100
2025-03-31,81.51000213623047,81.66000366210938,79.33000183105469,81.0999984741211,80.72364044189453,16660900
2025-04-01,80.86000061035156,81.04000091552734,77.87000274658203,78.16000366210938,77.79727935791016,17353200
2025-04-02,77.70999908447266,80.87000274658203,77.33999633789062,80.58999633789062,80.21600341796875,14091000
2025-04-03,78.19999694824219,79.30000305175781,77.5199966430664,78.13999938964844,77.77737426757812,10860200
2025-04-04,76.43000030517578,77.11000061035156,73.25,73.66000366210938,73.31816864013672,23865800
2025-04-07,71.0,75.86000061035156,69.23999786376953,72.98999786376953,72.65128326416016,23621800
2025-04-08,75.1500015258789,75.47000122070312,68.87999725341797,69.80000305175781,69.47608184814453,21546100
2025-04-09,68.05000305175781,75.95999908447266,66.66000366210938,74.87999725341797,74.53250885009766,36123800
2025-04-10,72.7699966430664,73.25,68.63999938964844,71.61000061035156,71.27767944335938,23889300
2025-04-11,71.58999633789062,74.37999725341797,71.06999969482422,74.33000183105469,73.98506927490234,16114000
2025-04-14,76.0,76.94000244140625,74.36000061035156,76.54000091552734,76.18480682373047,13241500
2025-04-15,76.41000366210938,77.55999755859375,75.58999633789062,76.54000091552734,76.18480682373047,8744300
2025-04-16,76.08999633789062,76.23999786376953,73.94000244140625,75.12999725341797,74.7813491821289,9355000
2025-04-17,74.88999938964844,76.16000366210938,74.56999969482422,75.93000030517578,75.57763671875,10436500
2025-04-21,75.18000030517578,77.31999969482422,74.66999816894531,75.51000213623047,75.15959167480469,11913700
2025-04-22,76.51000213623047,77.81999969482422,76.38999938964844,77.63999938964844,77.27970123291016,14041800
2025-04-23,79.69000244140625,81.16999816894531,79.0199966430664,79.0999984741211,78.73292541503906,14631300
2025-04-24,79.4000015258789,80.93000030517578,78.6500015258789,80.88999938964844,80.5146255493164,11296500
2025-04-25,80.12000274658203,80.70999908447266,79.2699966430664,80.25,79.8775863647461,8244700
2025-04-28,80.72000122070312,82.11000061035156,80.33999633789062,81.37000274658203,80.99238586425781,6974300
2025-04-29,80.98999786376953,82.36000061035156,80.41000366210938,81.87999725341797,81.5000228881836,9301500
2025-04-30,81.0999984741211,83.25,80.87999725341797,82.94999694824219,82.56505584716797,9587200
2025-05-01,82.94999694824219,83.5,80.93000030517578,82.5,82.11714935302734,9292300
2025-05-02,83.5,84.23999786376953,83.25,83.5,83.11251068115234,9684600
2025-05-05,83.19000244140625,83.37999725341797,82.05000305175781,82.6500015258789,82.26644897460938,6374300
2025-05-06,81.8499984741211,81.93000030517578,77.08000183105469,77.16999816894531,76.81187438964844,32491300
2025-05-07,77.5999984741211,77.88999938964844,76.55999755859375,77.3499984741211,76.99104309082031,12918800
2025-05-08,77.05999755859375,79.27999877929688,75.68000030517578,78.04000091552734,77.67784881591797,16479300
2025-05-09,78.1500015258789,79.55000305175781,76.30000305175781,76.38999938964844,76.0354995727539,11445300
2025-05-12,78.05000305175781,80.06999969482422,77.86000061035156,79.44999694824219,79.081298828125,19550400
2025-05-13,79.27999877929688,79.44000244140625,77.19999694824219,77.55000305175781,77.19012451171875,15782000
2025-05-14,77.62000274658203,78.45999908447266,75.9000015258789,76.37000274658203,76.01559448242188,13920500
2025-05-15,76.36000061035156,77.66000366210938,75.70999908447266,77.58000183105469,77.21998596191406,11089500
2025-05-16,77.87000274658203,79.18000030517578,77.33000183105469,79.0199966430664,78.6532974243164,10103000
2025-05-19,78.16000366210938,79.87000274658203,78.1500015258789,79.72000122070312,79.35005187988281,7045500
2025-05-20,79.66999816894531,81.69999694824219,79.33000183105469,81.4000015258789,81.02224731445312,13967400
2025-05-21,80.48999786376953,81.36000061035156,78.80000305175781,79.33000183105469,78.96185302734375,13135900
2025-05-22,78.9800033569336,79.7699966430664,78.45999908447266,79.25,78.8822250366211,7778900
2025-05-23,78.05000305175781,79.27999877929688,78.0,79.04000091552734,78.67320251464844,6078200
2025-05-27,79.95999908447266,80.25,79.04000091552734,79.30000305175781,78.93199920654297,15176400
2025-05-28,79.55000305175781,79.9800033569336,78.69999694824219,78.7699966430664,78.40444946289062,8407900
2025-05-29,79.30000305175781,80.58000183105469,78.27999877929688,80.45999908447266,80.08662414550781,8963700
2025-05-30,79.62999725341797,79.79000091552734,78.05999755859375,79.19000244140625,78.822509765625,15780500
2025-06-02,80.19999694824219,81.7300033569336,79.48999786376953,81.23999786376953,80.86299133300781,13023100
2025-06-03,81.47000122070312,82.83000183105469,80.5,82.33999633789062,81.9578857421875,12771400
2025-06-04,82.4000015258789,83.41999816894531,82.22000122070312,82.4800033569336,82.09724426269531,8291000
2025-06-05,82.33999633789062,83.33000183105469,81.41999816894531,82.55999755859375,82.17686462402344,8085900
2025-06-06,83.22000122070312,84.44999694824219,83.22000122070312,84.26000213623047,83.86898040771484,10003500
2025-06-09,85.04000091552734,85.37000274658203,83.41000366210938,84.2699966430664,83.8789291381836,11540800
2025-06-10,84.69000244140625,85.95999908447266,84.33999633789062,85.27999877929688,84.88424682617188,12066900
2025-06-11,85.79000091552734,85.94000244140625,84.30999755859375,84.37000274658203,83.97847747802734,12058300
2025-06-12,83.91000366210938,84.76000213623047,83.48999786376953,84.36000061035156,83.96851348876953,8451100
2025-06-13,82.91999816894531,84.19999694824219,82.77999877929688,83.5999984741211,83.21204376220703,11206500
2025-06-16,83.70999908447266,83.91999816894531,82.38999938964844,83.37000274658203,82.98310852050781,9199000
2025-06-17,82.83000183105469,83.55000305175781,82.01000213623047,82.0999984741211,81.71900177001953,11632800
2025-06-18,82.30999755859375,83.41999816894531,81.5199966430664,82.66000366210938,82.27641296386719,9008100
2025-06-20,83.11000061035156,83.29000091552734,81.69000244140625,82.37999725341797,81.9977035522461,8489200
2025-06-23,82.5,82.83999633789062,80.9000015258789,82.2699966430664,81.89517211914062,11661300
2025-06-24,82.9800033569336,84.16999816894531,82.36000061035156,83.81999969482422,83.4381103515625,9675700
2025-06-25,83.79000091552734,83.8499984741211,82.4800033569336,83.2699966430664,82.89061737060547,7246400
2025-06-26,83.45999908447266,83.91999816894531,82.80999755859375,83.68000030517578,83.29875183105469,9316800
2025-06-27,83.5999984741211,84.12999725341797,82.52999877929688,83.01000213623047,82.63179779052734,11032700
2025-06-30,83.26000213623047,83.75,82.69000244140625,82.93000030517578,82.55216217041016,8503400
2025-07-01,82.45999908447266,84.87000274658203,82.04000091552734,83.08000183105469,82.70148468017578,11537600
2025-07-02,83.0,85.2699966430664,82.70999908447266,84.79000091552734,84.40369415283203,10887400
2025-07-03,85.01000213623047,85.45999908447266,84.41999816894531,85.23999786376953,84.85163879394531,4956000
2025-07-07,84.87000274658203,85.12999725341797,83.0199966430664,83.58000183105469,83.19920349121094,8494300
2025-07-08,83.69999694824219,85.36000061035156,83.44999694824219,84.70999908447266,84.32405853271484,9617300
2025-07-09,85.63999938964844,87.91000366210938,85.54000091552734,87.87000274658203,87.46966552734375,14875400
2025-07-10,87.87000274658203,88.61000061035156,87.04000091552734,88.37999725341797,87.97734069824219,9903200
2025-07-11,87.58000183105469,87.91000366210938,86.69999694824219,87.0199966430664,86.62352752685547,7716800
2025-07-14,86.83000183105469,88.55000305175781,86.73999786376953,88.2699966430664,87.86783599853516,6410900
2025-07-15,88.69999694824219,88.7300033569336,85.69000244140625,85.91000366210938,85.51860046386719,12109600
2025-07-16,86.47000122070312,87.88999938964844,86.44000244140625,87.81999969482422,87.41989135742188,13045500
2025-07-17,87.91999816894531,88.73999786376953,87.69999694824219,88.12000274658203,87.71852111816406,8903900
2025-07-18,88.2699966430664,89.05999755859375,86.08000183105469,86.2699966430664,85.87694549560547,14199700
2025-07-21,86.4800033569336,87.54000091552734,85.66000366210938,85.87000274658203,85.47877502441406,9134900
2025-07-22,85.68000030517578,86.83999633789062,85.5,86.7300033569336,86.3348617553711,8446500
2025-07-23,87.62000274658203,88.70999908447266,86.83999633789062,88.22000122070312,87.81806945800781,12211700
2025-07-24,88.2699966430664,88.55999755859375,87.26000213623047,87.48999786376953,87.09138488769531,10815700
2025-07-25,87.56999969482422,87.87000274658203,86.7300033569336,87.61000061035156,87.21084594726562,9111500
2025-07-28,87.69000244140625,88.18000030517578,86.06999969482422,86.56999969482422,86.17558288574219,12818500
2025-07-29,86.6500015258789,86.81999969482422,85.44000244140625,85.83999633789062,85.44890594482422,11511500
2025-07-30,86.88999938964844,87.80999755859375,85.70999908447266,86.23999786376953,85.84707641601562,11644000
2025-07-31,86.0999984741211,87.47000122070312,85.33000183105469,85.66000366210938,85.26973724365234,11802100
2025-08-01,84.83000183105469,86.04000091552734,84.38999938964844,85.93000030517578,85.53849792480469,9334100
2025-08-04,85.91000366210938,86.95999908447266,84.97000122070312,86.81999969482422,86.42444610595703,7662100
2025-08-05,86.52999877929688,87.41999816894531,85.66000366210938,86.8499984741211,86.45430755615234,8943700
2025-08-06,86.18000030517578,86.37999725341797,84.9800033569336,86.12999725341797,85.73757934570312,11585000
2025-08-07,85.7300033569336,85.88999938964844,84.5199966430664,85.31999969482422,84.9312744140625,9802700
2025-08-08,85.41999816894531,85.95999908447266,85.04000091552734,85.43000030517578,85.04077911376953,6667100
2025-08-11,85.01000213623047,85.97000122070312,84.80999755859375,85.16000366210938,84.77201080322266,6216000
2025-08-12,85.4800033569336,87.04000091552734,85.37000274658203,86.91999816894531,86.52398681640625,9684500
2025-08-13,87.4800033569336,89.80000305175781,87.2699966430664,89.5199966430664,89.11214447021484,14986100
2025-08-14,88.48999786376953,89.9000015258789,88.47000122070312,89.56999969482422,89.16191864013672,11579800
2025-08-15,89.7699966430664,90.73999786376953,89.5,90.68000030517578,90.2668685913086,10672400
2025-08-18,90.5999984741211,91.33999633789062,90.12000274658203,90.20999908447266,89.79900360107422,6353200
2025-08-19,89.66999816894531,89.76000213623047,88.5999984741211,88.80000305175781,88.39542388916016,8271800
2025-08-20,88.55000305175781,89.37000274658203,88.18000030517578,89.22000122070312,88.81352233886719,7956400
2025-08-21,88.61000061035156,90.02999877929688,88.2300033569336,89.91999816894531,89.51032257080078,8439100
2025-08-22,90.29000091552734,91.9800033569336,89.95999908447266,90.91999816894531,90.50576782226562,9891300
2025-08-25,90.87999725341797,91.18000030517578,88.5999984741211,88.79000091552734,88.38546752929688,8513200
2025-08-26,89.06999969482422,89.94999694824219,88.70999908447266,89.9000015258789,89.49041748046875,6180600
2025-08-27,89.79000091552734,90.4800033569336,89.63999938964844,90.29000091552734,89.87863159179688,5737100
2025-08-28,90.37999725341797,91.12999725341797,90.02999877929688,90.29000091552734,89.87863159179688,4462900
2025-08-29,90.23999786376953,90.68000030517578,89.33000183105469,89.8499984741211,89.44063568115234,5049800
2025-09-02,91.29000091552734,93.51000213623047,91.0999984741211,92.87999725341797,92.45684051513672,14515200
2025-09-03,93.06999969482422,94.86000061035156,92.61000061035156,93.6500015258789,93.22332763671875,9128600
2025-09-04,93.58999633789062,93.97000122070312,92.48999786376953,93.47000122070312,93.04415130615234,7801200
2025-09-05,93.72000122070312,95.6500015258789,93.69999694824219,95.47000122070312,95.0350341796875,13163100
2025-09-08,94.9800033569336,95.08000183105469,93.80000305175781,94.43000030517578,93.9997787475586,10459300
2025-09-09,94.4000015258789,94.98999786376953,93.66000366210938,94.9800033569336,94.54727172851562,6725100
2025-09-10,95.16999816894531,95.29000091552734,93.5,93.9000015258789,93.4721908569336,10477300
2025-09-11,93.98999786376953,95.73999786376953,93.80999755859375,95.69999694824219,95.26398468017578,7953900
2025-09-12,95.41999816894531,95.6500015258789,94.08999633789062,94.12000274658203,93.69119262695312,9366000
2025-09-15,94.08000183105469,94.44999694824219,92.63999938964844,93.43000030517578,93.00432586669922,9160400
2025-09-16,93.52999877929688,94.12999725341797,93.26000213623047,93.73999786376953,93.31291198730469,6439800
2025-09-17,94.05999755859375,95.80999755859375,93.48999786376953,93.7699966430664,93.34278106689453,15125300
2025-09-18,94.79000091552734,96.7300033569336,94.70999908447266,96.68000030517578,96.2395248413086,9284900
2025-09-19,96.98999786376953,97.04000091552734,95.37000274658203,95.5999984741211,95.16443634033203,7144100
2025-09-22,95.98999786376953,97.66000366210938,95.33999633789062,97.30000305175781,96.8840560913086,11373600
2025-09-23,97.08999633789062,97.75,96.62000274658203,96.7699966430664,96.35631561279297,7122400
2025-09-24,97.26000213623047,98.06999969482422,96.9800033569336,97.44000244140625,97.0234603881836,9202600
2025-09-25,96.75,96.9800033569336,95.73999786376953,95.86000061035156,95.4502182006836,9148300
2025-09-26,96.27999877929688,98.0,95.86000061035156,97.94999694824219,97.5312728881836,12363300
2025-09-29,98.33000183105469,99.48999786376953,98.01000213623047,99.4000015258789,98.97508239746094,9957300
2025-09-30,99.41999816894531,100.52999877929688,98.87000274658203,100.19999694824219,99.77165985107422,12913900
2025-10-01,100.11000061035156,102.1500015258789,100.11000061035156,101.38999938964844,100.95657348632812,9736200
2025-10-02,101.63999938964844,102.5999984741211,101.01000213623047,102.58999633789062,102.15144348144531,8601200
2025-10-03,102.98999786376953,104.0999984741211,102.79000091552734,103.5999984741211,103.1571273803711,12886500
2025-10-06,104.12000274658203,104.51000213623047,103.44999694824219,103.63999938964844,103.19695281982422,7956100
2025-10-07,103.86000061035156,104.05000305175781,102.55000305175781,103.68000030517578,103.23678588867188,6746400
2025-10-08,104.30000305175781,106.52999877929688,103.73999786376953,105.44000244140625,104.98926544189453,11850000
2025-10-09,105.86000061035156,107.26000213623047,105.7699966430664,106.5199966430664,106.06464385986328,12143500
2025-10-10,107.01000213623047,107.08000183105469,104.12999725341797,104.98999786376953,104.54118347167969,16973100
2025-10-13,105.12000274658203,105.86000061035156,104.44999694824219,105.2699966430664,104.81998443603516,10190500
2025-10-14,104.12999725341797,106.01000213623047,103.43000030517578,105.12000274658203,104.67063903808594,7819800
2025-10-15,105.51000213623047,108.62000274658203,105.37000274658203,108.37000274658203,107.90673828125,11955900
2025-10-16,109.69000244140625,110.95999908447266,106.98999786376953,107.91000366210938,107.4487075805664,17515100
2025-10-17,107.5,108.83999633789062,106.5,107.80000305175781,107.33917236328125,9981100
2025-10-20,108.83000183105469,110.54000091552734,108.33999633789062,110.16999816894531,109.69904327392578,8697800
2025-10-21,110.12999725341797,110.54000091552734,109.08000183105469,109.55999755859375,109.0916519165039,6792800
2025-10-22,108.87000274658203,109.55999755859375,106.55999755859375,107.31999969482422,106.8612289428711,10679200
2025-10-23,107.37999725341797,107.88999938964844,106.5,107.55999755859375,107.1001968383789,6341400
2025-10-24,108.75,108.94000244140625,108.05999755859375,108.38999938964844,107.92665100097656,5692700
2025-10-27,110.01000213623047,111.83999633789062,109.88999938964844,111.58999633789062,111.11296844482422,13303700
2025-10-28,111.44999694824219,112.43000030517578,110.81999969482422,112.0,111.5212173461914,9438100
2025-10-29,111.91999816894531,112.61000061035156,110.22000122070312,110.95999908447266,110.48566436767578,8714900
2025-10-30,110.58999633789062,113.20999908447266,110.2300033569336,111.91000366210938,111.43161010742188,9328800
2025-10-31,111.86000061035156,113.01000213623047,110.83999633789062,112.70999908447266,112.22817993164062,11962400
2025-11-03,110.9800033569336,111.93000030517578,107.88999938964844,109.86000061035156,109.39036560058594,15230300
2025-11-04,108.33000183105469,110.19000244140625,108.0,108.04000091552734,107.5781478881836,13665400
2025-11-05,107.58999633789062,109.8499984741211,107.31999969482422,109.20999908447266,108.74314880371094,9127700
2025-11-06,109.2699966430664,110.08000183105469,108.66999816894531,109.29000091552734,108.82279968261719,11352600
2025-11-07,108.33999633789062,108.97000122070312,106.30000305175781,108.95999908447266,108.49421691894531,15136300
2025-11-10,110.27999877929688,111.04000091552734,109.27999877929688,110.08999633789062,109.619384765625,11453400
2025-11-11,109.87999725341797,114.1500015258789,109.52999877929688,114.01000213623047,113.52262878417969,13743200
2025-11-12,113.70999908447266,114.95999908447266,113.37999725341797,114.11000061035156,113.62220001220703,12302600
2025-11-13,113.2300033569336,114.36000061035156,111.87000274658203,111.91000366210938,111.43161010742188,14770400
2025-11-14,111.18000030517578,115.36000061035156,111.11000061035156,114.01000213623047,113.52262878417969,14433900
2025-11-17,113.51000213623047,116.18000030517578,113.05999755859375,114.83000183105469,114.33912658691406,12401800
2025-11-18,113.93000030517578,115.9000015258789,113.25,115.18000030517578,114.68762969970703,9910700
2025-11-19,114.80999755859375,115.5199966430664,113.47000122070312,114.5,114.01053619384766,10309600
2025-11-20,116.1500015258789,117.9000015258789,113.73999786376953,113.83000183105469,113.34339904785156,13951600
2025-11-21,113.81999969482422,117.62999725341797,113.56999969482422,116.6500015258789,116.15133666992188,11618700
2025-11-24,117.20999908447266,119.79000091552734,117.11000061035156,119.58000183105469,119.06881713867188,9908800
2025-11-25,119.83999633789062,121.41000366210938,119.55999755859375,121.37000274658203,120.85116577148438,10532400
2025-11-26,121.55000305175781,123.47000122070312,120.95999908447266,122.8499984741211,122.32483673095703,8946600
2025-11-28,123.02999877929688,123.27999877929688,122.48999786376953,123.16000366210938,122.63351440429688,4255500
2025-12-01,121.8499984741211,121.97000122070312,119.73999786376953,119.8499984741211,119.33765411376953,10987500
2025-12-02,119.80000305175781,120.26000213623047,117.72000122070312,118.45999908447266,117.95359802246094,22047200
2025-12-03,118.76000213623047,121.95999908447266,118.73999786376953,121.83000183105469,121.3092041015625,10792000
2025-12-04,121.22000122070312,123.61000061035156,120.77999877929688,123.25,122.72312927246094,10978100
2025-12-05,123.7699966430664,124.18000030517578,122.69000244140625,123.41000366210938,122.8824462890625,7524500
2025-12-08,125.1500015258789,125.87000274658203,123.41000366210938,123.66000366210938,123.13137817382812,9670300
2025-12-09,123.08000183105469,124.0,121.12999725341797,121.19000244140625,120.67193603515625,9640500
2025-12-10,121.2300033569336,122.63999938964844,120.66000366210938,122.05000305175781,121.52826690673828,9219200
2025-12-11,122.01000213623047,123.75,121.80000305175781,123.0199966430664,122.49410247802734,7018100
2025-12-12,123.01000213623047,123.61000061035156,121.9000015258789,123.12999725341797,122.6036376953125,7792700
2025-12-15,123.41000366210938,124.52999877929688,122.22000122070312,122.83999633789062,122.31487274169922,7533000
2025-12-16,122.19999694824219,122.81999969482422,120.9800033569336,122.01000213623047,121.48843383789062,7972000
2025-12-17,122.19000244140625,122.98999786376953,120.80999755859375,120.94000244140625,120.42300415039062,7928000
2025-12-18,121.11000061035156,122.02999877929688,119.58999633789062,120.01000213623047,119.49697875976562,7083800
2025-12-19,120.73999786376953,124.02999877929688,120.73999786376953,123.43000030517578,122.90235900878906,13016100
2025-12-22,123.31999969482422,126.5,122.91999816894531,125.91000366210938,125.78652954101562,10518300
2025-12-23,125.45999908447266,126.36000061035156,124.68000030517578,124.88999938964844,124.76752471923828,6775100
2025-12-24,125.44000244140625,126.43000030517578,125.08000183105469,126.30000305175781,126.1761474609375,3303100
2025-12-26,125.88999938964844,126.0,124.18000030517578,124.9800033569336,124.85743713378906,5653900
2025-12-29,124.02999877929688,124.41999816894531,123.08999633789062,123.38999938964844,123.26899719238281,7372200
2025-12-30,123.13999938964844,123.37000274658203,121.33999633789062,121.66999816894531,121.5506820678711,7879400
2025-12-31,121.51000213623047,122.80000305175781,120.94999694824219,121.93000030517578,121.8104248046875,7327700
2026-01-02,122.2699966430664,122.55000305175781,120.23999786376953,121.5199966430664,121.40082550048828,8840800
2026-01-05,121.33000183105469,121.73999786376953,118.27999877929688,120.1500015258789,120.03217315673828,11833100
2026-01-06,119.98999786376953,122.19000244140625,119.76000213623047,122.08999633789062,121.97026824951172,8364800
2026-01-07,122.94999694824219,129.1199951171875,122.75,126.43000030517578,126.30601501464844,19350100
2026-01-08,124.87000274658203,125.4800033569336,122.36000061035156,123.70999908447266,123.58867645263672,14907800
2026-01-09,125.19999694824219,126.01000213623047,124.1500015258789,124.5,124.3779067993164,9956800
2026-01-12,123.9800033569336,124.16999816894531,121.55999755859375,123.93000030517578,123.80846405029297,10175000
2026-01-13,123.36000061035156,124.29000091552734,121.87000274658203,123.8499984741211,123.7285385131836,8421700
2026-01-14,123.77999877929688,126.88999938964844,123.45999908447266,126.81999969482422,126.69563293457031,10927700
2026-01-15,126.5,127.22000122070312,124.18000030517578,124.3499984741211,124.2280502319336,10400500
2026-01-16,124.5999984741211,125.68000030517578,123.63999938964844,124.18000030517578,124.05821990966797,9758200
2026-01-20,122.41999816894531,125.41000366210938,121.2699966430664,125.29000091552734,125.16712951660156,10780000
2026-01-21,125.22000122070312,128.2899932861328,124.88999938964844,128.17999267578125,128.05429077148438,8406000
2026-01-22,128.27999877929688,132.08999633789062,128.19000244140625,131.57000732421875,131.44097900390625,9726200
2026-01-23,130.92999267578125,131.6699981689453,127.86000061035156,128.0399932861328,127.9144287109375,11376600
2026-01-26,126.80999755859375,128.49000549316406,125.91000366210938,127.86000061035156,127.73461151123047,6799300
2026-01-27,127.87000274658203,129.92999267578125,127.52999877929688,128.52999877929688,128.40394592285156,6965800
2026-01-28,128.61000061035156,128.7100067138672,125.80000305175781,125.94000244140625,125.81649780273438,8477500
2026-01-29,125.93000030517578,127.3499984741211,125.41000366210938,126.73999786376953,126.61570739746094,6083400
2026-01-30,126.16999816894531,127.13999938964844,123.79000091552734,124.75,124.6276626586914,10206300
2026-02-02,124.05000305175781,127.55000305175781,124.02999877929688,127.3499984741211,127.22511291503906,5748400
2026-02-03,127.29000091552734,129.6999969482422,125.9800033569336,127.6500015258789,127.52481842041016,8920200
2026-02-04,127.87000274658203,128.32000732421875,123.41000366210938,125.29000091552734,125.16712951660156,12029000
2026-02-05,124.2300033569336,126.62000274658203,120.27999877929688,120.72000122070312,120.60161590576172,14456700
2026-02-06,122.8499984741211,125.87000274658203,122.79000091552734,125.51000213623047,125.38691711425781,9603100
2026-02-09,125.19999694824219,126.33999633789062,123.83000183105469,126.11000061035156,125.986328125,5285300
2026-02-10,125.80000305175781,127.05000305175781,125.18000030517578,125.33999633789062,125.21707916259766,5884200
2026-02-11,125.27999877929688,125.56999969482422,121.69000244140625,124.6500015258789,124.52776336669922,7805400
2026-02-12,125.16000366210938,125.61000061035156,122.2300033569336,123.18000030517578,123.0592041015625,6850000
2026-02-13,123.5999984741211,126.0999984741211,122.5,122.86000061035156,122.73951721191406,8805000
2026-02-17,122.69999694824219,125.45999908447266,122.0999984741211,124.62999725341797,124.50777435302734,7777600
2026-02-18,124.11000061035156,126.37000274658203,123.91000366210938,125.5999984741211,125.47682189941406,6237900
2026-02-19,124.75,126.79000091552734,123.43000030517578,126.73999786376953,126.61570739746094,9191400
2026-02-20,124.81999969482422,125.5999984741211,122.94000244140625,124.77999877929688,124.65763092041016,13356300
2026-02-23,125.44000244140625,128.2899932861328,125.13999938964844,126.97000122070312,126.8454818725586,10952000
2026-02-24,127.36000061035156,129.63999938964844,127.11000061035156,129.16000366210938,129.03334045410156,9478000
2026-02-25,129.25,131.17999267578125,128.08999633789062,128.27999877929688,128.15420532226562,9733900
2026-02-26,127.5,127.83000183105469,125.0,127.66999816894531,127.54479217529297,9223800
2026-02-27,126.06999969482422,127.5,125.76000213623047,127.37000274658203,127.2450942993164,5937500
2026-03-02,124.62999725341797,127.30999755859375,124.1500015258789,126.55000305175781,126.42589569091797,9334600
2026-03-03,123.55999755859375,125.30000305175781,121.9800033569336,123.5,123.3788833618164,13501200
2026-03-04,124.44999694824219,127.08999633789062,123.29000091552734,126.41999816894531,126.2960205078125,8470000
2026-03-05,124.7699966430664,125.58000183105469,122.72000122070312,123.9000015258789,123.77849578857422,10130700
2026-03-06,121.7699966430664,124.1500015258789,120.8499984741211,124.0,123.8783950805664,11373300
2026-03-09,124.19999694824219,127.5199966430664,123.5999984741211,127.12000274658203,126.9953384399414,12194300
2026-03-10,126.69000244140625,129.11000061035156,126.69000244140625,127.43000030517578,127.3050308227539,10042000
2026-03-11,126.66999816894531,127.66000366210938,125.41999816894531,126.37999725341797,126.25605773925781,7379400
2026-03-12,124.75,124.8499984741211,121.80999755859375,122.62000274658203,122.499755859375,11524800
2026-03-13,123.43000030517578,124.91000366210938,120.97000122070312,121.83000183105469,121.71052551269531,10405300
2026-03-16,123.30000305175781,124.52999877929688,123.0999984741211,123.91000366210938,123.78849029541016,7354200
2026-03-17,123.81999969482422,125.19000244140625,123.66999816894531,124.19000244140625,124.0682144165039,5898900
2026-03-18,123.19999694824219,123.3499984741211,121.05999755859375,121.11000061035156,120.9912338256836,9336100
2026-03-19,120.29000091552734,123.36000061035156,119.69000244140625,122.33000183105469,122.21003723144531,11717300
2026-03-20,121.69999694824219,123.5199966430664,119.52999877929688,120.30999755859375,120.19200897216797,12186700
2026-03-23,121.8499984741211,123.27999877929688,120.94999694824219,121.69999694824219,121.58065032958984,8366700
2026-03-24,120.26000213623047,120.62999725341797,118.19000244140625,119.54000091552734,119.42276763916016,10280000
2026-03-25,121.23999786376953,125.0,121.0999984741211,123.91999816894531,123.79846954345703,11469100
2026-03-26,122.5199966430664,125.63999938964844,122.5199966430664,123.9000015258789,123.77849578857422,11477100
2026-03-27,123.23999786376953,123.69000244140625,119.51000213623047,119.58999633789062,119.47271728515625,10706300
2026-03-30,119.7300033569336,120.61000061035156,118.27999877929688,118.77999877929688,118.66351318359375,9306200
2026-03-31,122.87999725341797,127.94999694824219,122.73999786376953,127.7300033569336,127.60474395751953,18482500
2026-04-01,128.7899932861328,131.4499969482422,128.02999877929688,128.5500030517578,128.42393493652344,20031500
2026-04-02,125.66000366210938,129.9499969482422,125.56999969482422,128.9600067138672,128.8335418701172,9896100
2026-04-06,129.14999389648438,130.5399932861328,128.66000366210938,128.8000030517578,128.67369079589844,6290400
2026-04-07,127.97000122070312,129.22000122070312,126.37000274658203,128.85000610351562,128.72364807128906,9788800
2026-04-08,132.4199981689453,133.27000427246094,129.7899932861328,130.64999389648438,130.52186584472656,7511800
2026-04-09,129.6999969482422,132.14999389648438,129.5500030517578,131.82000732421875,131.69073486328125,5596600
2026-04-10,132.08999633789062,132.27000427246094,128.75999450683594,129.44000244140625,129.3130645751953,10034300
2026-04-13,130.3000030517578,133.60000610351562,130.19000244140625,132.0500030517578,131.92050170898438,7851900
2026-04-14,133.1999969482422,136.39999389648438,133.02999877929688,135.72000122070312,135.58689880371094,11046900
2026-04-15,136.3699951171875,137.5,134.4499969482422,136.4499969482422,136.31617736816406,8563800
2026-04-16,136.13999938964844,136.6300048828125,134.7100067138672,135.4600067138672,135.32716369628906,6839900
2026-04-17,137.77000427246094,139.19000244140625,137.2100067138672,138.6699981689453,138.5340118408203,10212700
2026-04-20,137.99000549316406,138.6300048828125,137.0,137.7899932861328,137.6548614501953,6034000
2026-04-21,137.97999572753906,138.25,135.7899932861328,136.38999938964844,136.25624084472656,6756500
2026-04-22,137.94000244140625,138.67999267578125,136.47999572753906,137.30999755859375,137.1753387451172,4641000
2026-04-23,136.82000732421875,138.1199951171875,133.58999633789062,134.49000549316406,134.3581085205078,7785000
2026-04-24,134.52999877929688,134.88999938964844,131.97000122070312,133.27999877929688,133.1492919921875,6790700
2026-04-27,133.44000244140625,135.86000061035156,132.6300048828125,133.0399932861328,132.90953063964844,6658700
2026-04-28,132.22999572753906,134.44000244140625,131.07000732421875,131.16000366210938,131.0313720703125,7649700
2026-04-29,130.0500030517578,130.61000061035156,127.76000213623047,128.89999389648438,128.77359008789062,9033100
2026-04-30,129.7899932861328,131.83999633789062,129.32000732421875,131.3300018310547,131.20120239257812,7917900
2026-05-01,130.6199951171875,131.4600067138672,128.99000549316406,130.4199981689453,130.29209899902344,8261100
2026-05-04,129.99000549316406,133.77000427246094,129.8000030517578,133.5,133.36907958984375,8114200
2026-05-05,135.14999389648438,136.3699951171875,131.9600067138672,133.7899932861328,133.65878295898438,8702600
2026-05-06,134.91000366210938,137.9499969482422,134.25,137.67999267578125,137.5449676513672,8468600
2026-05-07,136.8000030517578,137.1699981689453,131.9600067138672,133.66000366210938,133.5289306640625,10692800
2026-05-08,133.8699951171875,135.8800048828125,133.27000427246094,134.7100067138672,134.57789611816406,11783800
2026-05-11,135.24000549316406,138.10000610351562,134.14999389648438,134.75,134.61785888671875,9991800
2026-05-12,134.4199981689453,135.49000549316406,133.25999450683594,134.91000366210938,134.77769470214844,5994100
2026-05-13,134.6199951171875,136.3699951171875,133.69000244140625,135.85000610351562,135.71678161621094,7037200
2026-05-14,136.25999450683594,136.91000366210938,133.5399932861328,134.85000610351562,134.71775817871094,5197100
2026-05-15,133.2100067138672,133.6699981689453,130.3000030517578,130.69000244140625,130.5618438720703,9438200
2026-05-18,130.89999389648438,131.5,126.69999694824219,127.66999816894531,127.54479217529297,8076600
2026-05-19,127.27999877929688,128.1300048828125,125.06999969482422,126.79000091552734,126.66566467285156,12027000
2026-05-20,127.80999755859375,132.07000732421875,127.80999755859375,131.7100067138672,131.58084106445312,10734400
2026-05-21,130.63999938964844,133.42999267578125,129.6699981689453,132.77999877929688,132.6497802734375,6852700
2026-05-22,132.49000549316406,134.2899932861328,131.47000122070312,131.66000366210938,131.5308837890625,6467700
2026-05-26,132.47000122070312,133.67999267578125,131.38999938964844,133.35000610351562,133.21923828125,5928300
2026-05-27,133.6199951171875,136.02999877929688,133.3000030517578,134.4499969482422,134.31814575195312,7576700
2026-05-28,134.22999572753906,136.55999755859375,133.1300048828125,135.99000549316406,135.8566436767578,6861000
2026-05-29,136.47999572753906,137.35000610351562,135.61000061035156,136.69000244140625,136.5559539794922,6734800
2026-06-01,135.6199951171875,135.66000366210938,132.24000549316406,133.6199951171875,133.48895263671875,7929300
2026-06-02,131.5399932861328,131.97000122070312,127.56999969482422,127.76000213623047,127.63471221923828,14202400
2026-06-03,127.56999969482422,129.99000549316406,127.12000274658203,129.8300018310547,129.7026824951172,8097300
2026-06-04,130.44000244140625,134.47999572753906,130.44000244140625,133.4199981689453,133.28915405273438,7324200
2026-06-05,132.77000427246094,133.32000732421875,128.17999267578125,128.6699981689453,128.54380798339844,8408400
2026-06-08,130.2100067138672,131.05999755859375,127.8499984741211,128.42999267578125,128.30404663085938,6472300
2026-06-09,131.1300048828125,132.38999938964844,127.55999755859375,131.3800048828125,131.25115966796875,11868500
2026-06-10,130.44000244140625,133.6199951171875,128.7899932861328,128.85000610351562,128.72364807128906,8127300
2026-06-11,129.13999938964844,133.4199981689453,128.4499969482422,132.74000549316406,132.60983276367188,10176700
2026-06-12,132.97999572753906,135.5399932861328,132.9600067138672,133.7899932861328,133.65878295898438,7822900
2026-06-15,135.75,136.77000427246094,134.5500030517578,136.39999389648438,136.2662353515625,5269900
2026-06-16,136.42999267578125,137.36000061035156,134.1699981689453,135.33999633789062,135.207275390625,6925500
2026-06-17,136.52000427246094,141.82000732421875,136.36000061035156,139.38999938964844,139.2532958984375,17203400
2026-06-18,142.0,143.4600067138672,138.6999969482422,140.72000122070312,140.58200073242188,9569900
2026-06-22,143.52999877929688,146.77000427246094,143.25,145.86000061035156,145.86000061035156,16738700
2026-06-23,144.11000061035156,148.75999450683594,144.11000061035156,147.02999877929688,147.02999877929688,10610000
2026-06-24,147.32000732421875,151.77999877929688,147.32000732421875,149.7100067138672,149.7100067138672,13716000
2026-06-25,149.88999938964844,154.6999969482422,149.88999938964844,151.58999633789062,151.58999633789062,12268600
2026-06-26,151.22999572753906,155.92999267578125,151.1999969482422,155.3800048828125,155.3800048828125,11014400
2026-06-29,155.5,158.3300018310547,154.3699951171875,158.30999755859375,158.30999755859375,12227900
2026-06-30,158.80999755859375,160.00999450683594,157.52000427246094,158.25,158.25,9017700
2026-07-01,157.92999267578125,159.0,156.19000244140625,156.5500030517578,156.5500030517578,7575200
2026-07-02,157.50999450683594,160.82000732421875,156.47999572753906,160.4600067138672,160.4600067138672,9683200
2026-07-06,160.22999572753906,161.55999755859375,158.6699981689453,160.80999755859375,160.80999755859375,7470600
2026-07-07,162.0399932861328,164.35000610351562,159.35000610351562,163.8699951171875,163.8699951171875,9548200
2026-07-08,162.22999572753906,164.13999938964844,159.4600067138672,162.97000122070312,162.97000122070312,10792500
2026-07-09,162.8000030517578,165.7100067138672,162.8000030517578,164.27999877929688,164.27999877929688,7532000
2026-07-10,163.88999938964844,164.22999572753906,156.27000427246094,159.02999877929688,159.02999877929688,12260000
2026-07-13,157.22999572753906,157.2899932861328,153.8699951171875,155.33999633789062,155.33999633789062,11350500
2026-07-14,155.72000122070312,156.32000732421875,153.75,155.4499969482422,155.4499969482422,8187600
2026-07-15,154.25,156.3300018310547,152.89999389648438,156.22000122070312,156.22000122070312,5608900
2026-07-16,155.02000427246094,155.64999389648438,150.92999267578125,152.0,152.0,9850600
2026-07-17,149.57000732421875,155.47000122070312,149.14999389648438,154.25999450683594,154.25999450683594,11572800
2026-07-20,154.63999938964844,156.5399932861328,150.88999938964844,150.94000244140625,150.94000244140625,7797500
2026-07-21,151.02000427246094,154.72000122070312,150.77000427246094,154.5,154.5,7759200
2026-07-22,153.63999938964844,154.75,151.97999572753906,152.11000061035156,152.11000061035156,6301200
2026-07-23,149.99000549316406,153.38999938964844,149.3300018310547,152.22999572753906,152.22999572753906,6647000
2026-07-24,152.77999877929688,153.27999877929688,149.91000366210938,150.47999572753906,150.47999572753906,7387100
2026-07-27,151.75999450683594,154.2100067138672,150.5399932861328,150.58999633789062,150.58999633789062,9321300
2026-07-28,150.5,150.88999938964844,147.14999389648438,149.77999877929688,149.77999877929688,8913700
2026-07-29,149.22999572753906,151.11000061035156,146.6699981689453,147.91000366210938,147.91000366210938,9042200
2026-07-30,148.0,151.83999633789062,146.72000122070312,151.4600067138672,151.4600067138672,6725300
2026-07-31,151.1999969482422,151.77000427246094,146.0,147.00999450683594,147.00999450683594,8044000
2026-08-03,146.97999572753906,148.14999389648438,143.77999877929688,147.30999755859375,147.30999755859375,6719000
2026-08-04,148.77000427246094,152.2100067138672,147.94000244140625,151.8800048828125,151.8800048828125,7841300
2026-08-05,153.1300048828125,155.1199951171875,151.49000549316406,153.00999450683594,153.00999450683594,8973800
2026-08-06,153.9499969482422,156.88999938964844,153.13999938964844,154.5,154.5,8778700
2026-08-07,156.8699951171875,157.85000610351562,154.9600067138672,157.3699951171875,157.3699951171875,8397100
2026-08-10,155.97999572753906,158.5500030517578,155.0,158.02999877929688,158.02999877929688,7454700
2026-08-11,158.5,159.17999267578125,156.7899932861328,158.07000732421875,158.07000732421875,6203700
2026-08-12,158.13999938964844,160.08999633789062,157.19000244140625,159.38999938964844,159.38999938964844,6047300
2026-08-13,160.25,160.6699981689453,156.5500030517578,156.86000061035156,156.86000061035156,7535100
2026-08-14,156.5399932861328,157.77000427246094,154.14999389648438,157.41000366210938,157.41000366210938,6322600
2026-08-17,156.8300018310547,159.86000061035156,155.86000061035156,159.52999877929688,159.52999877929688,6362100
2026-08-18,158.33999633789062,160.60000610351562,157.8800048828125,160.11000061035156,160.11000061035156,6522000
2026-08-19,165.6999969482422,169.67999267578125,164.5,169.5500030517578,169.5500030517578,14090500
2026-08-20,166.66000366210938,167.52999877929688,162.52999877929688,163.3800048828125,163.3800048828125,15031000
2026-08-21,164.60000610351562,167.91000366210938,163.74000549316406,165.72999572753906,165.72999572753906,10010500
2026-08-24,164.99000549316406,165.5500030517578,161.49000549316406,164.1699981689453,164.1699981689453,8522000
2026-08-25,166.17999267578125,169.88999938964844,165.7899932861328,169.10000610351562,169.10000610351562,9899700
2026-08-26,168.0800018310547,169.0500030517578,166.5,168.38999938964844,168.38999938964844,8943200
2026-08-27,167.75999450683594,169.27000427246094,166.8800048828125,168.22999572753906,168.22999572753906,4512300
2026-08-28,166.72000122070312,167.1199951171875,162.16000366210938,162.3800048828125,162.3800048828125,9792600
