date,session,source,price,pcr_vol_near,pcr_oi_near,pcr_vol_all,pcr_oi_all,max_pain_near,max_pain_monthly,atm_iv_near,atm_iv_monthly,term_ratio,iv_skew_25,expected_move_pct,net_delta_oi,net_gamma_oi,oi_concentration,top_unusual,top_surge
2026-08-24,早报,cboe,188.185,0.49514824797843665,0.6801899986140685,0.5296411445433946,0.5425385262791305,170.0,160.0,0.8631,0.7096,0.8221527053643842,-6.539963768115953,7.466057337194782,7916380.0100000035,279087.57,"[{""strike"": 180.0, ""type"": ""call"", ""oi"": 9255}, {""strike"": 190.0, ""type"": ""call"", ""oi"": 8540}, {""strike"": 185.0, ""type"": ""call"", ""oi"": 7527}]","[{""contract_symbol"": ""COIN260828P00187500"", ""expiration"": ""2026-08-28"", ""dte"": 4, ""type"": ""put"", ""strike"": 187.5, ""volume"": 1759, ""open_interest"": 238, ""volume_prev"": 0, ""volume_ratio"": null, ""oi_prev"": 0, ""oi_change"": 238, ""oi_change_pct"": null, ""flow"": ""新"", ""vol_oi_ratio"": 7.39, ""premium"": 11170.0, ""iv"": 0.877, ""delta"": -0.446, ""score"": 68.9}, {""contract_symbol"": ""COIN260828C00210000"", ""expiration"": ""2026-08-28"", ""dte"": 4, ""type"": ""call"", ""strike"": 210.0, ""volume"": 1199, ""open_interest"": 1017, ""volume_prev"": 0, ""volume_ratio"": null, ""oi_prev"": 0, ""oi_change"": 1017, ""oi_change_pct"": null, ""flow"": ""新"", ""vol_oi_ratio"": 1.18, ""premium"": 2044.0, ""iv"": 0.9665, ""delta"": 0.171, ""score"": 9.0}]",[]
2026-08-24,晚报,cboe,181.95,0.4501422957040249,0.6801899986140685,0.5818584923848081,0.5425385262791305,170.0,160.0,0.80185,0.6786,0.8462929475587704,-5.556721611721615,6.81505908216543,6081155.209999995,313955.7299999997,"[{""strike"": 175.0, ""type"": ""call"", ""oi"": 10667}, {""strike"": 180.0, ""type"": ""call"", ""oi"": 9255}, {""strike"": 190.0, ""type"": ""call"", ""oi"": 8540}]","[{""contract_symbol"": ""COIN261002P00155000"", ""expiration"": ""2026-10-02"", ""dte"": 39, ""type"": ""put"", ""strike"": 155.0, ""volume"": 923, ""open_interest"": 46, ""volume_prev"": 0, ""volume_ratio"": null, ""oi_prev"": 0, ""oi_change"": 46, ""oi_change_pct"": null, ""flow"": ""新"", ""vol_oi_ratio"": 20.07, ""premium"": 4315.0, ""iv"": 0.6689, ""delta"": -0.193, ""score"": 167.4}, {""contract_symbol"": ""COIN260828P00187500"", ""expiration"": ""2026-08-28"", ""dte"": 4, ""type"": ""put"", ""strike"": 187.5, ""volume"": 2428, ""open_interest"": 238, ""volume_prev"": 0, ""volume_ratio"": null, ""oi_prev"": 0, ""oi_change"": 238, ""oi_change_pct"": null, ""flow"": ""新"", ""vol_oi_ratio"": 10.2, ""premium"": 22459.0, ""iv"": 0.8241, ""delta"": -0.605, ""score"": 102.2}, {""contract_symbol"": ""COIN261002P00141000"", ""expiration"": ""2026-10-02"", ""dte"": 39, ""type"": ""put"", ""strike"": 141.0, ""volume"": 869, ""open_interest"": 0, ""volume_prev"": 0, ""volume_ratio"": null, ""oi_prev"": 0, ""oi_change"": 0, ""oi_change_pct"": null, ""flow"": ""新"", ""vol_oi_ratio"": null, ""premium"": 1873.0, ""iv"": 0.6878, ""delta"": -0.102, ""score"": 37.7}, {""contract_symbol"": ""COIN260828P00182500"", ""expiration"": ""2026-08-28"", ""dte"": 4, ""type"": ""put"", ""strike"": 182.5, ""volume"": 851, ""open_interest"": 205, ""volume_prev"": 0, ""volume_ratio"": null, ""oi_prev"": 0, ""oi_change"": 205, ""oi_change_pct"": null, ""flow"": ""新"", ""vol_oi_ratio"": 4.15, ""premium"": 5255.0, ""iv"": 0.8005, ""delta"": -0.483, ""score"": 35.6}, {""contract_symbol"": ""COIN260828C00210000"", ""expiration"": ""2026-08-28"", ""dte"": 4, ""type"": ""call"", ""strike"": 210.0, ""volume"": 3111, ""open_interest"": 1017, ""volume_prev"": 0, ""volume_ratio"": null, ""oi_prev"": 0, ""oi_change"": 1017, ""oi_change_pct"": null, ""flow"": ""新"", ""vol_oi_ratio"": 3.06, ""premium"": 2287.0, ""iv"": 0.9431, ""delta"": 0.09, ""score"": 23.7}]",[]
2026-08-25,晚报,cboe,179.74,0.546463069979331,0.6801899986140685,0.6090740011675106,0.5425385262791305,170.0,160.0,0.77475,0.6748,0.8709906421426266,-4.036249999999997,6.49549349059753,5080914.1099999985,326702.9000000002,"[{""strike"": 175.0, ""type"": ""call"", ""oi"": 10667}, {""strike"": 180.0, ""type"": ""call"", ""oi"": 9255}, {""strike"": 185.0, ""type"": ""call"", ""oi"": 7527}]","[{""contract_symbol"": ""COIN261002P00155000"", ""expiration"": ""2026-10-02"", ""dte"": 38, ""type"": ""put"", ""strike"": 155.0, ""volume"": 926, ""open_interest"": 46, ""volume_prev"": 926, ""volume_ratio"": 1.0, ""oi_prev"": 46, ""oi_change"": 0, ""oi_change_pct"": 0.0, ""flow"": ""换手"", ""vol_oi_ratio"": 20.13, ""premium"": 4931.0, ""iv"": 0.6717, ""delta"": -0.21, ""score"": 170.1}, {""contract_symbol"": ""COIN260828P00187500"", ""expiration"": ""2026-08-28"", ""dte"": 3, ""type"": ""put"", ""strike"": 187.5, ""volume"": 2489, ""open_interest"": 238, ""volume_prev"": 2489, ""volume_ratio"": 1.0, ""oi_prev"": 238, ""oi_change"": 0, ""oi_change_pct"": 0.0, ""flow"": ""换手"", ""vol_oi_ratio"": 10.46, ""premium"": 27130.0, ""iv"": 0.7873, ""delta"": -0.685, ""score"": 106.8}, {""contract_symbol"": ""COIN260904C00230000"", ""expiration"": ""2026-09-04"", ""dte"": 10, ""type"": ""call"", ""strike"": 230.0, ""volume"": 1692, ""open_interest"": 113, ""volume_prev"": 1692, ""volume_ratio"": 1.0, ""oi_prev"": 113, ""oi_change"": 0, ""oi_change_pct"": 0.0, ""flow"": ""换手"", ""vol_oi_ratio"": 14.97, ""premium"": 846.0, ""iv"": 0.824, ""delta"": 0.052, ""score"": 100.9}, {""contract_symbol"": ""COIN260828P00182500"", ""expiration"": ""2026-08-28"", ""dte"": 3, ""type"": ""put"", ""strike"": 182.5, ""volume"": 967, ""open_interest"": 205, ""volume_prev"": 967, ""volume_ratio"": 1.0, ""oi_prev"": 205, ""oi_change"": 0, ""oi_change_pct"": 0.0, ""flow"": ""换手"", ""vol_oi_ratio"": 4.72, ""premium"": 7277.0, ""iv"": 0.7764, ""delta"": -0.565, ""score"": 41.9}, {""contract_symbol"": ""COIN261002P00141000"", ""expiration"": ""2026-10-02"", ""dte"": 38, ""type"": ""put"", ""strike"": 141.0, ""volume"": 869, ""open_interest"": 0, ""volume_prev"": 869, ""volume_ratio"": 1.0, ""oi_prev"": 0, ""oi_change"": 0, ""oi_change_pct"": null, ""flow"": ""换手"", ""vol_oi_ratio"": null, ""premium"": 2112.0, ""iv"": 0.6838, ""delta"": -0.11, ""score"": 38.3}]",[]
2026-08-25,早报,cboe,183.05,0.5218098076402059,0.7668452591625273,0.4987371512481645,0.5780114911003749,172.5,160.0,0.8200000000000001,0.6731,0.8208536585365853,-2.4447826086956503,6.21414913957935,6112979.92,346366.4299999995,"[{""strike"": 175.0, ""type"": ""call"", ""oi"": 10716}, {""strike"": 180.0, ""type"": ""call"", ""oi"": 9478}, {""strike"": 190.0, ""type"": ""call"", ""oi"": 9158}]","[{""contract_symbol"": ""COIN260828C00190000"", ""expiration"": ""2026-08-28"", ""dte"": 3, ""type"": ""call"", ""strike"": 190.0, ""volume"": 3136, ""open_interest"": 3074, ""volume_prev"": 6073, ""volume_ratio"": 0.5, ""oi_prev"": 3107, ""oi_change"": -33, ""oi_change_pct"": -1.1, ""flow"": ""平仓"", ""vol_oi_ratio"": 1.02, ""premium"": 10192.0, ""iv"": 0.8446, ""delta"": 0.346, ""score"": 9.4}, {""contract_symbol"": ""COIN260911C00200000"", ""expiration"": ""2026-09-11"", ""dte"": 17, ""type"": ""call"", ""strike"": 200.0, ""volume"": 1099, ""open_interest"": 1084, ""volume_prev"": 876, ""volume_ratio"": 1.3, ""oi_prev"": 861, ""oi_change"": 223, ""oi_change_pct"": 25.9, ""flow"": ""开仓"", ""vol_oi_ratio"": 1.01, ""premium"": 5605.0, ""iv"": 0.6874, ""delta"": 0.312, ""score"": 8.8}]","[{""contract_symbol"": ""COIN260828P00162500"", ""expiration"": ""2026-08-28"", ""type"": ""put"", ""strike"": 162.5, ""oi"": 2721, ""oi_prev"": 674, ""oi_change"": 2047}, {""contract_symbol"": ""COIN260904C00230000"", ""expiration"": ""2026-09-04"", ""type"": ""call"", ""strike"": 230.0, ""oi"": 1710, ""oi_prev"": 113, ""oi_change"": 1597}, {""contract_symbol"": ""COIN260828P00187500"", ""expiration"": ""2026-08-28"", ""type"": ""put"", ""strike"": 187.5, ""oi"": 1702, ""oi_prev"": 238, ""oi_change"": 1464}, {""contract_symbol"": ""COIN260828C00210000"", ""expiration"": ""2026-08-28"", ""type"": ""call"", ""strike"": 210.0, ""oi"": 2476, ""oi_prev"": 1017, ""oi_change"": 1459}, {""contract_symbol"": ""COIN260828P00175000"", ""expiration"": ""2026-08-28"", ""type"": ""put"", ""strike"": 175.0, ""oi"": 2861, ""oi_prev"": 1799, ""oi_change"": 1062}]"
2026-08-26,早报,cboe,180.135,0.8217636022514071,0.7685172492574823,0.8250359195402299,0.5951144185545785,172.5,160.0,0.7249,0.65955,0.9098496344323355,-3.364136363636361,4.4549920892663835,4593032.059999992,420280.2999999998,"[{""strike"": 175.0, ""type"": ""call"", ""oi"": 10641}, {""strike"": 180.0, ""type"": ""call"", ""oi"": 8830}, {""strike"": 185.0, ""type"": ""call"", ""oi"": 8314}]","[{""contract_symbol"": ""COIN260904C00185000"", ""expiration"": ""2026-09-04"", ""dte"": 9, ""type"": ""call"", ""strike"": 185.0, ""volume"": 1176, ""open_interest"": 522, ""volume_prev"": 239, ""volume_ratio"": 4.9, ""oi_prev"": 499, ""oi_change"": 23, ""oi_change_pct"": 4.6, ""flow"": ""开仓"", ""vol_oi_ratio"": 2.25, ""premium"": 6350.0, ""iv"": 0.6571, ""delta"": 0.42, ""score"": 19.7}, {""contract_symbol"": ""COIN260918P00075000"", ""expiration"": ""2026-09-18"", ""dte"": 23, ""type"": ""put"", ""strike"": 75.0, ""volume"": 2134, ""open_interest"": 664, ""volume_prev"": 31, ""volume_ratio"": 68.8, ""oi_prev"": 637, ""oi_change"": 27, ""oi_change_pct"": 4.2, ""flow"": ""开仓"", ""vol_oi_ratio"": 3.21, ""premium"": 75.0, ""iv"": 1.2806, ""delta"": -0.002, ""score"": 13.9}, {""contract_symbol"": ""COIN260828P00182500"", ""expiration"": ""2026-08-28"", ""dte"": 2, ""type"": ""put"", ""strike"": 182.5, ""volume"": 590, ""open_interest"": 559, ""volume_prev"": 650, ""volume_ratio"": 0.9, ""oi_prev"": 562, ""oi_change"": -3, ""oi_change_pct"": -0.5, ""flow"": ""平仓"", ""vol_oi_ratio"": 1.06, ""premium"": 3171.0, ""iv"": 0.7154, ""delta"": -0.587, ""score"": 8.5}]","[{""contract_symbol"": ""COIN260828C00200000"", ""expiration"": ""2026-08-28"", ""type"": ""call"", ""strike"": 200.0, ""oi"": 11518, ""oi_prev"": 7830, ""oi_change"": 3688}, {""contract_symbol"": ""COIN260911P00100000"", ""expiration"": ""2026-09-11"", ""type"": ""put"", ""strike"": 100.0, ""oi"": 1845, ""oi_prev"": 144, ""oi_change"": 1701}, {""contract_symbol"": ""COIN260828C00190000"", ""expiration"": ""2026-08-28"", ""type"": ""call"", ""strike"": 190.0, ""oi"": 4293, ""oi_prev"": 3074, ""oi_change"": 1219}, {""contract_symbol"": ""COIN260904C00195000"", ""expiration"": ""2026-09-04"", ""type"": ""call"", ""strike"": 195.0, ""oi"": 1545, ""oi_prev"": 401, ""oi_change"": 1144}, {""contract_symbol"": ""COIN260904C00202500"", ""expiration"": ""2026-09-04"", ""type"": ""call"", ""strike"": 202.5, ""oi"": 1211, ""oi_prev"": 94, ""oi_change"": 1117}]"
2026-08-26,晚报,cboe,183.0956,0.6258269112732728,0.7685172492574823,0.6183179487179488,0.5951144185545785,172.5,160.0,0.73515,0.63775,0.8675100319662655,-6.172727272727285,4.355648087665679,5345881.619999998,416290.3699999996,"[{""strike"": 175.0, ""type"": ""call"", ""oi"": 10641}, {""strike"": 190.0, ""type"": ""call"", ""oi"": 10228}, {""strike"": 180.0, ""type"": ""call"", ""oi"": 8830}]","[{""contract_symbol"": ""COIN260904C00192500"", ""expiration"": ""2026-09-04"", ""dte"": 9, ""type"": ""call"", ""strike"": 192.5, ""volume"": 2075, ""open_interest"": 269, ""volume_prev"": 217, ""volume_ratio"": 9.6, ""oi_prev"": 207, ""oi_change"": 62, ""oi_change_pct"": 30.0, ""flow"": ""开仓"", ""vol_oi_ratio"": 7.71, ""premium"": 7989.0, ""iv"": 0.6862, ""delta"": 0.318, ""score"": 69.3}, {""contract_symbol"": ""COIN260904C00185000"", ""expiration"": ""2026-09-04"", ""dte"": 9, ""type"": ""call"", ""strike"": 185.0, ""volume"": 3315, ""open_interest"": 522, ""volume_prev"": 239, ""volume_ratio"": 13.9, ""oi_prev"": 499, ""oi_change"": 23, ""oi_change_pct"": 4.6, ""flow"": ""开仓"", ""vol_oi_ratio"": 6.35, ""premium"": 20636.0, ""iv"": 0.6658, ""delta"": 0.457, ""score"": 63.1}, {""contract_symbol"": ""COIN260904C00212500"", ""expiration"": ""2026-09-04"", ""dte"": 9, ""type"": ""call"", ""strike"": 212.5, ""volume"": 589, ""open_interest"": 77, ""volume_prev"": 18, ""volume_ratio"": 32.7, ""oi_prev"": 77, ""oi_change"": 0, ""oi_change_pct"": 0.0, ""flow"": ""换手"", ""vol_oi_ratio"": 7.65, ""premium"": 468.0, ""iv"": 0.7053, ""delta"": 0.101, ""score"": 47.1}, {""contract_symbol"": ""COIN260911C00185000"", ""expiration"": ""2026-09-11"", ""dte"": 16, ""type"": ""call"", ""strike"": 185.0, ""volume"": 545, ""open_interest"": 260, ""volume_prev"": 167, ""volume_ratio"": 3.3, ""oi_prev"": 216, ""oi_change"": 44, ""oi_change_pct"": 20.4, ""flow"": ""开仓"", ""vol_oi_ratio"": 2.1, ""premium"": 4564.0, ""iv"": 0.6383, ""delta"": 0.479, ""score"": 17.7}, {""contract_symbol"": ""COIN260918P00075000"", ""expiration"": ""2026-09-18"", ""dte"": 23, ""type"": ""put"", ""strike"": 75.0, ""volume"": 2134, ""open_interest"": 664, ""volume_prev"": 31, ""volume_ratio"": 68.8, ""oi_prev"": 637, ""oi_change"": 27, ""oi_change_pct"": 4.2, ""flow"": ""开仓"", ""vol_oi_ratio"": 3.21, ""premium"": 75.0, ""iv"": 1.297, ""delta"": -0.002, ""score"": 13.9}]","[{""contract_symbol"": ""COIN260828C00200000"", ""expiration"": ""2026-08-28"", ""type"": ""call"", ""strike"": 200.0, ""volume"": 6238, ""volume_prev"": 11676, ""oi"": 11518, ""oi_prev"": 7830, ""oi_change"": 3688, ""last_price"": 0.37, ""iv"": 0.8745, ""delta"": 0.076}, {""contract_symbol"": ""COIN260911P00100000"", ""expiration"": ""2026-09-11"", ""type"": ""put"", ""strike"": 100.0, ""volume"": 1, ""volume_prev"": 1739, ""oi"": 1845, ""oi_prev"": 144, ""oi_change"": 1701, ""last_price"": 0.02, ""iv"": 1.1778, ""delta"": -0.003}, {""contract_symbol"": ""COIN260828C00190000"", ""expiration"": ""2026-08-28"", ""type"": ""call"", ""strike"": 190.0, ""volume"": 3291, ""volume_prev"": 9802, ""oi"": 4293, ""oi_prev"": 3074, ""oi_change"": 1219, ""last_price"": 1.4, ""iv"": 0.7853, ""delta"": 0.234}, {""contract_symbol"": ""COIN260904C00195000"", ""expiration"": ""2026-09-04"", ""type"": ""call"", ""strike"": 195.0, ""volume"": 401, ""volume_prev"": 1923, ""oi"": 1545, ""oi_prev"": 401, ""oi_change"": 1144, ""last_price"": 3.31, ""iv"": 0.6868, ""delta"": 0.279}, {""contract_symbol"": ""COIN260904C00202500"", ""expiration"": ""2026-09-04"", ""type"": ""call"", ""strike"": 202.5, ""volume"": 234, ""volume_prev"": 1259, ""oi"": 1211, ""oi_prev"": 94, ""oi_change"": 1117, ""last_price"": 2.05, ""iv"": 0.7113, ""delta"": 0.183}]"
2026-08-27,早报,cboe,191.7,0.45974551424885657,0.7639697595792637,0.43538610523295435,0.5902043564800908,175.0,160.0,0.88125,0.6723,0.7628936170212767,-5.944354066985658,4.094940010432968,9190010.240000015,362978.44000000024,"[{""strike"": 200.0, ""type"": ""call"", ""oi"": 20973}, {""strike"": 185.0, ""type"": ""call"", ""oi"": 11630}, {""strike"": 190.0, ""type"": ""call"", ""oi"": 11086}]","[{""contract_symbol"": ""COIN260904P00185000"", ""expiration"": ""2026-09-04"", ""dte"": 8, ""type"": ""put"", ""strike"": 185.0, ""volume"": 972, ""open_interest"": 403, ""volume_prev"": 265, ""volume_ratio"": 3.7, ""oi_prev"": 224, ""oi_change"": 179, ""oi_change_pct"": 79.9, ""flow"": ""开仓"", ""vol_oi_ratio"": 2.41, ""premium"": 4641.0, ""iv"": 0.6867, ""delta"": -0.343, ""score"": 20.4}, {""contract_symbol"": ""COIN260904P00190000"", ""expiration"": ""2026-09-04"", ""dte"": 8, ""type"": ""put"", ""strike"": 190.0, ""volume"": 810, ""open_interest"": 349, ""volume_prev"": 123, ""volume_ratio"": 6.6, ""oi_prev"": 362, ""oi_change"": -13, ""oi_change_pct"": -3.6, ""flow"": ""平仓"", ""vol_oi_ratio"": 2.32, ""premium"": 5548.0, ""iv"": 0.6794, ""delta"": -0.442, ""score"": 20.0}, {""contract_symbol"": ""COIN260828P00182500"", ""expiration"": ""2026-08-28"", ""dte"": 1, ""type"": ""put"", ""strike"": 182.5, ""volume"": 1653, ""open_interest"": 655, ""volume_prev"": 847, ""volume_ratio"": 2.0, ""oi_prev"": 559, ""oi_change"": 96, ""oi_change_pct"": 17.2, ""flow"": ""开仓"", ""vol_oi_ratio"": 2.52, ""premium"": 1256.0, ""iv"": 0.8509, ""delta"": -0.153, ""score"": 18.0}, {""contract_symbol"": ""COIN260911C00220000"", ""expiration"": ""2026-09-11"", ""dte"": 15, ""type"": ""call"", ""strike"": 220.0, ""volume"": 552, ""open_interest"": 231, ""volume_prev"": 22, ""volume_ratio"": 25.1, ""oi_prev"": 242, ""oi_change"": -11, ""oi_change_pct"": -4.5, ""flow"": ""平仓"", ""vol_oi_ratio"": 2.39, ""premium"": 1598.0, ""iv"": 0.7199, ""delta"": 0.199, ""score"": 17.6}, {""contract_symbol"": ""COIN260911C00200000"", ""expiration"": ""2026-09-11"", ""dte"": 15, ""type"": ""call"", ""strike"": 200.0, ""volume"": 2909, ""open_interest"": 1703, ""volume_prev"": 142, ""volume_ratio"": 20.5, ""oi_prev"": 1703, ""oi_change"": 0, ""oi_change_pct"": 0.0, ""flow"": ""换手"", ""vol_oi_ratio"": 1.71, ""premium"": 20945.0, ""iv"": 0.6713, ""delta"": 0.412, ""score"": 17.0}]","[{""contract_symbol"": ""COIN260904C00185000"", ""expiration"": ""2026-09-04"", ""type"": ""call"", ""strike"": 185.0, ""volume"": 172, ""volume_prev"": 3315, ""oi"": 3552, ""oi_prev"": 522, ""oi_change"": 3030, ""last_price"": 11.64, ""iv"": 0.6634, ""delta"": 0.659}, {""contract_symbol"": ""COIN260904C00192500"", ""expiration"": ""2026-09-04"", ""type"": ""call"", ""strike"": 192.5, ""volume"": 150, ""volume_prev"": 2075, ""oi"": 2164, ""oi_prev"": 269, ""oi_change"": 1895, ""last_price"": 8.01, ""iv"": 0.6937, ""delta"": 0.511}, {""contract_symbol"": ""COIN260918P00075000"", ""expiration"": ""2026-09-18"", ""type"": ""put"", ""strike"": 75.0, ""volume"": 0, ""volume_prev"": 2134, ""oi"": 2323, ""oi_prev"": 664, ""oi_change"": 1659, ""last_price"": 0.05, ""iv"": 1.4388, ""delta"": -0.001}, {""contract_symbol"": ""COIN260828C00210000"", ""expiration"": ""2026-08-28"", ""type"": ""call"", ""strike"": 210.0, ""volume"": 978, ""volume_prev"": 2683, ""oi"": 3713, ""oi_prev"": 2534, ""oi_change"": 1179, ""last_price"": 0.4, ""iv"": 1.0984, ""delta"": 0.083}, {""contract_symbol"": ""COIN260904C00190000"", ""expiration"": ""2026-09-04"", ""type"": ""call"", ""strike"": 190.0, ""volume"": 588, ""volume_prev"": 1297, ""oi"": 1871, ""oi_prev"": 1218, ""oi_change"": 653, ""last_price"": 8.7, ""iv"": 0.6817, ""delta"": 0.56}]"
2026-08-28,晚报,cboe,191.15,0.3587888498078632,0.7639697595792637,0.38655156878987373,0.5902043564800908,175.0,160.0,0.8084,0.6498,0.8038099950519545,-4.368103703703707,3.4161653151974885,8855140.66,378983.70999999996,"[{""strike"": 200.0, ""type"": ""call"", ""oi"": 20973}, {""strike"": 185.0, ""type"": ""call"", ""oi"": 11630}, {""strike"": 190.0, ""type"": ""call"", ""oi"": 11086}]","[{""contract_symbol"": ""COIN261002P00190000"", ""expiration"": ""2026-10-02"", ""dte"": 35, ""type"": ""put"", ""strike"": 190.0, ""volume"": 518, ""open_interest"": 14, ""volume_prev"": 3, ""volume_ratio"": 172.7, ""oi_prev"": 14, ""oi_change"": 0, ""oi_change_pct"": 0.0, ""flow"": ""换手"", ""vol_oi_ratio"": 37.0, ""premium"": 7848.0, ""iv"": 0.6676, ""delta"": -0.445, ""score"": 179.4}, {""contract_symbol"": ""COIN260904C00202500"", ""expiration"": ""2026-09-04"", ""dte"": 7, ""type"": ""call"", ""strike"": 202.5, ""volume"": 9950, ""open_interest"": 1247, ""volume_prev"": 234, ""volume_ratio"": 42.5, ""oi_prev"": 1211, ""oi_change"": 36, ""oi_change_pct"": 3.0, ""flow"": ""开仓"", ""vol_oi_ratio"": 7.98, ""premium"": 37064.0, ""iv"": 0.7082, ""delta"": 0.307, ""score"": 83.9}, {""contract_symbol"": ""COIN260904C00195000"", ""expiration"": ""2026-09-04"", ""dte"": 7, ""type"": ""call"", ""strike"": 195.0, ""volume"": 10466, ""open_interest"": 1673, ""volume_prev"": 401, ""volume_ratio"": 26.1, ""oi_prev"": 1545, ""oi_change"": 128, ""oi_change_pct"": 8.3, ""flow"": ""开仓"", ""vol_oi_ratio"": 6.26, ""premium"": 62011.0, ""iv"": 0.681, ""delta"": 0.439, ""score"": 69.0}, {""contract_symbol"": ""COIN261002P00187500"", ""expiration"": ""2026-10-02"", ""dte"": 35, ""type"": ""put"", ""strike"": 187.5, ""volume"": 691, ""open_interest"": 0, ""volume_prev"": 0, ""volume_ratio"": null, ""oi_prev"": 0, ""oi_change"": 0, ""oi_change_pct"": null, ""flow"": ""新"", ""vol_oi_ratio"": null, ""premium"": 9449.0, ""iv"": 0.6594, ""delta"": -0.419, ""score"": 45.8}, {""contract_symbol"": ""COIN260904P00187500"", ""expiration"": ""2026-09-04"", ""dte"": 7, ""type"": ""put"", ""strike"": 187.5, ""volume"": 941, ""open_interest"": 185, ""volume_prev"": 86, ""volume_ratio"": 10.9, ""oi_prev"": 204, ""oi_change"": -19, ""oi_change_pct"": -9.3, ""flow"": ""平仓"", ""vol_oi_ratio"": 5.09, ""premium"": 5552.0, ""iv"": 0.6709, ""delta"": -0.407, ""score"": 43.9}]","[{""contract_symbol"": ""COIN260904C00185000"", ""expiration"": ""2026-09-04"", ""type"": ""call"", ""strike"": 185.0, ""volume"": 264, ""volume_prev"": 3315, ""oi"": 3552, ""oi_prev"": 522, ""oi_change"": 3030, ""last_price"": 10.5, ""iv"": 0.6712, ""delta"": 0.647}, {""contract_symbol"": ""COIN260904C00192500"", ""expiration"": ""2026-09-04"", ""type"": ""call"", ""strike"": 192.5, ""volume"": 513, ""volume_prev"": 2075, ""oi"": 2164, ""oi_prev"": 269, ""oi_change"": 1895, ""last_price"": 6.94, ""iv"": 0.6735, ""delta"": 0.489}, {""contract_symbol"": ""COIN260918P00075000"", ""expiration"": ""2026-09-18"", ""type"": ""put"", ""strike"": 75.0, ""volume"": 20, ""volume_prev"": 2134, ""oi"": 2323, ""oi_prev"": 664, ""oi_change"": 1659, ""last_price"": 0.05, ""iv"": 1.4388, ""delta"": -0.002}, {""contract_symbol"": ""COIN260828C00210000"", ""expiration"": ""2026-08-28"", ""type"": ""call"", ""strike"": 210.0, ""volume"": 3934, ""volume_prev"": 2683, ""oi"": 3713, ""oi_prev"": 2534, ""oi_change"": 1179, ""last_price"": 0.2, ""iv"": 1.0547, ""delta"": 0.049}, {""contract_symbol"": ""COIN260904C00190000"", ""expiration"": ""2026-09-04"", ""type"": ""call"", ""strike"": 190.0, ""volume"": 941, ""volume_prev"": 1297, ""oi"": 1871, ""oi_prev"": 1218, ""oi_change"": 653, ""last_price"": 8.0, ""iv"": 0.6659, ""delta"": 0.541}]"
2026-08-28,早报,cboe,185.01,0.35088929046984974,0.7289681522726743,0.39295439074200134,0.5559982653005909,175.0,162.5,0.7978000000000001,0.6309499999999999,0.7908623715216845,-4.832618181818171,1.5512674990541053,6248739.090000004,507949.13999999955,"[{""strike"": 190.0, ""type"": ""call"", ""oi"": 10551}, {""strike"": 185.0, ""type"": ""call"", ""oi"": 10499}, {""strike"": 180.0, ""type"": ""call"", ""oi"": 7078}]","[{""contract_symbol"": ""COIN260904C00200000"", ""expiration"": ""2026-09-04"", ""dte"": 7, ""type"": ""call"", ""strike"": 200.0, ""volume"": 8952, ""open_interest"": 2744, ""volume_prev"": 3594, ""volume_ratio"": 2.5, ""oi_prev"": 2088, ""oi_change"": 656, ""oi_change_pct"": 31.4, ""flow"": ""开仓"", ""vol_oi_ratio"": 3.26, ""premium"": 17591.0, ""iv"": 0.6547, ""delta"": 0.214, ""score"": 31.9}, {""contract_symbol"": ""COIN260828C00187500"", ""expiration"": ""2026-08-28"", ""dte"": 0, ""type"": ""call"", ""strike"": 187.5, ""volume"": 3384, ""open_interest"": 981, ""volume_prev"": 1824, ""volume_ratio"": 1.9, ""oi_prev"": 1109, ""oi_change"": -128, ""oi_change_pct"": -11.5, ""flow"": ""平仓"", ""vol_oi_ratio"": 3.45, ""premium"": 1878.0, ""iv"": 0.8413, ""delta"": 0.245, ""score"": 26.0}, {""contract_symbol"": ""COIN260828P00182500"", ""expiration"": ""2026-08-28"", ""dte"": 0, ""type"": ""put"", ""strike"": 182.5, ""volume"": 2793, ""open_interest"": 928, ""volume_prev"": 2371, ""volume_ratio"": 1.2, ""oi_prev"": 655, ""oi_change"": 273, ""oi_change_pct"": 41.7, ""flow"": ""开仓"", ""vol_oi_ratio"": 3.01, ""premium"": 1480.0, ""iv"": 0.7895, ""delta"": -0.254, ""score"": 22.0}, {""contract_symbol"": ""COIN260904C00190000"", ""expiration"": ""2026-09-04"", ""dte"": 7, ""type"": ""call"", ""strike"": 190.0, ""volume"": 4286, ""open_interest"": 1977, ""volume_prev"": 941, ""volume_ratio"": 4.6, ""oi_prev"": 1871, ""oi_change"": 106, ""oi_change_pct"": 5.7, ""flow"": ""开仓"", ""vol_oi_ratio"": 2.17, ""premium"": 18644.0, ""iv"": 0.6211, ""delta"": 0.398, ""score"": 21.3}, {""contract_symbol"": ""COIN260828P00185000"", ""expiration"": ""2026-08-28"", ""dte"": 0, ""type"": ""put"", ""strike"": 185.0, ""volume"": 4195, ""open_interest"": 1913, ""volume_prev"": 3856, ""volume_ratio"": 1.1, ""oi_prev"": 1286, ""oi_change"": 627, ""oi_change_pct"": 48.8, ""flow"": ""开仓"", ""vol_oi_ratio"": 2.19, ""premium"": 6188.0, ""iv"": 0.7839, ""delta"": -0.512, ""score"": 19.1}]","[{""contract_symbol"": ""COIN260904C00202500"", ""expiration"": ""2026-09-04"", ""type"": ""call"", ""strike"": 202.5, ""volume"": 1183, ""volume_prev"": 9950, ""oi"": 10848, ""oi_prev"": 1247, ""oi_change"": 9601, ""last_price"": 1.56, ""iv"": 0.6692, ""delta"": 0.182}, {""contract_symbol"": ""COIN260904C00195000"", ""expiration"": ""2026-09-04"", ""type"": ""call"", ""strike"": 195.0, ""volume"": 558, ""volume_prev"": 10466, ""oi"": 11205, ""oi_prev"": 1673, ""oi_change"": 9532, ""last_price"": 2.94, ""iv"": 0.6411, ""delta"": 0.295}, {""contract_symbol"": ""COIN260828C00200000"", ""expiration"": ""2026-08-28"", ""type"": ""call"", ""strike"": 200.0, ""volume"": 6282, ""volume_prev"": 22158, ""oi"": 12261, ""oi_prev"": 9839, ""oi_change"": 2422, ""last_price"": 0.03, ""iv"": 1.4155, ""delta"": 0.01}, {""contract_symbol"": ""COIN260828C00195000"", ""expiration"": ""2026-08-28"", ""type"": ""call"", ""strike"": 195.0, ""volume"": 9577, ""volume_prev"": 8278, ""oi"": 4405, ""oi_prev"": 3051, ""oi_change"": 1354, ""last_price"": 0.08, ""iv"": 1.2042, ""delta"": 0.038}, {""contract_symbol"": ""COIN260904P00185000"", ""expiration"": ""2026-09-04"", ""type"": ""put"", ""strike"": 185.0, ""volume"": 748, ""volume_prev"": 1614, ""oi"": 1473, ""oi_prev"": 403, ""oi_change"": 1070, ""last_price"": 6.05, ""iv"": 0.5977, ""delta"": -0.484}]"
2026-08-30,晚报,cboe,178.63999938964844,0.3811050525379701,0.48226006075835426,0.6203754387094697,0.4962150747238466,177.5,190.0,0.5946,0.6145499999999999,1.0335519677093843,-4.01173489278751,6.521495767915389,2245084.8099999977,243434.8199999998,"[{""strike"": 170.0, ""type"": ""call"", ""oi"": 17616}, {""strike"": 185.0, ""type"": ""call"", ""oi"": 6143}, {""strike"": 180.0, ""type"": ""call"", ""oi"": 4493}]","[{""contract_symbol"": ""COIN261002P00172500"", ""expiration"": ""2026-10-02"", ""dte"": 33, ""type"": ""put"", ""strike"": 172.5, ""volume"": 1890, ""open_interest"": 204, ""volume_prev"": 1890, ""volume_ratio"": 1.0, ""oi_prev"": 204, ""oi_change"": 0, ""oi_change_pct"": 0.0, ""flow"": ""换手"", ""vol_oi_ratio"": 9.26, ""premium"": 19278.0, ""iv"": 0.6153, ""delta"": -0.384, ""score"": 91.4}, {""contract_symbol"": ""COIN261002P00187500"", ""expiration"": ""2026-10-02"", ""dte"": 33, ""type"": ""put"", ""strike"": 187.5, ""volume"": 1907, ""open_interest"": 366, ""volume_prev"": 1907, ""volume_ratio"": 1.0, ""oi_prev"": 366, ""oi_change"": 0, ""oi_change_pct"": 0.0, ""flow"": ""换手"", ""vol_oi_ratio"": 5.21, ""premium"": 35375.0, ""iv"": 0.6232, ""delta"": -0.556, ""score"": 54.6}, {""contract_symbol"": ""COIN260904C00200000"", ""expiration"": ""2026-09-04"", ""dte"": 5, ""type"": ""call"", ""strike"": 200.0, ""volume"": 15436, ""open_interest"": 2744, ""volume_prev"": 15436, ""volume_ratio"": 1.0, ""oi_prev"": 2744, ""oi_change"": 0, ""oi_change_pct"": 0.0, ""flow"": ""换手"", ""vol_oi_ratio"": 5.63, ""premium"": 14741.0, ""iv"": 0.6689, ""delta"": 0.122, ""score"": 54.0}, {""contract_symbol"": ""COIN260904C00182500"", ""expiration"": ""2026-09-04"", ""dte"": 5, ""type"": ""call"", ""strike"": 182.5, ""volume"": 1310, ""open_interest"": 217, ""volume_prev"": 1310, ""volume_ratio"": 1.0, ""oi_prev"": 217, ""oi_change"": 0, ""oi_change_pct"": 0.0, ""flow"": ""换手"", ""vol_oi_ratio"": 6.04, ""premium"": 5568.0, ""iv"": 0.5933, ""delta"": 0.418, ""score"": 52.1}, {""contract_symbol"": ""COIN260904P00172500"", ""expiration"": ""2026-09-04"", ""dte"": 5, ""type"": ""put"", ""strike"": 172.5, ""volume"": 1211, ""open_interest"": 199, ""volume_prev"": 1211, ""volume_ratio"": 1.0, ""oi_prev"": 199, ""oi_change"": 0, ""oi_change_pct"": 0.0, ""flow"": ""换手"", ""vol_oi_ratio"": 6.09, ""premium"": 3597.0, ""iv"": 0.5682, ""delta"": -0.317, ""score"": 49.8}]",[]
2026-08-31,早报,cboe,177.67,0.768241965973535,0.44018842196603447,0.7616568047337278,0.5167229452105963,177.5,190.0,0.67435,0.6285000000000001,0.9320086008749167,-3.080952380952373,5.8254066527832515,2067619.0199999977,295096.3399999996,"[{""strike"": 170.0, ""type"": ""call"", ""oi"": 17922}, {""strike"": 185.0, ""type"": ""call"", ""oi"": 8683}, {""strike"": 180.0, ""type"": ""call"", ""oi"": 5316}]",[],"[{""contract_symbol"": ""COIN260904C00200000"", ""expiration"": ""2026-09-04"", ""type"": ""call"", ""strike"": 200.0, ""volume"": 450, ""volume_prev"": 15436, ""oi"": 10657, ""oi_prev"": 2744, ""oi_change"": 7913, ""last_price"": 0.59, ""iv"": 0.7814, ""delta"": 0.089}, {""contract_symbol"": ""COIN260918P00100000"", ""expiration"": ""2026-09-18"", ""type"": ""put"", ""strike"": 100.0, ""volume"": 1, ""volume_prev"": 5723, ""oi"": 7329, ""oi_prev"": 3354, ""oi_change"": 3975, ""last_price"": 0.16, ""iv"": 1.1811, ""delta"": -0.005}, {""contract_symbol"": ""COIN260904C00190000"", ""expiration"": ""2026-09-04"", ""type"": ""call"", ""strike"": 190.0, ""volume"": 270, ""volume_prev"": 5715, ""oi"": 5581, ""oi_prev"": 1977, ""oi_change"": 3604, ""last_price"": 1.53, ""iv"": 0.7187, ""delta"": 0.209}, {""contract_symbol"": ""COIN260904C00192500"", ""expiration"": ""2026-09-04"", ""type"": ""call"", ""strike"": 192.5, ""volume"": 33, ""volume_prev"": 3009, ""oi"": 4724, ""oi_prev"": 2181, ""oi_change"": 2543, ""last_price"": 1.18, ""iv"": 0.7357, ""delta"": 0.17}, {""contract_symbol"": ""COIN260904C00185000"", ""expiration"": ""2026-09-04"", ""type"": ""call"", ""strike"": 185.0, ""volume"": 327, ""volume_prev"": 4518, ""oi"": 5984, ""oi_prev"": 3506, ""oi_change"": 2478, ""last_price"": 2.6, ""iv"": 0.6908, ""delta"": 0.313}]"
2026-08-31,晚报,cboe,188.1199951171875,0.3308847804555959,0.44018842196603447,0.43112898378579506,0.5167229452105963,177.5,190.0,0.7194,0.64585,0.8977620239088129,-5.60468164657787,6.073251273945074,5097729.789999998,308781.6199999998,"[{""strike"": 195.0, ""type"": ""call"", ""oi"": 13726}, {""strike"": 190.0, ""type"": ""call"", ""oi"": 10199}, {""strike"": 185.0, ""type"": ""call"", ""oi"": 8683}]","[{""contract_symbol"": ""COIN260911C00192500"", ""expiration"": ""2026-09-11"", ""dte"": 11, ""type"": ""call"", ""strike"": 192.5, ""volume"": 942, ""open_interest"": 132, ""volume_prev"": 278, ""volume_ratio"": 3.4, ""oi_prev"": 125, ""oi_change"": 7, ""oi_change_pct"": 5.6, ""flow"": ""开仓"", ""vol_oi_ratio"": 7.14, ""premium"": 6052.0, ""iv"": 0.6491, ""delta"": 0.448, ""score"": 62.1}, {""contract_symbol"": ""COIN260904C00182500"", ""expiration"": ""2026-09-04"", ""dte"": 4, ""type"": ""call"", ""strike"": 182.5, ""volume"": 3101, ""open_interest"": 612, ""volume_prev"": 1310, ""volume_ratio"": 2.4, ""oi_prev"": 217, ""oi_change"": 395, ""oi_change_pct"": 182.0, ""flow"": ""开仓"", ""vol_oi_ratio"": 5.07, ""premium"": 27521.0, ""iv"": 0.7078, ""delta"": 0.677, ""score"": 51.8}, {""contract_symbol"": ""COIN260911P00145000"", ""expiration"": ""2026-09-11"", ""dte"": 11, ""type"": ""put"", ""strike"": 145.0, ""volume"": 702, ""open_interest"": 69, ""volume_prev"": 3, ""volume_ratio"": 234.0, ""oi_prev"": 71, ""oi_change"": -2, ""oi_change_pct"": -2.8, ""flow"": ""平仓"", ""vol_oi_ratio"": 10.17, ""premium"": 95.0, ""iv"": 0.7219, ""delta"": -0.018, ""score"": 46.4}, {""contract_symbol"": ""COIN260904C00197500"", ""expiration"": ""2026-09-04"", ""dte"": 4, ""type"": ""call"", ""strike"": 197.5, ""volume"": 1190, ""open_interest"": 292, ""volume_prev"": 296, ""volume_ratio"": 4.0, ""oi_prev"": 274, ""oi_change"": 18, ""oi_change_pct"": 6.6, ""flow"": ""开仓"", ""vol_oi_ratio"": 4.08, ""premium"": 3023.0, ""iv"": 0.7512, ""delta"": 0.289, ""score"": 32.7}, {""contract_symbol"": ""COIN260911P00180000"", ""expiration"": ""2026-09-11"", ""dte"": 11, ""type"": ""put"", ""strike"": 180.0, ""volume"": 680, ""open_interest"": 207, ""volume_prev"": 119, ""volume_ratio"": 5.7, ""oi_prev"": 181, ""oi_change"": 26, ""oi_change_pct"": 14.4, ""flow"": ""开仓"", ""vol_oi_ratio"": 3.29, ""premium"": 3009.0, ""iv"": 0.6227, ""delta"": -0.319, ""score"": 26.3}]","[{""contract_symbol"": ""COIN260904C00200000"", ""expiration"": ""2026-09-04"", ""type"": ""call"", ""strike"": 200.0, ""volume"": 10140, ""volume_prev"": 15436, ""oi"": 10657, ""oi_prev"": 2744, ""oi_change"": 7913, ""last_price"": 2.03, ""iv"": 0.7658, ""delta"": 0.241}, {""contract_symbol"": ""COIN260918P00100000"", ""expiration"": ""2026-09-18"", ""type"": ""put"", ""strike"": 100.0, ""volume"": 1792, ""volume_prev"": 5723, ""oi"": 7329, ""oi_prev"": 3354, ""oi_change"": 3975, ""last_price"": 0.07, ""iv"": 1.1571, ""delta"": -0.004}, {""contract_symbol"": ""COIN260904C00190000"", ""expiration"": ""2026-09-04"", ""type"": ""call"", ""strike"": 190.0, ""volume"": 7103, ""volume_prev"": 5715, ""oi"": 5581, ""oi_prev"": 1977, ""oi_change"": 3604, ""last_price"": 5.0, ""iv"": 0.7248, ""delta"": 0.47}, {""contract_symbol"": ""COIN260904C00192500"", ""expiration"": ""2026-09-04"", ""type"": ""call"", ""strike"": 192.5, ""volume"": 1681, ""volume_prev"": 3009, ""oi"": 4724, ""oi_prev"": 2181, ""oi_change"": 2543, ""last_price"": 4.0, ""iv"": 0.7332, ""delta"": 0.405}, {""contract_symbol"": ""COIN260904C00185000"", ""expiration"": ""2026-09-04"", ""type"": ""call"", ""strike"": 185.0, ""volume"": 6314, ""volume_prev"": 4518, ""oi"": 5984, ""oi_prev"": 3506, ""oi_change"": 2478, ""last_price"": 7.45, ""iv"": 0.7063, ""delta"": 0.609}]"
2026-09-01,早报,cboe,181.215,0.747527701656142,0.4603099385245902,0.7685853331095821,0.5317509733195923,180.0,190.0,0.7432000000000001,0.6428,0.8649085037674918,-3.1242420426154216,5.614877355627294,3164607.229999998,332835.4599999997,"[{""strike"": 190.0, ""type"": ""call"", ""oi"": 11147}, {""strike"": 185.0, ""type"": ""call"", ""oi"": 9268}, {""strike"": 180.0, ""type"": ""call"", ""oi"": 5560}]","[{""contract_symbol"": ""COIN260911C00185000"", ""expiration"": ""2026-09-11"", ""dte"": 10, ""type"": ""call"", ""strike"": 185.0, ""volume"": 751, ""open_interest"": 444, ""volume_prev"": 567, ""volume_ratio"": 1.3, ""oi_prev"": 442, ""oi_change"": 2, ""oi_change_pct"": 0.5, ""flow"": ""开仓"", ""vol_oi_ratio"": 1.69, ""premium"": 4750.0, ""iv"": 0.6335, ""delta"": 0.456, ""score"": 14.3}, {""contract_symbol"": ""COIN260904C00182500"", ""expiration"": ""2026-09-04"", ""dte"": 3, ""type"": ""call"", ""strike"": 182.5, ""volume"": 707, ""open_interest"": 621, ""volume_prev"": 3101, ""volume_ratio"": 0.2, ""oi_prev"": 612, ""oi_change"": 9, ""oi_change_pct"": 1.5, ""flow"": ""开仓"", ""vol_oi_ratio"": 1.14, ""premium"": 3376.0, ""iv"": 0.7274, ""delta"": 0.497, ""score"": 9.2}, {""contract_symbol"": ""COIN260904P00172500"", ""expiration"": ""2026-09-04"", ""dte"": 3, ""type"": ""put"", ""strike"": 172.5, ""volume"": 1213, ""open_interest"": 1060, ""volume_prev"": 1043, ""volume_ratio"": 1.2, ""oi_prev"": 1094, ""oi_change"": -34, ""oi_change_pct"": -3.1, ""flow"": ""平仓"", ""vol_oi_ratio"": 1.14, ""premium"": 1959.0, ""iv"": 0.7436, ""delta"": -0.214, ""score"": 8.7}]","[{""contract_symbol"": ""COIN260918P00160000"", ""expiration"": ""2026-09-18"", ""type"": ""put"", ""strike"": 160.0, ""volume"": 54, ""volume_prev"": 2270, ""oi"": 6767, ""oi_prev"": 5158, ""oi_change"": 1609, ""last_price"": 2.4, ""iv"": 0.6455, ""delta"": -0.164}, {""contract_symbol"": ""COIN260904C00195000"", ""expiration"": ""2026-09-04"", ""type"": ""call"", ""strike"": 195.0, ""volume"": 770, ""volume_prev"": 3833, ""oi"": 12546, ""oi_prev"": 11221, ""oi_change"": 1325, ""last_price"": 1.36, ""iv"": 0.794, ""delta"": 0.189}, {""contract_symbol"": ""COIN260904C00210000"", ""expiration"": ""2026-09-04"", ""type"": ""call"", ""strike"": 210.0, ""volume"": 164, ""volume_prev"": 3800, ""oi"": 3045, ""oi_prev"": 1735, ""oi_change"": 1310, ""last_price"": 0.28, ""iv"": 0.8982, ""delta"": 0.05}, {""contract_symbol"": ""COIN260918P00100000"", ""expiration"": ""2026-09-18"", ""type"": ""put"", ""strike"": 100.0, ""volume"": 69, ""volume_prev"": 1792, ""oi"": 8110, ""oi_prev"": 7329, ""oi_change"": 781, ""last_price"": 0.09, ""iv"": 1.203, ""delta"": -0.005}, {""contract_symbol"": ""COIN260904C00190000"", ""expiration"": ""2026-09-04"", ""type"": ""call"", ""strike"": 190.0, ""volume"": 978, ""volume_prev"": 7103, ""oi"": 6311, ""oi_prev"": 5581, ""oi_change"": 730, ""last_price"": 2.28, ""iv"": 0.7664, ""delta"": 0.289}]"
2026-09-01,晚报,cboe,176.82000732421875,0.7047299270072993,0.4603099385245902,0.7014191857357176,0.5317509733195923,180.0,190.0,0.72345,0.63535,0.8782224065242932,-3.2449379035079384,5.273724473329308,1593476.970000001,316529.37999999966,"[{""strike"": 170.0, ""type"": ""call"", ""oi"": 17906}, {""strike"": 185.0, ""type"": ""call"", ""oi"": 9268}, {""strike"": 180.0, ""type"": ""call"", ""oi"": 5560}]","[{""contract_symbol"": ""COIN260911C00190000"", ""expiration"": ""2026-09-11"", ""dte"": 10, ""type"": ""call"", ""strike"": 190.0, ""volume"": 6271, ""open_interest"": 713, ""volume_prev"": 404, ""volume_ratio"": 15.5, ""oi_prev"": 612, ""oi_change"": 101, ""oi_change_pct"": 16.5, ""flow"": ""开仓"", ""vol_oi_ratio"": 8.8, ""premium"": 18813.0, ""iv"": 0.6466, ""delta"": 0.273, ""score"": 86.6}, {""contract_symbol"": ""COIN260904P00175000"", ""expiration"": ""2026-09-04"", ""dte"": 3, ""type"": ""put"", ""strike"": 175.0, ""volume"": 6958, ""open_interest"": 933, ""volume_prev"": 1627, ""volume_ratio"": 4.3, ""oi_prev"": 669, ""oi_change"": 264, ""oi_change_pct"": 39.5, ""flow"": ""开仓"", ""vol_oi_ratio"": 7.46, ""premium"": 25745.0, ""iv"": 0.717, ""delta"": -0.423, ""score"": 75.7}, {""contract_symbol"": ""COIN260911C00185000"", ""expiration"": ""2026-09-11"", ""dte"": 10, ""type"": ""call"", ""strike"": 185.0, ""volume"": 1759, ""open_interest"": 444, ""volume_prev"": 567, ""volume_ratio"": 3.1, ""oi_prev"": 442, ""oi_change"": 2, ""oi_change_pct"": 0.5, ""flow"": ""开仓"", ""vol_oi_ratio"": 3.96, ""premium"": 7388.0, ""iv"": 0.629, ""delta"": 0.358, ""score"": 35.3}, {""contract_symbol"": ""COIN260904P00172500"", ""expiration"": ""2026-09-04"", ""dte"": 3, ""type"": ""put"", ""strike"": 172.5, ""volume"": 3920, ""open_interest"": 1060, ""volume_prev"": 1043, ""volume_ratio"": 3.8, ""oi_prev"": 1094, ""oi_change"": -34, ""oi_change_pct"": -3.1, ""flow"": ""平仓"", ""vol_oi_ratio"": 3.7, ""premium"": 10506.0, ""iv"": 0.716, ""delta"": -0.339, ""score"": 34.2}, {""contract_symbol"": ""COIN260911P00135000"", ""expiration"": ""2026-09-11"", ""dte"": 10, ""type"": ""put"", ""strike"": 135.0, ""volume"": 661, ""open_interest"": 114, ""volume_prev"": 27, ""volume_ratio"": 24.5, ""oi_prev"": 113, ""oi_change"": 1, ""oi_change_pct"": 0.9, ""flow"": ""开仓"", ""vol_oi_ratio"": 5.8, ""premium"": 165.0, ""iv"": 0.8669, ""delta"": -0.015, ""score"": 29.6}]","[{""contract_symbol"": ""COIN260918P00160000"", ""expiration"": ""2026-09-18"", ""type"": ""put"", ""strike"": 160.0, ""volume"": 841, ""volume_prev"": 2270, ""oi"": 6767, ""oi_prev"": 5158, ""oi_change"": 1609, ""last_price"": 3.1, ""iv"": 0.6365, ""delta"": -0.211}, {""contract_symbol"": ""COIN260904C00195000"", ""expiration"": ""2026-09-04"", ""type"": ""call"", ""strike"": 195.0, ""volume"": 1849, ""volume_prev"": 3833, ""oi"": 12546, ""oi_prev"": 11221, ""oi_change"": 1325, ""last_price"": 0.56, ""iv"": 0.7985, ""delta"": 0.098}, {""contract_symbol"": ""COIN260904C00210000"", ""expiration"": ""2026-09-04"", ""type"": ""call"", ""strike"": 210.0, ""volume"": 881, ""volume_prev"": 3800, ""oi"": 3045, ""oi_prev"": 1735, ""oi_change"": 1310, ""last_price"": 0.11, ""iv"": 0.9106, ""delta"": 0.023}, {""contract_symbol"": ""COIN260918P00100000"", ""expiration"": ""2026-09-18"", ""type"": ""put"", ""strike"": 100.0, ""volume"": 507, ""volume_prev"": 1792, ""oi"": 8110, ""oi_prev"": 7329, ""oi_change"": 781, ""last_price"": 0.07, ""iv"": 1.0985, ""delta"": -0.006}, {""contract_symbol"": ""COIN260904C00190000"", ""expiration"": ""2026-09-04"", ""type"": ""call"", ""strike"": 190.0, ""volume"": 4583, ""volume_prev"": 7103, ""oi"": 6311, ""oi_prev"": 5581, ""oi_change"": 730, ""last_price"": 1.03, ""iv"": 0.7691, ""delta"": 0.165}]"
2026-09-02,早报,cboe,177.34,0.4311521477318346,0.48335892229211036,0.5136354316177978,0.5465600521514195,177.5,190.0,0.7245999999999999,0.6271,0.865443003036158,-3.920842860889262,4.497011390549227,1697920.1299999973,351918.89999999973,"[{""strike"": 170.0, ""type"": ""call"", ""oi"": 18075}, {""strike"": 185.0, ""type"": ""call"", ""oi"": 10403}, {""strike"": 180.0, ""type"": ""call"", ""oi"": 6619}]","[{""contract_symbol"": ""COIN260904C00177500"", ""expiration"": ""2026-09-04"", ""dte"": 2, ""type"": ""call"", ""strike"": 177.5, ""volume"": 872, ""open_interest"": 561, ""volume_prev"": 771, ""volume_ratio"": 1.1, ""oi_prev"": 346, ""oi_change"": 215, ""oi_change_pct"": 62.1, ""flow"": ""开仓"", ""vol_oi_ratio"": 1.55, ""premium"": 3401.0, ""iv"": 0.7252, ""delta"": 0.502, ""score"": 12.6}, {""contract_symbol"": ""COIN260904C00175000"", ""expiration"": ""2026-09-04"", ""dte"": 2, ""type"": ""call"", ""strike"": 175.0, ""volume"": 703, ""open_interest"": 474, ""volume_prev"": 557, ""volume_ratio"": 1.3, ""oi_prev"": 319, ""oi_change"": 155, ""oi_change_pct"": 48.6, ""flow"": ""开仓"", ""vol_oi_ratio"": 1.48, ""premium"": 3656.0, ""iv"": 0.7215, ""delta"": 0.601, ""score"": 12.2}, {""contract_symbol"": ""COIN261002C00200000"", ""expiration"": ""2026-10-02"", ""dte"": 30, ""type"": ""call"", ""strike"": 200.0, ""volume"": 529, ""open_interest"": 433, ""volume_prev"": 28, ""volume_ratio"": 18.9, ""oi_prev"": 430, ""oi_change"": 3, ""oi_change_pct"": 0.7, ""flow"": ""开仓"", ""vol_oi_ratio"": 1.22, ""premium"": 2989.0, ""iv"": 0.647, ""delta"": 0.296, ""score"": 9.8}]","[{""contract_symbol"": ""COIN260911C00190000"", ""expiration"": ""2026-09-11"", ""type"": ""call"", ""strike"": 190.0, ""volume"": 864, ""volume_prev"": 6271, ""oi"": 4937, ""oi_prev"": 713, ""oi_change"": 4224, ""last_price"": 2.72, ""iv"": 0.628, ""delta"": 0.263}, {""contract_symbol"": ""COIN260904P00175000"", ""expiration"": ""2026-09-04"", ""type"": ""put"", ""strike"": 175.0, ""volume"": 472, ""volume_prev"": 6958, ""oi"": 1810, ""oi_prev"": 933, ""oi_change"": 877, ""last_price"": 2.93, ""iv"": 0.7105, ""delta"": -0.401}, {""contract_symbol"": ""COIN260918P00085000"", ""expiration"": ""2026-09-18"", ""type"": ""put"", ""strike"": 85.0, ""volume"": 948, ""volume_prev"": 948, ""oi"": 2167, ""oi_prev"": 1445, ""oi_change"": 722, ""last_price"": 0.03, ""iv"": 1.3322, ""delta"": -0.003, ""volume_source"": ""yfinance""}, {""contract_symbol"": ""COIN260904C00180000"", ""expiration"": ""2026-09-04"", ""type"": ""call"", ""strike"": 180.0, ""volume"": 2351, ""volume_prev"": 4561, ""oi"": 2417, ""oi_prev"": 1706, ""oi_change"": 711, ""last_price"": 2.9, ""iv"": 0.728, ""delta"": 0.406}, {""contract_symbol"": ""COIN260911C00185000"", ""expiration"": ""2026-09-11"", ""type"": ""call"", ""strike"": 185.0, ""volume"": 151, ""volume_prev"": 1759, ""oi"": 1143, ""oi_prev"": 444, ""oi_change"": 699, ""last_price"": 3.9, ""iv"": 0.6144, ""delta"": 0.353}]"
2026-09-02,晚报,cboe,174.9600067138672,0.1890353017732227,0.48335892229211036,0.22450133247193732,0.5465600521514195,177.5,190.0,0.7068,0.61635,0.8720288624787775,-3.262539820806376,4.200960058272246,941012.6900000006,338518.5899999997,"[{""strike"": 170.0, ""type"": ""call"", ""oi"": 18075}, {""strike"": 180.0, ""type"": ""call"", ""oi"": 6619}, {""strike"": 170.0, ""type"": ""put"", ""oi"": 5491}]","[{""contract_symbol"": ""COIN260911C00187500"", ""expiration"": ""2026-09-11"", ""dte"": 9, ""type"": ""call"", ""strike"": 187.5, ""volume"": 5021, ""open_interest"": 338, ""volume_prev"": 228, ""volume_ratio"": 22.0, ""oi_prev"": 283, ""oi_change"": 55, ""oi_change_pct"": 19.4, ""flow"": ""开仓"", ""vol_oi_ratio"": 14.86, ""premium"": 12703.0, ""iv"": 0.6199, ""delta"": 0.263, ""score"": 140.4}, {""contract_symbol"": ""COIN260911C00180000"", ""expiration"": ""2026-09-11"", ""dte"": 9, ""type"": ""call"", ""strike"": 180.0, ""volume"": 6393, ""open_interest"": 535, ""volume_prev"": 430, ""volume_ratio"": 14.9, ""oi_prev"": 500, ""oi_change"": 35, ""oi_change_pct"": 7.0, ""flow"": ""开仓"", ""vol_oi_ratio"": 11.95, ""premium"": 29568.0, ""iv"": 0.6055, ""delta"": 0.408, ""score"": 123.0}, {""contract_symbol"": ""COIN260904C00175000"", ""expiration"": ""2026-09-04"", ""dte"": 2, ""type"": ""call"", ""strike"": 175.0, ""volume"": 1410, ""open_interest"": 474, ""volume_prev"": 557, ""volume_ratio"": 2.5, ""oi_prev"": 319, ""oi_change"": 155, ""oi_change_pct"": 48.6, ""flow"": ""开仓"", ""vol_oi_ratio"": 2.97, ""premium"": 5217.0, ""iv"": 0.7028, ""delta"": 0.513, ""score"": 25.5}, {""contract_symbol"": ""COIN260911C00177500"", ""expiration"": ""2026-09-11"", ""dte"": 9, ""type"": ""call"", ""strike"": 177.5, ""volume"": 660, ""open_interest"": 214, ""volume_prev"": 254, ""volume_ratio"": 2.6, ""oi_prev"": 104, ""oi_change"": 110, ""oi_change_pct"": 105.8, ""flow"": ""开仓"", ""vol_oi_ratio"": 3.08, ""premium"": 3679.0, ""iv"": 0.6038, ""delta"": 0.464, ""score"": 25.3}, {""contract_symbol"": ""COIN260904C00177500"", ""expiration"": ""2026-09-04"", ""dte"": 2, ""type"": ""call"", ""strike"": 177.5, ""volume"": 1571, ""open_interest"": 561, ""volume_prev"": 771, ""volume_ratio"": 2.0, ""oi_prev"": 346, ""oi_change"": 215, ""oi_change_pct"": 62.1, ""flow"": ""开仓"", ""vol_oi_ratio"": 2.8, ""premium"": 4257.0, ""iv"": 0.7195, ""delta"": 0.407, ""score"": 23.4}]","[{""contract_symbol"": ""COIN260911C00190000"", ""expiration"": ""2026-09-11"", ""type"": ""call"", ""strike"": 190.0, ""volume"": 2790, ""volume_prev"": 6271, ""oi"": 4937, ""oi_prev"": 713, ""oi_change"": 4224, ""last_price"": 2.1, ""iv"": 0.6295, ""delta"": 0.224}, {""contract_symbol"": ""COIN260904P00175000"", ""expiration"": ""2026-09-04"", ""type"": ""put"", ""strike"": 175.0, ""volume"": 1399, ""volume_prev"": 6958, ""oi"": 1810, ""oi_prev"": 933, ""oi_change"": 877, ""last_price"": 3.68, ""iv"": 0.7108, ""delta"": -0.489}, {""contract_symbol"": ""COIN260918P00085000"", ""expiration"": ""2026-09-18"", ""type"": ""put"", ""strike"": 85.0, ""volume"": 19, ""volume_prev"": 948, ""oi"": 2167, ""oi_prev"": 1445, ""oi_change"": 722, ""last_price"": 0.04, ""iv"": 1.3219, ""delta"": -0.003}, {""contract_symbol"": ""COIN260904C00180000"", ""expiration"": ""2026-09-04"", ""type"": ""call"", ""strike"": 180.0, ""volume"": 4093, ""volume_prev"": 4561, ""oi"": 2417, ""oi_prev"": 1706, ""oi_change"": 711, ""last_price"": 1.85, ""iv"": 0.7242, ""delta"": 0.314}, {""contract_symbol"": ""COIN260911C00185000"", ""expiration"": ""2026-09-11"", ""type"": ""call"", ""strike"": 185.0, ""volume"": 392, ""volume_prev"": 1759, ""oi"": 1143, ""oi_prev"": 444, ""oi_change"": 699, ""last_price"": 3.3, ""iv"": 0.6165, ""delta"": 0.306}]"
2026-09-03,早报,cboe,185.935,0.25285978864800085,0.5401905013890727,0.2130690616289873,0.5433097541805567,177.5,190.0,0.8738999999999999,0.6463,0.739558301865202,-0.512424448217319,4.1412321510205174,5401346.399999998,404599.91000000015,"[{""strike"": 190.0, ""type"": ""call"", ""oi"": 16463}, {""strike"": 180.0, ""type"": ""call"", ""oi"": 12178}, {""strike"": 195.0, ""type"": ""call"", ""oi"": 11520}]","[{""contract_symbol"": ""COIN260911C00197500"", ""expiration"": ""2026-09-11"", ""dte"": 8, ""type"": ""call"", ""strike"": 197.5, ""volume"": 1951, ""open_interest"": 158, ""volume_prev"": 62, ""volume_ratio"": 31.5, ""oi_prev"": 169, ""oi_change"": -11, ""oi_change_pct"": -6.5, ""flow"": ""平仓"", ""vol_oi_ratio"": 12.35, ""premium"": 6575.0, ""iv"": 0.6644, ""delta"": 0.301, ""score"": 108.6}, {""contract_symbol"": ""COIN260911C00190000"", ""expiration"": ""2026-09-11"", ""dte"": 8, ""type"": ""call"", ""strike"": 190.0, ""volume"": 5519, ""open_interest"": 4780, ""volume_prev"": 2790, ""volume_ratio"": 2.0, ""oi_prev"": 4937, ""oi_change"": -157, ""oi_change_pct"": -3.2, ""flow"": ""平仓"", ""vol_oi_ratio"": 1.15, ""premium"": 31320.0, ""iv"": 0.6499, ""delta"": 0.443, ""score"": 12.0}, {""contract_symbol"": ""COIN260904C00187500"", ""expiration"": ""2026-09-04"", ""dte"": 1, ""type"": ""call"", ""strike"": 187.5, ""volume"": 2063, ""open_interest"": 1892, ""volume_prev"": 559, ""volume_ratio"": 3.7, ""oi_prev"": 1877, ""oi_change"": 15, ""oi_change_pct"": 0.8, ""flow"": ""开仓"", ""vol_oi_ratio"": 1.09, ""premium"": 6756.0, ""iv"": 0.863, ""delta"": 0.458, ""score"": 9.6}]","[{""contract_symbol"": ""COIN260911C00180000"", ""expiration"": ""2026-09-11"", ""type"": ""call"", ""strike"": 180.0, ""volume"": 243, ""volume_prev"": 6393, ""oi"": 5673, ""oi_prev"": 535, ""oi_change"": 5138, ""last_price"": 9.57, ""iv"": 0.6419, ""delta"": 0.659}, {""contract_symbol"": ""COIN260911C00187500"", ""expiration"": ""2026-09-11"", ""type"": ""call"", ""strike"": 187.5, ""volume"": 122, ""volume_prev"": 5021, ""oi"": 5111, ""oi_prev"": 338, ""oi_change"": 4773, ""last_price"": 6.55, ""iv"": 0.6322, ""delta"": 0.496}, {""contract_symbol"": ""COIN260904C00190000"", ""expiration"": ""2026-09-04"", ""type"": ""call"", ""strike"": 190.0, ""volume"": 3283, ""volume_prev"": 8881, ""oi"": 7099, ""oi_prev"": 6530, ""oi_change"": 569, ""last_price"": 2.29, ""iv"": 0.888, ""delta"": 0.362}, {""contract_symbol"": ""COIN260918C00190000"", ""expiration"": ""2026-09-18"", ""type"": ""call"", ""strike"": 190.0, ""volume"": 175, ""volume_prev"": 1188, ""oi"": 3589, ""oi_prev"": 3086, ""oi_change"": 503, ""last_price"": 8.5, ""iv"": 0.6572, ""delta"": 0.475}, {""contract_symbol"": ""COIN260904P00155000"", ""expiration"": ""2026-09-04"", ""type"": ""put"", ""strike"": 155.0, ""volume"": 79, ""volume_prev"": 637, ""oi"": 1428, ""oi_prev"": 998, ""oi_change"": 430, ""last_price"": 0.03, ""iv"": 1.1822, ""delta"": -0.008}]"
2026-09-03,晚报,cboe,192.6999969482422,0.4081590418170295,0.5401905013890727,0.42512861186503575,0.5433097541805567,177.5,190.0,0.8945000000000001,0.6795,0.7596422582448294,-10.262815589717423,3.7752984510705585,7910524.169999986,399133.74000000005,"[{""strike"": 200.0, ""type"": ""call"", ""oi"": 19529}, {""strike"": 190.0, ""type"": ""call"", ""oi"": 16463}, {""strike"": 195.0, ""type"": ""call"", ""oi"": 11520}]","[{""contract_symbol"": ""COIN260911C00197500"", ""expiration"": ""2026-09-11"", ""dte"": 8, ""type"": ""call"", ""strike"": 197.5, ""volume"": 7827, ""open_interest"": 158, ""volume_prev"": 62, ""volume_ratio"": 126.2, ""oi_prev"": 169, ""oi_change"": -11, ""oi_change_pct"": -6.5, ""flow"": ""平仓"", ""vol_oi_ratio"": 49.54, ""premium"": 44810.0, ""iv"": 0.6746, ""delta"": 0.429, ""score"": 214.2}, {""contract_symbol"": ""COIN260911P00192500"", ""expiration"": ""2026-09-11"", ""dte"": 8, ""type"": ""put"", ""strike"": 192.5, ""volume"": 916, ""open_interest"": 46, ""volume_prev"": 15, ""volume_ratio"": 61.1, ""oi_prev"": 51, ""oi_change"": -5, ""oi_change_pct"": -9.8, ""flow"": ""平仓"", ""vol_oi_ratio"": 19.91, ""premium"": 6778.0, ""iv"": 0.6686, ""delta"": -0.472, ""score"": 175.7}, {""contract_symbol"": ""COIN260911P00190000"", ""expiration"": ""2026-09-11"", ""dte"": 8, ""type"": ""put"", ""strike"": 190.0, ""volume"": 925, ""open_interest"": 86, ""volume_prev"": 4, ""volume_ratio"": 231.2, ""oi_prev"": 94, ""oi_change"": -8, ""oi_change_pct"": -8.5, ""flow"": ""平仓"", ""vol_oi_ratio"": 10.76, ""premium"": 5619.0, ""iv"": 0.663, ""delta"": -0.419, ""score"": 92.9}, {""contract_symbol"": ""COIN260911C00202500"", ""expiration"": ""2026-09-11"", ""dte"": 8, ""type"": ""call"", ""strike"": 202.5, ""volume"": 1020, ""open_interest"": 94, ""volume_prev"": 42, ""volume_ratio"": 24.3, ""oi_prev"": 82, ""oi_change"": 12, ""oi_change_pct"": 14.6, ""flow"": ""开仓"", ""vol_oi_ratio"": 10.85, ""premium"": 4233.0, ""iv"": 0.6875, ""delta"": 0.34, ""score"": 90.6}, {""contract_symbol"": ""COIN260904C00197500"", ""expiration"": ""2026-09-04"", ""dte"": 1, ""type"": ""call"", ""strike"": 197.5, ""volume"": 7582, ""open_interest"": 817, ""volume_prev"": 114, ""volume_ratio"": 66.5, ""oi_prev"": 829, ""oi_change"": -12, ""oi_change_pct"": -1.4, ""flow"": ""平仓"", ""vol_oi_ratio"": 9.28, ""premium"": 14823.0, ""iv"": 0.9354, ""delta"": 0.323, ""score"": 89.1}]","[{""contract_symbol"": ""COIN260911C00180000"", ""expiration"": ""2026-09-11"", ""type"": ""call"", ""strike"": 180.0, ""volume"": 1122, ""volume_prev"": 6393, ""oi"": 5673, ""oi_prev"": 535, ""oi_change"": 5138, ""last_price"": 15.2, ""iv"": 0.6052, ""delta"": 0.778}, {""contract_symbol"": ""COIN260911C00187500"", ""expiration"": ""2026-09-11"", ""type"": ""call"", ""strike"": 187.5, ""volume"": 346, ""volume_prev"": 5021, ""oi"": 5111, ""oi_prev"": 338, ""oi_change"": 4773, ""last_price"": 10.45, ""iv"": 0.6562, ""delta"": 0.634}, {""contract_symbol"": ""COIN260904C00190000"", ""expiration"": ""2026-09-04"", ""type"": ""call"", ""strike"": 190.0, ""volume"": 9739, ""volume_prev"": 8881, ""oi"": 7099, ""oi_prev"": 6530, ""oi_change"": 569, ""last_price"": 5.05, ""iv"": 0.8633, ""delta"": 0.633}, {""contract_symbol"": ""COIN260918C00190000"", ""expiration"": ""2026-09-18"", ""type"": ""call"", ""strike"": 190.0, ""volume"": 521, ""volume_prev"": 1188, ""oi"": 3589, ""oi_prev"": 3086, ""oi_change"": 503, ""last_price"": 12.16, ""iv"": 0.676, ""delta"": 0.574}, {""contract_symbol"": ""COIN260904P00155000"", ""expiration"": ""2026-09-04"", ""type"": ""put"", ""strike"": 155.0, ""volume"": 317, ""volume_prev"": 637, ""oi"": 1428, ""oi_prev"": 998, ""oi_change"": 430, ""last_price"": 0.02, ""iv"": 1.5381, ""delta"": -0.005}]"
2026-09-04,早报,cboe,185.7725,0.5409533842507243,0.5899264274670789,0.4499506903353057,0.5476800803792251,180.0,190.0,0.9099999999999999,0.6573,0.7223076923076923,-3.492864900760473,1.9836089841069044,4561820.180000002,484945.66000000015,"[{""strike"": 190.0, ""type"": ""call"", ""oi"": 12839}, {""strike"": 180.0, ""type"": ""call"", ""oi"": 11757}, {""strike"": 195.0, ""type"": ""call"", ""oi"": 11527}]","[{""contract_symbol"": ""COIN260911C00192500"", ""expiration"": ""2026-09-11"", ""dte"": 7, ""type"": ""call"", ""strike"": 192.5, ""volume"": 3551, ""open_interest"": 492, ""volume_prev"": 517, ""volume_ratio"": 6.9, ""oi_prev"": 486, ""oi_change"": 6, ""oi_change_pct"": 1.2, ""flow"": ""开仓"", ""vol_oi_ratio"": 7.22, ""premium"": 14026.0, ""iv"": 0.6296, ""delta"": 0.369, ""score"": 68.9}, {""contract_symbol"": ""COIN260925C00185000"", ""expiration"": ""2026-09-25"", ""dte"": 21, ""type"": ""call"", ""strike"": 185.0, ""volume"": 1108, ""open_interest"": 396, ""volume_prev"": 103, ""volume_ratio"": 10.8, ""oi_prev"": 425, ""oi_change"": -29, ""oi_change_pct"": -6.8, ""flow"": ""平仓"", ""vol_oi_ratio"": 2.8, ""premium"": 13462.0, ""iv"": 0.6396, ""delta"": 0.55, ""score"": 26.6}, {""contract_symbol"": ""COIN260904P00187500"", ""expiration"": ""2026-09-04"", ""dte"": 0, ""type"": ""put"", ""strike"": 187.5, ""volume"": 1452, ""open_interest"": 1165, ""volume_prev"": 1814, ""volume_ratio"": 0.8, ""oi_prev"": 780, ""oi_change"": 385, ""oi_change_pct"": 49.4, ""flow"": ""开仓"", ""vol_oi_ratio"": 1.25, ""premium"": 3978.0, ""iv"": 0.9303, ""delta"": -0.631, ""score"": 10.3}, {""contract_symbol"": ""COIN260904P00185000"", ""expiration"": ""2026-09-04"", ""dte"": 0, ""type"": ""put"", ""strike"": 185.0, ""volume"": 3767, ""open_interest"": 3637, ""volume_prev"": 8284, ""volume_ratio"": 0.5, ""oi_prev"": 2381, ""oi_change"": 1256, ""oi_change_pct"": 52.8, ""flow"": ""开仓"", ""vol_oi_ratio"": 1.04, ""premium"": 5198.0, ""iv"": 0.9114, ""delta"": -0.419, ""score"": 8.9}, {""contract_symbol"": ""COIN260904P00182500"", ""expiration"": ""2026-09-04"", ""dte"": 0, ""type"": ""put"", ""strike"": 182.5, ""volume"": 1517, ""open_interest"": 1226, ""volume_prev"": 1816, ""volume_ratio"": 0.8, ""oi_prev"": 930, ""oi_change"": 296, ""oi_change_pct"": 31.8, ""flow"": ""开仓"", ""vol_oi_ratio"": 1.24, ""premium"": 918.0, ""iv"": 0.9178, ""delta"": -0.224, ""score"": 8.4}]","[{""contract_symbol"": ""COIN260911C00205000"", ""expiration"": ""2026-09-11"", ""type"": ""call"", ""strike"": 205.0, ""volume"": 152, ""volume_prev"": 5744, ""oi"": 5300, ""oi_prev"": 1006, ""oi_change"": 4294, ""last_price"": 1.52, ""iv"": 0.6766, ""delta"": 0.17}, {""contract_symbol"": ""COIN260911C00197500"", ""expiration"": ""2026-09-11"", ""type"": ""call"", ""strike"": 197.5, ""volume"": 44, ""volume_prev"": 7827, ""oi"": 3628, ""oi_prev"": 158, ""oi_change"": 3470, ""last_price"": 2.77, ""iv"": 0.6505, ""delta"": 0.274}, {""contract_symbol"": ""COIN260904C00197500"", ""expiration"": ""2026-09-04"", ""type"": ""call"", ""strike"": 197.5, ""volume"": 3171, ""volume_prev"": 7582, ""oi"": 3299, ""oi_prev"": 817, ""oi_change"": 2482, ""last_price"": 0.06, ""iv"": 1.204, ""delta"": 0.024}, {""contract_symbol"": ""COIN260918C00320000"", ""expiration"": ""2026-09-18"", ""type"": ""call"", ""strike"": 320.0, ""volume"": 2009, ""volume_prev"": 2009, ""oi"": 2707, ""oi_prev"": 972, ""oi_change"": 1735, ""last_price"": 0.14, ""iv"": 1.0998, ""delta"": 0.006, ""volume_source"": ""yfinance""}, {""contract_symbol"": ""COIN260904P00190000"", ""expiration"": ""2026-09-04"", ""type"": ""put"", ""strike"": 190.0, ""volume"": 1063, ""volume_prev"": 4587, ""oi"": 2711, ""oi_prev"": 1171, ""oi_change"": 1540, ""last_price"": 4.45, ""iv"": 0.9247, ""delta"": -0.79}]"
2026-09-04,晚报,cboe,184.63999938964844,0.45911980925889134,0.5899264274670789,0.5351409307806735,0.5476800803792251,180.0,190.0,0.69655,0.6376,0.9153686023975306,-2.2911284268911425,0.4549393429250051,3778527.780000002,653208.8399999999,"[{""strike"": 190.0, ""type"": ""call"", ""oi"": 12839}, {""strike"": 180.0, ""type"": ""call"", ""oi"": 11757}, {""strike"": 185.0, ""type"": ""call"", ""oi"": 9856}]","[{""contract_symbol"": ""COIN261002C00187500"", ""expiration"": ""2026-10-02"", ""dte"": 28, ""type"": ""call"", ""strike"": 187.5, ""volume"": 1192, ""open_interest"": 126, ""volume_prev"": 2, ""volume_ratio"": 596.0, ""oi_prev"": 128, ""oi_change"": -2, ""oi_change_pct"": -1.6, ""flow"": ""平仓"", ""vol_oi_ratio"": 9.46, ""premium"": 14364.0, ""iv"": 0.6404, ""delta"": 0.509, ""score"": 90.6}, {""contract_symbol"": ""COIN260911C00192500"", ""expiration"": ""2026-09-11"", ""dte"": 7, ""type"": ""call"", ""strike"": 192.5, ""volume"": 3920, ""open_interest"": 492, ""volume_prev"": 517, ""volume_ratio"": 7.6, ""oi_prev"": 486, ""oi_change"": 6, ""oi_change_pct"": 1.2, ""flow"": ""开仓"", ""vol_oi_ratio"": 7.97, ""premium"": 12936.0, ""iv"": 0.6192, ""delta"": 0.332, ""score"": 75.4}, {""contract_symbol"": ""COIN260911P00185000"", ""expiration"": ""2026-09-11"", ""dte"": 7, ""type"": ""put"", ""strike"": 185.0, ""volume"": 2281, ""open_interest"": 650, ""volume_prev"": 1016, ""volume_ratio"": 2.2, ""oi_prev"": 134, ""oi_change"": 516, ""oi_change_pct"": 385.1, ""flow"": ""开仓"", ""vol_oi_ratio"": 3.51, ""premium"": 14256.0, ""iv"": 0.5956, ""delta"": -0.493, ""score"": 33.6}, {""contract_symbol"": ""COIN260911C00195000"", ""expiration"": ""2026-09-11"", ""dte"": 7, ""type"": ""call"", ""strike"": 195.0, ""volume"": 5333, ""open_interest"": 1552, ""volume_prev"": 2317, ""volume_ratio"": 2.3, ""oi_prev"": 600, ""oi_change"": 952, ""oi_change_pct"": 158.7, ""flow"": ""开仓"", ""vol_oi_ratio"": 3.44, ""premium"": 15066.0, ""iv"": 0.6282, ""delta"": 0.282, ""score"": 33.1}, {""contract_symbol"": ""COIN260925C00185000"", ""expiration"": ""2026-09-25"", ""dte"": 21, ""type"": ""call"", ""strike"": 185.0, ""volume"": 1215, ""open_interest"": 396, ""volume_prev"": 103, ""volume_ratio"": 11.8, ""oi_prev"": 425, ""oi_change"": -29, ""oi_change_pct"": -6.8, ""flow"": ""平仓"", ""vol_oi_ratio"": 3.07, ""premium"": 13942.0, ""iv"": 0.6448, ""delta"": 0.532, ""score"": 29.3}]","[{""contract_symbol"": ""COIN260911C00205000"", ""expiration"": ""2026-09-11"", ""type"": ""call"", ""strike"": 205.0, ""volume"": 986, ""volume_prev"": 5744, ""oi"": 5300, ""oi_prev"": 1006, ""oi_change"": 4294, ""last_price"": 1.2, ""iv"": 0.6723, ""delta"": 0.141}, {""contract_symbol"": ""COIN260911C00197500"", ""expiration"": ""2026-09-11"", ""type"": ""call"", ""strike"": 197.5, ""volume"": 466, ""volume_prev"": 7827, ""oi"": 3628, ""oi_prev"": 158, ""oi_change"": 3470, ""last_price"": 2.22, ""iv"": 0.6466, ""delta"": 0.239}, {""contract_symbol"": ""COIN260904C00197500"", ""expiration"": ""2026-09-04"", ""type"": ""call"", ""strike"": 197.5, ""volume"": 4864, ""volume_prev"": 7582, ""oi"": 3299, ""oi_prev"": 817, ""oi_change"": 2482, ""last_price"": 0.01, ""iv"": 3.3147, ""delta"": 0.002}, {""contract_symbol"": ""COIN260918C00320000"", ""expiration"": ""2026-09-18"", ""type"": ""call"", ""strike"": 320.0, ""volume"": 8, ""volume_prev"": 2009, ""oi"": 2707, ""oi_prev"": 972, ""oi_change"": 1735, ""last_price"": 0.06, ""iv"": 1.0468, ""delta"": 0.006}, {""contract_symbol"": ""COIN260904P00190000"", ""expiration"": ""2026-09-04"", ""type"": ""put"", ""strike"": 190.0, ""volume"": 1845, ""volume_prev"": 4587, ""oi"": 2711, ""oi_prev"": 1171, ""oi_change"": 1540, ""last_price"": 5.38, ""iv"": 0.0, ""delta"": -0.993}]"
2026-09-07,早报,cboe,184.8,0.4809941983958406,0.49970179465399145,0.6643539147040102,0.5980224859341023,180.0,185.0,0.5955,0.6529,1.0963895885810244,-6.496266228699832,6.6017316017316015,4727979.69,333031.48000000016,"[{""strike"": 180.0, ""type"": ""call"", ""oi"": 11548}, {""strike"": 190.0, ""type"": ""call"", ""oi"": 9389}, {""strike"": 187.5, ""type"": ""call"", ""oi"": 8282}]","[{""contract_symbol"": ""COIN260911C00187500"", ""expiration"": ""2026-09-11"", ""dte"": 4, ""type"": ""call"", ""strike"": 187.5, ""volume"": 8258, ""open_interest"": 6448, ""volume_prev"": 8258, ""volume_ratio"": 1.0, ""oi_prev"": 5058, ""oi_change"": 1390, ""oi_change_pct"": 27.5, ""flow"": ""开仓"", ""vol_oi_ratio"": 1.28, ""premium"": 40051.0, ""iv"": 0.5946, ""delta"": 0.447, ""score"": 13.6}, {""contract_symbol"": ""COIN260925C00185000"", ""expiration"": ""2026-09-25"", ""dte"": 18, ""type"": ""call"", ""strike"": 185.0, ""volume"": 1215, ""open_interest"": 936, ""volume_prev"": 1215, ""volume_ratio"": 1.0, ""oi_prev"": 396, ""oi_change"": 540, ""oi_change_pct"": 136.4, ""flow"": ""开仓"", ""vol_oi_ratio"": 1.3, ""premium"": 13942.0, ""iv"": 0.6443, ""delta"": 0.532, ""score"": 12.4}, {""contract_symbol"": ""COIN260911P00185000"", ""expiration"": ""2026-09-11"", ""dte"": 4, ""type"": ""put"", ""strike"": 185.0, ""volume"": 2281, ""open_interest"": 1808, ""volume_prev"": 2281, ""volume_ratio"": 1.0, ""oi_prev"": 650, ""oi_change"": 1158, ""oi_change_pct"": 178.2, ""flow"": ""开仓"", ""vol_oi_ratio"": 1.26, ""premium"": 14256.0, ""iv"": 0.5976, ""delta"": -0.492, ""score"": 12.1}, {""contract_symbol"": ""COIN260911P00180000"", ""expiration"": ""2026-09-11"", ""dte"": 4, ""type"": ""put"", ""strike"": 180.0, ""volume"": 2281, ""open_interest"": 1826, ""volume_prev"": 2281, ""volume_ratio"": 1.0, ""oi_prev"": 1088, ""oi_change"": 738, ""oi_change_pct"": 67.8, ""flow"": ""开仓"", ""vol_oi_ratio"": 1.25, ""premium"": 8668.0, ""iv"": 0.5815, ""delta"": -0.359, ""score"": 11.3}, {""contract_symbol"": ""COIN261002C00187500"", ""expiration"": ""2026-10-02"", ""dte"": 25, ""type"": ""call"", ""strike"": 187.5, ""volume"": 1192, ""open_interest"": 1054, ""volume_prev"": 1192, ""volume_ratio"": 1.0, ""oi_prev"": 126, ""oi_change"": 928, ""oi_change_pct"": 736.5, ""flow"": ""开仓"", ""vol_oi_ratio"": 1.13, ""premium"": 14364.0, ""iv"": 0.6388, ""delta"": 0.51, ""score"": 10.8}]","[{""contract_symbol"": ""COIN260911C00195000"", ""expiration"": ""2026-09-11"", ""type"": ""call"", ""strike"": 195.0, ""volume"": 5333, ""volume_prev"": 5333, ""oi"": 5923, ""oi_prev"": 1552, ""oi_change"": 4371, ""last_price"": 2.73, ""iv"": 0.6268, ""delta"": 0.284}, {""contract_symbol"": ""COIN260911C00192500"", ""expiration"": ""2026-09-11"", ""type"": ""call"", ""strike"": 192.5, ""volume"": 3920, ""volume_prev"": 3920, ""oi"": 3891, ""oi_prev"": 492, ""oi_change"": 3399, ""last_price"": 3.35, ""iv"": 0.6176, ""delta"": 0.333}, {""contract_symbol"": ""COIN260911C00187500"", ""expiration"": ""2026-09-11"", ""type"": ""call"", ""strike"": 187.5, ""volume"": 8258, ""volume_prev"": 8258, ""oi"": 6448, ""oi_prev"": 5058, ""oi_change"": 1390, ""last_price"": 4.75, ""iv"": 0.5946, ""delta"": 0.447}, {""contract_symbol"": ""COIN260911P00185000"", ""expiration"": ""2026-09-11"", ""type"": ""put"", ""strike"": 185.0, ""volume"": 2281, ""volume_prev"": 2281, ""oi"": 1808, ""oi_prev"": 650, ""oi_change"": 1158, ""last_price"": 6.4, ""iv"": 0.5976, ""delta"": -0.492}, {""contract_symbol"": ""COIN261002C00187500"", ""expiration"": ""2026-10-02"", ""type"": ""call"", ""strike"": 187.5, ""volume"": 1192, ""volume_prev"": 1192, ""oi"": 1054, ""oi_prev"": 126, ""oi_change"": 928, ""last_price"": 12.65, ""iv"": 0.6388, ""delta"": 0.51}]"
2026-09-07,晚报,cboe,184.63999938964844,0.4809941983958406,0.49970179465399145,0.6643539147040102,0.5980224859341023,180.0,185.0,0.5955,0.6529,1.0963895885810244,-6.496266228699832,6.607452361529835,4727979.69,333031.48000000016,"[{""strike"": 180.0, ""type"": ""call"", ""oi"": 11548}, {""strike"": 190.0, ""type"": ""call"", ""oi"": 9389}, {""strike"": 187.5, ""type"": ""call"", ""oi"": 8282}]","[{""contract_symbol"": ""COIN260911C00187500"", ""expiration"": ""2026-09-11"", ""dte"": 4, ""type"": ""call"", ""strike"": 187.5, ""volume"": 8258, ""open_interest"": 6448, ""volume_prev"": 8258, ""volume_ratio"": 1.0, ""oi_prev"": 5058, ""oi_change"": 1390, ""oi_change_pct"": 27.5, ""flow"": ""开仓"", ""vol_oi_ratio"": 1.28, ""premium"": 40051.0, ""iv"": 0.5946, ""delta"": 0.447, ""score"": 13.6}, {""contract_symbol"": ""COIN260925C00185000"", ""expiration"": ""2026-09-25"", ""dte"": 18, ""type"": ""call"", ""strike"": 185.0, ""volume"": 1215, ""open_interest"": 936, ""volume_prev"": 1215, ""volume_ratio"": 1.0, ""oi_prev"": 396, ""oi_change"": 540, ""oi_change_pct"": 136.4, ""flow"": ""开仓"", ""vol_oi_ratio"": 1.3, ""premium"": 13942.0, ""iv"": 0.6443, ""delta"": 0.532, ""score"": 12.4}, {""contract_symbol"": ""COIN260911P00185000"", ""expiration"": ""2026-09-11"", ""dte"": 4, ""type"": ""put"", ""strike"": 185.0, ""volume"": 2281, ""open_interest"": 1808, ""volume_prev"": 2281, ""volume_ratio"": 1.0, ""oi_prev"": 650, ""oi_change"": 1158, ""oi_change_pct"": 178.2, ""flow"": ""开仓"", ""vol_oi_ratio"": 1.26, ""premium"": 14256.0, ""iv"": 0.5976, ""delta"": -0.492, ""score"": 12.1}, {""contract_symbol"": ""COIN260911P00180000"", ""expiration"": ""2026-09-11"", ""dte"": 4, ""type"": ""put"", ""strike"": 180.0, ""volume"": 2281, ""open_interest"": 1826, ""volume_prev"": 2281, ""volume_ratio"": 1.0, ""oi_prev"": 1088, ""oi_change"": 738, ""oi_change_pct"": 67.8, ""flow"": ""开仓"", ""vol_oi_ratio"": 1.25, ""premium"": 8668.0, ""iv"": 0.5815, ""delta"": -0.359, ""score"": 11.3}, {""contract_symbol"": ""COIN261002C00187500"", ""expiration"": ""2026-10-02"", ""dte"": 25, ""type"": ""call"", ""strike"": 187.5, ""volume"": 1192, ""open_interest"": 1054, ""volume_prev"": 1192, ""volume_ratio"": 1.0, ""oi_prev"": 126, ""oi_change"": 928, ""oi_change_pct"": 736.5, ""flow"": ""开仓"", ""vol_oi_ratio"": 1.13, ""premium"": 14364.0, ""iv"": 0.6388, ""delta"": 0.51, ""score"": 10.8}]","[{""contract_symbol"": ""COIN260911C00195000"", ""expiration"": ""2026-09-11"", ""type"": ""call"", ""strike"": 195.0, ""volume"": 5333, ""volume_prev"": 5333, ""oi"": 5923, ""oi_prev"": 1552, ""oi_change"": 4371, ""last_price"": 2.73, ""iv"": 0.6268, ""delta"": 0.284}, {""contract_symbol"": ""COIN260911C00192500"", ""expiration"": ""2026-09-11"", ""type"": ""call"", ""strike"": 192.5, ""volume"": 3920, ""volume_prev"": 3920, ""oi"": 3891, ""oi_prev"": 492, ""oi_change"": 3399, ""last_price"": 3.35, ""iv"": 0.6176, ""delta"": 0.333}, {""contract_symbol"": ""COIN260911C00187500"", ""expiration"": ""2026-09-11"", ""type"": ""call"", ""strike"": 187.5, ""volume"": 8258, ""volume_prev"": 8258, ""oi"": 6448, ""oi_prev"": 5058, ""oi_change"": 1390, ""last_price"": 4.75, ""iv"": 0.5946, ""delta"": 0.447}, {""contract_symbol"": ""COIN260911P00185000"", ""expiration"": ""2026-09-11"", ""type"": ""put"", ""strike"": 185.0, ""volume"": 2281, ""volume_prev"": 2281, ""oi"": 1808, ""oi_prev"": 650, ""oi_change"": 1158, ""last_price"": 6.4, ""iv"": 0.5976, ""delta"": -0.492}, {""contract_symbol"": ""COIN261002C00187500"", ""expiration"": ""2026-10-02"", ""type"": ""call"", ""strike"": 187.5, ""volume"": 1192, ""volume_prev"": 1192, ""oi"": 1054, ""oi_prev"": 126, ""oi_change"": 928, ""last_price"": 12.65, ""iv"": 0.6388, ""delta"": 0.51}]"
2026-09-08,早报,cboe,182.55,0.4809941983958406,0.49970179465399145,0.6643539147040102,0.5980224859341023,180.0,185.0,0.5861000000000001,0.6549499999999999,1.1174714212591705,-6.681799103250718,6.6009312517118595,4715612.240000003,332935.7100000006,"[{""strike"": 180.0, ""type"": ""call"", ""oi"": 11548}, {""strike"": 190.0, ""type"": ""call"", ""oi"": 9389}, {""strike"": 187.5, ""type"": ""call"", ""oi"": 8282}]","[{""contract_symbol"": ""COIN260911C00187500"", ""expiration"": ""2026-09-11"", ""dte"": 3, ""type"": ""call"", ""strike"": 187.5, ""volume"": 8258, ""open_interest"": 6448, ""volume_prev"": 8258, ""volume_ratio"": 1.0, ""oi_prev"": 6448, ""oi_change"": 0, ""oi_change_pct"": 0.0, ""flow"": ""换手"", ""vol_oi_ratio"": 1.28, ""premium"": 40051.0, ""iv"": 0.5965, ""delta"": 0.446, ""score"": 13.6}, {""contract_symbol"": ""COIN260925C00185000"", ""expiration"": ""2026-09-25"", ""dte"": 17, ""type"": ""call"", ""strike"": 185.0, ""volume"": 1215, ""open_interest"": 936, ""volume_prev"": 1215, ""volume_ratio"": 1.0, ""oi_prev"": 936, ""oi_change"": 0, ""oi_change_pct"": 0.0, ""flow"": ""换手"", ""vol_oi_ratio"": 1.3, ""premium"": 13942.0, ""iv"": 0.6448, ""delta"": 0.532, ""score"": 12.4}, {""contract_symbol"": ""COIN260911P00185000"", ""expiration"": ""2026-09-11"", ""dte"": 3, ""type"": ""put"", ""strike"": 185.0, ""volume"": 2281, ""open_interest"": 1808, ""volume_prev"": 2281, ""volume_ratio"": 1.0, ""oi_prev"": 1808, ""oi_change"": 0, ""oi_change_pct"": 0.0, ""flow"": ""换手"", ""vol_oi_ratio"": 1.26, ""premium"": 14256.0, ""iv"": 0.5956, ""delta"": -0.493, ""score"": 12.1}, {""contract_symbol"": ""COIN260911P00180000"", ""expiration"": ""2026-09-11"", ""dte"": 3, ""type"": ""put"", ""strike"": 180.0, ""volume"": 2281, ""open_interest"": 1826, ""volume_prev"": 2281, ""volume_ratio"": 1.0, ""oi_prev"": 1826, ""oi_change"": 0, ""oi_change_pct"": 0.0, ""flow"": ""换手"", ""vol_oi_ratio"": 1.25, ""premium"": 8668.0, ""iv"": 0.5798, ""delta"": -0.361, ""score"": 11.3}, {""contract_symbol"": ""COIN261002C00187500"", ""expiration"": ""2026-10-02"", ""dte"": 24, ""type"": ""call"", ""strike"": 187.5, ""volume"": 1192, ""open_interest"": 1054, ""volume_prev"": 1192, ""volume_ratio"": 1.0, ""oi_prev"": 1054, ""oi_change"": 0, ""oi_change_pct"": 0.0, ""flow"": ""换手"", ""vol_oi_ratio"": 1.13, ""premium"": 14364.0, ""iv"": 0.6404, ""delta"": 0.509, ""score"": 10.8}]",[]
2026-09-08,晚报,cboe,178.94000244140625,0.3865889212827988,0.49970179465399145,0.5730292681550055,0.5980224859341023,180.0,185.0,0.75315,0.67825,0.9005510190533095,-6.52378734978214,5.504638351184428,2782266.389999999,346500.27000000025,"[{""strike"": 170.0, ""type"": ""call"", ""oi"": 18317}, {""strike"": 180.0, ""type"": ""call"", ""oi"": 11548}, {""strike"": 187.5, ""type"": ""call"", ""oi"": 8282}]","[{""contract_symbol"": ""COIN260911C00182500"", ""expiration"": ""2026-09-11"", ""dte"": 3, ""type"": ""call"", ""strike"": 182.5, ""volume"": 1091, ""open_interest"": 277, ""volume_prev"": 254, ""volume_ratio"": 4.3, ""oi_prev"": 277, ""oi_change"": 0, ""oi_change_pct"": 0.0, ""flow"": ""换手"", ""vol_oi_ratio"": 3.94, ""premium"": 3846.0, ""iv"": 0.7694, ""delta"": 0.408, ""score"": 32.5}, {""contract_symbol"": ""COIN260918P00177500"", ""expiration"": ""2026-09-18"", ""dte"": 10, ""type"": ""put"", ""strike"": 177.5, ""volume"": 524, ""open_interest"": 277, ""volume_prev"": 122, ""volume_ratio"": 4.3, ""oi_prev"": 277, ""oi_change"": 0, ""oi_change_pct"": 0.0, ""flow"": ""换手"", ""vol_oi_ratio"": 1.89, ""premium"": 3851.0, ""iv"": 0.6941, ""delta"": -0.445, ""score"": 15.6}, {""contract_symbol"": ""COIN260911C00190000"", ""expiration"": ""2026-09-11"", ""dte"": 3, ""type"": ""call"", ""strike"": 190.0, ""volume"": 5301, ""open_interest"": 3418, ""volume_prev"": 2222, ""volume_ratio"": 2.4, ""oi_prev"": 3418, ""oi_change"": 0, ""oi_change_pct"": 0.0, ""flow"": ""换手"", ""vol_oi_ratio"": 1.55, ""premium"": 8667.0, ""iv"": 0.813, ""delta"": 0.224, ""score"": 14.1}, {""contract_symbol"": ""COIN260911C00185000"", ""expiration"": ""2026-09-11"", ""dte"": 3, ""type"": ""call"", ""strike"": 185.0, ""volume"": 1681, ""open_interest"": 1460, ""volume_prev"": 1320, ""volume_ratio"": 1.3, ""oi_prev"": 1460, ""oi_change"": 0, ""oi_change_pct"": 0.0, ""flow"": ""换手"", ""vol_oi_ratio"": 1.15, ""premium"": 4623.0, ""iv"": 0.7843, ""delta"": 0.338, ""score"": 9.7}, {""contract_symbol"": ""COIN260911P00157500"", ""expiration"": ""2026-09-11"", ""dte"": 3, ""type"": ""put"", ""strike"": 157.5, ""volume"": 512, ""open_interest"": 430, ""volume_prev"": 18, ""volume_ratio"": 28.4, ""oi_prev"": 430, ""oi_change"": 0, ""oi_change_pct"": 0.0, ""flow"": ""换手"", ""vol_oi_ratio"": 1.19, ""premium"": 87.0, ""iv"": 0.7849, ""delta"": -0.037, ""score"": 5.3}]",[]
2026-09-09,早报,cboe,178.9859,0.3865889212827988,0.5053472006792169,0.5730292681550055,0.6023543577799959,180.0,185.0,0.75315,0.67825,0.9005510190533095,-6.493149737502845,5.503226790490201,2825713.5600000024,367203.72000000026,"[{""strike"": 180.0, ""type"": ""call"", ""oi"": 11905}, {""strike"": 187.5, ""type"": ""call"", ""oi"": 8601}, {""strike"": 180.0, ""type"": ""put"", ""oi"": 6803}]","[{""contract_symbol"": ""COIN260911C00182500"", ""expiration"": ""2026-09-11"", ""dte"": 2, ""type"": ""call"", ""strike"": 182.5, ""volume"": 1091, ""open_interest"": 403, ""volume_prev"": 1091, ""volume_ratio"": 1.0, ""oi_prev"": 277, ""oi_change"": 126, ""oi_change_pct"": 45.5, ""flow"": ""开仓"", ""vol_oi_ratio"": 2.71, ""premium"": 3846.0, ""iv"": 0.7707, ""delta"": 0.407, ""score"": 22.3}, {""contract_symbol"": ""COIN260911C00190000"", ""expiration"": ""2026-09-11"", ""dte"": 2, ""type"": ""call"", ""strike"": 190.0, ""volume"": 5301, ""open_interest"": 5271, ""volume_prev"": 5301, ""volume_ratio"": 1.0, ""oi_prev"": 3418, ""oi_change"": 1853, ""oi_change_pct"": 54.2, ""flow"": ""开仓"", ""vol_oi_ratio"": 1.01, ""premium"": 8667.0, ""iv"": 0.8108, ""delta"": 0.224, ""score"": 9.1}, {""contract_symbol"": ""COIN260918P00177500"", ""expiration"": ""2026-09-18"", ""dte"": 9, ""type"": ""put"", ""strike"": 177.5, ""volume"": 524, ""open_interest"": 497, ""volume_prev"": 524, ""volume_ratio"": 1.0, ""oi_prev"": 277, ""oi_change"": 220, ""oi_change_pct"": 79.4, ""flow"": ""开仓"", ""vol_oi_ratio"": 1.05, ""premium"": 3851.0, ""iv"": 0.6938, ""delta"": -0.445, ""score"": 8.7}]","[{""contract_symbol"": ""COIN260911C00190000"", ""expiration"": ""2026-09-11"", ""type"": ""call"", ""strike"": 190.0, ""volume"": 5301, ""volume_prev"": 5301, ""oi"": 5271, ""oi_prev"": 3418, ""oi_change"": 1853, ""last_price"": 1.66, ""iv"": 0.8108, ""delta"": 0.224}, {""contract_symbol"": ""COIN260918P00160000"", ""expiration"": ""2026-09-18"", ""type"": ""put"", ""strike"": 160.0, ""volume"": 1433, ""volume_prev"": 1433, ""oi"": 7930, ""oi_prev"": 7207, ""oi_change"": 723, ""last_price"": 1.62, ""iv"": 0.6881, ""delta"": -0.147}, {""contract_symbol"": ""COIN260911C00200000"", ""expiration"": ""2026-09-11"", ""type"": ""call"", ""strike"": 200.0, ""volume"": 1541, ""volume_prev"": 1541, ""oi"": 3945, ""oi_prev"": 3441, ""oi_change"": 504, ""last_price"": 0.56, ""iv"": 0.8697, ""delta"": 0.091}, {""contract_symbol"": ""COIN260911C00195000"", ""expiration"": ""2026-09-11"", ""type"": ""call"", ""strike"": 195.0, ""volume"": 2249, ""volume_prev"": 2249, ""oi"": 6341, ""oi_prev"": 5923, ""oi_change"": 418, ""last_price"": 0.95, ""iv"": 0.8404, ""delta"": 0.144}, {""contract_symbol"": ""COIN260911P00157500"", ""expiration"": ""2026-09-11"", ""type"": ""put"", ""strike"": 157.5, ""volume"": 512, ""volume_prev"": 512, ""oi"": 847, ""oi_prev"": 430, ""oi_change"": 417, ""last_price"": 0.17, ""iv"": 0.7846, ""delta"": -0.035}]"
2026-09-09,晚报,cboe,174.72000122070312,0.2872712785635013,0.5053472006792169,0.2864539979434951,0.6023543577799959,180.0,185.0,0.7386,0.65435,0.8859328459247224,-7.338058186738838,4.421359859219506,1166537.1399999997,366192.23000000056,"[{""strike"": 170.0, ""type"": ""call"", ""oi"": 18263}, {""strike"": 180.0, ""type"": ""call"", ""oi"": 11905}, {""strike"": 170.0, ""type"": ""put"", ""oi"": 6851}]","[{""contract_symbol"": ""COIN260918C00182500"", ""expiration"": ""2026-09-18"", ""dte"": 9, ""type"": ""call"", ""strike"": 182.5, ""volume"": 4387, ""open_interest"": 280, ""volume_prev"": 249, ""volume_ratio"": 17.6, ""oi_prev"": 153, ""oi_change"": 127, ""oi_change_pct"": 83.0, ""flow"": ""开仓"", ""vol_oi_ratio"": 15.67, ""premium"": 20071.0, ""iv"": 0.6933, ""delta"": 0.372, ""score"": 155.2}, {""contract_symbol"": ""COIN260918C00192500"", ""expiration"": ""2026-09-18"", ""dte"": 9, ""type"": ""call"", ""strike"": 192.5, ""volume"": 4136, ""open_interest"": 379, ""volume_prev"": 100, ""volume_ratio"": 41.4, ""oi_prev"": 360, ""oi_change"": 19, ""oi_change_pct"": 5.3, ""flow"": ""开仓"", ""vol_oi_ratio"": 10.91, ""premium"": 9596.0, ""iv"": 0.7216, ""delta"": 0.219, ""score"": 100.1}, {""contract_symbol"": ""COIN260911C00182500"", ""expiration"": ""2026-09-11"", ""dte"": 2, ""type"": ""call"", ""strike"": 182.5, ""volume"": 1746, ""open_interest"": 403, ""volume_prev"": 1091, ""volume_ratio"": 1.6, ""oi_prev"": 277, ""oi_change"": 126, ""oi_change_pct"": 45.5, ""flow"": ""开仓"", ""vol_oi_ratio"": 4.33, ""premium"": 2497.0, ""iv"": 0.7965, ""delta"": 0.244, ""score"": 33.9}, {""contract_symbol"": ""COIN260918C00185000"", ""expiration"": ""2026-09-18"", ""dte"": 9, ""type"": ""call"", ""strike"": 185.0, ""volume"": 5867, ""open_interest"": 1835, ""volume_prev"": 424, ""volume_ratio"": 13.8, ""oi_prev"": 1762, ""oi_change"": 73, ""oi_change_pct"": 4.1, ""flow"": ""开仓"", ""vol_oi_ratio"": 3.2, ""premium"": 23028.0, ""iv"": 0.7052, ""delta"": 0.328, ""score"": 32.1}, {""contract_symbol"": ""COIN260918P00172500"", ""expiration"": ""2026-09-18"", ""dte"": 9, ""type"": ""put"", ""strike"": 172.5, ""volume"": 613, ""open_interest"": 202, ""volume_prev"": 81, ""volume_ratio"": 7.6, ""oi_prev"": 184, ""oi_change"": 18, ""oi_change_pct"": 9.8, ""flow"": ""开仓"", ""vol_oi_ratio"": 3.03, ""premium"": 3724.0, ""iv"": 0.6639, ""delta"": -0.427, ""score"": 25.0}]","[{""contract_symbol"": ""COIN260911C00190000"", ""expiration"": ""2026-09-11"", ""type"": ""call"", ""strike"": 190.0, ""volume"": 5811, ""volume_prev"": 5301, ""oi"": 5271, ""oi_prev"": 3418, ""oi_change"": 1853, ""last_price"": 0.52, ""iv"": 0.8484, ""delta"": 0.102}, {""contract_symbol"": ""COIN260918P00160000"", ""expiration"": ""2026-09-18"", ""type"": ""put"", ""strike"": 160.0, ""volume"": 2636, ""volume_prev"": 1433, ""oi"": 7930, ""oi_prev"": 7207, ""oi_change"": 723, ""last_price"": 1.82, ""iv"": 0.6631, ""delta"": -0.184}, {""contract_symbol"": ""COIN260911C00200000"", ""expiration"": ""2026-09-11"", ""type"": ""call"", ""strike"": 200.0, ""volume"": 4035, ""volume_prev"": 1541, ""oi"": 3945, ""oi_prev"": 3441, ""oi_change"": 504, ""last_price"": 0.14, ""iv"": 0.9527, ""delta"": 0.031}, {""contract_symbol"": ""COIN260911C00195000"", ""expiration"": ""2026-09-11"", ""type"": ""call"", ""strike"": 195.0, ""volume"": 2074, ""volume_prev"": 2249, ""oi"": 6341, ""oi_prev"": 5923, ""oi_change"": 418, ""last_price"": 0.25, ""iv"": 0.89, ""delta"": 0.055}, {""contract_symbol"": ""COIN260911P00157500"", ""expiration"": ""2026-09-11"", ""type"": ""put"", ""strike"": 157.5, ""volume"": 123, ""volume_prev"": 512, ""oi"": 847, ""oi_prev"": 430, ""oi_change"": 417, ""last_price"": 0.15, ""iv"": 0.7976, ""delta"": -0.036}]"
2026-09-10,早报,cboe,174.8,0.2872712785635013,0.5645238748627881,0.2864539979434951,0.6132005899705014,180.0,182.5,0.7386,0.65435,0.8859328459247224,-7.338058186738838,4.419336384439359,1143008.7499999998,409127.5499999997,"[{""strike"": 170.0, ""type"": ""call"", ""oi"": 13775}, {""strike"": 180.0, ""type"": ""call"", ""oi"": 13436}, {""strike"": 170.0, ""type"": ""put"", ""oi"": 7550}]","[{""contract_symbol"": ""COIN261002C00235000"", ""expiration"": ""2026-10-02"", ""dte"": 22, ""type"": ""call"", ""strike"": 235.0, ""volume"": 788, ""open_interest"": 289, ""volume_prev"": 788, ""volume_ratio"": 1.0, ""oi_prev"": 238, ""oi_change"": 51, ""oi_change_pct"": 21.4, ""flow"": ""开仓"", ""vol_oi_ratio"": 2.73, ""premium"": 938.0, ""iv"": 0.7836, ""delta"": 0.077, ""score"": 18.7}, {""contract_symbol"": ""COIN260911C00197500"", ""expiration"": ""2026-09-11"", ""dte"": 1, ""type"": ""call"", ""strike"": 197.5, ""volume"": 4105, ""open_interest"": 1504, ""volume_prev"": 4105, ""volume_ratio"": 1.0, ""oi_prev"": 3694, ""oi_change"": -2190, ""oi_change_pct"": -59.3, ""flow"": ""平仓"", ""vol_oi_ratio"": 2.73, ""premium"": 780.0, ""iv"": 0.9221, ""delta"": 0.041, ""score"": 18.2}, {""contract_symbol"": ""COIN260911C00190000"", ""expiration"": ""2026-09-11"", ""dte"": 1, ""type"": ""call"", ""strike"": 190.0, ""volume"": 5811, ""open_interest"": 3307, ""volume_prev"": 5811, ""volume_ratio"": 1.0, ""oi_prev"": 5271, ""oi_change"": -1964, ""oi_change_pct"": -37.3, ""flow"": ""平仓"", ""vol_oi_ratio"": 1.76, ""premium"": 2906.0, ""iv"": 0.8484, ""delta"": 0.102, ""score"": 14.0}, {""contract_symbol"": ""COIN260911C00177500"", ""expiration"": ""2026-09-11"", ""dte"": 1, ""type"": ""call"", ""strike"": 177.5, ""volume"": 1382, ""open_interest"": 992, ""volume_prev"": 1382, ""volume_ratio"": 1.0, ""oi_prev"": 726, ""oi_change"": 266, ""oi_change_pct"": 36.6, ""flow"": ""开仓"", ""vol_oi_ratio"": 1.39, ""premium"": 3877.0, ""iv"": 0.7666, ""delta"": 0.406, ""score"": 11.5}, {""contract_symbol"": ""COIN260911C00182500"", ""expiration"": ""2026-09-11"", ""dte"": 1, ""type"": ""call"", ""strike"": 182.5, ""volume"": 1746, ""open_interest"": 1242, ""volume_prev"": 1746, ""volume_ratio"": 1.0, ""oi_prev"": 403, ""oi_change"": 839, ""oi_change_pct"": 208.2, ""flow"": ""开仓"", ""vol_oi_ratio"": 1.41, ""premium"": 2497.0, ""iv"": 0.7965, ""delta"": 0.244, ""score"": 11.0}]","[{""contract_symbol"": ""COIN260918C00182500"", ""expiration"": ""2026-09-18"", ""type"": ""call"", ""strike"": 182.5, ""volume"": 4387, ""volume_prev"": 4387, ""oi"": 4373, ""oi_prev"": 280, ""oi_change"": 4093, ""last_price"": 4.54, ""iv"": 0.6933, ""delta"": 0.372}, {""contract_symbol"": ""COIN260918C00192500"", ""expiration"": ""2026-09-18"", ""type"": ""call"", ""strike"": 192.5, ""volume"": 4136, ""volume_prev"": 4136, ""oi"": 4278, ""oi_prev"": 379, ""oi_change"": 3899, ""last_price"": 2.33, ""iv"": 0.7216, ""delta"": 0.219}, {""contract_symbol"": ""COIN260918C00185000"", ""expiration"": ""2026-09-18"", ""type"": ""call"", ""strike"": 185.0, ""volume"": 5867, ""volume_prev"": 5867, ""oi"": 5721, ""oi_prev"": 1835, ""oi_change"": 3886, ""last_price"": 3.92, ""iv"": 0.7052, ""delta"": 0.328}, {""contract_symbol"": ""COIN260918C00190000"", ""expiration"": ""2026-09-18"", ""type"": ""call"", ""strike"": 190.0, ""volume"": 4397, ""volume_prev"": 4397, ""oi"": 7298, ""oi_prev"": 3798, ""oi_change"": 3500, ""last_price"": 2.75, ""iv"": 0.7111, ""delta"": 0.252}, {""contract_symbol"": ""COIN260918P00160000"", ""expiration"": ""2026-09-18"", ""type"": ""put"", ""strike"": 160.0, ""volume"": 2636, ""volume_prev"": 2636, ""oi"": 9830, ""oi_prev"": 7930, ""oi_change"": 1900, ""last_price"": 1.82, ""iv"": 0.6631, ""delta"": -0.184}]"
2026-09-10,晚报,cboe,172.27999877929688,0.3463115325617069,0.5645238748627881,0.29777471897224134,0.6132005899705014,180.0,182.5,0.77915,0.6617,0.8492588076750304,-9.62012425556945,3.2911539587736356,-35508.4200000006,402252.12,"[{""strike"": 170.0, ""type"": ""call"", ""oi"": 13775}, {""strike"": 180.0, ""type"": ""call"", ""oi"": 13436}, {""strike"": 170.0, ""type"": ""put"", ""oi"": 7550}]","[{""contract_symbol"": ""COIN260911C00172500"", ""expiration"": ""2026-09-11"", ""dte"": 1, ""type"": ""call"", ""strike"": 172.5, ""volume"": 1128, ""open_interest"": 127, ""volume_prev"": 23, ""volume_ratio"": 49.0, ""oi_prev"": 127, ""oi_change"": 0, ""oi_change_pct"": 0.0, ""flow"": ""换手"", ""vol_oi_ratio"": 8.88, ""premium"": 3096.0, ""iv"": 0.7772, ""delta"": 0.499, ""score"": 71.4}, {""contract_symbol"": ""COIN260918C00177500"", ""expiration"": ""2026-09-18"", ""dte"": 8, ""type"": ""call"", ""strike"": 177.5, ""volume"": 3967, ""open_interest"": 671, ""volume_prev"": 203, ""volume_ratio"": 19.5, ""oi_prev"": 624, ""oi_change"": 47, ""oi_change_pct"": 7.5, ""flow"": ""开仓"", ""vol_oi_ratio"": 5.91, ""premium"": 19736.0, ""iv"": 0.6969, ""delta"": 0.41, ""score"": 58.5}, {""contract_symbol"": ""COIN260911C00175000"", ""expiration"": ""2026-09-11"", ""dte"": 1, ""type"": ""call"", ""strike"": 175.0, ""volume"": 2573, ""open_interest"": 436, ""volume_prev"": 383, ""volume_ratio"": 6.7, ""oi_prev"": 364, ""oi_change"": 72, ""oi_change_pct"": 19.8, ""flow"": ""开仓"", ""vol_oi_ratio"": 5.9, ""premium"": 4670.0, ""iv"": 0.8076, ""delta"": 0.368, ""score"": 49.9}, {""contract_symbol"": ""COIN260918P00310000"", ""expiration"": ""2026-09-18"", ""dte"": 8, ""type"": ""put"", ""strike"": 310.0, ""volume"": 507, ""open_interest"": 120, ""volume_prev"": 0, ""volume_ratio"": null, ""oi_prev"": 120, ""oi_change"": 0, ""oi_change_pct"": 0.0, ""flow"": ""换手"", ""vol_oi_ratio"": 4.22, ""premium"": 69510.0, ""iv"": null, ""delta"": -1.0, ""score"": 47.1}, {""contract_symbol"": ""COIN260918P00260000"", ""expiration"": ""2026-09-18"", ""dte"": 8, ""type"": ""put"", ""strike"": 260.0, ""volume"": 559, ""open_interest"": 203, ""volume_prev"": 0, ""volume_ratio"": null, ""oi_prev"": 203, ""oi_change"": 0, ""oi_change_pct"": 0.0, ""flow"": ""换手"", ""vol_oi_ratio"": 2.75, ""premium"": 48773.0, ""iv"": null, ""delta"": -0.998, ""score"": 29.7}]","[{""contract_symbol"": ""COIN260918C00182500"", ""expiration"": ""2026-09-18"", ""type"": ""call"", ""strike"": 182.5, ""volume"": 5075, ""volume_prev"": 4387, ""oi"": 4373, ""oi_prev"": 280, ""oi_change"": 4093, ""last_price"": 3.65, ""iv"": 0.7089, ""delta"": 0.314}, {""contract_symbol"": ""COIN260918C00192500"", ""expiration"": ""2026-09-18"", ""type"": ""call"", ""strike"": 192.5, ""volume"": 574, ""volume_prev"": 4136, ""oi"": 4278, ""oi_prev"": 379, ""oi_change"": 3899, ""last_price"": 1.62, ""iv"": 0.7348, ""delta"": 0.172}, {""contract_symbol"": ""COIN260918C00185000"", ""expiration"": ""2026-09-18"", ""type"": ""call"", ""strike"": 185.0, ""volume"": 4019, ""volume_prev"": 5867, ""oi"": 5721, ""oi_prev"": 1835, ""oi_change"": 3886, ""last_price"": 2.88, ""iv"": 0.7097, ""delta"": 0.273}, {""contract_symbol"": ""COIN260918C00190000"", ""expiration"": ""2026-09-18"", ""type"": ""call"", ""strike"": 190.0, ""volume"": 3102, ""volume_prev"": 4397, ""oi"": 7298, ""oi_prev"": 3798, ""oi_change"": 3500, ""last_price"": 1.97, ""iv"": 0.7455, ""delta"": 0.202}, {""contract_symbol"": ""COIN260918P00160000"", ""expiration"": ""2026-09-18"", ""type"": ""put"", ""strike"": 160.0, ""volume"": 991, ""volume_prev"": 2636, ""oi"": 9830, ""oi_prev"": 7930, ""oi_change"": 1900, ""last_price"": 2.11, ""iv"": 0.6604, ""delta"": -0.211}]"
2026-09-11,早报,cboe,170.8,0.3463115325617069,0.684721512519162,0.29777471897224134,0.6076018478356482,180.0,182.5,0.7631,0.6397999999999999,0.8384222251343204,-9.951077431555365,3.389929742388759,714295.38,436262.61,"[{""strike"": 170.0, ""type"": ""call"", ""oi"": 11634}, {""strike"": 175.0, ""type"": ""call"", ""oi"": 11340}, {""strike"": 170.0, ""type"": ""put"", ""oi"": 8964}]","[{""contract_symbol"": ""COIN260911P00200000"", ""expiration"": ""2026-09-11"", ""dte"": 0, ""type"": ""put"", ""strike"": 200.0, ""volume"": 653, ""open_interest"": 22, ""volume_prev"": 653, ""volume_ratio"": 1.0, ""oi_prev"": 374, ""oi_change"": -352, ""oi_change_pct"": -94.1, ""flow"": ""平仓"", ""vol_oi_ratio"": 29.68, ""premium"": 18186.0, ""iv"": 1.4111, ""delta"": -0.996, ""score"": 196.2}, {""contract_symbol"": ""COIN260918P00310000"", ""expiration"": ""2026-09-18"", ""dte"": 7, ""type"": ""put"", ""strike"": 310.0, ""volume"": 507, ""open_interest"": 120, ""volume_prev"": 507, ""volume_ratio"": 1.0, ""oi_prev"": 120, ""oi_change"": 0, ""oi_change_pct"": 0.0, ""flow"": ""换手"", ""vol_oi_ratio"": 4.22, ""premium"": 69510.0, ""iv"": null, ""delta"": -1.0, ""score"": 47.1}, {""contract_symbol"": ""COIN260918P00260000"", ""expiration"": ""2026-09-18"", ""dte"": 7, ""type"": ""put"", ""strike"": 260.0, ""volume"": 559, ""open_interest"": 203, ""volume_prev"": 559, ""volume_ratio"": 1.0, ""oi_prev"": 203, ""oi_change"": 0, ""oi_change_pct"": 0.0, ""flow"": ""换手"", ""vol_oi_ratio"": 2.75, ""premium"": 48773.0, ""iv"": null, ""delta"": -0.998, ""score"": 29.7}, {""contract_symbol"": ""COIN260911C00172500"", ""expiration"": ""2026-09-11"", ""dte"": 0, ""type"": ""call"", ""strike"": 172.5, ""volume"": 1128, ""open_interest"": 310, ""volume_prev"": 1128, ""volume_ratio"": 1.0, ""oi_prev"": 127, ""oi_change"": 183, ""oi_change_pct"": 144.1, ""flow"": ""开仓"", ""vol_oi_ratio"": 3.64, ""premium"": 3096.0, ""iv"": 0.7807, ""delta"": 0.498, ""score"": 29.2}, {""contract_symbol"": ""COIN260911C00175000"", ""expiration"": ""2026-09-11"", ""dte"": 0, ""type"": ""call"", ""strike"": 175.0, ""volume"": 2573, ""open_interest"": 813, ""volume_prev"": 2573, ""volume_ratio"": 1.0, ""oi_prev"": 436, ""oi_change"": 377, ""oi_change_pct"": 86.5, ""flow"": ""开仓"", ""vol_oi_ratio"": 3.16, ""premium"": 4670.0, ""iv"": 0.8103, ""delta"": 0.368, ""score"": 26.7}]","[{""contract_symbol"": ""COIN260918C00182500"", ""expiration"": ""2026-09-18"", ""type"": ""call"", ""strike"": 182.5, ""volume"": 5075, ""volume_prev"": 5075, ""oi"": 9335, ""oi_prev"": 4373, ""oi_change"": 4962, ""last_price"": 3.65, ""iv"": 0.7095, ""delta"": 0.313}, {""contract_symbol"": ""COIN260918C00175000"", ""expiration"": ""2026-09-18"", ""type"": ""call"", ""strike"": 175.0, ""volume"": 5782, ""volume_prev"": 5782, ""oi"": 8022, ""oi_prev"": 3204, ""oi_change"": 4818, ""last_price"": 5.75, ""iv"": 0.6959, ""delta"": 0.463}, {""contract_symbol"": ""COIN260918C00177500"", ""expiration"": ""2026-09-18"", ""type"": ""call"", ""strike"": 177.5, ""volume"": 3967, ""volume_prev"": 3967, ""oi"": 3760, ""oi_prev"": 671, ""oi_change"": 3089, ""last_price"": 4.95, ""iv"": 0.6976, ""delta"": 0.409}, {""contract_symbol"": ""COIN260918C00190000"", ""expiration"": ""2026-09-18"", ""type"": ""call"", ""strike"": 190.0, ""volume"": 3102, ""volume_prev"": 3102, ""oi"": 9029, ""oi_prev"": 7298, ""oi_change"": 1731, ""last_price"": 1.97, ""iv"": 0.724, ""delta"": 0.202}, {""contract_symbol"": ""COIN260918C00187500"", ""expiration"": ""2026-09-18"", ""type"": ""call"", ""strike"": 187.5, ""volume"": 1642, ""volume_prev"": 1642, ""oi"": 1845, ""oi_prev"": 698, ""oi_change"": 1147, ""last_price"": 2.5, ""iv"": 0.724, ""delta"": 0.234}]"
2026-09-11,晚报,cboe,175.25999450683594,0.7385225123727518,0.684721512519162,0.6569577346491886,0.6076018478356482,180.0,182.5,0.69825,0.64795,0.9279627640529896,2.26829664473972,0.4222298432008319,1500580.3700000006,493398.37000000034,"[{""strike"": 180.0, ""type"": ""call"", ""oi"": 13242}, {""strike"": 170.0, ""type"": ""call"", ""oi"": 11634}, {""strike"": 175.0, ""type"": ""call"", ""oi"": 11340}]","[{""contract_symbol"": ""COIN260918C00212500"", ""expiration"": ""2026-09-18"", ""dte"": 7, ""type"": ""call"", ""strike"": 212.5, ""volume"": 1079, ""open_interest"": 78, ""volume_prev"": 79, ""volume_ratio"": 13.7, ""oi_prev"": 0, ""oi_change"": 78, ""oi_change_pct"": null, ""flow"": ""开仓"", ""vol_oi_ratio"": 13.83, ""premium"": 351.0, ""iv"": 0.7845, ""delta"": 0.042, ""score"": 81.1}, {""contract_symbol"": ""COIN261016P00085000"", ""expiration"": ""2026-10-16"", ""dte"": 35, ""type"": ""put"", ""strike"": 85.0, ""volume"": 3022, ""open_interest"": 263, ""volume_prev"": 9, ""volume_ratio"": 335.8, ""oi_prev"": 263, ""oi_change"": 0, ""oi_change_pct"": 0.0, ""flow"": ""换手"", ""vol_oi_ratio"": 11.49, ""premium"": 302.0, ""iv"": 0.9833, ""delta"": -0.006, ""score"": 65.7}, {""contract_symbol"": ""COIN260911P00177500"", ""expiration"": ""2026-09-11"", ""dte"": 0, ""type"": ""put"", ""strike"": 177.5, ""volume"": 6464, ""open_interest"": 962, ""volume_prev"": 118, ""volume_ratio"": 54.8, ""oi_prev"": 983, ""oi_change"": -21, ""oi_change_pct"": -2.1, ""flow"": ""平仓"", ""vol_oi_ratio"": 6.72, ""premium"": 12185.0, ""iv"": null, ""delta"": -0.936, ""score"": 63.2}, {""contract_symbol"": ""COIN260911C00175000"", ""expiration"": ""2026-09-11"", ""dte"": 0, ""type"": ""call"", ""strike"": 175.0, ""volume"": 3880, ""open_interest"": 813, ""volume_prev"": 2573, ""volume_ratio"": 1.5, ""oi_prev"": 436, ""oi_change"": 377, ""oi_change_pct"": 86.5, ""flow"": ""开仓"", ""vol_oi_ratio"": 4.77, ""premium"": 1882.0, ""iv"": 0.721, ""delta"": 0.599, ""score"": 36.0}, {""contract_symbol"": ""COIN260911C00177500"", ""expiration"": ""2026-09-11"", ""dte"": 0, ""type"": ""call"", ""strike"": 177.5, ""volume"": 8817, ""open_interest"": 1131, ""volume_prev"": 945, ""volume_ratio"": 9.3, ""oi_prev"": 992, ""oi_change"": 139, ""oi_change_pct"": 14.0, ""flow"": ""开仓"", ""vol_oi_ratio"": 7.8, ""premium"": 44.0, ""iv"": 0.776, ""delta"": 0.064, ""score"": 29.7}]","[{""contract_symbol"": ""COIN260918C00182500"", ""expiration"": ""2026-09-18"", ""type"": ""call"", ""strike"": 182.5, ""volume"": 1694, ""volume_prev"": 5075, ""oi"": 9335, ""oi_prev"": 4373, ""oi_change"": 4962, ""last_price"": 3.46, ""iv"": 0.642, ""delta"": 0.347}, {""contract_symbol"": ""COIN260918C00175000"", ""expiration"": ""2026-09-18"", ""type"": ""call"", ""strike"": 175.0, ""volume"": 1608, ""volume_prev"": 5782, ""oi"": 8022, ""oi_prev"": 3204, ""oi_change"": 4818, ""last_price"": 6.24, ""iv"": 0.6268, ""delta"": 0.528}, {""contract_symbol"": ""COIN260918C00177500"", ""expiration"": ""2026-09-18"", ""type"": ""call"", ""strike"": 177.5, ""volume"": 2006, ""volume_prev"": 3967, ""oi"": 3760, ""oi_prev"": 671, ""oi_change"": 3089, ""last_price"": 5.15, ""iv"": 0.632, ""delta"": 0.464}, {""contract_symbol"": ""COIN260918C00190000"", ""expiration"": ""2026-09-18"", ""type"": ""call"", ""strike"": 190.0, ""volume"": 2249, ""volume_prev"": 3102, ""oi"": 9029, ""oi_prev"": 7298, ""oi_change"": 1731, ""last_price"": 1.81, ""iv"": 0.6681, ""delta"": 0.211}, {""contract_symbol"": ""COIN260918C00187500"", ""expiration"": ""2026-09-18"", ""type"": ""call"", ""strike"": 187.5, ""volume"": 677, ""volume_prev"": 1642, ""oi"": 1845, ""oi_prev"": 698, ""oi_change"": 1147, ""last_price"": 2.28, ""iv"": 0.6566, ""delta"": 0.251}]"
2026-09-14,早报,cboe,174.9773,0.4950652483824981,0.4937470786313209,0.5850247549164644,0.6170940638769534,175.0,170.0,0.6243000000000001,0.6239,0.9993592823962837,-3.5705918296483063,6.91518271227182,1848655.620000003,353547.63,"[{""strike"": 170.0, ""type"": ""call"", ""oi"": 11049}, {""strike"": 175.0, ""type"": ""call"", ""oi"": 10582}, {""strike"": 182.5, ""type"": ""call"", ""oi"": 10162}]","[{""contract_symbol"": ""COIN260918C00185000"", ""expiration"": ""2026-09-18"", ""dte"": 4, ""type"": ""call"", ""strike"": 185.0, ""volume"": 4905, ""open_interest"": 4823, ""volume_prev"": 4905, ""volume_ratio"": 1.0, ""oi_prev"": 4752, ""oi_change"": 71, ""oi_change_pct"": 1.5, ""flow"": ""开仓"", ""vol_oi_ratio"": 1.02, ""premium"": 13709.0, ""iv"": 0.6498, ""delta"": 0.297, ""score"": 9.7}, {""contract_symbol"": ""COIN260918C00212500"", ""expiration"": ""2026-09-18"", ""dte"": 4, ""type"": ""call"", ""strike"": 212.5, ""volume"": 1079, ""open_interest"": 971, ""volume_prev"": 1079, ""volume_ratio"": 1.0, ""oi_prev"": 78, ""oi_change"": 893, ""oi_change_pct"": 1144.9, ""flow"": ""开仓"", ""vol_oi_ratio"": 1.11, ""premium"": 351.0, ""iv"": 0.7832, ""delta"": 0.041, ""score"": 6.5}, {""contract_symbol"": ""COIN261016P00085000"", ""expiration"": ""2026-10-16"", ""dte"": 32, ""type"": ""put"", ""strike"": 85.0, ""volume"": 3022, ""open_interest"": 2937, ""volume_prev"": 3022, ""volume_ratio"": 1.0, ""oi_prev"": 263, ""oi_change"": 2674, ""oi_change_pct"": 1016.7, ""flow"": ""开仓"", ""vol_oi_ratio"": 1.03, ""premium"": 302.0, ""iv"": 0.9831, ""delta"": -0.006, ""score"": 5.9}]","[{""contract_symbol"": ""COIN261016P00085000"", ""expiration"": ""2026-10-16"", ""type"": ""put"", ""strike"": 85.0, ""volume"": 3022, ""volume_prev"": 3022, ""oi"": 2937, ""oi_prev"": 263, ""oi_change"": 2674, ""last_price"": 0.11, ""iv"": 0.9831, ""delta"": -0.006}, {""contract_symbol"": ""COIN260918P00160000"", ""expiration"": ""2026-09-18"", ""type"": ""put"", ""strike"": 160.0, ""volume"": 3431, ""volume_prev"": 3431, ""oi"": 12106, ""oi_prev"": 9844, ""oi_change"": 2262, ""last_price"": 1.09, ""iv"": 0.6329, ""delta"": -0.138}, {""contract_symbol"": ""COIN260918C00192500"", ""expiration"": ""2026-09-18"", ""type"": ""call"", ""strike"": 192.5, ""volume"": 3017, ""volume_prev"": 3017, ""oi"": 6346, ""oi_prev"": 4457, ""oi_change"": 1889, ""last_price"": 1.39, ""iv"": 0.6791, ""delta"": 0.177}, {""contract_symbol"": ""COIN260918P00172500"", ""expiration"": ""2026-09-18"", ""type"": ""put"", ""strike"": 172.5, ""volume"": 1410, ""volume_prev"": 1410, ""oi"": 1693, ""oi_prev"": 686, ""oi_change"": 1007, ""last_price"": 4.64, ""iv"": 0.6186, ""delta"": -0.407}, {""contract_symbol"": ""COIN260918C00212500"", ""expiration"": ""2026-09-18"", ""type"": ""call"", ""strike"": 212.5, ""volume"": 1079, ""volume_prev"": 1079, ""oi"": 971, ""oi_prev"": 78, ""oi_change"": 893, ""last_price"": 0.24, ""iv"": 0.7832, ""delta"": 0.041}]"
2026-09-14,晚报,cboe,191.4499969482422,0.6422619617715872,0.4937470786313209,0.6944565514864632,0.6170940638769534,175.0,170.0,0.88925,0.68265,0.767669384312623,-7.328744262295084,7.482371495609222,6886251.990000001,296092.3600000004,"[{""strike"": 200.0, ""type"": ""call"", ""oi"": 14393}, {""strike"": 190.0, ""type"": ""call"", ""oi"": 12579}, {""strike"": 182.5, ""type"": ""call"", ""oi"": 10162}]","[{""contract_symbol"": ""COIN260918C00222500"", ""expiration"": ""2026-09-18"", ""dte"": 4, ""type"": ""call"", ""strike"": 222.5, ""volume"": 1758, ""open_interest"": 2, ""volume_prev"": 14, ""volume_ratio"": 125.6, ""oi_prev"": 0, ""oi_change"": 2, ""oi_change_pct"": null, ""flow"": ""开仓"", ""vol_oi_ratio"": 879.0, ""premium"": 1494.0, ""iv"": 1.0348, ""delta"": 0.094, ""score"": 146.2}, {""contract_symbol"": ""COIN261002P00095000"", ""expiration"": ""2026-10-02"", ""dte"": 18, ""type"": ""put"", ""strike"": 95.0, ""volume"": 3319, ""open_interest"": 153, ""volume_prev"": 0, ""volume_ratio"": null, ""oi_prev"": 153, ""oi_change"": 0, ""oi_change_pct"": 0.0, ""flow"": ""换手"", ""vol_oi_ratio"": 21.69, ""premium"": 282.0, ""iv"": 1.2881, ""delta"": -0.004, ""score"": 112.9}, {""contract_symbol"": ""COIN260918P00192500"", ""expiration"": ""2026-09-18"", ""dte"": 4, ""type"": ""put"", ""strike"": 192.5, ""volume"": 670, ""open_interest"": 63, ""volume_prev"": 6, ""volume_ratio"": 111.7, ""oi_prev"": 64, ""oi_change"": -1, ""oi_change_pct"": -1.6, ""flow"": ""平仓"", ""vol_oi_ratio"": 10.63, ""premium"": 5126.0, ""iv"": 0.8889, ""delta"": -0.504, ""score"": 90.8}, {""contract_symbol"": ""COIN260918P00187500"", ""expiration"": ""2026-09-18"", ""dte"": 4, ""type"": ""put"", ""strike"": 187.5, ""volume"": 2200, ""open_interest"": 279, ""volume_prev"": 48, ""volume_ratio"": 45.8, ""oi_prev"": 246, ""oi_change"": 33, ""oi_change_pct"": 13.4, ""flow"": ""开仓"", ""vol_oi_ratio"": 7.89, ""premium"": 11220.0, ""iv"": 0.8697, ""delta"": -0.392, ""score"": 73.5}, {""contract_symbol"": ""COIN260918P00182500"", ""expiration"": ""2026-09-18"", ""dte"": 4, ""type"": ""put"", ""strike"": 182.5, ""volume"": 2427, ""open_interest"": 375, ""volume_prev"": 113, ""volume_ratio"": 21.5, ""oi_prev"": 336, ""oi_change"": 39, ""oi_change_pct"": 11.6, ""flow"": ""开仓"", ""vol_oi_ratio"": 6.47, ""premium"": 7827.0, ""iv"": 0.8696, ""delta"": -0.284, ""score"": 58.0}]","[{""contract_symbol"": ""COIN261016P00085000"", ""expiration"": ""2026-10-16"", ""type"": ""put"", ""strike"": 85.0, ""volume"": 7, ""volume_prev"": 3022, ""oi"": 2937, ""oi_prev"": 263, ""oi_change"": 2674, ""last_price"": 0.11, ""iv"": 1.3087, ""delta"": -0.005}, {""contract_symbol"": ""COIN260918P00160000"", ""expiration"": ""2026-09-18"", ""type"": ""put"", ""strike"": 160.0, ""volume"": 12015, ""volume_prev"": 3431, ""oi"": 12106, ""oi_prev"": 9844, ""oi_change"": 2262, ""last_price"": 0.26, ""iv"": 0.9543, ""delta"": -0.034}, {""contract_symbol"": ""COIN260918C00192500"", ""expiration"": ""2026-09-18"", ""type"": ""call"", ""strike"": 192.5, ""volume"": 2492, ""volume_prev"": 3017, ""oi"": 6346, ""oi_prev"": 4457, ""oi_change"": 1889, ""last_price"": 6.6, ""iv"": 0.8896, ""delta"": 0.498}, {""contract_symbol"": ""COIN260918P00172500"", ""expiration"": ""2026-09-18"", ""type"": ""put"", ""strike"": 172.5, ""volume"": 659, ""volume_prev"": 1410, ""oi"": 1693, ""oi_prev"": 686, ""oi_change"": 1007, ""last_price"": 1.09, ""iv"": 0.8786, ""delta"": -0.12}, {""contract_symbol"": ""COIN260918C00212500"", ""expiration"": ""2026-09-18"", ""type"": ""call"", ""strike"": 212.5, ""volume"": 1453, ""volume_prev"": 1079, ""oi"": 971, ""oi_prev"": 78, ""oi_change"": 893, ""last_price"": 1.74, ""iv"": 0.9766, ""delta"": 0.17}]"
2026-09-15,早报,cboe,187.55,0.6422619617715872,0.531224376078753,0.6944565514864632,0.6507507954163325,177.5,170.0,0.87175,0.68255,0.7829652996845425,-7.521663241580168,7.637963209810716,6790438.159999994,337334.98000000016,"[{""strike"": 190.0, ""type"": ""call"", ""oi"": 11194}, {""strike"": 182.5, ""type"": ""call"", ""oi"": 9764}, {""strike"": 180.0, ""type"": ""call"", ""oi"": 8155}]","[{""contract_symbol"": ""COIN260918C00200000"", ""expiration"": ""2026-09-18"", ""dte"": 3, ""type"": ""call"", ""strike"": 200.0, ""volume"": 15658, ""open_interest"": 8696, ""volume_prev"": 15658, ""volume_ratio"": 1.0, ""oi_prev"": 7050, ""oi_change"": 1646, ""oi_change_pct"": 23.3, ""flow"": ""开仓"", ""vol_oi_ratio"": 1.8, ""premium"": 63415.0, ""iv"": 0.9183, ""delta"": 0.344, ""score"": 19.9}, {""contract_symbol"": ""COIN260918P00192500"", ""expiration"": ""2026-09-18"", ""dte"": 3, ""type"": ""put"", ""strike"": 192.5, ""volume"": 670, ""open_interest"": 296, ""volume_prev"": 670, ""volume_ratio"": 1.0, ""oi_prev"": 63, ""oi_change"": 233, ""oi_change_pct"": 369.8, ""flow"": ""开仓"", ""vol_oi_ratio"": 2.26, ""premium"": 5126.0, ""iv"": 0.8871, ""delta"": -0.505, ""score"": 19.3}, {""contract_symbol"": ""COIN260918C00212500"", ""expiration"": ""2026-09-18"", ""dte"": 3, ""type"": ""call"", ""strike"": 212.5, ""volume"": 1453, ""open_interest"": 650, ""volume_prev"": 1453, ""volume_ratio"": 1.0, ""oi_prev"": 971, ""oi_change"": -321, ""oi_change_pct"": -33.1, ""flow"": ""平仓"", ""vol_oi_ratio"": 2.24, ""premium"": 2652.0, ""iv"": 0.9775, ""delta"": 0.169, ""score"": 17.6}, {""contract_symbol"": ""COIN260918C00195000"", ""expiration"": ""2026-09-18"", ""dte"": 3, ""type"": ""call"", ""strike"": 195.0, ""volume"": 4032, ""open_interest"": 2940, ""volume_prev"": 4032, ""volume_ratio"": 1.0, ""oi_prev"": 1981, ""oi_change"": 959, ""oi_change_pct"": 48.4, ""flow"": ""开仓"", ""vol_oi_ratio"": 1.37, ""premium"": 22781.0, ""iv"": 0.8983, ""delta"": 0.443, ""score"": 13.8}, {""contract_symbol"": ""COIN260925C00200000"", ""expiration"": ""2026-09-25"", ""dte"": 10, ""type"": ""call"", ""strike"": 200.0, ""volume"": 2143, ""open_interest"": 1600, ""volume_prev"": 2143, ""volume_ratio"": 1.0, ""oi_prev"": 1614, ""oi_change"": -14, ""oi_change_pct"": -0.9, ""flow"": ""平仓"", ""vol_oi_ratio"": 1.34, ""premium"": 14037.0, ""iv"": 0.7498, ""delta"": 0.399, ""score"": 12.8}]","[{""contract_symbol"": ""COIN261002P00095000"", ""expiration"": ""2026-10-02"", ""type"": ""put"", ""strike"": 95.0, ""volume"": 3319, ""volume_prev"": 3319, ""oi"": 3003, ""oi_prev"": 153, ""oi_change"": 2850, ""last_price"": 0.11, ""iv"": 1.2878, ""delta"": -0.004}, {""contract_symbol"": ""COIN260918C00205000"", ""expiration"": ""2026-09-18"", ""type"": ""call"", ""strike"": 205.0, ""volume"": 4160, ""volume_prev"": 4160, ""oi"": 3389, ""oi_prev"": 891, ""oi_change"": 2498, ""last_price"": 2.82, ""iv"": 0.936, ""delta"": 0.262}, {""contract_symbol"": ""COIN260918C00202500"", ""expiration"": ""2026-09-18"", ""type"": ""call"", ""strike"": 202.5, ""volume"": 3049, ""volume_prev"": 3049, ""oi"": 2603, ""oi_prev"": 558, ""oi_change"": 2045, ""last_price"": 3.45, ""iv"": 0.9316, ""delta"": 0.301}, {""contract_symbol"": ""COIN260918P00185000"", ""expiration"": ""2026-09-18"", ""type"": ""put"", ""strike"": 185.0, ""volume"": 3293, ""volume_prev"": 3293, ""oi"": 5024, ""oi_prev"": 3216, ""oi_change"": 1808, ""last_price"": 4.1, ""iv"": 0.871, ""delta"": -0.337}, {""contract_symbol"": ""COIN260918P00182500"", ""expiration"": ""2026-09-18"", ""type"": ""put"", ""strike"": 182.5, ""volume"": 2427, ""volume_prev"": 2427, ""oi"": 2138, ""oi_prev"": 375, ""oi_change"": 1763, ""last_price"": 3.2, ""iv"": 0.8684, ""delta"": -0.284}]"
2026-09-15,晚报,cboe,172.11000061035156,1.3046284344458787,0.531224376078753,1.164093763282196,0.6507507954163325,177.5,170.0,0.7806500000000001,0.6543,0.8381476974316274,-3.6409854042997902,5.664981677661784,-339966.18999999913,405774.6299999997,"[{""strike"": 170.0, ""type"": ""call"", ""oi"": 10860}, {""strike"": 175.0, ""type"": ""call"", ""oi"": 9940}, {""strike"": 170.0, ""type"": ""put"", ""oi"": 8395}]","[{""contract_symbol"": ""COIN260918C00172500"", ""expiration"": ""2026-09-18"", ""dte"": 3, ""type"": ""call"", ""strike"": 172.5, ""volume"": 1713, ""open_interest"": 150, ""volume_prev"": 57, ""volume_ratio"": 30.1, ""oi_prev"": 174, ""oi_change"": -24, ""oi_change_pct"": -13.8, ""flow"": ""平仓"", ""vol_oi_ratio"": 11.42, ""premium"": 8094.0, ""iv"": 0.7742, ""delta"": 0.504, ""score"": 102.8}, {""contract_symbol"": ""COIN261023P00150000"", ""expiration"": ""2026-10-23"", ""dte"": 38, ""type"": ""put"", ""strike"": 150.0, ""volume"": 590, ""open_interest"": 73, ""volume_prev"": 39, ""volume_ratio"": 15.1, ""oi_prev"": 51, ""oi_change"": 22, ""oi_change_pct"": 43.1, ""flow"": ""开仓"", ""vol_oi_ratio"": 8.08, ""premium"": 3038.0, ""iv"": 0.6606, ""delta"": -0.222, ""score"": 64.8}, {""contract_symbol"": ""COIN260918P00152500"", ""expiration"": ""2026-09-18"", ""dte"": 3, ""type"": ""put"", ""strike"": 152.5, ""volume"": 868, ""open_interest"": 89, ""volume_prev"": 87, ""volume_ratio"": 10.0, ""oi_prev"": 66, ""oi_change"": 23, ""oi_change_pct"": 34.8, ""flow"": ""开仓"", ""vol_oi_ratio"": 9.75, ""premium"": 273.0, ""iv"": 0.8521, ""delta"": -0.056, ""score"": 54.8}, {""contract_symbol"": ""COIN260918P00165000"", ""expiration"": ""2026-09-18"", ""dte"": 3, ""type"": ""put"", ""strike"": 165.0, ""volume"": 11483, ""open_interest"": 2935, ""volume_prev"": 2171, ""volume_ratio"": 5.3, ""oi_prev"": 2425, ""oi_change"": 510, ""oi_change_pct"": 21.0, ""flow"": ""开仓"", ""vol_oi_ratio"": 3.91, ""premium"": 22966.0, ""iv"": 0.7807, ""delta"": -0.264, ""score"": 39.3}, {""contract_symbol"": ""COIN260918P00170000"", ""expiration"": ""2026-09-18"", ""dte"": 3, ""type"": ""put"", ""strike"": 170.0, ""volume"": 16584, ""open_interest"": 5514, ""volume_prev"": 5782, ""volume_ratio"": 2.9, ""oi_prev"": 3873, ""oi_change"": 1641, ""oi_change_pct"": 42.4, ""flow"": ""开仓"", ""vol_oi_ratio"": 3.01, ""premium"": 63019.0, ""iv"": 0.7772, ""delta"": -0.417, ""score"": 33.2}]","[{""contract_symbol"": ""COIN261002P00095000"", ""expiration"": ""2026-10-02"", ""type"": ""put"", ""strike"": 95.0, ""volume"": 10, ""volume_prev"": 3319, ""oi"": 3003, ""oi_prev"": 153, ""oi_change"": 2850, ""last_price"": 0.06, ""iv"": 1.1907, ""delta"": -0.006}, {""contract_symbol"": ""COIN260918C00205000"", ""expiration"": ""2026-09-18"", ""type"": ""call"", ""strike"": 205.0, ""volume"": 2061, ""volume_prev"": 4160, ""oi"": 3389, ""oi_prev"": 891, ""oi_change"": 2498, ""last_price"": 0.11, ""iv"": 0.9626, ""delta"": 0.028}, {""contract_symbol"": ""COIN260918C00202500"", ""expiration"": ""2026-09-18"", ""type"": ""call"", ""strike"": 202.5, ""volume"": 3516, ""volume_prev"": 3049, ""oi"": 2603, ""oi_prev"": 558, ""oi_change"": 2045, ""last_price"": 0.2, ""iv"": 0.9443, ""delta"": 0.035}, {""contract_symbol"": ""COIN260918P00185000"", ""expiration"": ""2026-09-18"", ""type"": ""put"", ""strike"": 185.0, ""volume"": 1323, ""volume_prev"": 3293, ""oi"": 5024, ""oi_prev"": 3216, ""oi_change"": 1808, ""last_price"": 13.82, ""iv"": 0.9368, ""delta"": -0.82}, {""contract_symbol"": ""COIN260918P00182500"", ""expiration"": ""2026-09-18"", ""type"": ""put"", ""strike"": 182.5, ""volume"": 1130, ""volume_prev"": 2427, ""oi"": 2138, ""oi_prev"": 375, ""oi_change"": 1763, ""last_price"": 11.76, ""iv"": 0.8145, ""delta"": -0.771}]"
2026-09-16,早报,cboe,171.6309,1.3046284344458787,0.5647400581873491,1.164093763282196,0.6744769277087866,175.0,170.0,0.7786500000000001,0.65415,0.8401078790213831,-4.1219378841798715,5.680795241416319,16166.209999999539,455705.1600000001,"[{""strike"": 175.0, ""type"": ""call"", ""oi"": 11882}, {""strike"": 170.0, ""type"": ""call"", ""oi"": 10412}, {""strike"": 170.0, ""type"": ""put"", ""oi"": 10364}]","[{""contract_symbol"": ""COIN260918C00172500"", ""expiration"": ""2026-09-18"", ""dte"": 2, ""type"": ""call"", ""strike"": 172.5, ""volume"": 1713, ""open_interest"": 467, ""volume_prev"": 1713, ""volume_ratio"": 1.0, ""oi_prev"": 150, ""oi_change"": 317, ""oi_change_pct"": 211.3, ""flow"": ""开仓"", ""vol_oi_ratio"": 3.67, ""premium"": 8094.0, ""iv"": 0.7813, ""delta"": 0.502, ""score"": 33.0}, {""contract_symbol"": ""COIN260918P00170000"", ""expiration"": ""2026-09-18"", ""dte"": 2, ""type"": ""put"", ""strike"": 170.0, ""volume"": 16584, ""open_interest"": 6579, ""volume_prev"": 16584, ""volume_ratio"": 1.0, ""oi_prev"": 5514, ""oi_change"": 1065, ""oi_change_pct"": 19.3, ""flow"": ""开仓"", ""vol_oi_ratio"": 2.52, ""premium"": 63019.0, ""iv"": 0.7786, ""delta"": -0.418, ""score"": 27.9}, {""contract_symbol"": ""COIN260918P00165000"", ""expiration"": ""2026-09-18"", ""dte"": 2, ""type"": ""put"", ""strike"": 165.0, ""volume"": 11483, ""open_interest"": 4715, ""volume_prev"": 11483, ""volume_ratio"": 1.0, ""oi_prev"": 2935, ""oi_change"": 1780, ""oi_change_pct"": 60.6, ""flow"": ""开仓"", ""vol_oi_ratio"": 2.44, ""premium"": 22966.0, ""iv"": 0.7768, ""delta"": -0.264, ""score"": 24.5}, {""contract_symbol"": ""COIN260918P00177500"", ""expiration"": ""2026-09-18"", ""dte"": 2, ""type"": ""put"", ""strike"": 177.5, ""volume"": 3516, ""open_interest"": 1502, ""volume_prev"": 3516, ""volume_ratio"": 1.0, ""oi_prev"": 1248, ""oi_change"": 254, ""oi_change_pct"": 20.4, ""flow"": ""开仓"", ""vol_oi_ratio"": 2.34, ""premium"": 28831.0, ""iv"": 0.7873, ""delta"": -0.652, ""score"": 24.0}, {""contract_symbol"": ""COIN260918P00162500"", ""expiration"": ""2026-09-18"", ""dte"": 2, ""type"": ""put"", ""strike"": 162.5, ""volume"": 2050, ""open_interest"": 801, ""volume_prev"": 2050, ""volume_ratio"": 1.0, ""oi_prev"": 586, ""oi_change"": 215, ""oi_change_pct"": 36.7, ""flow"": ""开仓"", ""vol_oi_ratio"": 2.56, ""premium"": 2880.0, ""iv"": 0.7826, ""delta"": -0.201, ""score"": 20.4}]","[{""contract_symbol"": ""COIN260918P00160000"", ""expiration"": ""2026-09-18"", ""type"": ""put"", ""strike"": 160.0, ""volume"": 33520, ""volume_prev"": 33520, ""oi"": 17198, ""oi_prev"": 13793, ""oi_change"": 3405, ""last_price"": 0.98, ""iv"": 0.7881, ""delta"": -0.148}, {""contract_symbol"": ""COIN260918P00150000"", ""expiration"": ""2026-09-18"", ""type"": ""put"", ""strike"": 150.0, ""volume"": 10930, ""volume_prev"": 10930, ""oi"": 8460, ""oi_prev"": 5876, ""oi_change"": 2584, ""last_price"": 0.27, ""iv"": 0.8964, ""delta"": -0.041}, {""contract_symbol"": ""COIN260918C00190000"", ""expiration"": ""2026-09-18"", ""type"": ""call"", ""strike"": 190.0, ""volume"": 10865, ""volume_prev"": 10865, ""oi"": 9897, ""oi_prev"": 7973, ""oi_change"": 1924, ""last_price"": 0.7, ""iv"": 0.8636, ""delta"": 0.112}, {""contract_symbol"": ""COIN260918P00165000"", ""expiration"": ""2026-09-18"", ""type"": ""put"", ""strike"": 165.0, ""volume"": 11483, ""volume_prev"": 11483, ""oi"": 4715, ""oi_prev"": 2935, ""oi_change"": 1780, ""last_price"": 2.0, ""iv"": 0.7768, ""delta"": -0.264}, {""contract_symbol"": ""COIN260918P00175000"", ""expiration"": ""2026-09-18"", ""type"": ""put"", ""strike"": 175.0, ""volume"": 9107, ""volume_prev"": 9107, ""oi"": 5908, ""oi_prev"": 4237, ""oi_change"": 1671, ""last_price"": 6.56, ""iv"": 0.7931, ""delta"": -0.578}]"
2026-09-16,晚报,cboe,164.50999450683594,1.0167998724060323,0.5647400581873491,0.9529788103999808,0.6744769277087866,175.0,170.0,0.74745,0.62495,0.8361094387584455,-1.4610023996075805,4.45261701087445,-3506229.160000003,448239.6699999999,"[{""strike"": 160.0, ""type"": ""put"", ""oi"": 20482}, {""strike"": 170.0, ""type"": ""call"", ""oi"": 10412}, {""strike"": 170.0, ""type"": ""put"", ""oi"": 10364}]","[{""contract_symbol"": ""COIN260918C00167500"", ""expiration"": ""2026-09-18"", ""dte"": 2, ""type"": ""call"", ""strike"": 167.5, ""volume"": 2568, ""open_interest"": 213, ""volume_prev"": 438, ""volume_ratio"": 5.9, ""oi_prev"": 56, ""oi_change"": 157, ""oi_change_pct"": 280.4, ""flow"": ""开仓"", ""vol_oi_ratio"": 12.06, ""premium"": 6227.0, ""iv"": 0.7517, ""delta"": 0.388, ""score"": 105.3}, {""contract_symbol"": ""COIN260918C00162500"", ""expiration"": ""2026-09-18"", ""dte"": 2, ""type"": ""call"", ""strike"": 162.5, ""volume"": 523, ""open_interest"": 57, ""volume_prev"": 98, ""volume_ratio"": 5.3, ""oi_prev"": 18, ""oi_change"": 39, ""oi_change_pct"": 216.7, ""flow"": ""开仓"", ""vol_oi_ratio"": 9.18, ""premium"": 2458.0, ""iv"": 0.7348, ""delta"": 0.602, ""score"": 71.6}, {""contract_symbol"": ""COIN260918P00162500"", ""expiration"": ""2026-09-18"", ""dte"": 2, ""type"": ""put"", ""strike"": 162.5, ""volume"": 3598, ""open_interest"": 801, ""volume_prev"": 2050, ""volume_ratio"": 1.8, ""oi_prev"": 586, ""oi_change"": 215, ""oi_change_pct"": 36.7, ""flow"": ""开仓"", ""vol_oi_ratio"": 4.49, ""premium"": 9571.0, ""iv"": 0.7492, ""delta"": -0.399, ""score"": 41.2}, {""contract_symbol"": ""COIN260918C00172500"", ""expiration"": ""2026-09-18"", ""dte"": 2, ""type"": ""call"", ""strike"": 172.5, ""volume"": 2285, ""open_interest"": 467, ""volume_prev"": 1713, ""volume_ratio"": 1.3, ""oi_prev"": 150, ""oi_change"": 317, ""oi_change_pct"": 211.3, ""flow"": ""开仓"", ""vol_oi_ratio"": 4.89, ""premium"": 2536.0, ""iv"": 0.7678, ""delta"": 0.217, ""score"": 38.4}, {""contract_symbol"": ""COIN260925C00165000"", ""expiration"": ""2026-09-25"", ""dte"": 9, ""type"": ""call"", ""strike"": 165.0, ""volume"": 541, ""open_interest"": 149, ""volume_prev"": 60, ""volume_ratio"": 9.0, ""oi_prev"": 148, ""oi_change"": 1, ""oi_change_pct"": 0.7, ""flow"": ""开仓"", ""vol_oi_ratio"": 3.63, ""premium"": 3516.0, ""iv"": 0.6375, ""delta"": 0.514, ""score"": 29.6}]","[{""contract_symbol"": ""COIN260918P00160000"", ""expiration"": ""2026-09-18"", ""type"": ""put"", ""strike"": 160.0, ""volume"": 13821, ""volume_prev"": 33520, ""oi"": 17198, ""oi_prev"": 13793, ""oi_change"": 3405, ""last_price"": 1.75, ""iv"": 0.7437, ""delta"": -0.297}, {""contract_symbol"": ""COIN260918P00150000"", ""expiration"": ""2026-09-18"", ""type"": ""put"", ""strike"": 150.0, ""volume"": 3611, ""volume_prev"": 10930, ""oi"": 8460, ""oi_prev"": 5876, ""oi_change"": 2584, ""last_price"": 0.25, ""iv"": 0.8256, ""delta"": -0.062}, {""contract_symbol"": ""COIN260918C00190000"", ""expiration"": ""2026-09-18"", ""type"": ""call"", ""strike"": 190.0, ""volume"": 6304, ""volume_prev"": 10865, ""oi"": 9897, ""oi_prev"": 7973, ""oi_change"": 1924, ""last_price"": 0.1, ""iv"": 0.9411, ""delta"": 0.025}, {""contract_symbol"": ""COIN260918P00165000"", ""expiration"": ""2026-09-18"", ""type"": ""put"", ""strike"": 165.0, ""volume"": 9898, ""volume_prev"": 11483, ""oi"": 4715, ""oi_prev"": 2935, ""oi_change"": 1780, ""last_price"": 3.75, ""iv"": 0.7471, ""delta"": -0.509}, {""contract_symbol"": ""COIN260918P00175000"", ""expiration"": ""2026-09-18"", ""type"": ""put"", ""strike"": 175.0, ""volume"": 1156, ""volume_prev"": 9107, ""oi"": 5908, ""oi_prev"": 4237, ""oi_change"": 1671, ""last_price"": 11.23, ""iv"": 0.7945, ""delta"": -0.849}]"
2026-09-17,晚报,cboe,164.50999450683594,1.0167998724060323,0.5647400581873491,0.9529788103999808,0.6744769277087866,175.0,170.0,0.74745,0.62495,0.8361094387584455,-1.4610023996075805,4.45261701087445,-3506229.160000003,448239.6699999999,"[{""strike"": 160.0, ""type"": ""put"", ""oi"": 20482}, {""strike"": 170.0, ""type"": ""call"", ""oi"": 10412}, {""strike"": 170.0, ""type"": ""put"", ""oi"": 10364}]","[{""contract_symbol"": ""COIN260918C00167500"", ""expiration"": ""2026-09-18"", ""dte"": 1, ""type"": ""call"", ""strike"": 167.5, ""volume"": 2568, ""open_interest"": 213, ""volume_prev"": 2568, ""volume_ratio"": 1.0, ""oi_prev"": 213, ""oi_change"": 0, ""oi_change_pct"": 0.0, ""flow"": ""换手"", ""vol_oi_ratio"": 12.06, ""premium"": 6227.0, ""iv"": 0.7517, ""delta"": 0.388, ""score"": 105.3}, {""contract_symbol"": ""COIN260918C00162500"", ""expiration"": ""2026-09-18"", ""dte"": 1, ""type"": ""call"", ""strike"": 162.5, ""volume"": 523, ""open_interest"": 57, ""volume_prev"": 523, ""volume_ratio"": 1.0, ""oi_prev"": 57, ""oi_change"": 0, ""oi_change_pct"": 0.0, ""flow"": ""换手"", ""vol_oi_ratio"": 9.18, ""premium"": 2458.0, ""iv"": 0.7348, ""delta"": 0.602, ""score"": 71.6}, {""contract_symbol"": ""COIN260918P00162500"", ""expiration"": ""2026-09-18"", ""dte"": 1, ""type"": ""put"", ""strike"": 162.5, ""volume"": 3598, ""open_interest"": 801, ""volume_prev"": 3598, ""volume_ratio"": 1.0, ""oi_prev"": 801, ""oi_change"": 0, ""oi_change_pct"": 0.0, ""flow"": ""换手"", ""vol_oi_ratio"": 4.49, ""premium"": 9571.0, ""iv"": 0.7492, ""delta"": -0.399, ""score"": 41.2}, {""contract_symbol"": ""COIN260918C00172500"", ""expiration"": ""2026-09-18"", ""dte"": 1, ""type"": ""call"", ""strike"": 172.5, ""volume"": 2285, ""open_interest"": 467, ""volume_prev"": 2285, ""volume_ratio"": 1.0, ""oi_prev"": 467, ""oi_change"": 0, ""oi_change_pct"": 0.0, ""flow"": ""换手"", ""vol_oi_ratio"": 4.89, ""premium"": 2536.0, ""iv"": 0.7678, ""delta"": 0.217, ""score"": 38.4}, {""contract_symbol"": ""COIN260925C00165000"", ""expiration"": ""2026-09-25"", ""dte"": 8, ""type"": ""call"", ""strike"": 165.0, ""volume"": 541, ""open_interest"": 149, ""volume_prev"": 541, ""volume_ratio"": 1.0, ""oi_prev"": 149, ""oi_change"": 0, ""oi_change_pct"": 0.0, ""flow"": ""换手"", ""vol_oi_ratio"": 3.63, ""premium"": 3516.0, ""iv"": 0.6375, ""delta"": 0.514, ""score"": 29.6}]",[]
2026-09-17,早报,cboe,166.1732,1.0167998724060323,0.5290915322155436,0.9529788103999808,0.6522961261228409,175.0,170.0,0.74745,0.6254,0.8367114857181083,-1.7499288385332323,4.408051358462135,-2811062.319999995,460738.22000000026,"[{""strike"": 160.0, ""type"": ""put"", ""oi"": 17225}, {""strike"": 170.0, ""type"": ""call"", ""oi"": 11546}, {""strike"": 165.0, ""type"": ""put"", ""oi"": 9610}]","[{""contract_symbol"": ""COIN260918C00167500"", ""expiration"": ""2026-09-18"", ""dte"": 1, ""type"": ""call"", ""strike"": 167.5, ""volume"": 2568, ""open_interest"": 569, ""volume_prev"": 2568, ""volume_ratio"": 1.0, ""oi_prev"": 213, ""oi_change"": 356, ""oi_change_pct"": 167.1, ""flow"": ""开仓"", ""vol_oi_ratio"": 4.51, ""premium"": 6227.0, ""iv"": 0.7543, ""delta"": 0.387, ""score"": 39.4}, {""contract_symbol"": ""COIN260918P00162500"", ""expiration"": ""2026-09-18"", ""dte"": 1, ""type"": ""put"", ""strike"": 162.5, ""volume"": 3598, ""open_interest"": 1194, ""volume_prev"": 3598, ""volume_ratio"": 1.0, ""oi_prev"": 801, ""oi_change"": 393, ""oi_change_pct"": 49.1, ""flow"": ""开仓"", ""vol_oi_ratio"": 3.01, ""premium"": 9571.0, ""iv"": 0.7476, ""delta"": -0.401, ""score"": 27.6}, {""contract_symbol"": ""COIN260918P00165000"", ""expiration"": ""2026-09-18"", ""dte"": 1, ""type"": ""put"", ""strike"": 165.0, ""volume"": 9898, ""open_interest"": 5303, ""volume_prev"": 9898, ""volume_ratio"": 1.0, ""oi_prev"": 4715, ""oi_change"": 588, ""oi_change_pct"": 12.5, ""flow"": ""开仓"", ""vol_oi_ratio"": 1.87, ""premium"": 38355.0, ""iv"": 0.7439, ""delta"": -0.51, ""score"": 19.7}, {""contract_symbol"": ""COIN260918C00162500"", ""expiration"": ""2026-09-18"", ""dte"": 1, ""type"": ""call"", ""strike"": 162.5, ""volume"": 523, ""open_interest"": 218, ""volume_prev"": 523, ""volume_ratio"": 1.0, ""oi_prev"": 57, ""oi_change"": 161, ""oi_change_pct"": 282.5, ""flow"": ""开仓"", ""vol_oi_ratio"": 2.4, ""premium"": 2458.0, ""iv"": 0.7388, ""delta"": 0.6, ""score"": 18.7}, {""contract_symbol"": ""COIN260918C00172500"", ""expiration"": ""2026-09-18"", ""dte"": 1, ""type"": ""call"", ""strike"": 172.5, ""volume"": 2285, ""open_interest"": 1095, ""volume_prev"": 2285, ""volume_ratio"": 1.0, ""oi_prev"": 467, ""oi_change"": 628, ""oi_change_pct"": 134.5, ""flow"": ""开仓"", ""vol_oi_ratio"": 2.09, ""premium"": 2536.0, ""iv"": 0.7683, ""delta"": 0.215, ""score"": 16.4}]","[{""contract_symbol"": ""COIN260925C00185000"", ""expiration"": ""2026-09-25"", ""type"": ""call"", ""strike"": 185.0, ""volume"": 1634, ""volume_prev"": 1634, ""oi"": 2372, ""oi_prev"": 1380, ""oi_change"": 992, ""last_price"": 1.3, ""iv"": 0.6718, ""delta"": 0.151}, {""contract_symbol"": ""COIN260918C00172500"", ""expiration"": ""2026-09-18"", ""type"": ""call"", ""strike"": 172.5, ""volume"": 2285, ""volume_prev"": 2285, ""oi"": 1095, ""oi_prev"": 467, ""oi_change"": 628, ""last_price"": 1.12, ""iv"": 0.7683, ""delta"": 0.215}, {""contract_symbol"": ""COIN260918C00170000"", ""expiration"": ""2026-09-18"", ""type"": ""call"", ""strike"": 170.0, ""volume"": 5699, ""volume_prev"": 5699, ""oi"": 9079, ""oi_prev"": 8488, ""oi_change"": 591, ""last_price"": 1.66, ""iv"": 0.7597, ""delta"": 0.293}, {""contract_symbol"": ""COIN260918C00165000"", ""expiration"": ""2026-09-18"", ""type"": ""call"", ""strike"": 165.0, ""volume"": 2747, ""volume_prev"": 2747, ""oi"": 2022, ""oi_prev"": 1431, ""oi_change"": 591, ""last_price"": 3.45, ""iv"": 0.751, ""delta"": 0.491}, {""contract_symbol"": ""COIN260918P00165000"", ""expiration"": ""2026-09-18"", ""type"": ""put"", ""strike"": 165.0, ""volume"": 9898, ""volume_prev"": 9898, ""oi"": 5303, ""oi_prev"": 4715, ""oi_change"": 588, ""last_price"": 3.75, ""iv"": 0.7439, ""delta"": -0.51}]"
2026-09-18,晚报,cboe,173.97000122070312,0.8900926743159753,0.5290915322155436,0.6487782571991371,0.6522961261228409,175.0,170.0,0.6993,0.6121000000000001,0.8753038753038754,-4.278413452492947,3.072368777660228,1215325.6700000004,538797.1099999993,"[{""strike"": 175.0, ""type"": ""call"", ""oi"": 12366}, {""strike"": 170.0, ""type"": ""call"", ""oi"": 11546}, {""strike"": 182.5, ""type"": ""call"", ""oi"": 11120}]","[{""contract_symbol"": ""COIN260918P00230000"", ""expiration"": ""2026-09-18"", ""dte"": 0, ""type"": ""put"", ""strike"": 230.0, ""volume"": 3159, ""open_interest"": 514, ""volume_prev"": 3159, ""volume_ratio"": 1.0, ""oi_prev"": 514, ""oi_change"": 0, ""oi_change_pct"": 0.0, ""flow"": ""换手"", ""vol_oi_ratio"": 6.15, ""premium"": 181564.0, ""iv"": 3.8195, ""delta"": -1.0, ""score"": 74.4}, {""contract_symbol"": ""COIN260918P00250000"", ""expiration"": ""2026-09-18"", ""dte"": 0, ""type"": ""put"", ""strike"": 250.0, ""volume"": 1536, ""open_interest"": 251, ""volume_prev"": 1536, ""volume_ratio"": 1.0, ""oi_prev"": 251, ""oi_change"": 0, ""oi_change_pct"": 0.0, ""flow"": ""换手"", ""vol_oi_ratio"": 6.12, ""premium"": 118157.0, ""iv"": 4.1938, ""delta"": -1.0, ""score"": 71.5}, {""contract_symbol"": ""COIN260918P00260000"", ""expiration"": ""2026-09-18"", ""dte"": 0, ""type"": ""put"", ""strike"": 260.0, ""volume"": 1234, ""open_interest"": 203, ""volume_prev"": 1234, ""volume_ratio"": 1.0, ""oi_prev"": 203, ""oi_change"": 0, ""oi_change_pct"": 0.0, ""flow"": ""换手"", ""vol_oi_ratio"": 6.08, ""premium"": 107975.0, ""iv"": 5.0025, ""delta"": -1.0, ""score"": 70.5}, {""contract_symbol"": ""COIN260918P00240000"", ""expiration"": ""2026-09-18"", ""dte"": 0, ""type"": ""put"", ""strike"": 240.0, ""volume"": 1018, ""open_interest"": 170, ""volume_prev"": 1018, ""volume_ratio"": 1.0, ""oi_prev"": 170, ""oi_change"": 0, ""oi_change_pct"": 0.0, ""flow"": ""换手"", ""vol_oi_ratio"": 5.99, ""premium"": 69249.0, ""iv"": 4.5693, ""delta"": -1.0, ""score"": 66.7}, {""contract_symbol"": ""COIN260918P00300000"", ""expiration"": ""2026-09-18"", ""dte"": 0, ""type"": ""put"", ""strike"": 300.0, ""volume"": 553, ""open_interest"": 102, ""volume_prev"": 553, ""volume_ratio"": 1.0, ""oi_prev"": 102, ""oi_change"": 0, ""oi_change_pct"": 0.0, ""flow"": ""换手"", ""vol_oi_ratio"": 5.42, ""premium"": 69996.0, ""iv"": 5.3104, ""delta"": -1.0, ""score"": 60.5}]",[]
2026-09-18,早报,cboe,180.52,0.23409042211270623,0.513448259210971,0.2961327540773449,0.632954688917531,172.5,170.0,1.14875,0.6136999999999999,0.5342328618063111,-7.895924978687119,2.584201196543319,5365669.110000003,568537.6000000003,"[{""strike"": 175.0, ""type"": ""call"", ""oi"": 14140}, {""strike"": 182.5, ""type"": ""call"", ""oi"": 12666}, {""strike"": 185.0, ""type"": ""call"", ""oi"": 11448}]","[{""contract_symbol"": ""COIN261002P00180000"", ""expiration"": ""2026-10-02"", ""dte"": 14, ""type"": ""put"", ""strike"": 180.0, ""volume"": 506, ""open_interest"": 320, ""volume_prev"": 13, ""volume_ratio"": 38.9, ""oi_prev"": 324, ""oi_change"": -4, ""oi_change_pct"": -1.2, ""flow"": ""平仓"", ""vol_oi_ratio"": 1.58, ""premium"": 4212.0, ""iv"": 0.6118, ""delta"": -0.455, ""score"": 13.2}]","[{""contract_symbol"": ""COIN260925C00177500"", ""expiration"": ""2026-09-25"", ""type"": ""call"", ""strike"": 177.5, ""volume"": 52, ""volume_prev"": 2678, ""oi"": 2794, ""oi_prev"": 445, ""oi_change"": 2349, ""last_price"": 7.92, ""iv"": 0.6104, ""delta"": 0.607}, {""contract_symbol"": ""COIN260925C00185000"", ""expiration"": ""2026-09-25"", ""type"": ""call"", ""strike"": 185.0, ""volume"": 150, ""volume_prev"": 4793, ""oi"": 4337, ""oi_prev"": 2372, ""oi_change"": 1965, ""last_price"": 4.6, ""iv"": 0.6272, ""delta"": 0.423}, {""contract_symbol"": ""COIN260925C00175000"", ""expiration"": ""2026-09-25"", ""type"": ""call"", ""strike"": 175.0, ""volume"": 205, ""volume_prev"": 2141, ""oi"": 1916, ""oi_prev"": 593, ""oi_change"": 1323, ""last_price"": 9.7, ""iv"": 0.598, ""delta"": 0.667}, {""contract_symbol"": ""COIN260918C00200000"", ""expiration"": ""2026-09-18"", ""type"": ""call"", ""strike"": 200.0, ""volume"": 292, ""volume_prev"": 3512, ""oi"": 8846, ""oi_prev"": 7652, ""oi_change"": 1194, ""last_price"": 0.03, ""iv"": 1.5596, ""delta"": 0.021}, {""contract_symbol"": ""COIN260925C00182500"", ""expiration"": ""2026-09-25"", ""type"": ""call"", ""strike"": 182.5, ""volume"": 489, ""volume_prev"": 1547, ""oi"": 1472, ""oi_prev"": 398, ""oi_change"": 1074, ""last_price"": 5.8, ""iv"": 0.6254, ""delta"": 0.483}]"
2026-09-19,晚报,cboe,194.25,0.5335798147456193,0.6451094660576469,0.7161289017185097,0.8742930089892024,172.5,170.0,0.643,0.64055,0.9961897356143078,-6.300695926103284,7.155727155727155,4291656.8500000015,148030.8,"[{""strike"": 200.0, ""type"": ""call"", ""oi"": 9051}, {""strike"": 185.0, ""type"": ""call"", ""oi"": 6988}, {""strike"": 190.0, ""type"": ""call"", ""oi"": 5527}]","[{""contract_symbol"": ""COIN260925C00202500"", ""expiration"": ""2026-09-25"", ""dte"": 6, ""type"": ""call"", ""strike"": 202.5, ""volume"": 8339, ""open_interest"": 240, ""volume_prev"": 8339, ""volume_ratio"": 1.0, ""oi_prev"": 240, ""oi_change"": 0, ""oi_change_pct"": 0.0, ""flow"": ""换手"", ""vol_oi_ratio"": 34.75, ""premium"": 32939.0, ""iv"": 0.6634, ""delta"": 0.349, ""score"": 208.0}, {""contract_symbol"": ""COIN260925C00197500"", ""expiration"": ""2026-09-25"", ""dte"": 6, ""type"": ""call"", ""strike"": 197.5, ""volume"": 4115, ""open_interest"": 188, ""volume_prev"": 4115, ""volume_ratio"": 1.0, ""oi_prev"": 188, ""oi_change"": 0, ""oi_change_pct"": 0.0, ""flow"": ""换手"", ""vol_oi_ratio"": 21.89, ""premium"": 22941.0, ""iv"": 0.6451, ""delta"": 0.45, ""score"": 200.8}, {""contract_symbol"": ""COIN260925C00212500"", ""expiration"": ""2026-09-25"", ""dte"": 6, ""type"": ""call"", ""strike"": 212.5, ""volume"": 10711, ""open_interest"": 297, ""volume_prev"": 10711, ""volume_ratio"": 1.0, ""oi_prev"": 297, ""oi_change"": 0, ""oi_change_pct"": 0.0, ""flow"": ""换手"", ""vol_oi_ratio"": 36.06, ""premium"": 21208.0, ""iv"": 0.7073, ""delta"": 0.198, ""score"": 199.2}, {""contract_symbol"": ""COIN260925P00187500"", ""expiration"": ""2026-09-25"", ""dte"": 6, ""type"": ""put"", ""strike"": 187.5, ""volume"": 2769, ""open_interest"": 143, ""volume_prev"": 2769, ""volume_ratio"": 1.0, ""oi_prev"": 143, ""oi_change"": 0, ""oi_change_pct"": 0.0, ""flow"": ""换手"", ""vol_oi_ratio"": 19.36, ""premium"": 10453.0, ""iv"": 0.6316, ""delta"": -0.325, ""score"": 179.2}, {""contract_symbol"": ""COIN260925P00195000"", ""expiration"": ""2026-09-25"", ""dte"": 6, ""type"": ""put"", ""strike"": 195.0, ""volume"": 1706, ""open_interest"": 97, ""volume_prev"": 1706, ""volume_ratio"": 1.0, ""oi_prev"": 97, ""oi_change"": 0, ""oi_change_pct"": 0.0, ""flow"": ""换手"", ""vol_oi_ratio"": 17.59, ""premium"": 12368.0, ""iv"": 0.6435, ""delta"": -0.496, ""score"": 165.7}]",[]
2026-09-19,早报,cboe,194.6,0.5335798147456193,0.6451094660576469,0.7161289017185097,0.8742930089892024,172.5,170.0,0.643,0.64055,0.9961897356143078,-6.300695926103284,7.142857142857144,4291656.8500000015,148030.8,"[{""strike"": 200.0, ""type"": ""call"", ""oi"": 9051}, {""strike"": 185.0, ""type"": ""call"", ""oi"": 6988}, {""strike"": 190.0, ""type"": ""call"", ""oi"": 5527}]","[{""contract_symbol"": ""COIN260925C00202500"", ""expiration"": ""2026-09-25"", ""dte"": 6, ""type"": ""call"", ""strike"": 202.5, ""volume"": 8339, ""open_interest"": 240, ""volume_prev"": 8339, ""volume_ratio"": 1.0, ""oi_prev"": 240, ""oi_change"": 0, ""oi_change_pct"": 0.0, ""flow"": ""换手"", ""vol_oi_ratio"": 34.75, ""premium"": 32939.0, ""iv"": 0.6634, ""delta"": 0.349, ""score"": 208.0}, {""contract_symbol"": ""COIN260925C00197500"", ""expiration"": ""2026-09-25"", ""dte"": 6, ""type"": ""call"", ""strike"": 197.5, ""volume"": 4115, ""open_interest"": 188, ""volume_prev"": 4115, ""volume_ratio"": 1.0, ""oi_prev"": 188, ""oi_change"": 0, ""oi_change_pct"": 0.0, ""flow"": ""换手"", ""vol_oi_ratio"": 21.89, ""premium"": 22941.0, ""iv"": 0.6451, ""delta"": 0.45, ""score"": 200.8}, {""contract_symbol"": ""COIN260925C00212500"", ""expiration"": ""2026-09-25"", ""dte"": 6, ""type"": ""call"", ""strike"": 212.5, ""volume"": 10711, ""open_interest"": 297, ""volume_prev"": 10711, ""volume_ratio"": 1.0, ""oi_prev"": 297, ""oi_change"": 0, ""oi_change_pct"": 0.0, ""flow"": ""换手"", ""vol_oi_ratio"": 36.06, ""premium"": 21208.0, ""iv"": 0.7073, ""delta"": 0.198, ""score"": 199.2}, {""contract_symbol"": ""COIN260925P00187500"", ""expiration"": ""2026-09-25"", ""dte"": 6, ""type"": ""put"", ""strike"": 187.5, ""volume"": 2769, ""open_interest"": 143, ""volume_prev"": 2769, ""volume_ratio"": 1.0, ""oi_prev"": 143, ""oi_change"": 0, ""oi_change_pct"": 0.0, ""flow"": ""换手"", ""vol_oi_ratio"": 19.36, ""premium"": 10453.0, ""iv"": 0.6316, ""delta"": -0.325, ""score"": 179.2}, {""contract_symbol"": ""COIN260925P00195000"", ""expiration"": ""2026-09-25"", ""dte"": 6, ""type"": ""put"", ""strike"": 195.0, ""volume"": 1706, ""open_interest"": 97, ""volume_prev"": 1706, ""volume_ratio"": 1.0, ""oi_prev"": 97, ""oi_change"": 0, ""oi_change_pct"": 0.0, ""flow"": ""换手"", ""vol_oi_ratio"": 17.59, ""premium"": 12368.0, ""iv"": 0.6435, ""delta"": -0.496, ""score"": 165.7}]",[]
2026-09-21,早报,cboe,204.1055,0.5335798147456193,0.5984311740890689,0.7134142293854466,0.9094726720882278,180.0,180.0,0.6761999999999999,0.6488499999999999,0.9595533865720202,-6.300695926103284,8.463760163248908,5402027.469999997,263963.36999999976,"[{""strike"": 200.0, ""type"": ""call"", ""oi"": 14010}, {""strike"": 210.0, ""type"": ""call"", ""oi"": 11055}, {""strike"": 212.5, ""type"": ""call"", ""oi"": 9285}]","[{""contract_symbol"": ""COIN260925C00200000"", ""expiration"": ""2026-09-25"", ""dte"": 4, ""type"": ""call"", ""strike"": 200.0, ""volume"": 21978, ""open_interest"": 6234, ""volume_prev"": 21978, ""volume_ratio"": 1.0, ""oi_prev"": 2203, ""oi_change"": 4031, ""oi_change_pct"": 183.0, ""flow"": ""开仓"", ""vol_oi_ratio"": 3.53, ""premium"": 103297.0, ""iv"": 0.6544, ""delta"": 0.398, ""score"": 40.7}, {""contract_symbol"": ""COIN260925P00185000"", ""expiration"": ""2026-09-25"", ""dte"": 4, ""type"": ""put"", ""strike"": 185.0, ""volume"": 6337, ""open_interest"": 1790, ""volume_prev"": 6337, ""volume_ratio"": 1.0, ""oi_prev"": 386, ""oi_change"": 1404, ""oi_change_pct"": 363.7, ""flow"": ""开仓"", ""vol_oi_ratio"": 3.54, ""premium"": 18599.0, ""iv"": 0.6295, ""delta"": -0.272, ""score"": 34.8}, {""contract_symbol"": ""COIN260925P00192500"", ""expiration"": ""2026-09-25"", ""dte"": 4, ""type"": ""put"", ""strike"": 192.5, ""volume"": 2159, ""open_interest"": 679, ""volume_prev"": 2159, ""volume_ratio"": 1.0, ""oi_prev"": 126, ""oi_change"": 553, ""oi_change_pct"": 438.9, ""flow"": ""开仓"", ""vol_oi_ratio"": 3.18, ""premium"": 12738.0, ""iv"": 0.6372, ""delta"": -0.439, ""score"": 30.1}, {""contract_symbol"": ""COIN260925P00180000"", ""expiration"": ""2026-09-25"", ""dte"": 4, ""type"": ""put"", ""strike"": 180.0, ""volume"": 7386, ""open_interest"": 3190, ""volume_prev"": 7386, ""volume_ratio"": 1.0, ""oi_prev"": 695, ""oi_change"": 2495, ""oi_change_pct"": 359.0, ""flow"": ""开仓"", ""vol_oi_ratio"": 2.32, ""premium"": 12556.0, ""iv"": 0.6313, ""delta"": -0.179, ""score"": 21.9}, {""contract_symbol"": ""COIN260925C00187500"", ""expiration"": ""2026-09-25"", ""dte"": 4, ""type"": ""call"", ""strike"": 187.5, ""volume"": 1044, ""open_interest"": 447, ""volume_prev"": 1044, ""volume_ratio"": 1.0, ""oi_prev"": 274, ""oi_change"": 173, ""oi_change_pct"": 63.1, ""flow"": ""开仓"", ""vol_oi_ratio"": 2.34, ""premium"": 11327.0, ""iv"": 0.6458, ""delta"": 0.677, ""score"": 21.8}]","[{""contract_symbol"": ""COIN260925C00212500"", ""expiration"": ""2026-09-25"", ""type"": ""call"", ""strike"": 212.5, ""volume"": 10711, ""volume_prev"": 10711, ""oi"": 9150, ""oi_prev"": 297, ""oi_change"": 8853, ""last_price"": 1.99, ""iv"": 0.7073, ""delta"": 0.198}, {""contract_symbol"": ""COIN260925P00110000"", ""expiration"": ""2026-09-25"", ""type"": ""put"", ""strike"": 110.0, ""volume"": 6889, ""volume_prev"": 6889, ""oi"": 7977, ""oi_prev"": 1578, ""oi_change"": 6399, ""last_price"": 0.05, ""iv"": 1.5163, ""delta"": -0.002}, {""contract_symbol"": ""COIN261016P00050000"", ""expiration"": ""2026-10-16"", ""type"": ""put"", ""strike"": 50.0, ""volume"": 6401, ""volume_prev"": 6401, ""oi"": 6477, ""oi_prev"": 105, ""oi_change"": 6372, ""last_price"": 0.05, ""iv"": 1.8038, ""delta"": -0.001}, {""contract_symbol"": ""COIN260925C00202500"", ""expiration"": ""2026-09-25"", ""type"": ""call"", ""strike"": 202.5, ""volume"": 8339, ""volume_prev"": 8339, ""oi"": 5967, ""oi_prev"": 240, ""oi_change"": 5727, ""last_price"": 4.0, ""iv"": 0.6634, ""delta"": 0.349}, {""contract_symbol"": ""COIN260925C00210000"", ""expiration"": ""2026-09-25"", ""type"": ""call"", ""strike"": 210.0, ""volume"": 8162, ""volume_prev"": 8162, ""oi"": 6234, ""oi_prev"": 643, ""oi_change"": 5591, ""last_price"": 2.36, ""iv"": 0.6953, ""delta"": 0.23}]"
2026-09-21,晚报,cboe,201.0500030517578,0.3655229662423907,0.5984311740890689,0.4446627902803202,0.9094726720882278,180.0,180.0,0.75515,0.67485,0.8936635105608157,-6.504415277595477,6.304401794381959,7051546.77,255260.2199999999,"[{""strike"": 200.0, ""type"": ""call"", ""oi"": 14010}, {""strike"": 210.0, ""type"": ""call"", ""oi"": 11055}, {""strike"": 195.0, ""type"": ""call"", ""oi"": 6806}]","[{""contract_symbol"": ""COIN260925C00235000"", ""expiration"": ""2026-09-25"", ""dte"": 4, ""type"": ""call"", ""strike"": 235.0, ""volume"": 9858, ""open_interest"": 356, ""volume_prev"": 629, ""volume_ratio"": 15.7, ""oi_prev"": 472, ""oi_change"": -116, ""oi_change_pct"": -24.6, ""flow"": ""平仓"", ""vol_oi_ratio"": 27.69, ""premium"": 4830.0, ""iv"": 0.9268, ""delta"": 0.061, ""score"": 169.7}, {""contract_symbol"": ""COIN261002P00205000"", ""expiration"": ""2026-10-02"", ""dte"": 11, ""type"": ""put"", ""strike"": 205.0, ""volume"": 769, ""open_interest"": 58, ""volume_prev"": 11, ""volume_ratio"": 69.9, ""oi_prev"": 54, ""oi_change"": 4, ""oi_change_pct"": 7.4, ""flow"": ""开仓"", ""vol_oi_ratio"": 13.26, ""premium"": 9036.0, ""iv"": 0.6954, ""delta"": -0.537, ""score"": 120.8}, {""contract_symbol"": ""COIN261002C00212500"", ""expiration"": ""2026-10-02"", ""dte"": 11, ""type"": ""call"", ""strike"": 212.5, ""volume"": 667, ""open_interest"": 48, ""volume_prev"": 82, ""volume_ratio"": 8.1, ""oi_prev"": 38, ""oi_change"": 10, ""oi_change_pct"": 26.3, ""flow"": ""开仓"", ""vol_oi_ratio"": 13.9, ""premium"": 3702.0, ""iv"": 0.7102, ""delta"": 0.355, ""score"": 114.2}, {""contract_symbol"": ""COIN260925P00205000"", ""expiration"": ""2026-09-25"", ""dte"": 4, ""type"": ""put"", ""strike"": 205.0, ""volume"": 1904, ""open_interest"": 166, ""volume_prev"": 155, ""volume_ratio"": 12.3, ""oi_prev"": 70, ""oi_change"": 96, ""oi_change_pct"": 137.1, ""flow"": ""开仓"", ""vol_oi_ratio"": 11.47, ""premium"": 16422.0, ""iv"": 0.7663, ""delta"": -0.578, ""score"": 111.3}, {""contract_symbol"": ""COIN260925P00200000"", ""expiration"": ""2026-09-25"", ""dte"": 4, ""type"": ""put"", ""strike"": 200.0, ""volume"": 2380, ""open_interest"": 231, ""volume_prev"": 569, ""volume_ratio"": 4.2, ""oi_prev"": 71, ""oi_change"": 160, ""oi_change_pct"": 225.4, ""flow"": ""开仓"", ""vol_oi_ratio"": 10.3, ""premium"": 13864.0, ""iv"": 0.76, ""delta"": -0.456, ""score"": 98.3}]","[{""contract_symbol"": ""COIN260925C00212500"", ""expiration"": ""2026-09-25"", ""type"": ""call"", ""strike"": 212.5, ""volume"": 3664, ""volume_prev"": 10711, ""oi"": 9150, ""oi_prev"": 297, ""oi_change"": 8853, ""last_price"": 2.65, ""iv"": 0.7952, ""delta"": 0.272}, {""contract_symbol"": ""COIN260925P00110000"", ""expiration"": ""2026-09-25"", ""type"": ""put"", ""strike"": 110.0, ""volume"": 14, ""volume_prev"": 6889, ""oi"": 7977, ""oi_prev"": 1578, ""oi_change"": 6399, ""last_price"": 0.02, ""iv"": 2.2198, ""delta"": -0.001}, {""contract_symbol"": ""COIN261016P00050000"", ""expiration"": ""2026-10-16"", ""type"": ""put"", ""strike"": 50.0, ""volume"": 6401, ""volume_prev"": 6401, ""oi"": 6477, ""oi_prev"": 105, ""oi_change"": 6372, ""last_price"": 0.05, ""iv"": 1.949, ""delta"": -0.001, ""volume_source"": ""yfinance""}, {""contract_symbol"": ""COIN260925C00202500"", ""expiration"": ""2026-09-25"", ""type"": ""call"", ""strike"": 202.5, ""volume"": 1132, ""volume_prev"": 8339, ""oi"": 5967, ""oi_prev"": 240, ""oi_change"": 5727, ""last_price"": 5.7, ""iv"": 0.7479, ""delta"": 0.483}, {""contract_symbol"": ""COIN260925C00210000"", ""expiration"": ""2026-09-25"", ""type"": ""call"", ""strike"": 210.0, ""volume"": 10519, ""volume_prev"": 8162, ""oi"": 6234, ""oi_prev"": 643, ""oi_change"": 5591, ""last_price"": 3.24, ""iv"": 0.7802, ""delta"": 0.317}]"
2026-09-22,晚报,cboe,201.0500030517578,0.3655229662423907,0.5984311740890689,0.4446627902803202,0.9094726720882278,180.0,180.0,0.7568,0.6749499999999999,0.8918472515856236,-6.585795249703463,6.304401794381959,7048785.6000000015,255585.37999999998,"[{""strike"": 200.0, ""type"": ""call"", ""oi"": 14010}, {""strike"": 210.0, ""type"": ""call"", ""oi"": 11055}, {""strike"": 195.0, ""type"": ""call"", ""oi"": 6806}]","[{""contract_symbol"": ""COIN260925C00235000"", ""expiration"": ""2026-09-25"", ""dte"": 3, ""type"": ""call"", ""strike"": 235.0, ""volume"": 9858, ""open_interest"": 356, ""volume_prev"": 9858, ""volume_ratio"": 1.0, ""oi_prev"": 356, ""oi_change"": 0, ""oi_change_pct"": 0.0, ""flow"": ""换手"", ""vol_oi_ratio"": 27.69, ""premium"": 4830.0, ""iv"": 0.9276, ""delta"": 0.061, ""score"": 169.7}, {""contract_symbol"": ""COIN261002P00205000"", ""expiration"": ""2026-10-02"", ""dte"": 10, ""type"": ""put"", ""strike"": 205.0, ""volume"": 769, ""open_interest"": 58, ""volume_prev"": 769, ""volume_ratio"": 1.0, ""oi_prev"": 58, ""oi_change"": 0, ""oi_change_pct"": 0.0, ""flow"": ""换手"", ""vol_oi_ratio"": 13.26, ""premium"": 9036.0, ""iv"": 0.6944, ""delta"": -0.537, ""score"": 120.8}, {""contract_symbol"": ""COIN261002C00212500"", ""expiration"": ""2026-10-02"", ""dte"": 10, ""type"": ""call"", ""strike"": 212.5, ""volume"": 667, ""open_interest"": 48, ""volume_prev"": 667, ""volume_ratio"": 1.0, ""oi_prev"": 48, ""oi_change"": 0, ""oi_change_pct"": 0.0, ""flow"": ""换手"", ""vol_oi_ratio"": 13.9, ""premium"": 3702.0, ""iv"": 0.711, ""delta"": 0.354, ""score"": 114.2}, {""contract_symbol"": ""COIN260925P00205000"", ""expiration"": ""2026-09-25"", ""dte"": 3, ""type"": ""put"", ""strike"": 205.0, ""volume"": 1904, ""open_interest"": 166, ""volume_prev"": 1904, ""volume_ratio"": 1.0, ""oi_prev"": 166, ""oi_change"": 0, ""oi_change_pct"": 0.0, ""flow"": ""换手"", ""vol_oi_ratio"": 11.47, ""premium"": 16422.0, ""iv"": 0.7647, ""delta"": -0.579, ""score"": 111.3}, {""contract_symbol"": ""COIN260925P00200000"", ""expiration"": ""2026-09-25"", ""dte"": 3, ""type"": ""put"", ""strike"": 200.0, ""volume"": 2380, ""open_interest"": 231, ""volume_prev"": 2380, ""volume_ratio"": 1.0, ""oi_prev"": 231, ""oi_change"": 0, ""oi_change_pct"": 0.0, ""flow"": ""换手"", ""vol_oi_ratio"": 10.3, ""premium"": 13864.0, ""iv"": 0.7587, ""delta"": -0.457, ""score"": 98.3}]",[]
2026-09-22,早报,cboe,198.41,0.3655229662423907,0.5654198622497671,0.4446627902803202,0.8545212657919324,182.5,185.0,0.7462500000000001,0.6631,0.88857621440536,-6.504415277595477,6.400887052063908,7066181.329999996,281827.7500000002,"[{""strike"": 200.0, ""type"": ""call"", ""oi"": 13373}, {""strike"": 190.0, ""type"": ""call"", ""oi"": 7268}, {""strike"": 195.0, ""type"": ""call"", ""oi"": 6689}]","[{""contract_symbol"": ""COIN260925P00205000"", ""expiration"": ""2026-09-25"", ""dte"": 3, ""type"": ""put"", ""strike"": 205.0, ""volume"": 1904, ""open_interest"": 500, ""volume_prev"": 1904, ""volume_ratio"": 1.0, ""oi_prev"": 166, ""oi_change"": 334, ""oi_change_pct"": 201.2, ""flow"": ""开仓"", ""vol_oi_ratio"": 3.81, ""premium"": 16422.0, ""iv"": 0.7663, ""delta"": -0.578, ""score"": 37.0}, {""contract_symbol"": ""COIN260925C00207500"", ""expiration"": ""2026-09-25"", ""dte"": 3, ""type"": ""call"", ""strike"": 207.5, ""volume"": 5009, ""open_interest"": 1502, ""volume_prev"": 5009, ""volume_ratio"": 1.0, ""oi_prev"": 1075, ""oi_change"": 427, ""oi_change_pct"": 39.7, ""flow"": ""开仓"", ""vol_oi_ratio"": 3.33, ""premium"": 19911.0, ""iv"": 0.7798, ""delta"": 0.368, ""score"": 33.0}, {""contract_symbol"": ""COIN260925C00205000"", ""expiration"": ""2026-09-25"", ""dte"": 3, ""type"": ""call"", ""strike"": 205.0, ""volume"": 5328, ""open_interest"": 2333, ""volume_prev"": 5328, ""volume_ratio"": 1.0, ""oi_prev"": 1526, ""oi_change"": 807, ""oi_change_pct"": 52.9, ""flow"": ""开仓"", ""vol_oi_ratio"": 2.28, ""premium"": 25441.0, ""iv"": 0.7631, ""delta"": 0.424, ""score"": 23.2}, {""contract_symbol"": ""COIN260925P00200000"", ""expiration"": ""2026-09-25"", ""dte"": 3, ""type"": ""put"", ""strike"": 200.0, ""volume"": 2380, ""open_interest"": 998, ""volume_prev"": 2380, ""volume_ratio"": 1.0, ""oi_prev"": 231, ""oi_change"": 767, ""oi_change_pct"": 332.0, ""flow"": ""开仓"", ""vol_oi_ratio"": 2.38, ""premium"": 13864.0, ""iv"": 0.76, ""delta"": -0.456, ""score"": 22.7}, {""contract_symbol"": ""COIN260925C00215000"", ""expiration"": ""2026-09-25"", ""dte"": 3, ""type"": ""call"", ""strike"": 215.0, ""volume"": 3271, ""open_interest"": 1465, ""volume_prev"": 3271, ""volume_ratio"": 1.0, ""oi_prev"": 720, ""oi_change"": 745, ""oi_change_pct"": 103.5, ""flow"": ""开仓"", ""vol_oi_ratio"": 2.23, ""premium"": 7147.0, ""iv"": 0.8099, ""delta"": 0.232, ""score"": 19.8}]","[{""contract_symbol"": ""COIN260925C00235000"", ""expiration"": ""2026-09-25"", ""type"": ""call"", ""strike"": 235.0, ""volume"": 9858, ""volume_prev"": 9858, ""oi"": 5533, ""oi_prev"": 356, ""oi_change"": 5177, ""last_price"": 0.49, ""iv"": 0.9268, ""delta"": 0.061}, {""contract_symbol"": ""COIN261016C00260000"", ""expiration"": ""2026-10-16"", ""type"": ""call"", ""strike"": 260.0, ""volume"": 4666, ""volume_prev"": 4666, ""oi"": 4862, ""oi_prev"": 954, ""oi_change"": 3908, ""last_price"": 2.19, ""iv"": 0.7566, ""delta"": 0.12}, {""contract_symbol"": ""COIN260925C00220000"", ""expiration"": ""2026-09-25"", ""type"": ""call"", ""strike"": 220.0, ""volume"": 10866, ""volume_prev"": 10866, ""oi"": 7660, ""oi_prev"": 4731, ""oi_change"": 2929, ""last_price"": 1.46, ""iv"": 0.8365, ""delta"": 0.167}, {""contract_symbol"": ""COIN261009P00110000"", ""expiration"": ""2026-10-09"", ""type"": ""put"", ""strike"": 110.0, ""volume"": 2654, ""volume_prev"": 2654, ""oi"": 2391, ""oi_prev"": 315, ""oi_change"": 2076, ""last_price"": 0.13, ""iv"": 1.1688, ""delta"": -0.006}, {""contract_symbol"": ""COIN260925C00250000"", ""expiration"": ""2026-09-25"", ""type"": ""call"", ""strike"": 250.0, ""volume"": 1977, ""volume_prev"": 1977, ""oi"": 2316, ""oi_prev"": 1045, ""oi_change"": 1271, ""last_price"": 0.18, ""iv"": 1.0159, ""delta"": 0.025}]"
2026-09-23,晚报,cboe,201.07000732421875,0.2929266735817442,0.5654198622497671,0.3812189144903789,0.8545212657919324,182.5,185.0,0.7009,0.64175,0.9156085033528322,-6.916419551135256,5.097726974004737,7052295.560000002,295752.6200000002,"[{""strike"": 200.0, ""type"": ""call"", ""oi"": 13373}, {""strike"": 210.0, ""type"": ""call"", ""oi"": 12351}, {""strike"": 195.0, ""type"": ""call"", ""oi"": 6689}]","[{""contract_symbol"": ""COIN260925C00210000"", ""expiration"": ""2026-09-25"", ""dte"": 2, ""type"": ""call"", ""strike"": 210.0, ""volume"": 19722, ""open_interest"": 7277, ""volume_prev"": 19722, ""volume_ratio"": 1.0, ""oi_prev"": 7277, ""oi_change"": 0, ""oi_change_pct"": 0.0, ""flow"": ""换手"", ""vol_oi_ratio"": 2.71, ""premium"": 43881.0, ""iv"": 0.7476, ""delta"": 0.277, ""score"": 29.0}, {""contract_symbol"": ""COIN261002C00265000"", ""expiration"": ""2026-10-02"", ""dte"": 9, ""type"": ""call"", ""strike"": 265.0, ""volume"": 799, ""open_interest"": 141, ""volume_prev"": 799, ""volume_ratio"": 1.0, ""oi_prev"": 141, ""oi_change"": 0, ""oi_change_pct"": 0.0, ""flow"": ""换手"", ""vol_oi_ratio"": 5.67, ""premium"": 152.0, ""iv"": 0.789, ""delta"": 0.028, ""score"": 28.5}, {""contract_symbol"": ""COIN261002C00220000"", ""expiration"": ""2026-10-02"", ""dte"": 9, ""type"": ""call"", ""strike"": 220.0, ""volume"": 2902, ""open_interest"": 1465, ""volume_prev"": 2902, ""volume_ratio"": 1.0, ""oi_prev"": 1465, ""oi_change"": 0, ""oi_change_pct"": 0.0, ""flow"": ""换手"", ""vol_oi_ratio"": 1.98, ""premium"": 8924.0, ""iv"": 0.6965, ""delta"": 0.241, ""score"": 18.0}, {""contract_symbol"": ""COIN260925C00215000"", ""expiration"": ""2026-09-25"", ""dte"": 2, ""type"": ""call"", ""strike"": 215.0, ""volume"": 3017, ""open_interest"": 1465, ""volume_prev"": 3017, ""volume_ratio"": 1.0, ""oi_prev"": 1465, ""oi_change"": 0, ""oi_change_pct"": 0.0, ""flow"": ""换手"", ""vol_oi_ratio"": 2.06, ""premium"": 4148.0, ""iv"": 0.7796, ""delta"": 0.186, ""score"": 17.2}, {""contract_symbol"": ""COIN260925C00205000"", ""expiration"": ""2026-09-25"", ""dte"": 2, ""type"": ""call"", ""strike"": 205.0, ""volume"": 3605, ""open_interest"": 2333, ""volume_prev"": 3605, ""volume_ratio"": 1.0, ""oi_prev"": 2333, ""oi_change"": 0, ""oi_change_pct"": 0.0, ""flow"": ""换手"", ""vol_oi_ratio"": 1.55, ""premium"": 13158.0, ""iv"": 0.7274, ""delta"": 0.4, ""score"": 14.7}]",[]
2026-09-23,早报,cboe,200.7747,0.2929266735817442,0.5654198622497671,0.3812189144903789,0.8545212657919324,182.5,185.0,0.7009,0.64175,0.9156085033528322,-6.916419551135256,5.105224911306056,7052295.560000002,295752.6200000002,"[{""strike"": 200.0, ""type"": ""call"", ""oi"": 13373}, {""strike"": 210.0, ""type"": ""call"", ""oi"": 12351}, {""strike"": 195.0, ""type"": ""call"", ""oi"": 6689}]","[{""contract_symbol"": ""COIN260925C00210000"", ""expiration"": ""2026-09-25"", ""dte"": 2, ""type"": ""call"", ""strike"": 210.0, ""volume"": 19722, ""open_interest"": 7277, ""volume_prev"": 19722, ""volume_ratio"": 1.0, ""oi_prev"": 7277, ""oi_change"": 0, ""oi_change_pct"": 0.0, ""flow"": ""换手"", ""vol_oi_ratio"": 2.71, ""premium"": 43881.0, ""iv"": 0.7476, ""delta"": 0.277, ""score"": 29.0}, {""contract_symbol"": ""COIN261002C00265000"", ""expiration"": ""2026-10-02"", ""dte"": 9, ""type"": ""call"", ""strike"": 265.0, ""volume"": 799, ""open_interest"": 141, ""volume_prev"": 799, ""volume_ratio"": 1.0, ""oi_prev"": 141, ""oi_change"": 0, ""oi_change_pct"": 0.0, ""flow"": ""换手"", ""vol_oi_ratio"": 5.67, ""premium"": 152.0, ""iv"": 0.789, ""delta"": 0.028, ""score"": 28.5}, {""contract_symbol"": ""COIN261002C00220000"", ""expiration"": ""2026-10-02"", ""dte"": 9, ""type"": ""call"", ""strike"": 220.0, ""volume"": 2902, ""open_interest"": 1465, ""volume_prev"": 2902, ""volume_ratio"": 1.0, ""oi_prev"": 1465, ""oi_change"": 0, ""oi_change_pct"": 0.0, ""flow"": ""换手"", ""vol_oi_ratio"": 1.98, ""premium"": 8924.0, ""iv"": 0.6965, ""delta"": 0.241, ""score"": 18.0}, {""contract_symbol"": ""COIN260925C00215000"", ""expiration"": ""2026-09-25"", ""dte"": 2, ""type"": ""call"", ""strike"": 215.0, ""volume"": 3017, ""open_interest"": 1465, ""volume_prev"": 3017, ""volume_ratio"": 1.0, ""oi_prev"": 1465, ""oi_change"": 0, ""oi_change_pct"": 0.0, ""flow"": ""换手"", ""vol_oi_ratio"": 2.06, ""premium"": 4148.0, ""iv"": 0.7796, ""delta"": 0.186, ""score"": 17.2}, {""contract_symbol"": ""COIN260925C00205000"", ""expiration"": ""2026-09-25"", ""dte"": 2, ""type"": ""call"", ""strike"": 205.0, ""volume"": 3605, ""open_interest"": 2333, ""volume_prev"": 3605, ""volume_ratio"": 1.0, ""oi_prev"": 2333, ""oi_change"": 0, ""oi_change_pct"": 0.0, ""flow"": ""换手"", ""vol_oi_ratio"": 1.55, ""premium"": 13158.0, ""iv"": 0.7274, ""delta"": 0.4, ""score"": 14.7}]",[]
2026-09-24,晚报,cboe,198.1300048828125,0.2929266735817442,0.5654198622497671,0.3812189144903789,0.8545212657919324,182.5,185.0,0.7023,0.6425000000000001,0.9148512031895202,-6.916419551135256,5.3374046027277755,7052295.560000002,295752.6200000002,"[{""strike"": 200.0, ""type"": ""call"", ""oi"": 13373}, {""strike"": 190.0, ""type"": ""call"", ""oi"": 7268}, {""strike"": 195.0, ""type"": ""call"", ""oi"": 6689}]","[{""contract_symbol"": ""COIN260925C00210000"", ""expiration"": ""2026-09-25"", ""dte"": 1, ""type"": ""call"", ""strike"": 210.0, ""volume"": 19722, ""open_interest"": 7277, ""volume_prev"": 19722, ""volume_ratio"": 1.0, ""oi_prev"": 7277, ""oi_change"": 0, ""oi_change_pct"": 0.0, ""flow"": ""换手"", ""vol_oi_ratio"": 2.71, ""premium"": 43881.0, ""iv"": 0.7476, ""delta"": 0.277, ""score"": 29.0}, {""contract_symbol"": ""COIN261002C00265000"", ""expiration"": ""2026-10-02"", ""dte"": 8, ""type"": ""call"", ""strike"": 265.0, ""volume"": 799, ""open_interest"": 141, ""volume_prev"": 799, ""volume_ratio"": 1.0, ""oi_prev"": 141, ""oi_change"": 0, ""oi_change_pct"": 0.0, ""flow"": ""换手"", ""vol_oi_ratio"": 5.67, ""premium"": 152.0, ""iv"": 0.789, ""delta"": 0.028, ""score"": 28.5}, {""contract_symbol"": ""COIN261002C00220000"", ""expiration"": ""2026-10-02"", ""dte"": 8, ""type"": ""call"", ""strike"": 220.0, ""volume"": 2902, ""open_interest"": 1465, ""volume_prev"": 2902, ""volume_ratio"": 1.0, ""oi_prev"": 1465, ""oi_change"": 0, ""oi_change_pct"": 0.0, ""flow"": ""换手"", ""vol_oi_ratio"": 1.98, ""premium"": 8924.0, ""iv"": 0.6965, ""delta"": 0.241, ""score"": 18.0}, {""contract_symbol"": ""COIN260925C00215000"", ""expiration"": ""2026-09-25"", ""dte"": 1, ""type"": ""call"", ""strike"": 215.0, ""volume"": 3017, ""open_interest"": 1465, ""volume_prev"": 3017, ""volume_ratio"": 1.0, ""oi_prev"": 1465, ""oi_change"": 0, ""oi_change_pct"": 0.0, ""flow"": ""换手"", ""vol_oi_ratio"": 2.06, ""premium"": 4148.0, ""iv"": 0.7796, ""delta"": 0.186, ""score"": 17.2}, {""contract_symbol"": ""COIN260925C00205000"", ""expiration"": ""2026-09-25"", ""dte"": 1, ""type"": ""call"", ""strike"": 205.0, ""volume"": 3605, ""open_interest"": 2333, ""volume_prev"": 3605, ""volume_ratio"": 1.0, ""oi_prev"": 2333, ""oi_change"": 0, ""oi_change_pct"": 0.0, ""flow"": ""换手"", ""vol_oi_ratio"": 1.55, ""premium"": 13158.0, ""iv"": 0.7274, ""delta"": 0.4, ""score"": 14.7}]",[]
2026-09-24,早报,cboe,200.7747,0.2929266735817442,0.5654198622497671,0.3812189144903789,0.8545212657919324,182.5,185.0,0.7009,0.64175,0.9156085033528322,-6.916419551135256,5.105224911306056,7052295.560000002,295752.6200000002,"[{""strike"": 200.0, ""type"": ""call"", ""oi"": 13373}, {""strike"": 210.0, ""type"": ""call"", ""oi"": 12351}, {""strike"": 195.0, ""type"": ""call"", ""oi"": 6689}]","[{""contract_symbol"": ""COIN260925C00210000"", ""expiration"": ""2026-09-25"", ""dte"": 1, ""type"": ""call"", ""strike"": 210.0, ""volume"": 19722, ""open_interest"": 7277, ""volume_prev"": 19722, ""volume_ratio"": 1.0, ""oi_prev"": 7277, ""oi_change"": 0, ""oi_change_pct"": 0.0, ""flow"": ""换手"", ""vol_oi_ratio"": 2.71, ""premium"": 43881.0, ""iv"": 0.7476, ""delta"": 0.277, ""score"": 29.0}, {""contract_symbol"": ""COIN261002C00265000"", ""expiration"": ""2026-10-02"", ""dte"": 8, ""type"": ""call"", ""strike"": 265.0, ""volume"": 799, ""open_interest"": 141, ""volume_prev"": 799, ""volume_ratio"": 1.0, ""oi_prev"": 141, ""oi_change"": 0, ""oi_change_pct"": 0.0, ""flow"": ""换手"", ""vol_oi_ratio"": 5.67, ""premium"": 152.0, ""iv"": 0.789, ""delta"": 0.028, ""score"": 28.5}, {""contract_symbol"": ""COIN261002C00220000"", ""expiration"": ""2026-10-02"", ""dte"": 8, ""type"": ""call"", ""strike"": 220.0, ""volume"": 2902, ""open_interest"": 1465, ""volume_prev"": 2902, ""volume_ratio"": 1.0, ""oi_prev"": 1465, ""oi_change"": 0, ""oi_change_pct"": 0.0, ""flow"": ""换手"", ""vol_oi_ratio"": 1.98, ""premium"": 8924.0, ""iv"": 0.6965, ""delta"": 0.241, ""score"": 18.0}, {""contract_symbol"": ""COIN260925C00215000"", ""expiration"": ""2026-09-25"", ""dte"": 1, ""type"": ""call"", ""strike"": 215.0, ""volume"": 3017, ""open_interest"": 1465, ""volume_prev"": 3017, ""volume_ratio"": 1.0, ""oi_prev"": 1465, ""oi_change"": 0, ""oi_change_pct"": 0.0, ""flow"": ""换手"", ""vol_oi_ratio"": 2.06, ""premium"": 4148.0, ""iv"": 0.7796, ""delta"": 0.186, ""score"": 17.2}, {""contract_symbol"": ""COIN260925C00205000"", ""expiration"": ""2026-09-25"", ""dte"": 1, ""type"": ""call"", ""strike"": 205.0, ""volume"": 3605, ""open_interest"": 2333, ""volume_prev"": 3605, ""volume_ratio"": 1.0, ""oi_prev"": 2333, ""oi_change"": 0, ""oi_change_pct"": 0.0, ""flow"": ""换手"", ""vol_oi_ratio"": 1.55, ""premium"": 13158.0, ""iv"": 0.7274, ""delta"": 0.4, ""score"": 14.7}]",[]
2026-09-25,晚报,cboe,199.2100067138672,0.4186046511627907,0.540269168718689,0.4594798289848717,0.8417151350343859,185.0,185.0,0.733,0.64485,0.8797407912687586,-7.245724909141737,3.1022537983629332,6361633.69,353492.0100000002,"[{""strike"": 200.0, ""type"": ""call"", ""oi"": 13676}, {""strike"": 190.0, ""type"": ""call"", ""oi"": 7099}, {""strike"": 195.0, ""type"": ""call"", ""oi"": 6586}]","[{""contract_symbol"": ""COIN261002C00217500"", ""expiration"": ""2026-10-02"", ""dte"": 7, ""type"": ""call"", ""strike"": 217.5, ""volume"": 1408, ""open_interest"": 115, ""volume_prev"": 1408, ""volume_ratio"": 1.0, ""oi_prev"": 115, ""oi_change"": 0, ""oi_change_pct"": 0.0, ""flow"": ""换手"", ""vol_oi_ratio"": 12.24, ""premium"": 3351.0, ""iv"": 0.6938, ""delta"": 0.215, ""score"": 99.4}, {""contract_symbol"": ""COIN260925P00197500"", ""expiration"": ""2026-09-25"", ""dte"": 0, ""type"": ""put"", ""strike"": 197.5, ""volume"": 2387, ""open_interest"": 333, ""volume_prev"": 2387, ""volume_ratio"": 1.0, ""oi_prev"": 333, ""oi_change"": 0, ""oi_change_pct"": 0.0, ""flow"": ""换手"", ""vol_oi_ratio"": 7.17, ""premium"": 5168.0, ""iv"": 0.712, ""delta"": -0.397, ""score"": 61.3}, {""contract_symbol"": ""COIN261002C00207500"", ""expiration"": ""2026-10-02"", ""dte"": 7, ""type"": ""call"", ""strike"": 207.5, ""volume"": 1568, ""open_interest"": 311, ""volume_prev"": 1568, ""volume_ratio"": 1.0, ""oi_prev"": 311, ""oi_change"": 0, ""oi_change_pct"": 0.0, ""flow"": ""换手"", ""vol_oi_ratio"": 5.04, ""premium"": 7370.0, ""iv"": 0.6574, ""delta"": 0.362, ""score"": 44.9}, {""contract_symbol"": ""COIN261002C00205000"", ""expiration"": ""2026-10-02"", ""dte"": 7, ""type"": ""call"", ""strike"": 205.0, ""volume"": 1575, ""open_interest"": 459, ""volume_prev"": 1575, ""volume_ratio"": 1.0, ""oi_prev"": 459, ""oi_change"": 0, ""oi_change_pct"": 0.0, ""flow"": ""换手"", ""vol_oi_ratio"": 3.43, ""premium"": 8426.0, ""iv"": 0.6536, ""delta"": 0.408, ""score"": 31.0}, {""contract_symbol"": ""COIN260925C00205000"", ""expiration"": ""2026-09-25"", ""dte"": 0, ""type"": ""call"", ""strike"": 205.0, ""volume"": 9286, ""open_interest"": 2885, ""volume_prev"": 9286, ""volume_ratio"": 1.0, ""oi_prev"": 2885, ""oi_change"": 0, ""oi_change_pct"": 0.0, ""flow"": ""换手"", ""vol_oi_ratio"": 3.22, ""premium"": 11375.0, ""iv"": 0.78, ""delta"": 0.255, ""score"": 30.1}]",[]
2026-09-25,早报,cboe,200.35,0.4186046511627907,0.5193972527991437,0.4594798289848717,0.8251364869874016,185.0,185.0,0.733,0.64485,0.8797407912687586,-7.245724909141737,3.084601946593461,6462488.079999997,376506.16000000027,"[{""strike"": 210.0, ""type"": ""call"", ""oi"": 18463}, {""strike"": 200.0, ""type"": ""call"", ""oi"": 14936}, {""strike"": 195.0, ""type"": ""call"", ""oi"": 6603}]","[{""contract_symbol"": ""COIN260925C00205000"", ""expiration"": ""2026-09-25"", ""dte"": 0, ""type"": ""call"", ""strike"": 205.0, ""volume"": 9286, ""open_interest"": 3826, ""volume_prev"": 9286, ""volume_ratio"": 1.0, ""oi_prev"": 2885, ""oi_change"": 941, ""oi_change_pct"": 32.6, ""flow"": ""开仓"", ""vol_oi_ratio"": 2.43, ""premium"": 11375.0, ""iv"": 0.78, ""delta"": 0.255, ""score"": 22.7}, {""contract_symbol"": ""COIN260925P00197500"", ""expiration"": ""2026-09-25"", ""dte"": 0, ""type"": ""put"", ""strike"": 197.5, ""volume"": 2387, ""open_interest"": 1059, ""volume_prev"": 2387, ""volume_ratio"": 1.0, ""oi_prev"": 333, ""oi_change"": 726, ""oi_change_pct"": 218.0, ""flow"": ""开仓"", ""vol_oi_ratio"": 2.25, ""premium"": 5168.0, ""iv"": 0.712, ""delta"": -0.397, ""score"": 19.3}, {""contract_symbol"": ""COIN261002C00205000"", ""expiration"": ""2026-10-02"", ""dte"": 7, ""type"": ""call"", ""strike"": 205.0, ""volume"": 1575, ""open_interest"": 892, ""volume_prev"": 1575, ""volume_ratio"": 1.0, ""oi_prev"": 459, ""oi_change"": 433, ""oi_change_pct"": 94.3, ""flow"": ""开仓"", ""vol_oi_ratio"": 1.77, ""premium"": 8426.0, ""iv"": 0.6536, ""delta"": 0.408, ""score"": 16.0}, {""contract_symbol"": ""COIN260925P00195000"", ""expiration"": ""2026-09-25"", ""dte"": 0, ""type"": ""put"", ""strike"": 195.0, ""volume"": 3453, ""open_interest"": 1883, ""volume_prev"": 3453, ""volume_ratio"": 1.0, ""oi_prev"": 1914, ""oi_change"": -31, ""oi_change_pct"": -1.6, ""flow"": ""平仓"", ""vol_oi_ratio"": 1.83, ""premium"": 4437.0, ""iv"": 0.7095, ""delta"": -0.273, ""score"": 15.4}, {""contract_symbol"": ""COIN260925C00197500"", ""expiration"": ""2026-09-25"", ""dte"": 0, ""type"": ""call"", ""strike"": 197.5, ""volume"": 3610, ""open_interest"": 2325, ""volume_prev"": 3610, ""volume_ratio"": 1.0, ""oi_prev"": 2830, ""oi_change"": -505, ""oi_change_pct"": -17.8, ""flow"": ""平仓"", ""vol_oi_ratio"": 1.55, ""premium"": 14440.0, ""iv"": 0.6954, ""delta"": 0.603, ""score"": 14.9}]","[{""contract_symbol"": ""COIN261009P00110000"", ""expiration"": ""2026-10-09"", ""type"": ""put"", ""strike"": 110.0, ""volume"": 2004, ""volume_prev"": 2004, ""oi"": 4373, ""oi_prev"": 2386, ""oi_change"": 1987, ""last_price"": 0.04, ""iv"": 1.059, ""delta"": -0.004}, {""contract_symbol"": ""COIN260925C00210000"", ""expiration"": ""2026-09-25"", ""type"": ""call"", ""strike"": 210.0, ""volume"": 11124, ""volume_prev"": 11124, ""oi"": 11902, ""oi_prev"": 10135, ""oi_change"": 1767, ""last_price"": 0.52, ""iv"": 0.8431, ""delta"": 0.128}, {""contract_symbol"": ""COIN261002C00217500"", ""expiration"": ""2026-10-02"", ""type"": ""call"", ""strike"": 217.5, ""volume"": 1408, ""volume_prev"": 1408, ""oi"": 1417, ""oi_prev"": 115, ""oi_change"": 1302, ""last_price"": 2.5, ""iv"": 0.6938, ""delta"": 0.215}, {""contract_symbol"": ""COIN261002C00207500"", ""expiration"": ""2026-10-02"", ""type"": ""call"", ""strike"": 207.5, ""volume"": 1568, ""volume_prev"": 1568, ""oi"": 1567, ""oi_prev"": 311, ""oi_change"": 1256, ""last_price"": 4.55, ""iv"": 0.6574, ""delta"": 0.362}, {""contract_symbol"": ""COIN261009C00200000"", ""expiration"": ""2026-10-09"", ""type"": ""call"", ""strike"": 200.0, ""volume"": 1264, ""volume_prev"": 1264, ""oi"": 1355, ""oi_prev"": 408, ""oi_change"": 947, ""last_price"": 10.53, ""iv"": 0.6298, ""delta"": 0.52}]"
2026-09-26,晚报,cboe,195.11000061035156,0.19588748573322043,1.2877331212953593,0.3767297330394318,1.061588028111863,190.0,185.0,0.5978,0.5865,0.9810973569755772,-4.806090616861026,6.6244682279572835,2836290.1799999983,166863.7399999998,"[{""strike"": 200.0, ""type"": ""call"", ""oi"": 9163}, {""strike"": 200.0, ""type"": ""put"", ""oi"": 5043}, {""strike"": 190.0, ""type"": ""put"", ""oi"": 4595}]","[{""contract_symbol"": ""COIN261002C00202500"", ""expiration"": ""2026-10-02"", ""dte"": 6, ""type"": ""call"", ""strike"": 202.5, ""volume"": 16294, ""open_interest"": 461, ""volume_prev"": 16294, ""volume_ratio"": 1.0, ""oi_prev"": 461, ""oi_change"": 0, ""oi_change_pct"": 0.0, ""flow"": ""换手"", ""vol_oi_ratio"": 35.34, ""premium"": 61510.0, ""iv"": 0.613, ""delta"": 0.351, ""score"": 220.5}, {""contract_symbol"": ""COIN261002C00212500"", ""expiration"": ""2026-10-02"", ""dte"": 6, ""type"": ""call"", ""strike"": 212.5, ""volume"": 11978, ""open_interest"": 1300, ""volume_prev"": 11978, ""volume_ratio"": 1.0, ""oi_prev"": 1300, ""oi_change"": 0, ""oi_change_pct"": 0.0, ""flow"": ""换手"", ""vol_oi_ratio"": 9.21, ""premium"": 20123.0, ""iv"": 0.6457, ""delta"": 0.185, ""score"": 91.3}, {""contract_symbol"": ""COIN261009P00100000"", ""expiration"": ""2026-10-09"", ""dte"": 13, ""type"": ""put"", ""strike"": 100.0, ""volume"": 5557, ""open_interest"": 361, ""volume_prev"": 5557, ""volume_ratio"": 1.0, ""oi_prev"": 361, ""oi_change"": 0, ""oi_change_pct"": 0.0, ""flow"": ""换手"", ""vol_oi_ratio"": 15.39, ""premium"": 250.0, ""iv"": 1.2994, ""delta"": -0.003, ""score"": 85.1}, {""contract_symbol"": ""COIN261016C00212500"", ""expiration"": ""2026-10-16"", ""dte"": 20, ""type"": ""call"", ""strike"": 212.5, ""volume"": 873, ""open_interest"": 151, ""volume_prev"": 873, ""volume_ratio"": 1.0, ""oi_prev"": 151, ""oi_change"": 0, ""oi_change_pct"": 0.0, ""flow"": ""换手"", ""vol_oi_ratio"": 5.78, ""premium"": 4911.0, ""iv"": 0.6301, ""delta"": 0.319, ""score"": 49.1}, {""contract_symbol"": ""COIN261002C00210000"", ""expiration"": ""2026-10-02"", ""dte"": 6, ""type"": ""call"", ""strike"": 210.0, ""volume"": 8065, ""open_interest"": 1611, ""volume_prev"": 8065, ""volume_ratio"": 1.0, ""oi_prev"": 1611, ""oi_change"": 0, ""oi_change_pct"": 0.0, ""flow"": ""换手"", ""vol_oi_ratio"": 5.01, ""premium"": 16533.0, ""iv"": 0.6351, ""delta"": 0.219, ""score"": 48.6}]",[]
