date,session,source,price,pcr_vol_near,pcr_oi_near,pcr_vol_all,pcr_oi_all,max_pain_near,max_pain_monthly,atm_iv_near,atm_iv_monthly,term_ratio,iv_skew_25,expected_move_pct,net_delta_oi,net_gamma_oi,oi_concentration,top_unusual,top_surge
2026-08-18,早报,cboe,219.57,0.8953896974339334,0.8399710513619019,0.515587258509592,0.7396406816643601,225.0,195.0,0.3383,0.39075,1.1550399054093998,0.7510789473684276,1.564421369039486,65097703.45000001,5061945.959999999,"[{""strike"": 230.0, ""type"": ""call"", ""oi"": 204245}, {""strike"": 225.0, ""type"": ""call"", ""oi"": 140042}, {""strike"": 220.0, ""type"": ""call"", ""oi"": 138669}]","[{""contract_symbol"": ""NVDA260819P00232500"", ""expiration"": ""2026-08-19"", ""dte"": 1, ""type"": ""put"", ""strike"": 232.5, ""volume"": 6993, ""open_interest"": 308, ""vol_oi_ratio"": 22.7, ""premium"": 90734.0, ""iv"": 0.5362, ""delta"": -0.984, ""score"": 228.3}, {""contract_symbol"": ""NVDA260819C00220000"", ""expiration"": ""2026-08-19"", ""dte"": 1, ""type"": ""call"", ""strike"": 220.0, ""volume"": 40667, ""open_interest"": 1782, ""vol_oi_ratio"": 22.82, ""premium"": 61407.0, ""iv"": 0.3388, ""delta"": 0.469, ""score"": 220.5}, {""contract_symbol"": ""NVDA260831C00220000"", ""expiration"": ""2026-08-31"", ""dte"": 13, ""type"": ""call"", ""strike"": 220.0, ""volume"": 7055, ""open_interest"": 140, ""vol_oi_ratio"": 50.39, ""premium"": 51502.0, ""iv"": 0.4412, ""delta"": 0.516, ""score"": 217.0}, {""contract_symbol"": ""NVDA260819C00222500"", ""expiration"": ""2026-08-19"", ""dte"": 1, ""type"": ""call"", ""strike"": 222.5, ""volume"": 66874, ""open_interest"": 2302, ""vol_oi_ratio"": 29.05, ""premium"": 40459.0, ""iv"": 0.3298, ""delta"": 0.251, ""score"": 212.2}, {""contract_symbol"": ""NVDA260821P00237500"", ""expiration"": ""2026-08-21"", ""dte"": 3, ""type"": ""put"", ""strike"": 237.5, ""volume"": 2255, ""open_interest"": 89, ""vol_oi_ratio"": 25.34, ""premium"": 40477.0, ""iv"": 0.412, ""delta"": -0.98, ""score"": 212.2}]",[]
2026-08-18,晚报,cboe,219.8199,0.8383272274169844,0.8399710513619019,0.5426126689878823,0.7396406816643601,225.0,195.0,0.34155,0.39180000000000004,1.1471234079929733,1.469473684210526,1.439815048592052,65561762.7,5067683.250000001,"[{""strike"": 230.0, ""type"": ""call"", ""oi"": 204245}, {""strike"": 225.0, ""type"": ""call"", ""oi"": 140042}, {""strike"": 220.0, ""type"": ""call"", ""oi"": 138669}]","[{""contract_symbol"": ""NVDA260821P00237500"", ""expiration"": ""2026-08-21"", ""dte"": 3, ""type"": ""put"", ""strike"": 237.5, ""volume"": 15111, ""open_interest"": 89, ""volume_prev"": 1313, ""volume_ratio"": 11.5, ""oi_prev"": 89, ""oi_change"": 0, ""oi_change_pct"": 0.0, ""vol_oi_ratio"": 169.79, ""premium"": 275020.0, ""iv"": 0.4772, ""delta"": -0.982, ""score"": 250.5}, {""contract_symbol"": ""NVDA260819P00232500"", ""expiration"": ""2026-08-19"", ""dte"": 1, ""type"": ""put"", ""strike"": 232.5, ""volume"": 12100, ""open_interest"": 308, ""volume_prev"": 4515, ""volume_ratio"": 2.7, ""oi_prev"": 308, ""oi_change"": 0, ""oi_change_pct"": 0.0, ""vol_oi_ratio"": 39.29, ""premium"": 152460.0, ""iv"": null, ""delta"": -0.988, ""score"": 238.7}, {""contract_symbol"": ""NVDA260821P00242500"", ""expiration"": ""2026-08-21"", ""dte"": 3, ""type"": ""put"", ""strike"": 242.5, ""volume"": 6292, ""open_interest"": 282, ""volume_prev"": 260, ""volume_ratio"": 24.2, ""oi_prev"": 282, ""oi_change"": 0, ""oi_change_pct"": 0.0, ""vol_oi_ratio"": 22.31, ""premium"": 144244.0, ""iv"": 0.6282, ""delta"": -0.992, ""score"": 237.6}, {""contract_symbol"": ""NVDA260819C00220000"", ""expiration"": ""2026-08-19"", ""dte"": 1, ""type"": ""call"", ""strike"": 220.0, ""volume"": 85357, ""open_interest"": 1782, ""volume_prev"": 27731, ""volume_ratio"": 3.1, ""oi_prev"": 1782, ""oi_change"": 0, ""oi_change_pct"": 0.0, ""vol_oi_ratio"": 47.9, ""premium"": 126755.0, ""iv"": 0.3385, ""delta"": 0.481, ""score"": 235.0}, {""contract_symbol"": ""NVDA260819P00217500"", ""expiration"": ""2026-08-19"", ""dte"": 1, ""type"": ""put"", ""strike"": 217.5, ""volume"": 94159, ""open_interest"": 4412, ""volume_prev"": 42069, ""volume_ratio"": 2.2, ""oi_prev"": 4412, ""oi_change"": 0, ""oi_change_pct"": 0.0, ""vol_oi_ratio"": 21.34, ""premium"": 72032.0, ""iv"": 0.3648, ""delta"": -0.292, ""score"": 223.7}]",[]
2026-08-19,早报,cboe,219.09,0.6194150055827065,0.7695132605766241,0.534284062834081,0.7340508560005996,220.0,195.0,0.4589,0.38935,0.8484419263456091,0.3992753623188461,1.0954402300424484,63146163.63000002,5703471.469999997,"[{""strike"": 230.0, ""type"": ""call"", ""oi"": 209327}, {""strike"": 220.0, ""type"": ""call"", ""oi"": 167642}, {""strike"": 225.0, ""type"": ""call"", ""oi"": 164192}]","[{""contract_symbol"": ""NVDA260819P00220000"", ""expiration"": ""2026-08-19"", ""dte"": 0, ""type"": ""put"", ""strike"": 220.0, ""volume"": 30085, ""open_interest"": 8331, ""volume_prev"": 77864, ""volume_ratio"": 0.4, ""oi_prev"": 7463, ""oi_change"": 868, ""oi_change_pct"": 11.6, ""vol_oi_ratio"": 3.61, ""premium"": 53702.0, ""iv"": 0.4566, ""delta"": -0.674, ""score"": 39.3}, {""contract_symbol"": ""NVDA260819C00222500"", ""expiration"": ""2026-08-19"", ""dte"": 0, ""type"": ""call"", ""strike"": 222.5, ""volume"": 42326, ""open_interest"": 12949, ""volume_prev"": 114505, ""volume_ratio"": 0.4, ""oi_prev"": 2302, ""oi_change"": 10647, ""oi_change_pct"": 462.5, ""vol_oi_ratio"": 3.27, ""premium"": 5291.0, ""iv"": 0.4678, ""delta"": 0.101, ""score"": 28.0}, {""contract_symbol"": ""NVDA260819C00220000"", ""expiration"": ""2026-08-19"", ""dte"": 0, ""type"": ""call"", ""strike"": 220.0, ""volume"": 20949, ""open_interest"": 9811, ""volume_prev"": 85357, ""volume_ratio"": 0.2, ""oi_prev"": 1782, ""oi_change"": 8029, ""oi_change_pct"": 450.6, ""vol_oi_ratio"": 2.14, ""premium"": 12884.0, ""iv"": 0.4612, ""delta"": 0.326, ""score"": 20.2}, {""contract_symbol"": ""NVDA260819P00217500"", ""expiration"": ""2026-08-19"", ""dte"": 0, ""type"": ""put"", ""strike"": 217.5, ""volume"": 18903, ""open_interest"": 11519, ""volume_prev"": 94159, ""volume_ratio"": 0.2, ""oi_prev"": 4412, ""oi_change"": 7107, ""oi_change_pct"": 161.1, ""vol_oi_ratio"": 1.64, ""premium"": 11720.0, ""iv"": 0.4814, ""delta"": -0.331, ""score"": 15.4}, {""contract_symbol"": ""NVDA260819C00225000"", ""expiration"": ""2026-08-19"", ""dte"": 0, ""type"": ""call"", ""strike"": 225.0, ""volume"": 31432, ""open_interest"": 18667, ""volume_prev"": 69999, ""volume_ratio"": 0.4, ""oi_prev"": 10143, ""oi_change"": 8524, ""oi_change_pct"": 84.0, ""vol_oi_ratio"": 1.68, ""premium"": 1100.0, ""iv"": 0.5348, ""delta"": 0.035, ""score"": 11.8}]","[{""contract_symbol"": ""NVDA260828C00255000"", ""expiration"": ""2026-08-28"", ""type"": ""call"", ""strike"": 255.0, ""oi"": 30212, ""oi_prev"": 4440, ""oi_change"": 25772}, {""contract_symbol"": ""NVDA260828C00232500"", ""expiration"": ""2026-08-28"", ""type"": ""call"", ""strike"": 232.5, ""oi"": 28315, ""oi_prev"": 3456, ""oi_change"": 24859}, {""contract_symbol"": ""NVDA260819C00222500"", ""expiration"": ""2026-08-19"", ""type"": ""call"", ""strike"": 222.5, ""oi"": 12949, ""oi_prev"": 2302, ""oi_change"": 10647}, {""contract_symbol"": ""NVDA260918P00195000"", ""expiration"": ""2026-09-18"", ""type"": ""put"", ""strike"": 195.0, ""oi"": 29824, ""oi_prev"": 20228, ""oi_change"": 9596}, {""contract_symbol"": ""NVDA260819C00225000"", ""expiration"": ""2026-08-19"", ""type"": ""call"", ""strike"": 225.0, ""oi"": 18667, ""oi_prev"": 10143, ""oi_change"": 8524}]"
2026-08-19,晚报,cboe,217.8554,0.6411155384263976,0.7695132605766241,0.5769807123055504,0.7340508560005996,220.0,195.0,0.2091,0.39405,1.8845050215208035,1.121499999999992,0.1422962203369758,56663310.739999995,6005529.689999999,"[{""strike"": 220.0, ""type"": ""call"", ""oi"": 167642}, {""strike"": 225.0, ""type"": ""call"", ""oi"": 164192}, {""strike"": 227.5, ""type"": ""call"", ""oi"": 108792}]","[{""contract_symbol"": ""NVDA260819P00217500"", ""expiration"": ""2026-08-19"", ""dte"": 0, ""type"": ""put"", ""strike"": 217.5, ""volume"": 264552, ""open_interest"": 11519, ""volume_prev"": 94159, ""volume_ratio"": 2.8, ""oi_prev"": 4412, ""oi_change"": 7107, ""oi_change_pct"": 161.1, ""vol_oi_ratio"": 22.97, ""premium"": 21164.0, ""iv"": 0.2061, ""delta"": -0.484, ""score"": 199.2}, {""contract_symbol"": ""NVDA260819C00217500"", ""expiration"": ""2026-08-19"", ""dte"": 0, ""type"": ""call"", ""strike"": 217.5, ""volume"": 60589, ""open_interest"": 1752, ""volume_prev"": 9878, ""volume_ratio"": 6.1, ""oi_prev"": 863, ""oi_change"": 889, ""oi_change_pct"": 103.0, ""vol_oi_ratio"": 34.58, ""premium"": 13935.0, ""iv"": 0.2121, ""delta"": 0.516, ""score"": 190.8}, {""contract_symbol"": ""NVDA260819P00220000"", ""expiration"": ""2026-08-19"", ""dte"": 0, ""type"": ""put"", ""strike"": 220.0, ""volume"": 107727, ""open_interest"": 8331, ""volume_prev"": 77864, ""volume_ratio"": 1.4, ""oi_prev"": 7463, ""oi_change"": 868, ""oi_change_pct"": 11.6, ""vol_oi_ratio"": 12.93, ""premium"": 268779.0, ""iv"": 1.4209, ""delta"": -0.99, ""score"": 161.7}, {""contract_symbol"": ""NVDA260819C00220000"", ""expiration"": ""2026-08-19"", ""dte"": 0, ""type"": ""call"", ""strike"": 220.0, ""volume"": 422468, ""open_interest"": 9811, ""volume_prev"": 85357, ""volume_ratio"": 4.9, ""oi_prev"": 1782, ""oi_change"": 8029, ""oi_change_pct"": 450.6, ""vol_oi_ratio"": 43.06, ""premium"": 2112.0, ""iv"": 0.6742, ""delta"": 0.01, ""score"": 153.1}, {""contract_symbol"": ""NVDA260902C00245000"", ""expiration"": ""2026-09-02"", ""dte"": 14, ""type"": ""call"", ""strike"": 245.0, ""volume"": 622, ""open_interest"": 19, ""volume_prev"": 25, ""volume_ratio"": 24.9, ""oi_prev"": 0, ""oi_change"": 19, ""oi_change_pct"": null, ""vol_oi_ratio"": 32.74, ""premium"": 597.0, ""iv"": 0.4617, ""delta"": 0.106, ""score"": 127.9}]","[{""contract_symbol"": ""NVDA260828C00255000"", ""expiration"": ""2026-08-28"", ""type"": ""call"", ""strike"": 255.0, ""oi"": 30212, ""oi_prev"": 4440, ""oi_change"": 25772}, {""contract_symbol"": ""NVDA260828C00232500"", ""expiration"": ""2026-08-28"", ""type"": ""call"", ""strike"": 232.5, ""oi"": 28315, ""oi_prev"": 3456, ""oi_change"": 24859}, {""contract_symbol"": ""NVDA260819C00222500"", ""expiration"": ""2026-08-19"", ""type"": ""call"", ""strike"": 222.5, ""oi"": 12949, ""oi_prev"": 2302, ""oi_change"": 10647}, {""contract_symbol"": ""NVDA260918P00195000"", ""expiration"": ""2026-09-18"", ""type"": ""put"", ""strike"": 195.0, ""oi"": 29824, ""oi_prev"": 20228, ""oi_change"": 9596}, {""contract_symbol"": ""NVDA260819C00225000"", ""expiration"": ""2026-08-19"", ""type"": ""call"", ""strike"": 225.0, ""oi"": 18667, ""oi_prev"": 10143, ""oi_change"": 8524}]"
2026-08-20,早报,cboe,217.72,0.6135614099375493,0.7522754939129336,0.6303430232866047,0.727599897224827,210.0,195.0,0.38225,0.39854999999999996,1.0426422498364945,-0.009047619047614086,1.805070733051626,61091522.71,5348274.62,"[{""strike"": 220.0, ""type"": ""call"", ""oi"": 168892}, {""strike"": 225.0, ""type"": ""call"", ""oi"": 163935}, {""strike"": 210.0, ""type"": ""put"", ""oi"": 107950}]","[{""contract_symbol"": ""NVDA260904P00120000"", ""expiration"": ""2026-09-04"", ""dte"": 15, ""type"": ""put"", ""strike"": 120.0, ""volume"": 781, ""open_interest"": 149, ""volume_prev"": 0, ""volume_ratio"": null, ""oi_prev"": 149, ""oi_change"": 0, ""oi_change_pct"": 0.0, ""vol_oi_ratio"": 5.24, ""premium"": 35.0, ""iv"": 1.1075, ""delta"": -0.003, ""score"": 18.8}, {""contract_symbol"": ""NVDA260821P00217500"", ""expiration"": ""2026-08-21"", ""dte"": 1, ""type"": ""put"", ""strike"": 217.5, ""volume"": 22143, ""open_interest"": 14116, ""volume_prev"": 50661, ""volume_ratio"": 0.4, ""oi_prev"": 13369, ""oi_change"": 747, ""oi_change_pct"": 5.6, ""vol_oi_ratio"": 1.57, ""premium"": 39636.0, ""iv"": 0.3825, ""delta"": -0.468, ""score"": 16.6}, {""contract_symbol"": ""NVDA260824C00222500"", ""expiration"": ""2026-08-24"", ""dte"": 4, ""type"": ""call"", ""strike"": 222.5, ""volume"": 9857, ""open_interest"": 7449, ""volume_prev"": 10489, ""volume_ratio"": 0.9, ""oi_prev"": 2721, ""oi_change"": 4728, ""oi_change_pct"": 173.8, ""vol_oi_ratio"": 1.32, ""premium"": 10498.0, ""iv"": 0.2931, ""delta"": 0.261, ""score"": 12.3}, {""contract_symbol"": ""NVDA260821C00222500"", ""expiration"": ""2026-08-21"", ""dte"": 1, ""type"": ""call"", ""strike"": 222.5, ""volume"": 22979, ""open_interest"": 18404, ""volume_prev"": 54053, ""volume_ratio"": 0.4, ""oi_prev"": 13355, ""oi_change"": 5049, ""oi_change_pct"": 37.8, ""vol_oi_ratio"": 1.25, ""premium"": 10226.0, ""iv"": 0.375, ""delta"": 0.175, ""score"": 11.5}, {""contract_symbol"": ""NVDA260904P00110000"", ""expiration"": ""2026-09-04"", ""dte"": 15, ""type"": ""put"", ""strike"": 110.0, ""volume"": 2997, ""open_interest"": 1509, ""volume_prev"": 0, ""volume_ratio"": null, ""oi_prev"": 1509, ""oi_change"": 0, ""oi_change_pct"": 0.0, ""vol_oi_ratio"": 1.99, ""premium"": 120.0, ""iv"": 1.242, ""delta"": -0.002, ""score"": 9.5}]","[{""contract_symbol"": ""NVDA260828C00225000"", ""expiration"": ""2026-08-28"", ""type"": ""call"", ""strike"": 225.0, ""oi"": 34299, ""oi_prev"": 19195, ""oi_change"": 15104}, {""contract_symbol"": ""NVDA260828C00232500"", ""expiration"": ""2026-08-28"", ""type"": ""call"", ""strike"": 232.5, ""oi"": 42802, ""oi_prev"": 28315, ""oi_change"": 14487}, {""contract_symbol"": ""NVDA260918C00250000"", ""expiration"": ""2026-09-18"", ""type"": ""call"", ""strike"": 250.0, ""oi"": 66225, ""oi_prev"": 58318, ""oi_change"": 7907}, {""contract_symbol"": ""NVDA260821P00215000"", ""expiration"": ""2026-08-21"", ""type"": ""put"", ""strike"": 215.0, ""oi"": 47288, ""oi_prev"": 40754, ""oi_change"": 6534}, {""contract_symbol"": ""NVDA260821C00222500"", ""expiration"": ""2026-08-21"", ""type"": ""call"", ""strike"": 222.5, ""oi"": 18404, ""oi_prev"": 13355, ""oi_change"": 5049}]"
2026-08-20,晚报,cboe,217.27,0.5871155430743101,0.7522754939129336,0.5593174061433447,0.727599897224827,210.0,195.0,0.3425,0.40455,1.1811678832116788,0.3921818181818193,1.4728218345836976,56393205.36000005,5353047.009999991,"[{""strike"": 220.0, ""type"": ""call"", ""oi"": 168892}, {""strike"": 225.0, ""type"": ""call"", ""oi"": 163935}, {""strike"": 210.0, ""type"": ""put"", ""oi"": 107950}]","[{""contract_symbol"": ""NVDA260821P00237500"", ""expiration"": ""2026-08-21"", ""dte"": 1, ""type"": ""put"", ""strike"": 237.5, ""volume"": 8366, ""open_interest"": 76, ""volume_prev"": 3565, ""volume_ratio"": 2.3, ""oi_prev"": 987, ""oi_change"": -911, ""oi_change_pct"": -92.3, ""vol_oi_ratio"": 110.08, ""premium"": 172758.0, ""iv"": 0.6738, ""delta"": -0.998, ""score"": 241.2}, {""contract_symbol"": ""NVDA260821P00242500"", ""expiration"": ""2026-08-21"", ""dte"": 1, ""type"": ""put"", ""strike"": 242.5, ""volume"": 2794, ""open_interest"": 6, ""volume_prev"": 409, ""volume_ratio"": 6.8, ""oi_prev"": 26, ""oi_change"": -20, ""oi_change_pct"": -76.9, ""vol_oi_ratio"": 465.67, ""premium"": 71526.0, ""iv"": null, ""delta"": -0.999, ""score"": 223.6}, {""contract_symbol"": ""NVDA260824C00192500"", ""expiration"": ""2026-08-24"", ""dte"": 4, ""type"": ""call"", ""strike"": 192.5, ""volume"": 2884, ""open_interest"": 36, ""volume_prev"": 1, ""volume_ratio"": 2884.0, ""oi_prev"": 36, ""oi_change"": 0, ""oi_change_pct"": 0.0, ""vol_oi_ratio"": 80.11, ""premium"": 69360.0, ""iv"": null, ""delta"": 0.988, ""score"": 222.9}, {""contract_symbol"": ""NVDA260824P00232500"", ""expiration"": ""2026-08-24"", ""dte"": 4, ""type"": ""put"", ""strike"": 232.5, ""volume"": 2878, ""open_interest"": 76, ""volume_prev"": 22, ""volume_ratio"": 130.8, ""oi_prev"": 56, ""oi_change"": 20, ""oi_change_pct"": 35.7, ""vol_oi_ratio"": 37.87, ""premium"": 44537.0, ""iv"": null, ""delta"": -0.982, ""score"": 214.1}, {""contract_symbol"": ""NVDA260824C00197500"", ""expiration"": ""2026-08-24"", ""dte"": 4, ""type"": ""call"", ""strike"": 197.5, ""volume"": 2268, ""open_interest"": 79, ""volume_prev"": 0, ""volume_ratio"": null, ""oi_prev"": 79, ""oi_change"": 0, ""oi_change_pct"": 0.0, ""vol_oi_ratio"": 28.71, ""premium"": 43716.0, ""iv"": null, ""delta"": 0.98, ""score"": 213.7}]","[{""contract_symbol"": ""NVDA260828C00225000"", ""expiration"": ""2026-08-28"", ""type"": ""call"", ""strike"": 225.0, ""oi"": 34299, ""oi_prev"": 19195, ""oi_change"": 15104}, {""contract_symbol"": ""NVDA260828C00232500"", ""expiration"": ""2026-08-28"", ""type"": ""call"", ""strike"": 232.5, ""oi"": 42802, ""oi_prev"": 28315, ""oi_change"": 14487}, {""contract_symbol"": ""NVDA260918C00250000"", ""expiration"": ""2026-09-18"", ""type"": ""call"", ""strike"": 250.0, ""oi"": 66225, ""oi_prev"": 58318, ""oi_change"": 7907}, {""contract_symbol"": ""NVDA260821P00215000"", ""expiration"": ""2026-08-21"", ""type"": ""put"", ""strike"": 215.0, ""oi"": 47288, ""oi_prev"": 40754, ""oi_change"": 6534}, {""contract_symbol"": ""NVDA260821C00222500"", ""expiration"": ""2026-08-21"", ""type"": ""call"", ""strike"": 222.5, ""oi"": 18404, ""oi_prev"": 13355, ""oi_change"": 5049}]"
2026-08-23,晚报,cboe,215.38,0.516248331603144,0.672908164626177,0.5334805775056211,0.7122044614162708,217.5,220.0,0.2217,0.39285000000000003,1.7719891745602165,-0.33023809523810566,1.6087844739530133,38045916.96999996,3138089.5999999987,"[{""strike"": 225.0, ""type"": ""call"", ""oi"": 112910}, {""strike"": 220.0, ""type"": ""call"", ""oi"": 109289}, {""strike"": 210.0, ""type"": ""call"", ""oi"": 75727}]","[{""contract_symbol"": ""NVDA260824C00195000"", ""expiration"": ""2026-08-24"", ""dte"": 1, ""type"": ""call"", ""strike"": 195.0, ""volume"": 4205, ""open_interest"": 137, ""volume_prev"": 51, ""volume_ratio"": 82.5, ""oi_prev"": 98, ""oi_change"": 39, ""oi_change_pct"": 39.8, ""flow"": ""开仓"", ""vol_oi_ratio"": 30.69, ""premium"": 84941.0, ""iv"": 0.7235, ""delta"": 0.991, ""score"": 227.0}, {""contract_symbol"": ""NVDA260824P00227500"", ""expiration"": ""2026-08-24"", ""dte"": 1, ""type"": ""put"", ""strike"": 227.5, ""volume"": 13720, ""open_interest"": 749, ""volume_prev"": 240, ""volume_ratio"": 57.2, ""oi_prev"": 650, ""oi_change"": 99, ""oi_change_pct"": 15.2, ""flow"": ""开仓"", ""vol_oi_ratio"": 18.32, ""premium"": 169785.0, ""iv"": null, ""delta"": -0.982, ""score"": 220.6}, {""contract_symbol"": ""NVDA260824P00240000"", ""expiration"": ""2026-08-24"", ""dte"": 1, ""type"": ""put"", ""strike"": 240.0, ""volume"": 1044, ""open_interest"": 2, ""volume_prev"": 311, ""volume_ratio"": 3.4, ""oi_prev"": 19, ""oi_change"": -17, ""oi_change_pct"": -89.5, ""flow"": ""平仓"", ""vol_oi_ratio"": 522.0, ""premium"": 25630.0, ""iv"": null, ""delta"": -0.995, ""score"": 203.0}, {""contract_symbol"": ""NVDA260824P00232500"", ""expiration"": ""2026-08-24"", ""dte"": 1, ""type"": ""put"", ""strike"": 232.5, ""volume"": 1267, ""open_interest"": 6, ""volume_prev"": 2878, ""volume_ratio"": 0.4, ""oi_prev"": 76, ""oi_change"": -70, ""oi_change_pct"": -92.1, ""flow"": ""平仓"", ""vol_oi_ratio"": 211.17, ""premium"": 22711.0, ""iv"": 0.4961, ""delta"": -0.991, ""score"": 200.6}, {""contract_symbol"": ""NVDA260824C00205000"", ""expiration"": ""2026-08-24"", ""dte"": 1, ""type"": ""call"", ""strike"": 205.0, ""volume"": 6116, ""open_interest"": 339, ""volume_prev"": 1046, ""volume_ratio"": 5.8, ""oi_prev"": 197, ""oi_change"": 142, ""oi_change_pct"": 72.1, ""flow"": ""开仓"", ""vol_oi_ratio"": 18.04, ""premium"": 60701.0, ""iv"": 0.344, ""delta"": 0.959, ""score"": 198.7}]","[{""contract_symbol"": ""NVDA260828C00230000"", ""expiration"": ""2026-08-28"", ""type"": ""call"", ""strike"": 230.0, ""oi"": 54479, ""oi_prev"": 26885, ""oi_change"": 27594}, {""contract_symbol"": ""NVDA260828C00222500"", ""expiration"": ""2026-08-28"", ""type"": ""call"", ""strike"": 222.5, ""oi"": 42761, ""oi_prev"": 15808, ""oi_change"": 26953}, {""contract_symbol"": ""NVDA260828P00115000"", ""expiration"": ""2026-08-28"", ""type"": ""put"", ""strike"": 115.0, ""oi"": 20789, ""oi_prev"": 14308, ""oi_change"": 6481}, {""contract_symbol"": ""NVDA260828P00125000"", ""expiration"": ""2026-08-28"", ""type"": ""put"", ""strike"": 125.0, ""oi"": 8775, ""oi_prev"": 3318, ""oi_change"": 5457}, {""contract_symbol"": ""NVDA260828P00217500"", ""expiration"": ""2026-08-28"", ""type"": ""put"", ""strike"": 217.5, ""oi"": 8348, ""oi_prev"": 3156, ""oi_change"": 5192}]"
2026-08-24,晚报,cboe,215.38,0.516248331603144,0.672908164626177,0.5334805775056211,0.7122044614162708,217.5,220.0,0.2217,0.39285000000000003,1.7719891745602165,-0.33023809523810566,1.6087844739530133,38045916.96999996,3138089.5999999987,"[{""strike"": 225.0, ""type"": ""call"", ""oi"": 112910}, {""strike"": 220.0, ""type"": ""call"", ""oi"": 109289}, {""strike"": 210.0, ""type"": ""call"", ""oi"": 75727}]","[{""contract_symbol"": ""NVDA260824C00195000"", ""expiration"": ""2026-08-24"", ""dte"": 0, ""type"": ""call"", ""strike"": 195.0, ""volume"": 4205, ""open_interest"": 137, ""volume_prev"": 4205, ""volume_ratio"": 1.0, ""oi_prev"": 137, ""oi_change"": 0, ""oi_change_pct"": 0.0, ""flow"": ""换手"", ""vol_oi_ratio"": 30.69, ""premium"": 84941.0, ""iv"": 0.7235, ""delta"": 0.991, ""score"": 227.0}, {""contract_symbol"": ""NVDA260824P00227500"", ""expiration"": ""2026-08-24"", ""dte"": 0, ""type"": ""put"", ""strike"": 227.5, ""volume"": 13720, ""open_interest"": 749, ""volume_prev"": 13720, ""volume_ratio"": 1.0, ""oi_prev"": 749, ""oi_change"": 0, ""oi_change_pct"": 0.0, ""flow"": ""换手"", ""vol_oi_ratio"": 18.32, ""premium"": 169785.0, ""iv"": null, ""delta"": -0.982, ""score"": 220.6}, {""contract_symbol"": ""NVDA260824P00240000"", ""expiration"": ""2026-08-24"", ""dte"": 0, ""type"": ""put"", ""strike"": 240.0, ""volume"": 1044, ""open_interest"": 2, ""volume_prev"": 1044, ""volume_ratio"": 1.0, ""oi_prev"": 2, ""oi_change"": 0, ""oi_change_pct"": 0.0, ""flow"": ""换手"", ""vol_oi_ratio"": 522.0, ""premium"": 25630.0, ""iv"": null, ""delta"": -0.995, ""score"": 203.0}, {""contract_symbol"": ""NVDA260824P00232500"", ""expiration"": ""2026-08-24"", ""dte"": 0, ""type"": ""put"", ""strike"": 232.5, ""volume"": 1267, ""open_interest"": 6, ""volume_prev"": 1267, ""volume_ratio"": 1.0, ""oi_prev"": 6, ""oi_change"": 0, ""oi_change_pct"": 0.0, ""flow"": ""换手"", ""vol_oi_ratio"": 211.17, ""premium"": 22711.0, ""iv"": 0.4961, ""delta"": -0.991, ""score"": 200.6}, {""contract_symbol"": ""NVDA260824C00205000"", ""expiration"": ""2026-08-24"", ""dte"": 0, ""type"": ""call"", ""strike"": 205.0, ""volume"": 6116, ""open_interest"": 339, ""volume_prev"": 6116, ""volume_ratio"": 1.0, ""oi_prev"": 339, ""oi_change"": 0, ""oi_change_pct"": 0.0, ""flow"": ""换手"", ""vol_oi_ratio"": 18.04, ""premium"": 60701.0, ""iv"": 0.344, ""delta"": 0.959, ""score"": 198.7}]",[]
2026-08-24,早报,cboe,209.245,0.8403088368702735,0.637844440546037,0.6478216492076283,0.7222555582952899,217.5,220.0,0.47609999999999997,0.40974999999999995,0.8606385213190506,0.3723478260869495,1.044230447561471,22495270.039999988,3410634.839999998,"[{""strike"": 200.0, ""type"": ""put"", ""oi"": 86578}, {""strike"": 215.0, ""type"": ""call"", ""oi"": 85689}, {""strike"": 210.0, ""type"": ""put"", ""oi"": 82574}]","[{""contract_symbol"": ""NVDA260824C00210000"", ""expiration"": ""2026-08-24"", ""dte"": 0, ""type"": ""call"", ""strike"": 210.0, ""volume"": 42198, ""open_interest"": 893, ""volume_prev"": 7322, ""volume_ratio"": 5.8, ""oi_prev"": 708, ""oi_change"": 185, ""oi_change_pct"": 26.1, ""flow"": ""开仓"", ""vol_oi_ratio"": 47.25, ""premium"": 32703.0, ""iv"": 0.4738, ""delta"": 0.409, ""score"": 207.9}, {""contract_symbol"": ""NVDA260824C00212500"", ""expiration"": ""2026-08-24"", ""dte"": 0, ""type"": ""call"", ""strike"": 212.5, ""volume"": 51638, ""open_interest"": 1189, ""volume_prev"": 4940, ""volume_ratio"": 10.5, ""oi_prev"": 267, ""oi_change"": 922, ""oi_change_pct"": 345.3, ""flow"": ""开仓"", ""vol_oi_ratio"": 43.43, ""premium"": 10069.0, ""iv"": 0.5036, ""delta"": 0.139, ""score"": 184.3}, {""contract_symbol"": ""NVDA260831C00207500"", ""expiration"": ""2026-08-31"", ""dte"": 7, ""type"": ""call"", ""strike"": 207.5, ""volume"": 571, ""open_interest"": 25, ""volume_prev"": 34, ""volume_ratio"": 16.8, ""oi_prev"": 12, ""oi_change"": 13, ""oi_change_pct"": 108.3, ""flow"": ""开仓"", ""vol_oi_ratio"": 22.84, ""premium"": 4354.0, ""iv"": 0.5593, ""delta"": 0.565, ""score"": 167.6}, {""contract_symbol"": ""NVDA260824C00207500"", ""expiration"": ""2026-08-24"", ""dte"": 0, ""type"": ""call"", ""strike"": 207.5, ""volume"": 4359, ""open_interest"": 262, ""volume_prev"": 1738, ""volume_ratio"": 2.5, ""oi_prev"": 234, ""oi_change"": 28, ""oi_change_pct"": 12.0, ""flow"": ""开仓"", ""vol_oi_ratio"": 16.64, ""premium"": 10156.0, ""iv"": 0.5143, ""delta"": 0.744, ""score"": 153.5}, {""contract_symbol"": ""NVDA260831C00212500"", ""expiration"": ""2026-08-31"", ""dte"": 7, ""type"": ""call"", ""strike"": 212.5, ""volume"": 2530, ""open_interest"": 163, ""volume_prev"": 303, ""volume_ratio"": 8.3, ""oi_prev"": 66, ""oi_change"": 97, ""oi_change_pct"": 147.0, ""flow"": ""开仓"", ""vol_oi_ratio"": 15.52, ""premium"": 13409.0, ""iv"": 0.5627, ""delta"": 0.446, ""score"": 147.5}]","[{""contract_symbol"": ""NVDA260828C00227500"", ""expiration"": ""2026-08-28"", ""type"": ""call"", ""strike"": 227.5, ""oi"": 29904, ""oi_prev"": 9318, ""oi_change"": 20586}, {""contract_symbol"": ""NVDA260828C00220000"", ""expiration"": ""2026-08-28"", ""type"": ""call"", ""strike"": 220.0, ""oi"": 42861, ""oi_prev"": 25446, ""oi_change"": 17415}, {""contract_symbol"": ""NVDA260918C00250000"", ""expiration"": ""2026-09-18"", ""type"": ""call"", ""strike"": 250.0, ""oi"": 84890, ""oi_prev"": 69277, ""oi_change"": 15613}, {""contract_symbol"": ""NVDA260828P00200000"", ""expiration"": ""2026-08-28"", ""type"": ""put"", ""strike"": 200.0, ""oi"": 25600, ""oi_prev"": 10697, ""oi_change"": 14903}, {""contract_symbol"": ""NVDA260918P00125000"", ""expiration"": ""2026-09-18"", ""type"": ""put"", ""strike"": 125.0, ""oi"": 39162, ""oi_prev"": 25988, ""oi_change"": 13174}]"
2026-08-25,晚报,cboe,208.9,0.4698790269619055,0.502555584387206,0.449894632261231,0.7289147980591701,215.0,220.0,0.72565,0.40785,0.5620478191965823,0.016766666666645502,6.115366203925323,25573454.000000004,2850147.0900000003,"[{""strike"": 200.0, ""type"": ""put"", ""oi"": 83959}, {""strike"": 210.0, ""type"": ""call"", ""oi"": 77920}, {""strike"": 215.0, ""type"": ""call"", ""oi"": 77218}]","[{""contract_symbol"": ""NVDA260831C00212500"", ""expiration"": ""2026-08-31"", ""dte"": 6, ""type"": ""call"", ""strike"": 212.5, ""volume"": 6722, ""open_interest"": 163, ""volume_prev"": 6722, ""volume_ratio"": 1.0, ""oi_prev"": 163, ""oi_change"": 0, ""oi_change_pct"": 0.0, ""flow"": ""换手"", ""vol_oi_ratio"": 41.24, ""premium"": 33442.0, ""iv"": 0.5778, ""delta"": 0.425, ""score"": 208.4}, {""contract_symbol"": ""NVDA260831P00242500"", ""expiration"": ""2026-08-31"", ""dte"": 6, ""type"": ""put"", ""strike"": 242.5, ""volume"": 682, ""open_interest"": 29, ""volume_prev"": 682, ""volume_ratio"": 1.0, ""oi_prev"": 29, ""oi_change"": 0, ""oi_change_pct"": 0.0, ""flow"": ""换手"", ""vol_oi_ratio"": 23.52, ""premium"": 23376.0, ""iv"": 0.6188, ""delta"": -0.956, ""score"": 201.2}, {""contract_symbol"": ""NVDA260902C00207500"", ""expiration"": ""2026-09-02"", ""dte"": 8, ""type"": ""call"", ""strike"": 207.5, ""volume"": 2442, ""open_interest"": 4, ""volume_prev"": 2442, ""volume_ratio"": 1.0, ""oi_prev"": 4, ""oi_change"": 0, ""oi_change_pct"": 0.0, ""flow"": ""换手"", ""vol_oi_ratio"": 610.5, ""premium"": 18559.0, ""iv"": 0.536, ""delta"": 0.544, ""score"": 196.6}, {""contract_symbol"": ""NVDA260902C00210000"", ""expiration"": ""2026-09-02"", ""dte"": 8, ""type"": ""call"", ""strike"": 210.0, ""volume"": 2147, ""open_interest"": 85, ""volume_prev"": 2147, ""volume_ratio"": 1.0, ""oi_prev"": 85, ""oi_change"": 0, ""oi_change_pct"": 0.0, ""flow"": ""换手"", ""vol_oi_ratio"": 25.26, ""premium"": 13848.0, ""iv"": 0.5401, ""delta"": 0.488, ""score"": 190.7}, {""contract_symbol"": ""NVDA260831C00207500"", ""expiration"": ""2026-08-31"", ""dte"": 6, ""type"": ""call"", ""strike"": 207.5, ""volume"": 1307, ""open_interest"": 25, ""volume_prev"": 1307, ""volume_ratio"": 1.0, ""oi_prev"": 25, ""oi_change"": 0, ""oi_change_pct"": 0.0, ""flow"": ""换手"", ""vol_oi_ratio"": 52.28, ""premium"": 9378.0, ""iv"": 0.5754, ""delta"": 0.542, ""score"": 182.9}]",[]
2026-08-25,早报,cboe,213.45,0.2890188644349917,0.5278732937376264,0.2873169465066151,0.715031680923312,212.5,220.0,0.7721,0.40259999999999996,0.5214350472736692,0.039896296296304534,5.832747716092761,44232191.64000005,3458962.1500000004,"[{""strike"": 220.0, ""type"": ""call"", ""oi"": 139408}, {""strike"": 210.0, ""type"": ""call"", ""oi"": 118111}, {""strike"": 215.0, ""type"": ""call"", ""oi"": 90782}]","[{""contract_symbol"": ""NVDA260828C00212500"", ""expiration"": ""2026-08-28"", ""dte"": 3, ""type"": ""call"", ""strike"": 212.5, ""volume"": 20679, ""open_interest"": 6370, ""volume_prev"": 19603, ""volume_ratio"": 1.1, ""oi_prev"": 2254, ""oi_change"": 4116, ""oi_change_pct"": 182.6, ""flow"": ""开仓"", ""vol_oi_ratio"": 3.25, ""premium"": 141134.0, ""iv"": 0.772, ""delta"": 0.545, ""score"": 38.5}, {""contract_symbol"": ""NVDA260904C00227500"", ""expiration"": ""2026-09-04"", ""dte"": 10, ""type"": ""call"", ""strike"": 227.5, ""volume"": 10339, ""open_interest"": 2818, ""volume_prev"": 1559, ""volume_ratio"": 6.6, ""oi_prev"": 1864, ""oi_change"": 954, ""oi_change_pct"": 51.2, ""flow"": ""开仓"", ""vol_oi_ratio"": 3.67, ""premium"": 27915.0, ""iv"": 0.5197, ""delta"": 0.255, ""score"": 37.6}, {""contract_symbol"": ""NVDA260828C00207500"", ""expiration"": ""2026-08-28"", ""dte"": 3, ""type"": ""call"", ""strike"": 207.5, ""volume"": 8966, ""open_interest"": 3981, ""volume_prev"": 8174, ""volume_ratio"": 1.1, ""oi_prev"": 1472, ""oi_change"": 2509, ""oi_change_pct"": 170.4, ""flow"": ""开仓"", ""vol_oi_ratio"": 2.25, ""premium"": 86970.0, ""iv"": 0.7681, ""delta"": 0.67, ""score"": 25.6}, {""contract_symbol"": ""NVDA260828C00215000"", ""expiration"": ""2026-08-28"", ""dte"": 3, ""type"": ""call"", ""strike"": 215.0, ""volume"": 32633, ""open_interest"": 28038, ""volume_prev"": 40692, ""volume_ratio"": 0.8, ""oi_prev"": 16095, ""oi_change"": 11943, ""oi_change_pct"": 74.2, ""flow"": ""开仓"", ""vol_oi_ratio"": 1.16, ""premium"": 183561.0, ""iv"": 0.7733, ""delta"": 0.482, ""score"": 14.1}, {""contract_symbol"": ""NVDA260904C00222500"", ""expiration"": ""2026-09-04"", ""dte"": 10, ""type"": ""call"", ""strike"": 222.5, ""volume"": 2145, ""open_interest"": 1531, ""volume_prev"": 606, ""volume_ratio"": 3.5, ""oi_prev"": 1232, ""oi_change"": 299, ""oi_change_pct"": 24.3, ""flow"": ""开仓"", ""vol_oi_ratio"": 1.4, ""premium"": 8580.0, ""iv"": 0.5166, ""delta"": 0.342, ""score"": 12.7}]","[{""contract_symbol"": ""NVDA260828C00210000"", ""expiration"": ""2026-08-28"", ""type"": ""call"", ""strike"": 210.0, ""oi"": 27820, ""oi_prev"": 9479, ""oi_change"": 18341}, {""contract_symbol"": ""NVDA260828C00220000"", ""expiration"": ""2026-08-28"", ""type"": ""call"", ""strike"": 220.0, ""oi"": 57140, ""oi_prev"": 42861, ""oi_change"": 14279}, {""contract_symbol"": ""NVDA260828C00230000"", ""expiration"": ""2026-08-28"", ""type"": ""call"", ""strike"": 230.0, ""oi"": 78303, ""oi_prev"": 65232, ""oi_change"": 13071}, {""contract_symbol"": ""NVDA260828P00195000"", ""expiration"": ""2026-08-28"", ""type"": ""put"", ""strike"": 195.0, ""oi"": 21199, ""oi_prev"": 8949, ""oi_change"": 12250}, {""contract_symbol"": ""NVDA260828C00215000"", ""expiration"": ""2026-08-28"", ""type"": ""call"", ""strike"": 215.0, ""oi"": 28038, ""oi_prev"": 16095, ""oi_change"": 11943}]"
2026-08-26,早报,cboe,210.205,0.633858630855792,0.43861337443656295,0.6711254566281036,0.6545461263431308,212.5,215.0,0.9422,0.4082,0.4332413500318404,-1.4307738095237998,5.780071834637615,36888770.740000024,3908601.029999999,"[{""strike"": 220.0, ""type"": ""call"", ""oi"": 147418}, {""strike"": 210.0, ""type"": ""call"", ""oi"": 116664}, {""strike"": 200.0, ""type"": ""put"", ""oi"": 107795}]","[{""contract_symbol"": ""NVDA260909C00245000"", ""expiration"": ""2026-09-09"", ""dte"": 14, ""type"": ""call"", ""strike"": 245.0, ""volume"": 2115, ""open_interest"": 18, ""volume_prev"": 21, ""volume_ratio"": 100.7, ""oi_prev"": 0, ""oi_change"": 18, ""oi_change_pct"": null, ""flow"": ""开仓"", ""vol_oi_ratio"": 117.5, ""premium"": 1216.0, ""iv"": 0.4957, ""delta"": 0.068, ""score"": 142.1}, {""contract_symbol"": ""NVDA260911P00115000"", ""expiration"": ""2026-09-11"", ""dte"": 16, ""type"": ""put"", ""strike"": 115.0, ""volume"": 2030, ""open_interest"": 130, ""volume_prev"": 0, ""volume_ratio"": null, ""oi_prev"": 130, ""oi_change"": 0, ""oi_change_pct"": 0.0, ""flow"": ""换手"", ""vol_oi_ratio"": 15.62, ""premium"": 81.0, ""iv"": 1.0777, ""delta"": -0.003, ""score"": 68.9}, {""contract_symbol"": ""NVDA260902P00202500"", ""expiration"": ""2026-09-02"", ""dte"": 7, ""type"": ""put"", ""strike"": 202.5, ""volume"": 1378, ""open_interest"": 210, ""volume_prev"": 176, ""volume_ratio"": 7.8, ""oi_prev"": 147, ""oi_change"": 63, ""oi_change_pct"": 42.9, ""flow"": ""开仓"", ""vol_oi_ratio"": 6.56, ""premium"": 4754.0, ""iv"": 0.5776, ""delta"": -0.306, ""score"": 55.6}, {""contract_symbol"": ""NVDA260828P00232500"", ""expiration"": ""2026-08-28"", ""dte"": 2, ""type"": ""put"", ""strike"": 232.5, ""volume"": 2776, ""open_interest"": 617, ""volume_prev"": 329, ""volume_ratio"": 8.4, ""oi_prev"": 582, ""oi_change"": 35, ""oi_change_pct"": 6.0, ""flow"": ""开仓"", ""vol_oi_ratio"": 4.5, ""premium"": 63709.0, ""iv"": 0.9872, ""delta"": -0.9, ""score"": 49.8}, {""contract_symbol"": ""NVDA260909C00222500"", ""expiration"": ""2026-09-09"", ""dte"": 14, ""type"": ""call"", ""strike"": 222.5, ""volume"": 810, ""open_interest"": 0, ""volume_prev"": 0, ""volume_ratio"": null, ""oi_prev"": 0, ""oi_change"": 0, ""oi_change_pct"": null, ""flow"": ""新"", ""vol_oi_ratio"": null, ""premium"": 2754.0, ""iv"": 0.4701, ""delta"": 0.293, ""score"": 39.6}]","[{""contract_symbol"": ""NVDA260828C00230000"", ""expiration"": ""2026-08-28"", ""type"": ""call"", ""strike"": 230.0, ""oi"": 194582, ""oi_prev"": 78303, ""oi_change"": 116279}, {""contract_symbol"": ""NVDA260828C00240000"", ""expiration"": ""2026-08-28"", ""type"": ""call"", ""strike"": 240.0, ""oi"": 165684, ""oi_prev"": 60801, ""oi_change"": 104883}, {""contract_symbol"": ""NVDA260828C00225000"", ""expiration"": ""2026-08-28"", ""type"": ""call"", ""strike"": 225.0, ""oi"": 60345, ""oi_prev"": 45737, ""oi_change"": 14608}, {""contract_symbol"": ""NVDA260828P00160000"", ""expiration"": ""2026-08-28"", ""type"": ""put"", ""strike"": 160.0, ""oi"": 17085, ""oi_prev"": 6081, ""oi_change"": 11004}, {""contract_symbol"": ""NVDA260828P00115000"", ""expiration"": ""2026-08-28"", ""type"": ""put"", ""strike"": 115.0, ""oi"": 32655, ""oi_prev"": 21954, ""oi_change"": 10701}]"
2026-08-26,晚报,cboe,217.91,0.6086684249980635,0.43861337443656295,0.5786473795887206,0.6545461263431308,212.5,215.0,1.00915,0.41745,0.41366496556507953,-3.5973857142857057,6.631178009269882,35698176.88999997,3879228.539999998,"[{""strike"": 220.0, ""type"": ""call"", ""oi"": 147418}, {""strike"": 225.0, ""type"": ""call"", ""oi"": 147402}, {""strike"": 210.0, ""type"": ""call"", ""oi"": 116664}]","[{""contract_symbol"": ""NVDA260904C00197500"", ""expiration"": ""2026-09-04"", ""dte"": 9, ""type"": ""call"", ""strike"": 197.5, ""volume"": 4668, ""open_interest"": 133, ""volume_prev"": 610, ""volume_ratio"": 7.7, ""oi_prev"": 61, ""oi_change"": 72, ""oi_change_pct"": 118.0, ""flow"": ""开仓"", ""vol_oi_ratio"": 35.1, ""premium"": 71654.0, ""iv"": 0.5702, ""delta"": 0.771, ""score"": 223.6}, {""contract_symbol"": ""NVDA260911C00202500"", ""expiration"": ""2026-09-11"", ""dte"": 16, ""type"": ""call"", ""strike"": 202.5, ""volume"": 2450, ""open_interest"": 130, ""volume_prev"": 33, ""volume_ratio"": 74.2, ""oi_prev"": 116, ""oi_change"": 14, ""oi_change_pct"": 12.1, ""flow"": ""开仓"", ""vol_oi_ratio"": 18.85, ""premium"": 31544.0, ""iv"": 0.4673, ""delta"": 0.664, ""score"": 195.2}, {""contract_symbol"": ""NVDA260909P00190000"", ""expiration"": ""2026-09-09"", ""dte"": 14, ""type"": ""put"", ""strike"": 190.0, ""volume"": 1331, ""open_interest"": 40, ""volume_prev"": 54, ""volume_ratio"": 24.6, ""oi_prev"": 0, ""oi_change"": 40, ""oi_change_pct"": null, ""flow"": ""开仓"", ""vol_oi_ratio"": 33.27, ""premium"": 1863.0, ""iv"": 0.4802, ""delta"": -0.135, ""score"": 150.6}, {""contract_symbol"": ""NVDA260909C00245000"", ""expiration"": ""2026-09-09"", ""dte"": 14, ""type"": ""call"", ""strike"": 245.0, ""volume"": 2163, ""open_interest"": 18, ""volume_prev"": 21, ""volume_ratio"": 103.0, ""oi_prev"": 0, ""oi_change"": 18, ""oi_change_pct"": null, ""flow"": ""开仓"", ""vol_oi_ratio"": 120.17, ""premium"": 1536.0, ""iv"": 0.5151, ""delta"": 0.071, ""score"": 146.7}, {""contract_symbol"": ""NVDA260902P00202500"", ""expiration"": ""2026-09-02"", ""dte"": 7, ""type"": ""put"", ""strike"": 202.5, ""volume"": 2761, ""open_interest"": 210, ""volume_prev"": 176, ""volume_ratio"": 15.7, ""oi_prev"": 147, ""oi_change"": 63, ""oi_change_pct"": 42.9, ""flow"": ""开仓"", ""vol_oi_ratio"": 13.15, ""premium"": 10216.0, ""iv"": 0.5948, ""delta"": -0.319, ""score"": 121.4}]","[{""contract_symbol"": ""NVDA260828C00230000"", ""expiration"": ""2026-08-28"", ""type"": ""call"", ""strike"": 230.0, ""volume"": 85151, ""volume_prev"": 185084, ""oi"": 194582, ""oi_prev"": 78303, ""oi_change"": 116279, ""last_price"": 1.01, ""iv"": 1.0478, ""delta"": 0.129}, {""contract_symbol"": ""NVDA260828C00240000"", ""expiration"": ""2026-08-28"", ""type"": ""call"", ""strike"": 240.0, ""volume"": 64954, ""volume_prev"": 151333, ""oi"": 165684, ""oi_prev"": 60801, ""oi_change"": 104883, ""last_price"": 0.38, ""iv"": 1.0899, ""delta"": 0.054}, {""contract_symbol"": ""NVDA260828C00225000"", ""expiration"": ""2026-08-28"", ""type"": ""call"", ""strike"": 225.0, ""volume"": 73023, ""volume_prev"": 48014, ""oi"": 60345, ""oi_prev"": 45737, ""oi_change"": 14608, ""last_price"": 1.68, ""iv"": 1.0308, ""delta"": 0.194}, {""contract_symbol"": ""NVDA260828P00160000"", ""expiration"": ""2026-08-28"", ""type"": ""put"", ""strike"": 160.0, ""volume"": 4864, ""volume_prev"": 12485, ""oi"": 17085, ""oi_prev"": 6081, ""oi_change"": 11004, ""last_price"": 0.05, ""iv"": 1.4634, ""delta"": -0.005}, {""contract_symbol"": ""NVDA260828P00115000"", ""expiration"": ""2026-08-28"", ""type"": ""put"", ""strike"": 115.0, ""volume"": 88, ""volume_prev"": 12763, ""oi"": 32655, ""oi_prev"": 21954, ""oi_change"": 10701, ""last_price"": 0.01, ""iv"": 2.5273, ""delta"": -0.001}]"
2026-08-27,早报,cboe,226.51,0.486865324125166,0.4976232709060649,0.4590855419778205,0.6723762087275976,212.5,215.0,0.47204999999999997,0.3291,0.6971719097553226,0.23166666666666336,2.240519182376054,108248373.45999992,6258567.810000007,"[{""strike"": 230.0, ""type"": ""call"", ""oi"": 321782}, {""strike"": 220.0, ""type"": ""call"", ""oi"": 198154}, {""strike"": 225.0, ""type"": ""call"", ""oi"": 172276}]","[{""contract_symbol"": ""NVDA260904P00235000"", ""expiration"": ""2026-09-04"", ""dte"": 8, ""type"": ""put"", ""strike"": 235.0, ""volume"": 9352, ""open_interest"": 149, ""volume_prev"": 2, ""volume_ratio"": 4676.0, ""oi_prev"": 149, ""oi_change"": 0, ""oi_change_pct"": 0.0, ""flow"": ""换手"", ""vol_oi_ratio"": 62.77, ""premium"": 96793.0, ""iv"": 0.3586, ""delta"": -0.747, ""score"": 229.6}, {""contract_symbol"": ""NVDA260902P00222500"", ""expiration"": ""2026-09-02"", ""dte"": 6, ""type"": ""put"", ""strike"": 222.5, ""volume"": 4103, ""open_interest"": 56, ""volume_prev"": 6, ""volume_ratio"": 683.8, ""oi_prev"": 57, ""oi_change"": -1, ""oi_change_pct"": -1.8, ""flow"": ""平仓"", ""vol_oi_ratio"": 73.27, ""premium"": 10073.0, ""iv"": 0.3519, ""delta"": -0.346, ""score"": 184.4}, {""contract_symbol"": ""NVDA260909C00230000"", ""expiration"": ""2026-09-09"", ""dte"": 13, ""type"": ""call"", ""strike"": 230.0, ""volume"": 8223, ""open_interest"": 482, ""volume_prev"": 565, ""volume_ratio"": 14.6, ""oi_prev"": 114, ""oi_change"": 368, ""oi_change_pct"": 322.8, ""flow"": ""开仓"", ""vol_oi_ratio"": 17.06, ""premium"": 33303.0, ""iv"": 0.3231, ""delta"": 0.417, ""score"": 177.7}, {""contract_symbol"": ""NVDA260902P00230000"", ""expiration"": ""2026-09-02"", ""dte"": 6, ""type"": ""put"", ""strike"": 230.0, ""volume"": 545, ""open_interest"": 12, ""volume_prev"": 20, ""volume_ratio"": 27.2, ""oi_prev"": 6, ""oi_change"": 6, ""oi_change_pct"": 100.0, ""flow"": ""开仓"", ""vol_oi_ratio"": 45.42, ""premium"": 3393.0, ""iv"": 0.3506, ""delta"": -0.625, ""score"": 162.6}, {""contract_symbol"": ""NVDA260828P00222500"", ""expiration"": ""2026-08-28"", ""dte"": 1, ""type"": ""put"", ""strike"": 222.5, ""volume"": 62908, ""open_interest"": 4536, ""volume_prev"": 1633, ""volume_ratio"": 38.5, ""oi_prev"": 4397, ""oi_change"": 139, ""oi_change_pct"": 3.2, ""flow"": ""开仓"", ""vol_oi_ratio"": 13.87, ""premium"": 63537.0, ""iv"": 0.4761, ""delta"": -0.264, ""score"": 153.4}]","[{""contract_symbol"": ""NVDA260828C00220000"", ""expiration"": ""2026-08-28"", ""type"": ""call"", ""strike"": 220.0, ""volume"": 75705, ""volume_prev"": 100171, ""oi"": 96107, ""oi_prev"": 60397, ""oi_change"": 35710, ""last_price"": 6.86, ""iv"": 0.4852, ""delta"": 0.843}, {""contract_symbol"": ""NVDA260828P00200000"", ""expiration"": ""2026-08-28"", ""type"": ""put"", ""strike"": 200.0, ""volume"": 37638, ""volume_prev"": 72277, ""oi"": 58748, ""oi_prev"": 36789, ""oi_change"": 21959, ""last_price"": 0.03, ""iv"": 0.9105, ""delta"": -0.009}, {""contract_symbol"": ""NVDA260828C00230000"", ""expiration"": ""2026-08-28"", ""type"": ""call"", ""strike"": 230.0, ""volume"": 236440, ""volume_prev"": 85151, ""oi"": 210864, ""oi_prev"": 194582, ""oi_change"": 16282, ""last_price"": 1.12, ""iv"": 0.4786, ""delta"": 0.287}, {""contract_symbol"": ""NVDA260828C00235000"", ""expiration"": ""2026-08-28"", ""type"": ""call"", ""strike"": 235.0, ""volume"": 64297, ""volume_prev"": 49394, ""oi"": 57195, ""oi_prev"": 41317, ""oi_change"": 15878, ""last_price"": 0.29, ""iv"": 0.4952, ""delta"": 0.1}, {""contract_symbol"": ""NVDA260904P00115000"", ""expiration"": ""2026-09-04"", ""type"": ""put"", ""strike"": 115.0, ""volume"": 59, ""volume_prev"": 20461, ""oi"": 31530, ""oi_prev"": 16267, ""oi_change"": 15263, ""last_price"": 0.01, ""iv"": 1.3961, ""delta"": -0.001}]"
2026-08-28,晚报,cboe,226.14,0.533444450872657,0.4976232709060649,0.4688345884459424,0.6723762087275976,212.5,215.0,0.436,0.33615,0.7709862385321101,0.7944047619047601,2.1026797559034227,117357770.23,6587095.020000001,"[{""strike"": 230.0, ""type"": ""call"", ""oi"": 321782}, {""strike"": 220.0, ""type"": ""call"", ""oi"": 198154}, {""strike"": 225.0, ""type"": ""call"", ""oi"": 172276}]","[{""contract_symbol"": ""NVDA260828P00227500"", ""expiration"": ""2026-08-28"", ""dte"": 0, ""type"": ""put"", ""strike"": 227.5, ""volume"": 136246, ""open_interest"": 3765, ""volume_prev"": 2113, ""volume_ratio"": 64.5, ""oi_prev"": 3228, ""oi_change"": 537, ""oi_change_pct"": 16.6, ""flow"": ""开仓"", ""vol_oi_ratio"": 36.19, ""premium"": 248649.0, ""iv"": 0.4352, ""delta"": -0.452, ""score"": 248.5}, {""contract_symbol"": ""NVDA260828P00225000"", ""expiration"": ""2026-08-28"", ""dte"": 0, ""type"": ""put"", ""strike"": 225.0, ""volume"": 265915, ""open_interest"": 5619, ""volume_prev"": 2247, ""volume_ratio"": 118.3, ""oi_prev"": 6187, ""oi_change"": -568, ""oi_change_pct"": -9.2, ""flow"": ""平仓"", ""vol_oi_ratio"": 47.32, ""premium"": 247301.0, ""iv"": 0.44, ""delta"": -0.278, ""score"": 248.4}, {""contract_symbol"": ""NVDA260828P00230000"", ""expiration"": ""2026-08-28"", ""dte"": 0, ""type"": ""put"", ""strike"": 230.0, ""volume"": 64897, ""open_interest"": 2212, ""volume_prev"": 1187, ""volume_ratio"": 54.7, ""oi_prev"": 2243, ""oi_change"": -31, ""oi_change_pct"": -1.4, ""flow"": ""平仓"", ""vol_oi_ratio"": 29.34, ""premium"": 206048.0, ""iv"": 0.4273, ""delta"": -0.643, ""score"": 244.7}, {""contract_symbol"": ""NVDA260904C00232500"", ""expiration"": ""2026-09-04"", ""dte"": 7, ""type"": ""call"", ""strike"": 232.5, ""volume"": 44678, ""open_interest"": 1942, ""volume_prev"": 1143, ""volume_ratio"": 39.1, ""oi_prev"": 1453, ""oi_change"": 489, ""oi_change_pct"": 33.7, ""flow"": ""开仓"", ""vol_oi_ratio"": 23.01, ""premium"": 138949.0, ""iv"": 0.3603, ""delta"": 0.376, ""score"": 236.8}, {""contract_symbol"": ""NVDA260904P00235000"", ""expiration"": ""2026-09-04"", ""dte"": 7, ""type"": ""put"", ""strike"": 235.0, ""volume"": 10086, ""open_interest"": 149, ""volume_prev"": 2, ""volume_ratio"": 5043.0, ""oi_prev"": 149, ""oi_change"": 0, ""oi_change_pct"": 0.0, ""flow"": ""换手"", ""vol_oi_ratio"": 67.69, ""premium"": 87496.0, ""iv"": 0.375, ""delta"": -0.702, ""score"": 227.6}]","[{""contract_symbol"": ""NVDA260828C00220000"", ""expiration"": ""2026-08-28"", ""type"": ""call"", ""strike"": 220.0, ""volume"": 126703, ""volume_prev"": 100171, ""oi"": 96107, ""oi_prev"": 60397, ""oi_change"": 35710, ""last_price"": 8.25, ""iv"": 0.4861, ""delta"": 0.913}, {""contract_symbol"": ""NVDA260828P00200000"", ""expiration"": ""2026-08-28"", ""type"": ""put"", ""strike"": 200.0, ""volume"": 63437, ""volume_prev"": 72277, ""oi"": 58748, ""oi_prev"": 36789, ""oi_change"": 21959, ""last_price"": 0.03, ""iv"": 1.0506, ""delta"": -0.007}, {""contract_symbol"": ""NVDA260828C00230000"", ""expiration"": ""2026-08-28"", ""type"": ""call"", ""strike"": 230.0, ""volume"": 684401, ""volume_prev"": 85151, ""oi"": 210864, ""oi_prev"": 194582, ""oi_change"": 16282, ""last_price"": 1.15, ""iv"": 0.4282, ""delta"": 0.359}, {""contract_symbol"": ""NVDA260828C00235000"", ""expiration"": ""2026-08-28"", ""type"": ""call"", ""strike"": 235.0, ""volume"": 209455, ""volume_prev"": 49394, ""oi"": 57195, ""oi_prev"": 41317, ""oi_change"": 15878, ""last_price"": 0.25, ""iv"": 0.4531, ""delta"": 0.111}, {""contract_symbol"": ""NVDA260904P00115000"", ""expiration"": ""2026-09-04"", ""type"": ""put"", ""strike"": 115.0, ""volume"": 339, ""volume_prev"": 20461, ""oi"": 31530, ""oi_prev"": 16267, ""oi_change"": 15263, ""last_price"": 0.01, ""iv"": 1.428, ""delta"": -0.001}]"
2026-08-28,早报,cboe,224.01,0.592124987705292,0.7340028828614313,0.5407693536226178,0.7050292951501895,220.0,215.0,0.4516,0.3234,0.7161204605845882,0.8068421052631614,0.9486183652515513,76731688.76999997,7628166.81999999,"[{""strike"": 230.0, ""type"": ""call"", ""oi"": 282199}, {""strike"": 235.0, ""type"": ""call"", ""oi"": 271131}, {""strike"": 225.0, ""type"": ""call"", ""oi"": 207631}]","[{""contract_symbol"": ""NVDA260831P00232500"", ""expiration"": ""2026-08-31"", ""dte"": 3, ""type"": ""put"", ""strike"": 232.5, ""volume"": 1732, ""open_interest"": 103, ""volume_prev"": 391, ""volume_ratio"": 4.4, ""oi_prev"": 69, ""oi_change"": 34, ""oi_change_pct"": 49.3, ""flow"": ""开仓"", ""vol_oi_ratio"": 16.82, ""premium"": 15025.0, ""iv"": 0.2704, ""delta"": -0.916, ""score"": 161.7}, {""contract_symbol"": ""NVDA260831P00235000"", ""expiration"": ""2026-08-31"", ""dte"": 3, ""type"": ""put"", ""strike"": 235.0, ""volume"": 1528, ""open_interest"": 143, ""volume_prev"": 518, ""volume_ratio"": 2.9, ""oi_prev"": 29, ""oi_change"": 114, ""oi_change_pct"": 393.1, ""flow"": ""开仓"", ""vol_oi_ratio"": 10.69, ""premium"": 16923.0, ""iv"": 0.2795, ""delta"": -0.953, ""score"": 104.0}, {""contract_symbol"": ""NVDA260831P00240000"", ""expiration"": ""2026-08-31"", ""dte"": 3, ""type"": ""put"", ""strike"": 240.0, ""volume"": 1357, ""open_interest"": 160, ""volume_prev"": 181, ""volume_ratio"": 7.5, ""oi_prev"": 126, ""oi_change"": 34, ""oi_change_pct"": 27.0, ""flow"": ""开仓"", ""vol_oi_ratio"": 8.48, ""premium"": 21746.0, ""iv"": 0.3233, ""delta"": -0.981, ""score"": 84.7}, {""contract_symbol"": ""NVDA260831C00227500"", ""expiration"": ""2026-08-31"", ""dte"": 3, ""type"": ""call"", ""strike"": 227.5, ""volume"": 32037, ""open_interest"": 4043, ""volume_prev"": 33348, ""volume_ratio"": 1.0, ""oi_prev"": 1836, ""oi_change"": 2207, ""oi_change_pct"": 120.2, ""flow"": ""开仓"", ""vol_oi_ratio"": 7.92, ""premium"": 29634.0, ""iv"": 0.2658, ""delta"": 0.275, ""score"": 81.6}, {""contract_symbol"": ""NVDA260828P00222500"", ""expiration"": ""2026-08-28"", ""dte"": 0, ""type"": ""put"", ""strike"": 222.5, ""volume"": 133089, ""open_interest"": 20450, ""volume_prev"": 139050, ""volume_ratio"": 1.0, ""oi_prev"": 4536, ""oi_change"": 15914, ""oi_change_pct"": 350.8, ""flow"": ""开仓"", ""vol_oi_ratio"": 6.51, ""premium"": 55232.0, ""iv"": 0.4504, ""delta"": -0.269, ""score"": 71.1}]","[{""contract_symbol"": ""NVDA260904C00235000"", ""expiration"": ""2026-09-04"", ""type"": ""call"", ""strike"": 235.0, ""volume"": 9536, ""volume_prev"": 138847, ""oi"": 137917, ""oi_prev"": 12849, ""oi_change"": 125068, ""last_price"": 0.98, ""iv"": 0.3461, ""delta"": 0.174}, {""contract_symbol"": ""NVDA260904C00245000"", ""expiration"": ""2026-09-04"", ""type"": ""call"", ""strike"": 245.0, ""volume"": 4101, ""volume_prev"": 66454, ""oi"": 119067, ""oi_prev"": 8630, ""oi_change"": 110437, ""last_price"": 0.22, ""iv"": 0.3706, ""delta"": 0.048}, {""contract_symbol"": ""NVDA260904C00225000"", ""expiration"": ""2026-09-04"", ""type"": ""call"", ""strike"": 225.0, ""volume"": 11965, ""volume_prev"": 90554, ""oi"": 60417, ""oi_prev"": 13259, ""oi_change"": 47158, ""last_price"": 3.83, ""iv"": 0.3345, ""delta"": 0.48}, {""contract_symbol"": ""NVDA260918C00265000"", ""expiration"": ""2026-09-18"", ""type"": ""call"", ""strike"": 265.0, ""volume"": 510, ""volume_prev"": 44492, ""oi"": 51468, ""oi_prev"": 10779, ""oi_change"": 40689, ""last_price"": 0.22, ""iv"": 0.3563, ""delta"": 0.03}, {""contract_symbol"": ""NVDA260828P00170000"", ""expiration"": ""2026-08-28"", ""type"": ""put"", ""strike"": 170.0, ""volume"": 22, ""volume_prev"": 38582, ""oi"": 62451, ""oi_prev"": 30149, ""oi_change"": 32302, ""last_price"": 0.01, ""iv"": 3.6975, ""delta"": -0.002}]"
2026-08-30,晚报,cboe,217.5500030517578,0.5711284232547031,0.6371006434861143,0.5873719658771529,0.6927178839802154,217.5,215.0,0.25005,0.3244,1.2973405318936213,0.6918750000000085,1.8202711764880406,40747214.75999996,3755790.1299999985,"[{""strike"": 225.0, ""type"": ""call"", ""oi"": 151160}, {""strike"": 220.0, ""type"": ""call"", ""oi"": 89199}, {""strike"": 210.0, ""type"": ""call"", ""oi"": 86489}]","[{""contract_symbol"": ""NVDA260831P00240000"", ""expiration"": ""2026-08-31"", ""dte"": 1, ""type"": ""put"", ""strike"": 240.0, ""volume"": 9500, ""open_interest"": 160, ""volume_prev"": 9500, ""volume_ratio"": 1.0, ""oi_prev"": 160, ""oi_change"": 0, ""oi_change_pct"": 0.0, ""flow"": ""换手"", ""vol_oi_ratio"": 59.38, ""premium"": 214463.0, ""iv"": 0.5761, ""delta"": -0.99, ""score"": 245.5}, {""contract_symbol"": ""NVDA261002P00200000"", ""expiration"": ""2026-10-02"", ""dte"": 33, ""type"": ""put"", ""strike"": 200.0, ""volume"": 66511, ""open_interest"": 1453, ""volume_prev"": 66511, ""volume_ratio"": 1.0, ""oi_prev"": 1453, ""oi_change"": 0, ""oi_change_pct"": 0.0, ""flow"": ""换手"", ""vol_oi_ratio"": 45.77, ""premium"": 170933.0, ""iv"": 0.3428, ""delta"": -0.193, ""score"": 241.0}, {""contract_symbol"": ""NVDA260831P00235000"", ""expiration"": ""2026-08-31"", ""dte"": 1, ""type"": ""put"", ""strike"": 235.0, ""volume"": 10134, ""open_interest"": 143, ""volume_prev"": 10134, ""volume_ratio"": 1.0, ""oi_prev"": 143, ""oi_change"": 0, ""oi_change_pct"": 0.0, ""flow"": ""换手"", ""vol_oi_ratio"": 70.87, ""premium"": 170505.0, ""iv"": null, ""delta"": -0.985, ""score"": 240.9}, {""contract_symbol"": ""NVDA260831P00245000"", ""expiration"": ""2026-08-31"", ""dte"": 1, ""type"": ""put"", ""strike"": 245.0, ""volume"": 4067, ""open_interest"": 16, ""volume_prev"": 4067, ""volume_ratio"": 1.0, ""oi_prev"": 16, ""oi_change"": 0, ""oi_change_pct"": 0.0, ""flow"": ""换手"", ""vol_oi_ratio"": 254.19, ""premium"": 111537.0, ""iv"": 0.4837, ""delta"": -0.993, ""score"": 232.4}, {""contract_symbol"": ""NVDA260831P00232500"", ""expiration"": ""2026-08-31"", ""dte"": 1, ""type"": ""put"", ""strike"": 232.5, ""volume"": 4219, ""open_interest"": 103, ""volume_prev"": 4219, ""volume_ratio"": 1.0, ""oi_prev"": 103, ""oi_change"": 0, ""oi_change_pct"": 0.0, ""flow"": ""换手"", ""vol_oi_ratio"": 40.96, ""premium"": 61703.0, ""iv"": null, ""delta"": -0.981, ""score"": 220.6}]",[]
2026-08-31,早报,cboe,218.805,0.9713409824510368,0.5302838355503273,0.7327958781456334,0.7127314057864412,217.5,215.0,0.4821,0.3218,0.6674963700477079,1.9187500000000024,1.1037224926304243,45737829.73000005,5224726.279999992,"[{""strike"": 225.0, ""type"": ""call"", ""oi"": 151950}, {""strike"": 220.0, ""type"": ""call"", ""oi"": 143034}, {""strike"": 210.0, ""type"": ""put"", ""oi"": 99040}]","[{""contract_symbol"": ""NVDA260831P00217500"", ""expiration"": ""2026-08-31"", ""dte"": 0, ""type"": ""put"", ""strike"": 217.5, ""volume"": 33503, ""open_interest"": 6569, ""volume_prev"": 37912, ""volume_ratio"": 0.9, ""oi_prev"": 2423, ""oi_change"": 4146, ""oi_change_pct"": 171.1, ""flow"": ""开仓"", ""vol_oi_ratio"": 5.1, ""premium"": 17589.0, ""iv"": 0.476, ""delta"": -0.297, ""score"": 49.9}, {""contract_symbol"": ""NVDA260831C00217500"", ""expiration"": ""2026-08-31"", ""dte"": 0, ""type"": ""call"", ""strike"": 217.5, ""volume"": 28525, ""open_interest"": 7348, ""volume_prev"": 27700, ""volume_ratio"": 1.0, ""oi_prev"": 1759, ""oi_change"": 5589, ""oi_change_pct"": 317.7, ""flow"": ""开仓"", ""vol_oi_ratio"": 3.88, ""premium"": 58191.0, ""iv"": 0.476, ""delta"": 0.703, ""score"": 42.6}, {""contract_symbol"": ""NVDA260831P00215000"", ""expiration"": ""2026-08-31"", ""dte"": 0, ""type"": ""put"", ""strike"": 215.0, ""volume"": 43600, ""open_interest"": 10961, ""volume_prev"": 38827, ""volume_ratio"": 1.1, ""oi_prev"": 5615, ""oi_change"": 5346, ""oi_change_pct"": 95.2, ""flow"": ""开仓"", ""vol_oi_ratio"": 3.98, ""premium"": 5886.0, ""iv"": 0.517, ""delta"": -0.11, ""score"": 34.5}, {""contract_symbol"": ""NVDA260831P00212500"", ""expiration"": ""2026-08-31"", ""dte"": 0, ""type"": ""put"", ""strike"": 212.5, ""volume"": 16569, ""open_interest"": 5287, ""volume_prev"": 13456, ""volume_ratio"": 1.2, ""oi_prev"": 2322, ""oi_change"": 2965, ""oi_change_pct"": 127.7, ""flow"": ""开仓"", ""vol_oi_ratio"": 3.13, ""premium"": 911.0, ""iv"": 0.6251, ""delta"": -0.042, ""score"": 21.4}, {""contract_symbol"": ""NVDA260831C00220000"", ""expiration"": ""2026-08-31"", ""dte"": 0, ""type"": ""call"", ""strike"": 220.0, ""volume"": 73189, ""open_interest"": 40957, ""volume_prev"": 92918, ""volume_ratio"": 0.8, ""oi_prev"": 7133, ""oi_change"": 33824, ""oi_change_pct"": 474.2, ""flow"": ""开仓"", ""vol_oi_ratio"": 1.79, ""premium"": 51598.0, ""iv"": 0.4787, ""delta"": 0.362, ""score"": 19.4}]","[{""contract_symbol"": ""NVDA260831C00390000"", ""expiration"": ""2026-08-31"", ""type"": ""call"", ""strike"": 390.0, ""volume"": 26, ""volume_prev"": 84166, ""oi"": 89473, ""oi_prev"": 5308, ""oi_change"": 84165, ""last_price"": 0.01, ""iv"": 6.3885, ""delta"": 0.0}, {""contract_symbol"": ""NVDA260909C00240000"", ""expiration"": ""2026-09-09"", ""type"": ""call"", ""strike"": 240.0, ""volume"": 568, ""volume_prev"": 72304, ""oi"": 78167, ""oi_prev"": 13035, ""oi_change"": 65132, ""last_price"": 0.28, ""iv"": 0.3542, ""delta"": 0.058}, {""contract_symbol"": ""NVDA261002P00200000"", ""expiration"": ""2026-10-02"", ""type"": ""put"", ""strike"": 200.0, ""volume"": 220, ""volume_prev"": 66511, ""oi"": 61970, ""oi_prev"": 1453, ""oi_change"": 60517, ""last_price"": 2.06, ""iv"": 0.342, ""delta"": -0.169}, {""contract_symbol"": ""NVDA260831C00220000"", ""expiration"": ""2026-08-31"", ""type"": ""call"", ""strike"": 220.0, ""volume"": 73189, ""volume_prev"": 92918, ""oi"": 40957, ""oi_prev"": 7133, ""oi_change"": 33824, ""last_price"": 0.71, ""iv"": 0.4787, ""delta"": 0.362}, {""contract_symbol"": ""NVDA260831P00135000"", ""expiration"": ""2026-08-31"", ""type"": ""put"", ""strike"": 135.0, ""volume"": 0, ""volume_prev"": 26641, ""oi"": 26695, ""oi_prev"": 145, ""oi_change"": 26550, ""last_price"": 0.01, ""iv"": 5.6396, ""delta"": 0.0}]"
2026-08-31,晚报,cboe,220.77999877929688,0.7255406485186072,0.5302838355503273,0.5997265319382075,0.7127314057864412,217.5,215.0,0.4507,0.31155,0.6912580430441535,-4.034322571930299,0.3714104558990031,54286329.459999986,5571163.02,"[{""strike"": 230.0, ""type"": ""call"", ""oi"": 189008}, {""strike"": 225.0, ""type"": ""call"", ""oi"": 151950}, {""strike"": 220.0, ""type"": ""call"", ""oi"": 143034}]","[{""contract_symbol"": ""NVDA260902P00217500"", ""expiration"": ""2026-09-02"", ""dte"": 2, ""type"": ""put"", ""strike"": 217.5, ""volume"": 38037, ""open_interest"": 2267, ""volume_prev"": 6028, ""volume_ratio"": 6.3, ""oi_prev"": 1001, ""oi_change"": 1266, ""oi_change_pct"": 126.5, ""flow"": ""开仓"", ""vol_oi_ratio"": 16.78, ""premium"": 35945.0, ""iv"": 0.3362, ""delta"": -0.252, ""score"": 176.0}, {""contract_symbol"": ""NVDA260831C00217500"", ""expiration"": ""2026-08-31"", ""dte"": 0, ""type"": ""call"", ""strike"": 217.5, ""volume"": 92357, ""open_interest"": 7348, ""volume_prev"": 27700, ""volume_ratio"": 3.3, ""oi_prev"": 1759, ""oi_change"": 5589, ""oi_change_pct"": 317.7, ""flow"": ""开仓"", ""vol_oi_ratio"": 12.57, ""premium"": 289539.0, ""iv"": null, ""delta"": 0.995, ""score"": 158.1}, {""contract_symbol"": ""NVDA260831C00222500"", ""expiration"": ""2026-08-31"", ""dte"": 0, ""type"": ""call"", ""strike"": 222.5, ""volume"": 294815, ""open_interest"": 15774, ""volume_prev"": 55968, ""volume_ratio"": 5.3, ""oi_prev"": 5528, ""oi_change"": 10246, ""oi_change_pct"": 185.3, ""flow"": ""开仓"", ""vol_oi_ratio"": 18.69, ""premium"": 4422.0, ""iv"": 0.4953, ""delta"": 0.1, ""score"": 156.9}, {""contract_symbol"": ""NVDA260831C00220000"", ""expiration"": ""2026-08-31"", ""dte"": 0, ""type"": ""call"", ""strike"": 220.0, ""volume"": 499470, ""open_interest"": 40957, ""volume_prev"": 92918, ""volume_ratio"": 5.4, ""oi_prev"": 7133, ""oi_change"": 33824, ""oi_change_pct"": 474.2, ""flow"": ""开仓"", ""vol_oi_ratio"": 12.19, ""premium"": 379597.0, ""iv"": 0.4506, ""delta"": 0.841, ""score"": 156.7}, {""contract_symbol"": ""NVDA260831P00220000"", ""expiration"": ""2026-08-31"", ""dte"": 0, ""type"": ""put"", ""strike"": 220.0, ""volume"": 153395, ""open_interest"": 9341, ""volume_prev"": 57764, ""volume_ratio"": 2.7, ""oi_prev"": 5363, ""oi_change"": 3978, ""oi_change_pct"": 74.2, ""flow"": ""开仓"", ""vol_oi_ratio"": 16.42, ""premium"": 9204.0, ""iv"": 0.4508, ""delta"": -0.159, ""score"": 149.9}]","[{""contract_symbol"": ""NVDA260831C00390000"", ""expiration"": ""2026-08-31"", ""type"": ""call"", ""strike"": 390.0, ""volume"": 28, ""volume_prev"": 84166, ""oi"": 89473, ""oi_prev"": 5308, ""oi_change"": 84165, ""last_price"": 0.01, ""iv"": 0.0, ""delta"": 0.0}, {""contract_symbol"": ""NVDA260909C00240000"", ""expiration"": ""2026-09-09"", ""type"": ""call"", ""strike"": 240.0, ""volume"": 31526, ""volume_prev"": 72304, ""oi"": 78167, ""oi_prev"": 13035, ""oi_change"": 65132, ""last_price"": 0.17, ""iv"": 0.2959, ""delta"": 0.043}, {""contract_symbol"": ""NVDA261002P00200000"", ""expiration"": ""2026-10-02"", ""type"": ""put"", ""strike"": 200.0, ""volume"": 1230, ""volume_prev"": 66511, ""oi"": 61970, ""oi_prev"": 1453, ""oi_change"": 60517, ""last_price"": 1.7, ""iv"": 0.3425, ""delta"": -0.146}, {""contract_symbol"": ""NVDA260831C00220000"", ""expiration"": ""2026-08-31"", ""type"": ""call"", ""strike"": 220.0, ""volume"": 499470, ""volume_prev"": 92918, ""oi"": 40957, ""oi_prev"": 7133, ""oi_change"": 33824, ""last_price"": 0.75, ""iv"": 0.4506, ""delta"": 0.841}, {""contract_symbol"": ""NVDA260831P00135000"", ""expiration"": ""2026-08-31"", ""type"": ""put"", ""strike"": 135.0, ""volume"": 26641, ""volume_prev"": 26641, ""oi"": 26695, ""oi_prev"": 145, ""oi_change"": 26550, ""last_price"": 0.01, ""iv"": 0.0, ""delta"": 0.0, ""volume_source"": ""yfinance""}]"
2026-09-01,早报,cboe,217.095,1.2481571235918598,0.7653544560761055,0.6161396418224371,0.7527824131874828,220.0,215.0,0.3509,0.31505,0.8978341407808492,0.7885321738004714,1.6536539303070081,34196471.81,4320235.42,"[{""strike"": 225.0, ""type"": ""call"", ""oi"": 136576}, {""strike"": 220.0, ""type"": ""call"", ""oi"": 112865}, {""strike"": 210.0, ""type"": ""put"", ""oi"": 94852}]","[{""contract_symbol"": ""NVDA260902C00217500"", ""expiration"": ""2026-09-02"", ""dte"": 1, ""type"": ""call"", ""strike"": 217.5, ""volume"": 35391, ""open_interest"": 4438, ""volume_prev"": 22058, ""volume_ratio"": 1.6, ""oi_prev"": 3212, ""oi_change"": 1226, ""oi_change_pct"": 38.2, ""flow"": ""开仓"", ""vol_oi_ratio"": 7.97, ""premium"": 58041.0, ""iv"": 0.3503, ""delta"": 0.477, ""score"": 87.5}, {""contract_symbol"": ""NVDA260902P00215000"", ""expiration"": ""2026-09-02"", ""dte"": 1, ""type"": ""put"", ""strike"": 215.0, ""volume"": 43625, ""open_interest"": 9068, ""volume_prev"": 23864, ""volume_ratio"": 1.8, ""oi_prev"": 3291, ""oi_change"": 5777, ""oi_change_pct"": 175.5, ""flow"": ""开仓"", ""vol_oi_ratio"": 4.81, ""premium"": 40135.0, ""iv"": 0.356, ""delta"": -0.312, ""score"": 51.0}, {""contract_symbol"": ""NVDA260902P00212500"", ""expiration"": ""2026-09-02"", ""dte"": 1, ""type"": ""put"", ""strike"": 212.5, ""volume"": 16896, ""open_interest"": 4540, ""volume_prev"": 9932, ""volume_ratio"": 1.7, ""oi_prev"": 1482, ""oi_change"": 3058, ""oi_change_pct"": 206.3, ""flow"": ""开仓"", ""vol_oi_ratio"": 3.72, ""premium"": 6674.0, ""iv"": 0.3721, ""delta"": -0.159, ""score"": 32.8}, {""contract_symbol"": ""NVDA260902C00215000"", ""expiration"": ""2026-09-02"", ""dte"": 1, ""type"": ""call"", ""strike"": 215.0, ""volume"": 8504, ""open_interest"": 2831, ""volume_prev"": 6017, ""volume_ratio"": 1.4, ""oi_prev"": 2062, ""oi_change"": 769, ""oi_change_pct"": 37.3, ""flow"": ""开仓"", ""vol_oi_ratio"": 3.0, ""premium"": 26575.0, ""iv"": 0.359, ""delta"": 0.688, ""score"": 30.6}, {""contract_symbol"": ""NVDA260909C00215000"", ""expiration"": ""2026-09-09"", ""dte"": 8, ""type"": ""call"", ""strike"": 215.0, ""volume"": 1618, ""open_interest"": 685, ""volume_prev"": 637, ""volume_ratio"": 2.5, ""oi_prev"": 746, ""oi_change"": -61, ""oi_change_pct"": -8.2, ""flow"": ""平仓"", ""vol_oi_ratio"": 2.36, ""premium"": 8171.0, ""iv"": 0.289, ""delta"": 0.607, ""score"": 21.3}]","[{""contract_symbol"": ""NVDA260904C00230000"", ""expiration"": ""2026-09-04"", ""type"": ""call"", ""strike"": 230.0, ""volume"": 16871, ""volume_prev"": 53001, ""oi"": 65025, ""oi_prev"": 50174, ""oi_change"": 14851, ""last_price"": 0.17, ""iv"": 0.371, ""delta"": 0.057}, {""contract_symbol"": ""NVDA260902C00225000"", ""expiration"": ""2026-09-02"", ""type"": ""call"", ""strike"": 225.0, ""volume"": 7467, ""volume_prev"": 36548, ""oi"": 29353, ""oi_prev"": 19911, ""oi_change"": 9442, ""last_price"": 0.11, ""iv"": 0.3763, ""delta"": 0.061}, {""contract_symbol"": ""NVDA260904C00227500"", ""expiration"": ""2026-09-04"", ""type"": ""call"", ""strike"": 227.5, ""volume"": 3231, ""volume_prev"": 19359, ""oi"": 29400, ""oi_prev"": 20922, ""oi_change"": 8478, ""last_price"": 0.31, ""iv"": 0.3604, ""delta"": 0.092}, {""contract_symbol"": ""NVDA260904C00232500"", ""expiration"": ""2026-09-04"", ""type"": ""call"", ""strike"": 232.5, ""volume"": 25972, ""volume_prev"": 17313, ""oi"": 45229, ""oi_prev"": 36797, ""oi_change"": 8432, ""last_price"": 0.12, ""iv"": 0.3942, ""delta"": 0.037}, {""contract_symbol"": ""NVDA260904C00222500"", ""expiration"": ""2026-09-04"", ""type"": ""call"", ""strike"": 222.5, ""volume"": 4256, ""volume_prev"": 29225, ""oi"": 26888, ""oi_prev"": 18489, ""oi_change"": 8399, ""last_price"": 1.0, ""iv"": 0.3465, ""delta"": 0.242}]"
2026-09-01,晚报,cboe,217.44000244140625,0.8314483045695288,0.7653544560761055,0.561022492540739,0.7527824131874828,220.0,215.0,0.33599999999999997,0.32275,0.9605654761904763,3.1985594865783504,1.4210816617483553,34468945.84999998,4323743.829999995,"[{""strike"": 225.0, ""type"": ""call"", ""oi"": 136576}, {""strike"": 220.0, ""type"": ""call"", ""oi"": 112865}, {""strike"": 210.0, ""type"": ""put"", ""oi"": 94852}]","[{""contract_symbol"": ""NVDA260902C00217500"", ""expiration"": ""2026-09-02"", ""dte"": 1, ""type"": ""call"", ""strike"": 217.5, ""volume"": 120674, ""open_interest"": 4438, ""volume_prev"": 22058, ""volume_ratio"": 5.5, ""oi_prev"": 3212, ""oi_change"": 1226, ""oi_change_pct"": 38.2, ""flow"": ""开仓"", ""vol_oi_ratio"": 27.19, ""premium"": 190062.0, ""iv"": 0.3349, ""delta"": 0.509, ""score"": 243.1}, {""contract_symbol"": ""NVDA260902C00125000"", ""expiration"": ""2026-09-02"", ""dte"": 1, ""type"": ""call"", ""strike"": 125.0, ""volume"": 649, ""open_interest"": 5, ""volume_prev"": 5, ""volume_ratio"": 129.8, ""oi_prev"": 1, ""oi_change"": 4, ""oi_change_pct"": 400.0, ""flow"": ""开仓"", ""vol_oi_ratio"": 129.8, ""premium"": 60097.0, ""iv"": 4.7903, ""delta"": 1.0, ""score"": 220.1}, {""contract_symbol"": ""NVDA260902P00215000"", ""expiration"": ""2026-09-02"", ""dte"": 1, ""type"": ""put"", ""strike"": 215.0, ""volume"": 124684, ""open_interest"": 9068, ""volume_prev"": 23864, ""volume_ratio"": 5.2, ""oi_prev"": 3291, ""oi_change"": 5777, ""oi_change_pct"": 175.5, ""flow"": ""开仓"", ""vol_oi_ratio"": 13.75, ""premium"": 80421.0, ""iv"": 0.3529, ""delta"": -0.261, ""score"": 155.3}, {""contract_symbol"": ""NVDA260902C00220000"", ""expiration"": ""2026-09-02"", ""dte"": 1, ""type"": ""call"", ""strike"": 220.0, ""volume"": 192884, ""open_interest"": 15105, ""volume_prev"": 76613, ""volume_ratio"": 2.5, ""oi_prev"": 7989, ""oi_change"": 7116, ""oi_change_pct"": 89.1, ""flow"": ""开仓"", ""vol_oi_ratio"": 12.77, ""premium"": 111873.0, ""iv"": 0.3226, ""delta"": 0.266, ""score"": 148.4}, {""contract_symbol"": ""NVDA260902P00217500"", ""expiration"": ""2026-09-02"", ""dte"": 1, ""type"": ""put"", ""strike"": 217.5, ""volume"": 102724, ""open_interest"": 8518, ""volume_prev"": 38037, ""volume_ratio"": 2.7, ""oi_prev"": 2267, ""oi_change"": 6251, ""oi_change_pct"": 275.7, ""flow"": ""开仓"", ""vol_oi_ratio"": 12.06, ""premium"": 155627.0, ""iv"": 0.3371, ""delta"": -0.491, ""score"": 144.2}]","[{""contract_symbol"": ""NVDA260904C00230000"", ""expiration"": ""2026-09-04"", ""type"": ""call"", ""strike"": 230.0, ""volume"": 104211, ""volume_prev"": 53001, ""oi"": 65025, ""oi_prev"": 50174, ""oi_change"": 14851, ""last_price"": 0.13, ""iv"": 0.3572, ""delta"": 0.049}, {""contract_symbol"": ""NVDA260902C00225000"", ""expiration"": ""2026-09-02"", ""type"": ""call"", ""strike"": 225.0, ""volume"": 64242, ""volume_prev"": 36548, ""oi"": 29353, ""oi_prev"": 19911, ""oi_change"": 9442, ""last_price"": 0.06, ""iv"": 0.3604, ""delta"": 0.041}, {""contract_symbol"": ""NVDA260904C00227500"", ""expiration"": ""2026-09-04"", ""type"": ""call"", ""strike"": 227.5, ""volume"": 19042, ""volume_prev"": 19359, ""oi"": 29400, ""oi_prev"": 20922, ""oi_change"": 8478, ""last_price"": 0.24, ""iv"": 0.3369, ""delta"": 0.081}, {""contract_symbol"": ""NVDA260904C00232500"", ""expiration"": ""2026-09-04"", ""type"": ""call"", ""strike"": 232.5, ""volume"": 46855, ""volume_prev"": 17313, ""oi"": 45229, ""oi_prev"": 36797, ""oi_change"": 8432, ""last_price"": 0.09, ""iv"": 0.3766, ""delta"": 0.031}, {""contract_symbol"": ""NVDA260904C00222500"", ""expiration"": ""2026-09-04"", ""type"": ""call"", ""strike"": 222.5, ""volume"": 31848, ""volume_prev"": 29225, ""oi"": 26888, ""oi_prev"": 18489, ""oi_change"": 8399, ""last_price"": 0.9, ""iv"": 0.3311, ""delta"": 0.24}]"
2026-09-02,早报,cboe,223.9465,0.4376849031581095,0.8499983303465087,0.4202002463444676,0.7827318644852101,217.5,215.0,0.47104999999999997,0.32025,0.6798641333191806,-1.797333087706371,1.0739172079045667,66839915.42999994,5604828.109999992,"[{""strike"": 230.0, ""type"": ""call"", ""oi"": 181574}, {""strike"": 225.0, ""type"": ""call"", ""oi"": 153019}, {""strike"": 235.0, ""type"": ""call"", ""oi"": 150477}]","[{""contract_symbol"": ""NVDA260902P00230000"", ""expiration"": ""2026-09-02"", ""dte"": 0, ""type"": ""put"", ""strike"": 230.0, ""volume"": 2379, ""open_interest"": 153, ""volume_prev"": 2620, ""volume_ratio"": 0.9, ""oi_prev"": 913, ""oi_change"": -760, ""oi_change_pct"": -83.2, ""flow"": ""平仓"", ""vol_oi_ratio"": 15.55, ""premium"": 14928.0, ""iv"": 0.5147, ""delta"": -0.974, ""score"": 149.4}, {""contract_symbol"": ""NVDA260902P00222500"", ""expiration"": ""2026-09-02"", ""dte"": 0, ""type"": ""put"", ""strike"": 222.5, ""volume"": 35933, ""open_interest"": 2773, ""volume_prev"": 4674, ""volume_ratio"": 7.7, ""oi_prev"": 3083, ""oi_change"": -310, ""oi_change_pct"": -10.1, ""flow"": ""平仓"", ""vol_oi_ratio"": 12.96, ""premium"": 19224.0, ""iv"": 0.4528, ""delta"": -0.313, ""score"": 127.8}, {""contract_symbol"": ""NVDA260916C00250000"", ""expiration"": ""2026-09-16"", ""dte"": 14, ""type"": ""call"", ""strike"": 250.0, ""volume"": 669, ""open_interest"": 4, ""volume_prev"": 4, ""volume_ratio"": 167.2, ""oi_prev"": 0, ""oi_change"": 4, ""oi_change_pct"": null, ""flow"": ""开仓"", ""vol_oi_ratio"": 167.25, ""premium"": 164.0, ""iv"": 0.3211, ""delta"": 0.045, ""score"": 102.1}, {""contract_symbol"": ""NVDA260902C00222500"", ""expiration"": ""2026-09-02"", ""dte"": 0, ""type"": ""call"", ""strike"": 222.5, ""volume"": 189715, ""open_interest"": 26057, ""volume_prev"": 87398, ""volume_ratio"": 2.2, ""oi_prev"": 11639, ""oi_change"": 14418, ""oi_change_pct"": 123.9, ""flow"": ""开仓"", ""vol_oi_ratio"": 7.28, ""premium"": 338641.0, ""iv"": 0.4549, ""delta"": 0.687, ""score"": 92.7}, {""contract_symbol"": ""NVDA260914P00225000"", ""expiration"": ""2026-09-14"", ""dte"": 12, ""type"": ""put"", ""strike"": 225.0, ""volume"": 510, ""open_interest"": 53, ""volume_prev"": 102, ""volume_ratio"": 5.0, ""oi_prev"": 13, ""oi_change"": 40, ""oi_change_pct"": 307.7, ""flow"": ""开仓"", ""vol_oi_ratio"": 9.62, ""premium"": 2767.0, ""iv"": 0.2936, ""delta"": -0.531, ""score"": 76.3}]","[{""contract_symbol"": ""NVDA260902C00222500"", ""expiration"": ""2026-09-02"", ""type"": ""call"", ""strike"": 222.5, ""volume"": 189715, ""volume_prev"": 87398, ""oi"": 26057, ""oi_prev"": 11639, ""oi_change"": 14418, ""last_price"": 1.79, ""iv"": 0.4549, ""delta"": 0.687}, {""contract_symbol"": ""NVDA260902C00220000"", ""expiration"": ""2026-09-02"", ""type"": ""call"", ""strike"": 220.0, ""volume"": 118330, ""volume_prev"": 192884, ""oi"": 29039, ""oi_prev"": 15105, ""oi_change"": 13934, ""last_price"": 3.9, ""iv"": 0.5012, ""delta"": 0.898}, {""contract_symbol"": ""NVDA260904C00220000"", ""expiration"": ""2026-09-04"", ""type"": ""call"", ""strike"": 220.0, ""volume"": 34793, ""volume_prev"": 59110, ""oi"": 37743, ""oi_prev"": 27491, ""oi_change"": 10252, ""last_price"": 5.0, ""iv"": 0.3772, ""delta"": 0.725}, {""contract_symbol"": ""NVDA260904C00222500"", ""expiration"": ""2026-09-04"", ""type"": ""call"", ""strike"": 222.5, ""volume"": 37430, ""volume_prev"": 31848, ""oi"": 35759, ""oi_prev"": 26888, ""oi_change"": 8871, ""last_price"": 3.3, ""iv"": 0.3693, ""delta"": 0.589}, {""contract_symbol"": ""NVDA260904C00225000"", ""expiration"": ""2026-09-04"", ""type"": ""call"", ""strike"": 225.0, ""volume"": 53997, ""volume_prev"": 43244, ""oi"": 46403, ""oi_prev"": 38603, ""oi_change"": 7800, ""last_price"": 2.08, ""iv"": 0.3678, ""delta"": 0.437}]"
2026-09-02,晚报,cboe,224.41000366210938,0.6586743984471843,0.8499983303465087,0.6150195340057119,0.7827318644852101,217.5,215.0,0.6218,0.3256,0.5236410421357349,-0.5226204762638464,0.4634374506610283,69835408.70999978,5949684.649999994,"[{""strike"": 230.0, ""type"": ""call"", ""oi"": 181574}, {""strike"": 225.0, ""type"": ""call"", ""oi"": 153019}, {""strike"": 235.0, ""type"": ""call"", ""oi"": 150477}]","[{""contract_symbol"": ""NVDA260902P00225000"", ""expiration"": ""2026-09-02"", ""dte"": 0, ""type"": ""put"", ""strike"": 225.0, ""volume"": 407918, ""open_interest"": 1466, ""volume_prev"": 6565, ""volume_ratio"": 62.1, ""oi_prev"": 2075, ""oi_change"": -609, ""oi_change_pct"": -29.3, ""flow"": ""平仓"", ""vol_oi_ratio"": 278.25, ""premium"": 356928.0, ""iv"": 0.636, ""delta"": -0.739, ""score"": 255.7}, {""contract_symbol"": ""NVDA260902P00227500"", ""expiration"": ""2026-09-02"", ""dte"": 0, ""type"": ""put"", ""strike"": 227.5, ""volume"": 95112, ""open_interest"": 945, ""volume_prev"": 2734, ""volume_ratio"": 34.8, ""oi_prev"": 1143, ""oi_change"": -198, ""oi_change_pct"": -17.3, ""flow"": ""平仓"", ""vol_oi_ratio"": 100.65, ""premium"": 354292.0, ""iv"": 0.9946, ""delta"": -0.981, ""score"": 255.6}, {""contract_symbol"": ""NVDA260902P00235000"", ""expiration"": ""2026-09-02"", ""dte"": 0, ""type"": ""put"", ""strike"": 235.0, ""volume"": 9441, ""open_interest"": 1, ""volume_prev"": 792, ""volume_ratio"": 11.9, ""oi_prev"": 71, ""oi_change"": -70, ""oi_change_pct"": -98.6, ""flow"": ""平仓"", ""vol_oi_ratio"": 9441.0, ""premium"": 106683.0, ""iv"": 2.7482, ""delta"": -0.998, ""score"": 231.6}, {""contract_symbol"": ""NVDA260902P00232500"", ""expiration"": ""2026-09-02"", ""dte"": 0, ""type"": ""put"", ""strike"": 232.5, ""volume"": 11357, ""open_interest"": 5, ""volume_prev"": 167, ""volume_ratio"": 68.0, ""oi_prev"": 47, ""oi_change"": -42, ""oi_change_pct"": -89.4, ""flow"": ""平仓"", ""vol_oi_ratio"": 2271.4, ""premium"": 92276.0, ""iv"": 2.1937, ""delta"": -0.998, ""score"": 228.7}, {""contract_symbol"": ""NVDA260902P00230000"", ""expiration"": ""2026-09-02"", ""dte"": 0, ""type"": ""put"", ""strike"": 230.0, ""volume"": 15097, ""open_interest"": 153, ""volume_prev"": 2620, ""volume_ratio"": 5.8, ""oi_prev"": 913, ""oi_change"": -760, ""oi_change_pct"": -83.2, ""flow"": ""平仓"", ""vol_oi_ratio"": 98.67, ""premium"": 84543.0, ""iv"": 1.6134, ""delta"": -0.997, ""score"": 226.9}]","[{""contract_symbol"": ""NVDA260902C00222500"", ""expiration"": ""2026-09-02"", ""type"": ""call"", ""strike"": 222.5, ""volume"": 259605, ""volume_prev"": 87398, ""oi"": 26057, ""oi_prev"": 11639, ""oi_change"": 14418, ""last_price"": 1.81, ""iv"": 0.5609, ""delta"": 0.932}, {""contract_symbol"": ""NVDA260902C00220000"", ""expiration"": ""2026-09-02"", ""type"": ""call"", ""strike"": 220.0, ""volume"": 138074, ""volume_prev"": 192884, ""oi"": 29039, ""oi_prev"": 15105, ""oi_change"": 13934, ""last_price"": 4.35, ""iv"": 0.0, ""delta"": 0.994}, {""contract_symbol"": ""NVDA260904C00220000"", ""expiration"": ""2026-09-04"", ""type"": ""call"", ""strike"": 220.0, ""volume"": 51531, ""volume_prev"": 59110, ""oi"": 37743, ""oi_prev"": 27491, ""oi_change"": 10252, ""last_price"": 5.4, ""iv"": 0.3725, ""delta"": 0.767}, {""contract_symbol"": ""NVDA260904C00222500"", ""expiration"": ""2026-09-04"", ""type"": ""call"", ""strike"": 222.5, ""volume"": 56860, ""volume_prev"": 31848, ""oi"": 35759, ""oi_prev"": 26888, ""oi_change"": 8871, ""last_price"": 3.54, ""iv"": 0.3659, ""delta"": 0.632}, {""contract_symbol"": ""NVDA260904C00225000"", ""expiration"": ""2026-09-04"", ""type"": ""call"", ""strike"": 225.0, ""volume"": 130734, ""volume_prev"": 43244, ""oi"": 46403, ""oi_prev"": 38603, ""oi_change"": 7800, ""last_price"": 2.13, ""iv"": 0.3562, ""delta"": 0.472}]"
2026-09-03,早报,cboe,228.2271,0.4459712734279208,0.860015514052151,0.5057891153665145,0.7848203800709443,220.0,220.0,0.38965000000000005,0.3261,0.8369049146670088,0.5466787774006721,1.8687526590838683,79318518.04,5210536.349999995,"[{""strike"": 230.0, ""type"": ""call"", ""oi"": 206754}, {""strike"": 235.0, ""type"": ""call"", ""oi"": 161825}, {""strike"": 225.0, ""type"": ""call"", ""oi"": 127737}]","[{""contract_symbol"": ""NVDA260909P00240000"", ""expiration"": ""2026-09-09"", ""dte"": 6, ""type"": ""put"", ""strike"": 240.0, ""volume"": 861, ""open_interest"": 53, ""volume_prev"": 206, ""volume_ratio"": 4.2, ""oi_prev"": 10, ""oi_change"": 43, ""oi_change_pct"": 430.0, ""flow"": ""开仓"", ""vol_oi_ratio"": 16.25, ""premium"": 10267.0, ""iv"": 0.2931, ""delta"": -0.905, ""score"": 150.1}, {""contract_symbol"": ""NVDA260925P00125000"", ""expiration"": ""2026-09-25"", ""dte"": 22, ""type"": ""put"", ""strike"": 125.0, ""volume"": 4000, ""open_interest"": 160, ""volume_prev"": 0, ""volume_ratio"": null, ""oi_prev"": 160, ""oi_change"": 0, ""oi_change_pct"": 0.0, ""flow"": ""换手"", ""vol_oi_ratio"": 25.0, ""premium"": 240.0, ""iv"": 0.9496, ""delta"": -0.004, ""score"": 109.7}, {""contract_symbol"": ""NVDA260925P00120000"", ""expiration"": ""2026-09-25"", ""dte"": 22, ""type"": ""put"", ""strike"": 120.0, ""volume"": 3000, ""open_interest"": 60, ""volume_prev"": 0, ""volume_ratio"": null, ""oi_prev"": 60, ""oi_change"": 0, ""oi_change_pct"": 0.0, ""flow"": ""换手"", ""vol_oi_ratio"": 50.0, ""premium"": 180.0, ""iv"": 1.009, ""delta"": -0.003, ""score"": 104.0}, {""contract_symbol"": ""NVDA261009P00125000"", ""expiration"": ""2026-10-09"", ""dte"": 36, ""type"": ""put"", ""strike"": 125.0, ""volume"": 1000, ""open_interest"": 50, ""volume_prev"": 50, ""volume_ratio"": 20.0, ""oi_prev"": 0, ""oi_change"": 50, ""oi_change_pct"": null, ""flow"": ""开仓"", ""vol_oi_ratio"": 20.0, ""premium"": 120.0, ""iv"": 0.8079, ""delta"": -0.006, ""score"": 95.9}, {""contract_symbol"": ""NVDA261002P00120000"", ""expiration"": ""2026-10-02"", ""dte"": 29, ""type"": ""put"", ""strike"": 120.0, ""volume"": 1500, ""open_interest"": 32, ""volume_prev"": 1, ""volume_ratio"": 1500.0, ""oi_prev"": 31, ""oi_change"": 1, ""oi_change_pct"": 3.2, ""flow"": ""开仓"", ""vol_oi_ratio"": 46.88, ""premium"": 112.0, ""iv"": 0.9029, ""delta"": -0.004, ""score"": 94.6}]","[{""contract_symbol"": ""NVDA260904C00230000"", ""expiration"": ""2026-09-04"", ""type"": ""call"", ""strike"": 230.0, ""volume"": 148278, ""volume_prev"": 174456, ""oi"": 74771, ""oi_prev"": 56685, ""oi_change"": 18086, ""last_price"": 1.36, ""iv"": 0.3874, ""delta"": 0.385}, {""contract_symbol"": ""NVDA260911C00227500"", ""expiration"": ""2026-09-11"", ""type"": ""call"", ""strike"": 227.5, ""volume"": 2530, ""volume_prev"": 25709, ""oi"": 19313, ""oi_prev"": 4078, ""oi_change"": 15235, ""last_price"": 4.79, ""iv"": 0.3136, ""delta"": 0.543}, {""contract_symbol"": ""NVDA260911C00235000"", ""expiration"": ""2026-09-11"", ""type"": ""call"", ""strike"": 235.0, ""volume"": 2301, ""volume_prev"": 30462, ""oi"": 22916, ""oi_prev"": 10795, ""oi_change"": 12121, ""last_price"": 1.79, ""iv"": 0.3114, ""delta"": 0.279}, {""contract_symbol"": ""NVDA260904P00220000"", ""expiration"": ""2026-09-04"", ""type"": ""put"", ""strike"": 220.0, ""volume"": 14005, ""volume_prev"": 87617, ""oi"": 25226, ""oi_prev"": 14078, ""oi_change"": 11148, ""last_price"": 0.18, ""iv"": 0.4297, ""delta"": -0.075}, {""contract_symbol"": ""NVDA260911C00237500"", ""expiration"": ""2026-09-11"", ""type"": ""call"", ""strike"": 237.5, ""volume"": 1628, ""volume_prev"": 14064, ""oi"": 12783, ""oi_prev"": 2051, ""oi_change"": 10732, ""last_price"": 1.22, ""iv"": 0.3107, ""delta"": 0.208}]"
2026-09-03,晚报,cboe,228.4499969482422,0.5950337949489953,0.860015514052151,0.5731441583395293,0.7848203800709443,220.0,220.0,0.35245,0.32865,0.9324726911618669,-0.39554157594617334,1.5276866039051413,80137278.97000001,5362858.979999991,"[{""strike"": 230.0, ""type"": ""call"", ""oi"": 206754}, {""strike"": 235.0, ""type"": ""call"", ""oi"": 161825}, {""strike"": 225.0, ""type"": ""call"", ""oi"": 127737}]","[{""contract_symbol"": ""NVDA260904P00227500"", ""expiration"": ""2026-09-04"", ""dte"": 1, ""type"": ""put"", ""strike"": 227.5, ""volume"": 149189, ""open_interest"": 7782, ""volume_prev"": 19199, ""volume_ratio"": 7.8, ""oi_prev"": 3001, ""oi_change"": 4781, ""oi_change_pct"": 159.3, ""flow"": ""开仓"", ""vol_oi_ratio"": 19.17, ""premium"": 182757.0, ""iv"": 0.3515, ""delta"": -0.398, ""score"": 232.3}, {""contract_symbol"": ""NVDA260909P00235000"", ""expiration"": ""2026-09-09"", ""dte"": 6, ""type"": ""put"", ""strike"": 235.0, ""volume"": 1698, ""open_interest"": 84, ""volume_prev"": 424, ""volume_ratio"": 4.0, ""oi_prev"": 38, ""oi_change"": 46, ""oi_change_pct"": 121.1, ""flow"": ""开仓"", ""vol_oi_ratio"": 20.21, ""premium"": 12608.0, ""iv"": 0.2685, ""delta"": -0.777, ""score"": 188.8}, {""contract_symbol"": ""NVDA260909P00230000"", ""expiration"": ""2026-09-09"", ""dte"": 6, ""type"": ""put"", ""strike"": 230.0, ""volume"": 7119, ""open_interest"": 392, ""volume_prev"": 787, ""volume_ratio"": 9.0, ""oi_prev"": 200, ""oi_change"": 192, ""oi_change_pct"": 96.0, ""flow"": ""开仓"", ""vol_oi_ratio"": 18.16, ""premium"": 28298.0, ""iv"": 0.2713, ""delta"": -0.562, ""score"": 186.2}, {""contract_symbol"": ""NVDA260909P00240000"", ""expiration"": ""2026-09-09"", ""dte"": 6, ""type"": ""put"", ""strike"": 240.0, ""volume"": 1029, ""open_interest"": 53, ""volume_prev"": 206, ""volume_ratio"": 5.0, ""oi_prev"": 10, ""oi_change"": 43, ""oi_change_pct"": 430.0, ""flow"": ""开仓"", ""vol_oi_ratio"": 19.42, ""premium"": 12065.0, ""iv"": 0.277, ""delta"": -0.91, ""score"": 182.5}, {""contract_symbol"": ""NVDA260911C00247500"", ""expiration"": ""2026-09-11"", ""dte"": 8, ""type"": ""call"", ""strike"": 247.5, ""volume"": 7590, ""open_interest"": 316, ""volume_prev"": 369, ""volume_ratio"": 20.6, ""oi_prev"": 204, ""oi_change"": 112, ""oi_change_pct"": 54.9, ""flow"": ""开仓"", ""vol_oi_ratio"": 24.02, ""premium"": 1784.0, ""iv"": 0.3281, ""delta"": 0.053, ""score"": 149.7}]","[{""contract_symbol"": ""NVDA260904C00230000"", ""expiration"": ""2026-09-04"", ""type"": ""call"", ""strike"": 230.0, ""volume"": 515512, ""volume_prev"": 174456, ""oi"": 74771, ""oi_prev"": 56685, ""oi_change"": 18086, ""last_price"": 1.08, ""iv"": 0.3527, ""delta"": 0.376}, {""contract_symbol"": ""NVDA260911C00227500"", ""expiration"": ""2026-09-11"", ""type"": ""call"", ""strike"": 227.5, ""volume"": 12118, ""volume_prev"": 25709, ""oi"": 19313, ""oi_prev"": 4078, ""oi_change"": 15235, ""last_price"": 4.75, ""iv"": 0.3126, ""delta"": 0.551}, {""contract_symbol"": ""NVDA260911C00235000"", ""expiration"": ""2026-09-11"", ""type"": ""call"", ""strike"": 235.0, ""volume"": 24780, ""volume_prev"": 30462, ""oi"": 22916, ""oi_prev"": 10795, ""oi_change"": 12121, ""last_price"": 1.72, ""iv"": 0.3072, ""delta"": 0.279}, {""contract_symbol"": ""NVDA260904P00220000"", ""expiration"": ""2026-09-04"", ""type"": ""put"", ""strike"": 220.0, ""volume"": 64647, ""volume_prev"": 87617, ""oi"": 25226, ""oi_prev"": 14078, ""oi_change"": 11148, ""last_price"": 0.08, ""iv"": 0.4197, ""delta"": -0.054}, {""contract_symbol"": ""NVDA260911C00237500"", ""expiration"": ""2026-09-11"", ""type"": ""call"", ""strike"": 237.5, ""volume"": 10808, ""volume_prev"": 14064, ""oi"": 12783, ""oi_prev"": 2051, ""oi_change"": 10732, ""last_price"": 1.17, ""iv"": 0.3083, ""delta"": 0.208}]"
2026-09-04,早报,cboe,233.9919,0.2859824176786135,1.1224890302978934,0.332509137239447,0.8551828989511184,220.0,220.0,0.5085,0.3362,0.6611602753195674,-2.752784118655305,1.1667070526800287,108041219.34000002,6031600.959999989,"[{""strike"": 230.0, ""type"": ""call"", ""oi"": 211991}, {""strike"": 240.0, ""type"": ""call"", ""oi"": 204888}, {""strike"": 235.0, ""type"": ""call"", ""oi"": 192114}]","[{""contract_symbol"": ""NVDA261002P00235000"", ""expiration"": ""2026-10-02"", ""dte"": 28, ""type"": ""put"", ""strike"": 235.0, ""volume"": 5416, ""open_interest"": 105, ""volume_prev"": 132, ""volume_ratio"": 41.0, ""oi_prev"": 79, ""oi_change"": 26, ""oi_change_pct"": 32.9, ""flow"": ""开仓"", ""vol_oi_ratio"": 51.58, ""premium"": 49286.0, ""iv"": 0.3351, ""delta"": -0.497, ""score"": 216.1}, {""contract_symbol"": ""NVDA260909P00232500"", ""expiration"": ""2026-09-09"", ""dte"": 5, ""type"": ""put"", ""strike"": 232.5, ""volume"": 8436, ""open_interest"": 226, ""volume_prev"": 640, ""volume_ratio"": 13.2, ""oi_prev"": 89, ""oi_change"": 137, ""oi_change_pct"": 153.9, ""flow"": ""开仓"", ""vol_oi_ratio"": 37.33, ""premium"": 20457.0, ""iv"": 0.2757, ""delta"": -0.42, ""score"": 198.5}, {""contract_symbol"": ""NVDA260904P00240000"", ""expiration"": ""2026-09-04"", ""dte"": 0, ""type"": ""put"", ""strike"": 240.0, ""volume"": 2102, ""open_interest"": 40, ""volume_prev"": 1257, ""volume_ratio"": 1.7, ""oi_prev"": 373, ""oi_change"": -333, ""oi_change_pct"": -89.3, ""flow"": ""平仓"", ""vol_oi_ratio"": 52.55, ""premium"": 13138.0, ""iv"": 0.623, ""delta"": -0.94, ""score"": 189.7}, {""contract_symbol"": ""NVDA260911C00252500"", ""expiration"": ""2026-09-11"", ""dte"": 7, ""type"": ""call"", ""strike"": 252.5, ""volume"": 17937, ""open_interest"": 898, ""volume_prev"": 867, ""volume_ratio"": 20.7, ""oi_prev"": 279, ""oi_change"": 619, ""oi_change_pct"": 221.9, ""flow"": ""开仓"", ""vol_oi_ratio"": 19.97, ""premium"": 5471.0, ""iv"": 0.3496, ""delta"": 0.064, ""score"": 171.9}, {""contract_symbol"": ""NVDA260904P00237500"", ""expiration"": ""2026-09-04"", ""dte"": 0, ""type"": ""put"", ""strike"": 237.5, ""volume"": 659, ""open_interest"": 17, ""volume_prev"": 791, ""volume_ratio"": 0.8, ""oi_prev"": 270, ""oi_change"": -253, ""oi_change_pct"": -93.7, ""flow"": ""平仓"", ""vol_oi_ratio"": 38.76, ""premium"": 2570.0, ""iv"": 0.5372, ""delta"": -0.846, ""score"": 157.0}]","[{""contract_symbol"": ""NVDA260904P00145000"", ""expiration"": ""2026-09-04"", ""type"": ""put"", ""strike"": 145.0, ""volume"": 54757, ""volume_prev"": 54757, ""oi"": 55388, ""oi_prev"": 2035, ""oi_change"": 53353, ""last_price"": 0.01, ""iv"": 5.552, ""delta"": -0.001, ""volume_source"": ""yfinance""}, {""contract_symbol"": ""NVDA260904P00140000"", ""expiration"": ""2026-09-04"", ""type"": ""put"", ""strike"": 140.0, ""volume"": 33126, ""volume_prev"": 33126, ""oi"": 34769, ""oi_prev"": 2702, ""oi_change"": 32067, ""last_price"": 0.01, ""iv"": 5.9355, ""delta"": -0.001, ""volume_source"": ""yfinance""}, {""contract_symbol"": ""NVDA261002C00250000"", ""expiration"": ""2026-10-02"", ""type"": ""call"", ""strike"": 250.0, ""volume"": 6745, ""volume_prev"": 22873, ""oi"": 28489, ""oi_prev"": 11081, ""oi_change"": 17408, ""last_price"": 3.25, ""iv"": 0.3342, ""delta"": 0.261}, {""contract_symbol"": ""NVDA260911C00240000"", ""expiration"": ""2026-09-11"", ""type"": ""call"", ""strike"": 240.0, ""volume"": 8638, ""volume_prev"": 28736, ""oi"": 37503, ""oi_prev"": 20813, ""oi_change"": 16690, ""last_price"": 1.84, ""iv"": 0.3188, ""delta"": 0.291}, {""contract_symbol"": ""NVDA260904P00135000"", ""expiration"": ""2026-09-04"", ""type"": ""put"", ""strike"": 135.0, ""volume"": 1, ""volume_prev"": 16247, ""oi"": 18354, ""oi_prev"": 3251, ""oi_change"": 15103, ""last_price"": 0.01, ""iv"": 6.3321, ""delta"": -0.001}]"
2026-09-04,晚报,cboe,230.36000061035156,0.5048404056086919,1.1224890302978934,0.5346108502409637,0.8551828989511184,220.0,220.0,0.18985,0.33130000000000004,1.7450618909665527,-13.346865388279927,0.17364125670262975,88437182.85000001,9356079.090000007,"[{""strike"": 230.0, ""type"": ""call"", ""oi"": 211991}, {""strike"": 240.0, ""type"": ""call"", ""oi"": 204888}, {""strike"": 235.0, ""type"": ""call"", ""oi"": 192114}]","[{""contract_symbol"": ""NVDA260904P00232500"", ""expiration"": ""2026-09-04"", ""dte"": 0, ""type"": ""put"", ""strike"": 232.5, ""volume"": 238347, ""open_interest"": 6256, ""volume_prev"": 5875, ""volume_ratio"": 40.6, ""oi_prev"": 5797, ""oi_change"": 459, ""oi_change_pct"": 7.9, ""flow"": ""开仓"", ""vol_oi_ratio"": 38.1, ""premium"": 511254.0, ""iv"": 0.7965, ""delta"": -0.99, ""score"": 262.9}, {""contract_symbol"": ""NVDA260909P00232500"", ""expiration"": ""2026-09-09"", ""dte"": 5, ""type"": ""put"", ""strike"": 232.5, ""volume"": 24060, ""open_interest"": 226, ""volume_prev"": 640, ""volume_ratio"": 37.6, ""oi_prev"": 89, ""oi_change"": 137, ""oi_change_pct"": 153.9, ""flow"": ""开仓"", ""vol_oi_ratio"": 106.46, ""premium"": 95037.0, ""iv"": 0.2531, ""delta"": -0.621, ""score"": 229.2}, {""contract_symbol"": ""NVDA260909P00230000"", ""expiration"": ""2026-09-09"", ""dte"": 5, ""type"": ""put"", ""strike"": 230.0, ""volume"": 35698, ""open_interest"": 1454, ""volume_prev"": 7119, ""volume_ratio"": 5.0, ""oi_prev"": 392, ""oi_change"": 1062, ""oi_change_pct"": 270.9, ""flow"": ""开仓"", ""vol_oi_ratio"": 24.55, ""premium"": 91565.0, ""iv"": 0.2572, ""delta"": -0.479, ""score"": 228.5}, {""contract_symbol"": ""NVDA261002P00235000"", ""expiration"": ""2026-10-02"", ""dte"": 28, ""type"": ""put"", ""strike"": 235.0, ""volume"": 6603, ""open_interest"": 105, ""volume_prev"": 132, ""volume_ratio"": 50.0, ""oi_prev"": 79, ""oi_change"": 26, ""oi_change_pct"": 32.9, ""flow"": ""开仓"", ""vol_oi_ratio"": 62.89, ""premium"": 70817.0, ""iv"": 0.3273, ""delta"": -0.568, ""score"": 223.4}, {""contract_symbol"": ""NVDA260904P00240000"", ""expiration"": ""2026-09-04"", ""dte"": 0, ""type"": ""put"", ""strike"": 240.0, ""volume"": 5270, ""open_interest"": 40, ""volume_prev"": 1257, ""volume_ratio"": 4.2, ""oi_prev"": 373, ""oi_change"": -333, ""oi_change_pct"": -89.3, ""flow"": ""平仓"", ""vol_oi_ratio"": 131.75, ""premium"": 51778.0, ""iv"": 2.1018, ""delta"": -0.997, ""score"": 217.1}]","[{""contract_symbol"": ""NVDA260904P00145000"", ""expiration"": ""2026-09-04"", ""type"": ""put"", ""strike"": 145.0, ""volume"": 5, ""volume_prev"": 54757, ""oi"": 55388, ""oi_prev"": 2035, ""oi_change"": 53353, ""last_price"": 0.01, ""iv"": 0.0, ""delta"": -0.0}, {""contract_symbol"": ""NVDA260904P00140000"", ""expiration"": ""2026-09-04"", ""type"": ""put"", ""strike"": 140.0, ""volume"": 33126, ""volume_prev"": 33126, ""oi"": 34769, ""oi_prev"": 2702, ""oi_change"": 32067, ""last_price"": 0.01, ""iv"": 0.0, ""delta"": -0.0, ""volume_source"": ""yfinance""}, {""contract_symbol"": ""NVDA261002C00250000"", ""expiration"": ""2026-10-02"", ""type"": ""call"", ""strike"": 250.0, ""volume"": 9902, ""volume_prev"": 22873, ""oi"": 28489, ""oi_prev"": 11081, ""oi_change"": 17408, ""last_price"": 2.23, ""iv"": 0.3268, ""delta"": 0.202}, {""contract_symbol"": ""NVDA260911C00240000"", ""expiration"": ""2026-09-11"", ""type"": ""call"", ""strike"": 240.0, ""volume"": 28923, ""volume_prev"": 28736, ""oi"": 37503, ""oi_prev"": 20813, ""oi_change"": 16690, ""last_price"": 0.82, ""iv"": 0.3004, ""delta"": 0.164}, {""contract_symbol"": ""NVDA260904P00135000"", ""expiration"": ""2026-09-04"", ""type"": ""put"", ""strike"": 135.0, ""volume"": 1, ""volume_prev"": 16247, ""oi"": 18354, ""oi_prev"": 3251, ""oi_change"": 15103, ""last_price"": 0.01, ""iv"": 0.0, ""delta"": -0.0}]"
2026-09-07,早报,cboe,229.4873,0.8536617447775667,0.9622610141313384,0.5973786693042755,0.7930545201697472,225.0,230.0,0.25775,0.3366,1.3059165858389914,1.6239739555661992,2.414076944562945,96381354.00999995,4965151.159999999,"[{""strike"": 240.0, ""type"": ""call"", ""oi"": 241267}, {""strike"": 230.0, ""type"": ""call"", ""oi"": 177520}, {""strike"": 220.0, ""type"": ""call"", ""oi"": 172951}]","[{""contract_symbol"": ""NVDA260909P00232500"", ""expiration"": ""2026-09-09"", ""dte"": 2, ""type"": ""put"", ""strike"": 232.5, ""volume"": 24060, ""open_interest"": 2303, ""volume_prev"": 24060, ""volume_ratio"": 1.0, ""oi_prev"": 226, ""oi_change"": 2077, ""oi_change_pct"": 919.0, ""flow"": ""开仓"", ""vol_oi_ratio"": 10.45, ""premium"": 95037.0, ""iv"": 0.2553, ""delta"": -0.62, ""score"": 119.7}, {""contract_symbol"": ""NVDA260909P00240000"", ""expiration"": ""2026-09-09"", ""dte"": 2, ""type"": ""put"", ""strike"": 240.0, ""volume"": 1369, ""open_interest"": 145, ""volume_prev"": 1369, ""volume_ratio"": 1.0, ""oi_prev"": 134, ""oi_change"": 11, ""oi_change_pct"": 8.2, ""flow"": ""开仓"", ""vol_oi_ratio"": 9.44, ""premium"": 13690.0, ""iv"": 0.2588, ""delta"": -0.903, ""score"": 89.9}, {""contract_symbol"": ""NVDA260909P00235000"", ""expiration"": ""2026-09-09"", ""dte"": 2, ""type"": ""put"", ""strike"": 235.0, ""volume"": 5206, ""open_interest"": 661, ""volume_prev"": 5206, ""volume_ratio"": 1.0, ""oi_prev"": 263, ""oi_change"": 398, ""oi_change_pct"": 151.3, ""flow"": ""开仓"", ""vol_oi_ratio"": 7.88, ""premium"": 29544.0, ""iv"": 0.2506, ""delta"": -0.746, ""score"": 81.1}, {""contract_symbol"": ""NVDA260909P00230000"", ""expiration"": ""2026-09-09"", ""dte"": 2, ""type"": ""put"", ""strike"": 230.0, ""volume"": 35698, ""open_interest"": 5545, ""volume_prev"": 35698, ""volume_ratio"": 1.0, ""oi_prev"": 1454, ""oi_change"": 4091, ""oi_change_pct"": 281.4, ""flow"": ""开仓"", ""vol_oi_ratio"": 6.44, ""premium"": 91565.0, ""iv"": 0.2587, ""delta"": -0.477, ""score"": 73.6}, {""contract_symbol"": ""NVDA260909C00235000"", ""expiration"": ""2026-09-09"", ""dte"": 2, ""type"": ""call"", ""strike"": 235.0, ""volume"": 88502, ""open_interest"": 19009, ""volume_prev"": 88502, ""volume_ratio"": 1.0, ""oi_prev"": 9213, ""oi_change"": 9796, ""oi_change_pct"": 106.3, ""flow"": ""开仓"", ""vol_oi_ratio"": 4.66, ""premium"": 93370.0, ""iv"": 0.2537, ""delta"": 0.258, ""score"": 53.3}]","[{""contract_symbol"": ""NVDA260909P00135000"", ""expiration"": ""2026-09-09"", ""type"": ""put"", ""strike"": 135.0, ""volume"": 50308, ""volume_prev"": 50308, ""oi"": 49333, ""oi_prev"": 33, ""oi_change"": 49300, ""last_price"": 0.01, ""iv"": 1.4236, ""delta"": -0.001}, {""contract_symbol"": ""NVDA260911C00260000"", ""expiration"": ""2026-09-11"", ""type"": ""call"", ""strike"": 260.0, ""volume"": 30131, ""volume_prev"": 30131, ""oi"": 32771, ""oi_prev"": 5582, ""oi_change"": 27189, ""last_price"": 0.09, ""iv"": 0.4152, ""delta"": 0.018}, {""contract_symbol"": ""NVDA260911C00232500"", ""expiration"": ""2026-09-11"", ""type"": ""call"", ""strike"": 232.5, ""volume"": 47989, ""volume_prev"": 47989, ""oi"": 45091, ""oi_prev"": 25020, ""oi_change"": 20071, ""last_price"": 2.82, ""iv"": 0.2999, ""delta"": 0.416}, {""contract_symbol"": ""NVDA260911C00237500"", ""expiration"": ""2026-09-11"", ""type"": ""call"", ""strike"": 237.5, ""volume"": 36385, ""volume_prev"": 36385, ""oi"": 35730, ""oi_prev"": 16632, ""oi_change"": 19098, ""last_price"": 1.26, ""iv"": 0.2977, ""delta"": 0.233}, {""contract_symbol"": ""NVDA260911C00252500"", ""expiration"": ""2026-09-11"", ""type"": ""call"", ""strike"": 252.5, ""volume"": 43936, ""volume_prev"": 43936, ""oi"": 18423, ""oi_prev"": 898, ""oi_change"": 17525, ""last_price"": 0.16, ""iv"": 0.3633, ""delta"": 0.035}]"
2026-09-07,晚报,cboe,230.36000061035156,0.8536617447775667,0.9622610141313384,0.5973786693042755,0.7930545201697472,225.0,230.0,0.25775,0.3366,1.3059165858389914,1.6239739555661992,2.4049314053314217,96381354.00999995,4965151.159999999,"[{""strike"": 240.0, ""type"": ""call"", ""oi"": 241267}, {""strike"": 230.0, ""type"": ""call"", ""oi"": 177520}, {""strike"": 220.0, ""type"": ""call"", ""oi"": 172951}]","[{""contract_symbol"": ""NVDA260909P00232500"", ""expiration"": ""2026-09-09"", ""dte"": 2, ""type"": ""put"", ""strike"": 232.5, ""volume"": 24060, ""open_interest"": 2303, ""volume_prev"": 24060, ""volume_ratio"": 1.0, ""oi_prev"": 226, ""oi_change"": 2077, ""oi_change_pct"": 919.0, ""flow"": ""开仓"", ""vol_oi_ratio"": 10.45, ""premium"": 95037.0, ""iv"": 0.2553, ""delta"": -0.62, ""score"": 119.7}, {""contract_symbol"": ""NVDA260909P00240000"", ""expiration"": ""2026-09-09"", ""dte"": 2, ""type"": ""put"", ""strike"": 240.0, ""volume"": 1369, ""open_interest"": 145, ""volume_prev"": 1369, ""volume_ratio"": 1.0, ""oi_prev"": 134, ""oi_change"": 11, ""oi_change_pct"": 8.2, ""flow"": ""开仓"", ""vol_oi_ratio"": 9.44, ""premium"": 13690.0, ""iv"": 0.2588, ""delta"": -0.903, ""score"": 89.9}, {""contract_symbol"": ""NVDA260909P00235000"", ""expiration"": ""2026-09-09"", ""dte"": 2, ""type"": ""put"", ""strike"": 235.0, ""volume"": 5206, ""open_interest"": 661, ""volume_prev"": 5206, ""volume_ratio"": 1.0, ""oi_prev"": 263, ""oi_change"": 398, ""oi_change_pct"": 151.3, ""flow"": ""开仓"", ""vol_oi_ratio"": 7.88, ""premium"": 29544.0, ""iv"": 0.2506, ""delta"": -0.746, ""score"": 81.1}, {""contract_symbol"": ""NVDA260909P00230000"", ""expiration"": ""2026-09-09"", ""dte"": 2, ""type"": ""put"", ""strike"": 230.0, ""volume"": 35698, ""open_interest"": 5545, ""volume_prev"": 35698, ""volume_ratio"": 1.0, ""oi_prev"": 1454, ""oi_change"": 4091, ""oi_change_pct"": 281.4, ""flow"": ""开仓"", ""vol_oi_ratio"": 6.44, ""premium"": 91565.0, ""iv"": 0.2587, ""delta"": -0.477, ""score"": 73.6}, {""contract_symbol"": ""NVDA260909C00235000"", ""expiration"": ""2026-09-09"", ""dte"": 2, ""type"": ""call"", ""strike"": 235.0, ""volume"": 88502, ""open_interest"": 19009, ""volume_prev"": 88502, ""volume_ratio"": 1.0, ""oi_prev"": 9213, ""oi_change"": 9796, ""oi_change_pct"": 106.3, ""flow"": ""开仓"", ""vol_oi_ratio"": 4.66, ""premium"": 93370.0, ""iv"": 0.2537, ""delta"": 0.258, ""score"": 53.3}]","[{""contract_symbol"": ""NVDA260909P00135000"", ""expiration"": ""2026-09-09"", ""type"": ""put"", ""strike"": 135.0, ""volume"": 50308, ""volume_prev"": 50308, ""oi"": 49333, ""oi_prev"": 33, ""oi_change"": 49300, ""last_price"": 0.01, ""iv"": 1.4236, ""delta"": -0.001}, {""contract_symbol"": ""NVDA260911C00260000"", ""expiration"": ""2026-09-11"", ""type"": ""call"", ""strike"": 260.0, ""volume"": 30131, ""volume_prev"": 30131, ""oi"": 32771, ""oi_prev"": 5582, ""oi_change"": 27189, ""last_price"": 0.09, ""iv"": 0.4152, ""delta"": 0.018}, {""contract_symbol"": ""NVDA260911C00232500"", ""expiration"": ""2026-09-11"", ""type"": ""call"", ""strike"": 232.5, ""volume"": 47989, ""volume_prev"": 47989, ""oi"": 45091, ""oi_prev"": 25020, ""oi_change"": 20071, ""last_price"": 2.82, ""iv"": 0.2999, ""delta"": 0.416}, {""contract_symbol"": ""NVDA260911C00237500"", ""expiration"": ""2026-09-11"", ""type"": ""call"", ""strike"": 237.5, ""volume"": 36385, ""volume_prev"": 36385, ""oi"": 35730, ""oi_prev"": 16632, ""oi_change"": 19098, ""last_price"": 1.26, ""iv"": 0.2977, ""delta"": 0.233}, {""contract_symbol"": ""NVDA260911C00252500"", ""expiration"": ""2026-09-11"", ""type"": ""call"", ""strike"": 252.5, ""volume"": 43936, ""volume_prev"": 43936, ""oi"": 18423, ""oi_prev"": 898, ""oi_change"": 17525, ""last_price"": 0.16, ""iv"": 0.3633, ""delta"": 0.035}]"
2026-09-08,早报,cboe,232.5471,0.8536617447775667,0.9622610141313384,0.5973786693042755,0.7930545201697472,225.0,230.0,0.25385,0.33325,1.3127831396493992,1.437773833129169,2.4876680896042136,96289732.49000017,4964833.86,"[{""strike"": 240.0, ""type"": ""call"", ""oi"": 241267}, {""strike"": 230.0, ""type"": ""call"", ""oi"": 177520}, {""strike"": 235.0, ""type"": ""call"", ""oi"": 147937}]","[{""contract_symbol"": ""NVDA260909P00232500"", ""expiration"": ""2026-09-09"", ""dte"": 1, ""type"": ""put"", ""strike"": 232.5, ""volume"": 24060, ""open_interest"": 2303, ""volume_prev"": 24060, ""volume_ratio"": 1.0, ""oi_prev"": 2303, ""oi_change"": 0, ""oi_change_pct"": 0.0, ""flow"": ""换手"", ""vol_oi_ratio"": 10.45, ""premium"": 95037.0, ""iv"": 0.2531, ""delta"": -0.621, ""score"": 119.7}, {""contract_symbol"": ""NVDA260909P00240000"", ""expiration"": ""2026-09-09"", ""dte"": 1, ""type"": ""put"", ""strike"": 240.0, ""volume"": 1369, ""open_interest"": 145, ""volume_prev"": 1369, ""volume_ratio"": 1.0, ""oi_prev"": 145, ""oi_change"": 0, ""oi_change_pct"": 0.0, ""flow"": ""换手"", ""vol_oi_ratio"": 9.44, ""premium"": 13690.0, ""iv"": 0.251, ""delta"": -0.904, ""score"": 89.9}, {""contract_symbol"": ""NVDA260909P00235000"", ""expiration"": ""2026-09-09"", ""dte"": 1, ""type"": ""put"", ""strike"": 235.0, ""volume"": 5206, ""open_interest"": 661, ""volume_prev"": 5206, ""volume_ratio"": 1.0, ""oi_prev"": 661, ""oi_change"": 0, ""oi_change_pct"": 0.0, ""flow"": ""换手"", ""vol_oi_ratio"": 7.88, ""premium"": 29544.0, ""iv"": 0.2475, ""delta"": -0.747, ""score"": 81.1}, {""contract_symbol"": ""NVDA260909P00230000"", ""expiration"": ""2026-09-09"", ""dte"": 1, ""type"": ""put"", ""strike"": 230.0, ""volume"": 35698, ""open_interest"": 5545, ""volume_prev"": 35698, ""volume_ratio"": 1.0, ""oi_prev"": 5545, ""oi_change"": 0, ""oi_change_pct"": 0.0, ""flow"": ""换手"", ""vol_oi_ratio"": 6.44, ""premium"": 91565.0, ""iv"": 0.2572, ""delta"": -0.479, ""score"": 73.6}, {""contract_symbol"": ""NVDA260909C00235000"", ""expiration"": ""2026-09-09"", ""dte"": 1, ""type"": ""call"", ""strike"": 235.0, ""volume"": 88502, ""open_interest"": 19009, ""volume_prev"": 88502, ""volume_ratio"": 1.0, ""oi_prev"": 19009, ""oi_change"": 0, ""oi_change_pct"": 0.0, ""flow"": ""换手"", ""vol_oi_ratio"": 4.66, ""premium"": 93370.0, ""iv"": 0.2547, ""delta"": 0.257, ""score"": 53.3}]",[]
2026-09-08,晚报,cboe,225.72999572753906,0.6632726580034441,0.9622610141313384,0.570690443562067,0.7930545201697472,225.0,230.0,0.35409999999999997,0.34104999999999996,0.9631460039536853,0.6441694897715677,1.508439314423196,75155673.60999995,5007518.990000001,"[{""strike"": 230.0, ""type"": ""call"", ""oi"": 177520}, {""strike"": 220.0, ""type"": ""call"", ""oi"": 172951}, {""strike"": 235.0, ""type"": ""call"", ""oi"": 147937}]","[{""contract_symbol"": ""NVDA260909C00227500"", ""expiration"": ""2026-09-09"", ""dte"": 1, ""type"": ""call"", ""strike"": 227.5, ""volume"": 123814, ""open_interest"": 5522, ""volume_prev"": 5832, ""volume_ratio"": 21.2, ""oi_prev"": 5522, ""oi_change"": 0, ""oi_change_pct"": 0.0, ""flow"": ""换手"", ""vol_oi_ratio"": 22.42, ""premium"": 117623.0, ""iv"": 0.3486, ""delta"": 0.344, ""score"": 233.5}, {""contract_symbol"": ""NVDA260909P00227500"", ""expiration"": ""2026-09-09"", ""dte"": 1, ""type"": ""put"", ""strike"": 227.5, ""volume"": 81419, ""open_interest"": 4679, ""volume_prev"": 17531, ""volume_ratio"": 4.6, ""oi_prev"": 4679, ""oi_change"": 0, ""oi_change_pct"": 0.0, ""flow"": ""换手"", ""vol_oi_ratio"": 17.4, ""premium"": 212911.0, ""iv"": 0.3385, ""delta"": -0.656, ""score"": 213.5}, {""contract_symbol"": ""NVDA260914P00240000"", ""expiration"": ""2026-09-14"", ""dte"": 6, ""type"": ""put"", ""strike"": 240.0, ""volume"": 2786, ""open_interest"": 73, ""volume_prev"": 113, ""volume_ratio"": 24.7, ""oi_prev"": 73, ""oi_change"": 0, ""oi_change_pct"": 0.0, ""flow"": ""换手"", ""vol_oi_ratio"": 38.16, ""premium"": 40815.0, ""iv"": 0.3074, ""delta"": -0.933, ""score"": 212.3}, {""contract_symbol"": ""NVDA260911P00242500"", ""expiration"": ""2026-09-11"", ""dte"": 3, ""type"": ""put"", ""strike"": 242.5, ""volume"": 1396, ""open_interest"": 70, ""volume_prev"": 209, ""volume_ratio"": 6.7, ""oi_prev"": 70, ""oi_change"": 0, ""oi_change_pct"": 0.0, ""flow"": ""换手"", ""vol_oi_ratio"": 19.94, ""premium"": 24046.0, ""iv"": 0.525, ""delta"": -0.968, ""score"": 201.2}, {""contract_symbol"": ""NVDA260909P00225000"", ""expiration"": ""2026-09-09"", ""dte"": 1, ""type"": ""put"", ""strike"": 225.0, ""volume"": 120604, ""open_interest"": 8372, ""volume_prev"": 20988, ""volume_ratio"": 5.7, ""oi_prev"": 8372, ""oi_change"": 0, ""oi_change_pct"": 0.0, ""flow"": ""换手"", ""vol_oi_ratio"": 14.41, ""premium"": 155579.0, ""iv"": 0.3499, ""delta"": -0.423, ""score"": 172.2}]",[]
2026-09-09,早报,cboe,225.35,0.6632726580034441,0.7630587410187347,0.570690443562067,0.7577652690864588,225.0,230.0,0.35175,0.34115,0.9698649609097371,1.2118205146698535,1.5109829154648327,78229015.57,6092261.649999996,"[{""strike"": 230.0, ""type"": ""call"", ""oi"": 225411}, {""strike"": 235.0, ""type"": ""call"", ""oi"": 209210}, {""strike"": 220.0, ""type"": ""call"", ""oi"": 172702}]","[{""contract_symbol"": ""NVDA260909P00245000"", ""expiration"": ""2026-09-09"", ""dte"": 0, ""type"": ""put"", ""strike"": 245.0, ""volume"": 751, ""open_interest"": 3, ""volume_prev"": 751, ""volume_ratio"": 1.0, ""oi_prev"": 52, ""oi_change"": -49, ""oi_change_pct"": -94.2, ""flow"": ""平仓"", ""vol_oi_ratio"": 250.33, ""premium"": 14419.0, ""iv"": null, ""delta"": -0.995, ""score"": 191.5}, {""contract_symbol"": ""NVDA260909P00227500"", ""expiration"": ""2026-09-09"", ""dte"": 0, ""type"": ""put"", ""strike"": 227.5, ""volume"": 81419, ""open_interest"": 6120, ""volume_prev"": 81419, ""volume_ratio"": 1.0, ""oi_prev"": 4679, ""oi_change"": 1441, ""oi_change_pct"": 30.8, ""flow"": ""开仓"", ""vol_oi_ratio"": 13.3, ""premium"": 212911.0, ""iv"": 0.3451, ""delta"": -0.653, ""score"": 163.2}, {""contract_symbol"": ""NVDA260911P00242500"", ""expiration"": ""2026-09-11"", ""dte"": 2, ""type"": ""put"", ""strike"": 242.5, ""volume"": 1396, ""open_interest"": 109, ""volume_prev"": 1396, ""volume_ratio"": 1.0, ""oi_prev"": 70, ""oi_change"": 39, ""oi_change_pct"": 55.7, ""flow"": ""开仓"", ""vol_oi_ratio"": 12.81, ""premium"": 24046.0, ""iv"": 0.531, ""delta"": -0.968, ""score"": 129.2}, {""contract_symbol"": ""NVDA260909P00235000"", ""expiration"": ""2026-09-09"", ""dte"": 0, ""type"": ""put"", ""strike"": 235.0, ""volume"": 8619, ""open_interest"": 811, ""volume_prev"": 8619, ""volume_ratio"": 1.0, ""oi_prev"": 661, ""oi_change"": 150, ""oi_change_pct"": 22.7, ""flow"": ""开仓"", ""vol_oi_ratio"": 10.63, ""premium"": 79726.0, ""iv"": 0.3998, ""delta"": -0.96, ""score"": 119.9}, {""contract_symbol"": ""NVDA260914P00235000"", ""expiration"": ""2026-09-14"", ""dte"": 5, ""type"": ""put"", ""strike"": 235.0, ""volume"": 3055, ""open_interest"": 268, ""volume_prev"": 3055, ""volume_ratio"": 1.0, ""oi_prev"": 194, ""oi_change"": 74, ""oi_change_pct"": 38.1, ""flow"": ""开仓"", ""vol_oi_ratio"": 11.4, ""premium"": 30856.0, ""iv"": 0.3156, ""delta"": -0.839, ""score"": 117.8}]","[{""contract_symbol"": ""NVDA260911C00235000"", ""expiration"": ""2026-09-11"", ""type"": ""call"", ""strike"": 235.0, ""volume"": 54222, ""volume_prev"": 54222, ""oi"": 57012, ""oi_prev"": 32767, ""oi_change"": 24245, ""last_price"": 0.48, ""iv"": 0.3794, ""delta"": 0.126}, {""contract_symbol"": ""NVDA260911C00227500"", ""expiration"": ""2026-09-11"", ""type"": ""call"", ""strike"": 227.5, ""volume"": 54493, ""volume_prev"": 54493, ""oi"": 47467, ""oi_prev"": 24169, ""oi_change"": 23298, ""last_price"": 2.19, ""iv"": 0.3659, ""delta"": 0.412}, {""contract_symbol"": ""NVDA260909C00230000"", ""expiration"": ""2026-09-09"", ""type"": ""call"", ""strike"": 230.0, ""volume"": 164032, ""volume_prev"": 164032, ""oi"": 39880, ""oi_prev"": 16990, ""oi_change"": 22890, ""last_price"": 0.38, ""iv"": 0.356, ""delta"": 0.172}, {""contract_symbol"": ""NVDA260909C00235000"", ""expiration"": ""2026-09-09"", ""type"": ""call"", ""strike"": 235.0, ""volume"": 111873, ""volume_prev"": 111873, ""oi"": 37014, ""oi_prev"": 19009, ""oi_change"": 18005, ""last_price"": 0.09, ""iv"": 0.4406, ""delta"": 0.044}, {""contract_symbol"": ""NVDA260911C00315000"", ""expiration"": ""2026-09-11"", ""type"": ""call"", ""strike"": 315.0, ""volume"": 15083, ""volume_prev"": 15083, ""oi"": 15142, ""oi_prev"": 111, ""oi_change"": 15031, ""last_price"": 0.01, ""iv"": 1.1503, ""delta"": 0.0}]"
2026-09-09,晚报,cboe,223.6699981689453,0.5839598135182095,0.7630587410187347,0.552370881296377,0.7577652690864588,225.0,230.0,0.40085000000000004,0.3399,0.8479481102656853,-3.434696261682241,0.5633299102762456,65400066.470000006,5600969.560000011,"[{""strike"": 230.0, ""type"": ""call"", ""oi"": 225411}, {""strike"": 220.0, ""type"": ""call"", ""oi"": 172702}, {""strike"": 220.0, ""type"": ""put"", ""oi"": 152233}]","[{""contract_symbol"": ""NVDA260909C00222500"", ""expiration"": ""2026-09-09"", ""dte"": 0, ""type"": ""call"", ""strike"": 222.5, ""volume"": 35348, ""open_interest"": 1459, ""volume_prev"": 3623, ""volume_ratio"": 9.8, ""oi_prev"": 1432, ""oi_change"": 27, ""oi_change_pct"": 1.9, ""flow"": ""开仓"", ""vol_oi_ratio"": 24.23, ""premium"": 44362.0, ""iv"": 0.4373, ""delta"": 0.936, ""score"": 214.0}, {""contract_symbol"": ""NVDA260909C00225000"", ""expiration"": ""2026-09-09"", ""dte"": 0, ""type"": ""call"", ""strike"": 225.0, ""volume"": 304382, ""open_interest"": 8472, ""volume_prev"": 38104, ""volume_ratio"": 8.0, ""oi_prev"": 4665, ""oi_change"": 3807, ""oi_change_pct"": 81.6, ""flow"": ""开仓"", ""vol_oi_ratio"": 35.93, ""premium"": 1522.0, ""iv"": 0.3694, ""delta"": 0.08, ""score"": 146.6}, {""contract_symbol"": ""NVDA260909P00222500"", ""expiration"": ""2026-09-09"", ""dte"": 0, ""type"": ""put"", ""strike"": 222.5, ""volume"": 220183, ""open_interest"": 8762, ""volume_prev"": 54829, ""volume_ratio"": 4.0, ""oi_prev"": 4318, ""oi_change"": 4444, ""oi_change_pct"": 102.9, ""flow"": ""开仓"", ""vol_oi_ratio"": 25.13, ""premium"": 1101.0, ""iv"": 0.3644, ""delta"": -0.064, ""score"": 140.1}, {""contract_symbol"": ""NVDA260923C00250000"", ""expiration"": ""2026-09-23"", ""dte"": 14, ""type"": ""call"", ""strike"": 250.0, ""volume"": 1299, ""open_interest"": 67, ""volume_prev"": 74, ""volume_ratio"": 17.6, ""oi_prev"": 0, ""oi_change"": 67, ""oi_change_pct"": null, ""flow"": ""开仓"", ""vol_oi_ratio"": 19.39, ""premium"": 403.0, ""iv"": 0.3386, ""delta"": 0.054, ""score"": 116.3}, {""contract_symbol"": ""NVDA260909C00227500"", ""expiration"": ""2026-09-09"", ""dte"": 0, ""type"": ""call"", ""strike"": 227.5, ""volume"": 225898, ""open_interest"": 15942, ""volume_prev"": 123814, ""volume_ratio"": 1.8, ""oi_prev"": 5522, ""oi_change"": 10420, ""oi_change_pct"": 188.7, ""flow"": ""开仓"", ""vol_oi_ratio"": 14.17, ""premium"": 1129.0, ""iv"": 0.9409, ""delta"": 0.002, ""score"": 99.6}]","[{""contract_symbol"": ""NVDA260911C00235000"", ""expiration"": ""2026-09-11"", ""type"": ""call"", ""strike"": 235.0, ""volume"": 37203, ""volume_prev"": 54222, ""oi"": 57012, ""oi_prev"": 32767, ""oi_change"": 24245, ""last_price"": 0.16, ""iv"": 0.413, ""delta"": 0.056}, {""contract_symbol"": ""NVDA260911C00227500"", ""expiration"": ""2026-09-11"", ""type"": ""call"", ""strike"": 227.5, ""volume"": 45801, ""volume_prev"": 54493, ""oi"": 47467, ""oi_prev"": 24169, ""oi_change"": 23298, ""last_price"": 1.0, ""iv"": 0.3733, ""delta"": 0.272}, {""contract_symbol"": ""NVDA260909C00230000"", ""expiration"": ""2026-09-09"", ""type"": ""call"", ""strike"": 230.0, ""volume"": 97637, ""volume_prev"": 164032, ""oi"": 39880, ""oi_prev"": 16990, ""oi_change"": 22890, ""last_price"": 0.01, ""iv"": 1.466, ""delta"": 0.0}, {""contract_symbol"": ""NVDA260909C00235000"", ""expiration"": ""2026-09-09"", ""type"": ""call"", ""strike"": 235.0, ""volume"": 29832, ""volume_prev"": 111873, ""oi"": 37014, ""oi_prev"": 19009, ""oi_change"": 18005, ""last_price"": 0.01, ""iv"": 2.4478, ""delta"": 0.0}, {""contract_symbol"": ""NVDA260911C00315000"", ""expiration"": ""2026-09-11"", ""type"": ""call"", ""strike"": 315.0, ""volume"": 15083, ""volume_prev"": 15083, ""oi"": 15142, ""oi_prev"": 111, ""oi_change"": 15031, ""last_price"": 0.01, ""iv"": 1.4434, ""delta"": 0.0, ""volume_source"": ""yfinance""}]"
2026-09-10,早报,cboe,222.7201,0.6589067663177527,0.7159551107334783,0.5174029657038309,0.8090865843908857,225.0,225.0,0.376,0.33985,0.9038563829787234,1.2955276679841865,2.2719098994657423,58578097.88999999,5429665.950000001,"[{""strike"": 230.0, ""type"": ""call"", ""oi"": 199301}, {""strike"": 220.0, ""type"": ""call"", ""oi"": 169361}, {""strike"": 220.0, ""type"": ""put"", ""oi"": 147048}]","[{""contract_symbol"": ""NVDA260918C00125000"", ""expiration"": ""2026-09-18"", ""dte"": 8, ""type"": ""call"", ""strike"": 125.0, ""volume"": 5225, ""open_interest"": 185, ""volume_prev"": 5225, ""volume_ratio"": 1.0, ""oi_prev"": 5097, ""oi_change"": -4912, ""oi_change_pct"": -96.4, ""flow"": ""平仓"", ""vol_oi_ratio"": 28.24, ""premium"": 515838.0, ""iv"": null, ""delta"": 1.0, ""score"": 263.1}, {""contract_symbol"": ""NVDA260918C00115000"", ""expiration"": ""2026-09-18"", ""dte"": 8, ""type"": ""call"", ""strike"": 115.0, ""volume"": 2632, ""open_interest"": 76, ""volume_prev"": 2632, ""volume_ratio"": 1.0, ""oi_prev"": 2523, ""oi_change"": -2447, ""oi_change_pct"": -97.0, ""flow"": ""平仓"", ""vol_oi_ratio"": 34.63, ""premium"": 286296.0, ""iv"": 1.8136, ""delta"": 1.0, ""score"": 251.3}, {""contract_symbol"": ""NVDA260918C00110000"", ""expiration"": ""2026-09-18"", ""dte"": 8, ""type"": ""call"", ""strike"": 110.0, ""volume"": 1938, ""open_interest"": 89, ""volume_prev"": 1938, ""volume_ratio"": 1.0, ""oi_prev"": 1510, ""oi_change"": -1421, ""oi_change_pct"": -94.1, ""flow"": ""平仓"", ""vol_oi_ratio"": 21.78, ""premium"": 219382.0, ""iv"": null, ""delta"": 1.0, ""score"": 246.0}, {""contract_symbol"": ""NVDA260918C00105000"", ""expiration"": ""2026-09-18"", ""dte"": 8, ""type"": ""call"", ""strike"": 105.0, ""volume"": 1670, ""open_interest"": 88, ""volume_prev"": 1670, ""volume_ratio"": 1.0, ""oi_prev"": 1269, ""oi_change"": -1181, ""oi_change_pct"": -93.1, ""flow"": ""平仓"", ""vol_oi_ratio"": 18.98, ""premium"": 198438.0, ""iv"": 2.0592, ""delta"": 1.0, ""score"": 231.5}, {""contract_symbol"": ""NVDA260911C00207500"", ""expiration"": ""2026-09-11"", ""dte"": 1, ""type"": ""call"", ""strike"": 207.5, ""volume"": 3848, ""open_interest"": 19, ""volume_prev"": 3848, ""volume_ratio"": 1.0, ""oi_prev"": 690, ""oi_change"": -671, ""oi_change_pct"": -97.2, ""flow"": ""平仓"", ""vol_oi_ratio"": 202.53, ""premium"": 65127.0, ""iv"": null, ""delta"": 0.983, ""score"": 221.7}]","[{""contract_symbol"": ""NVDA260911P00145000"", ""expiration"": ""2026-09-11"", ""type"": ""put"", ""strike"": 145.0, ""volume"": 19298, ""volume_prev"": 19298, ""oi"": 21558, ""oi_prev"": 2489, ""oi_change"": 19069, ""last_price"": 0.01, ""iv"": 1.8457, ""delta"": -0.001}, {""contract_symbol"": ""NVDA260911P00115000"", ""expiration"": ""2026-09-11"", ""type"": ""put"", ""strike"": 115.0, ""volume"": 18407, ""volume_prev"": 18407, ""oi"": 28975, ""oi_prev"": 10569, ""oi_change"": 18406, ""last_price"": 0.01, ""iv"": 2.7674, ""delta"": -0.001}, {""contract_symbol"": ""NVDA260918C00225000"", ""expiration"": ""2026-09-18"", ""type"": ""call"", ""strike"": 225.0, ""volume"": 22516, ""volume_prev"": 22516, ""oi"": 55876, ""oi_prev"": 45590, ""oi_change"": 10286, ""last_price"": 4.25, ""iv"": 0.3418, ""delta"": 0.471}, {""contract_symbol"": ""NVDA260911C00225000"", ""expiration"": ""2026-09-11"", ""type"": ""call"", ""strike"": 225.0, ""volume"": 47797, ""volume_prev"": 47797, ""oi"": 26127, ""oi_prev"": 16900, ""oi_change"": 9227, ""last_price"": 1.83, ""iv"": 0.373, ""delta"": 0.417}, {""contract_symbol"": ""NVDA260911C00237500"", ""expiration"": ""2026-09-11"", ""type"": ""call"", ""strike"": 237.5, ""volume"": 21927, ""volume_prev"": 21927, ""oi"": 54323, ""oi_prev"": 45696, ""oi_change"": 8627, ""last_price"": 0.09, ""iv"": 0.4434, ""delta"": 0.036}]"
2026-09-10,晚报,cboe,218.36000061035156,0.597040876722595,0.7159551107334783,0.6037563998713243,0.8090865843908857,225.0,225.0,0.4063,0.33225,0.817745508245139,2.946739166565704,1.7539842412962674,32630731.039999995,5013560.000000001,"[{""strike"": 220.0, ""type"": ""call"", ""oi"": 169361}, {""strike"": 220.0, ""type"": ""put"", ""oi"": 147048}, {""strike"": 225.0, ""type"": ""call"", ""oi"": 128045}]","[{""contract_symbol"": ""NVDA260914C00220000"", ""expiration"": ""2026-09-14"", ""dte"": 4, ""type"": ""call"", ""strike"": 220.0, ""volume"": 22400, ""open_interest"": 1099, ""volume_prev"": 849, ""volume_ratio"": 26.4, ""oi_prev"": 873, ""oi_change"": 226, ""oi_change_pct"": 25.9, ""flow"": ""开仓"", ""vol_oi_ratio"": 20.38, ""premium"": 42448.0, ""iv"": 0.2787, ""delta"": 0.416, ""score"": 213.1}, {""contract_symbol"": ""NVDA260911C00217500"", ""expiration"": ""2026-09-11"", ""dte"": 1, ""type"": ""call"", ""strike"": 217.5, ""volume"": 47332, ""open_interest"": 2671, ""volume_prev"": 997, ""volume_ratio"": 47.5, ""oi_prev"": 2543, ""oi_change"": 128, ""oi_change_pct"": 5.0, ""flow"": ""开仓"", ""vol_oi_ratio"": 17.72, ""premium"": 113360.0, ""iv"": 0.4056, ""delta"": 0.588, ""score"": 206.2}, {""contract_symbol"": ""NVDA260911C00220000"", ""expiration"": ""2026-09-11"", ""dte"": 1, ""type"": ""call"", ""strike"": 220.0, ""volume"": 172794, ""open_interest"": 10557, ""volume_prev"": 7303, ""volume_ratio"": 23.7, ""oi_prev"": 9786, ""oi_change"": 771, ""oi_change_pct"": 7.9, ""flow"": ""开仓"", ""vol_oi_ratio"": 16.37, ""premium"": 199577.0, ""iv"": 0.3917, ""delta"": 0.375, ""score"": 199.8}, {""contract_symbol"": ""NVDA260911C00222500"", ""expiration"": ""2026-09-11"", ""dte"": 1, ""type"": ""call"", ""strike"": 222.5, ""volume"": 74589, ""open_interest"": 3995, ""volume_prev"": 12389, ""volume_ratio"": 6.0, ""oi_prev"": 2253, ""oi_change"": 1742, ""oi_change_pct"": 77.3, ""flow"": ""开仓"", ""vol_oi_ratio"": 18.67, ""premium"": 34684.0, ""iv"": 0.3881, ""delta"": 0.194, ""score"": 195.2}, {""contract_symbol"": ""NVDA260911C00207500"", ""expiration"": ""2026-09-11"", ""dte"": 1, ""type"": ""call"", ""strike"": 207.5, ""volume"": 633, ""open_interest"": 19, ""volume_prev"": 3848, ""volume_ratio"": 0.2, ""oi_prev"": 690, ""oi_change"": -671, ""oi_change_pct"": -97.2, ""flow"": ""平仓"", ""vol_oi_ratio"": 33.32, ""premium"": 6995.0, ""iv"": 0.5189, ""delta"": 0.961, ""score"": 177.1}]","[{""contract_symbol"": ""NVDA260911P00145000"", ""expiration"": ""2026-09-11"", ""type"": ""put"", ""strike"": 145.0, ""volume"": 552, ""volume_prev"": 19298, ""oi"": 21558, ""oi_prev"": 2489, ""oi_change"": 19069, ""last_price"": 0.01, ""iv"": 2.471, ""delta"": -0.0}, {""contract_symbol"": ""NVDA260911P00115000"", ""expiration"": ""2026-09-11"", ""type"": ""put"", ""strike"": 115.0, ""volume"": 18407, ""volume_prev"": 18407, ""oi"": 28975, ""oi_prev"": 10569, ""oi_change"": 18406, ""last_price"": 0.01, ""iv"": 3.7715, ""delta"": -0.0, ""volume_source"": ""yfinance""}, {""contract_symbol"": ""NVDA260918C00225000"", ""expiration"": ""2026-09-18"", ""type"": ""call"", ""strike"": 225.0, ""volume"": 26996, ""volume_prev"": 22516, ""oi"": 55876, ""oi_prev"": 45590, ""oi_change"": 10286, ""last_price"": 1.91, ""iv"": 0.3342, ""delta"": 0.292}, {""contract_symbol"": ""NVDA260911C00225000"", ""expiration"": ""2026-09-11"", ""type"": ""call"", ""strike"": 225.0, ""volume"": 92649, ""volume_prev"": 47797, ""oi"": 26127, ""oi_prev"": 16900, ""oi_change"": 9227, ""last_price"": 0.18, ""iv"": 0.4052, ""delta"": 0.086}, {""contract_symbol"": ""NVDA260911C00237500"", ""expiration"": ""2026-09-11"", ""type"": ""call"", ""strike"": 237.5, ""volume"": 47804, ""volume_prev"": 21927, ""oi"": 54323, ""oi_prev"": 45696, ""oi_change"": 8627, ""last_price"": 0.02, ""iv"": 0.6325, ""delta"": 0.011}]"
2026-09-11,早报,cboe,219.7761,0.597040876722595,0.7043373031527546,0.6037563998713243,0.7889535097852108,220.0,225.0,0.39485000000000003,0.33225,0.8414587818158793,2.6665747252747227,1.754057879814957,40464972.03999999,5981731.339999997,"[{""strike"": 230.0, ""type"": ""call"", ""oi"": 242879}, {""strike"": 220.0, ""type"": ""call"", ""oi"": 217437}, {""strike"": 225.0, ""type"": ""call"", ""oi"": 153895}]","[{""contract_symbol"": ""NVDA260918P00250000"", ""expiration"": ""2026-09-18"", ""dte"": 7, ""type"": ""put"", ""strike"": 250.0, ""volume"": 4968, ""open_interest"": 174, ""volume_prev"": 4968, ""volume_ratio"": 1.0, ""oi_prev"": 3429, ""oi_change"": -3255, ""oi_change_pct"": -94.9, ""flow"": ""平仓"", ""vol_oi_ratio"": 28.55, ""premium"": 156740.0, ""iv"": null, ""delta"": -0.997, ""score"": 239.2}, {""contract_symbol"": ""NVDA260918P00260000"", ""expiration"": ""2026-09-18"", ""dte"": 7, ""type"": ""put"", ""strike"": 260.0, ""volume"": 3705, ""open_interest"": 3, ""volume_prev"": 3705, ""volume_ratio"": 1.0, ""oi_prev"": 1075, ""oi_change"": -1072, ""oi_change_pct"": -99.7, ""flow"": ""平仓"", ""vol_oi_ratio"": 1235.0, ""premium"": 154128.0, ""iv"": null, ""delta"": -1.0, ""score"": 238.9}, {""contract_symbol"": ""NVDA260918P00255000"", ""expiration"": ""2026-09-18"", ""dte"": 7, ""type"": ""put"", ""strike"": 255.0, ""volume"": 1003, ""open_interest"": 3, ""volume_prev"": 1003, ""volume_ratio"": 1.0, ""oi_prev"": 371, ""oi_change"": -368, ""oi_change_pct"": -99.2, ""flow"": ""平仓"", ""vol_oi_ratio"": 334.33, ""premium"": 36685.0, ""iv"": null, ""delta"": -0.999, ""score"": 210.2}, {""contract_symbol"": ""NVDA260911P00240000"", ""expiration"": ""2026-09-11"", ""dte"": 0, ""type"": ""put"", ""strike"": 240.0, ""volume"": 1439, ""open_interest"": 49, ""volume_prev"": 1439, ""volume_ratio"": 1.0, ""oi_prev"": 863, ""oi_change"": -814, ""oi_change_pct"": -94.3, ""flow"": ""平仓"", ""vol_oi_ratio"": 29.37, ""premium"": 31262.0, ""iv"": null, ""delta"": -0.996, ""score"": 207.0}, {""contract_symbol"": ""NVDA260911P00245000"", ""expiration"": ""2026-09-11"", ""dte"": 0, ""type"": ""put"", ""strike"": 245.0, ""volume"": 1040, ""open_interest"": 2, ""volume_prev"": 1040, ""volume_ratio"": 1.0, ""oi_prev"": 294, ""oi_change"": -292, ""oi_change_pct"": -99.3, ""flow"": ""平仓"", ""vol_oi_ratio"": 520.0, ""premium"": 26962.0, ""iv"": null, ""delta"": -0.998, ""score"": 204.0}]","[{""contract_symbol"": ""NVDA260918C00222500"", ""expiration"": ""2026-09-18"", ""type"": ""call"", ""strike"": 222.5, ""volume"": 46139, ""volume_prev"": 46139, ""oi"": 46519, ""oi_prev"": 6334, ""oi_change"": 40185, ""last_price"": 2.67, ""iv"": 0.3366, ""delta"": 0.372}, {""contract_symbol"": ""NVDA260918C00230000"", ""expiration"": ""2026-09-18"", ""type"": ""call"", ""strike"": 230.0, ""volume"": 61474, ""volume_prev"": 61474, ""oi"": 93452, ""oi_prev"": 59663, ""oi_change"": 33789, ""last_price"": 0.88, ""iv"": 0.3338, ""delta"": 0.159}, {""contract_symbol"": ""NVDA260911C00220000"", ""expiration"": ""2026-09-11"", ""type"": ""call"", ""strike"": 220.0, ""volume"": 172794, ""volume_prev"": 172794, ""oi"": 41789, ""oi_prev"": 10557, ""oi_change"": 31232, ""last_price"": 1.16, ""iv"": 0.3942, ""delta"": 0.369}, {""contract_symbol"": ""NVDA260911C00225000"", ""expiration"": ""2026-09-11"", ""type"": ""call"", ""strike"": 225.0, ""volume"": 92649, ""volume_prev"": 92649, ""oi"": 40635, ""oi_prev"": 26127, ""oi_change"": 14508, ""last_price"": 0.18, ""iv"": 0.4085, ""delta"": 0.086}, {""contract_symbol"": ""NVDA260911C00222500"", ""expiration"": ""2026-09-11"", ""type"": ""call"", ""strike"": 222.5, ""volume"": 74589, ""volume_prev"": 74589, ""oi"": 17935, ""oi_prev"": 3995, ""oi_change"": 13940, ""last_price"": 0.47, ""iv"": 0.3891, ""delta"": 0.189}]"
2026-09-11,晚报,cboe,218.2899932861328,0.5140613656524853,0.7043373031527546,0.516908422748911,0.7889535097852108,220.0,225.0,0.33315,0.31055,0.9321626894792135,-13.019344933469807,0.3435796523283163,36338675.14000007,5461222.16,"[{""strike"": 220.0, ""type"": ""call"", ""oi"": 217437}, {""strike"": 225.0, ""type"": ""call"", ""oi"": 153895}, {""strike"": 220.0, ""type"": ""put"", ""oi"": 137410}]","[{""contract_symbol"": ""NVDA260916C00207500"", ""expiration"": ""2026-09-16"", ""dte"": 5, ""type"": ""call"", ""strike"": 207.5, ""volume"": 3373, ""open_interest"": 43, ""volume_prev"": 118, ""volume_ratio"": 28.6, ""oi_prev"": 0, ""oi_change"": 43, ""oi_change_pct"": null, ""flow"": ""开仓"", ""vol_oi_ratio"": 78.44, ""premium"": 37609.0, ""iv"": 0.3356, ""delta"": 0.903, ""score"": 210.7}, {""contract_symbol"": ""NVDA260914C00205000"", ""expiration"": ""2026-09-14"", ""dte"": 3, ""type"": ""call"", ""strike"": 205.0, ""volume"": 1762, ""open_interest"": 32, ""volume_prev"": 252, ""volume_ratio"": 7.0, ""oi_prev"": 27, ""oi_change"": 5, ""oi_change_pct"": 18.5, ""flow"": ""开仓"", ""vol_oi_ratio"": 55.06, ""premium"": 23479.0, ""iv"": 0.4004, ""delta"": 0.978, ""score"": 201.3}, {""contract_symbol"": ""NVDA260914C00202500"", ""expiration"": ""2026-09-14"", ""dte"": 3, ""type"": ""call"", ""strike"": 202.5, ""volume"": 1277, ""open_interest"": 2, ""volume_prev"": 4, ""volume_ratio"": 319.2, ""oi_prev"": 0, ""oi_change"": 2, ""oi_change_pct"": null, ""flow"": ""开仓"", ""vol_oi_ratio"": 638.5, ""premium"": 20528.0, ""iv"": 0.5781, ""delta"": 0.983, ""score"": 198.6}, {""contract_symbol"": ""NVDA260914C00222500"", ""expiration"": ""2026-09-14"", ""dte"": 3, ""type"": ""call"", ""strike"": 222.5, ""volume"": 51851, ""open_interest"": 2416, ""volume_prev"": 8170, ""volume_ratio"": 6.3, ""oi_prev"": 0, ""oi_change"": 2416, ""oi_change_pct"": null, ""flow"": ""开仓"", ""vol_oi_ratio"": 21.46, ""premium"": 15815.0, ""iv"": 0.2028, ""delta"": 0.15, ""score"": 193.4}, {""contract_symbol"": ""NVDA260916P00232500"", ""expiration"": ""2026-09-16"", ""dte"": 5, ""type"": ""put"", ""strike"": 232.5, ""volume"": 1081, ""open_interest"": 47, ""volume_prev"": 171, ""volume_ratio"": 6.3, ""oi_prev"": 0, ""oi_change"": 47, ""oi_change_pct"": null, ""flow"": ""开仓"", ""vol_oi_ratio"": 23.0, ""premium"": 15404.0, ""iv"": null, ""delta"": -0.964, ""score"": 192.8}]","[{""contract_symbol"": ""NVDA260918C00222500"", ""expiration"": ""2026-09-18"", ""type"": ""call"", ""strike"": 222.5, ""volume"": 16223, ""volume_prev"": 46139, ""oi"": 46519, ""oi_prev"": 6334, ""oi_change"": 40185, ""last_price"": 1.91, ""iv"": 0.295, ""delta"": 0.332}, {""contract_symbol"": ""NVDA260918C00230000"", ""expiration"": ""2026-09-18"", ""type"": ""call"", ""strike"": 230.0, ""volume"": 38585, ""volume_prev"": 61474, ""oi"": 93452, ""oi_prev"": 59663, ""oi_change"": 33789, ""last_price"": 0.46, ""iv"": 0.297, ""delta"": 0.108}, {""contract_symbol"": ""NVDA260911C00220000"", ""expiration"": ""2026-09-11"", ""type"": ""call"", ""strike"": 220.0, ""volume"": 439564, ""volume_prev"": 172794, ""oi"": 41789, ""oi_prev"": 10557, ""oi_change"": 31232, ""last_price"": 0.01, ""iv"": 0.5137, ""delta"": 0.008}, {""contract_symbol"": ""NVDA260911C00225000"", ""expiration"": ""2026-09-11"", ""type"": ""call"", ""strike"": 225.0, ""volume"": 124295, ""volume_prev"": 92649, ""oi"": 40635, ""oi_prev"": 26127, ""oi_change"": 14508, ""last_price"": 0.01, ""iv"": 1.617, ""delta"": 0.002}, {""contract_symbol"": ""NVDA260911C00222500"", ""expiration"": ""2026-09-11"", ""type"": ""call"", ""strike"": 222.5, ""volume"": 326270, ""volume_prev"": 74589, ""oi"": 17935, ""oi_prev"": 3995, ""oi_change"": 13940, ""last_price"": 0.01, ""iv"": 1.0853, ""delta"": 0.004}]"
2026-09-14,早报,cboe,212.2,0.5147091471730256,0.6936469492314858,0.5204810303509548,0.7982334114015878,220.0,200.0,0.2304,0.3261,1.4153645833333335,1.9760658319552733,2.914703110273327,43077697.01999999,4874448.3400000045,"[{""strike"": 220.0, ""type"": ""call"", ""oi"": 182241}, {""strike"": 210.0, ""type"": ""put"", ""oi"": 110445}, {""strike"": 220.0, ""type"": ""put"", ""oi"": 96221}]","[{""contract_symbol"": ""NVDA260914C00202500"", ""expiration"": ""2026-09-14"", ""dte"": 0, ""type"": ""call"", ""strike"": 202.5, ""volume"": 1277, ""open_interest"": 45, ""volume_prev"": 1277, ""volume_ratio"": 1.0, ""oi_prev"": 2, ""oi_change"": 43, ""oi_change_pct"": 2150.0, ""flow"": ""开仓"", ""vol_oi_ratio"": 28.38, ""premium"": 20528.0, ""iv"": 0.5565, ""delta"": 0.983, ""score"": 198.6}, {""contract_symbol"": ""NVDA260914P00235000"", ""expiration"": ""2026-09-14"", ""dte"": 0, ""type"": ""put"", ""strike"": 235.0, ""volume"": 616, ""open_interest"": 10, ""volume_prev"": 616, ""volume_ratio"": 1.0, ""oi_prev"": 37, ""oi_change"": -27, ""oi_change_pct"": -73.0, ""flow"": ""平仓"", ""vol_oi_ratio"": 61.6, ""premium"": 9902.0, ""iv"": null, ""delta"": -0.992, ""score"": 184.0}, {""contract_symbol"": ""NVDA260914P00232500"", ""expiration"": ""2026-09-14"", ""dte"": 0, ""type"": ""put"", ""strike"": 232.5, ""volume"": 557, ""open_interest"": 23, ""volume_prev"": 557, ""volume_ratio"": 1.0, ""oi_prev"": 1, ""oi_change"": 22, ""oi_change_pct"": 2200.0, ""flow"": ""开仓"", ""vol_oi_ratio"": 24.22, ""premium"": 7909.0, ""iv"": null, ""delta"": -0.988, ""score"": 179.5}, {""contract_symbol"": ""NVDA260914C00205000"", ""expiration"": ""2026-09-14"", ""dte"": 0, ""type"": ""call"", ""strike"": 205.0, ""volume"": 1762, ""open_interest"": 175, ""volume_prev"": 1762, ""volume_ratio"": 1.0, ""oi_prev"": 32, ""oi_change"": 143, ""oi_change_pct"": 446.9, ""flow"": ""开仓"", ""vol_oi_ratio"": 10.07, ""premium"": 23479.0, ""iv"": 0.3612, ""delta"": 0.978, ""score"": 101.3}, {""contract_symbol"": ""NVDA260916C00207500"", ""expiration"": ""2026-09-16"", ""dte"": 2, ""type"": ""call"", ""strike"": 207.5, ""volume"": 3373, ""open_interest"": 390, ""volume_prev"": 3373, ""volume_ratio"": 1.0, ""oi_prev"": 43, ""oi_change"": 347, ""oi_change_pct"": 807.0, ""flow"": ""开仓"", ""vol_oi_ratio"": 8.65, ""premium"": 37609.0, ""iv"": 0.3336, ""delta"": 0.903, ""score"": 91.1}]","[{""contract_symbol"": ""NVDA260918C00232500"", ""expiration"": ""2026-09-18"", ""type"": ""call"", ""strike"": 232.5, ""volume"": 30535, ""volume_prev"": 30535, ""oi"": 32348, ""oi_prev"": 10792, ""oi_change"": 21556, ""last_price"": 0.27, ""iv"": 0.301, ""delta"": 0.071}, {""contract_symbol"": ""NVDA260918C00225000"", ""expiration"": ""2026-09-18"", ""type"": ""call"", ""strike"": 225.0, ""volume"": 91251, ""volume_prev"": 91251, ""oi"": 77122, ""oi_prev"": 56693, ""oi_change"": 20429, ""last_price"": 1.22, ""iv"": 0.2929, ""delta"": 0.24}, {""contract_symbol"": ""NVDA260914C00225000"", ""expiration"": ""2026-09-14"", ""type"": ""call"", ""strike"": 225.0, ""volume"": 51741, ""volume_prev"": 51741, ""oi"": 24892, ""oi_prev"": 8953, ""oi_change"": 15939, ""last_price"": 0.12, ""iv"": 0.2167, ""delta"": 0.066}, {""contract_symbol"": ""NVDA260914C00222500"", ""expiration"": ""2026-09-14"", ""type"": ""call"", ""strike"": 222.5, ""volume"": 51851, ""volume_prev"": 51851, ""oi"": 9667, ""oi_prev"": 2416, ""oi_change"": 7251, ""last_price"": 0.3, ""iv"": 0.2016, ""delta"": 0.15}, {""contract_symbol"": ""NVDA260918C00235000"", ""expiration"": ""2026-09-18"", ""type"": ""call"", ""strike"": 235.0, ""volume"": 19851, ""volume_prev"": 19851, ""oi"": 55384, ""oi_prev"": 48172, ""oi_change"": 7212, ""last_price"": 0.16, ""iv"": 0.3048, ""delta"": 0.047}]"
2026-09-14,晚报,cboe,210.9600067138672,0.7725542454475686,0.6936469492314858,0.6824310917865454,0.7982334114015878,220.0,200.0,0.41009999999999996,0.3351,0.8171177761521581,10.185918808401533,0.4361016167618111,12928240.499999996,4327565.8500000015,"[{""strike"": 220.0, ""type"": ""call"", ""oi"": 182241}, {""strike"": 210.0, ""type"": ""put"", ""oi"": 110445}, {""strike"": 220.0, ""type"": ""put"", ""oi"": 96221}]","[{""contract_symbol"": ""NVDA260914P00212500"", ""expiration"": ""2026-09-14"", ""dte"": 0, ""type"": ""put"", ""strike"": 212.5, ""volume"": 90459, ""open_interest"": 4408, ""volume_prev"": 8844, ""volume_ratio"": 10.2, ""oi_prev"": 917, ""oi_change"": 3491, ""oi_change_pct"": 380.7, ""flow"": ""开仓"", ""vol_oi_ratio"": 20.52, ""premium"": 144282.0, ""iv"": null, ""delta"": -0.938, ""score"": 237.6}, {""contract_symbol"": ""NVDA260914C00210000"", ""expiration"": ""2026-09-14"", ""dte"": 0, ""type"": ""call"", ""strike"": 210.0, ""volume"": 97425, ""open_interest"": 1099, ""volume_prev"": 1741, ""volume_ratio"": 56.0, ""oi_prev"": 663, ""oi_change"": 436, ""oi_change_pct"": 65.8, ""flow"": ""开仓"", ""vol_oi_ratio"": 88.65, ""premium"": 89144.0, ""iv"": 0.5115, ""delta"": 0.898, ""score"": 228.0}, {""contract_symbol"": ""NVDA260916C00212500"", ""expiration"": ""2026-09-16"", ""dte"": 2, ""type"": ""call"", ""strike"": 212.5, ""volume"": 37830, ""open_interest"": 284, ""volume_prev"": 640, ""volume_ratio"": 59.1, ""oi_prev"": 58, ""oi_change"": 226, ""oi_change_pct"": 389.7, ""flow"": ""开仓"", ""vol_oi_ratio"": 133.2, ""premium"": 63176.0, ""iv"": 0.377, ""delta"": 0.406, ""score"": 221.1}, {""contract_symbol"": ""NVDA260916C00210000"", ""expiration"": ""2026-09-16"", ""dte"": 2, ""type"": ""call"", ""strike"": 210.0, ""volume"": 16112, ""open_interest"": 273, ""volume_prev"": 479, ""volume_ratio"": 33.6, ""oi_prev"": 277, ""oi_change"": -4, ""oi_change_pct"": -1.4, ""flow"": ""平仓"", ""vol_oi_ratio"": 59.02, ""premium"": 46966.0, ""iv"": 0.3885, ""delta"": 0.571, ""score"": 215.1}, {""contract_symbol"": ""NVDA260916C00215000"", ""expiration"": ""2026-09-16"", ""dte"": 2, ""type"": ""call"", ""strike"": 215.0, ""volume"": 46354, ""open_interest"": 1097, ""volume_prev"": 1854, ""volume_ratio"": 25.0, ""oi_prev"": 403, ""oi_change"": 694, ""oi_change_pct"": 172.2, ""flow"": ""开仓"", ""vol_oi_ratio"": 42.26, ""premium"": 40096.0, ""iv"": 0.3733, ""delta"": 0.254, ""score"": 212.0}]","[{""contract_symbol"": ""NVDA260918C00232500"", ""expiration"": ""2026-09-18"", ""type"": ""call"", ""strike"": 232.5, ""volume"": 4096, ""volume_prev"": 30535, ""oi"": 32348, ""oi_prev"": 10792, ""oi_change"": 21556, ""last_price"": 0.07, ""iv"": 0.4383, ""delta"": 0.019}, {""contract_symbol"": ""NVDA260918C00225000"", ""expiration"": ""2026-09-18"", ""type"": ""call"", ""strike"": 225.0, ""volume"": 33523, ""volume_prev"": 91251, ""oi"": 77122, ""oi_prev"": 56693, ""oi_change"": 20429, ""last_price"": 0.23, ""iv"": 0.389, ""delta"": 0.062}, {""contract_symbol"": ""NVDA260914C00225000"", ""expiration"": ""2026-09-14"", ""type"": ""call"", ""strike"": 225.0, ""volume"": 12115, ""volume_prev"": 51741, ""oi"": 24892, ""oi_prev"": 8953, ""oi_change"": 15939, ""last_price"": 0.01, ""iv"": 3.1444, ""delta"": 0.0}, {""contract_symbol"": ""NVDA260914C00222500"", ""expiration"": ""2026-09-14"", ""type"": ""call"", ""strike"": 222.5, ""volume"": 6526, ""volume_prev"": 51851, ""oi"": 9667, ""oi_prev"": 2416, ""oi_change"": 7251, ""last_price"": 0.01, ""iv"": 2.6515, ""delta"": 0.0}, {""contract_symbol"": ""NVDA260918C00235000"", ""expiration"": ""2026-09-18"", ""type"": ""call"", ""strike"": 235.0, ""volume"": 14683, ""volume_prev"": 19851, ""oi"": 55384, ""oi_prev"": 48172, ""oi_change"": 7212, ""last_price"": 0.04, ""iv"": 0.4555, ""delta"": 0.014}]"
2026-09-15,早报,cboe,212.278,0.7866586076720945,0.8507404488322894,0.6074118647454335,0.8021566050572287,212.5,200.0,0.3786,0.33494999999999997,0.8847068145800316,3.306138324413893,2.317715448609842,19683434.810000025,4966242.610000001,"[{""strike"": 220.0, ""type"": ""call"", ""oi"": 215859}, {""strike"": 210.0, ""type"": ""put"", ""oi"": 119063}, {""strike"": 215.0, ""type"": ""call"", ""oi"": 104933}]","[{""contract_symbol"": ""NVDA260918P00245000"", ""expiration"": ""2026-09-18"", ""dte"": 3, ""type"": ""put"", ""strike"": 245.0, ""volume"": 779, ""open_interest"": 21, ""volume_prev"": 779, ""volume_ratio"": 1.0, ""oi_prev"": 269, ""oi_change"": -248, ""oi_change_pct"": -92.2, ""flow"": ""平仓"", ""vol_oi_ratio"": 37.1, ""premium"": 25882.0, ""iv"": 0.6002, ""delta"": -0.999, ""score"": 203.2}, {""contract_symbol"": ""NVDA260916C00195000"", ""expiration"": ""2026-09-16"", ""dte"": 1, ""type"": ""call"", ""strike"": 195.0, ""volume"": 549, ""open_interest"": 55, ""volume_prev"": 549, ""volume_ratio"": 1.0, ""oi_prev"": 18, ""oi_change"": 37, ""oi_change_pct"": 205.6, ""flow"": ""开仓"", ""vol_oi_ratio"": 9.98, ""premium"": 8839.0, ""iv"": 0.5587, ""delta"": 0.971, ""score"": 90.7}, {""contract_symbol"": ""NVDA260921C00202500"", ""expiration"": ""2026-09-21"", ""dte"": 6, ""type"": ""call"", ""strike"": 202.5, ""volume"": 564, ""open_interest"": 83, ""volume_prev"": 564, ""volume_ratio"": 1.0, ""oi_prev"": 27, ""oi_change"": 56, ""oi_change_pct"": 207.4, ""flow"": ""开仓"", ""vol_oi_ratio"": 6.8, ""premium"": 5443.0, ""iv"": 0.3486, ""delta"": 0.814, ""score"": 58.5}, {""contract_symbol"": ""NVDA260916C00202500"", ""expiration"": ""2026-09-16"", ""dte"": 1, ""type"": ""call"", ""strike"": 202.5, ""volume"": 1683, ""open_interest"": 289, ""volume_prev"": 1686, ""volume_ratio"": 1.0, ""oi_prev"": 19, ""oi_change"": 270, ""oi_change_pct"": 1421.1, ""flow"": ""开仓"", ""vol_oi_ratio"": 5.82, ""premium"": 13885.0, ""iv"": 0.4424, ""delta"": 0.899, ""score"": 55.5}, {""contract_symbol"": ""NVDA260916C00210000"", ""expiration"": ""2026-09-16"", ""dte"": 1, ""type"": ""call"", ""strike"": 210.0, ""volume"": 16112, ""open_interest"": 3342, ""volume_prev"": 16112, ""volume_ratio"": 1.0, ""oi_prev"": 273, ""oi_change"": 3069, ""oi_change_pct"": 1124.2, ""flow"": ""开仓"", ""vol_oi_ratio"": 4.82, ""premium"": 46966.0, ""iv"": 0.3842, ""delta"": 0.574, ""score"": 51.9}]","[{""contract_symbol"": ""NVDA260918C00215000"", ""expiration"": ""2026-09-18"", ""type"": ""call"", ""strike"": 215.0, ""volume"": 75787, ""volume_prev"": 75787, ""oi"": 56434, ""oi_prev"": 29558, ""oi_change"": 26876, ""last_price"": 1.72, ""iv"": 0.3713, ""delta"": 0.33}, {""contract_symbol"": ""NVDA260918C00220000"", ""expiration"": ""2026-09-18"", ""type"": ""call"", ""strike"": 220.0, ""volume"": 56760, ""volume_prev"": 56761, ""oi"": 66061, ""oi_prev"": 47698, ""oi_change"": 18363, ""last_price"": 0.63, ""iv"": 0.3732, ""delta"": 0.153}, {""contract_symbol"": ""NVDA260916C00220000"", ""expiration"": ""2026-09-16"", ""type"": ""call"", ""strike"": 220.0, ""volume"": 28890, ""volume_prev"": 28890, ""oi"": 19110, ""oi_prev"": 4867, ""oi_change"": 14243, ""last_price"": 0.19, ""iv"": 0.3822, ""delta"": 0.073}, {""contract_symbol"": ""NVDA260918P00190000"", ""expiration"": ""2026-09-18"", ""type"": ""put"", ""strike"": 190.0, ""volume"": 19359, ""volume_prev"": 19359, ""oi"": 41091, ""oi_prev"": 28748, ""oi_change"": 12343, ""last_price"": 0.17, ""iv"": 0.5549, ""delta"": -0.034}, {""contract_symbol"": ""NVDA260916C00212500"", ""expiration"": ""2026-09-16"", ""type"": ""call"", ""strike"": 212.5, ""volume"": 37830, ""volume_prev"": 37830, ""oi"": 12123, ""oi_prev"": 284, ""oi_change"": 11839, ""last_price"": 1.67, ""iv"": 0.3762, ""delta"": 0.409}]"
2026-09-15,晚报,yfinance,212.1699981689453,0.45735805136890584,0.7712889523114194,0.4886472605052394,0.7984550361038262,212.5,200.0,0.2934640966796874,0.3352117260742187,1.142258047464315,1.7096793705599633,1.7297450307171502,23526350.93383823,4995257.458144676,"[{""strike"": 220.0, ""type"": ""call"", ""oi"": 213795}, {""strike"": 210.0, ""type"": ""put"", ""oi"": 118610}, {""strike"": 215.0, ""type"": ""call"", ""oi"": 104007}]","[{""contract_symbol"": ""NVDA260916C00215000"", ""expiration"": ""2026-09-16"", ""dte"": 1, ""type"": ""call"", ""strike"": 215.0, ""volume"": 211873, ""open_interest"": 12115, ""volume_prev"": 46354, ""volume_ratio"": 4.6, ""oi_prev"": 1097, ""oi_change"": 11018, ""oi_change_pct"": 1004.4, ""flow"": ""开仓"", ""vol_oi_ratio"": 17.49, ""premium"": 149370.0, ""iv"": 0.2817, ""delta"": 0.189, ""score"": 208.4}, {""contract_symbol"": ""NVDA260921C00195000"", ""expiration"": ""2026-09-21"", ""dte"": 6, ""type"": ""call"", ""strike"": 195.0, ""volume"": 1265, ""open_interest"": 28, ""volume_prev"": 41, ""volume_ratio"": 30.9, ""oi_prev"": 6, ""oi_change"": 22, ""oi_change_pct"": 366.7, ""flow"": ""开仓"", ""vol_oi_ratio"": 45.18, ""premium"": 22169.0, ""iv"": 0.4424, ""delta"": 0.937, ""score"": 200.1}, {""contract_symbol"": ""NVDA260923C00202500"", ""expiration"": ""2026-09-23"", ""dte"": 8, ""type"": ""call"", ""strike"": 202.5, ""volume"": 826, ""open_interest"": 36, ""volume_prev"": 47, ""volume_ratio"": 17.6, ""oi_prev"": 21, ""oi_change"": 15, ""oi_change_pct"": 71.4, ""flow"": ""开仓"", ""vol_oi_ratio"": 22.94, ""premium"": 9045.0, ""iv"": 0.3635, ""delta"": 0.82, ""score"": 182.2}, {""contract_symbol"": ""NVDA260916C00195000"", ""expiration"": ""2026-09-16"", ""dte"": 1, ""type"": ""call"", ""strike"": 195.0, ""volume"": 832, ""open_interest"": 55, ""volume_prev"": 549, ""volume_ratio"": 1.5, ""oi_prev"": 18, ""oi_change"": 37, ""oi_change_pct"": 205.6, ""flow"": ""开仓"", ""vol_oi_ratio"": 15.13, ""premium"": 14310.0, ""iv"": 0.5, ""delta"": 0.999, ""score"": 144.8}, {""contract_symbol"": ""NVDA260916P00212500"", ""expiration"": ""2026-09-16"", ""dte"": 1, ""type"": ""put"", ""strike"": 212.5, ""volume"": 48771, ""open_interest"": 4341, ""volume_prev"": 11050, ""volume_ratio"": 4.4, ""oi_prev"": 2871, ""oi_change"": 1470, ""oi_change_pct"": 51.2, ""flow"": ""开仓"", ""vol_oi_ratio"": 11.23, ""premium"": 97542.0, ""iv"": 0.2935, ""delta"": -0.534, ""score"": 129.1}]","[{""contract_symbol"": ""NVDA260918C00215000"", ""expiration"": ""2026-09-18"", ""type"": ""call"", ""strike"": 215.0, ""volume"": 51348, ""volume_prev"": 75787, ""oi"": 56434, ""oi_prev"": 29558, ""oi_change"": 26876, ""last_price"": 1.78, ""iv"": 0.3357, ""delta"": 0.342}, {""contract_symbol"": ""NVDA260918C00220000"", ""expiration"": ""2026-09-18"", ""type"": ""call"", ""strike"": 220.0, ""volume"": 49657, ""volume_prev"": 56761, ""oi"": 66061, ""oi_prev"": 47698, ""oi_change"": 18363, ""last_price"": 0.56, ""iv"": 0.3308, ""delta"": 0.119}, {""contract_symbol"": ""NVDA260916C00220000"", ""expiration"": ""2026-09-16"", ""type"": ""call"", ""strike"": 220.0, ""volume"": 39311, ""volume_prev"": 28890, ""oi"": 19110, ""oi_prev"": 4867, ""oi_change"": 14243, ""last_price"": 0.09, ""iv"": 0.292, ""delta"": 0.009}, {""contract_symbol"": ""NVDA260918P00190000"", ""expiration"": ""2026-09-18"", ""type"": ""put"", ""strike"": 190.0, ""volume"": 4681, ""volume_prev"": 19359, ""oi"": 41091, ""oi_prev"": 28748, ""oi_change"": 12343, ""last_price"": 0.12, ""iv"": 0.5449, ""delta"": -0.012}, {""contract_symbol"": ""NVDA260916C00212500"", ""expiration"": ""2026-09-16"", ""type"": ""call"", ""strike"": 212.5, ""volume"": 90704, ""volume_prev"": 37830, ""oi"": 12123, ""oi_prev"": 284, ""oi_change"": 11839, ""last_price"": 1.66, ""iv"": 0.2935, ""delta"": 0.466}]"
2026-09-16,早报,cboe,213.57,0.43080927966225435,0.7376411796990092,0.4527604461550486,0.7861683183607148,212.5,200.0,0.4073,0.33135000000000003,0.8135281119567886,3.735793755297512,1.7184061431849043,26811639.040000025,5836673.480000002,"[{""strike"": 220.0, ""type"": ""call"", ""oi"": 259939}, {""strike"": 215.0, ""type"": ""call"", ""oi"": 137016}, {""strike"": 210.0, ""type"": ""put"", ""oi"": 123852}]","[{""contract_symbol"": ""NVDA260921C00197500"", ""expiration"": ""2026-09-21"", ""dte"": 5, ""type"": ""call"", ""strike"": 197.5, ""volume"": 843, ""open_interest"": 46, ""volume_prev"": 843, ""volume_ratio"": 1.0, ""oi_prev"": 10, ""oi_change"": 36, ""oi_change_pct"": 360.0, ""flow"": ""开仓"", ""vol_oi_ratio"": 18.33, ""premium"": 12750.0, ""iv"": 0.3929, ""delta"": 0.923, ""score"": 173.2}, {""contract_symbol"": ""NVDA260916P00225000"", ""expiration"": ""2026-09-16"", ""dte"": 0, ""type"": ""put"", ""strike"": 225.0, ""volume"": 1998, ""open_interest"": 155, ""volume_prev"": 1998, ""volume_ratio"": 1.0, ""oi_prev"": 1738, ""oi_change"": -1583, ""oi_change_pct"": -91.1, ""flow"": ""平仓"", ""vol_oi_ratio"": 12.89, ""premium"": 25674.0, ""iv"": null, ""delta"": -0.99, ""score"": 130.9}, {""contract_symbol"": ""NVDA260916C00195000"", ""expiration"": ""2026-09-16"", ""dte"": 0, ""type"": ""call"", ""strike"": 195.0, ""volume"": 832, ""open_interest"": 73, ""volume_prev"": 832, ""volume_ratio"": 1.0, ""oi_prev"": 55, ""oi_change"": 18, ""oi_change_pct"": 32.7, ""flow"": ""开仓"", ""vol_oi_ratio"": 11.4, ""premium"": 14310.0, ""iv"": 0.7355, ""delta"": 0.987, ""score"": 109.1}, {""contract_symbol"": ""NVDA260921C00195000"", ""expiration"": ""2026-09-21"", ""dte"": 5, ""type"": ""call"", ""strike"": 195.0, ""volume"": 1265, ""open_interest"": 125, ""volume_prev"": 1265, ""volume_ratio"": 1.0, ""oi_prev"": 28, ""oi_change"": 97, ""oi_change_pct"": 346.4, ""flow"": ""开仓"", ""vol_oi_ratio"": 10.12, ""premium"": 22169.0, ""iv"": 0.415, ""delta"": 0.943, ""score"": 101.3}, {""contract_symbol"": ""NVDA260916C00210000"", ""expiration"": ""2026-09-16"", ""dte"": 0, ""type"": ""call"", ""strike"": 210.0, ""volume"": 20402, ""open_interest"": 3159, ""volume_prev"": 20402, ""volume_ratio"": 1.0, ""oi_prev"": 3342, ""oi_change"": -183, ""oi_change_pct"": -5.5, ""flow"": ""平仓"", ""vol_oi_ratio"": 6.46, ""premium"": 64266.0, ""iv"": 0.4148, ""delta"": 0.681, ""score"": 71.5}]","[{""contract_symbol"": ""NVDA260925C00220000"", ""expiration"": ""2026-09-25"", ""type"": ""call"", ""strike"": 220.0, ""volume"": 47647, ""volume_prev"": 47647, ""oi"": 35247, ""oi_prev"": 9132, ""oi_change"": 26115, ""last_price"": 1.83, ""iv"": 0.3263, ""delta"": 0.27}, {""contract_symbol"": ""NVDA260916C00215000"", ""expiration"": ""2026-09-16"", ""type"": ""call"", ""strike"": 215.0, ""volume"": 211873, ""volume_prev"": 211873, ""oi"": 36585, ""oi_prev"": 12115, ""oi_change"": 24470, ""last_price"": 0.7, ""iv"": 0.3912, ""delta"": 0.266}, {""contract_symbol"": ""NVDA260916C00217500"", ""expiration"": ""2026-09-16"", ""type"": ""call"", ""strike"": 217.5, ""volume"": 74326, ""volume_prev"": 74326, ""oi"": 17702, ""oi_prev"": 8629, ""oi_change"": 9073, ""last_price"": 0.24, ""iv"": 0.3898, ""delta"": 0.116}, {""contract_symbol"": ""NVDA260918C00220000"", ""expiration"": ""2026-09-18"", ""type"": ""call"", ""strike"": 220.0, ""volume"": 49657, ""volume_prev"": 49657, ""oi"": 74449, ""oi_prev"": 66061, ""oi_change"": 8388, ""last_price"": 0.56, ""iv"": 0.3762, ""delta"": 0.154}, {""contract_symbol"": ""NVDA260918C00222500"", ""expiration"": ""2026-09-18"", ""type"": ""call"", ""strike"": 222.5, ""volume"": 24346, ""volume_prev"": 24346, ""oi"": 58946, ""oi_prev"": 50883, ""oi_change"": 8063, ""last_price"": 0.3, ""iv"": 0.3788, ""delta"": 0.091}]"
2026-09-16,晚报,cboe,213.89999389648438,0.742158298940975,0.7376411796990092,0.6328511445991027,0.7861683183607148,212.5,200.0,0.3265,0.3326,1.0186830015313935,51.850634710679124,0.5890603253639032,34499971.920000054,6410174.239999993,"[{""strike"": 220.0, ""type"": ""call"", ""oi"": 259939}, {""strike"": 215.0, ""type"": ""call"", ""oi"": 137016}, {""strike"": 210.0, ""type"": ""put"", ""oi"": 123852}]","[{""contract_symbol"": ""NVDA260916P00215000"", ""expiration"": ""2026-09-16"", ""dte"": 0, ""type"": ""put"", ""strike"": 215.0, ""volume"": 211535, ""open_interest"": 5333, ""volume_prev"": 7259, ""volume_ratio"": 29.1, ""oi_prev"": 4251, ""oi_change"": 1082, ""oi_change_pct"": 25.5, ""flow"": ""开仓"", ""vol_oi_ratio"": 39.67, ""premium"": 265476.0, ""iv"": null, ""delta"": -0.89, ""score"": 249.8}, {""contract_symbol"": ""NVDA260916P00217500"", ""expiration"": ""2026-09-16"", ""dte"": 0, ""type"": ""put"", ""strike"": 217.5, ""volume"": 27847, ""open_interest"": 1910, ""volume_prev"": 3105, ""volume_ratio"": 9.0, ""oi_prev"": 3075, ""oi_change"": -1165, ""oi_change_pct"": -37.9, ""flow"": ""平仓"", ""vol_oi_ratio"": 14.58, ""premium"": 98161.0, ""iv"": null, ""delta"": -0.997, ""score"": 167.6}, {""contract_symbol"": ""NVDA260930P00215000"", ""expiration"": ""2026-09-30"", ""dte"": 14, ""type"": ""put"", ""strike"": 215.0, ""volume"": 691, ""open_interest"": 20, ""volume_prev"": 28, ""volume_ratio"": 24.7, ""oi_prev"": 0, ""oi_change"": 20, ""oi_change_pct"": null, ""flow"": ""开仓"", ""vol_oi_ratio"": 34.55, ""premium"": 4025.0, ""iv"": 0.3294, ""delta"": -0.509, ""score"": 166.0}, {""contract_symbol"": ""NVDA260916P00212500"", ""expiration"": ""2026-09-16"", ""dte"": 0, ""type"": ""put"", ""strike"": 212.5, ""volume"": 176465, ""open_interest"": 8679, ""volume_prev"": 48771, ""volume_ratio"": 3.6, ""oi_prev"": 4341, ""oi_change"": 4338, ""oi_change_pct"": 99.9, ""flow"": ""开仓"", ""vol_oi_ratio"": 20.33, ""premium"": 2647.0, ""iv"": 0.5301, ""delta"": -0.059, ""score"": 157.6}, {""contract_symbol"": ""NVDA260921P00215000"", ""expiration"": ""2026-09-21"", ""dte"": 5, ""type"": ""put"", ""strike"": 215.0, ""volume"": 6421, ""open_interest"": 458, ""volume_prev"": 1558, ""volume_ratio"": 4.1, ""oi_prev"": 491, ""oi_change"": -33, ""oi_change_pct"": -6.7, ""flow"": ""平仓"", ""vol_oi_ratio"": 14.02, ""premium"": 22313.0, ""iv"": 0.3036, ""delta"": -0.541, ""score"": 140.4}]","[{""contract_symbol"": ""NVDA260925C00220000"", ""expiration"": ""2026-09-25"", ""type"": ""call"", ""strike"": 220.0, ""volume"": 77435, ""volume_prev"": 47647, ""oi"": 35247, ""oi_prev"": 9132, ""oi_change"": 26115, ""last_price"": 2.08, ""iv"": 0.3232, ""delta"": 0.312}, {""contract_symbol"": ""NVDA260916C00215000"", ""expiration"": ""2026-09-16"", ""type"": ""call"", ""strike"": 215.0, ""volume"": 307045, ""volume_prev"": 211873, ""oi"": 36585, ""oi_prev"": 12115, ""oi_change"": 24470, ""last_price"": 0.01, ""iv"": 0.3265, ""delta"": 0.11}, {""contract_symbol"": ""NVDA260916C00217500"", ""expiration"": ""2026-09-16"", ""type"": ""call"", ""strike"": 217.5, ""volume"": 304597, ""volume_prev"": 74326, ""oi"": 17702, ""oi_prev"": 8629, ""oi_change"": 9073, ""last_price"": 0.01, ""iv"": 0.9312, ""delta"": 0.003}, {""contract_symbol"": ""NVDA260918C00220000"", ""expiration"": ""2026-09-18"", ""type"": ""call"", ""strike"": 220.0, ""volume"": 107712, ""volume_prev"": 49657, ""oi"": 74449, ""oi_prev"": 66061, ""oi_change"": 8388, ""last_price"": 0.48, ""iv"": 0.3699, ""delta"": 0.166}, {""contract_symbol"": ""NVDA260918C00222500"", ""expiration"": ""2026-09-18"", ""type"": ""call"", ""strike"": 222.5, ""volume"": 23419, ""volume_prev"": 24346, ""oi"": 58946, ""oi_prev"": 50883, ""oi_change"": 8063, ""last_price"": 0.23, ""iv"": 0.3766, ""delta"": 0.088}]"
2026-09-17,晚报,cboe,213.89999389648438,0.6850202682937022,0.8358630941320748,0.534850640113798,0.7893301503486001,205.0,200.0,0.37670000000000003,0.3326,0.8829307140960976,3.9518426139162455,2.2884526132192904,32938479.64000004,5093483.240000002,"[{""strike"": 220.0, ""type"": ""call"", ""oi"": 235937}, {""strike"": 210.0, ""type"": ""put"", ""oi"": 114419}, {""strike"": 215.0, ""type"": ""call"", ""oi"": 100431}]","[{""contract_symbol"": ""NVDA260930P00215000"", ""expiration"": ""2026-09-30"", ""dte"": 13, ""type"": ""put"", ""strike"": 215.0, ""volume"": 691, ""open_interest"": 20, ""volume_prev"": 691, ""volume_ratio"": 1.0, ""oi_prev"": 20, ""oi_change"": 0, ""oi_change_pct"": 0.0, ""flow"": ""换手"", ""vol_oi_ratio"": 34.55, ""premium"": 4025.0, ""iv"": 0.3294, ""delta"": -0.509, ""score"": 166.0}, {""contract_symbol"": ""NVDA260921P00215000"", ""expiration"": ""2026-09-21"", ""dte"": 4, ""type"": ""put"", ""strike"": 215.0, ""volume"": 6421, ""open_interest"": 458, ""volume_prev"": 6421, ""volume_ratio"": 1.0, ""oi_prev"": 458, ""oi_change"": 0, ""oi_change_pct"": 0.0, ""flow"": ""换手"", ""vol_oi_ratio"": 14.02, ""premium"": 22313.0, ""iv"": 0.3036, ""delta"": -0.541, ""score"": 140.4}, {""contract_symbol"": ""NVDA260928C00227500"", ""expiration"": ""2026-09-28"", ""dte"": 11, ""type"": ""call"", ""strike"": 227.5, ""volume"": 569, ""open_interest"": 14, ""volume_prev"": 569, ""volume_ratio"": 1.0, ""oi_prev"": 14, ""oi_change"": 0, ""oi_change_pct"": 0.0, ""flow"": ""换手"", ""vol_oi_ratio"": 40.64, ""premium"": 461.0, ""iv"": 0.3, ""delta"": 0.143, ""score"": 122.7}, {""contract_symbol"": ""NVDA261002C00237500"", ""expiration"": ""2026-10-02"", ""dte"": 15, ""type"": ""call"", ""strike"": 237.5, ""volume"": 5751, ""open_interest"": 445, ""volume_prev"": 5751, ""volume_ratio"": 1.0, ""oi_prev"": 445, ""oi_change"": 0, ""oi_change_pct"": 0.0, ""flow"": ""换手"", ""vol_oi_ratio"": 12.92, ""premium"": 2847.0, ""iv"": 0.3326, ""delta"": 0.077, ""score"": 102.8}, {""contract_symbol"": ""NVDA260928C00205000"", ""expiration"": ""2026-09-28"", ""dte"": 11, ""type"": ""call"", ""strike"": 205.0, ""volume"": 837, ""open_interest"": 75, ""volume_prev"": 837, ""volume_ratio"": 1.0, ""oi_prev"": 75, ""oi_change"": 0, ""oi_change_pct"": 0.0, ""flow"": ""换手"", ""vol_oi_ratio"": 11.16, ""premium"": 9228.0, ""iv"": 0.3364, ""delta"": 0.77, ""score"": 101.9}]",[]
2026-09-17,早报,cboe,217.15,0.6850202682937022,0.8948673192628387,0.534850640113798,0.8148808687095868,205.0,200.0,0.36524999999999996,0.3332,0.9122518822724163,3.9478807729121823,2.5604420907207,33304563.659999993,5330998.779999993,"[{""strike"": 220.0, ""type"": ""call"", ""oi"": 250489}, {""strike"": 225.0, ""type"": ""call"", ""oi"": 164277}, {""strike"": 210.0, ""type"": ""put"", ""oi"": 116237}]","[{""contract_symbol"": ""NVDA260930P00217500"", ""expiration"": ""2026-09-30"", ""dte"": 13, ""type"": ""put"", ""strike"": 217.5, ""volume"": 524, ""open_interest"": 45, ""volume_prev"": 524, ""volume_ratio"": 1.0, ""oi_prev"": 0, ""oi_change"": 45, ""oi_change_pct"": null, ""flow"": ""开仓"", ""vol_oi_ratio"": 11.64, ""premium"": 3799.0, ""iv"": 0.3202, ""delta"": -0.587, ""score"": 96.0}, {""contract_symbol"": ""NVDA260921C00205000"", ""expiration"": ""2026-09-21"", ""dte"": 4, ""type"": ""call"", ""strike"": 205.0, ""volume"": 2928, ""open_interest"": 540, ""volume_prev"": 2928, ""volume_ratio"": 1.0, ""oi_prev"": 355, ""oi_change"": 185, ""oi_change_pct"": 52.1, ""flow"": ""开仓"", ""vol_oi_ratio"": 5.42, ""premium"": 28694.0, ""iv"": 0.2883, ""delta"": 0.853, ""score"": 55.7}, {""contract_symbol"": ""NVDA260930P00215000"", ""expiration"": ""2026-09-30"", ""dte"": 13, ""type"": ""put"", ""strike"": 215.0, ""volume"": 691, ""open_interest"": 107, ""volume_prev"": 691, ""volume_ratio"": 1.0, ""oi_prev"": 20, ""oi_change"": 87, ""oi_change_pct"": 435.0, ""flow"": ""开仓"", ""vol_oi_ratio"": 6.46, ""premium"": 4025.0, ""iv"": 0.324, ""delta"": -0.514, ""score"": 53.6}, {""contract_symbol"": ""NVDA260930C00207500"", ""expiration"": ""2026-09-30"", ""dte"": 13, ""type"": ""call"", ""strike"": 207.5, ""volume"": 572, ""open_interest"": 113, ""volume_prev"": 572, ""volume_ratio"": 1.0, ""oi_prev"": 0, ""oi_change"": 113, ""oi_change_pct"": null, ""flow"": ""开仓"", ""vol_oi_ratio"": 5.06, ""premium"": 5520.0, ""iv"": 0.3453, ""delta"": 0.693, ""score"": 43.6}, {""contract_symbol"": ""NVDA260918C00217500"", ""expiration"": ""2026-09-18"", ""dte"": 1, ""type"": ""call"", ""strike"": 217.5, ""volume"": 52831, ""open_interest"": 16497, ""volume_prev"": 52831, ""volume_ratio"": 1.0, ""oi_prev"": 10219, ""oi_change"": 6278, ""oi_change_pct"": 61.4, ""flow"": ""开仓"", ""vol_oi_ratio"": 3.2, ""premium"": 53359.0, ""iv"": 0.371, ""delta"": 0.279, ""score"": 34.9}]","[{""contract_symbol"": ""NVDA260918P00130000"", ""expiration"": ""2026-09-18"", ""type"": ""put"", ""strike"": 130.0, ""volume"": 71141, ""volume_prev"": 71141, ""oi"": 105220, ""oi_prev"": 35318, ""oi_change"": 69902, ""last_price"": 0.01, ""iv"": 2.1122, ""delta"": -0.001}, {""contract_symbol"": ""NVDA261009C00215000"", ""expiration"": ""2026-10-09"", ""type"": ""call"", ""strike"": 215.0, ""volume"": 22277, ""volume_prev"": 22277, ""oi"": 20210, ""oi_prev"": 2748, ""oi_change"": 17462, ""last_price"": 6.96, ""iv"": 0.334, ""delta"": 0.506}, {""contract_symbol"": ""NVDA260918C00225000"", ""expiration"": ""2026-09-18"", ""type"": ""call"", ""strike"": 225.0, ""volume"": 54615, ""volume_prev"": 54615, ""oi"": 87269, ""oi_prev"": 78819, ""oi_change"": 8450, ""last_price"": 0.12, ""iv"": 0.3974, ""delta"": 0.045}, {""contract_symbol"": ""NVDA260918C00217500"", ""expiration"": ""2026-09-18"", ""type"": ""call"", ""strike"": 217.5, ""volume"": 52831, ""volume_prev"": 52831, ""oi"": 16497, ""oi_prev"": 10219, ""oi_change"": 6278, ""last_price"": 1.0, ""iv"": 0.371, ""delta"": 0.279}, {""contract_symbol"": ""NVDA260925C00220000"", ""expiration"": ""2026-09-25"", ""type"": ""call"", ""strike"": 220.0, ""volume"": 77435, ""volume_prev"": 77435, ""oi"": 41145, ""oi_prev"": 35247, ""oi_change"": 5898, ""last_price"": 2.08, ""iv"": 0.3246, ""delta"": 0.307}]"
2026-09-18,晚报,cboe,219.33999633789062,0.6034541024660987,0.8948673192628387,0.5835037153678757,0.8148808687095868,205.0,200.0,0.31595,0.30445,0.9636018357335021,1.6260817237395364,1.3586213411845536,59457987.95999991,5900893.989999992,"[{""strike"": 220.0, ""type"": ""call"", ""oi"": 250489}, {""strike"": 230.0, ""type"": ""call"", ""oi"": 202537}, {""strike"": 225.0, ""type"": ""call"", ""oi"": 164277}]","[{""contract_symbol"": ""NVDA261002C00145000"", ""expiration"": ""2026-10-02"", ""dte"": 14, ""type"": ""call"", ""strike"": 145.0, ""volume"": 1200, ""open_interest"": 37, ""volume_prev"": 1200, ""volume_ratio"": 1.0, ""oi_prev"": 37, ""oi_change"": 0, ""oi_change_pct"": 0.0, ""flow"": ""换手"", ""vol_oi_ratio"": 32.43, ""premium"": 89730.0, ""iv"": 0.8719, ""delta"": 0.995, ""score"": 228.1}, {""contract_symbol"": ""NVDA260921P00217500"", ""expiration"": ""2026-09-21"", ""dte"": 3, ""type"": ""put"", ""strike"": 217.5, ""volume"": 11285, ""open_interest"": 513, ""volume_prev"": 11285, ""volume_ratio"": 1.0, ""oi_prev"": 513, ""oi_change"": 0, ""oi_change_pct"": 0.0, ""flow"": ""换手"", ""vol_oi_ratio"": 22.0, ""premium"": 15799.0, ""iv"": 0.2449, ""delta"": -0.366, ""score"": 193.4}, {""contract_symbol"": ""NVDA260930P00212500"", ""expiration"": ""2026-09-30"", ""dte"": 12, ""type"": ""put"", ""strike"": 212.5, ""volume"": 2906, ""open_interest"": 44, ""volume_prev"": 2906, ""volume_ratio"": 1.0, ""oi_prev"": 44, ""oi_change"": 0, ""oi_change_pct"": 0.0, ""flow"": ""换手"", ""vol_oi_ratio"": 66.05, ""premium"": 6103.0, ""iv"": 0.2977, ""delta"": -0.273, ""score"": 174.3}, {""contract_symbol"": ""NVDA260928P00227500"", ""expiration"": ""2026-09-28"", ""dte"": 10, ""type"": ""put"", ""strike"": 227.5, ""volume"": 521, ""open_interest"": 10, ""volume_prev"": 521, ""volume_ratio"": 1.0, ""oi_prev"": 10, ""oi_change"": 0, ""oi_change_pct"": 0.0, ""flow"": ""换手"", ""vol_oi_ratio"": 52.1, ""premium"": 4793.0, ""iv"": 0.2559, ""delta"": -0.779, ""score"": 169.5}, {""contract_symbol"": ""NVDA260923P00217500"", ""expiration"": ""2026-09-23"", ""dte"": 5, ""type"": ""put"", ""strike"": 217.5, ""volume"": 4067, ""open_interest"": 247, ""volume_prev"": 4067, ""volume_ratio"": 1.0, ""oi_prev"": 247, ""oi_change"": 0, ""oi_change_pct"": 0.0, ""flow"": ""换手"", ""vol_oi_ratio"": 16.47, ""premium"": 8886.0, ""iv"": 0.2764, ""delta"": -0.396, ""score"": 149.7}]",[]
2026-09-18,早报,cboe,218.67,0.6691854233654877,0.9020625488406007,0.6305360411209627,0.8238502918225744,205.0,205.0,0.4455,0.30225,0.6784511784511785,-0.523491552658395,1.2072986692276033,58789007.38000007,6511913.5499999905,"[{""strike"": 220.0, ""type"": ""call"", ""oi"": 229817}, {""strike"": 225.0, ""type"": ""call"", ""oi"": 194724}, {""strike"": 210.0, ""type"": ""put"", ""oi"": 127753}]","[{""contract_symbol"": ""NVDA260923C00217500"", ""expiration"": ""2026-09-23"", ""dte"": 5, ""type"": ""call"", ""strike"": 217.5, ""volume"": 978, ""open_interest"": 841, ""volume_prev"": 1664, ""volume_ratio"": 0.6, ""oi_prev"": 997, ""oi_change"": -156, ""oi_change_pct"": -15.6, ""flow"": ""平仓"", ""vol_oi_ratio"": 1.16, ""premium"": 3716.0, ""iv"": 0.2642, ""delta"": 0.609, ""score"": 9.6}, {""contract_symbol"": ""NVDA261002P00125000"", ""expiration"": ""2026-10-02"", ""dte"": 14, ""type"": ""put"", ""strike"": 125.0, ""volume"": 1000, ""open_interest"": 736, ""volume_prev"": 200, ""volume_ratio"": 5.0, ""oi_prev"": 537, ""oi_change"": 199, ""oi_change_pct"": 37.1, ""flow"": ""开仓"", ""vol_oi_ratio"": 1.36, ""premium"": 35.0, ""iv"": 1.0555, ""delta"": -0.003, ""score"": 4.9}, {""contract_symbol"": ""NVDA260925C00275000"", ""expiration"": ""2026-09-25"", ""dte"": 7, ""type"": ""call"", ""strike"": 275.0, ""volume"": 4364, ""open_interest"": 4280, ""volume_prev"": 1963, ""volume_ratio"": 2.2, ""oi_prev"": 4334, ""oi_change"": -54, ""oi_change_pct"": -1.2, ""flow"": ""平仓"", ""vol_oi_ratio"": 1.02, ""premium"": 22.0, ""iv"": 0.5205, ""delta"": 0.002, ""score"": 3.2}]","[{""contract_symbol"": ""NVDA260925P00105000"", ""expiration"": ""2026-09-25"", ""type"": ""put"", ""strike"": 105.0, ""volume"": 19324, ""volume_prev"": 19324, ""oi"": 20669, ""oi_prev"": 1744, ""oi_change"": 18925, ""last_price"": 0.01, ""iv"": 1.6101, ""delta"": -0.001, ""volume_source"": ""yfinance""}, {""contract_symbol"": ""NVDA260925C00222500"", ""expiration"": ""2026-09-25"", ""type"": ""call"", ""strike"": 222.5, ""volume"": 585, ""volume_prev"": 26764, ""oi"": 22326, ""oi_prev"": 3754, ""oi_change"": 18572, ""last_price"": 2.14, ""iv"": 0.2762, ""delta"": 0.369}, {""contract_symbol"": ""NVDA261016C00235000"", ""expiration"": ""2026-10-16"", ""type"": ""call"", ""strike"": 235.0, ""volume"": 739, ""volume_prev"": 26762, ""oi"": 51173, ""oi_prev"": 37328, ""oi_change"": 13845, ""last_price"": 2.26, ""iv"": 0.296, ""delta"": 0.226}, {""contract_symbol"": ""NVDA260925P00197500"", ""expiration"": ""2026-09-25"", ""type"": ""put"", ""strike"": 197.5, ""volume"": 11, ""volume_prev"": 14517, ""oi"": 15368, ""oi_prev"": 3622, ""oi_change"": 11746, ""last_price"": 0.17, ""iv"": 0.4037, ""delta"": -0.032}, {""contract_symbol"": ""NVDA260925C00227500"", ""expiration"": ""2026-09-25"", ""type"": ""call"", ""strike"": 227.5, ""volume"": 389, ""volume_prev"": 17220, ""oi"": 14641, ""oi_prev"": 3242, ""oi_change"": 11399, ""last_price"": 0.88, ""iv"": 0.2775, ""delta"": 0.186}]"
2026-09-19,晚报,cboe,222.27000427246094,0.5476610463976778,0.8942607316197995,0.5409256521355177,0.7537044469444134,215.0,205.0,0.2138,0.30779999999999996,1.4396632366697848,1.6554149579334543,1.5521662544132377,37269311.39000005,3247764.780000004,"[{""strike"": 220.0, ""type"": ""call"", ""oi"": 162415}, {""strike"": 230.0, ""type"": ""call"", ""oi"": 123753}, {""strike"": 225.0, ""type"": ""call"", ""oi"": 102161}]","[{""contract_symbol"": ""NVDA260921C00175000"", ""expiration"": ""2026-09-21"", ""dte"": 2, ""type"": ""call"", ""strike"": 175.0, ""volume"": 802, ""open_interest"": 1, ""volume_prev"": 802, ""volume_ratio"": 1.0, ""oi_prev"": 1, ""oi_change"": 0, ""oi_change_pct"": 0.0, ""flow"": ""换手"", ""vol_oi_ratio"": 802.0, ""premium"": 38075.0, ""iv"": 0.9265, ""delta"": 0.999, ""score"": 210.9}, {""contract_symbol"": ""NVDA260921P00220000"", ""expiration"": ""2026-09-21"", ""dte"": 2, ""type"": ""put"", ""strike"": 220.0, ""volume"": 23759, ""open_interest"": 954, ""volume_prev"": 23759, ""volume_ratio"": 1.0, ""oi_prev"": 954, ""oi_change"": 0, ""oi_change_pct"": 0.0, ""flow"": ""换手"", ""vol_oi_ratio"": 24.9, ""premium"": 22215.0, ""iv"": 0.2237, ""delta"": -0.318, ""score"": 200.2}, {""contract_symbol"": ""NVDA260921P00232500"", ""expiration"": ""2026-09-21"", ""dte"": 2, ""type"": ""put"", ""strike"": 232.5, ""volume"": 780, ""open_interest"": 1, ""volume_prev"": 780, ""volume_ratio"": 1.0, ""oi_prev"": 1, ""oi_change"": 0, ""oi_change_pct"": 0.0, ""flow"": ""换手"", ""vol_oi_ratio"": 780.0, ""premium"": 8346.0, ""iv"": 0.222, ""delta"": -0.975, ""score"": 180.6}, {""contract_symbol"": ""NVDA260921P00230000"", ""expiration"": ""2026-09-21"", ""dte"": 2, ""type"": ""put"", ""strike"": 230.0, ""volume"": 792, ""open_interest"": 32, ""volume_prev"": 792, ""volume_ratio"": 1.0, ""oi_prev"": 32, ""oi_change"": 0, ""oi_change_pct"": 0.0, ""flow"": ""换手"", ""vol_oi_ratio"": 24.75, ""premium"": 6574.0, ""iv"": 0.2327, ""delta"": -0.949, ""score"": 175.8}, {""contract_symbol"": ""NVDA260921C00220000"", ""expiration"": ""2026-09-21"", ""dte"": 2, ""type"": ""call"", ""strike"": 220.0, ""volume"": 68536, ""open_interest"": 6732, ""volume_prev"": 68536, ""volume_ratio"": 1.0, ""oi_prev"": 6732, ""oi_change"": 0, ""oi_change_pct"": 0.0, ""flow"": ""换手"", ""vol_oi_ratio"": 10.18, ""premium"": 205608.0, ""iv"": 0.226, ""delta"": 0.683, ""score"": 124.5}]",[]
2026-09-19,早报,cboe,222.53,0.5476610463976778,0.8942607316197995,0.5409256521355177,0.7537044469444134,215.0,205.0,0.2138,0.3026,1.4153414405986904,1.6554149579334543,1.5503527614254258,37269311.39000005,3247764.780000004,"[{""strike"": 220.0, ""type"": ""call"", ""oi"": 162415}, {""strike"": 230.0, ""type"": ""call"", ""oi"": 123753}, {""strike"": 225.0, ""type"": ""call"", ""oi"": 102161}]","[{""contract_symbol"": ""NVDA260921C00175000"", ""expiration"": ""2026-09-21"", ""dte"": 2, ""type"": ""call"", ""strike"": 175.0, ""volume"": 802, ""open_interest"": 1, ""volume_prev"": 802, ""volume_ratio"": 1.0, ""oi_prev"": 1, ""oi_change"": 0, ""oi_change_pct"": 0.0, ""flow"": ""换手"", ""vol_oi_ratio"": 802.0, ""premium"": 38075.0, ""iv"": 0.9265, ""delta"": 0.999, ""score"": 210.9}, {""contract_symbol"": ""NVDA260921P00220000"", ""expiration"": ""2026-09-21"", ""dte"": 2, ""type"": ""put"", ""strike"": 220.0, ""volume"": 23759, ""open_interest"": 954, ""volume_prev"": 23759, ""volume_ratio"": 1.0, ""oi_prev"": 954, ""oi_change"": 0, ""oi_change_pct"": 0.0, ""flow"": ""换手"", ""vol_oi_ratio"": 24.9, ""premium"": 22215.0, ""iv"": 0.2237, ""delta"": -0.318, ""score"": 200.2}, {""contract_symbol"": ""NVDA260921P00232500"", ""expiration"": ""2026-09-21"", ""dte"": 2, ""type"": ""put"", ""strike"": 232.5, ""volume"": 780, ""open_interest"": 1, ""volume_prev"": 780, ""volume_ratio"": 1.0, ""oi_prev"": 1, ""oi_change"": 0, ""oi_change_pct"": 0.0, ""flow"": ""换手"", ""vol_oi_ratio"": 780.0, ""premium"": 8346.0, ""iv"": 0.222, ""delta"": -0.975, ""score"": 180.6}, {""contract_symbol"": ""NVDA260921P00230000"", ""expiration"": ""2026-09-21"", ""dte"": 2, ""type"": ""put"", ""strike"": 230.0, ""volume"": 792, ""open_interest"": 32, ""volume_prev"": 792, ""volume_ratio"": 1.0, ""oi_prev"": 32, ""oi_change"": 0, ""oi_change_pct"": 0.0, ""flow"": ""换手"", ""vol_oi_ratio"": 24.75, ""premium"": 6574.0, ""iv"": 0.2327, ""delta"": -0.949, ""score"": 175.8}, {""contract_symbol"": ""NVDA260921C00220000"", ""expiration"": ""2026-09-21"", ""dte"": 2, ""type"": ""call"", ""strike"": 220.0, ""volume"": 68536, ""open_interest"": 6732, ""volume_prev"": 68536, ""volume_ratio"": 1.0, ""oi_prev"": 6732, ""oi_change"": 0, ""oi_change_pct"": 0.0, ""flow"": ""换手"", ""vol_oi_ratio"": 10.18, ""premium"": 205608.0, ""iv"": 0.226, ""delta"": 0.683, ""score"": 124.5}]",[]
2026-09-21,早报,cboe,223.5,0.5476610463976778,0.9287907742998353,0.5399221533165196,0.7550582873170304,217.5,220.0,0.2138,0.3055,1.4289055191768008,1.6554149579334543,1.5436241610738257,42687607.150000066,4149242.719999992,"[{""strike"": 230.0, ""type"": ""call"", ""oi"": 173925}, {""strike"": 220.0, ""type"": ""call"", ""oi"": 172631}, {""strike"": 225.0, ""type"": ""call"", ""oi"": 120834}]","[{""contract_symbol"": ""NVDA260921C00220000"", ""expiration"": ""2026-09-21"", ""dte"": 0, ""type"": ""call"", ""strike"": 220.0, ""volume"": 68536, ""open_interest"": 9670, ""volume_prev"": 68536, ""volume_ratio"": 1.0, ""oi_prev"": 6732, ""oi_change"": 2938, ""oi_change_pct"": 43.6, ""flow"": ""开仓"", ""vol_oi_ratio"": 7.09, ""premium"": 205608.0, ""iv"": 0.226, ""delta"": 0.683, ""score"": 86.7}, {""contract_symbol"": ""NVDA260921P00230000"", ""expiration"": ""2026-09-21"", ""dte"": 0, ""type"": ""put"", ""strike"": 230.0, ""volume"": 792, ""open_interest"": 93, ""volume_prev"": 792, ""volume_ratio"": 1.0, ""oi_prev"": 32, ""oi_change"": 61, ""oi_change_pct"": 190.6, ""flow"": ""开仓"", ""vol_oi_ratio"": 8.52, ""premium"": 6574.0, ""iv"": 0.2327, ""delta"": -0.949, ""score"": 74.9}, {""contract_symbol"": ""NVDA260921P00220000"", ""expiration"": ""2026-09-21"", ""dte"": 0, ""type"": ""put"", ""strike"": 220.0, ""volume"": 23759, ""open_interest"": 3549, ""volume_prev"": 23759, ""volume_ratio"": 1.0, ""oi_prev"": 954, ""oi_change"": 2595, ""oi_change_pct"": 272.0, ""flow"": ""开仓"", ""vol_oi_ratio"": 6.69, ""premium"": 22215.0, ""iv"": 0.2237, ""delta"": -0.318, ""score"": 67.0}, {""contract_symbol"": ""NVDA260921P00232500"", ""expiration"": ""2026-09-21"", ""dte"": 0, ""type"": ""put"", ""strike"": 232.5, ""volume"": 780, ""open_interest"": 144, ""volume_prev"": 780, ""volume_ratio"": 1.0, ""oi_prev"": 1, ""oi_change"": 143, ""oi_change_pct"": 14300.0, ""flow"": ""开仓"", ""vol_oi_ratio"": 5.42, ""premium"": 8346.0, ""iv"": 0.222, ""delta"": -0.975, ""score"": 48.9}, {""contract_symbol"": ""NVDA260921C00222500"", ""expiration"": ""2026-09-21"", ""dte"": 0, ""type"": ""call"", ""strike"": 222.5, ""volume"": 40809, ""open_interest"": 12674, ""volume_prev"": 40809, ""volume_ratio"": 1.0, ""oi_prev"": 4696, ""oi_change"": 7978, ""oi_change_pct"": 169.9, ""flow"": ""开仓"", ""vol_oi_ratio"": 3.22, ""premium"": 62030.0, ""iv"": 0.2138, ""delta"": 0.467, ""score"": 35.5}]","[{""contract_symbol"": ""NVDA260925C00222500"", ""expiration"": ""2026-09-25"", ""type"": ""call"", ""strike"": 222.5, ""volume"": 57954, ""volume_prev"": 57954, ""oi"": 65673, ""oi_prev"": 22326, ""oi_change"": 43347, ""last_price"": 3.25, ""iv"": 0.2799, ""delta"": 0.497}, {""contract_symbol"": ""NVDA260925C00230000"", ""expiration"": ""2026-09-25"", ""type"": ""call"", ""strike"": 230.0, ""volume"": 57529, ""volume_prev"": 57529, ""oi"": 62908, ""oi_prev"": 26515, ""oi_change"": 36393, ""last_price"": 0.88, ""iv"": 0.2745, ""delta"": 0.19}, {""contract_symbol"": ""NVDA260925P00105000"", ""expiration"": ""2026-09-25"", ""type"": ""put"", ""strike"": 105.0, ""volume"": 26811, ""volume_prev"": 26811, ""oi"": 47479, ""oi_prev"": 20669, ""oi_change"": 26810, ""last_price"": 0.01, ""iv"": 1.6659, ""delta"": -0.001}, {""contract_symbol"": ""NVDA260925C00227500"", ""expiration"": ""2026-09-25"", ""type"": ""call"", ""strike"": 227.5, ""volume"": 21915, ""volume_prev"": 21915, ""oi"": 29790, ""oi_prev"": 14641, ""oi_change"": 15149, ""last_price"": 1.4, ""iv"": 0.2744, ""delta"": 0.278}, {""contract_symbol"": ""NVDA260925P00165000"", ""expiration"": ""2026-09-25"", ""type"": ""put"", ""strike"": 165.0, ""volume"": 10419, ""volume_prev"": 10419, ""oi"": 11720, ""oi_prev"": 1793, ""oi_change"": 9927, ""last_price"": 0.03, ""iv"": 0.8238, ""delta"": -0.004}]"
2026-09-21,晚报,cboe,227.3800048828125,0.5018479087382888,0.9287907742998353,0.4539319363091381,0.7550582873170304,217.5,220.0,0.08825,0.31535,3.5733711048158643,13.829292543033878,0.1121470641762992,63348912.83999997,4274745.309999998,"[{""strike"": 230.0, ""type"": ""call"", ""oi"": 173925}, {""strike"": 220.0, ""type"": ""call"", ""oi"": 172631}, {""strike"": 225.0, ""type"": ""call"", ""oi"": 120834}]","[{""contract_symbol"": ""NVDA260921C00225000"", ""expiration"": ""2026-09-21"", ""dte"": 0, ""type"": ""call"", ""strike"": 225.0, ""volume"": 358946, ""open_interest"": 11148, ""volume_prev"": 35633, ""volume_ratio"": 10.1, ""oi_prev"": 7110, ""oi_change"": 4038, ""oi_change_pct"": 56.8, ""flow"": ""开仓"", ""vol_oi_ratio"": 32.2, ""premium"": 825576.0, ""iv"": null, ""delta"": 0.989, ""score"": 272.5}, {""contract_symbol"": ""NVDA260923P00225000"", ""expiration"": ""2026-09-23"", ""dte"": 2, ""type"": ""put"", ""strike"": 225.0, ""volume"": 28701, ""open_interest"": 1216, ""volume_prev"": 755, ""volume_ratio"": 38.0, ""oi_prev"": 1015, ""oi_change"": 201, ""oi_change_pct"": 19.8, ""flow"": ""开仓"", ""vol_oi_ratio"": 23.6, ""premium"": 35733.0, ""iv"": 0.3299, ""delta"": -0.328, ""score"": 209.7}, {""contract_symbol"": ""NVDA260921P00227500"", ""expiration"": ""2026-09-21"", ""dte"": 0, ""type"": ""put"", ""strike"": 227.5, ""volume"": 101216, ""open_interest"": 180, ""volume_prev"": 392, ""volume_ratio"": 258.2, ""oi_prev"": 177, ""oi_change"": 3, ""oi_change_pct"": 1.7, ""flow"": ""开仓"", ""vol_oi_ratio"": 562.31, ""premium"": 24292.0, ""iv"": 0.0934, ""delta"": -0.628, ""score"": 202.0}, {""contract_symbol"": ""NVDA260923C00232500"", ""expiration"": ""2026-09-23"", ""dte"": 2, ""type"": ""call"", ""strike"": 232.5, ""volume"": 32053, ""open_interest"": 925, ""volume_prev"": 884, ""volume_ratio"": 36.3, ""oi_prev"": 591, ""oi_change"": 334, ""oi_change_pct"": 56.5, ""flow"": ""开仓"", ""vol_oi_ratio"": 34.65, ""premium"": 18110.0, ""iv"": 0.3314, ""delta"": 0.191, ""score"": 196.1}, {""contract_symbol"": ""NVDA260923P00227500"", ""expiration"": ""2026-09-23"", ""dte"": 2, ""type"": ""put"", ""strike"": 227.5, ""volume"": 6563, ""open_interest"": 143, ""volume_prev"": 519, ""volume_ratio"": 12.6, ""oi_prev"": 78, ""oi_change"": 65, ""oi_change_pct"": 83.3, ""flow"": ""开仓"", ""vol_oi_ratio"": 45.9, ""premium"": 15029.0, ""iv"": 0.327, ""delta"": -0.501, ""score"": 192.4}]","[{""contract_symbol"": ""NVDA260925C00222500"", ""expiration"": ""2026-09-25"", ""type"": ""call"", ""strike"": 222.5, ""volume"": 14742, ""volume_prev"": 57954, ""oi"": 65673, ""oi_prev"": 22326, ""oi_change"": 43347, ""last_price"": 6.32, ""iv"": 0.3389, ""delta"": 0.741}, {""contract_symbol"": ""NVDA260925C00230000"", ""expiration"": ""2026-09-25"", ""type"": ""call"", ""strike"": 230.0, ""volume"": 116399, ""volume_prev"": 57529, ""oi"": 62908, ""oi_prev"": 26515, ""oi_change"": 36393, ""last_price"": 2.04, ""iv"": 0.3247, ""delta"": 0.384}, {""contract_symbol"": ""NVDA260925P00105000"", ""expiration"": ""2026-09-25"", ""type"": ""put"", ""strike"": 105.0, ""volume"": 26811, ""volume_prev"": 26811, ""oi"": 47479, ""oi_prev"": 20669, ""oi_change"": 26810, ""last_price"": 0.01, ""iv"": 2.2626, ""delta"": -0.0, ""volume_source"": ""yfinance""}, {""contract_symbol"": ""NVDA260925C00227500"", ""expiration"": ""2026-09-25"", ""type"": ""call"", ""strike"": 227.5, ""volume"": 28622, ""volume_prev"": 21915, ""oi"": 29790, ""oi_prev"": 14641, ""oi_change"": 15149, ""last_price"": 3.11, ""iv"": 0.3258, ""delta"": 0.509}, {""contract_symbol"": ""NVDA260925P00165000"", ""expiration"": ""2026-09-25"", ""type"": ""put"", ""strike"": 165.0, ""volume"": 2824, ""volume_prev"": 10419, ""oi"": 11720, ""oi_prev"": 1793, ""oi_change"": 9927, ""last_price"": 0.02, ""iv"": 1.0868, ""delta"": -0.003}]"
2026-09-22,晚报,cboe,227.3800048828125,0.4716731329365308,0.6456566537211699,0.41002414851335717,0.7469982726730766,217.5,220.0,0.3271,0.3154,0.9642311219810455,0.7967678311144311,1.941683483679847,58270311.62999997,3682008.109999998,"[{""strike"": 230.0, ""type"": ""call"", ""oi"": 166126}, {""strike"": 220.0, ""type"": ""call"", ""oi"": 162961}, {""strike"": 225.0, ""type"": ""call"", ""oi"": 109686}]","[{""contract_symbol"": ""NVDA260923P00225000"", ""expiration"": ""2026-09-23"", ""dte"": 1, ""type"": ""put"", ""strike"": 225.0, ""volume"": 28701, ""open_interest"": 1216, ""volume_prev"": 28701, ""volume_ratio"": 1.0, ""oi_prev"": 1216, ""oi_change"": 0, ""oi_change_pct"": 0.0, ""flow"": ""换手"", ""vol_oi_ratio"": 23.6, ""premium"": 35733.0, ""iv"": 0.3313, ""delta"": -0.33, ""score"": 209.7}, {""contract_symbol"": ""NVDA260923C00232500"", ""expiration"": ""2026-09-23"", ""dte"": 1, ""type"": ""call"", ""strike"": 232.5, ""volume"": 32053, ""open_interest"": 925, ""volume_prev"": 32053, ""volume_ratio"": 1.0, ""oi_prev"": 925, ""oi_change"": 0, ""oi_change_pct"": 0.0, ""flow"": ""换手"", ""vol_oi_ratio"": 34.65, ""premium"": 18110.0, ""iv"": 0.3322, ""delta"": 0.191, ""score"": 196.1}, {""contract_symbol"": ""NVDA260923P00227500"", ""expiration"": ""2026-09-23"", ""dte"": 1, ""type"": ""put"", ""strike"": 227.5, ""volume"": 6563, ""open_interest"": 143, ""volume_prev"": 6563, ""volume_ratio"": 1.0, ""oi_prev"": 143, ""oi_change"": 0, ""oi_change_pct"": 0.0, ""flow"": ""换手"", ""vol_oi_ratio"": 45.9, ""premium"": 15029.0, ""iv"": 0.3269, ""delta"": -0.502, ""score"": 192.4}, {""contract_symbol"": ""NVDA260923P00222500"", ""expiration"": ""2026-09-23"", ""dte"": 1, ""type"": ""put"", ""strike"": 222.5, ""volume"": 16362, ""open_interest"": 575, ""volume_prev"": 16362, ""volume_ratio"": 1.0, ""oi_prev"": 575, ""oi_change"": 0, ""oi_change_pct"": 0.0, ""flow"": ""换手"", ""vol_oi_ratio"": 28.46, ""premium"": 10308.0, ""iv"": 0.3418, ""delta"": -0.194, ""score"": 184.8}, {""contract_symbol"": ""NVDA261002C00247500"", ""expiration"": ""2026-10-02"", ""dte"": 10, ""type"": ""call"", ""strike"": 247.5, ""volume"": 6806, ""open_interest"": 182, ""volume_prev"": 6806, ""volume_ratio"": 1.0, ""oi_prev"": 182, ""oi_change"": 0, ""oi_change_pct"": 0.0, ""flow"": ""换手"", ""vol_oi_ratio"": 37.4, ""premium"": 2790.0, ""iv"": 0.3251, ""delta"": 0.075, ""score"": 158.7}]",[]
2026-09-22,早报,cboe,226.33,0.4716731329365308,0.7383693833423745,0.41002414851335717,0.725157420459631,222.5,220.0,0.3264,0.31535,0.9661458333333334,0.9326331506513796,1.9506914682101355,61370115.91999998,4713184.870000002,"[{""strike"": 230.0, ""type"": ""call"", ""oi"": 240870}, {""strike"": 220.0, ""type"": ""call"", ""oi"": 151687}, {""strike"": 235.0, ""type"": ""call"", ""oi"": 142678}]","[{""contract_symbol"": ""NVDA260923C00227500"", ""expiration"": ""2026-09-23"", ""dte"": 1, ""type"": ""call"", ""strike"": 227.5, ""volume"": 54572, ""open_interest"": 7076, ""volume_prev"": 54572, ""volume_ratio"": 1.0, ""oi_prev"": 5500, ""oi_change"": 1576, ""oi_change_pct"": 28.7, ""flow"": ""开仓"", ""vol_oi_ratio"": 7.71, ""premium"": 115966.0, ""iv"": 0.3258, ""delta"": 0.5, ""score"": 89.9}, {""contract_symbol"": ""NVDA260923C00225000"", ""expiration"": ""2026-09-23"", ""dte"": 1, ""type"": ""call"", ""strike"": 225.0, ""volume"": 63274, ""open_interest"": 9308, ""volume_prev"": 63274, ""volume_ratio"": 1.0, ""oi_prev"": 11242, ""oi_change"": -1934, ""oi_change_pct"": -17.2, ""flow"": ""平仓"", ""vol_oi_ratio"": 6.8, ""premium"": 226205.0, ""iv"": 0.3277, ""delta"": 0.672, ""score"": 83.8}, {""contract_symbol"": ""NVDA260923P00225000"", ""expiration"": ""2026-09-23"", ""dte"": 1, ""type"": ""put"", ""strike"": 225.0, ""volume"": 28701, ""open_interest"": 4978, ""volume_prev"": 28701, ""volume_ratio"": 1.0, ""oi_prev"": 1216, ""oi_change"": 3762, ""oi_change_pct"": 309.4, ""flow"": ""开仓"", ""vol_oi_ratio"": 5.77, ""premium"": 35733.0, ""iv"": 0.3299, ""delta"": -0.328, ""score"": 60.4}, {""contract_symbol"": ""NVDA261009P00232500"", ""expiration"": ""2026-10-09"", ""dte"": 17, ""type"": ""put"", ""strike"": 232.5, ""volume"": 551, ""open_interest"": 87, ""volume_prev"": 551, ""volume_ratio"": 1.0, ""oi_prev"": 0, ""oi_change"": 87, ""oi_change_pct"": null, ""flow"": ""开仓"", ""vol_oi_ratio"": 6.33, ""premium"": 4876.0, ""iv"": 0.3069, ""delta"": -0.607, ""score"": 53.8}, {""contract_symbol"": ""NVDA260923P00222500"", ""expiration"": ""2026-09-23"", ""dte"": 1, ""type"": ""put"", ""strike"": 222.5, ""volume"": 16362, ""open_interest"": 3548, ""volume_prev"": 16362, ""volume_ratio"": 1.0, ""oi_prev"": 575, ""oi_change"": 2973, ""oi_change_pct"": 517.0, ""flow"": ""开仓"", ""vol_oi_ratio"": 4.61, ""premium"": 10308.0, ""iv"": 0.3438, ""delta"": -0.193, ""score"": 42.6}]","[{""contract_symbol"": ""NVDA260923C00230000"", ""expiration"": ""2026-09-23"", ""type"": ""call"", ""strike"": 230.0, ""volume"": 110955, ""volume_prev"": 110955, ""oi"": 57576, ""oi_prev"": 10095, ""oi_change"": 47481, ""last_price"": 1.14, ""iv"": 0.3249, ""delta"": 0.327}, {""contract_symbol"": ""NVDA260925C00235000"", ""expiration"": ""2026-09-25"", ""type"": ""call"", ""strike"": 235.0, ""volume"": 46117, ""volume_prev"": 46117, ""oi"": 36692, ""oi_prev"": 12792, ""oi_change"": 23900, ""last_price"": 0.73, ""iv"": 0.3278, ""delta"": 0.18}, {""contract_symbol"": ""NVDA260923P00140000"", ""expiration"": ""2026-09-23"", ""type"": ""put"", ""strike"": 140.0, ""volume"": 22759, ""volume_prev"": 22759, ""oi"": 22700, ""oi_prev"": 7, ""oi_change"": 22693, ""last_price"": 0.01, ""iv"": 2.0511, ""delta"": -0.0}, {""contract_symbol"": ""NVDA260925C00230000"", ""expiration"": ""2026-09-25"", ""type"": ""call"", ""strike"": 230.0, ""volume"": 116399, ""volume_prev"": 116399, ""oi"": 78834, ""oi_prev"": 62908, ""oi_change"": 15926, ""last_price"": 2.04, ""iv"": 0.3247, ""delta"": 0.384}, {""contract_symbol"": ""NVDA260925C00237500"", ""expiration"": ""2026-09-25"", ""type"": ""call"", ""strike"": 237.5, ""volume"": 23175, ""volume_prev"": 23175, ""oi"": 17931, ""oi_prev"": 4547, ""oi_change"": 13384, ""last_price"": 0.43, ""iv"": 0.3316, ""delta"": 0.114}]"
