date,session,source,price,pcr_vol_near,pcr_oi_near,pcr_vol_all,pcr_oi_all,max_pain_near,max_pain_monthly,atm_iv_near,atm_iv_monthly,term_ratio,iv_skew_25,expected_move_pct,net_delta_oi,net_gamma_oi,oi_concentration,top_unusual,top_surge
2026-08-18,早报,cboe,57.58,0.6503243427791054,0.37509543441746834,0.33452442902573,0.4082433924904457,59.0,60.0,0.41475,0.40405,0.9742013261000603,-0.8732352941176469,1.927752691906912,7438047.379999984,6659877.849999998,"[{""strike"": 60.0, ""type"": ""call"", ""oi"": 113019}, {""strike"": 55.0, ""type"": ""call"", ""oi"": 45127}, {""strike"": 55.0, ""type"": ""put"", ""oi"": 41230}]","[{""contract_symbol"": ""SLV260828P00064000"", ""expiration"": ""2026-08-28"", ""dte"": 10, ""type"": ""put"", ""strike"": 64.0, ""volume"": 1614, ""open_interest"": 6, ""vol_oi_ratio"": 269.0, ""premium"": 10572.0, ""iv"": 0.4602, ""delta"": -0.907, ""score"": 185.3}, {""contract_symbol"": ""SLV260824P00061000"", ""expiration"": ""2026-08-24"", ""dte"": 6, ""type"": ""put"", ""strike"": 61.0, ""volume"": 826, ""open_interest"": 5, ""vol_oi_ratio"": 165.2, ""premium"": 2953.0, ""iv"": 0.3892, ""delta"": -0.859, ""score"": 159.8}, {""contract_symbol"": ""SLV260824C00064500"", ""expiration"": ""2026-08-24"", ""dte"": 6, ""type"": ""call"", ""strike"": 64.5, ""volume"": 920, ""open_interest"": 33, ""vol_oi_ratio"": 27.88, ""premium"": 60.0, ""iv"": 0.4967, ""delta"": 0.044, ""score"": 82.2}, {""contract_symbol"": ""SLV260828P00059000"", ""expiration"": ""2026-08-28"", ""dte"": 10, ""type"": ""put"", ""strike"": 59.0, ""volume"": 2060, ""open_interest"": 253, ""vol_oi_ratio"": 8.14, ""premium"": 4831.0, ""iv"": 0.4054, ""delta"": -0.624, ""score"": 69.1}, {""contract_symbol"": ""SLV260821C00058500"", ""expiration"": ""2026-08-21"", ""dte"": 3, ""type"": ""call"", ""strike"": 58.5, ""volume"": 5135, ""open_interest"": 753, ""vol_oi_ratio"": 6.82, ""premium"": 2824.0, ""iv"": 0.425, ""delta"": 0.362, ""score"": 54.2}]",[]
2026-08-18,晚报,cboe,57.3838,0.5439082418948191,0.37509543441746834,0.38460398607097873,0.4082433924904457,59.0,60.0,0.41135,0.39805,0.9676674364896074,-2.2027178030303016,1.7339388468522472,6191243.879999998,6624440.6099999985,"[{""strike"": 60.0, ""type"": ""call"", ""oi"": 113019}, {""strike"": 55.0, ""type"": ""call"", ""oi"": 45127}, {""strike"": 55.0, ""type"": ""put"", ""oi"": 41230}]","[{""contract_symbol"": ""SLV260828P00064000"", ""expiration"": ""2026-08-28"", ""dte"": 10, ""type"": ""put"", ""strike"": 64.0, ""volume"": 1634, ""open_interest"": 6, ""volume_prev"": 49, ""volume_ratio"": 33.3, ""oi_prev"": 6, ""oi_change"": 0, ""oi_change_pct"": 0.0, ""vol_oi_ratio"": 272.33, ""premium"": 10948.0, ""iv"": 0.4456, ""delta"": -0.914, ""score"": 186.0}, {""contract_symbol"": ""SLV260824P00061000"", ""expiration"": ""2026-08-24"", ""dte"": 6, ""type"": ""put"", ""strike"": 61.0, ""volume"": 836, ""open_interest"": 5, ""volume_prev"": 12, ""volume_ratio"": 69.7, ""oi_prev"": 5, ""oi_change"": 0, ""oi_change_pct"": 0.0, ""vol_oi_ratio"": 167.2, ""premium"": 3135.0, ""iv"": 0.3986, ""delta"": -0.877, ""score"": 161.0}, {""contract_symbol"": ""SLV260831C00060000"", ""expiration"": ""2026-08-31"", ""dte"": 13, ""type"": ""call"", ""strike"": 60.0, ""volume"": 3742, ""open_interest"": 145, ""volume_prev"": 40, ""volume_ratio"": 93.5, ""oi_prev"": 145, ""oi_change"": 0, ""oi_change_pct"": 0.0, ""vol_oi_ratio"": 25.81, ""premium"": 2732.0, ""iv"": 0.3859, ""delta"": 0.29, ""score"": 158.3}, {""contract_symbol"": ""SLV260828P00059000"", ""expiration"": ""2026-08-28"", ""dte"": 10, ""type"": ""put"", ""strike"": 59.0, ""volume"": 4096, ""open_interest"": 253, ""volume_prev"": 31, ""volume_ratio"": 132.1, ""oi_prev"": 253, ""oi_change"": 0, ""oi_change_pct"": 0.0, ""vol_oi_ratio"": 16.19, ""premium"": 9933.0, ""iv"": 0.3974, ""delta"": -0.645, ""score"": 149.0}, {""contract_symbol"": ""SLV260824P00053500"", ""expiration"": ""2026-08-24"", ""dte"": 6, ""type"": ""put"", ""strike"": 53.5, ""volume"": 1018, ""open_interest"": 20, ""volume_prev"": 6, ""volume_ratio"": 169.7, ""oi_prev"": 20, ""oi_change"": 0, ""oi_change_pct"": 0.0, ""vol_oi_ratio"": 50.9, ""premium"": 102.0, ""iv"": 0.3923, ""delta"": -0.075, ""score"": 92.7}]",[]
2026-08-19,早报,cboe,58.69,0.285820451843044,0.39281080443500827,0.2480236636825297,0.40913072742093143,58.0,60.0,0.53575,0.41685,0.778068128791414,-3.4250300751879683,1.192707445902198,15576717.170000006,7273525.399999997,"[{""strike"": 60.0, ""type"": ""call"", ""oi"": 99955}, {""strike"": 58.0, ""type"": ""call"", ""oi"": 27360}, {""strike"": 60.0, ""type"": ""put"", ""oi"": 25354}]","[{""contract_symbol"": ""SLV260824C00061500"", ""expiration"": ""2026-08-24"", ""dte"": 5, ""type"": ""call"", ""strike"": 61.5, ""volume"": 1003, ""open_interest"": 35, ""volume_prev"": 23, ""volume_ratio"": 43.6, ""oi_prev"": 50, ""oi_change"": -15, ""oi_change_pct"": -30.0, ""vol_oi_ratio"": 28.66, ""premium"": 296.0, ""iv"": 0.4214, ""delta"": 0.185, ""score"": 113.9}, {""contract_symbol"": ""SLV260819C00059500"", ""expiration"": ""2026-08-19"", ""dte"": 0, ""type"": ""call"", ""strike"": 59.5, ""volume"": 2759, ""open_interest"": 2108, ""volume_prev"": 3134, ""volume_ratio"": 0.9, ""oi_prev"": 1119, ""oi_change"": 989, ""oi_change_pct"": 88.4, ""vol_oi_ratio"": 1.31, ""premium"": 262.0, ""iv"": 0.5692, ""delta"": 0.191, ""score"": 7.3}, {""contract_symbol"": ""SLV260819C00059000"", ""expiration"": ""2026-08-19"", ""dte"": 0, ""type"": ""call"", ""strike"": 59.0, ""volume"": 3294, ""open_interest"": 3230, ""volume_prev"": 4011, ""volume_ratio"": 0.8, ""oi_prev"": 1398, ""oi_change"": 1832, ""oi_change_pct"": 131.0, ""vol_oi_ratio"": 1.02, ""premium"": 708.0, ""iv"": 0.5465, ""delta"": 0.355, ""score"": 6.7}, {""contract_symbol"": ""SLV260824C00064000"", ""expiration"": ""2026-08-24"", ""dte"": 5, ""type"": ""call"", ""strike"": 64.0, ""volume"": 1071, ""open_interest"": 773, ""volume_prev"": 544, ""volume_ratio"": 2.0, ""oi_prev"": 179, ""oi_change"": 594, ""oi_change_pct"": 331.8, ""vol_oi_ratio"": 1.39, ""premium"": 123.0, ""iv"": 0.4914, ""delta"": 0.075, ""score"": 6.7}]","[{""contract_symbol"": ""SLV260831C00060000"", ""expiration"": ""2026-08-31"", ""type"": ""call"", ""strike"": 60.0, ""oi"": 3642, ""oi_prev"": 145, ""oi_change"": 3497}, {""contract_symbol"": ""SLV260918C00065000"", ""expiration"": ""2026-09-18"", ""type"": ""call"", ""strike"": 65.0, ""oi"": 30563, ""oi_prev"": 28130, ""oi_change"": 2433}, {""contract_symbol"": ""SLV260821C00061500"", ""expiration"": ""2026-08-21"", ""type"": ""call"", ""strike"": 61.5, ""oi"": 2629, ""oi_prev"": 492, ""oi_change"": 2137}, {""contract_symbol"": ""SLV260828P00055000"", ""expiration"": ""2026-08-28"", ""type"": ""put"", ""strike"": 55.0, ""oi"": 2428, ""oi_prev"": 564, ""oi_change"": 1864}, {""contract_symbol"": ""SLV260819C00059000"", ""expiration"": ""2026-08-19"", ""type"": ""call"", ""strike"": 59.0, ""oi"": 3230, ""oi_prev"": 1398, ""oi_change"": 1832}]"
2026-08-19,晚报,cboe,60.254,0.2852880742039215,0.39281080443500827,0.21783824148210487,0.40913072742093143,58.0,60.0,0.987,0.4433,0.4491388044579534,-3.730222222222218,0.896206061008398,23929708.23999998,8029127.430000007,"[{""strike"": 60.0, ""type"": ""call"", ""oi"": 99955}, {""strike"": 63.0, ""type"": ""call"", ""oi"": 82960}, {""strike"": 62.0, ""type"": ""call"", ""oi"": 39200}]","[{""contract_symbol"": ""SLV260824C00061500"", ""expiration"": ""2026-08-24"", ""dte"": 5, ""type"": ""call"", ""strike"": 61.5, ""volume"": 2672, ""open_interest"": 35, ""volume_prev"": 23, ""volume_ratio"": 116.2, ""oi_prev"": 50, ""oi_change"": -15, ""oi_change_pct"": -30.0, ""vol_oi_ratio"": 76.34, ""premium"": 1563.0, ""iv"": 0.4224, ""delta"": 0.314, ""score"": 147.1}, {""contract_symbol"": ""SLV260824C00062500"", ""expiration"": ""2026-08-24"", ""dte"": 5, ""type"": ""call"", ""strike"": 62.5, ""volume"": 1091, ""open_interest"": 64, ""volume_prev"": 18, ""volume_ratio"": 60.6, ""oi_prev"": 60, ""oi_change"": 4, ""oi_change_pct"": 6.7, ""vol_oi_ratio"": 17.05, ""premium"": 409.0, ""iv"": 0.4389, ""delta"": 0.219, ""score"": 102.6}, {""contract_symbol"": ""SLV260826P00060000"", ""expiration"": ""2026-08-26"", ""dte"": 7, ""type"": ""put"", ""strike"": 60.0, ""volume"": 509, ""open_interest"": 33, ""volume_prev"": 1, ""volume_ratio"": 509.0, ""oi_prev"": 33, ""oi_change"": 0, ""oi_change_pct"": 0.0, ""vol_oi_ratio"": 15.42, ""premium"": 718.0, ""iv"": 0.422, ""delta"": -0.491, ""score"": 101.5}, {""contract_symbol"": ""SLV260819C00059500"", ""expiration"": ""2026-08-19"", ""dte"": 0, ""type"": ""call"", ""strike"": 59.5, ""volume"": 19403, ""open_interest"": 2108, ""volume_prev"": 3134, ""volume_ratio"": 6.2, ""oi_prev"": 1119, ""oi_change"": 989, ""oi_change_pct"": 88.4, ""vol_oi_ratio"": 9.2, ""premium"": 8925.0, ""iv"": 1.1125, ""delta"": 0.991, ""score"": 83.7}, {""contract_symbol"": ""SLV260918C00072500"", ""expiration"": ""2026-09-18"", ""dte"": 30, ""type"": ""call"", ""strike"": 72.5, ""volume"": 13523, ""open_interest"": 1738, ""volume_prev"": 10, ""volume_ratio"": 1352.3, ""oi_prev"": 1739, ""oi_change"": -1, ""oi_change_pct"": -0.1, ""vol_oi_ratio"": 7.78, ""premium"": 7370.0, ""iv"": 0.5364, ""delta"": 0.129, ""score"": 69.3}]","[{""contract_symbol"": ""SLV260831C00060000"", ""expiration"": ""2026-08-31"", ""type"": ""call"", ""strike"": 60.0, ""oi"": 3642, ""oi_prev"": 145, ""oi_change"": 3497}, {""contract_symbol"": ""SLV260918C00065000"", ""expiration"": ""2026-09-18"", ""type"": ""call"", ""strike"": 65.0, ""oi"": 30563, ""oi_prev"": 28130, ""oi_change"": 2433}, {""contract_symbol"": ""SLV260821C00061500"", ""expiration"": ""2026-08-21"", ""type"": ""call"", ""strike"": 61.5, ""oi"": 2629, ""oi_prev"": 492, ""oi_change"": 2137}, {""contract_symbol"": ""SLV260828P00055000"", ""expiration"": ""2026-08-28"", ""type"": ""put"", ""strike"": 55.0, ""oi"": 2428, ""oi_prev"": 564, ""oi_change"": 1864}, {""contract_symbol"": ""SLV260819C00059000"", ""expiration"": ""2026-08-19"", ""type"": ""call"", ""strike"": 59.0, ""oi"": 3230, ""oi_prev"": 1398, ""oi_change"": 1832}]"
2026-08-20,早报,cboe,60.83,0.15841300191204588,0.3363565464564613,0.307950687868501,0.4006033001805834,56.0,60.0,0.4937,0.4363,0.8837350617784079,-3.6563613445378174,2.3425941147460136,28995982.800000004,7382776.779999995,"[{""strike"": 60.0, ""type"": ""call"", ""oi"": 92069}, {""strike"": 63.0, ""type"": ""call"", ""oi"": 86332}, {""strike"": 62.0, ""type"": ""call"", ""oi"": 42024}]","[{""contract_symbol"": ""SLV260831P00058500"", ""expiration"": ""2026-08-31"", ""dte"": 11, ""type"": ""put"", ""strike"": 58.5, ""volume"": 1100, ""open_interest"": 203, ""volume_prev"": 220, ""volume_ratio"": 5.0, ""oi_prev"": 1, ""oi_change"": 202, ""oi_change_pct"": 20200.0, ""vol_oi_ratio"": 5.42, ""premium"": 825.0, ""iv"": 0.4, ""delta"": -0.275, ""score"": 36.4}, {""contract_symbol"": ""SLV260821C00067000"", ""expiration"": ""2026-08-21"", ""dte"": 1, ""type"": ""call"", ""strike"": 67.0, ""volume"": 5343, ""open_interest"": 2784, ""volume_prev"": 600, ""volume_ratio"": 8.9, ""oi_prev"": 2358, ""oi_change"": 426, ""oi_change_pct"": 18.1, ""vol_oi_ratio"": 1.92, ""premium"": 187.0, ""iv"": 0.8596, ""delta"": 0.028, ""score"": 10.0}, {""contract_symbol"": ""SLV260821C00067500"", ""expiration"": ""2026-08-21"", ""dte"": 1, ""type"": ""call"", ""strike"": 67.5, ""volume"": 522, ""open_interest"": 380, ""volume_prev"": 155, ""volume_ratio"": 3.4, ""oi_prev"": 225, ""oi_change"": 155, ""oi_change_pct"": 68.9, ""vol_oi_ratio"": 1.37, ""premium"": 16.0, ""iv"": 0.8915, ""delta"": 0.024, ""score"": 3.9}]","[{""contract_symbol"": ""SLV260918C00070000"", ""expiration"": ""2026-09-18"", ""type"": ""call"", ""strike"": 70.0, ""oi"": 57196, ""oi_prev"": 41884, ""oi_change"": 15312}, {""contract_symbol"": ""SLV260918C00072500"", ""expiration"": ""2026-09-18"", ""type"": ""call"", ""strike"": 72.5, ""oi"": 15248, ""oi_prev"": 1738, ""oi_change"": 13510}, {""contract_symbol"": ""SLV260918C00073000"", ""expiration"": ""2026-09-18"", ""type"": ""call"", ""strike"": 73.0, ""oi"": 11938, ""oi_prev"": 3364, ""oi_change"": 8574}, {""contract_symbol"": ""SLV260918C00069000"", ""expiration"": ""2026-09-18"", ""type"": ""call"", ""strike"": 69.0, ""oi"": 31844, ""oi_prev"": 25675, ""oi_change"": 6169}, {""contract_symbol"": ""SLV260918C00067000"", ""expiration"": ""2026-09-18"", ""type"": ""call"", ""strike"": 67.0, ""oi"": 11483, ""oi_prev"": 6789, ""oi_change"": 4694}]"
2026-08-20,晚报,cboe,61.58,0.26514626646893447,0.3363565464564613,0.29792096912305444,0.4006033001805834,56.0,60.0,0.48395,0.44945,0.9287116437648518,-4.548235294117648,2.0542383890873666,34098439.98999997,7211844.059999999,"[{""strike"": 60.0, ""type"": ""call"", ""oi"": 92069}, {""strike"": 63.0, ""type"": ""call"", ""oi"": 86332}, {""strike"": 62.0, ""type"": ""call"", ""oi"": 42024}]","[{""contract_symbol"": ""SLV260911P00062000"", ""expiration"": ""2026-09-11"", ""dte"": 22, ""type"": ""put"", ""strike"": 62.0, ""volume"": 1541, ""open_interest"": 37, ""volume_prev"": 14, ""volume_ratio"": 110.1, ""oi_prev"": 37, ""oi_change"": 0, ""oi_change_pct"": 0.0, ""vol_oi_ratio"": 41.65, ""premium"": 4361.0, ""iv"": 0.441, ""delta"": -0.498, ""score"": 167.6}, {""contract_symbol"": ""SLV260826P00062000"", ""expiration"": ""2026-08-26"", ""dte"": 6, ""type"": ""put"", ""strike"": 62.0, ""volume"": 2732, ""open_interest"": 13, ""volume_prev"": 9, ""volume_ratio"": 303.6, ""oi_prev"": 14, ""oi_change"": -1, ""oi_change_pct"": -7.1, ""vol_oi_ratio"": 210.15, ""premium"": 4153.0, ""iv"": 0.4127, ""delta"": -0.539, ""score"": 166.6}, {""contract_symbol"": ""SLV260821P00061500"", ""expiration"": ""2026-08-21"", ""dte"": 1, ""type"": ""put"", ""strike"": 61.5, ""volume"": 5779, ""open_interest"": 74, ""volume_prev"": 70, ""volume_ratio"": 82.6, ""oi_prev"": 12, ""oi_change"": 62, ""oi_change_pct"": 516.7, ""vol_oi_ratio"": 78.09, ""premium"": 3410.0, ""iv"": 0.4819, ""delta"": -0.475, ""score"": 162.7}, {""contract_symbol"": ""SLV260828P00061000"", ""expiration"": ""2026-08-28"", ""dte"": 8, ""type"": ""put"", ""strike"": 61.0, ""volume"": 1476, ""open_interest"": 50, ""volume_prev"": 18, ""volume_ratio"": 82.0, ""oi_prev"": 42, ""oi_change"": 8, ""oi_change_pct"": 19.0, ""vol_oi_ratio"": 29.52, ""premium"": 1941.0, ""iv"": 0.442, ""delta"": -0.427, ""score"": 151.4}, {""contract_symbol"": ""SLV260821P00060500"", ""expiration"": ""2026-08-21"", ""dte"": 1, ""type"": ""put"", ""strike"": 60.5, ""volume"": 9253, ""open_interest"": 89, ""volume_prev"": 46, ""volume_ratio"": 201.2, ""oi_prev"": 62, ""oi_change"": 27, ""oi_change_pct"": 43.5, ""vol_oi_ratio"": 103.97, ""premium"": 1758.0, ""iv"": 0.4448, ""delta"": -0.228, ""score"": 149.5}]","[{""contract_symbol"": ""SLV260918C00070000"", ""expiration"": ""2026-09-18"", ""type"": ""call"", ""strike"": 70.0, ""oi"": 57196, ""oi_prev"": 41884, ""oi_change"": 15312}, {""contract_symbol"": ""SLV260918C00072500"", ""expiration"": ""2026-09-18"", ""type"": ""call"", ""strike"": 72.5, ""oi"": 15248, ""oi_prev"": 1738, ""oi_change"": 13510}, {""contract_symbol"": ""SLV260918C00073000"", ""expiration"": ""2026-09-18"", ""type"": ""call"", ""strike"": 73.0, ""oi"": 11938, ""oi_prev"": 3364, ""oi_change"": 8574}, {""contract_symbol"": ""SLV260918C00069000"", ""expiration"": ""2026-09-18"", ""type"": ""call"", ""strike"": 69.0, ""oi"": 31844, ""oi_prev"": 25675, ""oi_change"": 6169}, {""contract_symbol"": ""SLV260918C00067000"", ""expiration"": ""2026-09-18"", ""type"": ""call"", ""strike"": 67.0, ""oi"": 11483, ""oi_prev"": 6789, ""oi_change"": 4694}]"
2026-08-23,晚报,cboe,62.72,0.31914757863842275,0.3906497264547633,0.17117119857866908,0.4413522508928089,60.0,58.0,0.2881,0.44784999999999997,1.5544949670253383,-5.517808349146108,2.0886479591836737,28336447.210000005,5418409.749999993,"[{""strike"": 63.0, ""type"": ""call"", ""oi"": 83578}, {""strike"": 60.0, ""type"": ""call"", ""oi"": 59516}, {""strike"": 65.0, ""type"": ""call"", ""oi"": 57111}]","[{""contract_symbol"": ""SLV260831C00065000"", ""expiration"": ""2026-08-31"", ""dte"": 8, ""type"": ""call"", ""strike"": 65.0, ""volume"": 32462, ""open_interest"": 1066, ""volume_prev"": 658, ""volume_ratio"": 49.3, ""oi_prev"": 1041, ""oi_change"": 25, ""oi_change_pct"": 2.4, ""flow"": ""开仓"", ""vol_oi_ratio"": 30.45, ""premium"": 27755.0, ""iv"": 0.4243, ""delta"": 0.314, ""score"": 204.6}, {""contract_symbol"": ""SLV260828C00064000"", ""expiration"": ""2026-08-28"", ""dte"": 5, ""type"": ""call"", ""strike"": 64.0, ""volume"": 27152, ""open_interest"": 1636, ""volume_prev"": 996, ""volume_ratio"": 27.3, ""oi_prev"": 1518, ""oi_change"": 118, ""oi_change_pct"": 7.8, ""flow"": ""开仓"", ""vol_oi_ratio"": 16.6, ""premium"": 26066.0, ""iv"": 0.4405, ""delta"": 0.375, ""score"": 168.8}, {""contract_symbol"": ""SLV260828P00063000"", ""expiration"": ""2026-08-28"", ""dte"": 5, ""type"": ""put"", ""strike"": 63.0, ""volume"": 1434, ""open_interest"": 66, ""volume_prev"": 38, ""volume_ratio"": 37.7, ""oi_prev"": 37, ""oi_change"": 29, ""oi_change_pct"": 78.4, ""flow"": ""开仓"", ""vol_oi_ratio"": 21.73, ""premium"": 2352.0, ""iv"": 0.4142, ""delta"": -0.528, ""score"": 155.3}, {""contract_symbol"": ""SLV260824P00063000"", ""expiration"": ""2026-08-24"", ""dte"": 1, ""type"": ""put"", ""strike"": 63.0, ""volume"": 1245, ""open_interest"": 32, ""volume_prev"": 14, ""volume_ratio"": 88.9, ""oi_prev"": 22, ""oi_change"": 10, ""oi_change_pct"": 45.5, ""flow"": ""开仓"", ""vol_oi_ratio"": 38.91, ""premium"": 1096.0, ""iv"": 0.2941, ""delta"": -0.584, ""score"": 140.0}, {""contract_symbol"": ""SLV260902C00064500"", ""expiration"": ""2026-09-02"", ""dte"": 10, ""type"": ""call"", ""strike"": 64.5, ""volume"": 803, ""open_interest"": 8, ""volume_prev"": 7, ""volume_ratio"": 114.7, ""oi_prev"": 1, ""oi_change"": 7, ""oi_change_pct"": 700.0, ""flow"": ""开仓"", ""vol_oi_ratio"": 100.38, ""premium"": 972.0, ""iv"": 0.4336, ""delta"": 0.372, ""score"": 137.6}]","[{""contract_symbol"": ""SLV260904C00070000"", ""expiration"": ""2026-09-04"", ""type"": ""call"", ""strike"": 70.0, ""oi"": 12720, ""oi_prev"": 7438, ""oi_change"": 5282}, {""contract_symbol"": ""SLV260918C00070000"", ""expiration"": ""2026-09-18"", ""type"": ""call"", ""strike"": 70.0, ""oi"": 60424, ""oi_prev"": 57196, ""oi_change"": 3228}, {""contract_symbol"": ""SLV260826P00062000"", ""expiration"": ""2026-08-26"", ""type"": ""put"", ""strike"": 62.0, ""oi"": 2714, ""oi_prev"": 13, ""oi_change"": 2701}, {""contract_symbol"": ""SLV260824C00062000"", ""expiration"": ""2026-08-24"", ""type"": ""call"", ""strike"": 62.0, ""oi"": 3159, ""oi_prev"": 1437, ""oi_change"": 1722}, {""contract_symbol"": ""SLV260826C00061500"", ""expiration"": ""2026-08-26"", ""type"": ""call"", ""strike"": 61.5, ""oi"": 1695, ""oi_prev"": 170, ""oi_change"": 1525}]"
2026-08-24,晚报,cboe,62.72,0.31914757863842275,0.3906497264547633,0.17117119857866908,0.4413522508928089,60.0,58.0,0.2881,0.44784999999999997,1.5544949670253383,-5.517808349146108,2.0886479591836737,28336447.210000005,5418409.749999993,"[{""strike"": 63.0, ""type"": ""call"", ""oi"": 83578}, {""strike"": 60.0, ""type"": ""call"", ""oi"": 59516}, {""strike"": 65.0, ""type"": ""call"", ""oi"": 57111}]","[{""contract_symbol"": ""SLV260831C00065000"", ""expiration"": ""2026-08-31"", ""dte"": 7, ""type"": ""call"", ""strike"": 65.0, ""volume"": 32462, ""open_interest"": 1066, ""volume_prev"": 32462, ""volume_ratio"": 1.0, ""oi_prev"": 1066, ""oi_change"": 0, ""oi_change_pct"": 0.0, ""flow"": ""换手"", ""vol_oi_ratio"": 30.45, ""premium"": 27755.0, ""iv"": 0.4243, ""delta"": 0.314, ""score"": 204.6}, {""contract_symbol"": ""SLV260828C00064000"", ""expiration"": ""2026-08-28"", ""dte"": 4, ""type"": ""call"", ""strike"": 64.0, ""volume"": 27152, ""open_interest"": 1636, ""volume_prev"": 27152, ""volume_ratio"": 1.0, ""oi_prev"": 1636, ""oi_change"": 0, ""oi_change_pct"": 0.0, ""flow"": ""换手"", ""vol_oi_ratio"": 16.6, ""premium"": 26066.0, ""iv"": 0.4405, ""delta"": 0.375, ""score"": 168.8}, {""contract_symbol"": ""SLV260828P00063000"", ""expiration"": ""2026-08-28"", ""dte"": 4, ""type"": ""put"", ""strike"": 63.0, ""volume"": 1434, ""open_interest"": 66, ""volume_prev"": 1434, ""volume_ratio"": 1.0, ""oi_prev"": 66, ""oi_change"": 0, ""oi_change_pct"": 0.0, ""flow"": ""换手"", ""vol_oi_ratio"": 21.73, ""premium"": 2352.0, ""iv"": 0.4142, ""delta"": -0.528, ""score"": 155.3}, {""contract_symbol"": ""SLV260824P00063000"", ""expiration"": ""2026-08-24"", ""dte"": 0, ""type"": ""put"", ""strike"": 63.0, ""volume"": 1245, ""open_interest"": 32, ""volume_prev"": 1245, ""volume_ratio"": 1.0, ""oi_prev"": 32, ""oi_change"": 0, ""oi_change_pct"": 0.0, ""flow"": ""换手"", ""vol_oi_ratio"": 38.91, ""premium"": 1096.0, ""iv"": 0.2941, ""delta"": -0.584, ""score"": 140.0}, {""contract_symbol"": ""SLV260902C00064500"", ""expiration"": ""2026-09-02"", ""dte"": 9, ""type"": ""call"", ""strike"": 64.5, ""volume"": 803, ""open_interest"": 8, ""volume_prev"": 803, ""volume_ratio"": 1.0, ""oi_prev"": 8, ""oi_change"": 0, ""oi_change_pct"": 0.0, ""flow"": ""换手"", ""vol_oi_ratio"": 100.38, ""premium"": 972.0, ""iv"": 0.4336, ""delta"": 0.372, ""score"": 137.6}]",[]
2026-08-24,早报,cboe,62.4599,0.6347535934291582,0.3461875307898626,0.37014334952216826,0.4394319796168989,61.0,58.0,0.5044,0.46085,0.9136597938144331,-7.118244897959192,1.0967036450586698,27509579.74000002,6303815.149999994,"[{""strike"": 65.0, ""type"": ""call"", ""oi"": 97542}, {""strike"": 63.0, ""type"": ""call"", ""oi"": 88733}, {""strike"": 60.0, ""type"": ""call"", ""oi"": 58347}]","[{""contract_symbol"": ""SLV260826C00067000"", ""expiration"": ""2026-08-26"", ""dte"": 2, ""type"": ""call"", ""strike"": 67.0, ""volume"": 4032, ""open_interest"": 145, ""volume_prev"": 90, ""volume_ratio"": 44.8, ""oi_prev"": 103, ""oi_change"": 42, ""oi_change_pct"": 40.8, ""flow"": ""开仓"", ""vol_oi_ratio"": 27.81, ""premium"": 524.0, ""iv"": 0.6575, ""delta"": 0.091, ""score"": 125.3}, {""contract_symbol"": ""SLV260826C00068000"", ""expiration"": ""2026-08-26"", ""dte"": 2, ""type"": ""call"", ""strike"": 68.0, ""volume"": 2004, ""open_interest"": 112, ""volume_prev"": 107, ""volume_ratio"": 18.7, ""oi_prev"": 89, ""oi_change"": 23, ""oi_change_pct"": 25.8, ""flow"": ""开仓"", ""vol_oi_ratio"": 17.89, ""premium"": 190.0, ""iv"": 0.7055, ""delta"": 0.065, ""score"": 94.0}, {""contract_symbol"": ""SLV260831C00072000"", ""expiration"": ""2026-08-31"", ""dte"": 7, ""type"": ""call"", ""strike"": 72.0, ""volume"": 589, ""open_interest"": 29, ""volume_prev"": 15, ""volume_ratio"": 39.3, ""oi_prev"": 14, ""oi_change"": 15, ""oi_change_pct"": 107.1, ""flow"": ""开仓"", ""vol_oi_ratio"": 20.31, ""premium"": 77.0, ""iv"": 0.624, ""delta"": 0.058, ""score"": 87.0}, {""contract_symbol"": ""SLV260826C00065000"", ""expiration"": ""2026-08-26"", ""dte"": 2, ""type"": ""call"", ""strike"": 65.0, ""volume"": 5481, ""open_interest"": 793, ""volume_prev"": 485, ""volume_ratio"": 11.3, ""oi_prev"": 695, ""oi_change"": 98, ""oi_change_pct"": 14.1, ""flow"": ""开仓"", ""vol_oi_ratio"": 6.91, ""premium"": 1617.0, ""iv"": 0.5827, ""delta"": 0.191, ""score"": 51.1}, {""contract_symbol"": ""SLV260824P00063000"", ""expiration"": ""2026-08-24"", ""dte"": 0, ""type"": ""put"", ""strike"": 63.0, ""volume"": 1714, ""open_interest"": 741, ""volume_prev"": 1245, ""volume_ratio"": 1.4, ""oi_prev"": 32, ""oi_change"": 709, ""oi_change_pct"": 2215.6, ""flow"": ""开仓"", ""vol_oi_ratio"": 2.31, ""premium"": 1286.0, ""iv"": 0.5353, ""delta"": -0.737, ""score"": 16.6}]","[{""contract_symbol"": ""SLV260831C00065000"", ""expiration"": ""2026-08-31"", ""type"": ""call"", ""strike"": 65.0, ""oi"": 31164, ""oi_prev"": 1066, ""oi_change"": 30098}, {""contract_symbol"": ""SLV260828C00064000"", ""expiration"": ""2026-08-28"", ""type"": ""call"", ""strike"": 64.0, ""oi"": 7411, ""oi_prev"": 1636, ""oi_change"": 5775}, {""contract_symbol"": ""SLV260828C00065000"", ""expiration"": ""2026-08-28"", ""type"": ""call"", ""strike"": 65.0, ""oi"": 11906, ""oi_prev"": 7149, ""oi_change"": 4757}, {""contract_symbol"": ""SLV260824C00065000"", ""expiration"": ""2026-08-24"", ""type"": ""call"", ""strike"": 65.0, ""oi"": 5134, ""oi_prev"": 1704, ""oi_change"": 3430}, {""contract_symbol"": ""SLV260918P00058000"", ""expiration"": ""2026-09-18"", ""type"": ""put"", ""strike"": 58.0, ""oi"": 14348, ""oi_prev"": 11228, ""oi_change"": 3120}]"
2026-08-25,晚报,cboe,62.2,0.32421596813757814,0.39048013673797066,0.30604482487041573,0.44167160238834147,61.5,58.0,0.437,0.45294999999999996,1.0364988558352402,-6.578409090909082,2.5964630225080385,25259849.92000002,5676551.220000005,"[{""strike"": 65.0, ""type"": ""call"", ""oi"": 92408}, {""strike"": 63.0, ""type"": ""call"", ""oi"": 84910}, {""strike"": 60.0, ""type"": ""call"", ""oi"": 57538}]","[{""contract_symbol"": ""SLV260826C00065000"", ""expiration"": ""2026-08-26"", ""dte"": 1, ""type"": ""call"", ""strike"": 65.0, ""volume"": 13374, ""open_interest"": 793, ""volume_prev"": 13374, ""volume_ratio"": 1.0, ""oi_prev"": 793, ""oi_change"": 0, ""oi_change_pct"": 0.0, ""flow"": ""换手"", ""vol_oi_ratio"": 16.87, ""premium"": 2541.0, ""iv"": 0.5548, ""delta"": 0.149, ""score"": 132.2}, {""contract_symbol"": ""SLV260826C00067000"", ""expiration"": ""2026-08-26"", ""dte"": 1, ""type"": ""call"", ""strike"": 67.0, ""volume"": 4992, ""open_interest"": 145, ""volume_prev"": 4992, ""volume_ratio"": 1.0, ""oi_prev"": 145, ""oi_change"": 0, ""oi_change_pct"": 0.0, ""flow"": ""换手"", ""vol_oi_ratio"": 34.43, ""premium"": 449.0, ""iv"": 0.6628, ""delta"": 0.069, ""score"": 122.2}, {""contract_symbol"": ""SLV260826C00068000"", ""expiration"": ""2026-08-26"", ""dte"": 1, ""type"": ""call"", ""strike"": 68.0, ""volume"": 2077, ""open_interest"": 112, ""volume_prev"": 2077, ""volume_ratio"": 1.0, ""oi_prev"": 112, ""oi_change"": 0, ""oi_change_pct"": 0.0, ""flow"": ""换手"", ""vol_oi_ratio"": 18.54, ""premium"": 135.0, ""iv"": 0.7138, ""delta"": 0.049, ""score"": 91.1}, {""contract_symbol"": ""SLV260831C00072000"", ""expiration"": ""2026-08-31"", ""dte"": 6, ""type"": ""call"", ""strike"": 72.0, ""volume"": 757, ""open_interest"": 29, ""volume_prev"": 757, ""volume_ratio"": 1.0, ""oi_prev"": 29, ""oi_change"": 0, ""oi_change_pct"": 0.0, ""flow"": ""换手"", ""vol_oi_ratio"": 26.1, ""premium"": 72.0, ""iv"": 0.6087, ""delta"": 0.049, ""score"": 85.8}, {""contract_symbol"": ""SLV260826P00061500"", ""expiration"": ""2026-08-26"", ""dte"": 1, ""type"": ""put"", ""strike"": 61.5, ""volume"": 1418, ""open_interest"": 149, ""volume_prev"": 1418, ""volume_ratio"": 1.0, ""oi_prev"": 149, ""oi_change"": 0, ""oi_change_pct"": 0.0, ""flow"": ""换手"", ""vol_oi_ratio"": 9.52, ""premium"": 695.0, ""iv"": 0.4313, ""delta"": -0.357, ""score"": 62.3}]",[]
2026-08-25,早报,cboe,61.35,0.6061132840793858,0.38295240656090346,0.44182514126010086,0.4478938959200816,62.0,58.5,0.4391,0.43225,0.9843999089045776,-5.048189542483655,2.0782396088019564,19980004.439999953,6286572.969999997,"[{""strike"": 63.0, ""type"": ""call"", ""oi"": 89893}, {""strike"": 60.0, ""type"": ""call"", ""oi"": 58247}, {""strike"": 62.0, ""type"": ""call"", ""oi"": 26407}]","[{""contract_symbol"": ""SLV260904P00059500"", ""expiration"": ""2026-09-04"", ""dte"": 10, ""type"": ""put"", ""strike"": 59.5, ""volume"": 1004, ""open_interest"": 81, ""volume_prev"": 26, ""volume_ratio"": 38.6, ""oi_prev"": 63, ""oi_change"": 18, ""oi_change_pct"": 28.6, ""flow"": ""开仓"", ""vol_oi_ratio"": 12.4, ""premium"": 929.0, ""iv"": 0.4254, ""delta"": -0.316, ""score"": 84.7}, {""contract_symbol"": ""SLV260902C00065000"", ""expiration"": ""2026-09-02"", ""dte"": 8, ""type"": ""call"", ""strike"": 65.0, ""volume"": 3035, ""open_interest"": 316, ""volume_prev"": 108, ""volume_ratio"": 28.1, ""oi_prev"": 277, ""oi_change"": 39, ""oi_change_pct"": 14.1, ""flow"": ""开仓"", ""vol_oi_ratio"": 9.6, ""premium"": 1487.0, ""iv"": 0.4542, ""delta"": 0.215, ""score"": 70.2}, {""contract_symbol"": ""SLV260831C00068000"", ""expiration"": ""2026-08-31"", ""dte"": 6, ""type"": ""call"", ""strike"": 68.0, ""volume"": 1074, ""open_interest"": 95, ""volume_prev"": 84, ""volume_ratio"": 12.8, ""oi_prev"": 80, ""oi_change"": 15, ""oi_change_pct"": 18.8, ""flow"": ""开仓"", ""vol_oi_ratio"": 11.31, ""premium"": 145.0, ""iv"": 0.526, ""delta"": 0.072, ""score"": 56.3}, {""contract_symbol"": ""SLV260902C00070000"", ""expiration"": ""2026-09-02"", ""dte"": 8, ""type"": ""call"", ""strike"": 70.0, ""volume"": 732, ""open_interest"": 237, ""volume_prev"": 151, ""volume_ratio"": 4.8, ""oi_prev"": 263, ""oi_change"": -26, ""oi_change_pct"": -9.9, ""flow"": ""平仓"", ""vol_oi_ratio"": 3.09, ""premium"": 95.0, ""iv"": 0.5496, ""delta"": 0.064, ""score"": 14.1}, {""contract_symbol"": ""SLV260904C00061000"", ""expiration"": ""2026-09-04"", ""dte"": 10, ""type"": ""call"", ""strike"": 61.0, ""volume"": 5104, ""open_interest"": 4731, ""volume_prev"": 68, ""volume_ratio"": 75.1, ""oi_prev"": 4710, ""oi_change"": 21, ""oi_change_pct"": 0.4, ""flow"": ""开仓"", ""vol_oi_ratio"": 1.08, ""premium"": 10182.0, ""iv"": 0.432, ""delta"": 0.554, ""score"": 10.0}]","[{""contract_symbol"": ""SLV260911C00080000"", ""expiration"": ""2026-09-11"", ""type"": ""call"", ""strike"": 80.0, ""oi"": 10052, ""oi_prev"": 4575, ""oi_change"": 5477}, {""contract_symbol"": ""SLV260918C00070000"", ""expiration"": ""2026-09-18"", ""type"": ""call"", ""strike"": 70.0, ""oi"": 65863, ""oi_prev"": 60924, ""oi_change"": 4939}, {""contract_symbol"": ""SLV260826C00067000"", ""expiration"": ""2026-08-26"", ""type"": ""call"", ""strike"": 67.0, ""oi"": 4609, ""oi_prev"": 145, ""oi_change"": 4464}, {""contract_symbol"": ""SLV260904P00057000"", ""expiration"": ""2026-09-04"", ""type"": ""put"", ""strike"": 57.0, ""oi"": 3841, ""oi_prev"": 458, ""oi_change"": 3383}, {""contract_symbol"": ""SLV260918C00075000"", ""expiration"": ""2026-09-18"", ""type"": ""call"", ""strike"": 75.0, ""oi"": 29048, ""oi_prev"": 25750, ""oi_change"": 3298}]"
2026-08-26,早报,cboe,61.425,0.8308749767787479,0.373477821251154,0.5624464863068842,0.44638467163668766,61.5,58.5,0.34085,0.4325,1.268886607011882,-4.496620046620037,0.5860805860805862,20256235.77000004,7244548.5699999975,"[{""strike"": 63.0, ""type"": ""call"", ""oi"": 90431}, {""strike"": 60.0, ""type"": ""call"", ""oi"": 57250}, {""strike"": 62.0, ""type"": ""call"", ""oi"": 30544}]","[{""contract_symbol"": ""SLV260904P00061500"", ""expiration"": ""2026-09-04"", ""dte"": 9, ""type"": ""put"", ""strike"": 61.5, ""volume"": 977, ""open_interest"": 63, ""volume_prev"": 40, ""volume_ratio"": 24.4, ""oi_prev"": 29, ""oi_change"": 34, ""oi_change_pct"": 117.2, ""flow"": ""开仓"", ""vol_oi_ratio"": 15.51, ""premium"": 1622.0, ""iv"": 0.427, ""delta"": -0.488, ""score"": 114.6}, {""contract_symbol"": ""SLV260904C00062500"", ""expiration"": ""2026-09-04"", ""dte"": 9, ""type"": ""call"", ""strike"": 62.5, ""volume"": 1330, ""open_interest"": 111, ""volume_prev"": 100, ""volume_ratio"": 13.3, ""oi_prev"": 78, ""oi_change"": 33, ""oi_change_pct"": 42.3, ""flow"": ""开仓"", ""vol_oi_ratio"": 11.98, ""premium"": 1669.0, ""iv"": 0.4349, ""delta"": 0.423, ""score"": 88.9}, {""contract_symbol"": ""SLV260826C00061000"", ""expiration"": ""2026-08-26"", ""dte"": 0, ""type"": ""call"", ""strike"": 61.0, ""volume"": 2340, ""open_interest"": 318, ""volume_prev"": 711, ""volume_ratio"": 3.3, ""oi_prev"": 234, ""oi_change"": 84, ""oi_change_pct"": 35.9, ""flow"": ""开仓"", ""vol_oi_ratio"": 7.36, ""premium"": 1088.0, ""iv"": 0.2805, ""delta"": 0.818, ""score"": 51.5}, {""contract_symbol"": ""SLV260831P00061500"", ""expiration"": ""2026-08-31"", ""dte"": 5, ""type"": ""put"", ""strike"": 61.5, ""volume"": 647, ""open_interest"": 138, ""volume_prev"": 225, ""volume_ratio"": 2.9, ""oi_prev"": 113, ""oi_change"": 25, ""oi_change_pct"": 22.1, ""flow"": ""开仓"", ""vol_oi_ratio"": 4.69, ""premium"": 721.0, ""iv"": 0.3769, ""delta"": -0.496, ""score"": 30.9}, {""contract_symbol"": ""SLV260826P00061000"", ""expiration"": ""2026-08-26"", ""dte"": 0, ""type"": ""put"", ""strike"": 61.0, ""volume"": 9532, ""open_interest"": 2399, ""volume_prev"": 4219, ""volume_ratio"": 2.3, ""oi_prev"": 1330, ""oi_change"": 1069, ""oi_change_pct"": 80.4, ""flow"": ""开仓"", ""vol_oi_ratio"": 3.97, ""premium"": 429.0, ""iv"": 0.3645, ""delta"": -0.182, ""score"": 24.1}]","[{""contract_symbol"": ""SLV260828C00066500"", ""expiration"": ""2026-08-28"", ""type"": ""call"", ""strike"": 66.5, ""oi"": 6210, ""oi_prev"": 35, ""oi_change"": 6175}, {""contract_symbol"": ""SLV260925C00070000"", ""expiration"": ""2026-09-25"", ""type"": ""call"", ""strike"": 70.0, ""oi"": 45070, ""oi_prev"": 40486, ""oi_change"": 4584}, {""contract_symbol"": ""SLV260828P00059000"", ""expiration"": ""2026-08-28"", ""type"": ""put"", ""strike"": 59.0, ""oi"": 5807, ""oi_prev"": 2246, ""oi_change"": 3561}, {""contract_symbol"": ""SLV260902C00065000"", ""expiration"": ""2026-09-02"", ""type"": ""call"", ""strike"": 65.0, ""oi"": 3345, ""oi_prev"": 316, ""oi_change"": 3029}, {""contract_symbol"": ""SLV260904C00061000"", ""expiration"": ""2026-09-04"", ""type"": ""call"", ""strike"": 61.0, ""oi"": 7010, ""oi_prev"": 4731, ""oi_change"": 2279}]"
2026-08-26,晚报,cboe,61.8736,0.7481506741514087,0.373477821251154,0.5389522520780978,0.44638467163668766,61.5,58.5,0.8221,0.43910000000000005,0.5341199367473544,-5.753258741258732,0.7272891831087894,20802137.37999994,7700028.719999997,"[{""strike"": 63.0, ""type"": ""call"", ""oi"": 90431}, {""strike"": 60.0, ""type"": ""call"", ""oi"": 57250}, {""strike"": 62.0, ""type"": ""call"", ""oi"": 30544}]","[{""contract_symbol"": ""SLV260904P00061500"", ""expiration"": ""2026-09-04"", ""dte"": 9, ""type"": ""put"", ""strike"": 61.5, ""volume"": 1116, ""open_interest"": 63, ""volume_prev"": 40, ""volume_ratio"": 27.9, ""oi_prev"": 29, ""oi_change"": 34, ""oi_change_pct"": 117.2, ""flow"": ""开仓"", ""vol_oi_ratio"": 17.71, ""premium"": 1747.0, ""iv"": 0.4174, ""delta"": -0.479, ""score"": 132.3}, {""contract_symbol"": ""SLV260904C00062500"", ""expiration"": ""2026-09-04"", ""dte"": 9, ""type"": ""call"", ""strike"": 62.5, ""volume"": 1369, ""open_interest"": 111, ""volume_prev"": 100, ""volume_ratio"": 13.7, ""oi_prev"": 78, ""oi_change"": 33, ""oi_change_pct"": 42.3, ""flow"": ""开仓"", ""vol_oi_ratio"": 12.33, ""premium"": 1759.0, ""iv"": 0.4362, ""delta"": 0.43, ""score"": 92.2}, {""contract_symbol"": ""SLV260826C00061000"", ""expiration"": ""2026-08-26"", ""dte"": 0, ""type"": ""call"", ""strike"": 61.0, ""volume"": 2683, ""open_interest"": 318, ""volume_prev"": 711, ""volume_ratio"": 3.8, ""oi_prev"": 234, ""oi_change"": 84, ""oi_change_pct"": 35.9, ""flow"": ""开仓"", ""vol_oi_ratio"": 8.44, ""premium"": 1435.0, ""iv"": null, ""delta"": 0.983, ""score"": 61.3}, {""contract_symbol"": ""SLV260826C00061500"", ""expiration"": ""2026-08-26"", ""dte"": 0, ""type"": ""call"", ""strike"": 61.5, ""volume"": 10894, ""open_interest"": 2112, ""volume_prev"": 2213, ""volume_ratio"": 4.9, ""oi_prev"": 1800, ""oi_change"": 312, ""oi_change_pct"": 17.3, ""flow"": ""开仓"", ""vol_oi_ratio"": 5.16, ""premium"": 1089.0, ""iv"": 0.6139, ""delta"": 0.593, ""score"": 36.1}, {""contract_symbol"": ""SLV260831P00061500"", ""expiration"": ""2026-08-31"", ""dte"": 5, ""type"": ""put"", ""strike"": 61.5, ""volume"": 694, ""open_interest"": 138, ""volume_prev"": 225, ""volume_ratio"": 3.1, ""oi_prev"": 113, ""oi_change"": 25, ""oi_change_pct"": 22.1, ""flow"": ""开仓"", ""vol_oi_ratio"": 5.03, ""premium"": 697.0, ""iv"": 0.3598, ""delta"": -0.483, ""score"": 32.9}]","[{""contract_symbol"": ""SLV260828C00066500"", ""expiration"": ""2026-08-28"", ""type"": ""call"", ""strike"": 66.5, ""volume"": 175, ""volume_prev"": 8206, ""oi"": 6210, ""oi_prev"": 35, ""oi_change"": 6175, ""last_price"": 0.07, ""iv"": 0.6572, ""delta"": 0.059}, {""contract_symbol"": ""SLV260925C00070000"", ""expiration"": ""2026-09-25"", ""type"": ""call"", ""strike"": 70.0, ""volume"": 1460, ""volume_prev"": 6119, ""oi"": 45070, ""oi_prev"": 40486, ""oi_change"": 4584, ""last_price"": 0.96, ""iv"": 0.4937, ""delta"": 0.208}, {""contract_symbol"": ""SLV260828P00059000"", ""expiration"": ""2026-08-28"", ""type"": ""put"", ""strike"": 59.0, ""volume"": 617, ""volume_prev"": 4474, ""oi"": 5807, ""oi_prev"": 2246, ""oi_change"": 3561, ""last_price"": 0.09, ""iv"": 0.4474, ""delta"": -0.096}, {""contract_symbol"": ""SLV260902C00065000"", ""expiration"": ""2026-09-02"", ""type"": ""call"", ""strike"": 65.0, ""volume"": 233, ""volume_prev"": 3316, ""oi"": 3345, ""oi_prev"": 316, ""oi_change"": 3029, ""last_price"": 0.38, ""iv"": 0.4462, ""delta"": 0.2}, {""contract_symbol"": ""SLV260904C00061000"", ""expiration"": ""2026-09-04"", ""type"": ""call"", ""strike"": 61.0, ""volume"": 1118, ""volume_prev"": 16324, ""oi"": 7010, ""oi_prev"": 4731, ""oi_change"": 2279, ""last_price"": 1.99, ""iv"": 0.4274, ""delta"": 0.572}]"
2026-08-27,早报,cboe,62.1,0.5217476585102732,0.5767965566338805,0.3213456107221043,0.4564009720784342,59.5,58.0,0.4902,0.4434,0.9045287637698898,-4.530448179271701,2.270531400966184,23449773.179999985,6411822.999999982,"[{""strike"": 65.0, ""type"": ""call"", ""oi"": 102956}, {""strike"": 63.0, ""type"": ""call"", ""oi"": 88405}, {""strike"": 60.0, ""type"": ""call"", ""oi"": 56524}]","[{""contract_symbol"": ""SLV260902C00069000"", ""expiration"": ""2026-09-02"", ""dte"": 6, ""type"": ""call"", ""strike"": 69.0, ""volume"": 1743, ""open_interest"": 88, ""volume_prev"": 7, ""volume_ratio"": 249.0, ""oi_prev"": 94, ""oi_change"": -6, ""oi_change_pct"": -6.4, ""flow"": ""平仓"", ""vol_oi_ratio"": 19.81, ""premium"": 218.0, ""iv"": 0.5273, ""delta"": 0.069, ""score"": 106.7}, {""contract_symbol"": ""SLV260902C00067000"", ""expiration"": ""2026-09-02"", ""dte"": 6, ""type"": ""call"", ""strike"": 67.0, ""volume"": 543, ""open_interest"": 97, ""volume_prev"": 6, ""volume_ratio"": 90.5, ""oi_prev"": 101, ""oi_change"": -4, ""oi_change_pct"": -4.0, ""flow"": ""平仓"", ""vol_oi_ratio"": 5.6, ""premium"": 122.0, ""iv"": 0.4798, ""delta"": 0.123, ""score"": 26.9}, {""contract_symbol"": ""SLV260828P00061500"", ""expiration"": ""2026-08-28"", ""dte"": 1, ""type"": ""put"", ""strike"": 61.5, ""volume"": 2650, ""open_interest"": 718, ""volume_prev"": 1088, ""volume_ratio"": 2.4, ""oi_prev"": 275, ""oi_change"": 443, ""oi_change_pct"": 161.1, ""flow"": ""开仓"", ""vol_oi_ratio"": 3.69, ""premium"": 1166.0, ""iv"": 0.4954, ""delta"": -0.355, ""score"": 26.1}, {""contract_symbol"": ""SLV260828C00061500"", ""expiration"": ""2026-08-28"", ""dte"": 1, ""type"": ""call"", ""strike"": 61.5, ""volume"": 1237, ""open_interest"": 503, ""volume_prev"": 600, ""volume_ratio"": 2.1, ""oi_prev"": 358, ""oi_change"": 145, ""oi_change_pct"": 40.5, ""flow"": ""开仓"", ""vol_oi_ratio"": 2.46, ""premium"": 1268.0, ""iv"": 0.468, ""delta"": 0.645, ""score"": 17.6}, {""contract_symbol"": ""SLV260902P00060000"", ""expiration"": ""2026-09-02"", ""dte"": 6, ""type"": ""put"", ""strike"": 60.0, ""volume"": 2206, ""open_interest"": 1014, ""volume_prev"": 285, ""volume_ratio"": 7.7, ""oi_prev"": 841, ""oi_change"": 173, ""oi_change_pct"": 20.6, ""flow"": ""开仓"", ""vol_oi_ratio"": 2.18, ""premium"": 993.0, ""iv"": 0.3883, ""delta"": -0.238, ""score"": 15.0}]","[{""contract_symbol"": ""SLV260904C00062000"", ""expiration"": ""2026-09-04"", ""type"": ""call"", ""strike"": 62.0, ""volume"": 3321, ""volume_prev"": 3419, ""oi"": 4701, ""oi_prev"": 2563, ""oi_change"": 2138, ""last_price"": 1.69, ""iv"": 0.4272, ""delta"": 0.529}, {""contract_symbol"": ""SLV260918C00063000"", ""expiration"": ""2026-09-18"", ""type"": ""call"", ""strike"": 63.0, ""volume"": 608, ""volume_prev"": 4592, ""oi"": 65758, ""oi_prev"": 64445, ""oi_change"": 1313, ""last_price"": 2.33, ""iv"": 0.441, ""delta"": 0.478}, {""contract_symbol"": ""SLV260828P00060000"", ""expiration"": ""2026-08-28"", ""type"": ""put"", ""strike"": 60.0, ""volume"": 4126, ""volume_prev"": 2255, ""oi"": 4433, ""oi_prev"": 3120, ""oi_change"": 1313, ""last_price"": 0.09, ""iv"": 0.4865, ""delta"": -0.107}, {""contract_symbol"": ""SLV260828P00058000"", ""expiration"": ""2026-08-28"", ""type"": ""put"", ""strike"": 58.0, ""volume"": 295, ""volume_prev"": 1818, ""oi"": 3071, ""oi_prev"": 1892, ""oi_change"": 1179, ""last_price"": 0.01, ""iv"": 0.5799, ""delta"": -0.02}, {""contract_symbol"": ""SLV260828C00062500"", ""expiration"": ""2026-08-28"", ""type"": ""call"", ""strike"": 62.5, ""volume"": 2842, ""volume_prev"": 2241, ""oi"": 1899, ""oi_prev"": 777, ""oi_change"": 1122, ""last_price"": 0.56, ""iv"": 0.4951, ""delta"": 0.424}]"
2026-08-28,晚报,cboe,62.77,0.5561757796504235,0.5767965566338805,0.33513921148683296,0.4564009720784342,59.5,58.0,0.49639999999999995,0.44545,0.8973609991941983,-5.04113131313132,2.1268121714194677,26579860.950000003,6501860.369999988,"[{""strike"": 65.0, ""type"": ""call"", ""oi"": 102956}, {""strike"": 63.0, ""type"": ""call"", ""oi"": 88405}, {""strike"": 60.0, ""type"": ""call"", ""oi"": 56524}]","[{""contract_symbol"": ""SLV260904P00063500"", ""expiration"": ""2026-09-04"", ""dte"": 7, ""type"": ""put"", ""strike"": 63.5, ""volume"": 1665, ""open_interest"": 2, ""volume_prev"": 2, ""volume_ratio"": 832.5, ""oi_prev"": 3, ""oi_change"": -1, ""oi_change_pct"": -33.3, ""flow"": ""平仓"", ""vol_oi_ratio"": 832.5, ""premium"": 3430.0, ""iv"": 0.4382, ""delta"": -0.564, ""score"": 162.8}, {""contract_symbol"": ""SLV260904C00065500"", ""expiration"": ""2026-09-04"", ""dte"": 7, ""type"": ""call"", ""strike"": 65.5, ""volume"": 607, ""open_interest"": 29, ""volume_prev"": 9, ""volume_ratio"": 67.4, ""oi_prev"": 23, ""oi_change"": 6, ""oi_change_pct"": 26.1, ""flow"": ""开仓"", ""vol_oi_ratio"": 20.93, ""premium"": 434.0, ""iv"": 0.4669, ""delta"": 0.278, ""score"": 121.5}, {""contract_symbol"": ""SLV260902C00069000"", ""expiration"": ""2026-09-02"", ""dte"": 5, ""type"": ""call"", ""strike"": 69.0, ""volume"": 2065, ""open_interest"": 88, ""volume_prev"": 7, ""volume_ratio"": 295.0, ""oi_prev"": 94, ""oi_change"": -6, ""oi_change_pct"": -6.4, ""flow"": ""平仓"", ""vol_oi_ratio"": 23.47, ""premium"": 299.0, ""iv"": 0.5178, ""delta"": 0.08, ""score"": 114.1}, {""contract_symbol"": ""SLV260904C00069000"", ""expiration"": ""2026-09-04"", ""dte"": 7, ""type"": ""call"", ""strike"": 69.0, ""volume"": 4127, ""open_interest"": 319, ""volume_prev"": 30, ""volume_ratio"": 137.6, ""oi_prev"": 350, ""oi_change"": -31, ""oi_change_pct"": -8.9, ""flow"": ""平仓"", ""vol_oi_ratio"": 12.94, ""premium"": 1114.0, ""iv"": 0.525, ""delta"": 0.118, ""score"": 90.8}, {""contract_symbol"": ""SLV260911C00068000"", ""expiration"": ""2026-09-11"", ""dte"": 14, ""type"": ""call"", ""strike"": 68.0, ""volume"": 580, ""open_interest"": 75, ""volume_prev"": 61, ""volume_ratio"": 9.5, ""oi_prev"": 29, ""oi_change"": 46, ""oi_change_pct"": 158.6, ""flow"": ""开仓"", ""vol_oi_ratio"": 7.73, ""premium"": 418.0, ""iv"": 0.4775, ""delta"": 0.217, ""score"": 46.7}]","[{""contract_symbol"": ""SLV260904C00062000"", ""expiration"": ""2026-09-04"", ""type"": ""call"", ""strike"": 62.0, ""volume"": 5031, ""volume_prev"": 3419, ""oi"": 4701, ""oi_prev"": 2563, ""oi_change"": 2138, ""last_price"": 1.99, ""iv"": 0.4301, ""delta"": 0.584}, {""contract_symbol"": ""SLV260918C00063000"", ""expiration"": ""2026-09-18"", ""type"": ""call"", ""strike"": 63.0, ""volume"": 2826, ""volume_prev"": 4592, ""oi"": 65758, ""oi_prev"": 64445, ""oi_change"": 1313, ""last_price"": 2.65, ""iv"": 0.4396, ""delta"": 0.51}, {""contract_symbol"": ""SLV260828P00060000"", ""expiration"": ""2026-08-28"", ""type"": ""put"", ""strike"": 60.0, ""volume"": 5023, ""volume_prev"": 2255, ""oi"": 4433, ""oi_prev"": 3120, ""oi_change"": 1313, ""last_price"": 0.04, ""iv"": 0.508, ""delta"": -0.052}, {""contract_symbol"": ""SLV260828P00058000"", ""expiration"": ""2026-08-28"", ""type"": ""put"", ""strike"": 58.0, ""volume"": 548, ""volume_prev"": 1818, ""oi"": 3071, ""oi_prev"": 1892, ""oi_change"": 1179, ""last_price"": 0.01, ""iv"": 0.6119, ""delta"": -0.014}, {""contract_symbol"": ""SLV260828C00062500"", ""expiration"": ""2026-08-28"", ""type"": ""call"", ""strike"": 62.5, ""volume"": 5841, ""volume_prev"": 2241, ""oi"": 1899, ""oi_prev"": 777, ""oi_change"": 1122, ""last_price"": 0.8, ""iv"": 0.4588, ""delta"": 0.549}]"
2026-08-28,早报,cboe,62.77,0.6358550504624554,0.5685892949166622,0.46761489638296244,0.4528297191433449,59.5,58.0,0.5058,0.43455,0.8591340450771056,-4.171248923341947,1.0992512346662417,26134749.589999985,7330261.589999999,"[{""strike"": 65.0, ""type"": ""call"", ""oi"": 105347}, {""strike"": 63.0, ""type"": ""call"", ""oi"": 93311}, {""strike"": 60.0, ""type"": ""call"", ""oi"": 55879}]","[{""contract_symbol"": ""SLV260902P00064000"", ""expiration"": ""2026-09-02"", ""dte"": 5, ""type"": ""put"", ""strike"": 64.0, ""volume"": 1888, ""open_interest"": 98, ""volume_prev"": 18, ""volume_ratio"": 104.9, ""oi_prev"": 86, ""oi_change"": 12, ""oi_change_pct"": 14.0, ""flow"": ""开仓"", ""vol_oi_ratio"": 19.27, ""premium"": 3644.0, ""iv"": 0.3753, ""delta"": -0.671, ""score"": 158.0}, {""contract_symbol"": ""SLV260828P00063500"", ""expiration"": ""2026-08-28"", ""dte"": 0, ""type"": ""put"", ""strike"": 63.5, ""volume"": 3022, ""open_interest"": 206, ""volume_prev"": 87, ""volume_ratio"": 34.7, ""oi_prev"": 190, ""oi_change"": 16, ""oi_change_pct"": 8.4, ""flow"": ""开仓"", ""vol_oi_ratio"": 14.67, ""premium"": 2750.0, ""iv"": 0.4856, ""delta"": -0.797, ""score"": 116.2}, {""contract_symbol"": ""SLV260909C00071500"", ""expiration"": ""2026-09-09"", ""dte"": 12, ""type"": ""call"", ""strike"": 71.5, ""volume"": 500, ""open_interest"": 2, ""volume_prev"": 2, ""volume_ratio"": 250.0, ""oi_prev"": 0, ""oi_change"": 2, ""oi_change_pct"": null, ""flow"": ""开仓"", ""vol_oi_ratio"": 250.0, ""premium"": 95.0, ""iv"": 0.491, ""delta"": 0.076, ""score"": 91.3}, {""contract_symbol"": ""SLV260904P00069000"", ""expiration"": ""2026-09-04"", ""dte"": 7, ""type"": ""put"", ""strike"": 69.0, ""volume"": 725, ""open_interest"": 71, ""volume_prev"": 1, ""volume_ratio"": 725.0, ""oi_prev"": 71, ""oi_change"": 0, ""oi_change_pct"": 0.0, ""flow"": ""换手"", ""vol_oi_ratio"": 10.21, ""premium"": 4712.0, ""iv"": 0.4816, ""delta"": -0.91, ""score"": 86.4}, {""contract_symbol"": ""SLV260904P00064000"", ""expiration"": ""2026-09-04"", ""dte"": 7, ""type"": ""put"", ""strike"": 64.0, ""volume"": 1058, ""open_interest"": 173, ""volume_prev"": 131, ""volume_ratio"": 8.1, ""oi_prev"": 146, ""oi_change"": 27, ""oi_change_pct"": 18.5, ""flow"": ""开仓"", ""vol_oi_ratio"": 6.12, ""premium"": 2349.0, ""iv"": 0.4099, ""delta"": -0.63, ""score"": 47.5}]","[{""contract_symbol"": ""SLV260918P00060000"", ""expiration"": ""2026-09-18"", ""type"": ""put"", ""strike"": 60.0, ""volume"": 964, ""volume_prev"": 5015, ""oi"": 17436, ""oi_prev"": 13346, ""oi_change"": 4090, ""last_price"": 1.27, ""iv"": 0.4139, ""delta"": -0.311}, {""contract_symbol"": ""SLV260904C00069000"", ""expiration"": ""2026-09-04"", ""type"": ""call"", ""strike"": 69.0, ""volume"": 451, ""volume_prev"": 4127, ""oi"": 4379, ""oi_prev"": 319, ""oi_change"": 4060, ""last_price"": 0.2, ""iv"": 0.5057, ""delta"": 0.094}, {""contract_symbol"": ""SLV260904C00067000"", ""expiration"": ""2026-09-04"", ""type"": ""call"", ""strike"": 67.0, ""volume"": 308, ""volume_prev"": 4242, ""oi"": 5093, ""oi_prev"": 1067, ""oi_change"": 4026, ""last_price"": 0.37, ""iv"": 0.4698, ""delta"": 0.163}, {""contract_symbol"": ""SLV260828P00060000"", ""expiration"": ""2026-08-28"", ""type"": ""put"", ""strike"": 60.0, ""volume"": 1967, ""volume_prev"": 5023, ""oi"": 7212, ""oi_prev"": 4433, ""oi_change"": 2779, ""last_price"": 0.01, ""iv"": 0.7872, ""delta"": -0.043}, {""contract_symbol"": ""SLV260930C00063000"", ""expiration"": ""2026-09-30"", ""type"": ""call"", ""strike"": 63.0, ""volume"": 149, ""volume_prev"": 3204, ""oi"": 4753, ""oi_prev"": 2141, ""oi_change"": 2612, ""last_price"": 3.25, ""iv"": 0.4362, ""delta"": 0.518}]"
2026-08-30,晚报,cboe,60.02000045776367,0.6925915759294843,0.1772154165771187,0.35149716982745355,0.4427266186514729,60.0,62.5,0.28615,0.41785,1.4602481216145378,-3.268799999999994,2.157614112167988,8597705.019999983,5307674.189999998,"[{""strike"": 63.0, ""type"": ""call"", ""oi"": 82637}, {""strike"": 60.0, ""type"": ""call"", ""oi"": 48500}, {""strike"": 62.0, ""type"": ""call"", ""oi"": 26198}]","[{""contract_symbol"": ""SLV260902P00064000"", ""expiration"": ""2026-09-02"", ""dte"": 3, ""type"": ""put"", ""strike"": 64.0, ""volume"": 1964, ""open_interest"": 98, ""volume_prev"": 1964, ""volume_ratio"": 1.0, ""oi_prev"": 98, ""oi_change"": 0, ""oi_change_pct"": 0.0, ""flow"": ""换手"", ""vol_oi_ratio"": 20.04, ""premium"": 8151.0, ""iv"": 0.3918, ""delta"": -0.907, ""score"": 180.1}, {""contract_symbol"": ""SLV261009C00060000"", ""expiration"": ""2026-10-09"", ""dte"": 40, ""type"": ""call"", ""strike"": 60.0, ""volume"": 661, ""open_interest"": 11, ""volume_prev"": 0, ""volume_ratio"": null, ""oi_prev"": 0, ""oi_change"": 11, ""oi_change_pct"": null, ""flow"": ""新"", ""vol_oi_ratio"": 60.09, ""premium"": 2380.0, ""iv"": 0.4332, ""delta"": 0.538, ""score"": 155.5}, {""contract_symbol"": ""SLV260831P00065000"", ""expiration"": ""2026-08-31"", ""dte"": 1, ""type"": ""put"", ""strike"": 65.0, ""volume"": 669, ""open_interest"": 35, ""volume_prev"": 669, ""volume_ratio"": 1.0, ""oi_prev"": 35, ""oi_change"": 0, ""oi_change_pct"": 0.0, ""flow"": ""换手"", ""vol_oi_ratio"": 19.11, ""premium"": 3378.0, ""iv"": 0.3694, ""delta"": -0.98, ""score"": 155.3}, {""contract_symbol"": ""SLV260909C00061500"", ""expiration"": ""2026-09-09"", ""dte"": 10, ""type"": ""call"", ""strike"": 61.5, ""volume"": 863, ""open_interest"": 10, ""volume_prev"": 863, ""volume_ratio"": 1.0, ""oi_prev"": 10, ""oi_change"": 0, ""oi_change_pct"": 0.0, ""flow"": ""换手"", ""vol_oi_ratio"": 86.3, ""premium"": 876.0, ""iv"": 0.3777, ""delta"": 0.372, ""score"": 135.5}, {""contract_symbol"": ""SLV260909P00057000"", ""expiration"": ""2026-09-09"", ""dte"": 10, ""type"": ""put"", ""strike"": 57.0, ""volume"": 616, ""open_interest"": 16, ""volume_prev"": 616, ""volume_ratio"": 1.0, ""oi_prev"": 16, ""oi_change"": 0, ""oi_change_pct"": 0.0, ""flow"": ""换手"", ""vol_oi_ratio"": 38.5, ""premium"": 308.0, ""iv"": 0.3691, ""delta"": -0.216, ""score"": 114.7}]",[]
2026-08-31,早报,cboe,60.005,0.5904816733832278,0.2535729249103859,0.4606182100362131,0.44673529848690197,60.0,62.5,0.43579999999999997,0.4111,0.9433226250573659,-3.349698581560273,0.9249229230897426,7379485.000000014,6135362.869999994,"[{""strike"": 63.0, ""type"": ""call"", ""oi"": 85218}, {""strike"": 60.0, ""type"": ""call"", ""oi"": 51292}, {""strike"": 62.0, ""type"": ""call"", ""oi"": 30005}]","[{""contract_symbol"": ""SLV260909C00062500"", ""expiration"": ""2026-09-09"", ""dte"": 9, ""type"": ""call"", ""strike"": 62.5, ""volume"": 2003, ""open_interest"": 117, ""volume_prev"": 305, ""volume_ratio"": 6.6, ""oi_prev"": 162, ""oi_change"": -45, ""oi_change_pct"": -27.8, ""flow"": ""平仓"", ""vol_oi_ratio"": 17.12, ""premium"": 1172.0, ""iv"": 0.3849, ""delta"": 0.269, ""score"": 121.0}, {""contract_symbol"": ""SLV260831C00060500"", ""expiration"": ""2026-08-31"", ""dte"": 0, ""type"": ""call"", ""strike"": 60.5, ""volume"": 2537, ""open_interest"": 571, ""volume_prev"": 996, ""volume_ratio"": 2.5, ""oi_prev"": 138, ""oi_change"": 433, ""oi_change_pct"": 313.8, ""flow"": ""开仓"", ""vol_oi_ratio"": 4.44, ""premium"": 254.0, ""iv"": 0.4459, ""delta"": 0.241, ""score"": 24.6}, {""contract_symbol"": ""SLV260902P00059500"", ""expiration"": ""2026-09-02"", ""dte"": 2, ""type"": ""put"", ""strike"": 59.5, ""volume"": 712, ""open_interest"": 196, ""volume_prev"": 196, ""volume_ratio"": 3.6, ""oi_prev"": 76, ""oi_change"": 120, ""oi_change_pct"": 157.9, ""flow"": ""开仓"", ""vol_oi_ratio"": 3.63, ""premium"": 388.0, ""iv"": 0.4064, ""delta"": -0.395, ""score"": 21.7}, {""contract_symbol"": ""SLV260911P00056000"", ""expiration"": ""2026-09-11"", ""dte"": 11, ""type"": ""put"", ""strike"": 56.0, ""volume"": 1686, ""open_interest"": 1175, ""volume_prev"": 828, ""volume_ratio"": 2.0, ""oi_prev"": 495, ""oi_change"": 680, ""oi_change_pct"": 137.4, ""flow"": ""开仓"", ""vol_oi_ratio"": 1.43, ""premium"": 573.0, ""iv"": 0.3983, ""delta"": -0.153, ""score"": 9.1}, {""contract_symbol"": ""SLV260831C00061000"", ""expiration"": ""2026-08-31"", ""dte"": 0, ""type"": ""call"", ""strike"": 61.0, ""volume"": 1529, ""open_interest"": 1431, ""volume_prev"": 2032, ""volume_ratio"": 0.8, ""oi_prev"": 313, ""oi_change"": 1118, ""oi_change_pct"": 357.2, ""flow"": ""开仓"", ""vol_oi_ratio"": 1.07, ""premium"": 69.0, ""iv"": 0.5129, ""delta"": 0.114, ""score"": 4.5}]","[{""contract_symbol"": ""SLV260925C00075000"", ""expiration"": ""2026-09-25"", ""type"": ""call"", ""strike"": 75.0, ""volume"": 11, ""volume_prev"": 7016, ""oi"": 7811, ""oi_prev"": 2608, ""oi_change"": 5203, ""last_price"": 0.22, ""iv"": 0.5309, ""delta"": 0.067}, {""contract_symbol"": ""SLV260925C00070000"", ""expiration"": ""2026-09-25"", ""type"": ""call"", ""strike"": 70.0, ""volume"": 114, ""volume_prev"": 5868, ""oi"": 49082, ""oi_prev"": 46087, ""oi_change"": 2995, ""last_price"": 0.46, ""iv"": 0.4835, ""delta"": 0.13}, {""contract_symbol"": ""SLV260911C00064000"", ""expiration"": ""2026-09-11"", ""type"": ""call"", ""strike"": 64.0, ""volume"": 157, ""volume_prev"": 3489, ""oi"": 3245, ""oi_prev"": 571, ""oi_change"": 2674, ""last_price"": 0.52, ""iv"": 0.4284, ""delta"": 0.21}, {""contract_symbol"": ""SLV260918C00065000"", ""expiration"": ""2026-09-18"", ""type"": ""call"", ""strike"": 65.0, ""volume"": 782, ""volume_prev"": 11755, ""oi"": 45419, ""oi_prev"": 43035, ""oi_change"": 2384, ""last_price"": 0.74, ""iv"": 0.4377, ""delta"": 0.229}, {""contract_symbol"": ""SLV260831C00062000"", ""expiration"": ""2026-08-31"", ""type"": ""call"", ""strike"": 62.0, ""volume"": 105, ""volume_prev"": 3901, ""oi"": 3196, ""oi_prev"": 904, ""oi_change"": 2292, ""last_price"": 0.04, ""iv"": 0.6747, ""delta"": 0.031}]"
2026-08-31,晚报,cboe,60.130001068115234,0.5392300978455602,0.2535729249103859,0.5297217480831233,0.44673529848690197,60.0,62.5,0.4544,0.41025,0.9028389084507041,-50.92822725861533,0.24114418330999876,8102420.070000001,6762521.870000007,"[{""strike"": 63.0, ""type"": ""call"", ""oi"": 85218}, {""strike"": 60.0, ""type"": ""call"", ""oi"": 51292}, {""strike"": 62.0, ""type"": ""call"", ""oi"": 30005}]","[{""contract_symbol"": ""SLV260909C00062500"", ""expiration"": ""2026-09-09"", ""dte"": 9, ""type"": ""call"", ""strike"": 62.5, ""volume"": 2030, ""open_interest"": 117, ""volume_prev"": 305, ""volume_ratio"": 6.7, ""oi_prev"": 162, ""oi_change"": -45, ""oi_change_pct"": -27.8, ""flow"": ""平仓"", ""vol_oi_ratio"": 17.35, ""premium"": 1218.0, ""iv"": 0.3847, ""delta"": 0.276, ""score"": 123.3}, {""contract_symbol"": ""SLV260902P00058000"", ""expiration"": ""2026-09-02"", ""dte"": 2, ""type"": ""put"", ""strike"": 58.0, ""volume"": 3718, ""open_interest"": 228, ""volume_prev"": 231, ""volume_ratio"": 16.1, ""oi_prev"": 234, ""oi_change"": -6, ""oi_change_pct"": -2.6, ""flow"": ""平仓"", ""vol_oi_ratio"": 16.31, ""premium"": 372.0, ""iv"": 0.4074, ""delta"": -0.117, ""score"": 96.6}, {""contract_symbol"": ""SLV260902P00056500"", ""expiration"": ""2026-09-02"", ""dte"": 2, ""type"": ""put"", ""strike"": 56.5, ""volume"": 1651, ""open_interest"": 45, ""volume_prev"": 23, ""volume_ratio"": 71.8, ""oi_prev"": 31, ""oi_change"": 14, ""oi_change_pct"": 45.2, ""flow"": ""开仓"", ""vol_oi_ratio"": 36.69, ""premium"": 50.0, ""iv"": 0.4721, ""delta"": -0.03, ""score"": 78.5}, {""contract_symbol"": ""SLV260925P00054000"", ""expiration"": ""2026-09-25"", ""dte"": 25, ""type"": ""put"", ""strike"": 54.0, ""volume"": 2004, ""open_interest"": 180, ""volume_prev"": 43, ""volume_ratio"": 46.6, ""oi_prev"": 152, ""oi_change"": 28, ""oi_change_pct"": 18.4, ""flow"": ""开仓"", ""vol_oi_ratio"": 11.13, ""premium"": 1012.0, ""iv"": 0.4163, ""delta"": -0.145, ""score"": 77.1}, {""contract_symbol"": ""SLV260902P00059000"", ""expiration"": ""2026-09-02"", ""dte"": 2, ""type"": ""put"", ""strike"": 59.0, ""volume"": 1941, ""open_interest"": 197, ""volume_prev"": 275, ""volume_ratio"": 7.1, ""oi_prev"": 88, ""oi_change"": 109, ""oi_change_pct"": 123.9, ""flow"": ""开仓"", ""vol_oi_ratio"": 9.85, ""premium"": 553.0, ""iv"": 0.4058, ""delta"": -0.255, ""score"": 62.2}]","[{""contract_symbol"": ""SLV260925C00075000"", ""expiration"": ""2026-09-25"", ""type"": ""call"", ""strike"": 75.0, ""volume"": 36, ""volume_prev"": 7016, ""oi"": 7811, ""oi_prev"": 2608, ""oi_change"": 5203, ""last_price"": 0.22, ""iv"": 0.5305, ""delta"": 0.066}, {""contract_symbol"": ""SLV260925C00070000"", ""expiration"": ""2026-09-25"", ""type"": ""call"", ""strike"": 70.0, ""volume"": 214, ""volume_prev"": 5868, ""oi"": 49082, ""oi_prev"": 46087, ""oi_change"": 2995, ""last_price"": 0.44, ""iv"": 0.4777, ""delta"": 0.131}, {""contract_symbol"": ""SLV260911C00064000"", ""expiration"": ""2026-09-11"", ""type"": ""call"", ""strike"": 64.0, ""volume"": 531, ""volume_prev"": 3489, ""oi"": 3245, ""oi_prev"": 571, ""oi_change"": 2674, ""last_price"": 0.51, ""iv"": 0.4255, ""delta"": 0.214}, {""contract_symbol"": ""SLV260918C00065000"", ""expiration"": ""2026-09-18"", ""type"": ""call"", ""strike"": 65.0, ""volume"": 11041, ""volume_prev"": 11755, ""oi"": 45419, ""oi_prev"": 43035, ""oi_change"": 2384, ""last_price"": 0.76, ""iv"": 0.4401, ""delta"": 0.234}, {""contract_symbol"": ""SLV260831C00062000"", ""expiration"": ""2026-08-31"", ""type"": ""call"", ""strike"": 62.0, ""volume"": 337, ""volume_prev"": 3901, ""oi"": 3196, ""oi_prev"": 904, ""oi_change"": 2292, ""last_price"": 0.01, ""iv"": 2.6726, ""delta"": 0.0}]"
2026-09-01,早报,cboe,58.385,0.7522277227722772,0.8018203741880275,0.9240960029036795,0.46168788396133836,61.0,62.5,0.4303,0.41305000000000003,0.9599116895189403,-0.24164273366393818,2.03819474180012,-237447.7399999992,5484492.0699999975,"[{""strike"": 60.0, ""type"": ""call"", ""oi"": 48760}, {""strike"": 60.0, ""type"": ""put"", ""oi"": 27381}, {""strike"": 58.0, ""type"": ""put"", ""oi"": 23133}]","[{""contract_symbol"": ""SLV260911P00063500"", ""expiration"": ""2026-09-11"", ""dte"": 10, ""type"": ""put"", ""strike"": 63.5, ""volume"": 1562, ""open_interest"": 11, ""volume_prev"": 6, ""volume_ratio"": 260.3, ""oi_prev"": 11, ""oi_change"": 0, ""oi_change_pct"": 0.0, ""flow"": ""换手"", ""vol_oi_ratio"": 142.0, ""premium"": 8396.0, ""iv"": 0.4526, ""delta"": -0.861, ""score"": 180.7}, {""contract_symbol"": ""SLV260902C00058500"", ""expiration"": ""2026-09-02"", ""dte"": 1, ""type"": ""call"", ""strike"": 58.5, ""volume"": 531, ""open_interest"": 48, ""volume_prev"": 53, ""volume_ratio"": 10.0, ""oi_prev"": 15, ""oi_change"": 33, ""oi_change_pct"": 220.0, ""flow"": ""开仓"", ""vol_oi_ratio"": 11.06, ""premium"": 289.0, ""iv"": 0.4246, ""delta"": 0.481, ""score"": 62.7}, {""contract_symbol"": ""SLV260902C00059000"", ""expiration"": ""2026-09-02"", ""dte"": 1, ""type"": ""call"", ""strike"": 59.0, ""volume"": 1706, ""open_interest"": 628, ""volume_prev"": 672, ""volume_ratio"": 2.5, ""oi_prev"": 172, ""oi_change"": 456, ""oi_change_pct"": 265.1, ""flow"": ""开仓"", ""vol_oi_ratio"": 2.72, ""premium"": 606.0, ""iv"": 0.438, ""delta"": 0.353, ""score"": 17.4}, {""contract_symbol"": ""SLV260902C00059500"", ""expiration"": ""2026-09-02"", ""dte"": 1, ""type"": ""call"", ""strike"": 59.5, ""volume"": 614, ""open_interest"": 346, ""volume_prev"": 1008, ""volume_ratio"": 0.6, ""oi_prev"": 143, ""oi_change"": 203, ""oi_change_pct"": 142.0, ""flow"": ""开仓"", ""vol_oi_ratio"": 1.77, ""premium"": 132.0, ""iv"": 0.4412, ""delta"": 0.245, ""score"": 8.7}, {""contract_symbol"": ""SLV260902C00060500"", ""expiration"": ""2026-09-02"", ""dte"": 1, ""type"": ""call"", ""strike"": 60.5, ""volume"": 721, ""open_interest"": 512, ""volume_prev"": 900, ""volume_ratio"": 0.8, ""oi_prev"": 151, ""oi_change"": 361, ""oi_change_pct"": 239.1, ""flow"": ""开仓"", ""vol_oi_ratio"": 1.41, ""premium"": 65.0, ""iv"": 0.4859, ""delta"": 0.109, ""score"": 5.9}]","[{""contract_symbol"": ""SLV260918C00065000"", ""expiration"": ""2026-09-18"", ""type"": ""call"", ""strike"": 65.0, ""volume"": 492, ""volume_prev"": 11041, ""oi"": 52336, ""oi_prev"": 45419, ""oi_change"": 6917, ""last_price"": 0.44, ""iv"": 0.4524, ""delta"": 0.158}, {""contract_symbol"": ""SLV260918C00072000"", ""expiration"": ""2026-09-18"", ""type"": ""call"", ""strike"": 72.0, ""volume"": 10, ""volume_prev"": 4371, ""oi"": 8074, ""oi_prev"": 4118, ""oi_change"": 3956, ""last_price"": 0.13, ""iv"": 0.5416, ""delta"": 0.047}, {""contract_symbol"": ""SLV260902P00058000"", ""expiration"": ""2026-09-02"", ""type"": ""put"", ""strike"": 58.0, ""volume"": 1744, ""volume_prev"": 3718, ""oi"": 3373, ""oi_prev"": 228, ""oi_change"": 3145, ""last_price"": 0.44, ""iv"": 0.437, ""delta"": -0.386}, {""contract_symbol"": ""SLV260918P00049000"", ""expiration"": ""2026-09-18"", ""type"": ""put"", ""strike"": 49.0, ""volume"": 26, ""volume_prev"": 3286, ""oi"": 4390, ""oi_prev"": 1502, ""oi_change"": 2888, ""last_price"": 0.1, ""iv"": 0.4885, ""delta"": -0.042}, {""contract_symbol"": ""SLV260909P00059000"", ""expiration"": ""2026-09-09"", ""type"": ""put"", ""strike"": 59.0, ""volume"": 99, ""volume_prev"": 2221, ""oi"": 2548, ""oi_prev"": 480, ""oi_change"": 2068, ""last_price"": 1.6, ""iv"": 0.3824, ""delta"": -0.552}]"
2026-09-01,晚报,cboe,57.91999816894531,0.8087809226654781,0.8018203741880275,0.7487259898079185,0.46168788396133836,61.0,62.5,0.44630000000000003,0.41175,0.9225857046829486,0.7624877574486377,1.8819061368417305,-2904868.690000001,5366113.719999999,"[{""strike"": 60.0, ""type"": ""call"", ""oi"": 48760}, {""strike"": 60.0, ""type"": ""put"", ""oi"": 27381}, {""strike"": 58.0, ""type"": ""put"", ""oi"": 23133}]","[{""contract_symbol"": ""SLV260911P00063500"", ""expiration"": ""2026-09-11"", ""dte"": 10, ""type"": ""put"", ""strike"": 63.5, ""volume"": 1606, ""open_interest"": 11, ""volume_prev"": 6, ""volume_ratio"": 267.7, ""oi_prev"": 11, ""oi_change"": 0, ""oi_change_pct"": 0.0, ""flow"": ""换手"", ""vol_oi_ratio"": 146.0, ""premium"": 9315.0, ""iv"": 0.444, ""delta"": -0.887, ""score"": 182.8}, {""contract_symbol"": ""SLV260902C00058500"", ""expiration"": ""2026-09-02"", ""dte"": 1, ""type"": ""call"", ""strike"": 58.5, ""volume"": 2099, ""open_interest"": 48, ""volume_prev"": 53, ""volume_ratio"": 39.6, ""oi_prev"": 15, ""oi_change"": 33, ""oi_change_pct"": 220.0, ""flow"": ""开仓"", ""vol_oi_ratio"": 43.73, ""premium"": 619.0, ""iv"": 0.4503, ""delta"": 0.331, ""score"": 128.6}, {""contract_symbol"": ""SLV261002C00067500"", ""expiration"": ""2026-10-02"", ""dte"": 31, ""type"": ""call"", ""strike"": 67.5, ""volume"": 512, ""open_interest"": 5, ""volume_prev"": 0, ""volume_ratio"": null, ""oi_prev"": 5, ""oi_change"": 0, ""oi_change_pct"": 0.0, ""flow"": ""换手"", ""vol_oi_ratio"": 102.4, ""premium"": 300.0, ""iv"": 0.4692, ""delta"": 0.152, ""score"": 114.1}, {""contract_symbol"": ""SLV260902C00058000"", ""expiration"": ""2026-09-02"", ""dte"": 1, ""type"": ""call"", ""strike"": 58.0, ""volume"": 1705, ""open_interest"": 151, ""volume_prev"": 147, ""volume_ratio"": 11.6, ""oi_prev"": 56, ""oi_change"": 95, ""oi_change_pct"": 169.6, ""flow"": ""开仓"", ""vol_oi_ratio"": 11.29, ""premium"": 844.0, ""iv"": 0.4543, ""delta"": 0.47, ""score"": 76.1}, {""contract_symbol"": ""SLV260902C00059000"", ""expiration"": ""2026-09-02"", ""dte"": 1, ""type"": ""call"", ""strike"": 59.0, ""volume"": 6161, ""open_interest"": 628, ""volume_prev"": 672, ""volume_ratio"": 9.2, ""oi_prev"": 172, ""oi_change"": 456, ""oi_change_pct"": 265.1, ""flow"": ""开仓"", ""vol_oi_ratio"": 9.81, ""premium"": 1017.0, ""iv"": 0.4515, ""delta"": 0.216, ""score"": 67.9}]","[{""contract_symbol"": ""SLV260918C00065000"", ""expiration"": ""2026-09-18"", ""type"": ""call"", ""strike"": 65.0, ""volume"": 5191, ""volume_prev"": 11041, ""oi"": 52336, ""oi_prev"": 45419, ""oi_change"": 6917, ""last_price"": 0.38, ""iv"": 0.463, ""delta"": 0.138}, {""contract_symbol"": ""SLV260918C00072000"", ""expiration"": ""2026-09-18"", ""type"": ""call"", ""strike"": 72.0, ""volume"": 30, ""volume_prev"": 4371, ""oi"": 8074, ""oi_prev"": 4118, ""oi_change"": 3956, ""last_price"": 0.11, ""iv"": 0.5573, ""delta"": 0.043}, {""contract_symbol"": ""SLV260902P00058000"", ""expiration"": ""2026-09-02"", ""type"": ""put"", ""strike"": 58.0, ""volume"": 5372, ""volume_prev"": 3718, ""oi"": 3373, ""oi_prev"": 228, ""oi_change"": 3145, ""last_price"": 0.58, ""iv"": 0.4383, ""delta"": -0.53}, {""contract_symbol"": ""SLV260918P00049000"", ""expiration"": ""2026-09-18"", ""type"": ""put"", ""strike"": 49.0, ""volume"": 49, ""volume_prev"": 3286, ""oi"": 4390, ""oi_prev"": 1502, ""oi_change"": 2888, ""last_price"": 0.12, ""iv"": 0.4843, ""delta"": -0.048}, {""contract_symbol"": ""SLV260909P00059000"", ""expiration"": ""2026-09-09"", ""type"": ""put"", ""strike"": 59.0, ""volume"": 679, ""volume_prev"": 2221, ""oi"": 2548, ""oi_prev"": 480, ""oi_change"": 2068, ""last_price"": 1.87, ""iv"": 0.3743, ""delta"": -0.619}]"
2026-09-02,早报,cboe,58.93,0.5963070238957278,0.6491122220306844,0.6578057302585605,0.45961127623543696,59.0,60.0,0.35335,0.4233,1.1979623602660252,0.42704497631027016,0.7466485660953673,4255750.160000012,6316602.769999996,"[{""strike"": 60.0, ""type"": ""call"", ""oi"": 59707}, {""strike"": 60.0, ""type"": ""put"", ""oi"": 27133}, {""strike"": 58.0, ""type"": ""put"", ""oi"": 21758}]","[{""contract_symbol"": ""SLV260930P00052500"", ""expiration"": ""2026-09-30"", ""dte"": 28, ""type"": ""put"", ""strike"": 52.5, ""volume"": 5439, ""open_interest"": 1194, ""volume_prev"": 2, ""volume_ratio"": 2719.5, ""oi_prev"": 1193, ""oi_change"": 1, ""oi_change_pct"": 0.1, ""flow"": ""开仓"", ""vol_oi_ratio"": 4.56, ""premium"": 2937.0, ""iv"": 0.4225, ""delta"": -0.145, ""score"": 36.4}, {""contract_symbol"": ""SLV260902C00059500"", ""expiration"": ""2026-09-02"", ""dte"": 0, ""type"": ""call"", ""strike"": 59.5, ""volume"": 3463, ""open_interest"": 782, ""volume_prev"": 1896, ""volume_ratio"": 1.8, ""oi_prev"": 346, ""oi_change"": 436, ""oi_change_pct"": 126.0, ""flow"": ""开仓"", ""vol_oi_ratio"": 4.43, ""premium"": 190.0, ""iv"": 0.3859, ""delta"": 0.185, ""score"": 23.3}, {""contract_symbol"": ""SLV260930P00053500"", ""expiration"": ""2026-09-30"", ""dte"": 28, ""type"": ""put"", ""strike"": 53.5, ""volume"": 1119, ""open_interest"": 323, ""volume_prev"": 12, ""volume_ratio"": 93.2, ""oi_prev"": 312, ""oi_change"": 11, ""oi_change_pct"": 3.5, ""flow"": ""开仓"", ""vol_oi_ratio"": 3.46, ""premium"": 789.0, ""iv"": 0.4157, ""delta"": -0.182, ""score"": 23.1}, {""contract_symbol"": ""SLV260902C00059000"", ""expiration"": ""2026-09-02"", ""dte"": 0, ""type"": ""call"", ""strike"": 59.0, ""volume"": 5119, ""open_interest"": 2913, ""volume_prev"": 6161, ""volume_ratio"": 0.8, ""oi_prev"": 628, ""oi_change"": 2285, ""oi_change_pct"": 363.9, ""flow"": ""开仓"", ""vol_oi_ratio"": 1.76, ""premium"": 947.0, ""iv"": 0.345, ""delta"": 0.441, ""score"": 12.0}, {""contract_symbol"": ""SLV260902P00058500"", ""expiration"": ""2026-09-02"", ""dte"": 0, ""type"": ""put"", ""strike"": 58.5, ""volume"": 1534, ""open_interest"": 719, ""volume_prev"": 1672, ""volume_ratio"": 0.9, ""oi_prev"": 493, ""oi_change"": 226, ""oi_change_pct"": 45.8, ""flow"": ""开仓"", ""vol_oi_ratio"": 2.13, ""premium"": 123.0, ""iv"": 0.3808, ""delta"": -0.233, ""score"": 10.3}]","[{""contract_symbol"": ""SLV260911C00060000"", ""expiration"": ""2026-09-11"", ""type"": ""call"", ""strike"": 60.0, ""volume"": 596, ""volume_prev"": 10393, ""oi"": 11270, ""oi_prev"": 2560, ""oi_change"": 8710, ""last_price"": 1.05, ""iv"": 0.3996, ""delta"": 0.409}, {""contract_symbol"": ""SLV260904P00055000"", ""expiration"": ""2026-09-04"", ""type"": ""put"", ""strike"": 55.0, ""volume"": 161, ""volume_prev"": 6880, ""oi"": 6357, ""oi_prev"": 1370, ""oi_change"": 4987, ""last_price"": 0.04, ""iv"": 0.527, ""delta"": -0.048}, {""contract_symbol"": ""SLV260904C00061000"", ""expiration"": ""2026-09-04"", ""type"": ""call"", ""strike"": 61.0, ""volume"": 504, ""volume_prev"": 7089, ""oi"": 10428, ""oi_prev"": 5679, ""oi_change"": 4749, ""last_price"": 0.22, ""iv"": 0.4778, ""delta"": 0.189}, {""contract_symbol"": ""SLV260904C00062000"", ""expiration"": ""2026-09-04"", ""type"": ""call"", ""strike"": 62.0, ""volume"": 408, ""volume_prev"": 5209, ""oi"": 10820, ""oi_prev"": 7336, ""oi_change"": 3484, ""last_price"": 0.12, ""iv"": 0.5055, ""delta"": 0.108}, {""contract_symbol"": ""SLV260918P00050000"", ""expiration"": ""2026-09-18"", ""type"": ""put"", ""strike"": 50.0, ""volume"": 35, ""volume_prev"": 3708, ""oi"": 48005, ""oi_prev"": 45428, ""oi_change"": 2577, ""last_price"": 0.11, ""iv"": 0.4788, ""delta"": -0.046}]"
2026-09-02,晚报,cboe,59.06999969482422,0.592523269931202,0.6491122220306844,0.5160986891498891,0.45961127623543696,59.0,60.0,0.25775,0.4261,1.6531522793404463,28.97682108516483,0.11003893742307802,4592205.330000002,7114378.239999999,"[{""strike"": 60.0, ""type"": ""call"", ""oi"": 59707}, {""strike"": 62.0, ""type"": ""call"", ""oi"": 35707}, {""strike"": 60.0, ""type"": ""put"", ""oi"": 27133}]","[{""contract_symbol"": ""SLV261002C00066000"", ""expiration"": ""2026-10-02"", ""dte"": 30, ""type"": ""call"", ""strike"": 66.0, ""volume"": 4194, ""open_interest"": 119, ""volume_prev"": 53, ""volume_ratio"": 79.1, ""oi_prev"": 72, ""oi_change"": 47, ""oi_change_pct"": 65.3, ""flow"": ""开仓"", ""vol_oi_ratio"": 35.24, ""premium"": 3900.0, ""iv"": 0.4576, ""delta"": 0.225, ""score"": 165.4}, {""contract_symbol"": ""SLV261002C00068000"", ""expiration"": ""2026-10-02"", ""dte"": 30, ""type"": ""call"", ""strike"": 68.0, ""volume"": 4204, ""open_interest"": 54, ""volume_prev"": 11, ""volume_ratio"": 382.2, ""oi_prev"": 53, ""oi_change"": 1, ""oi_change_pct"": 1.9, ""flow"": ""开仓"", ""vol_oi_ratio"": 77.85, ""premium"": 2880.0, ""iv"": 0.4737, ""delta"": 0.172, ""score"": 159.3}, {""contract_symbol"": ""SLV260916C00061000"", ""expiration"": ""2026-09-16"", ""dte"": 14, ""type"": ""call"", ""strike"": 61.0, ""volume"": 582, ""open_interest"": 21, ""volume_prev"": 31, ""volume_ratio"": 18.8, ""oi_prev"": 0, ""oi_change"": 21, ""oi_change_pct"": null, ""flow"": ""开仓"", ""vol_oi_ratio"": 27.71, ""premium"": 634.0, ""iv"": 0.4039, ""delta"": 0.359, ""score"": 129.1}, {""contract_symbol"": ""SLV260902C00059000"", ""expiration"": ""2026-09-02"", ""dte"": 0, ""type"": ""call"", ""strike"": 59.0, ""volume"": 23332, ""open_interest"": 2913, ""volume_prev"": 6161, ""volume_ratio"": 3.8, ""oi_prev"": 628, ""oi_change"": 2285, ""oi_change_pct"": 363.9, ""flow"": ""开仓"", ""vol_oi_ratio"": 8.01, ""premium"": 933.0, ""iv"": 0.296, ""delta"": 0.519, ""score"": 54.8}, {""contract_symbol"": ""SLV260904C00059500"", ""expiration"": ""2026-09-04"", ""dte"": 2, ""type"": ""call"", ""strike"": 59.5, ""volume"": 2974, ""open_interest"": 504, ""volume_prev"": 431, ""volume_ratio"": 6.9, ""oi_prev"": 336, ""oi_change"": 168, ""oi_change_pct"": 50.0, ""flow"": ""开仓"", ""vol_oi_ratio"": 5.9, ""premium"": 1799.0, ""iv"": 0.4703, ""delta"": 0.417, ""score"": 44.2}]","[{""contract_symbol"": ""SLV260911C00060000"", ""expiration"": ""2026-09-11"", ""type"": ""call"", ""strike"": 60.0, ""volume"": 2115, ""volume_prev"": 10393, ""oi"": 11270, ""oi_prev"": 2560, ""oi_change"": 8710, ""last_price"": 1.09, ""iv"": 0.398, ""delta"": 0.414}, {""contract_symbol"": ""SLV260904P00055000"", ""expiration"": ""2026-09-04"", ""type"": ""put"", ""strike"": 55.0, ""volume"": 219, ""volume_prev"": 6880, ""oi"": 6357, ""oi_prev"": 1370, ""oi_change"": 4987, ""last_price"": 0.03, ""iv"": 0.5253, ""delta"": -0.037}, {""contract_symbol"": ""SLV260904C00061000"", ""expiration"": ""2026-09-04"", ""type"": ""call"", ""strike"": 61.0, ""volume"": 4642, ""volume_prev"": 7089, ""oi"": 10428, ""oi_prev"": 5679, ""oi_change"": 4749, ""last_price"": 0.21, ""iv"": 0.482, ""delta"": 0.185}, {""contract_symbol"": ""SLV260904C00062000"", ""expiration"": ""2026-09-04"", ""type"": ""call"", ""strike"": 62.0, ""volume"": 857, ""volume_prev"": 5209, ""oi"": 10820, ""oi_prev"": 7336, ""oi_change"": 3484, ""last_price"": 0.11, ""iv"": 0.5158, ""delta"": 0.104}, {""contract_symbol"": ""SLV260918P00050000"", ""expiration"": ""2026-09-18"", ""type"": ""put"", ""strike"": 50.0, ""volume"": 46, ""volume_prev"": 3708, ""oi"": 48005, ""oi_prev"": 45428, ""oi_change"": 2577, ""last_price"": 0.12, ""iv"": 0.4865, ""delta"": -0.046}]"
2026-09-03,早报,cboe,59.955,0.5558171230330814,0.5148795276846976,0.35198073976800176,0.4559277572255412,59.0,60.0,0.4687,0.42615000000000003,0.9092169831448689,-0.28003369745303597,2.2433491785505795,8921686.689999977,6091690.859999987,"[{""strike"": 60.0, ""type"": ""call"", ""oi"": 58130}, {""strike"": 62.0, ""type"": ""call"", ""oi"": 33281}, {""strike"": 60.0, ""type"": ""put"", ""oi"": 23744}]",[],"[{""contract_symbol"": ""SLV260930P00052500"", ""expiration"": ""2026-09-30"", ""type"": ""put"", ""strike"": 52.5, ""volume"": 7, ""volume_prev"": 5475, ""oi"": 5981, ""oi_prev"": 1194, ""oi_change"": 4787, ""last_price"": 0.4, ""iv"": 0.4242, ""delta"": -0.116}, {""contract_symbol"": ""SLV261002C00068000"", ""expiration"": ""2026-10-02"", ""type"": ""call"", ""strike"": 68.0, ""volume"": 15, ""volume_prev"": 4204, ""oi"": 4200, ""oi_prev"": 54, ""oi_change"": 4146, ""last_price"": 0.8, ""iv"": 0.4754, ""delta"": 0.193}, {""contract_symbol"": ""SLV261002C00066000"", ""expiration"": ""2026-10-02"", ""type"": ""call"", ""strike"": 66.0, ""volume"": 17, ""volume_prev"": 4194, ""oi"": 4229, ""oi_prev"": 119, ""oi_change"": 4110, ""last_price"": 1.1, ""iv"": 0.459, ""delta"": 0.252}, {""contract_symbol"": ""SLV260904C00061000"", ""expiration"": ""2026-09-04"", ""type"": ""call"", ""strike"": 61.0, ""volume"": 667, ""volume_prev"": 4642, ""oi"": 12425, ""oi_prev"": 10428, ""oi_change"": 1997, ""last_price"": 0.29, ""iv"": 0.4756, ""delta"": 0.251}, {""contract_symbol"": ""SLV260918C00064000"", ""expiration"": ""2026-09-18"", ""type"": ""call"", ""strike"": 64.0, ""volume"": 472, ""volume_prev"": 1739, ""oi"": 8235, ""oi_prev"": 6896, ""oi_change"": 1339, ""last_price"": 0.72, ""iv"": 0.4326, ""delta"": 0.242}]"
2026-09-03,晚报,cboe,60.54999923706055,0.6758893280632411,0.5148795276846976,0.42533942968831806,0.4559277572255412,59.0,60.0,0.4941,0.44815,0.9070026310463469,-5.2265322364901055,2.0726672432918183,13509006.460000014,6197563.52,"[{""strike"": 63.0, ""type"": ""call"", ""oi"": 81893}, {""strike"": 60.0, ""type"": ""call"", ""oi"": 58130}, {""strike"": 62.0, ""type"": ""call"", ""oi"": 33281}]","[{""contract_symbol"": ""SLV260909P00060500"", ""expiration"": ""2026-09-09"", ""dte"": 6, ""type"": ""put"", ""strike"": 60.5, ""volume"": 2478, ""open_interest"": 304, ""volume_prev"": 71, ""volume_ratio"": 34.9, ""oi_prev"": 272, ""oi_change"": 32, ""oi_change_pct"": 11.8, ""flow"": ""开仓"", ""vol_oi_ratio"": 8.15, ""premium"": 2738.0, ""iv"": 0.3571, ""delta"": -0.491, ""score"": 64.5}, {""contract_symbol"": ""SLV260904P00060500"", ""expiration"": ""2026-09-04"", ""dte"": 1, ""type"": ""put"", ""strike"": 60.5, ""volume"": 2489, ""open_interest"": 431, ""volume_prev"": 58, ""volume_ratio"": 42.9, ""oi_prev"": 428, ""oi_change"": 3, ""oi_change_pct"": 0.7, ""flow"": ""开仓"", ""vol_oi_ratio"": 5.77, ""premium"": 1556.0, ""iv"": 0.4898, ""delta"": -0.496, ""score"": 42.4}, {""contract_symbol"": ""SLV260918P00091000"", ""expiration"": ""2026-09-18"", ""dte"": 15, ""type"": ""put"", ""strike"": 91.0, ""volume"": 2410, ""open_interest"": 810, ""volume_prev"": 0, ""volume_ratio"": null, ""oi_prev"": 810, ""oi_change"": 0, ""oi_change_pct"": 0.0, ""flow"": ""换手"", ""vol_oi_ratio"": 2.98, ""premium"": 73746.0, ""iv"": 1.0187, ""delta"": -0.999, ""score"": 33.3}, {""contract_symbol"": ""SLV260911P00060500"", ""expiration"": ""2026-09-11"", ""dte"": 8, ""type"": ""put"", ""strike"": 60.5, ""volume"": 584, ""open_interest"": 124, ""volume_prev"": 77, ""volume_ratio"": 7.6, ""oi_prev"": 105, ""oi_change"": 19, ""oi_change_pct"": 18.1, ""flow"": ""开仓"", ""vol_oi_ratio"": 4.71, ""premium"": 838.0, ""iv"": 0.4041, ""delta"": -0.487, ""score"": 31.7}, {""contract_symbol"": ""SLV260904P00069000"", ""expiration"": ""2026-09-04"", ""dte"": 1, ""type"": ""put"", ""strike"": 69.0, ""volume"": 1540, ""open_interest"": 491, ""volume_prev"": 1, ""volume_ratio"": 1540.0, ""oi_prev"": 492, ""oi_change"": -1, ""oi_change_pct"": -0.2, ""flow"": ""平仓"", ""vol_oi_ratio"": 3.14, ""premium"": 13090.0, ""iv"": null, ""delta"": -0.996, ""score"": 29.7}]","[{""contract_symbol"": ""SLV260930P00052500"", ""expiration"": ""2026-09-30"", ""type"": ""put"", ""strike"": 52.5, ""volume"": 19, ""volume_prev"": 5475, ""oi"": 5981, ""oi_prev"": 1194, ""oi_change"": 4787, ""last_price"": 0.4, ""iv"": 0.4406, ""delta"": -0.105}, {""contract_symbol"": ""SLV261002C00068000"", ""expiration"": ""2026-10-02"", ""type"": ""call"", ""strike"": 68.0, ""volume"": 123, ""volume_prev"": 4204, ""oi"": 4200, ""oi_prev"": 54, ""oi_change"": 4146, ""last_price"": 1.05, ""iv"": 0.499, ""delta"": 0.231}, {""contract_symbol"": ""SLV261002C00066000"", ""expiration"": ""2026-10-02"", ""type"": ""call"", ""strike"": 66.0, ""volume"": 115, ""volume_prev"": 4194, ""oi"": 4229, ""oi_prev"": 119, ""oi_change"": 4110, ""last_price"": 1.4, ""iv"": 0.4837, ""delta"": 0.292}, {""contract_symbol"": ""SLV260904C00061000"", ""expiration"": ""2026-09-04"", ""type"": ""call"", ""strike"": 61.0, ""volume"": 6185, ""volume_prev"": 4642, ""oi"": 12425, ""oi_prev"": 10428, ""oi_change"": 1997, ""last_price"": 0.45, ""iv"": 0.5153, ""delta"": 0.384}, {""contract_symbol"": ""SLV260918C00064000"", ""expiration"": ""2026-09-18"", ""type"": ""call"", ""strike"": 64.0, ""volume"": 936, ""volume_prev"": 1739, ""oi"": 8235, ""oi_prev"": 6896, ""oi_change"": 1339, ""last_price"": 0.99, ""iv"": 0.4596, ""delta"": 0.294}]"
2026-09-04,早报,cboe,59.2805,0.5743524952621605,0.5246799734711862,0.44343643448611786,0.45746983033133565,59.5,59.5,0.44615,0.42815000000000003,0.9596548246105571,3.044518845659694,0.9783993049991143,6104225.850000005,6462183.6899999995,"[{""strike"": 60.0, ""type"": ""call"", ""oi"": 58873}, {""strike"": 62.0, ""type"": ""call"", ""oi"": 36716}, {""strike"": 60.0, ""type"": ""put"", ""oi"": 25856}]","[{""contract_symbol"": ""SLV260904C00059500"", ""expiration"": ""2026-09-04"", ""dte"": 0, ""type"": ""call"", ""strike"": 59.5, ""volume"": 4028, ""open_interest"": 1240, ""volume_prev"": 1068, ""volume_ratio"": 3.8, ""oi_prev"": 1287, ""oi_change"": -47, ""oi_change_pct"": -3.7, ""flow"": ""平仓"", ""vol_oi_ratio"": 3.25, ""premium"": 947.0, ""iv"": 0.4501, ""delta"": 0.439, ""score"": 22.3}, {""contract_symbol"": ""SLV260930C00068000"", ""expiration"": ""2026-09-30"", ""dte"": 26, ""type"": ""call"", ""strike"": 68.0, ""volume"": 2384, ""open_interest"": 2008, ""volume_prev"": 37, ""volume_ratio"": 64.4, ""oi_prev"": 1990, ""oi_change"": 18, ""oi_change_pct"": 0.9, ""flow"": ""开仓"", ""vol_oi_ratio"": 1.19, ""premium"": 1490.0, ""iv"": 0.4771, ""delta"": 0.168, ""score"": 8.7}, {""contract_symbol"": ""SLV260904P00059000"", ""expiration"": ""2026-09-04"", ""dte"": 0, ""type"": ""put"", ""strike"": 59.0, ""volume"": 2083, ""open_interest"": 1814, ""volume_prev"": 3129, ""volume_ratio"": 0.7, ""oi_prev"": 1528, ""oi_change"": 286, ""oi_change_pct"": 18.7, ""flow"": ""开仓"", ""vol_oi_ratio"": 1.15, ""premium"": 292.0, ""iv"": 0.4588, ""delta"": -0.304, ""score"": 6.5}]","[{""contract_symbol"": ""SLV260918C00068000"", ""expiration"": ""2026-09-18"", ""type"": ""call"", ""strike"": 68.0, ""volume"": 28, ""volume_prev"": 5418, ""oi"": 8525, ""oi_prev"": 3472, ""oi_change"": 5053, ""last_price"": 0.27, ""iv"": 0.5015, ""delta"": 0.1}, {""contract_symbol"": ""SLV260918C00067500"", ""expiration"": ""2026-09-18"", ""type"": ""call"", ""strike"": 67.5, ""volume"": 14, ""volume_prev"": 4327, ""oi"": 6373, ""oi_prev"": 2666, ""oi_change"": 3707, ""last_price"": 0.31, ""iv"": 0.4955, ""delta"": 0.109}, {""contract_symbol"": ""SLV260930C00070000"", ""expiration"": ""2026-09-30"", ""type"": ""call"", ""strike"": 70.0, ""volume"": 47, ""volume_prev"": 6783, ""oi"": 29682, ""oi_prev"": 27065, ""oi_change"": 2617, ""last_price"": 0.48, ""iv"": 0.4987, ""delta"": 0.129}, {""contract_symbol"": ""SLV260904P00058000"", ""expiration"": ""2026-09-04"", ""type"": ""put"", ""strike"": 58.0, ""volume"": 264, ""volume_prev"": 4708, ""oi"": 4681, ""oi_prev"": 2227, ""oi_change"": 2454, ""last_price"": 0.04, ""iv"": 0.5961, ""delta"": -0.071}, {""contract_symbol"": ""SLV260909P00060500"", ""expiration"": ""2026-09-09"", ""type"": ""put"", ""strike"": 60.5, ""volume"": 108, ""volume_prev"": 2478, ""oi"": 2576, ""oi_prev"": 304, ""oi_change"": 2272, ""last_price"": 1.67, ""iv"": 0.3407, ""delta"": -0.67}]"
2026-09-04,晚报,cboe,59.81999969482422,0.6289861193771958,0.5246799734711862,0.8166177636472117,0.45746983033133565,59.5,59.5,0.58675,0.41359999999999997,0.7048998721772475,-19.908561194300813,0.3928452042776135,7795193.620000017,6397925.870000007,"[{""strike"": 60.0, ""type"": ""call"", ""oi"": 58873}, {""strike"": 62.0, ""type"": ""call"", ""oi"": 36716}, {""strike"": 60.0, ""type"": ""put"", ""oi"": 25856}]","[{""contract_symbol"": ""SLV260911P00057500"", ""expiration"": ""2026-09-11"", ""dte"": 7, ""type"": ""put"", ""strike"": 57.5, ""volume"": 2671, ""open_interest"": 217, ""volume_prev"": 73, ""volume_ratio"": 36.6, ""oi_prev"": 196, ""oi_change"": 21, ""oi_change_pct"": 10.7, ""flow"": ""开仓"", ""vol_oi_ratio"": 12.31, ""premium"": 855.0, ""iv"": 0.3446, ""delta"": -0.199, ""score"": 83.1}, {""contract_symbol"": ""SLV260904C00059500"", ""expiration"": ""2026-09-04"", ""dte"": 0, ""type"": ""call"", ""strike"": 59.5, ""volume"": 11966, ""open_interest"": 1240, ""volume_prev"": 1068, ""volume_ratio"": 11.2, ""oi_prev"": 1287, ""oi_change"": -47, ""oi_change_pct"": -3.7, ""flow"": ""平仓"", ""vol_oi_ratio"": 9.65, ""premium"": 3470.0, ""iv"": null, ""delta"": 0.981, ""score"": 78.7}, {""contract_symbol"": ""SLV260909P00059500"", ""expiration"": ""2026-09-09"", ""dte"": 5, ""type"": ""put"", ""strike"": 59.5, ""volume"": 2595, ""open_interest"": 246, ""volume_prev"": 231, ""volume_ratio"": 11.2, ""oi_prev"": 109, ""oi_change"": 137, ""oi_change_pct"": 125.7, ""flow"": ""开仓"", ""vol_oi_ratio"": 10.55, ""premium"": 1635.0, ""iv"": 0.2762, ""delta"": -0.433, ""score"": 78.1}, {""contract_symbol"": ""SLV260909C00076000"", ""expiration"": ""2026-09-09"", ""dte"": 5, ""type"": ""call"", ""strike"": 76.0, ""volume"": 1612, ""open_interest"": 18, ""volume_prev"": 15, ""volume_ratio"": 107.5, ""oi_prev"": 25, ""oi_change"": -7, ""oi_change_pct"": -28.0, ""flow"": ""平仓"", ""vol_oi_ratio"": 89.56, ""premium"": 8.0, ""iv"": 0.7432, ""delta"": 0.006, ""score"": 44.1}, {""contract_symbol"": ""SLV261002P00054000"", ""expiration"": ""2026-10-02"", ""dte"": 28, ""type"": ""put"", ""strike"": 54.0, ""volume"": 1937, ""open_interest"": 321, ""volume_prev"": 46, ""volume_ratio"": 42.1, ""oi_prev"": 299, ""oi_change"": 22, ""oi_change_pct"": 7.4, ""flow"": ""开仓"", ""vol_oi_ratio"": 6.03, ""premium"": 1201.0, ""iv"": 0.4091, ""delta"": -0.165, ""score"": 42.8}]","[{""contract_symbol"": ""SLV260918C00068000"", ""expiration"": ""2026-09-18"", ""type"": ""call"", ""strike"": 68.0, ""volume"": 70, ""volume_prev"": 5418, ""oi"": 8525, ""oi_prev"": 3472, ""oi_change"": 5053, ""last_price"": 0.25, ""iv"": 0.4839, ""delta"": 0.099}, {""contract_symbol"": ""SLV260918C00067500"", ""expiration"": ""2026-09-18"", ""type"": ""call"", ""strike"": 67.5, ""volume"": 32, ""volume_prev"": 4327, ""oi"": 6373, ""oi_prev"": 2666, ""oi_change"": 3707, ""last_price"": 0.27, ""iv"": 0.4752, ""delta"": 0.109}, {""contract_symbol"": ""SLV260930C00070000"", ""expiration"": ""2026-09-30"", ""type"": ""call"", ""strike"": 70.0, ""volume"": 159, ""volume_prev"": 6783, ""oi"": 29682, ""oi_prev"": 27065, ""oi_change"": 2617, ""last_price"": 0.46, ""iv"": 0.4843, ""delta"": 0.129}, {""contract_symbol"": ""SLV260904P00058000"", ""expiration"": ""2026-09-04"", ""type"": ""put"", ""strike"": 58.0, ""volume"": 1313, ""volume_prev"": 4708, ""oi"": 4681, ""oi_prev"": 2227, ""oi_change"": 2454, ""last_price"": 0.01, ""iv"": 2.678, ""delta"": 0.0}, {""contract_symbol"": ""SLV260909P00060500"", ""expiration"": ""2026-09-09"", ""type"": ""put"", ""strike"": 60.5, ""volume"": 792, ""volume_prev"": 2478, ""oi"": 2576, ""oi_prev"": 304, ""oi_change"": 2272, ""last_price"": 1.18, ""iv"": 0.2865, ""delta"": -0.631}]"
2026-09-07,早报,cboe,59.82,0.780036067651216,0.8708552138034509,0.9603676553796633,0.47252720711106116,60.0,58.5,0.28045,0.42379999999999995,1.5111428062043144,-2.007756499418761,2.6412571046472753,13873664.860000007,7057468.130000009,"[{""strike"": 60.0, ""type"": ""call"", ""oi"": 99148}, {""strike"": 60.0, ""type"": ""put"", ""oi"": 54170}, {""strike"": 62.0, ""type"": ""call"", ""oi"": 30756}]","[{""contract_symbol"": ""SLV261016P00042000"", ""expiration"": ""2026-10-16"", ""dte"": 39, ""type"": ""put"", ""strike"": 42.0, ""volume"": 915, ""open_interest"": 321, ""volume_prev"": 0, ""volume_ratio"": null, ""oi_prev"": 0, ""oi_change"": 321, ""oi_change_pct"": null, ""flow"": ""新"", ""vol_oi_ratio"": 2.85, ""premium"": 82.0, ""iv"": 0.5424, ""delta"": -0.02, ""score"": 12.6}, {""contract_symbol"": ""SLV260909C00060000"", ""expiration"": ""2026-09-09"", ""dte"": 2, ""type"": ""call"", ""strike"": 60.0, ""volume"": 3644, ""open_interest"": 2603, ""volume_prev"": 3644, ""volume_ratio"": 1.0, ""oi_prev"": 1009, ""oi_change"": 1594, ""oi_change_pct"": 158.0, ""flow"": ""开仓"", ""vol_oi_ratio"": 1.4, ""premium"": 2514.0, ""iv"": 0.2805, ""delta"": 0.466, ""score"": 11.0}, {""contract_symbol"": ""SLV260909P00059500"", ""expiration"": ""2026-09-09"", ""dte"": 2, ""type"": ""put"", ""strike"": 59.5, ""volume"": 2595, ""open_interest"": 2198, ""volume_prev"": 2595, ""volume_ratio"": 1.0, ""oi_prev"": 246, ""oi_change"": 1952, ""oi_change_pct"": 793.5, ""flow"": ""开仓"", ""vol_oi_ratio"": 1.18, ""premium"": 1635.0, ""iv"": 0.2762, ""delta"": -0.433, ""score"": 8.7}, {""contract_symbol"": ""SLV260911P00059500"", ""expiration"": ""2026-09-11"", ""dte"": 4, ""type"": ""put"", ""strike"": 59.5, ""volume"": 523, ""open_interest"": 386, ""volume_prev"": 523, ""volume_ratio"": 1.0, ""oi_prev"": 167, ""oi_change"": 219, ""oi_change_pct"": 131.1, ""flow"": ""开仓"", ""vol_oi_ratio"": 1.35, ""premium"": 520.0, ""iv"": 0.3475, ""delta"": -0.448, ""score"": 8.5}, {""contract_symbol"": ""SLV260911C00061000"", ""expiration"": ""2026-09-11"", ""dte"": 4, ""type"": ""call"", ""strike"": 61.0, ""volume"": 3387, ""open_interest"": 3248, ""volume_prev"": 3387, ""volume_ratio"": 1.0, ""oi_prev"": 1810, ""oi_change"": 1438, ""oi_change_pct"": 79.4, ""flow"": ""开仓"", ""vol_oi_ratio"": 1.04, ""premium"": 2371.0, ""iv"": 0.3583, ""delta"": 0.358, ""score"": 8.1}]","[{""contract_symbol"": ""SLV260911P00056000"", ""expiration"": ""2026-09-11"", ""type"": ""put"", ""strike"": 56.0, ""volume"": 5965, ""volume_prev"": 5965, ""oi"": 8551, ""oi_prev"": 3004, ""oi_change"": 5547, ""last_price"": 0.12, ""iv"": 0.3607, ""delta"": -0.09}, {""contract_symbol"": ""SLV260925P00055000"", ""expiration"": ""2026-09-25"", ""type"": ""put"", ""strike"": 55.0, ""volume"": 4124, ""volume_prev"": 4124, ""oi"": 4964, ""oi_prev"": 872, ""oi_change"": 4092, ""last_price"": 0.54, ""iv"": 0.3975, ""delta"": -0.175}, {""contract_symbol"": ""SLV260918P00053000"", ""expiration"": ""2026-09-18"", ""type"": ""put"", ""strike"": 53.0, ""volume"": 3502, ""volume_prev"": 3502, ""oi"": 4812, ""oi_prev"": 1600, ""oi_change"": 3212, ""last_price"": 0.15, ""iv"": 0.4258, ""delta"": -0.067}, {""contract_symbol"": ""SLV260911P00059000"", ""expiration"": ""2026-09-11"", ""type"": ""put"", ""strike"": 59.0, ""volume"": 3963, ""volume_prev"": 3963, ""oi"": 4269, ""oi_prev"": 1061, ""oi_change"": 3208, ""last_price"": 0.76, ""iv"": 0.3462, ""delta"": -0.379}, {""contract_symbol"": ""SLV260911P00057500"", ""expiration"": ""2026-09-11"", ""type"": ""put"", ""strike"": 57.5, ""volume"": 2671, ""volume_prev"": 2671, ""oi"": 2587, ""oi_prev"": 217, ""oi_change"": 2370, ""last_price"": 0.31, ""iv"": 0.3446, ""delta"": -0.199}]"
2026-09-07,晚报,cboe,59.81999969482422,0.780036067651216,0.8708552138034509,0.9603676553796633,0.47252720711106116,60.0,58.5,0.28045,0.42379999999999995,1.5111428062043144,-2.007756499418761,2.6412571181218274,13873664.860000007,7057468.130000009,"[{""strike"": 60.0, ""type"": ""call"", ""oi"": 99148}, {""strike"": 60.0, ""type"": ""put"", ""oi"": 54170}, {""strike"": 62.0, ""type"": ""call"", ""oi"": 30756}]","[{""contract_symbol"": ""SLV261016P00042000"", ""expiration"": ""2026-10-16"", ""dte"": 39, ""type"": ""put"", ""strike"": 42.0, ""volume"": 915, ""open_interest"": 321, ""volume_prev"": 0, ""volume_ratio"": null, ""oi_prev"": 0, ""oi_change"": 321, ""oi_change_pct"": null, ""flow"": ""新"", ""vol_oi_ratio"": 2.85, ""premium"": 82.0, ""iv"": 0.5424, ""delta"": -0.02, ""score"": 12.6}, {""contract_symbol"": ""SLV260909C00060000"", ""expiration"": ""2026-09-09"", ""dte"": 2, ""type"": ""call"", ""strike"": 60.0, ""volume"": 3644, ""open_interest"": 2603, ""volume_prev"": 3644, ""volume_ratio"": 1.0, ""oi_prev"": 1009, ""oi_change"": 1594, ""oi_change_pct"": 158.0, ""flow"": ""开仓"", ""vol_oi_ratio"": 1.4, ""premium"": 2514.0, ""iv"": 0.2805, ""delta"": 0.466, ""score"": 11.0}, {""contract_symbol"": ""SLV260909P00059500"", ""expiration"": ""2026-09-09"", ""dte"": 2, ""type"": ""put"", ""strike"": 59.5, ""volume"": 2595, ""open_interest"": 2198, ""volume_prev"": 2595, ""volume_ratio"": 1.0, ""oi_prev"": 246, ""oi_change"": 1952, ""oi_change_pct"": 793.5, ""flow"": ""开仓"", ""vol_oi_ratio"": 1.18, ""premium"": 1635.0, ""iv"": 0.2762, ""delta"": -0.433, ""score"": 8.7}, {""contract_symbol"": ""SLV260911P00059500"", ""expiration"": ""2026-09-11"", ""dte"": 4, ""type"": ""put"", ""strike"": 59.5, ""volume"": 523, ""open_interest"": 386, ""volume_prev"": 523, ""volume_ratio"": 1.0, ""oi_prev"": 167, ""oi_change"": 219, ""oi_change_pct"": 131.1, ""flow"": ""开仓"", ""vol_oi_ratio"": 1.35, ""premium"": 520.0, ""iv"": 0.3475, ""delta"": -0.448, ""score"": 8.5}, {""contract_symbol"": ""SLV260911C00061000"", ""expiration"": ""2026-09-11"", ""dte"": 4, ""type"": ""call"", ""strike"": 61.0, ""volume"": 3387, ""open_interest"": 3248, ""volume_prev"": 3387, ""volume_ratio"": 1.0, ""oi_prev"": 1810, ""oi_change"": 1438, ""oi_change_pct"": 79.4, ""flow"": ""开仓"", ""vol_oi_ratio"": 1.04, ""premium"": 2371.0, ""iv"": 0.3583, ""delta"": 0.358, ""score"": 8.1}]","[{""contract_symbol"": ""SLV260911P00056000"", ""expiration"": ""2026-09-11"", ""type"": ""put"", ""strike"": 56.0, ""volume"": 5965, ""volume_prev"": 5965, ""oi"": 8551, ""oi_prev"": 3004, ""oi_change"": 5547, ""last_price"": 0.12, ""iv"": 0.3607, ""delta"": -0.09}, {""contract_symbol"": ""SLV260925P00055000"", ""expiration"": ""2026-09-25"", ""type"": ""put"", ""strike"": 55.0, ""volume"": 4124, ""volume_prev"": 4124, ""oi"": 4964, ""oi_prev"": 872, ""oi_change"": 4092, ""last_price"": 0.54, ""iv"": 0.3975, ""delta"": -0.175}, {""contract_symbol"": ""SLV260918P00053000"", ""expiration"": ""2026-09-18"", ""type"": ""put"", ""strike"": 53.0, ""volume"": 3502, ""volume_prev"": 3502, ""oi"": 4812, ""oi_prev"": 1600, ""oi_change"": 3212, ""last_price"": 0.15, ""iv"": 0.4258, ""delta"": -0.067}, {""contract_symbol"": ""SLV260911P00059000"", ""expiration"": ""2026-09-11"", ""type"": ""put"", ""strike"": 59.0, ""volume"": 3963, ""volume_prev"": 3963, ""oi"": 4269, ""oi_prev"": 1061, ""oi_change"": 3208, ""last_price"": 0.76, ""iv"": 0.3462, ""delta"": -0.379}, {""contract_symbol"": ""SLV260911P00057500"", ""expiration"": ""2026-09-11"", ""type"": ""put"", ""strike"": 57.5, ""volume"": 2671, ""volume_prev"": 2671, ""oi"": 2587, ""oi_prev"": 217, ""oi_change"": 2370, ""last_price"": 0.31, ""iv"": 0.3446, ""delta"": -0.199}]"
2026-09-08,早报,cboe,60.16,0.780036067651216,0.8708552138034509,0.9603676553796633,0.47252720711106116,60.0,58.5,0.2804,0.42384999999999995,1.5115905848787445,-2.015775939463893,2.6263297872340425,13888393.960000003,7058760.760000003,"[{""strike"": 60.0, ""type"": ""call"", ""oi"": 99148}, {""strike"": 63.0, ""type"": ""call"", ""oi"": 88975}, {""strike"": 60.0, ""type"": ""put"", ""oi"": 54170}]","[{""contract_symbol"": ""SLV261016P00042000"", ""expiration"": ""2026-10-16"", ""dte"": 38, ""type"": ""put"", ""strike"": 42.0, ""volume"": 915, ""open_interest"": 321, ""volume_prev"": 915, ""volume_ratio"": 1.0, ""oi_prev"": 321, ""oi_change"": 0, ""oi_change_pct"": 0.0, ""flow"": ""换手"", ""vol_oi_ratio"": 2.85, ""premium"": 82.0, ""iv"": 0.5424, ""delta"": -0.021, ""score"": 12.6}, {""contract_symbol"": ""SLV260909C00060000"", ""expiration"": ""2026-09-09"", ""dte"": 1, ""type"": ""call"", ""strike"": 60.0, ""volume"": 3644, ""open_interest"": 2603, ""volume_prev"": 3644, ""volume_ratio"": 1.0, ""oi_prev"": 2603, ""oi_change"": 0, ""oi_change_pct"": 0.0, ""flow"": ""换手"", ""vol_oi_ratio"": 1.4, ""premium"": 2514.0, ""iv"": 0.2805, ""delta"": 0.466, ""score"": 11.0}, {""contract_symbol"": ""SLV260909P00059500"", ""expiration"": ""2026-09-09"", ""dte"": 1, ""type"": ""put"", ""strike"": 59.5, ""volume"": 2595, ""open_interest"": 2198, ""volume_prev"": 2595, ""volume_ratio"": 1.0, ""oi_prev"": 2198, ""oi_change"": 0, ""oi_change_pct"": 0.0, ""flow"": ""换手"", ""vol_oi_ratio"": 1.18, ""premium"": 1635.0, ""iv"": 0.2762, ""delta"": -0.433, ""score"": 8.7}, {""contract_symbol"": ""SLV260911P00059500"", ""expiration"": ""2026-09-11"", ""dte"": 3, ""type"": ""put"", ""strike"": 59.5, ""volume"": 523, ""open_interest"": 386, ""volume_prev"": 523, ""volume_ratio"": 1.0, ""oi_prev"": 386, ""oi_change"": 0, ""oi_change_pct"": 0.0, ""flow"": ""换手"", ""vol_oi_ratio"": 1.35, ""premium"": 520.0, ""iv"": 0.3475, ""delta"": -0.448, ""score"": 8.5}, {""contract_symbol"": ""SLV260911C00061000"", ""expiration"": ""2026-09-11"", ""dte"": 3, ""type"": ""call"", ""strike"": 61.0, ""volume"": 3387, ""open_interest"": 3248, ""volume_prev"": 3387, ""volume_ratio"": 1.0, ""oi_prev"": 3248, ""oi_change"": 0, ""oi_change_pct"": 0.0, ""flow"": ""换手"", ""vol_oi_ratio"": 1.04, ""premium"": 2371.0, ""iv"": 0.3583, ""delta"": 0.358, ""score"": 8.1}]",[]
2026-09-08,晚报,cboe,59.369998931884766,0.49586869976714487,0.8708552138034509,0.37936028968014485,0.47252720711106116,60.0,58.5,0.40590000000000004,0.43115000000000003,1.0622074402562207,-0.14079218544271743,1.709617682770232,10695197.519999998,7221411.9099999955,"[{""strike"": 60.0, ""type"": ""call"", ""oi"": 99148}, {""strike"": 60.0, ""type"": ""put"", ""oi"": 54170}, {""strike"": 62.0, ""type"": ""call"", ""oi"": 30756}]","[{""contract_symbol"": ""SLV260916C00064000"", ""expiration"": ""2026-09-16"", ""dte"": 8, ""type"": ""call"", ""strike"": 64.0, ""volume"": 1610, ""open_interest"": 66, ""volume_prev"": 22, ""volume_ratio"": 73.2, ""oi_prev"": 66, ""oi_change"": 0, ""oi_change_pct"": 0.0, ""flow"": ""换手"", ""vol_oi_ratio"": 24.39, ""premium"": 475.0, ""iv"": 0.4579, ""delta"": 0.149, ""score"": 123.3}, {""contract_symbol"": ""SLV260914C00065000"", ""expiration"": ""2026-09-14"", ""dte"": 6, ""type"": ""call"", ""strike"": 65.0, ""volume"": 1416, ""open_interest"": 169, ""volume_prev"": 51, ""volume_ratio"": 27.8, ""oi_prev"": 169, ""oi_change"": 0, ""oi_change_pct"": 0.0, ""flow"": ""换手"", ""vol_oi_ratio"": 8.38, ""premium"": 163.0, ""iv"": 0.4707, ""delta"": 0.075, ""score"": 42.7}, {""contract_symbol"": ""SLV260925P00057000"", ""expiration"": ""2026-09-25"", ""dte"": 17, ""type"": ""put"", ""strike"": 57.0, ""volume"": 1300, ""open_interest"": 258, ""volume_prev"": 22, ""volume_ratio"": 59.1, ""oi_prev"": 258, ""oi_change"": 0, ""oi_change_pct"": 0.0, ""flow"": ""换手"", ""vol_oi_ratio"": 5.04, ""premium"": 1358.0, ""iv"": 0.4122, ""delta"": -0.299, ""score"": 36.4}, {""contract_symbol"": ""SLV260909C00059500"", ""expiration"": ""2026-09-09"", ""dte"": 1, ""type"": ""call"", ""strike"": 59.5, ""volume"": 2958, ""open_interest"": 712, ""volume_prev"": 800, ""volume_ratio"": 3.7, ""oi_prev"": 712, ""oi_change"": 0, ""oi_change_pct"": 0.0, ""flow"": ""换手"", ""vol_oi_ratio"": 4.15, ""premium"": 1390.0, ""iv"": 0.4037, ""delta"": 0.483, ""score"": 30.1}, {""contract_symbol"": ""SLV260909C00060000"", ""expiration"": ""2026-09-09"", ""dte"": 1, ""type"": ""call"", ""strike"": 60.0, ""volume"": 7529, ""open_interest"": 2603, ""volume_prev"": 3644, ""volume_ratio"": 2.1, ""oi_prev"": 2603, ""oi_change"": 0, ""oi_change_pct"": 0.0, ""flow"": ""换手"", ""vol_oi_ratio"": 2.89, ""premium"": 2033.0, ""iv"": 0.4024, ""delta"": 0.336, ""score"": 22.0}]",[]
2026-09-09,早报,cboe,59.26,0.49586869976714487,0.7194306723859395,0.37936028968014485,0.472205206144398,60.0,58.0,0.40585000000000004,0.43115000000000003,1.0623383023284465,0.00969389957468092,1.7127910901113736,11177300.759999994,7544473.709999997,"[{""strike"": 60.0, ""type"": ""call"", ""oi"": 103298}, {""strike"": 60.0, ""type"": ""put"", ""oi"": 54378}, {""strike"": 62.0, ""type"": ""call"", ""oi"": 32578}]","[{""contract_symbol"": ""SLV260909C00059500"", ""expiration"": ""2026-09-09"", ""dte"": 0, ""type"": ""call"", ""strike"": 59.5, ""volume"": 2958, ""open_interest"": 1408, ""volume_prev"": 2958, ""volume_ratio"": 1.0, ""oi_prev"": 712, ""oi_change"": 696, ""oi_change_pct"": 97.8, ""flow"": ""开仓"", ""vol_oi_ratio"": 2.1, ""premium"": 1390.0, ""iv"": 0.4035, ""delta"": 0.483, ""score"": 15.2}, {""contract_symbol"": ""SLV260909C00060000"", ""expiration"": ""2026-09-09"", ""dte"": 0, ""type"": ""call"", ""strike"": 60.0, ""volume"": 7529, ""open_interest"": 4481, ""volume_prev"": 7529, ""volume_ratio"": 1.0, ""oi_prev"": 2603, ""oi_change"": 1878, ""oi_change_pct"": 72.1, ""flow"": ""开仓"", ""vol_oi_ratio"": 1.68, ""premium"": 2033.0, ""iv"": 0.3978, ""delta"": 0.336, ""score"": 12.8}, {""contract_symbol"": ""SLV260909P00060000"", ""expiration"": ""2026-09-09"", ""dte"": 0, ""type"": ""put"", ""strike"": 60.0, ""volume"": 2019, ""open_interest"": 1600, ""volume_prev"": 2019, ""volume_ratio"": 1.0, ""oi_prev"": 1251, ""oi_change"": 349, ""oi_change_pct"": 27.9, ""flow"": ""开仓"", ""vol_oi_ratio"": 1.26, ""premium"": 1706.0, ""iv"": 0.4074, ""delta"": -0.664, ""score"": 9.4}, {""contract_symbol"": ""SLV260909C00060500"", ""expiration"": ""2026-09-09"", ""dte"": 0, ""type"": ""call"", ""strike"": 60.5, ""volume"": 1917, ""open_interest"": 1308, ""volume_prev"": 1917, ""volume_ratio"": 1.0, ""oi_prev"": 607, ""oi_change"": 701, ""oi_change_pct"": 115.5, ""flow"": ""开仓"", ""vol_oi_ratio"": 1.47, ""premium"": 297.0, ""iv"": 0.4174, ""delta"": 0.218, ""score"": 8.4}, {""contract_symbol"": ""SLV260911P00059500"", ""expiration"": ""2026-09-11"", ""dte"": 2, ""type"": ""put"", ""strike"": 59.5, ""volume"": 587, ""open_interest"": 508, ""volume_prev"": 587, ""volume_ratio"": 1.0, ""oi_prev"": 386, ""oi_change"": 122, ""oi_change_pct"": 31.6, ""flow"": ""开仓"", ""vol_oi_ratio"": 1.16, ""premium"": 572.0, ""iv"": 0.4406, ""delta"": -0.501, ""score"": 7.3}]","[{""contract_symbol"": ""SLV260909C00060000"", ""expiration"": ""2026-09-09"", ""type"": ""call"", ""strike"": 60.0, ""volume"": 7529, ""volume_prev"": 7529, ""oi"": 4481, ""oi_prev"": 2603, ""oi_change"": 1878, ""last_price"": 0.27, ""iv"": 0.3978, ""delta"": 0.336}, {""contract_symbol"": ""SLV260909C00062000"", ""expiration"": ""2026-09-09"", ""type"": ""call"", ""strike"": 62.0, ""volume"": 2734, ""volume_prev"": 2734, ""oi"": 4607, ""oi_prev"": 2898, ""oi_change"": 1709, ""last_price"": 0.03, ""iv"": 0.4968, ""delta"": 0.052}, {""contract_symbol"": ""SLV260916C00064000"", ""expiration"": ""2026-09-16"", ""type"": ""call"", ""strike"": 64.0, ""volume"": 1610, ""volume_prev"": 1610, ""oi"": 1632, ""oi_prev"": 66, ""oi_change"": 1566, ""last_price"": 0.3, ""iv"": 0.4579, ""delta"": 0.148}, {""contract_symbol"": ""SLV260909C00062500"", ""expiration"": ""2026-09-09"", ""type"": ""call"", ""strike"": 62.5, ""volume"": 2418, ""volume_prev"": 2418, ""oi"": 4987, ""oi_prev"": 3460, ""oi_change"": 1527, ""last_price"": 0.01, ""iv"": 0.5145, ""delta"": 0.033}, {""contract_symbol"": ""SLV260909P00059500"", ""expiration"": ""2026-09-09"", ""type"": ""put"", ""strike"": 59.5, ""volume"": 2888, ""volume_prev"": 2888, ""oi"": 3534, ""oi_prev"": 2198, ""oi_change"": 1336, ""last_price"": 0.59, ""iv"": 0.4082, ""delta"": -0.517}]"
2026-09-09,晚报,cboe,60.720001220703125,0.6387715345256537,0.7194306723859395,0.5394233901008187,0.472205206144398,60.0,58.0,0.48760000000000003,0.44,0.9023789991796554,-12.965921487097958,0.36231883329572245,19643706.90999999,7515558.139999999,"[{""strike"": 60.0, ""type"": ""call"", ""oi"": 103298}, {""strike"": 63.0, ""type"": ""call"", ""oi"": 80188}, {""strike"": 60.0, ""type"": ""put"", ""oi"": 54378}]","[{""contract_symbol"": ""SLV260925P00060500"", ""expiration"": ""2026-09-25"", ""dte"": 16, ""type"": ""put"", ""strike"": 60.5, ""volume"": 3815, ""open_interest"": 91, ""volume_prev"": 14, ""volume_ratio"": 272.5, ""oi_prev"": 91, ""oi_change"": 0, ""oi_change_pct"": 0.0, ""flow"": ""换手"", ""vol_oi_ratio"": 41.92, ""premium"": 7821.0, ""iv"": 0.4335, ""delta"": -0.462, ""score"": 179.3}, {""contract_symbol"": ""SLV260909P00061000"", ""expiration"": ""2026-09-09"", ""dte"": 0, ""type"": ""put"", ""strike"": 61.0, ""volume"": 12362, ""open_interest"": 410, ""volume_prev"": 154, ""volume_ratio"": 80.3, ""oi_prev"": 420, ""oi_change"": -10, ""oi_change_pct"": -2.4, ""flow"": ""平仓"", ""vol_oi_ratio"": 30.15, ""premium"": 3523.0, ""iv"": null, ""delta"": -0.933, ""score"": 163.3}, {""contract_symbol"": ""SLV261009C00075000"", ""expiration"": ""2026-10-09"", ""dte"": 30, ""type"": ""call"", ""strike"": 75.0, ""volume"": 4902, ""open_interest"": 147, ""volume_prev"": 85, ""volume_ratio"": 57.7, ""oi_prev"": 87, ""oi_change"": 60, ""oi_change_pct"": 69.0, ""flow"": ""开仓"", ""vol_oi_ratio"": 33.35, ""premium"": 2132.0, ""iv"": 0.5415, ""delta"": 0.105, ""score"": 153.3}, {""contract_symbol"": ""SLV260909P00061500"", ""expiration"": ""2026-09-09"", ""dte"": 0, ""type"": ""put"", ""strike"": 61.5, ""volume"": 7281, ""open_interest"": 432, ""volume_prev"": 276, ""volume_ratio"": 26.4, ""oi_prev"": 580, ""oi_change"": -148, ""oi_change_pct"": -25.5, ""flow"": ""平仓"", ""vol_oi_ratio"": 16.85, ""premium"": 5788.0, ""iv"": null, ""delta"": -0.996, ""score"": 146.0}, {""contract_symbol"": ""SLV261002P00054500"", ""expiration"": ""2026-10-02"", ""dte"": 23, ""type"": ""put"", ""strike"": 54.5, ""volume"": 1616, ""open_interest"": 57, ""volume_prev"": 4, ""volume_ratio"": 404.0, ""oi_prev"": 59, ""oi_change"": -2, ""oi_change_pct"": -3.4, ""flow"": ""平仓"", ""vol_oi_ratio"": 28.35, ""premium"": 856.0, ""iv"": 0.4399, ""delta"": -0.147, ""score"": 135.1}]","[{""contract_symbol"": ""SLV260909C00060000"", ""expiration"": ""2026-09-09"", ""type"": ""call"", ""strike"": 60.0, ""volume"": 5697, ""volume_prev"": 7529, ""oi"": 4481, ""oi_prev"": 2603, ""oi_change"": 1878, ""last_price"": 0.7, ""iv"": 0.0, ""delta"": 0.991}, {""contract_symbol"": ""SLV260909C00062000"", ""expiration"": ""2026-09-09"", ""type"": ""call"", ""strike"": 62.0, ""volume"": 15066, ""volume_prev"": 2734, ""oi"": 4607, ""oi_prev"": 2898, ""oi_change"": 1709, ""last_price"": 0.01, ""iv"": 1.9427, ""delta"": 0.002}, {""contract_symbol"": ""SLV260916C00064000"", ""expiration"": ""2026-09-16"", ""type"": ""call"", ""strike"": 64.0, ""volume"": 228, ""volume_prev"": 1610, ""oi"": 1632, ""oi_prev"": 66, ""oi_change"": 1566, ""last_price"": 0.48, ""iv"": 0.4632, ""delta"": 0.221}, {""contract_symbol"": ""SLV260909C00062500"", ""expiration"": ""2026-09-09"", ""type"": ""call"", ""strike"": 62.5, ""volume"": 4725, ""volume_prev"": 2418, ""oi"": 4987, ""oi_prev"": 3460, ""oi_change"": 1527, ""last_price"": 0.01, ""iv"": 2.5553, ""delta"": 0.0}, {""contract_symbol"": ""SLV260909P00059500"", ""expiration"": ""2026-09-09"", ""type"": ""put"", ""strike"": 59.5, ""volume"": 8039, ""volume_prev"": 2888, ""oi"": 3534, ""oi_prev"": 2198, ""oi_change"": 1336, ""last_price"": 0.01, ""iv"": 1.866, ""delta"": -0.003}]"
2026-09-10,早报,cboe,60.72,0.749581589958159,0.6572451688584305,0.49288349156959005,0.47313832686687507,60.0,60.0,0.51135,0.44,0.8604673902415176,-1.7281783340697854,3.038537549407115,18564222.99,7184221.89000001,"[{""strike"": 60.0, ""type"": ""call"", ""oi"": 93521}, {""strike"": 63.0, ""type"": ""call"", ""oi"": 75246}, {""strike"": 60.0, ""type"": ""put"", ""oi"": 58079}]","[{""contract_symbol"": ""SLV260925C00068000"", ""expiration"": ""2026-09-25"", ""dte"": 15, ""type"": ""call"", ""strike"": 68.0, ""volume"": 9620, ""open_interest"": 4640, ""volume_prev"": 9620, ""volume_ratio"": 1.0, ""oi_prev"": 694, ""oi_change"": 3946, ""oi_change_pct"": 568.6, ""flow"": ""开仓"", ""vol_oi_ratio"": 2.07, ""premium"": 4666.0, ""iv"": 0.4982, ""delta"": 0.156, ""score"": 17.5}, {""contract_symbol"": ""SLV260911P00063500"", ""expiration"": ""2026-09-11"", ""dte"": 1, ""type"": ""put"", ""strike"": 63.5, ""volume"": 1599, ""open_interest"": 840, ""volume_prev"": 1599, ""volume_ratio"": 1.0, ""oi_prev"": 1569, ""oi_change"": -729, ""oi_change_pct"": -46.5, ""flow"": ""平仓"", ""vol_oi_ratio"": 1.9, ""premium"": 4757.0, ""iv"": 0.5701, ""delta"": -0.857, ""score"": 16.1}, {""contract_symbol"": ""SLV260914C00060000"", ""expiration"": ""2026-09-14"", ""dte"": 4, ""type"": ""call"", ""strike"": 60.0, ""volume"": 649, ""open_interest"": 291, ""volume_prev"": 649, ""volume_ratio"": 1.0, ""oi_prev"": 297, ""oi_change"": -6, ""oi_change_pct"": -2.0, ""flow"": ""平仓"", ""vol_oi_ratio"": 2.23, ""premium"": 967.0, ""iv"": 0.384, ""delta"": 0.615, ""score"": 15.3}, {""contract_symbol"": ""SLV260925P00062000"", ""expiration"": ""2026-09-25"", ""dte"": 15, ""type"": ""put"", ""strike"": 62.0, ""volume"": 509, ""open_interest"": 254, ""volume_prev"": 509, ""volume_ratio"": 1.0, ""oi_prev"": 145, ""oi_change"": 109, ""oi_change_pct"": 75.2, ""flow"": ""开仓"", ""vol_oi_ratio"": 2.0, ""premium"": 1484.0, ""iv"": 0.4411, ""delta"": -0.567, ""score"": 14.6}, {""contract_symbol"": ""SLV260911P00060000"", ""expiration"": ""2026-09-11"", ""dte"": 1, ""type"": ""put"", ""strike"": 60.0, ""volume"": 7261, ""open_interest"": 5090, ""volume_prev"": 7261, ""volume_ratio"": 1.0, ""oi_prev"": 1526, ""oi_change"": 3564, ""oi_change_pct"": 233.6, ""flow"": ""开仓"", ""vol_oi_ratio"": 1.43, ""premium"": 4357.0, ""iv"": 0.5135, ""delta"": -0.37, ""score"": 12.0}]","[{""contract_symbol"": ""SLV260911P00058000"", ""expiration"": ""2026-09-11"", ""type"": ""put"", ""strike"": 58.0, ""volume"": 5864, ""volume_prev"": 5864, ""oi"": 6067, ""oi_prev"": 1742, ""oi_change"": 4325, ""last_price"": 0.13, ""iv"": 0.525, ""delta"": -0.117}, {""contract_symbol"": ""SLV261009C00075000"", ""expiration"": ""2026-10-09"", ""type"": ""call"", ""strike"": 75.0, ""volume"": 4902, ""volume_prev"": 4902, ""oi"": 4461, ""oi_prev"": 147, ""oi_change"": 4314, ""last_price"": 0.44, ""iv"": 0.5415, ""delta"": 0.105}, {""contract_symbol"": ""SLV260925C00068000"", ""expiration"": ""2026-09-25"", ""type"": ""call"", ""strike"": 68.0, ""volume"": 9620, ""volume_prev"": 9620, ""oi"": 4640, ""oi_prev"": 694, ""oi_change"": 3946, ""last_price"": 0.48, ""iv"": 0.4982, ""delta"": 0.156}, {""contract_symbol"": ""SLV260925P00060500"", ""expiration"": ""2026-09-25"", ""type"": ""put"", ""strike"": 60.5, ""volume"": 3815, ""volume_prev"": 3815, ""oi"": 3842, ""oi_prev"": 91, ""oi_change"": 3751, ""last_price"": 2.0, ""iv"": 0.4334, ""delta"": -0.462}, {""contract_symbol"": ""SLV260911P00060000"", ""expiration"": ""2026-09-11"", ""type"": ""put"", ""strike"": 60.0, ""volume"": 7261, ""volume_prev"": 7261, ""oi"": 5090, ""oi_prev"": 1526, ""oi_change"": 3564, ""last_price"": 0.6, ""iv"": 0.5135, ""delta"": -0.37}]"
2026-09-10,晚报,cboe,57.5,0.8027542676803902,0.6572451688584305,0.6734529178781565,0.47313832686687507,60.0,60.0,0.64625,0.44125000000000003,0.6827852998065764,-5.3633033242697525,2.7130434782608694,-1270258.0000000058,6754169.509999996,"[{""strike"": 60.0, ""type"": ""call"", ""oi"": 93521}, {""strike"": 60.0, ""type"": ""put"", ""oi"": 58079}, {""strike"": 55.0, ""type"": ""put"", ""oi"": 45635}]","[{""contract_symbol"": ""SLV260916P00058000"", ""expiration"": ""2026-09-16"", ""dte"": 6, ""type"": ""put"", ""strike"": 58.0, ""volume"": 3776, ""open_interest"": 341, ""volume_prev"": 64, ""volume_ratio"": 59.0, ""oi_prev"": 316, ""oi_change"": 25, ""oi_change_pct"": 7.9, ""flow"": ""开仓"", ""vol_oi_ratio"": 11.07, ""premium"": 6249.0, ""iv"": 0.4734, ""delta"": -0.543, ""score"": 96.8}, {""contract_symbol"": ""SLV261002P00050000"", ""expiration"": ""2026-10-02"", ""dte"": 22, ""type"": ""put"", ""strike"": 50.0, ""volume"": 6887, ""open_interest"": 619, ""volume_prev"": 5, ""volume_ratio"": 1377.4, ""oi_prev"": 620, ""oi_change"": -1, ""oi_change_pct"": -0.2, ""flow"": ""平仓"", ""vol_oi_ratio"": 11.13, ""premium"": 2273.0, ""iv"": 0.4719, ""delta"": -0.1, ""score"": 86.0}, {""contract_symbol"": ""SLV260911C00058500"", ""expiration"": ""2026-09-11"", ""dte"": 1, ""type"": ""call"", ""strike"": 58.5, ""volume"": 5249, ""open_interest"": 493, ""volume_prev"": 77, ""volume_ratio"": 68.2, ""oi_prev"": 507, ""oi_change"": -14, ""oi_change_pct"": -2.8, ""flow"": ""平仓"", ""vol_oi_ratio"": 10.65, ""premium"": 2073.0, ""iv"": 0.6525, ""delta"": 0.319, ""score"": 81.3}, {""contract_symbol"": ""SLV260930P00053000"", ""expiration"": ""2026-09-30"", ""dte"": 20, ""type"": ""put"", ""strike"": 53.0, ""volume"": 11128, ""open_interest"": 1316, ""volume_prev"": 228, ""volume_ratio"": 48.8, ""oi_prev"": 1333, ""oi_change"": -17, ""oi_change_pct"": -1.3, ""flow"": ""平仓"", ""vol_oi_ratio"": 8.46, ""premium"": 7567.0, ""iv"": 0.4418, ""delta"": -0.197, ""score"": 75.5}, {""contract_symbol"": ""SLV260925C00063500"", ""expiration"": ""2026-09-25"", ""dte"": 15, ""type"": ""call"", ""strike"": 63.5, ""volume"": 1569, ""open_interest"": 157, ""volume_prev"": 23, ""volume_ratio"": 68.2, ""oi_prev"": 155, ""oi_change"": 2, ""oi_change_pct"": 1.3, ""flow"": ""开仓"", ""vol_oi_ratio"": 9.99, ""premium"": 816.0, ""iv"": 0.4919, ""delta"": 0.176, ""score"": 67.0}]","[{""contract_symbol"": ""SLV260911P00058000"", ""expiration"": ""2026-09-11"", ""type"": ""put"", ""strike"": 58.0, ""volume"": 4601, ""volume_prev"": 5864, ""oi"": 6067, ""oi_prev"": 1742, ""oi_change"": 4325, ""last_price"": 1.04, ""iv"": 0.6558, ""delta"": -0.592}, {""contract_symbol"": ""SLV261009C00075000"", ""expiration"": ""2026-10-09"", ""type"": ""call"", ""strike"": 75.0, ""volume"": 88, ""volume_prev"": 4902, ""oi"": 4461, ""oi_prev"": 147, ""oi_change"": 4314, ""last_price"": 0.25, ""iv"": 0.5839, ""delta"": 0.065}, {""contract_symbol"": ""SLV260925C00068000"", ""expiration"": ""2026-09-25"", ""type"": ""call"", ""strike"": 68.0, ""volume"": 4066, ""volume_prev"": 9620, ""oi"": 4640, ""oi_prev"": 694, ""oi_change"": 3946, ""last_price"": 0.22, ""iv"": 0.5609, ""delta"": 0.081}, {""contract_symbol"": ""SLV260925P00060500"", ""expiration"": ""2026-09-25"", ""type"": ""put"", ""strike"": 60.5, ""volume"": 54, ""volume_prev"": 3815, ""oi"": 3842, ""oi_prev"": 91, ""oi_change"": 3751, ""last_price"": 3.85, ""iv"": 0.4623, ""delta"": -0.687}, {""contract_symbol"": ""SLV260911P00060000"", ""expiration"": ""2026-09-11"", ""type"": ""put"", ""strike"": 60.0, ""volume"": 1468, ""volume_prev"": 7261, ""oi"": 5090, ""oi_prev"": 1526, ""oi_change"": 3564, ""last_price"": 2.65, ""iv"": 0.7348, ""delta"": -0.869}]"
2026-09-11,早报,cboe,57.5,0.8027542676803902,0.6354456707705727,0.6734529178781565,0.48621874763749573,59.0,59.0,0.6462,0.44135,0.682992881460848,-5.298588390501335,2.7130434782608694,-289176.6300000024,7306163.819999993,"[{""strike"": 60.0, ""type"": ""call"", ""oi"": 98980}, {""strike"": 60.0, ""type"": ""put"", ""oi"": 57274}, {""strike"": 55.0, ""type"": ""put"", ""oi"": 46304}]","[{""contract_symbol"": ""SLV260918P00081000"", ""expiration"": ""2026-09-18"", ""dte"": 7, ""type"": ""put"", ""strike"": 81.0, ""volume"": 1458, ""open_interest"": 20, ""volume_prev"": 1458, ""volume_ratio"": 1.0, ""oi_prev"": 486, ""oi_change"": -466, ""oi_change_pct"": -95.9, ""flow"": ""平仓"", ""vol_oi_ratio"": 72.9, ""premium"": 34299.0, ""iv"": 1.0127, ""delta"": -0.996, ""score"": 208.9}, {""contract_symbol"": ""SLV260918P00082000"", ""expiration"": ""2026-09-18"", ""dte"": 7, ""type"": ""put"", ""strike"": 82.0, ""volume"": 620, ""open_interest"": 18, ""volume_prev"": 620, ""volume_ratio"": 1.0, ""oi_prev"": 207, ""oi_change"": -189, ""oi_change_pct"": -91.3, ""flow"": ""平仓"", ""vol_oi_ratio"": 34.44, ""premium"": 15206.0, ""iv"": 1.0442, ""delta"": -0.997, ""score"": 192.6}, {""contract_symbol"": ""SLV260911P00065000"", ""expiration"": ""2026-09-11"", ""dte"": 0, ""type"": ""put"", ""strike"": 65.0, ""volume"": 791, ""open_interest"": 37, ""volume_prev"": 791, ""volume_ratio"": 1.0, ""oi_prev"": 517, ""oi_change"": -480, ""oi_change_pct"": -92.8, ""flow"": ""平仓"", ""vol_oi_ratio"": 21.38, ""premium"": 5932.0, ""iv"": null, ""delta"": -0.992, ""score"": 173.8}, {""contract_symbol"": ""SLV260918P00091000"", ""expiration"": ""2026-09-18"", ""dte"": 7, ""type"": ""put"", ""strike"": 91.0, ""volume"": 2416, ""open_interest"": 810, ""volume_prev"": 2416, ""volume_ratio"": 1.0, ""oi_prev"": 810, ""oi_change"": 0, ""oi_change_pct"": 0.0, ""flow"": ""换手"", ""vol_oi_ratio"": 2.98, ""premium"": 80996.0, ""iv"": 1.3079, ""delta"": -1.0, ""score"": 33.7}, {""contract_symbol"": ""SLV260918P00090000"", ""expiration"": ""2026-09-18"", ""dte"": 7, ""type"": ""put"", ""strike"": 90.0, ""volume"": 600, ""open_interest"": 200, ""volume_prev"": 600, ""volume_ratio"": 1.0, ""oi_prev"": 200, ""oi_change"": 0, ""oi_change_pct"": 0.0, ""flow"": ""换手"", ""vol_oi_ratio"": 3.0, ""premium"": 19515.0, ""iv"": 1.2802, ""delta"": -1.0, ""score"": 29.6}]","[{""contract_symbol"": ""SLV261016C00064000"", ""expiration"": ""2026-10-16"", ""type"": ""call"", ""strike"": 64.0, ""volume"": 12411, ""volume_prev"": 12411, ""oi"": 44281, ""oi_prev"": 32244, ""oi_change"": 12037, ""last_price"": 1.27, ""iv"": 0.474, ""delta"": 0.268}, {""contract_symbol"": ""SLV260930P00053000"", ""expiration"": ""2026-09-30"", ""type"": ""put"", ""strike"": 53.0, ""volume"": 11128, ""volume_prev"": 11128, ""oi"": 11129, ""oi_prev"": 1316, ""oi_change"": 9813, ""last_price"": 0.69, ""iv"": 0.4413, ""delta"": -0.197}, {""contract_symbol"": ""SLV261002P00050000"", ""expiration"": ""2026-10-02"", ""type"": ""put"", ""strike"": 50.0, ""volume"": 6887, ""volume_prev"": 6887, ""oi"": 7090, ""oi_prev"": 619, ""oi_change"": 6471, ""last_price"": 0.32, ""iv"": 0.4717, ""delta"": -0.1}, {""contract_symbol"": ""SLV260916P00058000"", ""expiration"": ""2026-09-16"", ""type"": ""put"", ""strike"": 58.0, ""volume"": 3776, ""volume_prev"": 3776, ""oi"": 3923, ""oi_prev"": 341, ""oi_change"": 3582, ""last_price"": 1.69, ""iv"": 0.4736, ""delta"": -0.544}, {""contract_symbol"": ""SLV260930P00050000"", ""expiration"": ""2026-09-30"", ""type"": ""put"", ""strike"": 50.0, ""volume"": 3845, ""volume_prev"": 3845, ""oi"": 6788, ""oi_prev"": 3418, ""oi_change"": 3370, ""last_price"": 0.3, ""iv"": 0.4675, ""delta"": -0.09}]"
2026-09-11,晚报,cboe,58.119998931884766,0.9048765267005439,0.6354456707705727,0.5825768273821532,0.48621874763749573,59.0,59.0,0.5034,0.4041,0.8027413587604292,-73.41244824076676,0.27529250333868066,1699370.949999998,8162525.959999999,"[{""strike"": 60.0, ""type"": ""call"", ""oi"": 98980}, {""strike"": 60.0, ""type"": ""put"", ""oi"": 57274}, {""strike"": 58.0, ""type"": ""put"", ""oi"": 30438}]","[{""contract_symbol"": ""SLV260921C00058000"", ""expiration"": ""2026-09-21"", ""dte"": 10, ""type"": ""call"", ""strike"": 58.0, ""volume"": 908, ""open_interest"": 53, ""volume_prev"": 111, ""volume_ratio"": 8.2, ""oi_prev"": 15, ""oi_change"": 38, ""oi_change_pct"": 253.3, ""flow"": ""开仓"", ""vol_oi_ratio"": 17.13, ""premium"": 1294.0, ""iv"": 0.3494, ""delta"": 0.531, ""score"": 122.8}, {""contract_symbol"": ""SLV260916P00055000"", ""expiration"": ""2026-09-16"", ""dte"": 5, ""type"": ""put"", ""strike"": 55.0, ""volume"": 4946, ""open_interest"": 269, ""volume_prev"": 381, ""volume_ratio"": 13.0, ""oi_prev"": 185, ""oi_change"": 84, ""oi_change_pct"": 45.4, ""flow"": ""开仓"", ""vol_oi_ratio"": 18.39, ""premium"": 594.0, ""iv"": 0.374, ""delta"": -0.101, ""score"": 117.4}, {""contract_symbol"": ""SLV260916C00070000"", ""expiration"": ""2026-09-16"", ""dte"": 5, ""type"": ""call"", ""strike"": 70.0, ""volume"": 5149, ""open_interest"": 228, ""volume_prev"": 57, ""volume_ratio"": 90.3, ""oi_prev"": 186, ""oi_change"": 42, ""oi_change_pct"": 22.6, ""flow"": ""开仓"", ""vol_oi_ratio"": 22.58, ""premium"": 129.0, ""iv"": 0.7173, ""delta"": 0.015, ""score"": 97.3}, {""contract_symbol"": ""SLV260916P00056000"", ""expiration"": ""2026-09-16"", ""dte"": 5, ""type"": ""put"", ""strike"": 56.0, ""volume"": 3898, ""open_interest"": 363, ""volume_prev"": 424, ""volume_ratio"": 9.2, ""oi_prev"": 101, ""oi_change"": 262, ""oi_change_pct"": 259.4, ""flow"": ""开仓"", ""vol_oi_ratio"": 10.74, ""premium"": 955.0, ""iv"": 0.3598, ""delta"": -0.18, ""score"": 73.7}, {""contract_symbol"": ""SLV261002C00056000"", ""expiration"": ""2026-10-02"", ""dte"": 21, ""type"": ""call"", ""strike"": 56.0, ""volume"": 509, ""open_interest"": 61, ""volume_prev"": 116, ""volume_ratio"": 4.4, ""oi_prev"": 51, ""oi_change"": 10, ""oi_change_pct"": 19.6, ""flow"": ""开仓"", ""vol_oi_ratio"": 8.34, ""premium"": 1769.0, ""iv"": 0.398, ""delta"": 0.677, ""score"": 62.4}]","[{""contract_symbol"": ""SLV261016C00064000"", ""expiration"": ""2026-10-16"", ""type"": ""call"", ""strike"": 64.0, ""volume"": 12371, ""volume_prev"": 12411, ""oi"": 44281, ""oi_prev"": 32244, ""oi_change"": 12037, ""last_price"": 1.21, ""iv"": 0.4409, ""delta"": 0.271}, {""contract_symbol"": ""SLV260930P00053000"", ""expiration"": ""2026-09-30"", ""type"": ""put"", ""strike"": 53.0, ""volume"": 37, ""volume_prev"": 11128, ""oi"": 11129, ""oi_prev"": 1316, ""oi_change"": 9813, ""last_price"": 0.4, ""iv"": 0.3992, ""delta"": -0.142}, {""contract_symbol"": ""SLV261002P00050000"", ""expiration"": ""2026-10-02"", ""type"": ""put"", ""strike"": 50.0, ""volume"": 15, ""volume_prev"": 6887, ""oi"": 7090, ""oi_prev"": 619, ""oi_change"": 6471, ""last_price"": 0.2, ""iv"": 0.4443, ""delta"": -0.07}, {""contract_symbol"": ""SLV260916P00058000"", ""expiration"": ""2026-09-16"", ""type"": ""put"", ""strike"": 58.0, ""volume"": 1451, ""volume_prev"": 3776, ""oi"": 3923, ""oi_prev"": 341, ""oi_change"": 3582, ""last_price"": 0.87, ""iv"": 0.3419, ""delta"": -0.469}, {""contract_symbol"": ""SLV260930P00050000"", ""expiration"": ""2026-09-30"", ""type"": ""put"", ""strike"": 50.0, ""volume"": 251, ""volume_prev"": 3845, ""oi"": 6788, ""oi_prev"": 3418, ""oi_change"": 3370, ""last_price"": 0.16, ""iv"": 0.4422, ""delta"": -0.06}]"
2026-09-14,早报,cboe,58.12,0.5824524312896406,0.5722454256165473,0.47360574391229854,0.4811541851752728,59.0,57.0,0.25055,0.4121,1.6447814807423669,0.3687518358085895,1.8066070199587059,3179106.700000001,6863656.550000001,"[{""strike"": 60.0, ""type"": ""call"", ""oi"": 93676}, {""strike"": 60.0, ""type"": ""put"", ""oi"": 52824}, {""strike"": 58.0, ""type"": ""put"", ""oi"": 25596}]","[{""contract_symbol"": ""SLV260918P00091000"", ""expiration"": ""2026-09-18"", ""dte"": 4, ""type"": ""put"", ""strike"": 91.0, ""volume"": 2416, ""open_interest"": 810, ""volume_prev"": 2416, ""volume_ratio"": 1.0, ""oi_prev"": 810, ""oi_change"": 0, ""oi_change_pct"": 0.0, ""flow"": ""换手"", ""vol_oi_ratio"": 2.98, ""premium"": 79366.0, ""iv"": null, ""delta"": -0.998, ""score"": 33.7}, {""contract_symbol"": ""SLV260930P00090000"", ""expiration"": ""2026-09-30"", ""dte"": 16, ""type"": ""put"", ""strike"": 90.0, ""volume"": 1800, ""open_interest"": 626, ""volume_prev"": 1800, ""volume_ratio"": 1.0, ""oi_prev"": 626, ""oi_change"": 0, ""oi_change_pct"": 0.0, ""flow"": ""换手"", ""vol_oi_ratio"": 2.88, ""premium"": 57240.0, ""iv"": null, ""delta"": -0.995, ""score"": 31.5}, {""contract_symbol"": ""SLV260918P00090000"", ""expiration"": ""2026-09-18"", ""dte"": 4, ""type"": ""put"", ""strike"": 90.0, ""volume"": 600, ""open_interest"": 200, ""volume_prev"": 600, ""volume_ratio"": 1.0, ""oi_prev"": 200, ""oi_change"": 0, ""oi_change_pct"": 0.0, ""flow"": ""换手"", ""vol_oi_ratio"": 3.0, ""premium"": 19110.0, ""iv"": null, ""delta"": -0.998, ""score"": 29.6}, {""contract_symbol"": ""SLV260916C00058000"", ""expiration"": ""2026-09-16"", ""dte"": 2, ""type"": ""call"", ""strike"": 58.0, ""volume"": 609, ""open_interest"": 254, ""volume_prev"": 609, ""volume_ratio"": 1.0, ""oi_prev"": 225, ""oi_change"": 29, ""oi_change_pct"": 12.9, ""flow"": ""开仓"", ""vol_oi_ratio"": 2.4, ""premium"": 609.0, ""iv"": 0.3415, ""delta"": 0.532, ""score"": 15.4}, {""contract_symbol"": ""SLV260921C00058000"", ""expiration"": ""2026-09-21"", ""dte"": 7, ""type"": ""call"", ""strike"": 58.0, ""volume"": 908, ""open_interest"": 475, ""volume_prev"": 908, ""volume_ratio"": 1.0, ""oi_prev"": 53, ""oi_change"": 422, ""oi_change_pct"": 796.2, ""flow"": ""开仓"", ""vol_oi_ratio"": 1.91, ""premium"": 1294.0, ""iv"": 0.3492, ""delta"": 0.531, ""score"": 13.7}]","[{""contract_symbol"": ""SLV261016C00064000"", ""expiration"": ""2026-10-16"", ""type"": ""call"", ""strike"": 64.0, ""volume"": 12371, ""volume_prev"": 12371, ""oi"": 56350, ""oi_prev"": 44281, ""oi_change"": 12069, ""last_price"": 1.21, ""iv"": 0.4409, ""delta"": 0.272}, {""contract_symbol"": ""SLV260916C00070000"", ""expiration"": ""2026-09-16"", ""type"": ""call"", ""strike"": 70.0, ""volume"": 5149, ""volume_prev"": 5149, ""oi"": 5367, ""oi_prev"": 228, ""oi_change"": 5139, ""last_price"": 0.02, ""iv"": 0.7172, ""delta"": 0.015}, {""contract_symbol"": ""SLV260916P00056000"", ""expiration"": ""2026-09-16"", ""type"": ""put"", ""strike"": 56.0, ""volume"": 3898, ""volume_prev"": 3898, ""oi"": 3785, ""oi_prev"": 363, ""oi_change"": 3422, ""last_price"": 0.24, ""iv"": 0.36, ""delta"": -0.18}, {""contract_symbol"": ""SLV260916P00055000"", ""expiration"": ""2026-09-16"", ""type"": ""put"", ""strike"": 55.0, ""volume"": 4946, ""volume_prev"": 4946, ""oi"": 3563, ""oi_prev"": 269, ""oi_change"": 3294, ""last_price"": 0.12, ""iv"": 0.3741, ""delta"": -0.102}, {""contract_symbol"": ""SLV260918C00062000"", ""expiration"": ""2026-09-18"", ""type"": ""call"", ""strike"": 62.0, ""volume"": 6190, ""volume_prev"": 6190, ""oi"": 18046, ""oi_prev"": 15092, ""oi_change"": 2954, ""last_price"": 0.24, ""iv"": 0.4132, ""delta"": 0.142}]"
2026-09-14,晚报,cboe,56.84000015258789,0.5232349087363257,0.5722454256165473,0.4750201472234692,0.4811541851752728,59.0,57.0,0.302,0.4253,1.4082781456953644,-16.567405656207878,0.13194933110250054,-3284373.0599999893,7292004.949999994,"[{""strike"": 55.0, ""type"": ""put"", ""oi"": 47143}, {""strike"": 55.0, ""type"": ""call"", ""oi"": 33242}, {""strike"": 58.0, ""type"": ""put"", ""oi"": 25596}]","[{""contract_symbol"": ""SLV260921C00057000"", ""expiration"": ""2026-09-21"", ""dte"": 7, ""type"": ""call"", ""strike"": 57.0, ""volume"": 3297, ""open_interest"": 17, ""volume_prev"": 96, ""volume_ratio"": 34.3, ""oi_prev"": 13, ""oi_change"": 4, ""oi_change_pct"": 30.8, ""flow"": ""开仓"", ""vol_oi_ratio"": 193.94, ""premium"": 4369.0, ""iv"": 0.4122, ""delta"": 0.518, ""score"": 167.6}, {""contract_symbol"": ""SLV261009C00100000"", ""expiration"": ""2026-10-09"", ""dte"": 25, ""type"": ""call"", ""strike"": 100.0, ""volume"": 8859, ""open_interest"": 209, ""volume_prev"": 0, ""volume_ratio"": null, ""oi_prev"": 209, ""oi_change"": 0, ""oi_change_pct"": 0.0, ""flow"": ""换手"", ""vol_oi_ratio"": 42.39, ""premium"": 354.0, ""iv"": 0.875, ""delta"": 0.009, ""score"": 117.5}, {""contract_symbol"": ""SLV260914C00057000"", ""expiration"": ""2026-09-14"", ""dte"": 0, ""type"": ""call"", ""strike"": 57.0, ""volume"": 7559, ""open_interest"": 145, ""volume_prev"": 173, ""volume_ratio"": 43.7, ""oi_prev"": 101, ""oi_change"": 44, ""oi_change_pct"": 43.6, ""flow"": ""开仓"", ""vol_oi_ratio"": 52.13, ""premium"": 265.0, ""iv"": 0.2409, ""delta"": 0.545, ""score"": 111.6}, {""contract_symbol"": ""SLV261009C00095000"", ""expiration"": ""2026-10-09"", ""dte"": 25, ""type"": ""call"", ""strike"": 95.0, ""volume"": 3023, ""open_interest"": 52, ""volume_prev"": 1, ""volume_ratio"": 3023.0, ""oi_prev"": 53, ""oi_change"": -1, ""oi_change_pct"": -1.9, ""flow"": ""平仓"", ""vol_oi_ratio"": 58.13, ""premium"": 136.0, ""iv"": 0.8178, ""delta"": 0.012, ""score"": 98.4}, {""contract_symbol"": ""SLV260923P00055000"", ""expiration"": ""2026-09-23"", ""dte"": 9, ""type"": ""put"", ""strike"": 55.0, ""volume"": 1192, ""open_interest"": 97, ""volume_prev"": 73, ""volume_ratio"": 16.3, ""oi_prev"": 29, ""oi_change"": 68, ""oi_change_pct"": 234.5, ""flow"": ""开仓"", ""vol_oi_ratio"": 12.29, ""premium"": 822.0, ""iv"": 0.4275, ""delta"": -0.28, ""score"": 82.5}]","[{""contract_symbol"": ""SLV261016C00064000"", ""expiration"": ""2026-10-16"", ""type"": ""call"", ""strike"": 64.0, ""volume"": 12399, ""volume_prev"": 12371, ""oi"": 56350, ""oi_prev"": 44281, ""oi_change"": 12069, ""last_price"": 0.94, ""iv"": 0.4628, ""delta"": 0.227}, {""contract_symbol"": ""SLV260916C00070000"", ""expiration"": ""2026-09-16"", ""type"": ""call"", ""strike"": 70.0, ""volume"": 380, ""volume_prev"": 5149, ""oi"": 5367, ""oi_prev"": 228, ""oi_change"": 5139, ""last_price"": 0.01, ""iv"": 1.0261, ""delta"": 0.002}, {""contract_symbol"": ""SLV260916P00056000"", ""expiration"": ""2026-09-16"", ""type"": ""put"", ""strike"": 56.0, ""volume"": 1161, ""volume_prev"": 3898, ""oi"": 3785, ""oi_prev"": 363, ""oi_change"": 3422, ""last_price"": 0.43, ""iv"": 0.4709, ""delta"": -0.298}, {""contract_symbol"": ""SLV260916P00055000"", ""expiration"": ""2026-09-16"", ""type"": ""put"", ""strike"": 55.0, ""volume"": 1529, ""volume_prev"": 4946, ""oi"": 3563, ""oi_prev"": 269, ""oi_change"": 3294, ""last_price"": 0.18, ""iv"": 0.4833, ""delta"": -0.153}, {""contract_symbol"": ""SLV260918C00062000"", ""expiration"": ""2026-09-18"", ""type"": ""call"", ""strike"": 62.0, ""volume"": 1313, ""volume_prev"": 6190, ""oi"": 18046, ""oi_prev"": 15092, ""oi_change"": 2954, ""last_price"": 0.14, ""iv"": 0.5938, ""delta"": 0.096}]"
2026-09-15,早报,cboe,56.84,0.618435213086526,0.9367163956992448,0.4646154453153769,0.4771383059234624,58.0,57.0,0.47965,0.4255,0.8871051808610444,-1.6161470008302259,2.8501055594651654,-2031551.54,6843034.069999996,"[{""strike"": 55.0, ""type"": ""put"", ""oi"": 51767}, {""strike"": 55.0, ""type"": ""call"", ""oi"": 33884}, {""strike"": 56.0, ""type"": ""put"", ""oi"": 23516}]","[{""contract_symbol"": ""SLV260918P00091000"", ""expiration"": ""2026-09-18"", ""dte"": 3, ""type"": ""put"", ""strike"": 91.0, ""volume"": 1215, ""open_interest"": 810, ""volume_prev"": 1215, ""volume_ratio"": 1.0, ""oi_prev"": 810, ""oi_change"": 0, ""oi_change_pct"": 0.0, ""flow"": ""换手"", ""vol_oi_ratio"": 1.5, ""premium"": 41310.0, ""iv"": 1.7647, ""delta"": -1.0, ""score"": 15.9}, {""contract_symbol"": ""SLV260930P00090000"", ""expiration"": ""2026-09-30"", ""dte"": 15, ""type"": ""put"", ""strike"": 90.0, ""volume"": 939, ""open_interest"": 626, ""volume_prev"": 939, ""volume_ratio"": 1.0, ""oi_prev"": 626, ""oi_change"": 0, ""oi_change_pct"": 0.0, ""flow"": ""换手"", ""vol_oi_ratio"": 1.5, ""premium"": 30870.0, ""iv"": null, ""delta"": -0.998, ""score"": 15.5}, {""contract_symbol"": ""SLV260916C00058000"", ""expiration"": ""2026-09-16"", ""dte"": 1, ""type"": ""call"", ""strike"": 58.0, ""volume"": 2250, ""open_interest"": 1440, ""volume_prev"": 2250, ""volume_ratio"": 1.0, ""oi_prev"": 254, ""oi_change"": 1186, ""oi_change_pct"": 466.9, ""flow"": ""开仓"", ""vol_oi_ratio"": 1.56, ""premium"": 945.0, ""iv"": 0.48, ""delta"": 0.325, ""score"": 10.7}, {""contract_symbol"": ""SLV260925C00057500"", ""expiration"": ""2026-09-25"", ""dte"": 10, ""type"": ""call"", ""strike"": 57.5, ""volume"": 777, ""open_interest"": 569, ""volume_prev"": 777, ""volume_ratio"": 1.0, ""oi_prev"": 269, ""oi_change"": 300, ""oi_change_pct"": 111.5, ""flow"": ""开仓"", ""vol_oi_ratio"": 1.37, ""premium"": 1162.0, ""iv"": 0.427, ""delta"": 0.477, ""score"": 9.6}, {""contract_symbol"": ""SLV260916C00057500"", ""expiration"": ""2026-09-16"", ""dte"": 1, ""type"": ""call"", ""strike"": 57.5, ""volume"": 4870, ""open_interest"": 4109, ""volume_prev"": 4870, ""volume_ratio"": 1.0, ""oi_prev"": 0, ""oi_change"": 4109, ""oi_change_pct"": null, ""flow"": ""开仓"", ""vol_oi_ratio"": 1.19, ""premium"": 2873.0, ""iv"": 0.4754, ""delta"": 0.414, ""score"": 9.4}]","[{""contract_symbol"": ""SLV261016C00064000"", ""expiration"": ""2026-10-16"", ""type"": ""call"", ""strike"": 64.0, ""volume"": 12399, ""volume_prev"": 12399, ""oi"": 68511, ""oi_prev"": 56350, ""oi_change"": 12161, ""last_price"": 0.94, ""iv"": 0.4628, ""delta"": 0.228}, {""contract_symbol"": ""SLV261009C00100000"", ""expiration"": ""2026-10-09"", ""type"": ""call"", ""strike"": 100.0, ""volume"": 8859, ""volume_prev"": 8859, ""oi"": 8652, ""oi_prev"": 209, ""oi_change"": 8443, ""last_price"": 0.04, ""iv"": 0.8754, ""delta"": 0.01}, {""contract_symbol"": ""SLV260916C00057500"", ""expiration"": ""2026-09-16"", ""type"": ""call"", ""strike"": 57.5, ""volume"": 4870, ""volume_prev"": 4870, ""oi"": 4109, ""oi_prev"": 0, ""oi_change"": 4109, ""last_price"": 0.54, ""iv"": 0.4754, ""delta"": 0.414}, {""contract_symbol"": ""SLV260925C00063500"", ""expiration"": ""2026-09-25"", ""type"": ""call"", ""strike"": 63.5, ""volume"": 4482, ""volume_prev"": 4482, ""oi"": 5708, ""oi_prev"": 1684, ""oi_change"": 4024, ""last_price"": 0.29, ""iv"": 0.486, ""delta"": 0.116}, {""contract_symbol"": ""SLV260918C00074500"", ""expiration"": ""2026-09-18"", ""type"": ""call"", ""strike"": 74.5, ""volume"": 4267, ""volume_prev"": 4267, ""oi"": 5037, ""oi_prev"": 1230, ""oi_change"": 3807, ""last_price"": 0.02, ""iv"": 1.0312, ""delta"": 0.01}]"
2026-09-15,晚报,cboe,57.529998779296875,0.5540796963946869,0.9367163956992448,0.5028928411378731,0.4771383059234624,58.0,57.0,0.5362,0.4163,0.7763894069377097,-1.5797335132908819,2.250999526295883,573071.440000002,7073750.94000001,"[{""strike"": 60.0, ""type"": ""call"", ""oi"": 93057}, {""strike"": 55.0, ""type"": ""put"", ""oi"": 51767}, {""strike"": 60.0, ""type"": ""put"", ""oi"": 51643}]","[{""contract_symbol"": ""SLV261009C00066500"", ""expiration"": ""2026-10-09"", ""dte"": 24, ""type"": ""call"", ""strike"": 66.5, ""volume"": 2123, ""open_interest"": 24, ""volume_prev"": 3, ""volume_ratio"": 707.7, ""oi_prev"": 26, ""oi_change"": -2, ""oi_change_pct"": -7.7, ""flow"": ""平仓"", ""vol_oi_ratio"": 88.46, ""premium"": 1019.0, ""iv"": 0.4854, ""delta"": 0.141, ""score"": 138.6}, {""contract_symbol"": ""SLV260928C00060000"", ""expiration"": ""2026-09-28"", ""dte"": 13, ""type"": ""call"", ""strike"": 60.0, ""volume"": 580, ""open_interest"": 15, ""volume_prev"": 21, ""volume_ratio"": 27.6, ""oi_prev"": 0, ""oi_change"": 15, ""oi_change_pct"": null, ""flow"": ""开仓"", ""vol_oi_ratio"": 38.67, ""premium"": 481.0, ""iv"": 0.4036, ""delta"": 0.309, ""score"": 123.6}, {""contract_symbol"": ""SLV261009C00067000"", ""expiration"": ""2026-10-09"", ""dte"": 24, ""type"": ""call"", ""strike"": 67.0, ""volume"": 2826, ""open_interest"": 178, ""volume_prev"": 20, ""volume_ratio"": 141.3, ""oi_prev"": 185, ""oi_change"": -7, ""oi_change_pct"": -3.8, ""flow"": ""平仓"", ""vol_oi_ratio"": 15.88, ""premium"": 1243.0, ""iv"": 0.4899, ""delta"": 0.131, ""score"": 113.1}, {""contract_symbol"": ""SLV261009C00065500"", ""expiration"": ""2026-10-09"", ""dte"": 24, ""type"": ""call"", ""strike"": 65.5, ""volume"": 633, ""open_interest"": 35, ""volume_prev"": 8, ""volume_ratio"": 79.1, ""oi_prev"": 37, ""oi_change"": -2, ""oi_change_pct"": -5.4, ""flow"": ""平仓"", ""vol_oi_ratio"": 18.09, ""premium"": 354.0, ""iv"": 0.4729, ""delta"": 0.163, ""score"": 106.2}, {""contract_symbol"": ""SLV260925P00063000"", ""expiration"": ""2026-09-25"", ""dte"": 10, ""type"": ""put"", ""strike"": 63.0, ""volume"": 1817, ""open_interest"": 162, ""volume_prev"": 38, ""volume_ratio"": 47.8, ""oi_prev"": 158, ""oi_change"": 4, ""oi_change_pct"": 2.5, ""flow"": ""开仓"", ""vol_oi_ratio"": 11.22, ""premium"": 10402.0, ""iv"": 0.4695, ""delta"": -0.867, ""score"": 103.7}]","[{""contract_symbol"": ""SLV261016C00064000"", ""expiration"": ""2026-10-16"", ""type"": ""call"", ""strike"": 64.0, ""volume"": 570, ""volume_prev"": 12399, ""oi"": 68511, ""oi_prev"": 56350, ""oi_change"": 12161, ""last_price"": 0.99, ""iv"": 0.4541, ""delta"": 0.239}, {""contract_symbol"": ""SLV261009C00100000"", ""expiration"": ""2026-10-09"", ""type"": ""call"", ""strike"": 100.0, ""volume"": 23, ""volume_prev"": 8859, ""oi"": 8652, ""oi_prev"": 209, ""oi_change"": 8443, ""last_price"": 0.05, ""iv"": 0.8806, ""delta"": 0.01}, {""contract_symbol"": ""SLV260916C00057500"", ""expiration"": ""2026-09-16"", ""type"": ""call"", ""strike"": 57.5, ""volume"": 6150, ""volume_prev"": 4870, ""oi"": 4109, ""oi_prev"": 0, ""oi_change"": 4109, ""last_price"": 0.63, ""iv"": 0.544, ""delta"": 0.509}, {""contract_symbol"": ""SLV260925C00063500"", ""expiration"": ""2026-09-25"", ""type"": ""call"", ""strike"": 63.5, ""volume"": 76, ""volume_prev"": 4482, ""oi"": 5708, ""oi_prev"": 1684, ""oi_change"": 4024, ""last_price"": 0.28, ""iv"": 0.4871, ""delta"": 0.122}, {""contract_symbol"": ""SLV260918C00074500"", ""expiration"": ""2026-09-18"", ""type"": ""call"", ""strike"": 74.5, ""volume"": 4267, ""volume_prev"": 4267, ""oi"": 5037, ""oi_prev"": 1230, ""oi_change"": 3807, ""last_price"": 0.02, ""iv"": 1.1556, ""delta"": 0.007, ""volume_source"": ""yfinance""}]"
2026-09-16,早报,cboe,57.53,0.5540796963946869,0.8076276738158307,0.5028928411378731,0.47280836736140613,57.5,57.0,0.53615,0.4163,0.7764618110603376,-1.5813464052287562,2.250999478532939,1576983.2099999937,7596279.1099999985,"[{""strike"": 60.0, ""type"": ""call"", ""oi"": 95824}, {""strike"": 55.0, ""type"": ""put"", ""oi"": 55982}, {""strike"": 60.0, ""type"": ""put"", ""oi"": 51540}]","[{""contract_symbol"": ""SLV260918P00076000"", ""expiration"": ""2026-09-18"", ""dte"": 2, ""type"": ""put"", ""strike"": 76.0, ""volume"": 2000, ""open_interest"": 12, ""volume_prev"": 2000, ""volume_ratio"": 1.0, ""oi_prev"": 2265, ""oi_change"": -2253, ""oi_change_pct"": -99.5, ""flow"": ""平仓"", ""vol_oi_ratio"": 166.67, ""premium"": 36950.0, ""iv"": null, ""delta"": -0.996, ""score"": 210.3}, {""contract_symbol"": ""SLV261016C00069000"", ""expiration"": ""2026-10-16"", ""dte"": 30, ""type"": ""call"", ""strike"": 69.0, ""volume"": 14266, ""open_interest"": 5314, ""volume_prev"": 14266, ""volume_ratio"": 1.0, ""oi_prev"": 2121, ""oi_change"": 3193, ""oi_change_pct"": 150.5, ""flow"": ""开仓"", ""vol_oi_ratio"": 2.68, ""premium"": 6919.0, ""iv"": 0.5006, ""delta"": 0.126, ""score"": 23.7}, {""contract_symbol"": ""SLV260918P00091000"", ""expiration"": ""2026-09-18"", ""dte"": 2, ""type"": ""put"", ""strike"": 91.0, ""volume"": 1215, ""open_interest"": 810, ""volume_prev"": 1215, ""volume_ratio"": 1.0, ""oi_prev"": 810, ""oi_change"": 0, ""oi_change_pct"": 0.0, ""flow"": ""换手"", ""vol_oi_ratio"": 1.5, ""premium"": 40672.0, ""iv"": null, ""delta"": -1.0, ""score"": 15.9}, {""contract_symbol"": ""SLV260916C00058000"", ""expiration"": ""2026-09-16"", ""dte"": 0, ""type"": ""call"", ""strike"": 58.0, ""volume"": 3283, ""open_interest"": 1703, ""volume_prev"": 3283, ""volume_ratio"": 1.0, ""oi_prev"": 1440, ""oi_change"": 263, ""oi_change_pct"": 18.3, ""flow"": ""开仓"", ""vol_oi_ratio"": 1.93, ""premium"": 1428.0, ""iv"": 0.5347, ""delta"": 0.388, ""score"": 14.0}, {""contract_symbol"": ""SLV260928C00060000"", ""expiration"": ""2026-09-28"", ""dte"": 12, ""type"": ""call"", ""strike"": 60.0, ""volume"": 580, ""open_interest"": 324, ""volume_prev"": 580, ""volume_ratio"": 1.0, ""oi_prev"": 15, ""oi_change"": 309, ""oi_change_pct"": 2060.0, ""flow"": ""开仓"", ""vol_oi_ratio"": 1.79, ""premium"": 481.0, ""iv"": 0.4038, ""delta"": 0.309, ""score"": 11.1}]","[{""contract_symbol"": ""SLV261016C00075000"", ""expiration"": ""2026-10-16"", ""type"": ""call"", ""strike"": 75.0, ""volume"": 13536, ""volume_prev"": 13536, ""oi"": 28451, ""oi_prev"": 20364, ""oi_change"": 8087, ""last_price"": 0.27, ""iv"": 0.5661, ""delta"": 0.067}, {""contract_symbol"": ""SLV261002C00066000"", ""expiration"": ""2026-10-02"", ""type"": ""call"", ""strike"": 66.0, ""volume"": 5564, ""volume_prev"": 5564, ""oi"": 9597, ""oi_prev"": 4335, ""oi_change"": 5262, ""last_price"": 0.35, ""iv"": 0.4988, ""delta"": 0.115}, {""contract_symbol"": ""SLV261016C00072000"", ""expiration"": ""2026-10-16"", ""type"": ""call"", ""strike"": 72.0, ""volume"": 5646, ""volume_prev"": 5646, ""oi"": 12095, ""oi_prev"": 7446, ""oi_change"": 4649, ""last_price"": 0.35, ""iv"": 0.5337, ""delta"": 0.09}, {""contract_symbol"": ""SLV260916C00057500"", ""expiration"": ""2026-09-16"", ""type"": ""call"", ""strike"": 57.5, ""volume"": 6150, ""volume_prev"": 6150, ""oi"": 8036, ""oi_prev"": 4109, ""oi_change"": 3927, ""last_price"": 0.63, ""iv"": 0.5439, ""delta"": 0.51}, {""contract_symbol"": ""SLV261016P00057000"", ""expiration"": ""2026-10-16"", ""type"": ""put"", ""strike"": 57.0, ""volume"": 3665, ""volume_prev"": 3665, ""oi"": 8166, ""oi_prev"": 4709, ""oi_change"": 3457, ""last_price"": 2.39, ""iv"": 0.4114, ""delta"": -0.439}]"
2026-09-16,晚报,cboe,57.04999923706055,1.0401846704668583,0.8076276738158307,0.8213714383308189,0.47280836736140613,57.5,57.0,0.8578,0.4145,0.4832128701328981,-14.865230775538475,0.41191937448325233,-3454101.5700000115,8197145.569999998,"[{""strike"": 55.0, ""type"": ""put"", ""oi"": 55982}, {""strike"": 55.0, ""type"": ""call"", ""oi"": 35444}, {""strike"": 57.0, ""type"": ""put"", ""oi"": 25866}]","[{""contract_symbol"": ""SLV260921P00058000"", ""expiration"": ""2026-09-21"", ""dte"": 5, ""type"": ""put"", ""strike"": 58.0, ""volume"": 2155, ""open_interest"": 177, ""volume_prev"": 38, ""volume_ratio"": 56.7, ""oi_prev"": 164, ""oi_change"": 13, ""oi_change_pct"": 7.9, ""flow"": ""开仓"", ""vol_oi_ratio"": 12.18, ""premium"": 3588.0, ""iv"": 0.3975, ""delta"": -0.64, ""score"": 99.7}, {""contract_symbol"": ""SLV260921C00061500"", ""expiration"": ""2026-09-21"", ""dte"": 5, ""type"": ""call"", ""strike"": 61.5, ""volume"": 1170, ""open_interest"": 34, ""volume_prev"": 22, ""volume_ratio"": 53.2, ""oi_prev"": 16, ""oi_change"": 18, ""oi_change_pct"": 112.5, ""flow"": ""开仓"", ""vol_oi_ratio"": 34.41, ""premium"": 129.0, ""iv"": 0.4565, ""delta"": 0.082, ""score"": 97.3}, {""contract_symbol"": ""SLV260916C00058500"", ""expiration"": ""2026-09-16"", ""dte"": 0, ""type"": ""call"", ""strike"": 58.5, ""volume"": 20785, ""open_interest"": 794, ""volume_prev"": 1066, ""volume_ratio"": 19.5, ""oi_prev"": 519, ""oi_change"": 275, ""oi_change_pct"": 53.0, ""flow"": ""开仓"", ""vol_oi_ratio"": 26.18, ""premium"": 104.0, ""iv"": 2.4548, ""delta"": 0.002, ""score"": 93.1}, {""contract_symbol"": ""SLV260916P00058500"", ""expiration"": ""2026-09-16"", ""dte"": 0, ""type"": ""put"", ""strike"": 58.5, ""volume"": 2002, ""open_interest"": 193, ""volume_prev"": 263, ""volume_ratio"": 7.6, ""oi_prev"": 96, ""oi_change"": 97, ""oi_change_pct"": 101.0, ""flow"": ""开仓"", ""vol_oi_ratio"": 10.37, ""premium"": 3163.0, ""iv"": null, ""delta"": -0.998, ""score"": 83.6}, {""contract_symbol"": ""SLV260921P00057500"", ""expiration"": ""2026-09-21"", ""dte"": 5, ""type"": ""put"", ""strike"": 57.5, ""volume"": 599, ""open_interest"": 59, ""volume_prev"": 76, ""volume_ratio"": 7.9, ""oi_prev"": 41, ""oi_change"": 18, ""oi_change_pct"": 43.9, ""flow"": ""开仓"", ""vol_oi_ratio"": 10.15, ""premium"": 806.0, ""iv"": 0.398, ""delta"": -0.568, ""score"": 67.9}]","[{""contract_symbol"": ""SLV261016C00075000"", ""expiration"": ""2026-10-16"", ""type"": ""call"", ""strike"": 75.0, ""volume"": 1182, ""volume_prev"": 13536, ""oi"": 28451, ""oi_prev"": 20364, ""oi_change"": 8087, ""last_price"": 0.2, ""iv"": 0.5651, ""delta"": 0.057}, {""contract_symbol"": ""SLV261002C00066000"", ""expiration"": ""2026-10-02"", ""type"": ""call"", ""strike"": 66.0, ""volume"": 65, ""volume_prev"": 5564, ""oi"": 9597, ""oi_prev"": 4335, ""oi_change"": 5262, ""last_price"": 0.36, ""iv"": 0.492, ""delta"": 0.091}, {""contract_symbol"": ""SLV261016C00072000"", ""expiration"": ""2026-10-16"", ""type"": ""call"", ""strike"": 72.0, ""volume"": 191, ""volume_prev"": 5646, ""oi"": 12095, ""oi_prev"": 7446, ""oi_change"": 4649, ""last_price"": 0.27, ""iv"": 0.5283, ""delta"": 0.076}, {""contract_symbol"": ""SLV260916C00057500"", ""expiration"": ""2026-09-16"", ""type"": ""call"", ""strike"": 57.5, ""volume"": 4469, ""volume_prev"": 6150, ""oi"": 8036, ""oi_prev"": 4109, ""oi_change"": 3927, ""last_price"": 0.03, ""iv"": 1.0762, ""delta"": 0.022}, {""contract_symbol"": ""SLV261016P00057000"", ""expiration"": ""2026-10-16"", ""type"": ""put"", ""strike"": 57.0, ""volume"": 1766, ""volume_prev"": 3665, ""oi"": 8166, ""oi_prev"": 4709, ""oi_change"": 3457, ""last_price"": 2.61, ""iv"": 0.4197, ""delta"": -0.47}]"
2026-09-17,晚报,cboe,57.04999923706055,0.8314293499905674,0.47821601159958527,0.6969296443817314,0.4664232894703966,59.0,57.0,0.5139,0.4145,0.8065771550885386,2.9113095145630985,3.093777429629533,-2576902.2400000086,6710022.639999986,"[{""strike"": 55.0, ""type"": ""put"", ""oi"": 50689}, {""strike"": 55.0, ""type"": ""call"", ""oi"": 35381}, {""strike"": 57.0, ""type"": ""put"", ""oi"": 20895}]","[{""contract_symbol"": ""SLV260921P00058000"", ""expiration"": ""2026-09-21"", ""dte"": 4, ""type"": ""put"", ""strike"": 58.0, ""volume"": 2155, ""open_interest"": 177, ""volume_prev"": 2155, ""volume_ratio"": 1.0, ""oi_prev"": 177, ""oi_change"": 0, ""oi_change_pct"": 0.0, ""flow"": ""换手"", ""vol_oi_ratio"": 12.18, ""premium"": 3588.0, ""iv"": 0.3975, ""delta"": -0.64, ""score"": 99.7}, {""contract_symbol"": ""SLV260921C00061500"", ""expiration"": ""2026-09-21"", ""dte"": 4, ""type"": ""call"", ""strike"": 61.5, ""volume"": 1170, ""open_interest"": 34, ""volume_prev"": 1170, ""volume_ratio"": 1.0, ""oi_prev"": 34, ""oi_change"": 0, ""oi_change_pct"": 0.0, ""flow"": ""换手"", ""vol_oi_ratio"": 34.41, ""premium"": 129.0, ""iv"": 0.4565, ""delta"": 0.082, ""score"": 97.3}, {""contract_symbol"": ""SLV260921P00057500"", ""expiration"": ""2026-09-21"", ""dte"": 4, ""type"": ""put"", ""strike"": 57.5, ""volume"": 599, ""open_interest"": 59, ""volume_prev"": 599, ""volume_ratio"": 1.0, ""oi_prev"": 59, ""oi_change"": 0, ""oi_change_pct"": 0.0, ""flow"": ""换手"", ""vol_oi_ratio"": 10.15, ""premium"": 806.0, ""iv"": 0.398, ""delta"": -0.568, ""score"": 67.9}, {""contract_symbol"": ""SLV260923P00054000"", ""expiration"": ""2026-09-23"", ""dte"": 6, ""type"": ""put"", ""strike"": 54.0, ""volume"": 1176, ""open_interest"": 172, ""volume_prev"": 1176, ""volume_ratio"": 1.0, ""oi_prev"": 172, ""oi_change"": 0, ""oi_change_pct"": 0.0, ""flow"": ""换手"", ""vol_oi_ratio"": 6.84, ""premium"": 417.0, ""iv"": 0.4431, ""delta"": -0.178, ""score"": 41.3}, {""contract_symbol"": ""SLV260921P00057000"", ""expiration"": ""2026-09-21"", ""dte"": 4, ""type"": ""put"", ""strike"": 57.0, ""volume"": 1887, ""open_interest"": 409, ""volume_prev"": 1887, ""volume_ratio"": 1.0, ""oi_prev"": 409, ""oi_change"": 0, ""oi_change_pct"": 0.0, ""flow"": ""换手"", ""vol_oi_ratio"": 4.61, ""premium"": 2066.0, ""iv"": 0.4034, ""delta"": -0.494, ""score"": 35.2}]",[]
2026-09-17,早报,cboe,57.9901,0.8314293499905674,0.45433505995361073,0.6969296443817314,0.45940705127340004,58.0,57.0,0.51125,0.41815,0.8178973105134475,2.9831332038835034,3.3798872566179403,-470221.0900000119,6901297.809999992,"[{""strike"": 60.0, ""type"": ""call"", ""oi"": 99970}, {""strike"": 60.0, ""type"": ""put"", ""oi"": 48741}, {""strike"": 57.0, ""type"": ""put"", ""oi"": 22274}]","[{""contract_symbol"": ""SLV260918C00058000"", ""expiration"": ""2026-09-18"", ""dte"": 1, ""type"": ""call"", ""strike"": 58.0, ""volume"": 4950, ""open_interest"": 4016, ""volume_prev"": 4950, ""volume_ratio"": 1.0, ""oi_prev"": 3932, ""oi_change"": 84, ""oi_change_pct"": 2.1, ""flow"": ""开仓"", ""vol_oi_ratio"": 1.23, ""premium"": 2252.0, ""iv"": 0.5131, ""delta"": 0.329, ""score"": 9.5}, {""contract_symbol"": ""SLV260925P00056500"", ""expiration"": ""2026-09-25"", ""dte"": 8, ""type"": ""put"", ""strike"": 56.5, ""volume"": 583, ""open_interest"": 449, ""volume_prev"": 583, ""volume_ratio"": 1.0, ""oi_prev"": 156, ""oi_change"": 293, ""oi_change_pct"": 187.8, ""flow"": ""开仓"", ""vol_oi_ratio"": 1.3, ""premium"": 761.0, ""iv"": 0.4221, ""delta"": -0.44, ""score"": 8.6}, {""contract_symbol"": ""SLV260921P00057000"", ""expiration"": ""2026-09-21"", ""dte"": 4, ""type"": ""put"", ""strike"": 57.0, ""volume"": 1887, ""open_interest"": 1863, ""volume_prev"": 1887, ""volume_ratio"": 1.0, ""oi_prev"": 409, ""oi_change"": 1454, ""oi_change_pct"": 355.5, ""flow"": ""开仓"", ""vol_oi_ratio"": 1.01, ""premium"": 2066.0, ""iv"": 0.4036, ""delta"": -0.494, ""score"": 7.7}, {""contract_symbol"": ""SLV260921P00057500"", ""expiration"": ""2026-09-21"", ""dte"": 4, ""type"": ""put"", ""strike"": 57.5, ""volume"": 599, ""open_interest"": 523, ""volume_prev"": 599, ""volume_ratio"": 1.0, ""oi_prev"": 59, ""oi_change"": 464, ""oi_change_pct"": 786.4, ""flow"": ""开仓"", ""vol_oi_ratio"": 1.15, ""premium"": 806.0, ""iv"": 0.3981, ""delta"": -0.568, ""score"": 7.7}, {""contract_symbol"": ""SLV260918C00060500"", ""expiration"": ""2026-09-18"", ""dte"": 1, ""type"": ""call"", ""strike"": 60.5, ""volume"": 2381, ""open_interest"": 1853, ""volume_prev"": 2381, ""volume_ratio"": 1.0, ""oi_prev"": 2221, ""oi_change"": -368, ""oi_change_pct"": -16.6, ""flow"": ""平仓"", ""vol_oi_ratio"": 1.28, ""premium"": 214.0, ""iv"": 0.5748, ""delta"": 0.087, ""score"": 6.9}]","[{""contract_symbol"": ""SLV261016C00060000"", ""expiration"": ""2026-10-16"", ""type"": ""call"", ""strike"": 60.0, ""volume"": 10232, ""volume_prev"": 10232, ""oi"": 44636, ""oi_prev"": 40399, ""oi_change"": 4237, ""last_price"": 1.69, ""iv"": 0.4238, ""delta"": 0.373}, {""contract_symbol"": ""SLV260918P00056000"", ""expiration"": ""2026-09-18"", ""type"": ""put"", ""strike"": 56.0, ""volume"": 6275, ""volume_prev"": 6275, ""oi"": 13262, ""oi_prev"": 11164, ""oi_change"": 2098, ""last_price"": 0.46, ""iv"": 0.5403, ""delta"": -0.325}, {""contract_symbol"": ""SLV261016P00050000"", ""expiration"": ""2026-10-16"", ""type"": ""put"", ""strike"": 50.0, ""volume"": 2687, ""volume_prev"": 2687, ""oi"": 21038, ""oi_prev"": 18987, ""oi_change"": 2051, ""last_price"": 0.45, ""iv"": 0.4283, ""delta"": -0.125}, {""contract_symbol"": ""SLV260921P00058000"", ""expiration"": ""2026-09-21"", ""type"": ""put"", ""strike"": 58.0, ""volume"": 2155, ""volume_prev"": 2155, ""oi"": 2198, ""oi_prev"": 177, ""oi_change"": 2021, ""last_price"": 1.63, ""iv"": 0.3997, ""delta"": -0.639}, {""contract_symbol"": ""SLV260921P00057000"", ""expiration"": ""2026-09-21"", ""type"": ""put"", ""strike"": 57.0, ""volume"": 1887, ""volume_prev"": 1887, ""oi"": 1863, ""oi_prev"": 409, ""oi_change"": 1454, ""last_price"": 1.05, ""iv"": 0.4036, ""delta"": -0.494}]"
2026-09-18,晚报,cboe,58.970001220703125,1.4532246891975646,0.45433505995361073,0.8526025355949568,0.45940705127340004,58.0,57.0,0.44395,0.3868,0.8712692870818786,-2.46549339450321,1.85687633938113,10163920.060000008,7521386.820000002,"[{""strike"": 60.0, ""type"": ""call"", ""oi"": 99970}, {""strike"": 60.0, ""type"": ""put"", ""oi"": 48741}, {""strike"": 57.0, ""type"": ""put"", ""oi"": 22274}]","[{""contract_symbol"": ""SLV261002C00067000"", ""expiration"": ""2026-10-02"", ""dte"": 14, ""type"": ""call"", ""strike"": 67.0, ""volume"": 4253, ""open_interest"": 143, ""volume_prev"": 4253, ""volume_ratio"": 1.0, ""oi_prev"": 143, ""oi_change"": 0, ""oi_change_pct"": 0.0, ""flow"": ""换手"", ""vol_oi_ratio"": 29.74, ""premium"": 978.0, ""iv"": 0.458, ""delta"": 0.095, ""score"": 137.7}, {""contract_symbol"": ""SLV260923C00065000"", ""expiration"": ""2026-09-23"", ""dte"": 5, ""type"": ""call"", ""strike"": 65.0, ""volume"": 1992, ""open_interest"": 81, ""volume_prev"": 1992, ""volume_ratio"": 1.0, ""oi_prev"": 81, ""oi_change"": 0, ""oi_change_pct"": 0.0, ""flow"": ""换手"", ""vol_oi_ratio"": 24.59, ""premium"": 159.0, ""iv"": 0.4658, ""delta"": 0.057, ""score"": 101.5}, {""contract_symbol"": ""SLV261023C00100000"", ""expiration"": ""2026-10-23"", ""dte"": 35, ""type"": ""call"", ""strike"": 100.0, ""volume"": 746, ""open_interest"": 32, ""volume_prev"": 746, ""volume_ratio"": 1.0, ""oi_prev"": 32, ""oi_change"": 0, ""oi_change_pct"": 0.0, ""flow"": ""换手"", ""vol_oi_ratio"": 23.31, ""premium"": 56.0, ""iv"": 0.7448, ""delta"": 0.019, ""score"": 80.8}, {""contract_symbol"": ""SLV260921P00059000"", ""expiration"": ""2026-09-21"", ""dte"": 3, ""type"": ""put"", ""strike"": 59.0, ""volume"": 2670, ""open_interest"": 369, ""volume_prev"": 2670, ""volume_ratio"": 1.0, ""oi_prev"": 369, ""oi_change"": 0, ""oi_change_pct"": 0.0, ""flow"": ""换手"", ""vol_oi_ratio"": 7.24, ""premium"": 2109.0, ""iv"": 0.3115, ""delta"": -0.503, ""score"": 55.4}, {""contract_symbol"": ""SLV260921C00073000"", ""expiration"": ""2026-09-21"", ""dte"": 3, ""type"": ""call"", ""strike"": 73.0, ""volume"": 2331, ""open_interest"": 2, ""volume_prev"": 2331, ""volume_ratio"": 1.0, ""oi_prev"": 2, ""oi_change"": 0, ""oi_change_pct"": 0.0, ""flow"": ""换手"", ""vol_oi_ratio"": 1165.5, ""premium"": 12.0, ""iv"": 0.7509, ""delta"": 0.009, ""score"": 50.8}]",[]
2026-09-18,早报,cboe,59.95,0.667065868263473,0.4136407958995049,1.3693522590963614,0.44079224809129075,56.0,57.0,0.4699,0.38565,0.8207065333049585,-2.2856601662922085,1.0592160133444537,21495018.650000006,9464092.78,"[{""strike"": 60.0, ""type"": ""call"", ""oi"": 106695}, {""strike"": 60.0, ""type"": ""put"", ""oi"": 51170}, {""strike"": 62.0, ""type"": ""call"", ""oi"": 31726}]","[{""contract_symbol"": ""SLV261023P00051000"", ""expiration"": ""2026-10-23"", ""dte"": 35, ""type"": ""put"", ""strike"": 51.0, ""volume"": 2145, ""open_interest"": 299, ""volume_prev"": 45, ""volume_ratio"": 47.7, ""oi_prev"": 303, ""oi_change"": -4, ""oi_change_pct"": -1.3, ""flow"": ""平仓"", ""vol_oi_ratio"": 7.17, ""premium"": 719.0, ""iv"": 0.4153, ""delta"": -0.09, ""score"": 47.2}, {""contract_symbol"": ""SLV260925P00061000"", ""expiration"": ""2026-09-25"", ""dte"": 7, ""type"": ""put"", ""strike"": 61.0, ""volume"": 1005, ""open_interest"": 249, ""volume_prev"": 111, ""volume_ratio"": 9.1, ""oi_prev"": 220, ""oi_change"": 29, ""oi_change_pct"": 13.2, ""flow"": ""开仓"", ""vol_oi_ratio"": 4.04, ""premium"": 1804.0, ""iv"": 0.3664, ""delta"": -0.617, ""score"": 30.3}]","[{""contract_symbol"": ""SLV261016P00056000"", ""expiration"": ""2026-10-16"", ""type"": ""put"", ""strike"": 56.0, ""volume"": 79, ""volume_prev"": 7543, ""oi"": 8570, ""oi_prev"": 2178, ""oi_change"": 6392, ""last_price"": 0.96, ""iv"": 0.3854, ""delta"": -0.237}, {""contract_symbol"": ""SLV261016C00060000"", ""expiration"": ""2026-10-16"", ""type"": ""call"", ""strike"": 60.0, ""volume"": 483, ""volume_prev"": 16572, ""oi"": 49669, ""oi_prev"": 44636, ""oi_change"": 5033, ""last_price"": 2.62, ""iv"": 0.3856, ""delta"": 0.531}, {""contract_symbol"": ""SLV261016C00066000"", ""expiration"": ""2026-10-16"", ""type"": ""call"", ""strike"": 66.0, ""volume"": 3, ""volume_prev"": 5081, ""oi"": 7362, ""oi_prev"": 3118, ""oi_change"": 4244, ""last_price"": 0.86, ""iv"": 0.4143, ""delta"": 0.23}, {""contract_symbol"": ""SLV261002C00067000"", ""expiration"": ""2026-10-02"", ""type"": ""call"", ""strike"": 67.0, ""volume"": 95, ""volume_prev"": 4253, ""oi"": 4247, ""oi_prev"": 143, ""oi_change"": 4104, ""last_price"": 0.26, ""iv"": 0.4347, ""delta"": 0.112}, {""contract_symbol"": ""SLV261016C00068000"", ""expiration"": ""2026-10-16"", ""type"": ""call"", ""strike"": 68.0, ""volume"": 16, ""volume_prev"": 4486, ""oi"": 6280, ""oi_prev"": 2265, ""oi_change"": 4015, ""last_price"": 0.6, ""iv"": 0.4307, ""delta"": 0.17}]"
2026-09-19,晚报,cboe,59.93000030517578,0.361738837688844,0.719581913726396,0.5839357496845149,0.46972210094330324,58.0,57.0,0.23545,0.36445000000000005,1.5478870248460397,-0.659922133672966,1.7103287081269662,10551162.229999993,4261162.770000004,"[{""strike"": 60.0, ""type"": ""call"", ""oi"": 63186}, {""strike"": 60.0, ""type"": ""put"", ""oi"": 37089}, {""strike"": 57.0, ""type"": ""put"", ""oi"": 15874}]","[{""contract_symbol"": ""SLV260928C00062500"", ""expiration"": ""2026-09-28"", ""dte"": 9, ""type"": ""call"", ""strike"": 62.5, ""volume"": 2159, ""open_interest"": 26, ""volume_prev"": 2159, ""volume_ratio"": 1.0, ""oi_prev"": 26, ""oi_change"": 0, ""oi_change_pct"": 0.0, ""flow"": ""换手"", ""vol_oi_ratio"": 83.04, ""premium"": 896.0, ""iv"": 0.3186, ""delta"": 0.233, ""score"": 136.0}, {""contract_symbol"": ""SLV260928P00060500"", ""expiration"": ""2026-09-28"", ""dte"": 9, ""type"": ""put"", ""strike"": 60.5, ""volume"": 583, ""open_interest"": 8, ""volume_prev"": 583, ""volume_ratio"": 1.0, ""oi_prev"": 8, ""oi_change"": 0, ""oi_change_pct"": 0.0, ""flow"": ""换手"", ""vol_oi_ratio"": 72.88, ""premium"": 860.0, ""iv"": 0.3078, ""delta"": -0.552, ""score"": 135.2}, {""contract_symbol"": ""SLV260928P00052500"", ""expiration"": ""2026-09-28"", ""dte"": 9, ""type"": ""put"", ""strike"": 52.5, ""volume"": 1537, ""open_interest"": 12, ""volume_prev"": 1537, ""volume_ratio"": 1.0, ""oi_prev"": 12, ""oi_change"": 0, ""oi_change_pct"": 0.0, ""flow"": ""换手"", ""vol_oi_ratio"": 128.08, ""premium"": 61.0, ""iv"": 0.4209, ""delta"": -0.026, ""score"": 82.7}, {""contract_symbol"": ""SLV261023P00057500"", ""expiration"": ""2026-10-23"", ""dte"": 34, ""type"": ""put"", ""strike"": 57.5, ""volume"": 2794, ""open_interest"": 327, ""volume_prev"": 2794, ""volume_ratio"": 1.0, ""oi_prev"": 327, ""oi_change"": 0, ""oi_change_pct"": 0.0, ""flow"": ""换手"", ""vol_oi_ratio"": 8.54, ""premium"": 4317.0, ""iv"": 0.3685, ""delta"": -0.326, ""score"": 71.5}, {""contract_symbol"": ""SLV260921P00060500"", ""expiration"": ""2026-09-21"", ""dte"": 2, ""type"": ""put"", ""strike"": 60.5, ""volume"": 660, ""open_interest"": 59, ""volume_prev"": 660, ""volume_ratio"": 1.0, ""oi_prev"": 59, ""oi_change"": 0, ""oi_change_pct"": 0.0, ""flow"": ""换手"", ""vol_oi_ratio"": 11.19, ""premium"": 541.0, ""iv"": 0.241, ""delta"": -0.646, ""score"": 70.4}]",[]
2026-09-19,早报,cboe,59.93,0.361738837688844,0.719581913726396,0.5839357496845149,0.46972210094330324,58.0,57.0,0.23545,0.36445000000000005,1.5478870248460397,-0.659922133672966,1.7103287168363088,10551162.229999993,4261162.770000004,"[{""strike"": 60.0, ""type"": ""call"", ""oi"": 63186}, {""strike"": 60.0, ""type"": ""put"", ""oi"": 37089}, {""strike"": 57.0, ""type"": ""put"", ""oi"": 15874}]","[{""contract_symbol"": ""SLV260928C00062500"", ""expiration"": ""2026-09-28"", ""dte"": 9, ""type"": ""call"", ""strike"": 62.5, ""volume"": 2159, ""open_interest"": 26, ""volume_prev"": 2159, ""volume_ratio"": 1.0, ""oi_prev"": 26, ""oi_change"": 0, ""oi_change_pct"": 0.0, ""flow"": ""换手"", ""vol_oi_ratio"": 83.04, ""premium"": 896.0, ""iv"": 0.3186, ""delta"": 0.233, ""score"": 136.0}, {""contract_symbol"": ""SLV260928P00060500"", ""expiration"": ""2026-09-28"", ""dte"": 9, ""type"": ""put"", ""strike"": 60.5, ""volume"": 583, ""open_interest"": 8, ""volume_prev"": 583, ""volume_ratio"": 1.0, ""oi_prev"": 8, ""oi_change"": 0, ""oi_change_pct"": 0.0, ""flow"": ""换手"", ""vol_oi_ratio"": 72.88, ""premium"": 860.0, ""iv"": 0.3078, ""delta"": -0.552, ""score"": 135.2}, {""contract_symbol"": ""SLV260928P00052500"", ""expiration"": ""2026-09-28"", ""dte"": 9, ""type"": ""put"", ""strike"": 52.5, ""volume"": 1537, ""open_interest"": 12, ""volume_prev"": 1537, ""volume_ratio"": 1.0, ""oi_prev"": 12, ""oi_change"": 0, ""oi_change_pct"": 0.0, ""flow"": ""换手"", ""vol_oi_ratio"": 128.08, ""premium"": 61.0, ""iv"": 0.4209, ""delta"": -0.026, ""score"": 82.7}, {""contract_symbol"": ""SLV261023P00057500"", ""expiration"": ""2026-10-23"", ""dte"": 34, ""type"": ""put"", ""strike"": 57.5, ""volume"": 2794, ""open_interest"": 327, ""volume_prev"": 2794, ""volume_ratio"": 1.0, ""oi_prev"": 327, ""oi_change"": 0, ""oi_change_pct"": 0.0, ""flow"": ""换手"", ""vol_oi_ratio"": 8.54, ""premium"": 4317.0, ""iv"": 0.3685, ""delta"": -0.326, ""score"": 71.5}, {""contract_symbol"": ""SLV260921P00060500"", ""expiration"": ""2026-09-21"", ""dte"": 2, ""type"": ""put"", ""strike"": 60.5, ""volume"": 660, ""open_interest"": 59, ""volume_prev"": 660, ""volume_ratio"": 1.0, ""oi_prev"": 59, ""oi_change"": 0, ""oi_change_pct"": 0.0, ""flow"": ""换手"", ""vol_oi_ratio"": 11.19, ""premium"": 541.0, ""iv"": 0.241, ""delta"": -0.646, ""score"": 70.4}]",[]
2026-09-21,早报,cboe,60.22,0.361738837688844,0.5319744725188851,0.5856639497715028,0.48074494049195493,58.5,58.5,0.23545,0.3733,1.5854746230622214,-0.659922133672966,1.7020923281301892,11066702.23,4993754.650000013,"[{""strike"": 60.0, ""type"": ""call"", ""oi"": 72771}, {""strike"": 60.0, ""type"": ""put"", ""oi"": 44015}, {""strike"": 63.0, ""type"": ""call"", ""oi"": 24389}]","[{""contract_symbol"": ""SLV260921P00060000"", ""expiration"": ""2026-09-21"", ""dte"": 0, ""type"": ""put"", ""strike"": 60.0, ""volume"": 1585, ""open_interest"": 697, ""volume_prev"": 1585, ""volume_ratio"": 1.0, ""oi_prev"": 170, ""oi_change"": 527, ""oi_change_pct"": 310.0, ""flow"": ""开仓"", ""vol_oi_ratio"": 2.27, ""premium"": 816.0, ""iv"": 0.2348, ""delta"": -0.499, ""score"": 15.2}, {""contract_symbol"": ""SLV260921C00060500"", ""expiration"": ""2026-09-21"", ""dte"": 0, ""type"": ""call"", ""strike"": 60.5, ""volume"": 3272, ""open_interest"": 1616, ""volume_prev"": 3272, ""volume_ratio"": 1.0, ""oi_prev"": 352, ""oi_change"": 1264, ""oi_change_pct"": 359.1, ""flow"": ""开仓"", ""vol_oi_ratio"": 2.02, ""premium"": 1014.0, ""iv"": 0.2404, ""delta"": 0.356, ""score"": 14.0}, {""contract_symbol"": ""SLV260921P00059500"", ""expiration"": ""2026-09-21"", ""dte"": 0, ""type"": ""put"", ""strike"": 59.5, ""volume"": 1185, ""open_interest"": 600, ""volume_prev"": 1185, ""volume_ratio"": 1.0, ""oi_prev"": 122, ""oi_change"": 478, ""oi_change_pct"": 391.8, ""flow"": ""开仓"", ""vol_oi_ratio"": 1.98, ""premium"": 367.0, ""iv"": 0.2398, ""delta"": -0.35, ""score"": 11.7}, {""contract_symbol"": ""SLV260921C00060000"", ""expiration"": ""2026-09-21"", ""dte"": 0, ""type"": ""call"", ""strike"": 60.0, ""volume"": 2785, ""open_interest"": 1925, ""volume_prev"": 2785, ""volume_ratio"": 1.0, ""oi_prev"": 1361, ""oi_change"": 564, ""oi_change_pct"": 41.4, ""flow"": ""开仓"", ""vol_oi_ratio"": 1.45, ""premium"": 1420.0, ""iv"": 0.2361, ""delta"": 0.502, ""score"": 10.5}, {""contract_symbol"": ""SLV261023C00061000"", ""expiration"": ""2026-10-23"", ""dte"": 32, ""type"": ""call"", ""strike"": 61.0, ""volume"": 621, ""open_interest"": 512, ""volume_prev"": 621, ""volume_ratio"": 1.0, ""oi_prev"": 341, ""oi_change"": 171, ""oi_change_pct"": 50.1, ""flow"": ""开仓"", ""vol_oi_ratio"": 1.21, ""premium"": 1506.0, ""iv"": 0.3762, ""delta"": 0.479, ""score"": 8.9}]","[{""contract_symbol"": ""SLV261002C00060000"", ""expiration"": ""2026-10-02"", ""type"": ""call"", ""strike"": 60.0, ""volume"": 5841, ""volume_prev"": 5841, ""oi"": 5926, ""oi_prev"": 873, ""oi_change"": 5053, ""last_price"": 1.6, ""iv"": 0.3476, ""delta"": 0.521}, {""contract_symbol"": ""SLV261016C00062000"", ""expiration"": ""2026-10-16"", ""type"": ""call"", ""strike"": 62.0, ""volume"": 5333, ""volume_prev"": 5333, ""oi"": 9973, ""oi_prev"": 5851, ""oi_change"": 4122, ""last_price"": 1.66, ""iv"": 0.3743, ""delta"": 0.406}, {""contract_symbol"": ""SLV261016P00059000"", ""expiration"": ""2026-10-16"", ""type"": ""put"", ""strike"": 59.0, ""volume"": 4406, ""volume_prev"": 4406, ""oi"": 6443, ""oi_prev"": 2621, ""oi_change"": 3822, ""last_price"": 1.88, ""iv"": 0.3636, ""delta"": -0.407}, {""contract_symbol"": ""SLV261016P00060000"", ""expiration"": ""2026-10-16"", ""type"": ""put"", ""strike"": 60.0, ""volume"": 4686, ""volume_prev"": 4686, ""oi"": 35979, ""oi_prev"": 32427, ""oi_change"": 3552, ""last_price"": 2.39, ""iv"": 0.3652, ""delta"": -0.473}, {""contract_symbol"": ""SLV260921C00070000"", ""expiration"": ""2026-09-21"", ""type"": ""call"", ""strike"": 70.0, ""volume"": 3569, ""volume_prev"": 3569, ""oi"": 3587, ""oi_prev"": 253, ""oi_change"": 3334, ""last_price"": 0.01, ""iv"": 0.6478, ""delta"": 0.005}]"
2026-09-21,晚报,cboe,59.630001068115234,0.43928017752378634,0.5319744725188851,0.5910683248831534,0.48074494049195493,58.5,58.5,0.293,0.35845,1.2233788395904437,-43.774967643615454,0.20124098247612676,8994199.180000002,4985518.819999995,"[{""strike"": 60.0, ""type"": ""call"", ""oi"": 72771}, {""strike"": 60.0, ""type"": ""put"", ""oi"": 44015}, {""strike"": 62.0, ""type"": ""call"", ""oi"": 21752}]","[{""contract_symbol"": ""SLV260928P00056000"", ""expiration"": ""2026-09-28"", ""dte"": 7, ""type"": ""put"", ""strike"": 56.0, ""volume"": 1309, ""open_interest"": 56, ""volume_prev"": 20, ""volume_ratio"": 65.5, ""oi_prev"": 50, ""oi_change"": 6, ""oi_change_pct"": 12.0, ""flow"": ""开仓"", ""vol_oi_ratio"": 23.38, ""premium"": 151.0, ""iv"": 0.3426, ""delta"": -0.088, ""score"": 100.4}, {""contract_symbol"": ""SLV260921C00059500"", ""expiration"": ""2026-09-21"", ""dte"": 0, ""type"": ""call"", ""strike"": 59.5, ""volume"": 6063, ""open_interest"": 654, ""volume_prev"": 876, ""volume_ratio"": 6.9, ""oi_prev"": 278, ""oi_change"": 376, ""oi_change_pct"": 135.3, ""flow"": ""开仓"", ""vol_oi_ratio"": 9.27, ""premium"": 697.0, ""iv"": null, ""delta"": 0.89, ""score"": 60.7}, {""contract_symbol"": ""SLV260923P00059000"", ""expiration"": ""2026-09-23"", ""dte"": 2, ""type"": ""put"", ""strike"": 59.0, ""volume"": 2001, ""open_interest"": 333, ""volume_prev"": 253, ""volume_ratio"": 7.9, ""oi_prev"": 248, ""oi_change"": 85, ""oi_change_pct"": 34.3, ""flow"": ""开仓"", ""vol_oi_ratio"": 6.01, ""premium"": 720.0, ""iv"": 0.3555, ""delta"": -0.34, ""score"": 39.5}, {""contract_symbol"": ""SLV260921P00059500"", ""expiration"": ""2026-09-21"", ""dte"": 0, ""type"": ""put"", ""strike"": 59.5, ""volume"": 6330, ""open_interest"": 600, ""volume_prev"": 1185, ""volume_ratio"": 5.3, ""oi_prev"": 122, ""oi_change"": 478, ""oi_change_pct"": 391.8, ""flow"": ""开仓"", ""vol_oi_ratio"": 10.55, ""premium"": 32.0, ""iv"": 0.293, ""delta"": -0.11, ""score"": 36.8}, {""contract_symbol"": ""SLV261023C00061000"", ""expiration"": ""2026-10-23"", ""dte"": 32, ""type"": ""call"", ""strike"": 61.0, ""volume"": 2230, ""open_interest"": 512, ""volume_prev"": 621, ""volume_ratio"": 3.6, ""oi_prev"": 341, ""oi_change"": 171, ""oi_change_pct"": 50.1, ""flow"": ""开仓"", ""vol_oi_ratio"": 4.36, ""premium"": 4560.0, ""iv"": 0.3644, ""delta"": 0.45, ""score"": 36.7}]","[{""contract_symbol"": ""SLV261002C00060000"", ""expiration"": ""2026-10-02"", ""type"": ""call"", ""strike"": 60.0, ""volume"": 2131, ""volume_prev"": 5841, ""oi"": 5926, ""oi_prev"": 873, ""oi_change"": 5053, ""last_price"": 1.34, ""iv"": 0.3477, ""delta"": 0.479}, {""contract_symbol"": ""SLV261016C00062000"", ""expiration"": ""2026-10-16"", ""type"": ""call"", ""strike"": 62.0, ""volume"": 1671, ""volume_prev"": 5333, ""oi"": 9973, ""oi_prev"": 5851, ""oi_change"": 4122, ""last_price"": 1.38, ""iv"": 0.3646, ""delta"": 0.37}, {""contract_symbol"": ""SLV261016P00059000"", ""expiration"": ""2026-10-16"", ""type"": ""put"", ""strike"": 59.0, ""volume"": 3516, ""volume_prev"": 4406, ""oi"": 6443, ""oi_prev"": 2621, ""oi_change"": 3822, ""last_price"": 1.79, ""iv"": 0.3513, ""delta"": -0.428}, {""contract_symbol"": ""SLV261016P00060000"", ""expiration"": ""2026-10-16"", ""type"": ""put"", ""strike"": 60.0, ""volume"": 1120, ""volume_prev"": 4686, ""oi"": 35979, ""oi_prev"": 32427, ""oi_change"": 3552, ""last_price"": 2.29, ""iv"": 0.3543, ""delta"": -0.501}, {""contract_symbol"": ""SLV260921C00070000"", ""expiration"": ""2026-09-21"", ""type"": ""call"", ""strike"": 70.0, ""volume"": 3571, ""volume_prev"": 3569, ""oi"": 3587, ""oi_prev"": 253, ""oi_change"": 3334, ""last_price"": 0.01, ""iv"": 0.0, ""delta"": 0.0, ""volume_source"": ""yfinance""}]"
2026-09-22,晚报,cboe,59.630001068115234,0.5803826234013317,0.926024892764222,0.6549663450464515,0.47909051907247496,59.0,58.5,0.3544,0.35845,1.0114277652370203,-0.43922783738001847,2.104645275062826,8363884.289999998,4622062.589999992,"[{""strike"": 60.0, ""type"": ""call"", ""oi"": 70846}, {""strike"": 60.0, ""type"": ""put"", ""oi"": 43318}, {""strike"": 62.0, ""type"": ""call"", ""oi"": 18658}]","[{""contract_symbol"": ""SLV260928P00056000"", ""expiration"": ""2026-09-28"", ""dte"": 6, ""type"": ""put"", ""strike"": 56.0, ""volume"": 1309, ""open_interest"": 56, ""volume_prev"": 1309, ""volume_ratio"": 1.0, ""oi_prev"": 56, ""oi_change"": 0, ""oi_change_pct"": 0.0, ""flow"": ""换手"", ""vol_oi_ratio"": 23.38, ""premium"": 151.0, ""iv"": 0.3428, ""delta"": -0.088, ""score"": 100.4}, {""contract_symbol"": ""SLV260923P00059000"", ""expiration"": ""2026-09-23"", ""dte"": 1, ""type"": ""put"", ""strike"": 59.0, ""volume"": 2001, ""open_interest"": 333, ""volume_prev"": 2001, ""volume_ratio"": 1.0, ""oi_prev"": 333, ""oi_change"": 0, ""oi_change_pct"": 0.0, ""flow"": ""换手"", ""vol_oi_ratio"": 6.01, ""premium"": 720.0, ""iv"": 0.3559, ""delta"": -0.34, ""score"": 39.5}, {""contract_symbol"": ""SLV261023C00061000"", ""expiration"": ""2026-10-23"", ""dte"": 31, ""type"": ""call"", ""strike"": 61.0, ""volume"": 2230, ""open_interest"": 512, ""volume_prev"": 2230, ""volume_ratio"": 1.0, ""oi_prev"": 512, ""oi_change"": 0, ""oi_change_pct"": 0.0, ""flow"": ""换手"", ""vol_oi_ratio"": 4.36, ""premium"": 4560.0, ""iv"": 0.3645, ""delta"": 0.45, ""score"": 36.7}, {""contract_symbol"": ""SLV260923C00072000"", ""expiration"": ""2026-09-23"", ""dte"": 1, ""type"": ""call"", ""strike"": 72.0, ""volume"": 1003, ""open_interest"": 3, ""volume_prev"": 1003, ""volume_ratio"": 1.0, ""oi_prev"": 3, ""oi_change"": 0, ""oi_change_pct"": 0.0, ""flow"": ""换手"", ""vol_oi_ratio"": 334.33, ""premium"": 5.0, ""iv"": 0.9479, ""delta"": 0.006, ""score"": 35.9}, {""contract_symbol"": ""SLV260923C00061000"", ""expiration"": ""2026-09-23"", ""dte"": 1, ""type"": ""call"", ""strike"": 61.0, ""volume"": 1841, ""open_interest"": 454, ""volume_prev"": 1841, ""volume_ratio"": 1.0, ""oi_prev"": 454, ""oi_change"": 0, ""oi_change_pct"": 0.0, ""flow"": ""换手"", ""vol_oi_ratio"": 4.06, ""premium"": 350.0, ""iv"": 0.3663, ""delta"": 0.207, ""score"": 23.8}]",[]
2026-09-22,早报,cboe,59.51,0.5803826234013317,0.7132213062777425,0.6549663450464515,0.4881719530936892,59.0,59.0,0.35450000000000004,0.35845,1.0111424541607896,-0.5033060326585848,2.108889262308856,8629330.76000001,5076503.829999995,"[{""strike"": 60.0, ""type"": ""call"", ""oi"": 76306}, {""strike"": 60.0, ""type"": ""put"", ""oi"": 44288}, {""strike"": 62.0, ""type"": ""call"", ""oi"": 22551}]","[{""contract_symbol"": ""SLV261023C00061000"", ""expiration"": ""2026-10-23"", ""dte"": 31, ""type"": ""call"", ""strike"": 61.0, ""volume"": 2230, ""open_interest"": 723, ""volume_prev"": 2230, ""volume_ratio"": 1.0, ""oi_prev"": 512, ""oi_change"": 211, ""oi_change_pct"": 41.2, ""flow"": ""开仓"", ""vol_oi_ratio"": 3.08, ""premium"": 4560.0, ""iv"": 0.3644, ""delta"": 0.45, ""score"": 26.0}, {""contract_symbol"": ""SLV260923P00059000"", ""expiration"": ""2026-09-23"", ""dte"": 1, ""type"": ""put"", ""strike"": 59.0, ""volume"": 2001, ""open_interest"": 1528, ""volume_prev"": 2001, ""volume_ratio"": 1.0, ""oi_prev"": 333, ""oi_change"": 1195, ""oi_change_pct"": 358.9, ""flow"": ""开仓"", ""vol_oi_ratio"": 1.31, ""premium"": 720.0, ""iv"": 0.3555, ""delta"": -0.34, ""score"": 8.6}, {""contract_symbol"": ""SLV260923C00060000"", ""expiration"": ""2026-09-23"", ""dte"": 1, ""type"": ""call"", ""strike"": 60.0, ""volume"": 2456, ""open_interest"": 2049, ""volume_prev"": 2456, ""volume_ratio"": 1.0, ""oi_prev"": 818, ""oi_change"": 1231, ""oi_change_pct"": 150.5, ""flow"": ""开仓"", ""vol_oi_ratio"": 1.2, ""premium"": 1154.0, ""iv"": 0.3605, ""delta"": 0.413, ""score"": 8.5}, {""contract_symbol"": ""SLV260923P00059500"", ""expiration"": ""2026-09-23"", ""dte"": 1, ""type"": ""put"", ""strike"": 59.5, ""volume"": 918, ""open_interest"": 689, ""volume_prev"": 918, ""volume_ratio"": 1.0, ""oi_prev"": 407, ""oi_change"": 282, ""oi_change_pct"": 69.3, ""flow"": ""开仓"", ""vol_oi_ratio"": 1.33, ""premium"": 514.0, ""iv"": 0.3526, ""delta"": -0.463, ""score"": 8.3}, {""contract_symbol"": ""SLV260923C00061000"", ""expiration"": ""2026-09-23"", ""dte"": 1, ""type"": ""call"", ""strike"": 61.0, ""volume"": 1841, ""open_interest"": 1472, ""volume_prev"": 1841, ""volume_ratio"": 1.0, ""oi_prev"": 454, ""oi_change"": 1018, ""oi_change_pct"": 224.2, ""flow"": ""开仓"", ""vol_oi_ratio"": 1.25, ""premium"": 350.0, ""iv"": 0.3665, ""delta"": 0.209, ""score"": 7.3}]","[{""contract_symbol"": ""SLV261002P00056000"", ""expiration"": ""2026-10-02"", ""type"": ""put"", ""strike"": 56.0, ""volume"": 2945, ""volume_prev"": 2945, ""oi"": 3759, ""oi_prev"": 833, ""oi_change"": 2926, ""last_price"": 0.28, ""iv"": 0.3542, ""delta"": -0.145}, {""contract_symbol"": ""SLV260923C00062000"", ""expiration"": ""2026-09-23"", ""type"": ""call"", ""strike"": 62.0, ""volume"": 3625, ""volume_prev"": 3625, ""oi"": 3604, ""oi_prev"": 868, ""oi_change"": 2736, ""last_price"": 0.07, ""iv"": 0.3939, ""delta"": 0.096}, {""contract_symbol"": ""SLV261016P00059000"", ""expiration"": ""2026-10-16"", ""type"": ""put"", ""strike"": 59.0, ""volume"": 3516, ""volume_prev"": 3516, ""oi"": 9141, ""oi_prev"": 6443, ""oi_change"": 2698, ""last_price"": 1.79, ""iv"": 0.3513, ""delta"": -0.428}, {""contract_symbol"": ""SLV261002C00060000"", ""expiration"": ""2026-10-02"", ""type"": ""call"", ""strike"": 60.0, ""volume"": 2131, ""volume_prev"": 2131, ""oi"": 7607, ""oi_prev"": 5926, ""oi_change"": 1681, ""last_price"": 1.34, ""iv"": 0.3477, ""delta"": 0.479}, {""contract_symbol"": ""SLV261002P00059000"", ""expiration"": ""2026-10-02"", ""type"": ""put"", ""strike"": 59.0, ""volume"": 1499, ""volume_prev"": 1499, ""oi"": 1938, ""oi_prev"": 609, ""oi_change"": 1329, ""last_price"": 1.08, ""iv"": 0.3435, ""delta"": -0.413}]"
2026-09-23,晚报,cboe,60.72999954223633,0.3903314061532108,0.7132213062777425,0.35978371383676866,0.4881719530936892,59.0,59.0,0.40815,0.3752,0.9192698762709787,-3.8819125816993427,1.7124979546174768,13470330.950000005,5032497.420000003,"[{""strike"": 60.0, ""type"": ""call"", ""oi"": 76306}, {""strike"": 60.0, ""type"": ""put"", ""oi"": 44288}, {""strike"": 63.0, ""type"": ""call"", ""oi"": 24644}]","[{""contract_symbol"": ""SLV261009C00069000"", ""expiration"": ""2026-10-09"", ""dte"": 16, ""type"": ""call"", ""strike"": 69.0, ""volume"": 5656, ""open_interest"": 278, ""volume_prev"": 5656, ""volume_ratio"": 1.0, ""oi_prev"": 278, ""oi_change"": 0, ""oi_change_pct"": 0.0, ""flow"": ""换手"", ""vol_oi_ratio"": 20.35, ""premium"": 1753.0, ""iv"": 0.4651, ""delta"": 0.112, ""score"": 149.4}, {""contract_symbol"": ""SLV261016C00061500"", ""expiration"": ""2026-10-16"", ""dte"": 23, ""type"": ""call"", ""strike"": 61.5, ""volume"": 647, ""open_interest"": 30, ""volume_prev"": 647, ""volume_ratio"": 1.0, ""oi_prev"": 30, ""oi_change"": 0, ""oi_change_pct"": 0.0, ""flow"": ""换手"", ""vol_oi_ratio"": 21.57, ""premium"": 1304.0, ""iv"": 0.3806, ""delta"": 0.469, ""score"": 143.5}, {""contract_symbol"": ""SLV260928C00063500"", ""expiration"": ""2026-09-28"", ""dte"": 5, ""type"": ""call"", ""strike"": 63.5, ""volume"": 749, ""open_interest"": 31, ""volume_prev"": 749, ""volume_ratio"": 1.0, ""oi_prev"": 31, ""oi_change"": 0, ""oi_change_pct"": 0.0, ""flow"": ""换手"", ""vol_oi_ratio"": 24.16, ""premium"": 195.0, ""iv"": 0.3734, ""delta"": 0.173, ""score"": 105.5}, {""contract_symbol"": ""SLV261002P00063000"", ""expiration"": ""2026-10-02"", ""dte"": 9, ""type"": ""put"", ""strike"": 63.0, ""volume"": 1562, ""open_interest"": 170, ""volume_prev"": 1562, ""volume_ratio"": 1.0, ""oi_prev"": 170, ""oi_change"": 0, ""oi_change_pct"": 0.0, ""flow"": ""换手"", ""vol_oi_ratio"": 9.19, ""premium"": 4803.0, ""iv"": 0.4, ""delta"": -0.703, ""score"": 77.9}, {""contract_symbol"": ""SLV260928C00067000"", ""expiration"": ""2026-09-28"", ""dte"": 5, ""type"": ""call"", ""strike"": 67.0, ""volume"": 505, ""open_interest"": 13, ""volume_prev"": 505, ""volume_ratio"": 1.0, ""oi_prev"": 13, ""oi_change"": 0, ""oi_change_pct"": 0.0, ""flow"": ""换手"", ""vol_oi_ratio"": 38.85, ""premium"": 35.0, ""iv"": 0.4622, ""delta"": 0.045, ""score"": 71.9}]",[]
2026-09-23,早报,cboe,60.73,0.3903314061532108,0.7132213062777425,0.35978371383676866,0.4881719530936892,59.0,59.0,0.40815,0.3752,0.9192698762709787,-3.8819125816993427,1.7124979417092048,13470330.950000005,5032497.420000003,"[{""strike"": 60.0, ""type"": ""call"", ""oi"": 76306}, {""strike"": 60.0, ""type"": ""put"", ""oi"": 44288}, {""strike"": 63.0, ""type"": ""call"", ""oi"": 24644}]","[{""contract_symbol"": ""SLV261009C00069000"", ""expiration"": ""2026-10-09"", ""dte"": 16, ""type"": ""call"", ""strike"": 69.0, ""volume"": 5656, ""open_interest"": 278, ""volume_prev"": 5656, ""volume_ratio"": 1.0, ""oi_prev"": 278, ""oi_change"": 0, ""oi_change_pct"": 0.0, ""flow"": ""换手"", ""vol_oi_ratio"": 20.35, ""premium"": 1753.0, ""iv"": 0.4651, ""delta"": 0.112, ""score"": 149.4}, {""contract_symbol"": ""SLV261016C00061500"", ""expiration"": ""2026-10-16"", ""dte"": 23, ""type"": ""call"", ""strike"": 61.5, ""volume"": 647, ""open_interest"": 30, ""volume_prev"": 647, ""volume_ratio"": 1.0, ""oi_prev"": 30, ""oi_change"": 0, ""oi_change_pct"": 0.0, ""flow"": ""换手"", ""vol_oi_ratio"": 21.57, ""premium"": 1304.0, ""iv"": 0.3806, ""delta"": 0.469, ""score"": 143.5}, {""contract_symbol"": ""SLV260928C00063500"", ""expiration"": ""2026-09-28"", ""dte"": 5, ""type"": ""call"", ""strike"": 63.5, ""volume"": 749, ""open_interest"": 31, ""volume_prev"": 749, ""volume_ratio"": 1.0, ""oi_prev"": 31, ""oi_change"": 0, ""oi_change_pct"": 0.0, ""flow"": ""换手"", ""vol_oi_ratio"": 24.16, ""premium"": 195.0, ""iv"": 0.3734, ""delta"": 0.173, ""score"": 105.5}, {""contract_symbol"": ""SLV261002P00063000"", ""expiration"": ""2026-10-02"", ""dte"": 9, ""type"": ""put"", ""strike"": 63.0, ""volume"": 1562, ""open_interest"": 170, ""volume_prev"": 1562, ""volume_ratio"": 1.0, ""oi_prev"": 170, ""oi_change"": 0, ""oi_change_pct"": 0.0, ""flow"": ""换手"", ""vol_oi_ratio"": 9.19, ""premium"": 4803.0, ""iv"": 0.4, ""delta"": -0.703, ""score"": 77.9}, {""contract_symbol"": ""SLV260928C00067000"", ""expiration"": ""2026-09-28"", ""dte"": 5, ""type"": ""call"", ""strike"": 67.0, ""volume"": 505, ""open_interest"": 13, ""volume_prev"": 505, ""volume_ratio"": 1.0, ""oi_prev"": 13, ""oi_change"": 0, ""oi_change_pct"": 0.0, ""flow"": ""换手"", ""vol_oi_ratio"": 38.85, ""premium"": 35.0, ""iv"": 0.4622, ""delta"": 0.045, ""score"": 71.9}]",[]
